time,x,y,yaw
0.00006,0.00000,0.00000,0.00000
0.06686,0.00000,0.00000,0.00000
0.13353,0.00000,0.00000,0.00000
0.20024,0.00000,0.00000,0.00000
0.26688,0.00000,0.00000,0.00000
0.33359,0.00000,0.00000,0.00000
0.40026,0.00000,0.00000,0.00000
0.46687,0.00000,0.00000,0.00000
0.53361,0.00133,0.00000,0.00247
0.60028,0.00140,0.00000,0.00221
0.66696,0.00140,0.00000,0.00221
0.73355,0.00401,0.00001,-0.00103
0.80026,0.00596,0.00000,-0.00329
0.86687,0.00596,0.00000,-0.00329
0.93362,0.01306,-0.00007,-0.01788
1.00028,0.01586,-0.00013,-0.02626
1.06688,0.01586,-0.00013,-0.02626
1.13362,0.02295,-0.00040,-0.04771
1.20027,0.02519,-0.00052,-0.05503
1.26691,0.03011,-0.00084,-0.07245
1.33359,0.03283,-0.00105,-0.08246
1.40025,0.03520,-0.00126,-0.08844
1.46691,0.04069,-0.00178,-0.10206
1.53357,0.04317,-0.00204,-0.10784
1.60021,0.04623,-0.00238,-0.11488
1.66695,0.04939,-0.00276,-0.12250
1.73350,0.05188,-0.00307,-0.12794
1.80026,0.05505,-0.00349,-0.13549
1.86686,0.06083,-0.00433,-0.15060
1.93349,0.06342,-0.00473,-0.15706
2.00029,0.06708,-0.00533,-0.16643
2.06689,0.07258,-0.00630,-0.17949
2.13349,0.07502,-0.00675,-0.18493
2.20026,0.07820,-0.00736,-0.19299
2.26685,0.08370,-0.00848,-0.20596
2.33351,0.08608,-0.00899,-0.21179
2.40018,0.08916,-0.00966,-0.21918
2.46684,0.09401,-0.01078,-0.23068
2.53348,0.09712,-0.01152,-0.23779
2.60026,0.09958,-0.01213,-0.24367
2.66684,0.10495,-0.01351,-0.25685
2.73347,0.10777,-0.01426,-0.26385
2.80026,0.11021,-0.01493,-0.26957
2.86682,0.11541,-0.01641,-0.28194
2.93353,0.11823,-0.01725,-0.28857
3.00017,0.12048,-0.01792,-0.29335
3.06692,0.12513,-0.01934,-0.30051
3.13348,0.12765,-0.02013,-0.30455
3.20032,0.12973,-0.02079,-0.30791
3.26698,0.13223,-0.02159,-0.31173
3.33353,0.13223,-0.02159,-0.31173
3.40023,0.13223,-0.02159,-0.31173
3.46690,0.13989,-0.02411,-0.32300
3.53354,0.14422,-0.02558,-0.32888
3.60022,0.14566,-0.02607,-0.33073
3.66689,0.15059,-0.02777,-0.33412
3.73359,0.15395,-0.02894,-0.33643
3.80030,0.15582,-0.02959,-0.33733
3.86689,0.16108,-0.03144,-0.34016
3.93353,0.16349,-0.03230,-0.34109
4.00031,0.16651,-0.03337,-0.34223
4.06694,0.17174,-0.03523,-0.34376
4.13366,0.17405,-0.03606,-0.34382
4.20036,0.17664,-0.03698,-0.34288
4.26690,0.18132,-0.03864,-0.33851
4.33366,0.18319,-0.03928,-0.33484
4.40030,0.18555,-0.04009,-0.33068
4.46688,0.19000,-0.04159,-0.32568
4.53352,0.19222,-0.04233,-0.32301
4.60021,0.19339,-0.04272,-0.32223
4.66696,0.19838,-0.04435,-0.31585
4.73363,0.20010,-0.04490,-0.31203
4.80031,0.20329,-0.04592,-0.30672
4.86685,0.20794,-0.04734,-0.29459
4.93351,0.20832,-0.04744,-0.29021
5.00028,0.20991,-0.04790,-0.28402
5.06687,0.21110,-0.04822,-0.27165
5.13354,0.21088,-0.04815,-0.26698
5.20026,0.21245,-0.04856,-0.25582
5.26685,0.21415,-0.04895,-0.23480
5.33354,0.21448,-0.04901,-0.22741
5.40031,0.21640,-0.04943,-0.20998
5.46694,0.21783,-0.04970,-0.19294
5.53350,0.21898,-0.04991,-0.18168
5.60027,0.22068,-0.05020,-0.16634
5.66695,0.22208,-0.05042,-0.15142
5.73351,0.22342,-0.05060,-0.13842
5.80029,0.22454,-0.05075,-0.12772
5.86697,0.22681,-0.05101,-0.10576
5.93355,0.22798,-0.05112,-0.09486
6.00028,0.22907,-0.05122,-0.08469
6.06686,0.23217,-0.05142,-0.05631
6.13347,0.23404,-0.05150,-0.03911
6.20023,0.23558,-0.05155,-0.02515
6.26684,0.23897,-0.05157,0.00603
6.33347,0.24092,-0.05153,0.02164
6.40021,0.24264,-0.05148,0.03244
6.46687,0.24708,-0.05129,0.05195
6.53349,0.24999,-0.05112,0.06142
6.60025,0.25244,-0.05097,0.06708
6.66684,0.25784,-0.05058,0.08132
6.73349,0.25784,-0.05058,0.08132
6.80025,0.26082,-0.05033,0.08903
6.86689,0.26599,-0.04984,0.10291
6.93354,0.26840,-0.04958,0.10885
7.00026,0.27118,-0.04927,0.11577
7.06684,0.27118,-0.04927,0.11577
7.13352,0.27118,-0.04927,0.11577
7.20025,0.28163,-0.04792,0.14105
7.26690,0.28702,-0.04712,0.15382
7.33348,0.28943,-0.04674,0.15994
7.40024,0.29237,-0.04624,0.16762
7.46686,0.29728,-0.04538,0.17806
7.53358,0.29939,-0.04500,0.18170
7.60021,0.29939,-0.04500,0.18170
7.66683,0.29939,-0.04500,0.18170
7.73345,0.30180,-0.04455,0.18549
7.80024,0.31091,-0.04276,0.20094
7.86691,0.31559,-0.04179,0.20678
7.93358,0.31783,-0.04132,0.20811
8.00029,0.32079,-0.04069,0.20999
8.06684,0.32621,-0.03953,0.21331
8.13349,0.32868,-0.03899,0.21442
8.20024,0.33164,-0.03835,0.21582
8.26683,0.33689,-0.03720,0.21664
8.33360,0.33689,-0.03720,0.21664
8.40026,0.33689,-0.03720,0.21664
8.46682,0.33689,-0.03720,0.21664
8.53357,0.33689,-0.03720,0.21664
8.60025,0.33689,-0.03720,0.21664
8.66684,0.33689,-0.03720,0.21664
8.73356,0.33689,-0.03720,0.21664
8.80023,0.33689,-0.03720,0.21664
8.86685,0.34756,-0.03485,0.21828
8.93346,0.36607,-0.03073,0.22040
9.00024,0.37120,-0.02958,0.22100
9.06686,0.37633,-0.02843,0.22111
9.13348,0.37633,-0.02843,0.22111
9.20026,0.37633,-0.02843,0.22111
9.26685,0.37633,-0.02843,0.22111
9.33350,0.38970,-0.02551,0.20857
9.40026,0.39224,-0.02499,0.20445
9.46683,0.39224,-0.02499,0.20445
9.53357,0.39224,-0.02499,0.20445
9.60028,0.40094,-0.02329,0.18777
9.66685,0.40094,-0.02329,0.18777
9.73348,0.40094,-0.02329,0.18777
9.80027,0.40094,-0.02329,0.18777
9.86683,0.40848,-0.02193,0.17326
9.93356,0.40848,-0.02193,0.17326
10.00024,0.40848,-0.02193,0.17326
10.06683,0.42789,-0.01897,0.13239
10.13349,0.43034,-0.01866,0.12685
10.20024,0.43334,-0.01829,0.11999
10.26695,0.43875,-0.01768,0.10818
10.33364,0.43875,-0.01768,0.10818
10.40027,0.43875,-0.01768,0.10818
10.46686,0.43875,-0.01768,0.10818
10.53363,0.45243,-0.01642,0.07811
10.60029,0.45549,-0.01619,0.07087
10.66691,0.46114,-0.01584,0.05735
10.73365,0.46372,-0.01570,0.05128
10.80033,0.46662,-0.01557,0.04442
10.86683,0.47210,-0.01537,0.03094
10.93363,0.47451,-0.01530,0.02542
11.00017,0.47755,-0.01524,0.01782
11.06691,0.47755,-0.01524,0.01782
11.13361,0.47755,-0.01524,0.01782
11.20028,0.48008,-0.01521,0.01224
11.26685,0.49133,-0.01523,-0.01382
11.33350,0.49443,-0.01529,-0.02149
11.40025,0.49706,-0.01536,-0.02744
11.46683,0.50267,-0.01555,-0.03946
11.53359,0.50267,-0.01555,-0.03946
11.60026,0.50267,-0.01555,-0.03946
11.66682,0.50267,-0.01555,-0.03946
11.73352,0.51643,-0.01632,-0.06898
11.80026,0.51882,-0.01649,-0.07414
11.86687,0.52433,-0.01695,-0.08749
11.93359,0.52433,-0.01695,-0.08749
12.00020,0.52433,-0.01695,-0.08749
12.06693,0.52433,-0.01695,-0.08749
12.13348,0.53815,-0.01841,-0.11843
12.20024,0.54033,-0.01868,-0.12210
12.26687,0.54487,-0.01925,-0.12792
12.33349,0.54487,-0.01925,-0.12792
12.40022,0.54487,-0.01925,-0.12792
12.46685,0.54487,-0.01925,-0.12792
12.53350,0.55631,-0.02082,-0.14469
12.60017,0.55860,-0.02116,-0.14827
12.66686,0.56117,-0.02156,-0.15248
12.73346,0.56117,-0.02156,-0.15248
12.80028,0.56683,-0.02246,-0.16091
12.86686,0.57235,-0.02337,-0.16532
12.93350,0.57235,-0.02337,-0.16532
13.00026,0.57235,-0.02337,-0.16532
13.06686,0.57235,-0.02337,-0.16532
13.13348,0.57444,-0.02371,-0.16650
13.20026,0.58902,-0.02620,-0.17253
13.26690,0.59452,-0.02716,-0.17417
13.33350,0.59452,-0.02716,-0.17417
13.40025,0.59647,-0.02750,-0.17449
13.46687,0.59647,-0.02750,-0.17449
13.53358,0.59647,-0.02750,-0.17449
13.60025,0.61099,-0.03008,-0.17770
13.66689,0.61644,-0.03106,-0.17861
13.73349,0.61839,-0.03142,-0.17860
13.80028,0.62172,-0.03202,-0.17878
13.86687,0.62643,-0.03286,-0.17864
13.93351,0.62902,-0.03333,-0.17845
14.00027,0.63172,-0.03382,-0.17844
14.06690,0.63699,-0.03476,-0.17876
14.13361,0.63699,-0.03476,-0.17876
14.20025,0.63948,-0.03521,-0.17828
14.26684,0.64473,-0.03615,-0.17829
14.33346,0.64816,-0.03677,-0.17879
14.40026,0.64999,-0.03710,-0.17808
14.46686,0.65496,-0.03798,-0.17633
14.53349,0.65798,-0.03852,-0.17442
14.60018,0.65955,-0.03879,-0.17308
14.66688,0.66239,-0.03927,-0.17053
14.73351,0.66693,-0.04005,-0.16781
14.80019,0.66845,-0.04030,-0.16644
14.86687,0.67298,-0.04104,-0.16275
14.93351,0.67592,-0.04152,-0.16005
15.00020,0.67592,-0.04152,-0.16005
15.06686,0.67752,-0.04177,-0.15783
15.13490,0.68454,-0.04284,-0.14862
15.20154,0.68658,-0.04314,-0.14617
15.26792,0.68658,-0.04314,-0.14617
15.33465,0.69316,-0.04407,-0.13931
15.40137,0.69528,-0.04436,-0.13706
15.46806,0.69971,-0.04496,-0.13139
15.53500,0.70199,-0.04525,-0.12888
15.60144,0.70199,-0.04525,-0.12888
15.66811,0.70868,-0.04609,-0.12045
15.73478,0.71100,-0.04636,-0.11737
15.80177,0.71100,-0.04636,-0.11737
15.86796,0.71318,-0.04661,-0.11433
15.93491,0.71769,-0.04711,-0.10845
16.00159,0.72114,-0.04748,-0.10406
16.06822,0.72114,-0.04748,-0.10406
16.13469,0.72569,-0.04793,-0.09791
16.20157,0.73026,-0.04837,-0.09180
16.26804,0.73477,-0.04877,-0.08612
16.33473,0.73550,-0.04883,-0.08486
16.40154,0.73550,-0.04883,-0.08486
16.46801,0.74440,-0.04955,-0.07672
16.53475,0.74512,-0.04960,-0.07600
16.60186,0.74899,-0.04989,-0.07191
16.66799,0.74899,-0.04989,-0.07191
16.73477,0.75507,-0.05032,-0.06898
16.80143,0.75796,-0.05051,-0.06750
16.86813,0.75796,-0.05051,-0.06750
16.93461,0.76051,-0.05069,-0.06636
17.00137,0.76882,-0.05122,-0.06194
17.06805,0.77423,-0.05155,-0.06124
17.13514,0.77671,-0.05171,-0.06151
17.20160,0.77671,-0.05171,-0.06151
17.26799,0.77671,-0.05171,-0.06151
17.33474,0.78729,-0.05237,-0.06003
17.40159,0.79013,-0.05254,-0.05902
17.46805,0.79013,-0.05254,-0.05902
17.53473,0.79822,-0.05301,-0.05590
17.60145,0.80100,-0.05316,-0.05501
17.66810,0.80352,-0.05330,-0.05423
17.73480,0.80352,-0.05330,-0.05423
17.80158,0.80838,-0.05356,-0.05491
17.86811,0.81308,-0.05383,-0.05634
17.93481,0.81750,-0.05408,-0.05798
18.00124,0.81767,-0.05409,-0.05847
18.06786,0.81767,-0.05409,-0.05847
18.13492,0.82525,-0.05458,-0.06741
18.20165,0.82785,-0.05477,-0.07074
18.26796,0.82785,-0.05477,-0.07074
18.33496,0.83047,-0.05497,-0.07485
18.40169,0.83833,-0.05563,-0.08822
18.46822,0.84109,-0.05589,-0.09325
18.53467,0.84631,-0.05642,-0.10357
18.60139,0.84870,-0.05668,-0.10835
18.66823,0.85416,-0.05732,-0.11977
18.73489,0.85707,-0.05769,-0.12610
18.80144,0.85968,-0.05803,-0.13207
18.86813,0.86519,-0.05881,-0.14542
18.93463,0.86819,-0.05927,-0.15251
19.00145,0.87081,-0.05969,-0.15849
19.06875,0.87635,-0.06062,-0.17120
19.13553,0.87931,-0.06115,-0.17828
19.20253,0.88180,-0.06161,-0.18382
19.26918,0.88722,-0.06266,-0.19713
19.33572,0.89014,-0.06326,-0.20424
19.40228,0.89014,-0.06326,-0.20424
19.46867,0.89556,-0.06443,-0.21805
19.53547,0.89810,-0.06501,-0.22412
19.60205,0.90095,-0.06567,-0.23071
19.66917,0.90642,-0.06700,-0.24371
19.73567,0.90889,-0.06763,-0.24945
19.80242,0.91170,-0.06836,-0.25619
19.86923,0.91716,-0.06983,-0.26860
19.93693,0.91978,-0.07057,-0.27501
20.00213,0.92245,-0.07133,-0.28183
20.06871,0.92769,-0.07289,-0.29420
20.13568,0.93075,-0.07384,-0.30178
20.20214,0.93308,-0.07458,-0.30764
20.26884,0.93831,-0.07628,-0.32083
20.33574,0.94124,-0.07727,-0.32776
20.40225,0.94337,-0.07801,-0.33291
20.46898,0.94861,-0.07986,-0.34543
20.53573,0.95150,-0.08092,-0.35265
20.60253,0.95357,-0.08169,-0.35687
20.66915,0.95810,-0.08340,-0.36439
20.73591,0.96077,-0.08442,-0.36809
20.80222,0.96260,-0.08514,-0.37129
20.86969,0.96704,-0.08689,-0.37839
20.93576,0.96900,-0.08767,-0.38122
21.00274,0.97143,-0.08865,-0.38464
21.06877,0.97563,-0.09037,-0.39062
21.13545,0.97761,-0.09119,-0.39370
21.20198,0.97982,-0.09211,-0.39695
21.26889,0.98404,-0.09390,-0.40312
21.33613,0.98594,-0.09471,-0.40552
21.40252,0.98824,-0.09570,-0.40870
21.46907,0.99118,-0.09699,-0.41306
21.53569,0.99253,-0.09759,-0.41572
21.60207,0.99551,-0.09891,-0.41982
21.66898,0.99985,-0.10087,-0.42727
21.73552,1.00125,-0.10152,-0.42983
21.80227,1.00426,-0.10291,-0.43395
21.86896,1.00846,-0.10488,-0.44002
21.93648,1.00964,-0.10544,-0.44207
22.00272,1.01274,-0.10691,-0.44608
22.06898,1.01574,-0.10836,-0.45058
22.13581,1.01801,-0.10947,-0.45411
22.20280,1.02126,-0.11106,-0.45883
22.26882,1.02415,-0.11250,-0.46321
22.33587,1.02672,-0.11379,-0.46572
22.40279,1.02892,-0.11490,-0.46766
22.46908,1.03405,-0.11750,-0.47114
22.53586,1.03678,-0.11889,-0.47282
22.60242,1.03899,-0.12002,-0.47372
22.66907,1.04392,-0.12255,-0.47585
22.73581,1.04664,-0.12396,-0.47670
22.80238,1.04880,-0.12507,-0.47705
22.86915,1.05360,-0.12755,-0.47794
22.93563,1.05639,-0.12899,-0.47879
23.00291,1.05862,-0.13015,-0.47922
23.06920,1.06122,-0.13150,-0.47996
23.13628,1.06517,-0.13356,-0.48120
23.20254,1.06598,-0.13398,-0.48080
23.26881,1.07079,-0.13648,-0.48084
23.33555,1.07489,-0.13863,-0.48230
23.40225,1.07561,-0.13900,-0.48147
23.46898,1.08037,-0.14147,-0.48094
23.53599,1.08456,-0.14366,-0.48185
23.60260,1.08527,-0.14403,-0.48158
23.66902,1.09000,-0.14650,-0.48153
23.73629,1.09210,-0.14760,-0.48181
23.80256,1.09473,-0.14897,-0.48238
23.86907,1.09954,-0.15148,-0.48323
23.93588,1.10172,-0.15263,-0.48393
24.00223,1.10442,-0.15405,-0.48441
24.06906,1.10934,-0.15664,-0.48494
24.13556,1.11151,-0.15778,-0.48512
24.20254,1.11415,-0.15917,-0.48499
24.26892,1.11888,-0.16166,-0.48532
24.33598,1.12098,-0.16277,-0.48508
24.40297,1.12351,-0.16410,-0.48516
24.46907,1.12831,-0.16664,-0.48553
24.53584,1.13069,-0.16789,-0.48547
24.60353,1.13326,-0.16925,-0.48560
24.66931,1.13813,-0.17181,-0.48571
24.73553,1.14037,-0.17300,-0.48615
24.80250,1.14230,-0.17402,-0.48650
24.86878,1.14728,-0.17665,-0.48721
24.93544,1.14800,-0.17703,-0.48685
25.00245,1.15213,-0.17922,-0.48711
25.06885,1.15675,-0.18166,-0.48691
25.13619,1.15739,-0.18200,-0.48653
25.20256,1.15945,-0.18310,-0.48661
25.26909,1.16410,-0.18555,-0.48680
25.33561,1.16670,-0.18693,-0.48716
25.40528,1.16881,-0.18805,-0.48747
25.46865,1.17371,-0.19065,-0.48772
25.53553,1.17649,-0.19212,-0.48804
25.60225,1.17870,-0.19329,-0.48836
25.66914,1.18359,-0.19590,-0.48872
25.73572,1.18628,-0.19733,-0.48895
25.80251,1.18841,-0.19846,-0.48906
25.86886,1.19316,-0.20099,-0.48931
25.93566,1.19577,-0.20238,-0.48933
26.00238,1.19786,-0.20350,-0.48954
26.06884,1.20269,-0.20607,-0.48975
26.13557,1.20525,-0.20744,-0.48976
26.20219,1.20735,-0.20855,-0.48976
26.26936,1.21187,-0.21096,-0.48924
26.33574,1.21187,-0.21096,-0.48924
26.40255,1.21444,-0.21233,-0.48867
26.46898,1.21903,-0.21477,-0.48821
26.53548,1.22306,-0.21690,-0.48789
26.60211,1.22377,-0.21728,-0.48783
26.66896,1.22860,-0.21985,-0.48740
26.73581,1.23076,-0.22099,-0.48676
26.80260,1.23337,-0.22237,-0.48608
26.86911,1.23815,-0.22489,-0.48516
26.93627,1.24031,-0.22603,-0.48498
27.00284,1.24284,-0.22736,-0.48498
27.06900,1.24725,-0.22969,-0.48498
27.13578,1.24968,-0.23097,-0.48502
27.20252,1.25255,-0.23248,-0.48507
27.26906,1.25758,-0.23514,-0.48561
27.33649,1.25980,-0.23631,-0.48573
27.40289,1.26257,-0.23777,-0.48586
27.46939,1.26740,-0.24032,-0.48621
27.53606,1.26938,-0.24137,-0.48641
27.60314,1.27213,-0.24282,-0.48676
27.66961,1.27213,-0.24282,-0.48676
27.73613,1.27870,-0.24630,-0.48702
27.80286,1.28121,-0.24763,-0.48751
27.86963,1.28121,-0.24763,-0.48751
27.93576,1.28354,-0.24886,-0.48755
28.00273,1.29096,-0.25280,-0.48789
28.06928,1.29096,-0.25280,-0.48789
28.13538,1.29341,-0.25410,-0.48819
28.20257,1.29341,-0.25410,-0.48819
28.26904,1.29341,-0.25410,-0.48819
28.33851,1.29341,-0.25410,-0.48819
28.40244,1.30786,-0.26179,-0.48922
28.46918,1.31094,-0.26343,-0.48908
28.53589,1.31094,-0.26343,-0.48908
28.60293,1.31741,-0.26688,-0.48917
28.66934,1.31741,-0.26688,-0.48917
28.73598,1.31741,-0.26688,-0.48917
28.80315,1.31741,-0.26688,-0.48917
28.87000,1.33143,-0.27434,-0.48978
28.93621,1.33143,-0.27434,-0.48978
29.00312,1.33143,-0.27434,-0.48978
29.06995,1.33971,-0.27876,-0.48988
29.13676,1.33971,-0.27876,-0.48988
29.20328,1.34093,-0.27941,-0.49015
29.27021,1.34093,-0.27941,-0.49015
29.33611,1.34093,-0.27941,-0.49015
29.40293,1.35536,-0.28710,-0.48963
29.46961,1.35787,-0.28844,-0.48982
29.53619,1.35787,-0.28844,-0.48982
29.60299,1.36490,-0.29219,-0.48968
29.66965,1.36744,-0.29354,-0.48976
29.73611,1.36744,-0.29354,-0.48976
29.80304,1.37414,-0.29712,-0.49264
29.86952,1.37623,-0.29825,-0.49416
29.93646,1.37623,-0.29825,-0.49416
30.00294,1.37823,-0.29933,-0.49567
30.06952,1.37823,-0.29933,-0.49567
30.13608,1.37823,-0.29933,-0.49567
30.20294,1.37823,-0.29933,-0.49567
30.26929,1.37823,-0.29933,-0.49567
30.33683,1.37823,-0.29933,-0.49567
30.40299,1.37823,-0.29933,-0.49567
30.46954,1.40262,-0.31321,-0.54025
30.53618,1.40262,-0.31321,-0.54025
30.60321,1.40477,-0.31452,-0.54550
30.66951,1.41174,-0.31885,-0.56332
30.73618,1.41174,-0.31885,-0.56332
30.80319,1.41379,-0.32015,-0.56850
30.86964,1.41379,-0.32015,-0.56850
30.93606,1.41379,-0.32015,-0.56850
31.00280,1.41917,-0.32374,-0.61292
31.06948,1.42237,-0.32656,-0.78974
31.13621,1.42237,-0.32656,-0.78974
31.20283,1.42237,-0.32656,-0.78974
31.26974,1.42535,-0.33117,-1.04122
31.33648,1.42535,-0.33117,-1.04122
31.40310,1.42535,-0.33117,-1.04122
31.46949,1.42797,-0.33781,-1.28920
31.53623,1.42797,-0.33781,-1.28920
31.60293,1.42797,-0.33781,-1.28920
31.66963,1.42797,-0.33781,-1.28920
31.73638,1.42868,-0.34373,-1.56336
31.80283,1.42862,-0.34502,-1.61716
31.86930,1.42837,-0.34731,-1.70876
31.93620,1.42820,-0.34834,-1.74685
32.00299,1.42794,-0.34961,-1.77918
32.06959,1.42758,-0.35120,-1.80872
32.13607,1.42750,-0.35154,-1.81245
32.20258,1.42743,-0.35178,-1.82059
32.26966,1.42739,-0.35193,-1.82081
32.33667,1.42745,-0.35172,-1.81179
32.40309,1.42740,-0.35189,-1.81502
32.46967,1.42743,-0.35181,-1.80653
32.53640,1.42743,-0.35181,-1.80653
32.60270,1.42743,-0.35181,-1.80653
32.66932,1.42708,-0.35357,-1.78588
32.73602,1.42702,-0.35390,-1.77715
32.80259,1.42692,-0.35441,-1.77242
32.86986,1.42675,-0.35537,-1.74979
32.93614,1.42671,-0.35568,-1.74090
33.00285,1.42662,-0.35621,-1.73246
33.06935,1.42645,-0.35737,-1.72699
33.13566,1.42637,-0.35791,-1.72287
33.20247,1.42628,-0.35853,-1.71702
33.26863,1.42620,-0.35916,-1.70632
33.33558,1.42615,-0.35952,-1.70141
33.40286,1.42615,-0.35952,-1.70141
33.46951,1.42606,-0.36026,-1.69163
33.53597,1.42599,-0.36086,-1.68362
33.60288,1.42593,-0.36146,-1.67602
33.66966,1.42584,-0.36249,-1.65573
33.73607,1.42580,-0.36291,-1.64256
33.80245,1.42580,-0.36300,-1.63219
33.86929,1.42580,-0.36328,-1.60427
33.93731,1.42580,-0.36347,-1.59152
34.00267,1.42580,-0.36380,-1.57777
34.06967,1.42580,-0.36457,-1.55874
34.13667,1.42581,-0.36507,-1.54862
34.20296,1.42582,-0.36540,-1.54775
34.26930,1.42585,-0.36642,-1.53765
34.33600,1.42586,-0.36697,-1.53016
34.40238,1.42587,-0.36698,-1.52661
34.47001,1.42590,-0.36748,-1.51285
34.53573,1.42594,-0.36820,-1.50396
34.60252,1.42602,-0.36921,-1.49332
34.66922,1.42614,-0.37063,-1.47991
34.73594,1.42619,-0.37115,-1.47570
34.80263,1.42628,-0.37202,-1.46876
34.86915,1.42660,-0.37482,-1.45268
34.93571,1.42684,-0.37677,-1.44753
35.00246,1.42721,-0.37967,-1.44278
35.06966,1.42792,-0.38516,-1.43967
35.13603,1.42828,-0.38793,-1.44007
35.20256,1.42868,-0.39109,-1.44246
35.26918,1.42941,-0.39681,-1.44556
35.33571,1.42974,-0.39949,-1.44859
35.40242,1.42974,-0.39949,-1.44859
35.46878,1.43037,-0.40494,-1.45834
35.53556,1.43065,-0.40759,-1.46403
35.60294,1.43103,-0.41118,-1.47066
35.66937,1.43125,-0.41390,-1.48804
35.73587,1.43122,-0.41388,-1.49495
35.80300,1.43130,-0.41506,-1.50352
35.86898,1.43140,-0.41722,-1.52253
35.93561,1.43143,-0.41803,-1.53075
36.00231,1.43145,-0.41857,-1.53924
36.06909,1.43145,-0.41970,-1.56286
36.13701,1.43144,-0.42020,-1.57950
36.20278,1.43143,-0.42070,-1.59263
36.26904,1.43133,-0.42273,-1.61975
36.33624,1.43120,-0.42471,-1.63708
36.40251,1.43105,-0.42656,-1.65124
36.46908,1.43061,-0.43111,-1.67899
36.53570,1.43033,-0.43359,-1.68773
36.60248,1.43008,-0.43571,-1.69381
36.66960,1.42976,-0.43836,-1.69795
36.73594,1.42921,-0.44252,-1.70661
36.80259,1.42911,-0.44340,-1.70288
36.86954,1.42846,-0.44839,-1.70227
36.93581,1.42822,-0.45027,-1.70173
37.00250,1.42803,-0.45176,-1.69904
37.06894,1.42785,-0.45321,-1.69233
37.13585,1.42764,-0.45498,-1.68768
37.20357,1.42776,-0.45408,-1.68368
37.26933,1.42770,-0.45473,-1.67582
37.33594,1.42767,-0.45501,-1.67246
37.40283,1.42764,-0.45534,-1.66888
37.46938,1.42759,-0.45598,-1.66232
37.53634,1.42756,-0.45627,-1.65891
37.60267,1.42753,-0.45671,-1.65467
37.66904,1.42748,-0.45742,-1.64644
37.73629,1.42747,-0.45757,-1.64398
37.80248,1.42744,-0.45799,-1.63995
37.86906,1.42741,-0.45851,-1.63379
37.93603,1.42740,-0.45860,-1.63174
38.00284,1.42739,-0.45892,-1.62706
38.06904,1.42736,-0.45957,-1.61994
38.13600,1.42734,-0.45990,-1.61630
38.20246,1.42730,-0.46099,-1.60571
38.26949,1.42726,-0.46316,-1.58661
38.33654,1.42725,-0.46445,-1.57639
38.40250,1.42726,-0.46676,-1.56226
38.46915,1.42733,-0.47147,-1.54866
38.53566,1.42739,-0.47402,-1.54293
38.60253,1.42750,-0.47760,-1.53255
38.66911,1.42767,-0.48196,-1.52605
38.73565,1.42777,-0.48436,-1.52272
38.80237,1.42790,-0.48697,-1.51693
38.86957,1.42804,-0.48949,-1.51218
38.93571,1.42804,-0.48949,-1.51218
39.00264,1.42804,-0.48949,-1.51218
39.06926,1.42868,-0.49901,-1.49626
39.13576,1.42904,-0.50371,-1.48945
39.20235,1.42924,-0.50613,-1.48549
39.26894,1.42966,-0.51077,-1.47836
39.33544,1.42976,-0.51182,-1.47687
39.40388,1.42989,-0.51315,-1.47588
39.46932,1.43041,-0.51857,-1.47241
39.53624,1.43080,-0.52247,-1.46998
39.60276,1.43097,-0.52422,-1.46991
39.66947,1.43153,-0.52967,-1.46785
39.73569,1.43192,-0.53345,-1.46753
39.80266,1.43206,-0.53489,-1.46778
39.86916,1.43263,-0.54036,-1.46624
39.93659,1.43293,-0.54322,-1.46547
40.00264,1.43321,-0.54595,-1.46455
40.06931,1.43380,-0.55144,-1.46325
40.13629,1.43411,-0.55433,-1.46247
40.20288,1.43440,-0.55693,-1.46209
40.26928,1.43500,-0.56246,-1.46144
40.33591,1.43530,-0.56527,-1.46133
40.40270,1.43559,-0.56787,-1.46128
40.47011,1.43619,-0.57334,-1.46029
40.53599,1.43651,-0.57619,-1.45974
40.60274,1.43680,-0.57884,-1.45915
40.66940,1.43725,-0.58280,-1.45841
40.73606,1.43742,-0.58429,-1.45808
40.80244,1.43787,-0.58832,-1.45757
40.86906,1.43847,-0.59351,-1.45508
40.93562,1.43862,-0.59481,-1.45473
41.00245,1.43907,-0.59856,-1.45313
41.06967,1.43965,-0.60331,-1.44855
41.13561,1.43978,-0.60434,-1.44636
41.20310,1.44025,-0.60800,-1.44437
41.26924,1.44089,-0.61296,-1.44065
41.33569,1.44107,-0.61428,-1.44017
41.40247,1.44141,-0.61685,-1.43775
41.46906,1.44209,-0.62183,-1.43492
41.53547,1.44242,-0.62419,-1.43276
41.60313,1.44274,-0.62653,-1.43103
41.66928,1.44339,-0.63103,-1.42663
41.73594,1.44370,-0.63313,-1.42410
41.80253,1.44405,-0.63544,-1.42132
41.86907,1.44476,-0.64004,-1.41501
41.93583,1.44513,-0.64232,-1.41097
42.00243,1.44513,-0.64232,-1.41097
42.06905,1.44597,-0.64734,-1.40195
42.13689,1.44659,-0.65089,-1.39580
42.20236,1.44681,-0.65208,-1.39358
42.26913,1.44769,-0.65684,-1.38548
42.33621,1.44839,-0.66052,-1.37940
42.40243,1.44862,-0.66166,-1.37774
42.46896,1.44957,-0.66642,-1.36841
42.53570,1.45035,-0.67011,-1.36084
42.60250,1.45035,-0.67011,-1.36084
42.66977,1.45066,-0.67153,-1.35746
42.73651,1.45247,-0.67943,-1.33844
42.80361,1.45247,-0.67943,-1.33844
42.86970,1.45305,-0.68182,-1.33247
42.93626,1.45305,-0.68182,-1.33247
43.00262,1.45554,-0.69155,-1.31127
43.06914,1.45618,-0.69393,-1.30595
43.13611,1.45751,-0.69870,-1.29467
43.20413,1.45751,-0.69870,-1.29467
43.27020,1.45886,-0.70333,-1.28546
43.33611,1.46030,-0.70822,-1.27979
43.40284,1.46060,-0.70921,-1.27855
43.46932,1.46060,-0.70921,-1.27855
43.53594,1.46256,-0.71556,-1.26476
43.60238,1.46378,-0.71936,-1.25655
43.66917,1.46540,-0.72417,-1.24310
43.73679,1.46578,-0.72529,-1.23778
43.80323,1.46698,-0.72866,-1.22719
43.86958,1.46698,-0.72866,-1.22719
43.93615,1.46914,-0.73447,-1.21142
44.00302,1.47041,-0.73782,-1.20523
44.06925,1.47041,-0.73782,-1.20523
44.13546,1.47080,-0.73884,-1.20383
44.20168,1.47380,-0.74650,-1.19238
44.27030,1.47380,-0.74650,-1.19238
44.33633,1.47421,-0.74754,-1.19112
44.40269,1.47720,-0.75496,-1.18556
44.46955,1.47720,-0.75496,-1.18556
44.53627,1.47823,-0.75752,-1.18414
44.60308,1.48147,-0.76541,-1.17941
44.66948,1.48147,-0.76541,-1.17941
44.73595,1.48255,-0.76802,-1.17800
44.80511,1.48460,-0.77291,-1.17012
44.86990,1.48460,-0.77291,-1.17012
44.93648,1.48611,-0.77644,-1.16460
45.00301,1.48886,-0.78282,-1.16569
45.06949,1.48886,-0.78282,-1.16569
45.13626,1.49042,-0.78650,-1.16859
45.20273,1.49296,-0.79262,-1.17459
45.26932,1.49296,-0.79262,-1.17459
45.33600,1.49437,-0.79598,-1.17278
45.40325,1.49676,-0.80171,-1.17508
45.47007,1.49819,-0.80514,-1.17599
45.53614,1.49865,-0.80626,-1.17531
45.60281,1.50057,-0.81081,-1.16929
45.66951,1.50155,-0.81309,-1.16492
45.73591,1.50155,-0.81309,-1.16492
45.80256,1.50461,-0.82006,-1.15457
45.86930,1.50562,-0.82233,-1.15146
45.93693,1.50562,-0.82233,-1.15146
46.00299,1.50860,-0.82887,-1.14049
46.06951,1.50972,-0.83128,-1.13558
46.13627,1.50972,-0.83128,-1.13558
46.20285,1.51224,-0.83657,-1.12123
46.26926,1.51424,-0.84059,-1.10662
46.33595,1.51467,-0.84143,-1.10225
46.40263,1.51613,-0.84425,-1.08941
46.46972,1.51651,-0.84494,-1.08236
46.53596,1.51651,-0.84494,-1.08236
46.60283,1.51651,-0.84494,-1.08236
46.66929,1.51886,-0.84910,-1.04466
46.73632,1.52026,-0.85133,-1.01326
46.80246,1.52131,-0.85296,-0.99685
46.86922,1.52244,-0.85462,-0.97583
46.93585,1.52279,-0.85511,-0.96753
47.00335,1.52387,-0.85662,-0.94992
47.06949,1.52500,-0.85814,-0.93212
47.13606,1.52500,-0.85814,-0.93212
47.20309,1.52500,-0.85814,-0.93212
47.26927,1.53018,-0.86461,-0.87698
47.33508,1.53359,-0.86867,-0.86173
47.40240,1.53359,-0.86867,-0.86173
47.46843,1.53714,-0.87277,-0.84970
47.53588,1.53962,-0.87557,-0.84044
47.60299,1.54070,-0.87679,-0.83907
47.66922,1.54418,-0.88066,-0.83312
47.73615,1.54653,-0.88323,-0.82970
47.80283,1.54737,-0.88416,-0.82933
47.86925,1.54737,-0.88416,-0.82933
47.93587,1.54737,-0.88416,-0.82933
48.00268,1.54737,-0.88416,-0.82933
48.06902,1.55038,-0.88752,-0.84950
48.13694,1.55103,-0.88827,-0.85573
48.20266,1.55089,-0.88813,-0.86146
48.26910,1.55120,-0.88852,-0.87836
48.33602,1.55142,-0.88880,-0.88700
48.40299,1.55158,-0.88900,-0.89452
48.46893,1.55213,-0.88972,-0.91169
48.53558,1.55249,-0.89021,-0.92553
48.60226,1.55249,-0.89021,-0.92553
48.66943,1.55249,-0.89021,-0.92553
48.73564,1.55249,-0.89021,-0.92553
48.80263,1.55249,-0.89021,-0.92553
48.86912,1.55249,-0.89021,-0.92553
48.93579,1.55249,-0.89021,-0.92553
49.00253,1.55490,-0.89411,-1.08501
49.06909,1.55547,-0.89527,-1.12627
49.13564,1.55563,-0.89562,-1.13752
49.20278,1.55600,-0.89645,-1.16542
49.26934,1.55657,-0.89784,-1.19510
49.33580,1.55657,-0.89784,-1.19510
49.40261,1.55657,-0.89784,-1.19510
49.46915,1.55657,-0.89784,-1.19510
49.53568,1.55657,-0.89784,-1.19510
49.60226,1.55657,-0.89784,-1.19510
49.66891,1.55657,-0.89784,-1.19510
49.73663,1.56202,-0.91353,-1.26476
49.80279,1.56257,-0.91525,-1.26682
49.86903,1.56424,-0.92059,-1.27800
49.93614,1.56530,-0.92415,-1.28763
50.00233,1.56581,-0.92585,-1.29066
50.06922,1.56670,-0.92903,-1.31023
50.13559,1.56718,-0.93094,-1.33272
50.20234,1.56725,-0.93130,-1.34605
50.26957,1.56752,-0.93277,-1.40400
50.33652,1.56762,-0.93364,-1.44404
50.40275,1.56759,-0.93364,-1.46699
50.46938,1.56761,-0.93475,-1.52963
50.53613,1.56761,-0.93574,-1.56644
50.60271,1.56758,-0.93591,-1.58176
50.66934,1.56747,-0.93869,-1.61613
50.73589,1.56738,-0.94034,-1.62598
50.80250,1.56732,-0.94152,-1.63011
50.86974,1.56726,-0.94268,-1.62622
50.93583,1.56722,-0.94344,-1.62510
51.00263,1.56723,-0.94337,-1.61833
51.06911,1.56720,-0.94434,-1.60293
51.13595,1.56720,-0.94478,-1.59284
51.20255,1.56720,-0.94527,-1.58257
51.26924,1.56720,-0.94600,-1.56816
51.33565,1.56721,-0.94618,-1.56029
51.40298,1.56721,-0.94632,-1.55249
51.46926,1.56722,-0.94635,-1.53867
51.53596,1.56723,-0.94652,-1.53286
51.60298,1.56723,-0.94660,-1.52817
51.66907,1.56724,-0.94671,-1.51978
51.73565,1.56724,-0.94671,-1.51978
51.80237,1.56725,-0.94683,-1.51246
51.86895,1.56725,-0.94670,-1.49791
51.93678,1.56724,-0.94660,-1.49270
52.00224,1.56727,-0.94697,-1.48448
52.06919,1.56743,-0.94852,-1.46801
52.13598,1.56754,-0.94958,-1.45989
52.20268,1.56781,-0.95176,-1.44240
52.26921,1.56838,-0.95588,-1.42712
52.33586,1.56874,-0.95832,-1.42207
52.40222,1.56922,-0.96152,-1.41824
52.46991,1.56973,-0.96499,-1.42407
52.53545,1.56991,-0.96623,-1.43101
52.60231,1.57004,-0.96727,-1.44045
52.66945,1.57017,-0.96840,-1.46382
52.73618,1.57019,-0.96861,-1.47736
52.80239,1.57022,-0.96911,-1.48907
52.86896,1.57026,-0.96990,-1.51241
52.93494,1.57027,-0.97028,-1.52829
53.00328,1.57027,-0.97068,-1.54905
53.06905,1.57025,-0.97154,-1.59128
53.13572,1.57025,-0.97178,-1.59673
53.20233,1.57024,-0.97185,-1.61206
53.26926,1.57020,-0.97228,-1.65097
53.33568,1.57014,-0.97284,-1.67554
53.40253,1.57007,-0.97333,-1.68545
53.46870,1.56956,-0.97697,-1.72128
53.53602,1.56913,-0.97964,-1.74357
53.60246,1.56888,-0.98107,-1.75078
53.66912,1.56809,-0.98527,-1.76703
53.73560,1.56779,-0.98682,-1.76730
53.80263,1.56749,-0.98840,-1.76720
53.86885,1.56661,-0.99295,-1.76880
53.93587,1.56626,-0.99477,-1.76730
54.00226,1.56594,-0.99644,-1.76769
54.06880,1.56511,-1.00081,-1.76080
54.13597,1.56468,-1.00308,-1.76201
54.20278,1.56438,-1.00464,-1.76143
54.26908,1.56407,-1.00632,-1.75410
54.33584,1.56399,-1.00676,-1.75017
54.40287,1.56393,-1.00713,-1.74678
54.46914,1.56378,-1.00796,-1.74244
54.53844,1.56375,-1.00821,-1.73943
54.60214,1.56349,-1.00978,-1.73622
54.66953,1.56321,-1.01151,-1.72880
54.73582,1.56318,-1.01176,-1.72438
54.80247,1.56297,-1.01314,-1.71709
54.86899,1.56255,-1.01623,-1.70737
54.93572,1.56238,-1.01756,-1.70509
55.00192,1.56199,-1.02046,-1.70112
55.06883,1.56138,-1.02531,-1.69188
55.13591,1.56119,-1.02691,-1.69027
55.20293,1.56101,-1.02842,-1.68671
55.26928,1.56075,-1.03076,-1.67814
55.33595,1.56065,-1.03176,-1.67214
55.40303,1.56059,-1.03236,-1.66773
55.46933,1.56053,-1.03299,-1.66165
55.53569,1.56051,-1.03325,-1.65926
55.60235,1.56049,-1.03358,-1.65466
55.66910,1.56045,-1.03406,-1.64284
55.73606,1.56045,-1.03416,-1.63505
55.80264,1.56045,-1.03425,-1.62261
55.86932,1.56045,-1.03447,-1.60994
55.93589,1.56044,-1.03502,-1.59346
56.00254,1.56044,-1.03529,-1.58744
56.06910,1.56044,-1.03748,-1.56285
56.13580,1.56048,-1.03940,-1.54293
56.20227,1.56052,-1.04044,-1.53456
56.26949,1.56071,-1.04429,-1.50909
56.33584,1.56092,-1.04734,-1.49452
56.40254,1.56106,-1.04916,-1.49144
56.46932,1.56153,-1.05479,-1.47814
56.53593,1.56180,-1.05776,-1.47659
56.60247,1.56206,-1.06060,-1.47815
56.66893,1.56260,-1.06683,-1.48222
56.73565,1.56287,-1.06999,-1.48535
56.80265,1.56310,-1.07293,-1.48913
56.86913,1.56338,-1.07670,-1.50089
56.93590,1.56345,-1.07774,-1.50757
57.00259,1.56348,-1.07833,-1.51324
57.06905,1.56351,-1.07924,-1.52934
57.13593,1.56351,-1.07924,-1.52934
57.20238,1.56353,-1.08014,-1.53963
57.26910,1.56353,-1.08087,-1.55324
57.33618,1.56352,-1.08088,-1.55800
57.40275,1.56352,-1.08197,-1.57162
57.46903,1.56348,-1.08332,-1.59533
57.53603,1.56346,-1.08364,-1.60300
57.60265,1.56346,-1.08364,-1.60300
57.66926,1.56342,-1.08465,-1.62080
57.73611,1.56323,-1.08709,-1.64980
57.80266,1.56323,-1.08709,-1.64980
57.86936,1.56268,-1.09264,-1.68490
57.93613,1.56238,-1.09517,-1.69357
58.00265,1.56206,-1.09776,-1.70049
58.06949,1.56206,-1.09776,-1.70049
58.13577,1.56093,-1.10613,-1.71193
58.20286,1.56046,-1.10960,-1.70637
58.26915,1.56028,-1.11105,-1.69666
58.33590,1.56021,-1.11166,-1.68922
58.40202,1.56021,-1.11166,-1.68922
58.46985,1.56011,-1.11278,-1.66404
58.53610,1.56007,-1.11322,-1.66273
58.60275,1.56010,-1.11304,-1.65671
58.66947,1.56007,-1.11359,-1.64069
58.73603,1.56003,-1.11421,-1.63093
58.80264,1.56005,-1.11407,-1.62671
58.86927,1.56005,-1.11407,-1.62671
58.93578,1.56002,-1.11471,-1.61692
59.00300,1.56002,-1.11471,-1.61692
59.06922,1.56002,-1.11471,-1.61692
59.13608,1.56002,-1.11556,-1.56365
59.20314,1.56002,-1.11556,-1.56365
59.26906,1.56009,-1.11725,-1.52615
59.33508,1.56029,-1.12033,-1.49690
59.40214,1.56029,-1.12033,-1.49690
59.46877,1.56084,-1.12639,-1.46993
59.53584,1.56110,-1.12901,-1.46779
59.60248,1.56110,-1.12901,-1.46779
59.66903,1.56135,-1.13157,-1.46650
59.73572,1.56223,-1.14019,-1.46389
59.80261,1.56223,-1.14019,-1.46389
59.86923,1.56233,-1.14109,-1.46283
59.93578,1.56313,-1.14868,-1.46537
60.00273,1.56313,-1.14868,-1.46537
60.07008,1.56313,-1.14868,-1.46537
60.13620,1.56422,-1.16006,-1.48116
60.20291,1.56422,-1.16006,-1.48116
60.26954,1.56422,-1.16006,-1.48116
60.33608,1.56506,-1.17031,-1.49075
60.40291,1.56534,-1.17393,-1.49328
60.46915,1.56534,-1.17393,-1.49328
60.53618,1.56582,-1.18022,-1.49549
60.60272,1.56611,-1.18411,-1.49700
60.66981,1.56611,-1.18411,-1.49700
60.73607,1.56658,-1.19075,-1.50220
60.80283,1.56674,-1.19321,-1.50466
60.86932,1.56674,-1.19321,-1.50466
60.93627,1.56722,-1.20058,-1.50687
61.00292,1.56739,-1.20332,-1.50728
61.06914,1.56739,-1.20332,-1.50728
61.13597,1.56788,-1.21088,-1.50568
61.20291,1.56804,-1.21328,-1.50471
61.26936,1.56804,-1.21328,-1.50471
61.33592,1.56844,-1.21901,-1.50097
61.40293,1.56852,-1.22007,-1.49967
61.46940,1.56885,-1.22456,-1.49454
61.53597,1.56914,-1.22823,-1.48995
61.60260,1.56927,-1.22963,-1.48742
61.66921,1.56973,-1.23481,-1.47759
61.73568,1.57010,-1.23841,-1.46768
61.80260,1.57024,-1.23960,-1.46176
61.86827,1.57075,-1.24380,-1.44715
61.93500,1.57104,-1.24599,-1.43649
62.00191,1.57105,-1.24600,-1.43255
62.06794,1.57125,-1.24728,-1.42085
62.13474,1.57135,-1.24791,-1.41275
62.20132,1.57154,-1.24894,-1.40193
62.26810,1.57214,-1.25192,-1.37118
62.33526,1.57249,-1.25352,-1.35515
62.40157,1.57279,-1.25478,-1.34140
62.46810,1.57352,-1.25765,-1.31461
62.53506,1.57404,-1.25951,-1.30031
62.60157,1.57462,-1.26154,-1.28765
62.66813,1.57562,-1.26482,-1.26996
62.73503,1.57610,-1.26638,-1.26535
62.80179,1.57724,-1.26992,-1.25309
62.86854,1.57896,-1.27509,-1.24003
62.93508,1.57946,-1.27656,-1.23795
63.00157,1.58069,-1.28007,-1.22896
63.06828,1.58238,-1.28477,-1.21904
63.13490,1.58284,-1.28604,-1.21725
63.20153,1.58416,-1.28956,-1.21010
63.26817,1.58608,-1.29464,-1.20438
63.33481,1.58664,-1.29611,-1.20438
63.40187,1.58810,-1.29991,-1.20174
63.46827,1.58966,-1.30396,-1.19863
63.53496,1.59057,-1.30629,-1.19611
63.60150,1.59144,-1.30849,-1.19375
63.66819,1.59310,-1.31264,-1.18813
63.73483,1.59392,-1.31467,-1.18536
63.80148,1.59481,-1.31686,-1.18273
63.86809,1.59670,-1.32144,-1.17822
63.93510,1.59757,-1.32354,-1.17565
64.00142,1.59849,-1.32573,-1.17269
64.06804,1.60034,-1.33010,-1.16795
64.13490,1.60080,-1.33115,-1.16704
64.20150,1.60137,-1.33251,-1.16659
64.26814,1.60355,-1.33760,-1.16408
64.33471,1.60516,-1.34132,-1.16206
64.40211,1.60577,-1.34274,-1.16177
64.46916,1.60804,-1.34797,-1.15968
64.53580,1.60963,-1.35161,-1.15809
64.60243,1.61025,-1.35304,-1.15816
64.66900,1.61243,-1.35799,-1.15319
64.73564,1.61403,-1.36155,-1.14801
64.80232,1.61456,-1.36273,-1.14534
64.86882,1.61664,-1.36725,-1.13609
64.93540,1.61831,-1.37079,-1.12862
65.00232,1.61889,-1.37199,-1.12490
65.06921,1.62121,-1.37674,-1.11376
65.13573,1.62240,-1.37915,-1.10788
65.20253,1.62350,-1.38132,-1.10207
65.26917,1.62599,-1.38614,-1.08985
65.33566,1.62724,-1.38851,-1.08356
65.40254,1.62724,-1.38851,-1.08356
65.46912,1.62724,-1.38851,-1.08356
65.53567,1.62724,-1.38851,-1.08356
65.60240,1.63285,-1.39871,-1.05594
65.66912,1.63537,-1.40308,-1.04339
65.73585,1.63537,-1.40308,-1.04339
65.80249,1.63537,-1.40308,-1.04339
65.86888,1.63537,-1.40308,-1.04339
65.93564,1.64132,-1.41296,-1.01804
66.00232,1.64259,-1.41500,-1.01329
66.06902,1.64509,-1.41898,-1.00581
66.13653,1.64633,-1.42093,-1.00285
66.20242,1.64633,-1.42093,-1.00285
66.26929,1.64633,-1.42093,-1.00285
66.33614,1.64633,-1.42093,-1.00285
66.40267,1.64824,-1.42389,-0.99659
66.46909,1.64824,-1.42389,-0.99659
66.53565,1.64824,-1.42389,-0.99659
66.60256,1.65536,-1.43466,-0.97818
66.66969,1.65915,-1.44024,-0.96973
66.73565,1.66166,-1.44387,-0.96317
66.80260,1.66166,-1.44387,-0.96317
66.86945,1.66166,-1.44387,-0.96317
66.93578,1.66166,-1.44387,-0.96317
67.00242,1.66693,-1.45131,-0.94891
67.06893,1.66965,-1.45506,-0.94175
67.13598,1.67173,-1.45790,-0.93615
67.20274,1.67241,-1.45882,-0.93428
67.26924,1.67517,-1.46252,-0.92745
67.33569,1.67727,-1.46530,-0.92344
67.40246,1.67804,-1.46632,-0.92303
67.46937,1.68119,-1.47047,-0.91827
67.53569,1.68283,-1.47261,-0.91634
67.60245,1.68283,-1.47261,-0.91634
67.66890,1.68283,-1.47261,-0.91634
67.73575,1.68283,-1.47261,-0.91634
67.80245,1.69061,-1.48263,-0.90669
67.86901,1.69400,-1.48696,-0.90439
67.93594,1.69400,-1.48696,-0.90439
68.00256,1.69400,-1.48696,-0.90439
68.06912,1.69400,-1.48696,-0.90439
68.13565,1.70192,-1.49697,-0.89591
68.20250,1.70324,-1.49860,-0.89338
68.26925,1.70601,-1.50202,-0.88916
68.33585,1.70601,-1.50202,-0.88916
68.40248,1.70601,-1.50202,-0.88916
68.46921,1.70601,-1.50202,-0.88916
68.53570,1.71177,-1.50903,-0.87776
68.60265,1.71391,-1.51159,-0.87377
68.66923,1.71706,-1.51531,-0.86511
68.73556,1.71796,-1.51634,-0.86172
68.80230,1.72035,-1.51911,-0.85520
68.86947,1.72366,-1.52286,-0.84534
68.93556,1.72457,-1.52387,-0.84292
69.00248,1.72703,-1.52661,-0.83566
69.06915,1.72976,-1.52959,-0.82666
69.13567,1.73146,-1.53142,-0.82089
69.20229,1.73329,-1.53336,-0.81510
69.26888,1.73692,-1.53715,-0.80272
69.33591,1.73869,-1.53897,-0.79681
69.40260,1.74063,-1.54094,-0.79023
69.46910,1.74448,-1.54476,-0.77719
69.53574,1.74633,-1.54657,-0.77079
69.60273,1.74828,-1.54844,-0.76419
69.66892,1.75212,-1.55206,-0.75103
69.73561,1.75395,-1.55375,-0.74510
69.80259,1.75591,-1.55554,-0.73875
69.86894,1.75782,-1.55727,-0.73232
69.93632,1.76064,-1.55977,-0.72271
70.00260,1.76170,-1.56069,-0.71907
70.06923,1.76577,-1.56420,-0.70659
70.13563,1.76878,-1.56674,-0.69722
70.20274,1.76980,-1.56759,-0.69323
70.26902,1.77382,-1.57087,-0.67956
70.33560,1.77695,-1.57337,-0.67000
70.40229,1.77803,-1.57422,-0.66639
70.46950,1.78229,-1.57750,-0.65243
70.53571,1.78545,-1.57988,-0.64315
70.60235,1.78641,-1.58060,-0.64052
70.66910,1.79026,-1.58345,-0.63273
70.73573,1.79227,-1.58492,-0.62829
70.80245,1.79416,-1.58628,-0.62354
70.86868,1.79820,-1.58915,-0.61487
70.93599,1.80033,-1.59064,-0.60944
71.00264,1.80230,-1.59200,-0.60433
71.06914,1.80655,-1.59489,-0.59173
71.13593,1.80885,-1.59642,-0.58522
71.20247,1.80989,-1.59710,-0.58255
71.26909,1.81419,-1.59989,-0.57146
71.33583,1.81521,-1.60054,-0.56929
71.40247,1.81822,-1.60245,-0.56278
71.46910,1.82218,-1.60492,-0.55554
71.53817,1.82310,-1.60550,-0.55407
71.60258,1.82604,-1.60730,-0.54877
71.66963,1.83000,-1.60970,-0.54185
71.73593,1.83091,-1.61025,-0.54018
71.80294,1.83391,-1.61203,-0.53503
71.86908,1.83790,-1.61437,-0.52808
71.93589,1.83894,-1.61498,-0.52600
72.00225,1.84191,-1.61669,-0.52143
72.06910,1.84488,-1.61839,-0.51705
72.13572,1.84696,-1.61956,-0.51365
72.20232,1.84894,-1.62067,-0.51037
72.26911,1.85282,-1.62282,-0.50368
72.33597,1.85477,-1.62390,-0.50041
72.40240,1.85681,-1.62500,-0.49746
72.46883,1.86082,-1.62716,-0.49089
72.53567,1.86276,-1.62819,-0.48754
72.60256,1.86488,-1.62931,-0.48471
72.66925,1.86708,-1.63047,-0.48314
72.73596,1.87057,-1.63229,-0.48109
72.80241,1.87057,-1.63229,-0.48109
72.86967,1.87566,-1.63494,-0.47798
72.93591,1.88075,-1.63758,-0.47570
73.00253,1.88221,-1.63833,-0.47537
73.06878,1.88571,-1.64013,-0.47400
73.13559,1.88571,-1.64013,-0.47400
73.20271,1.89202,-1.64337,-0.47203
73.26938,1.89692,-1.64586,-0.47046
73.33580,1.90052,-1.64769,-0.46954
73.40248,1.90052,-1.64769,-0.46954
73.46917,1.90649,-1.65073,-0.47077
73.53579,1.90649,-1.65073,-0.47077
73.60592,1.91088,-1.65299,-0.47662
73.66917,1.91510,-1.65520,-0.48302
73.73563,1.91510,-1.65520,-0.48302
73.80242,1.91510,-1.65520,-0.48302
73.86920,1.91835,-1.65695,-0.49787
73.93580,1.91835,-1.65695,-0.49787
74.00262,1.91868,-1.65714,-0.50187
74.06905,1.91996,-1.65787,-0.51509
74.13609,1.91996,-1.65787,-0.51509
74.20271,1.91996,-1.65787,-0.51509
74.26927,1.92214,-1.65922,-0.55372
74.33599,1.92214,-1.65922,-0.55372
74.40263,1.92214,-1.65922,-0.55372
74.46924,1.92505,-1.66118,-0.61919
74.53596,1.92505,-1.66118,-0.61919
74.60268,1.92505,-1.66118,-0.61919
74.66924,1.92636,-1.66226,-0.69530
74.73594,1.92636,-1.66226,-0.69530
74.80271,1.92636,-1.66226,-0.69530
74.86922,1.92759,-1.66341,-0.75185
74.93588,1.92759,-1.66341,-0.75185
75.00264,1.92759,-1.66341,-0.75185
75.06917,1.93145,-1.66729,-0.80837
75.13573,1.93145,-1.66729,-0.80837
75.20244,1.93145,-1.66729,-0.80837
75.26911,1.93623,-1.67257,-0.85876
75.33546,1.93878,-1.67560,-0.88774
75.40240,1.93878,-1.67560,-0.88774
75.46950,1.93954,-1.67651,-0.89038
75.53583,1.94346,-1.68157,-0.93727
75.60245,1.94346,-1.68157,-0.93727
75.66923,1.94331,-1.68134,-0.93288
75.73558,1.94710,-1.68677,-0.98536
75.80231,1.94710,-1.68677,-0.98536
75.86911,1.94746,-1.68733,-0.98882
75.93608,1.95142,-1.69377,-1.04817
76.00300,1.95142,-1.69377,-1.04817
76.06946,1.95114,-1.69327,-1.04318
76.13594,1.95368,-1.69786,-1.08488
76.20251,1.95368,-1.69786,-1.08488
76.26884,1.95468,-1.69982,-1.10210
76.33585,1.95728,-1.70527,-1.14767
76.40240,1.95787,-1.70660,-1.15889
76.46978,1.95915,-1.70966,-1.18601
76.53621,1.95989,-1.71155,-1.20163
76.60263,1.96054,-1.71327,-1.21607
76.66922,1.96188,-1.71709,-1.24240
76.73581,1.96259,-1.71921,-1.25146
76.80222,1.96325,-1.72122,-1.25722
76.86934,1.96474,-1.72583,-1.26652
76.93546,1.96556,-1.72840,-1.27088
77.00336,1.96624,-1.73061,-1.27280
77.06947,1.96781,-1.73569,-1.27545
77.13608,1.96869,-1.73855,-1.27706
77.20265,1.96943,-1.74100,-1.27750
77.26959,1.97108,-1.74645,-1.28012
77.33576,1.97189,-1.74915,-1.28165
77.40225,1.97258,-1.75146,-1.28252
77.46892,1.97416,-1.75679,-1.28384
77.53569,1.97490,-1.75927,-1.28440
77.60264,1.97561,-1.76169,-1.28556
77.66929,1.97714,-1.76691,-1.28666
77.73607,1.97797,-1.76974,-1.28662
77.80243,1.97862,-1.77196,-1.28606
77.86932,1.97943,-1.77472,-1.28503
77.93596,1.98023,-1.77741,-1.28317
78.00255,1.98079,-1.77929,-1.28121
78.06914,1.98210,-1.78363,-1.27860
78.13632,1.98252,-1.78500,-1.27640
78.20234,1.98285,-1.78606,-1.27278
78.26917,1.98313,-1.78694,-1.26513
78.33587,1.98313,-1.78694,-1.26513
78.40225,1.98313,-1.78694,-1.26513
78.46906,1.98313,-1.78694,-1.26513
78.53558,1.98334,-1.78757,-1.26167
78.60254,1.98334,-1.78757,-1.26167
78.66908,1.98334,-1.78757,-1.26167
78.73575,1.98400,-1.78940,-1.23035
78.80234,1.98403,-1.78948,-1.22766
78.86912,1.98421,-1.78996,-1.22179
78.93563,1.98430,-1.79020,-1.21842
79.00246,1.98446,-1.79063,-1.21108
79.06895,1.98470,-1.79124,-1.19435
79.13556,1.98479,-1.79146,-1.18538
79.20227,1.98489,-1.79169,-1.17330
79.26921,1.98510,-1.79216,-1.15890
79.33575,1.98517,-1.79232,-1.15227
79.40266,1.98535,-1.79270,-1.13987
79.46918,1.98581,-1.79368,-1.12489
79.53569,1.98622,-1.79449,-1.11576
79.60223,1.98682,-1.79570,-1.10032
79.66912,1.98772,-1.79743,-1.08350
79.73560,1.98822,-1.79837,-1.07354
79.80267,1.98870,-1.79924,-1.06457
79.86891,1.99037,-1.80214,-1.03319
79.93596,1.99108,-1.80329,-1.02220
80.00237,1.99225,-1.80516,-1.00439
80.06885,1.99450,-1.80861,-0.98138
80.13548,1.99558,-1.81022,-0.97618
80.20233,1.99683,-1.81207,-0.97076
80.26892,1.99975,-1.81636,-0.96745
80.33588,2.00141,-1.81879,-0.96603
80.40219,2.00281,-1.82083,-0.96536
80.46917,2.00588,-1.82531,-0.96735
80.53574,2.00753,-1.82773,-0.97038
80.60244,2.00883,-1.82965,-0.97403
80.66909,2.01071,-1.83249,-0.98968
80.73558,2.01119,-1.83320,-0.99083
80.80206,2.01115,-1.83317,-0.99974
80.86932,2.01160,-1.83393,-1.02492
80.93573,2.01214,-1.83487,-1.04238
81.00235,2.01224,-1.83509,-1.05681
81.06904,2.01270,-1.83602,-1.09813
81.13586,2.01302,-1.83669,-1.12515
81.20215,2.01299,-1.83670,-1.14724
81.26907,2.01319,-1.83727,-1.19930
81.33549,2.01324,-1.83743,-1.22049
81.40234,2.01333,-1.83775,-1.24497
81.46877,2.01360,-1.83870,-1.28113
81.53571,2.01383,-1.83951,-1.29288
81.60231,2.01425,-1.84103,-1.30495
81.66927,2.01518,-1.84456,-1.31783
81.73558,2.01559,-1.84609,-1.31921
81.80244,2.01607,-1.84794,-1.31842
81.86882,2.01731,-1.85254,-1.31276
81.93542,2.01796,-1.85489,-1.31022
82.00241,2.01872,-1.85767,-1.30809
82.06920,2.02010,-1.86263,-1.30199
82.13567,2.02072,-1.86485,-1.29923
82.20260,2.02152,-1.86763,-1.29490
82.26908,2.02298,-1.87271,-1.29125
82.33536,2.02365,-1.87503,-1.29238
82.40227,2.02406,-1.87645,-1.29352
82.46880,2.02546,-1.88143,-1.29842
82.53721,2.02579,-1.88266,-1.30319
82.60272,2.02676,-1.88624,-1.30904
82.66912,2.02806,-1.89128,-1.32014
82.73584,2.02842,-1.89279,-1.32629
82.80233,2.02888,-1.89466,-1.33383
82.86890,2.02958,-1.89773,-1.35136
82.93565,2.03007,-1.90009,-1.36429
83.00196,2.03042,-1.90187,-1.37505
83.06902,2.03097,-1.90493,-1.39945
83.13587,2.03125,-1.90667,-1.41399
83.20251,2.03144,-1.90800,-1.42428
83.26914,2.03187,-1.91125,-1.44633
83.33689,2.03215,-1.91363,-1.45458
83.40252,2.03241,-1.91592,-1.45875
83.46922,2.03304,-1.92141,-1.46350
83.53553,2.03335,-1.92427,-1.46400
83.60246,2.03357,-1.92621,-1.46336
83.66915,2.03399,-1.92986,-1.45805
83.73580,2.03413,-1.93109,-1.45455
83.80255,2.03422,-1.93179,-1.45026
83.86915,2.03455,-1.93428,-1.44135
83.93560,2.03487,-1.93665,-1.44037
84.00231,2.03515,-1.93876,-1.44011
84.06913,2.03540,-1.94063,-1.43776
84.13585,2.03572,-1.94295,-1.43289
84.20256,2.03571,-1.94281,-1.42998
84.26944,2.03605,-1.94509,-1.42107
84.33581,2.03621,-1.94612,-1.41562
84.40258,2.03649,-1.94785,-1.41209
84.46905,2.03694,-1.95052,-1.40037
84.53550,2.03717,-1.95177,-1.39509
84.60250,2.03740,-1.95303,-1.38932
84.66870,2.03766,-1.95441,-1.37966
84.73566,2.03784,-1.95529,-1.37410
84.80218,2.03809,-1.95651,-1.36640
84.86884,2.03872,-1.95933,-1.34635
84.93552,2.03902,-1.96059,-1.33655
85.00226,2.03928,-1.96164,-1.32686
85.06887,2.03957,-1.96279,-1.31676
85.13566,2.03968,-1.96319,-1.31211
85.20211,2.03987,-1.96387,-1.30572
85.26900,2.04046,-1.96593,-1.28498
85.33564,2.04085,-1.96720,-1.27266
85.40226,2.04136,-1.96879,-1.25731
85.46892,2.04258,-1.97235,-1.23202
85.53554,2.04324,-1.97417,-1.22155
85.60250,2.04415,-1.97664,-1.21184
85.66884,2.04616,-1.98191,-1.19886
85.73561,2.04616,-1.98191,-1.19886
85.80244,2.04616,-1.98191,-1.19886
85.86896,2.04616,-1.98191,-1.19886
85.93577,2.05004,-1.99173,-1.19114
86.00255,2.05097,-1.99410,-1.19269
86.06897,2.05097,-1.99410,-1.19269
86.13552,2.05097,-1.99410,-1.19269
86.20210,2.05097,-1.99410,-1.19269
86.26877,2.05440,-2.00290,-1.20148
86.33552,2.05440,-2.00290,-1.20148
86.40250,2.05440,-2.00290,-1.20148
86.46908,2.06051,-2.01974,-1.24246
86.53557,2.06135,-2.02229,-1.25063
86.60252,2.06135,-2.02229,-1.25063
86.66900,2.06135,-2.02229,-1.25063
86.73566,2.06194,-2.02413,-1.25624
86.80247,2.06501,-2.03361,-1.25396
86.86876,2.06600,-2.03657,-1.25002
86.93558,2.06600,-2.03657,-1.25002
87.00273,2.06600,-2.03657,-1.25002
87.06900,2.07008,-2.04856,-1.23930
87.13573,2.07008,-2.04856,-1.23930
87.20254,2.07107,-2.05139,-1.23616
87.26894,2.07280,-2.05629,-1.23026
87.33565,2.07280,-2.05629,-1.23026
87.40232,2.07280,-2.05629,-1.23026
87.46931,2.07280,-2.05629,-1.23026
87.53605,2.07727,-2.06849,-1.21344
87.60250,2.07825,-2.07106,-1.20891
87.66954,2.07825,-2.07106,-1.20891
87.73577,2.08092,-2.07795,-1.19660
87.80268,2.08195,-2.08055,-1.19183
87.86904,2.08272,-2.08247,-1.18743
87.93546,2.08272,-2.08247,-1.18743
88.00262,2.08583,-2.08993,-1.16796
88.06950,2.08647,-2.09139,-1.16190
88.13604,2.08647,-2.09139,-1.16190
88.20297,2.08647,-2.09139,-1.16190
88.26932,2.08647,-2.09139,-1.16190
88.33561,2.09235,-2.10395,-1.11339
88.40267,2.09380,-2.10684,-1.10426
88.46910,2.09469,-2.10860,-1.09868
88.53580,2.09712,-2.11325,-1.08462
88.60249,2.09840,-2.11565,-1.07744
88.66929,2.09962,-2.11789,-1.07121
88.73606,2.10211,-2.12238,-1.05940
88.80274,2.10337,-2.12461,-1.05416
88.86913,2.10457,-2.12670,-1.04941
88.93558,2.10457,-2.12670,-1.04941
89.00265,2.10457,-2.12670,-1.04941
89.07071,2.10457,-2.12670,-1.04941
89.13627,2.10457,-2.12670,-1.04941
89.20266,2.10938,-2.13492,-1.03375
89.26937,2.10938,-2.13492,-1.03375
89.33571,2.10938,-2.13492,-1.03375
89.40275,2.10938,-2.13492,-1.03375
89.46912,2.10938,-2.13492,-1.03375
89.53594,2.10938,-2.13492,-1.03375
89.60245,2.12211,-2.15527,-0.98689
89.66966,2.12508,-2.15967,-0.97322
89.73607,2.12710,-2.16260,-0.96531
89.80273,2.12804,-2.16396,-0.96187
89.86930,2.13015,-2.16694,-0.95253
89.93586,2.13015,-2.16694,-0.95253
90.00258,2.13407,-2.17236,-0.93690
90.06918,2.13731,-2.17670,-0.92352
90.13559,2.13731,-2.17670,-0.92352
90.20271,2.13731,-2.17670,-0.92352
90.26921,2.14339,-2.18456,-0.90358
90.33605,2.14486,-2.18641,-0.89966
90.40242,2.14486,-2.18641,-0.89966
90.46912,2.14913,-2.19173,-0.88994
90.53600,2.15064,-2.19358,-0.88631
90.60259,2.15212,-2.19540,-0.88368
90.66924,2.15533,-2.19929,-0.88024
90.73579,2.15533,-2.19929,-0.88024
90.80294,2.15533,-2.19929,-0.88024
90.86921,2.16166,-2.20691,-0.87478
90.93588,2.16166,-2.20691,-0.87478
91.00371,2.16166,-2.20691,-0.87478
91.06940,2.16231,-2.20769,-0.87473
91.13599,2.16947,-2.21623,-0.87092
91.20220,2.16947,-2.21623,-0.87092
91.26915,2.17240,-2.21971,-0.86922
91.33579,2.17659,-2.22467,-0.86801
91.40288,2.17842,-2.22683,-0.86719
91.46925,2.18191,-2.23092,-0.86454
91.53596,2.18191,-2.23092,-0.86454
91.60259,2.18191,-2.23092,-0.86454
91.66895,2.18853,-2.23866,-0.86137
91.73568,2.19031,-2.24073,-0.86055
91.80247,2.19031,-2.24073,-0.86055
91.86922,2.19379,-2.24478,-0.86005
91.93606,2.19730,-2.24886,-0.86042
92.00247,2.19906,-2.25091,-0.85992
92.06924,2.19906,-2.25091,-0.85992
92.13607,2.20381,-2.25639,-0.85129
92.20231,2.20557,-2.25837,-0.84672
92.26886,2.20915,-2.26235,-0.83684
92.33567,2.20915,-2.26235,-0.83684
92.40219,2.20915,-2.26235,-0.83684
92.46893,2.21436,-2.26802,-0.82168
92.53572,2.21743,-2.27128,-0.81289
92.60249,2.21743,-2.27128,-0.81289
92.66918,2.21743,-2.27128,-0.81289
92.73580,2.22478,-2.27884,-0.78846
92.80265,2.22511,-2.27916,-0.78679
92.86932,2.22511,-2.27916,-0.78679
92.93578,2.23057,-2.28446,-0.75883
93.00283,2.23226,-2.28603,-0.74690
93.06910,2.23592,-2.28931,-0.72209
93.13561,2.23766,-2.29081,-0.70857
93.20246,2.23766,-2.29081,-0.70857
93.26921,2.23893,-2.29187,-0.69584
93.33574,2.24119,-2.29367,-0.66474
93.40240,2.24145,-2.29386,-0.65398
93.46904,2.24148,-2.29385,-0.61322
93.53611,2.24135,-2.29373,-0.58906
93.60269,2.24121,-2.29361,-0.56808
93.66926,2.24081,-2.29331,-0.52353
93.73581,2.24081,-2.29331,-0.52179
93.80269,2.24147,-2.29364,-0.48331
93.86914,2.24149,-2.29359,-0.46659
93.93550,2.24255,-2.29410,-0.45111
94.00232,2.24398,-2.29477,-0.43555
94.06950,2.24620,-2.29578,-0.41822
94.13568,2.24682,-2.29605,-0.41459
94.20265,2.24715,-2.29620,-0.41751
94.26907,2.24762,-2.29642,-0.42178
94.33561,2.24817,-2.29667,-0.42578
94.40232,2.24870,-2.29693,-0.43354
94.46879,2.24966,-2.29739,-0.44464
94.53551,2.25025,-2.29768,-0.45270
94.60240,2.25042,-2.29776,-0.46006
94.66898,2.25080,-2.29796,-0.47765
94.73568,2.25115,-2.29815,-0.48604
94.80259,2.25127,-2.29822,-0.49082
94.86896,2.25180,-2.29851,-0.50204
94.93557,2.25202,-2.29863,-0.50767
95.00212,2.25221,-2.29874,-0.51580
95.06915,2.25278,-2.29908,-0.53383
95.13557,2.25312,-2.29928,-0.54340
95.20367,2.25341,-2.29946,-0.55472
95.26914,2.25478,-2.30034,-0.57351
95.33581,2.25631,-2.30135,-0.58696
95.40250,2.25771,-2.30230,-0.59117
95.46907,2.26003,-2.30385,-0.58398
95.53566,2.26068,-2.30428,-0.57774
95.60226,2.26139,-2.30473,-0.56187
95.66875,2.26197,-2.30506,-0.51520
95.73567,2.26203,-2.30509,-0.48859
95.80237,2.26195,-2.30504,-0.45498
95.86917,2.26141,-2.30478,-0.38169
95.93577,2.26109,-2.30465,-0.34376
96.00212,2.26069,-2.30450,-0.29759
96.06872,2.26027,-2.30437,-0.25605
96.13527,2.25890,-2.30408,-0.14685
96.20220,2.25839,-2.30400,-0.11253
96.26905,2.25816,-2.30396,-0.09661
96.33571,2.25855,-2.30400,-0.10472
96.40247,2.25949,-2.30412,-0.12809
96.46926,2.26153,-2.30445,-0.17524
96.53575,2.26247,-2.30462,-0.19525
96.60235,2.26351,-2.30484,-0.22430
96.66894,2.26526,-2.30531,-0.29205
96.73553,2.26604,-2.30556,-0.32807
96.80221,2.26697,-2.30592,-0.37342
96.86896,2.26817,-2.30645,-0.44800
96.93591,2.26873,-2.30674,-0.48551
97.00207,2.26926,-2.30704,-0.52303
97.06924,2.27030,-2.30771,-0.59222
97.13579,2.27075,-2.30803,-0.62271
97.20241,2.27118,-2.30836,-0.65046
97.26896,2.27146,-2.30858,-0.66859
97.33547,2.27162,-2.30871,-0.66961
97.40246,2.27153,-2.30863,-0.65710
97.46913,2.27159,-2.30866,-0.60083
97.53565,2.27154,-2.30863,-0.56472
97.60254,2.27104,-2.30831,-0.53226
97.66881,2.27033,-2.30792,-0.43464
97.73565,2.27006,-2.30779,-0.36905
97.80205,2.26967,-2.30763,-0.32507
97.86890,2.26907,-2.30744,-0.21635
97.93560,2.26907,-2.30744,-0.21635
98.00233,2.26907,-2.30744,-0.21635
98.06895,2.26907,-2.30744,-0.21635
98.13575,2.26780,-2.30725,-0.04479
98.20247,2.26836,-2.30728,-0.06003
98.26887,2.26979,-2.30740,-0.10709
98.33581,2.27057,-2.30750,-0.13345
98.40241,2.27137,-2.30762,-0.16223
98.46889,2.27372,-2.30812,-0.23859
98.53556,2.27521,-2.30853,-0.28325
98.60235,2.27651,-2.30894,-0.32342
98.66905,2.27892,-2.30986,-0.40811
98.73581,2.28010,-2.31041,-0.45229
98.80229,2.28107,-2.31091,-0.49463
98.86900,2.28288,-2.31199,-0.58607
98.93554,2.28347,-2.31241,-0.63084
99.00246,2.28386,-2.31271,-0.67288
99.06886,2.28408,-2.31291,-0.72138
99.13553,2.28411,-2.31294,-0.71725
99.20234,2.28422,-2.31302,-0.69884
99.26910,2.28432,-2.31309,-0.66740
99.33569,2.28439,-2.31313,-0.63716
99.40265,2.28441,-2.31316,-0.59459
99.46913,2.28356,-2.31257,-0.50598
99.53550,2.28339,-2.31245,-0.44985
99.60259,2.28325,-2.31237,-0.38631
99.66921,2.28267,-2.31215,-0.26006
99.73592,2.28223,-2.31204,-0.20095
99.80275,2.28173,-2.31194,-0.13716
99.86901,2.28070,-2.31185,-0.01344
99.93579,2.28038,-2.31183,0.01686
100.00270,2.28037,-2.31182,0.02584
100.06894,2.28211,-2.31181,-0.00730
100.13581,2.28330,-2.31185,-0.03317
100.20283,2.28481,-2.31194,-0.06396
100.26923,2.28797,-2.31229,-0.13266
100.33607,2.28977,-2.31259,-0.17460
100.40245,2.29166,-2.31300,-0.22306
100.46917,2.29548,-2.31413,-0.32061
100.53569,2.29741,-2.31485,-0.37068
100.60266,2.29900,-2.31552,-0.41730
100.66911,2.30161,-2.31683,-0.50269
100.73564,2.30288,-2.31760,-0.55921
100.80269,2.30353,-2.31803,-0.59428
100.86903,2.30507,-2.31923,-0.68991
100.93557,2.30572,-2.31983,-0.73793
101.00250,2.30649,-2.32063,-0.79053
101.06891,2.30756,-2.32181,-0.82451
101.13567,2.30792,-2.32220,-0.81524
101.20343,2.30819,-2.32247,-0.78579
101.26903,2.30899,-2.32315,-0.71606
101.33612,2.30903,-2.32317,-0.68037
101.40261,2.30928,-2.32339,-0.67578
101.46924,2.30943,-2.32339,-0.57766
101.53610,2.30947,-2.32333,-0.52602
101.60253,2.31006,-2.32362,-0.45818
101.66916,2.31044,-2.32367,-0.32862
101.73568,2.31021,-2.32353,-0.27554
101.80239,2.31048,-2.32358,-0.19263
101.86906,2.31020,-2.32343,-0.06747
101.93603,2.30956,-2.32336,-0.00328
102.00241,2.30935,-2.32336,0.07494
102.06910,2.30823,-2.32340,0.15528
102.13570,2.30829,-2.32337,0.16574
102.20246,2.30883,-2.32328,0.15929
102.26899,2.31152,-2.32296,0.10690
102.33575,2.31348,-2.32282,0.07326
102.40248,2.31521,-2.32274,0.04212
102.46924,2.31938,-2.32281,-0.04035
102.53567,2.32193,-2.32302,-0.08931
102.60289,2.32193,-2.32302,-0.08931
102.66928,2.32193,-2.32302,-0.08931
102.73583,2.33161,-2.32496,-0.28324
102.80248,2.33161,-2.32496,-0.28324
102.86926,2.33161,-2.32496,-0.28324
102.93582,2.33339,-2.32553,-0.32725
103.00326,2.34078,-2.32903,-0.52796
103.06939,2.34231,-2.33001,-0.58331
103.13594,2.34231,-2.33001,-0.58331
103.20250,2.34467,-2.33182,-0.69466
103.26915,2.34638,-2.33344,-0.78900
103.33595,2.34711,-2.33430,-0.87093
103.40255,2.34795,-2.33549,-0.95169
103.46934,2.34795,-2.33549,-0.95169
103.53638,2.34961,-2.33836,-1.06414
103.60246,2.34998,-2.33901,-1.05551
103.66931,2.35033,-2.33958,-1.03449
103.73596,2.35145,-2.34115,-0.96743
103.80263,2.35217,-2.34206,-0.92445
103.86929,2.35291,-2.34290,-0.88211
103.93574,2.35291,-2.34290,-0.88211
104.00289,2.35681,-2.34643,-0.69436
104.06932,2.35681,-2.34643,-0.69436
104.13593,2.36139,-2.34925,-0.50983
104.20259,2.36139,-2.34925,-0.50983
104.26950,2.36139,-2.34925,-0.50983
104.33601,2.36347,-2.35021,-0.44263
104.40250,2.36347,-2.35021,-0.44263
104.46922,2.36347,-2.35021,-0.44263
104.53607,2.37047,-2.35228,-0.19344
104.60263,2.37694,-2.35259,0.02332
104.66937,2.37694,-2.35259,0.02332
104.73599,2.37711,-2.35249,0.04982
104.80260,2.37711,-2.35249,0.04982
104.86912,2.37711,-2.35249,0.04982
104.93591,2.38046,-2.35202,0.16810
105.00250,2.38702,-2.34975,0.46045
105.06926,2.38702,-2.34975,0.46045
105.13598,2.38786,-2.34924,0.52119
105.20262,2.39008,-2.34757,0.63773
105.26962,2.39105,-2.34684,0.64135
105.33605,2.39105,-2.34684,0.64135
105.40257,2.39626,-2.34337,0.57949
105.46908,2.39900,-2.34178,0.54453
105.53566,2.39900,-2.34178,0.54453
105.60245,2.39900,-2.34178,0.54453
105.66917,2.39900,-2.34178,0.54453
105.73578,2.39900,-2.34178,0.54453
105.80246,2.41058,-2.33656,0.35752
105.86935,2.41058,-2.33656,0.35752
105.93568,2.41058,-2.33656,0.35752
106.00252,2.42817,-2.33364,0.03622
106.06897,2.43096,-2.33368,-0.01542
106.13549,2.43096,-2.33368,-0.01542
106.20238,2.43439,-2.33396,-0.07848
106.26938,2.43439,-2.33396,-0.07848
106.33569,2.43439,-2.33396,-0.07848
106.40251,2.43439,-2.33396,-0.07848
106.46920,2.45827,-2.34190,-0.50556
106.53559,2.46079,-2.34339,-0.54858
106.60241,2.46363,-2.34528,-0.60164
106.66918,2.46833,-2.34891,-0.69318
106.73583,2.47023,-2.35055,-0.72353
106.80266,2.47246,-2.35260,-0.75868
106.86951,2.47549,-2.35564,-0.81858
106.93613,2.47549,-2.35564,-0.81858
107.00255,2.47549,-2.35564,-0.81858
107.06927,2.47549,-2.35564,-0.81858
107.13584,2.47549,-2.35564,-0.81858
107.20223,2.47549,-2.35564,-0.81858
107.26971,2.47549,-2.35564,-0.81858
107.33630,2.47861,-2.35923,-0.83415
107.40274,2.47863,-2.35922,-0.81283
107.46930,2.47885,-2.35937,-0.76843
107.53575,2.47901,-2.35948,-0.73853
107.60263,2.47938,-2.35976,-0.70829
107.66898,2.48131,-2.36111,-0.62120
107.73584,2.48263,-2.36193,-0.57010
107.80267,2.48370,-2.36254,-0.52629
107.86929,2.48544,-2.36337,-0.43102
107.93598,2.48611,-2.36362,-0.37905
108.00256,2.48652,-2.36374,-0.33841
108.06951,2.48759,-2.36400,-0.25880
108.13607,2.48813,-2.36410,-0.21726
108.20264,2.48876,-2.36420,-0.19188
108.26899,2.49022,-2.36444,-0.16785
108.33569,2.49246,-2.36479,-0.14015
108.40257,2.49277,-2.36482,-0.14622
108.46915,2.49509,-2.36519,-0.15532
108.53616,2.49725,-2.36557,-0.16043
108.60270,2.49796,-2.36572,-0.17856
108.66920,2.50077,-2.36631,-0.20999
108.73562,2.50212,-2.36663,-0.22439
108.80247,2.50356,-2.36699,-0.24047
108.86889,2.50458,-2.36726,-0.25266
108.93579,2.50693,-2.36794,-0.28095
109.00247,2.50835,-2.36837,-0.29850
109.06933,2.51114,-2.36930,-0.33159
109.13584,2.51238,-2.36975,-0.34531
109.20248,2.51403,-2.37037,-0.36186
109.26913,2.51748,-2.37174,-0.38791
109.33582,2.51908,-2.37241,-0.39285
109.40259,2.52055,-2.37301,-0.39000
109.46912,2.52274,-2.37387,-0.37381
109.53619,2.52381,-2.37427,-0.36222
109.60244,2.52499,-2.37469,-0.34377
109.66942,2.52715,-2.37537,-0.30551
109.73577,2.52820,-2.37568,-0.29020
109.80239,2.52958,-2.37605,-0.26741
109.86893,2.53058,-2.37630,-0.24550
109.93539,2.53157,-2.37652,-0.21304
110.00252,2.53337,-2.37684,-0.17219
110.06926,2.53496,-2.37696,-0.10696
110.13575,2.53505,-2.37692,-0.08583
110.20252,2.53590,-2.37696,-0.05859
110.26925,2.53769,-2.37697,-0.00668
110.33590,2.53867,-2.37695,0.01347
110.40249,2.53958,-2.37693,0.02554
110.46919,2.54179,-2.37685,0.03921
110.53555,2.54305,-2.37680,0.04075
110.60271,2.54415,-2.37676,0.03814
110.66923,2.54716,-2.37669,0.02415
110.73605,2.54899,-2.37668,0.01343
110.80268,2.55039,-2.37668,0.00568
110.86934,2.55348,-2.37672,-0.01476
110.93586,2.55517,-2.37677,-0.02659
111.00231,2.55664,-2.37682,-0.03673
111.06887,2.55966,-2.37699,-0.05913
111.13589,2.56106,-2.37708,-0.07080
111.20252,2.56227,-2.37718,-0.08049
111.26897,2.56491,-2.37744,-0.10125
111.33563,2.56491,-2.37744,-0.10125
111.40263,2.56630,-2.37759,-0.11101
111.46930,2.56991,-2.37804,-0.12906
111.53569,2.57205,-2.37832,-0.13438
111.60249,2.57486,-2.37871,-0.13773
111.66885,2.58006,-2.37943,-0.14130
111.73592,2.58208,-2.37971,-0.13863
111.80265,2.58466,-2.38006,-0.13313
111.86933,2.58867,-2.38056,-0.12042
111.93600,2.58997,-2.38070,-0.11385
112.00250,2.59135,-2.38085,-0.10613
112.06910,2.59252,-2.38096,-0.09959
112.13550,2.59537,-2.38121,-0.08468
112.20218,2.59667,-2.38130,-0.07478
112.26915,2.59871,-2.38142,-0.05744
112.33593,2.59957,-2.38146,-0.04952
112.40252,2.60068,-2.38150,-0.03869
112.46921,2.60282,-2.38154,-0.01690
112.53573,2.60282,-2.38154,-0.01690
112.60253,2.60547,-2.38155,0.00528
112.66882,2.60812,-2.38148,0.02984
112.73519,2.60799,-2.38147,0.03227
112.80334,2.60929,-2.38141,0.04422
112.86886,2.61272,-2.38119,0.07150
112.93610,2.61529,-2.38098,0.08315
113.00239,2.61749,-2.38078,0.09128
113.06930,2.62280,-2.38027,0.10225
113.13559,2.62595,-2.37994,0.10704
113.20232,2.62804,-2.37973,0.10830
113.26903,2.63357,-2.37913,0.11137
113.33582,2.63719,-2.37872,0.11406
113.40225,2.63934,-2.37848,0.11475
113.46881,2.64488,-2.37785,0.11591
113.53546,2.64810,-2.37747,0.11646
113.60225,2.64996,-2.37726,0.11541
113.66878,2.65504,-2.37669,0.11338
113.73593,2.65835,-2.37632,0.11247
113.80230,2.66025,-2.37611,0.11184
113.86898,2.66553,-2.37552,0.11271
113.93588,2.66826,-2.37521,0.11215
114.00263,2.66826,-2.37521,0.11215
114.06928,2.66826,-2.37521,0.11215
114.13602,2.66826,-2.37521,0.11215
114.20239,2.68101,-2.37380,0.10916
114.26859,2.68584,-2.37328,0.10669
114.33495,2.68832,-2.37302,0.10531
114.40142,2.69057,-2.37278,0.10404
114.46948,2.69386,-2.37244,0.10349
114.53579,2.69574,-2.37225,0.10301
114.60274,2.69921,-2.37189,0.10205
114.66958,2.70452,-2.37136,0.09961
114.73581,2.70639,-2.37117,0.09922
114.80251,2.70988,-2.37082,0.09864
114.86918,2.71508,-2.37031,0.09811
114.93571,2.71705,-2.37012,0.09740
115.00285,2.72053,-2.36978,0.09738
115.06919,2.72591,-2.36925,0.09717
115.13615,2.72789,-2.36906,0.09695
115.20288,2.73110,-2.36875,0.09778
115.26934,2.73622,-2.36825,0.09854
115.33578,2.73799,-2.36807,0.09917
115.40246,2.74138,-2.36773,0.09981
115.46900,2.74646,-2.36720,0.10437
115.53566,2.74823,-2.36701,0.10639
115.60241,2.75131,-2.36668,0.10944
115.66924,2.75546,-2.36619,0.11707
115.73627,2.75790,-2.36589,0.12134
115.80267,2.76059,-2.36555,0.12661
115.86910,2.76564,-2.36486,0.13671
115.93550,2.76633,-2.36477,0.13780
116.00215,2.76812,-2.36451,0.14130
116.06934,2.77303,-2.36377,0.15267
116.13597,2.77612,-2.36328,0.15975
116.20249,2.77784,-2.36299,0.16399
116.26923,2.78297,-2.36210,0.17555
116.33587,2.78618,-2.36151,0.18322
116.40249,2.78802,-2.36117,0.18755
116.46913,2.79319,-2.36015,0.19952
116.53557,2.79661,-2.35943,0.20832
116.60223,2.79844,-2.35904,0.21295
116.66896,2.80365,-2.35787,0.22646
116.73575,2.80698,-2.35708,0.23571
116.80257,2.80880,-2.35663,0.24084
116.86923,2.81398,-2.35531,0.25500
116.93549,2.81717,-2.35446,0.26348
117.00193,2.81905,-2.35394,0.26841
117.06854,2.82409,-2.35251,0.28160
117.13502,2.82668,-2.35175,0.28769
117.20202,2.82909,-2.35103,0.29352
117.26878,2.83400,-2.34950,0.30591
117.33543,2.83655,-2.34869,0.31183
117.40221,2.83655,-2.34869,0.31183
117.46861,2.83655,-2.34869,0.31183
117.53565,2.83655,-2.34869,0.31183
117.60274,2.83655,-2.34869,0.31183
117.66900,2.83655,-2.34869,0.31183
117.73573,2.83655,-2.34869,0.31183
117.80241,2.83655,-2.34869,0.31183
117.86906,2.84781,-2.34489,0.33543
117.93594,2.86068,-2.34024,0.35639
118.00283,2.86397,-2.33901,0.36132
118.06907,2.86397,-2.33901,0.36132
118.13623,2.86926,-2.33698,0.36963
118.20249,2.87275,-2.33562,0.37248
118.26923,2.87798,-2.33356,0.37663
118.33613,2.87953,-2.33295,0.37706
118.40270,2.87953,-2.33295,0.37706
118.46947,2.88733,-2.32985,0.38129
118.53601,2.88982,-2.32885,0.38214
118.60262,2.89240,-2.32781,0.38244
118.66916,2.89738,-2.32581,0.38241
118.73573,2.89980,-2.32484,0.38271
118.80286,2.90235,-2.32382,0.38297
118.86941,2.90235,-2.32382,0.38297
118.93607,2.90959,-2.32090,0.38367
119.00260,2.90959,-2.32090,0.38367
119.06983,2.91194,-2.31995,0.38340
119.13590,2.91725,-2.31782,0.38217
119.20242,2.91725,-2.31782,0.38217
119.26908,2.91825,-2.31742,0.38123
119.33580,2.92580,-2.31441,0.37782
119.40271,2.92580,-2.31441,0.37782
119.46923,2.92683,-2.31401,0.37690
119.53590,2.93453,-2.31099,0.37079
119.60271,2.93453,-2.31099,0.37079
119.66922,2.93453,-2.31099,0.37079
119.73564,2.94387,-2.30746,0.35766
119.80233,2.94387,-2.30746,0.35766
119.86905,2.94387,-2.30746,0.35766
119.93558,2.95176,-2.30460,0.34440
120.00241,2.95176,-2.30460,0.34440
120.06880,2.95176,-2.30460,0.34440
120.13572,2.96181,-2.30113,0.32450
120.20244,2.96436,-2.30029,0.31897
120.26884,2.96436,-2.30029,0.31897
120.33590,2.96709,-2.29940,0.31306
120.40225,2.97493,-2.29696,0.29469
120.46889,2.97493,-2.29696,0.29469
120.53569,2.97758,-2.29617,0.28932
120.60243,2.98476,-2.29409,0.27707
120.66920,2.98476,-2.29409,0.27707
120.73588,2.98708,-2.29343,0.27365
120.80278,2.99327,-2.29173,0.26526
120.86923,2.99327,-2.29173,0.26526
120.93571,2.99386,-2.29157,0.26434
121.00225,3.00236,-2.28933,0.25209
121.06868,3.00236,-2.28933,0.25209
121.13599,3.00266,-2.28925,0.25156
121.20270,3.01163,-2.28702,0.23828
121.26911,3.01163,-2.28702,0.23828
121.33578,3.01183,-2.28697,0.23778
121.40196,3.01853,-2.28539,0.22789
121.46861,3.02319,-2.28433,0.22076
121.53579,3.02538,-2.28385,0.21766
121.60243,3.02772,-2.28333,0.21434
121.66921,3.03241,-2.28233,0.20741
121.73585,3.03474,-2.28185,0.20407
121.80268,3.03720,-2.28135,0.20049
121.86919,3.04211,-2.28038,0.19317
121.93580,3.04443,-2.27993,0.19027
122.00237,3.04684,-2.27947,0.18684
122.06886,3.05121,-2.27866,0.18093
122.13550,3.05320,-2.27830,0.17856
122.20277,3.05548,-2.27789,0.17583
122.26924,3.05996,-2.27712,0.16970
122.33586,3.06216,-2.27675,0.16666
122.40257,3.06465,-2.27633,0.16357
122.46887,3.06937,-2.27557,0.15686
122.53570,3.07151,-2.27524,0.15406
122.60246,3.07395,-2.27487,0.15043
122.66903,3.07854,-2.27420,0.14334
122.73593,3.08061,-2.27390,0.14086
122.80242,3.08309,-2.27356,0.13761
122.86958,3.08781,-2.27292,0.13091
122.93591,3.08991,-2.27265,0.12770
123.00264,3.09062,-2.27256,0.12690
123.06925,3.09516,-2.27200,0.12191
123.13583,3.09711,-2.27176,0.12109
123.20252,3.10025,-2.27138,0.11931
123.26941,3.10571,-2.27073,0.11722
123.33562,3.10762,-2.27050,0.11670
123.40256,3.11110,-2.27010,0.11547
123.46921,3.11657,-2.26946,0.11387
123.53597,3.11853,-2.26924,0.11333
123.60222,3.12216,-2.26883,0.11229
123.66895,3.12755,-2.26821,0.11221
123.73543,3.12942,-2.26799,0.11278
123.80211,3.12942,-2.26799,0.11278
123.86911,3.12942,-2.26799,0.11278
123.93581,3.12942,-2.26799,0.11278
124.00229,3.14032,-2.26675,0.11203
124.06901,3.14812,-2.26588,0.11136
124.13553,3.15113,-2.26554,0.11116
124.20235,3.15362,-2.26526,0.11066
124.26895,3.15917,-2.26465,0.10933
124.33552,3.16211,-2.26432,0.10847
124.40249,3.16452,-2.26406,0.10807
124.46904,3.16981,-2.26348,0.10880
124.53577,3.17103,-2.26335,0.10840
124.60285,3.17275,-2.26315,0.10911
124.66903,3.18064,-2.26229,0.10801
124.73557,3.18377,-2.26195,0.10777
124.80231,3.18607,-2.26170,0.10698
124.86887,3.18726,-2.26157,0.10650
124.93641,3.19296,-2.26096,0.10575
125.00219,3.19486,-2.26076,0.10544
125.06924,3.20040,-2.26017,0.10418
125.13619,3.20401,-2.25980,0.10379
125.20274,3.20565,-2.25962,0.10370
125.26926,3.21085,-2.25908,0.10290
125.33578,3.21490,-2.25867,0.10215
125.40261,3.21620,-2.25853,0.10192
125.46901,3.22152,-2.25799,0.10181
125.53541,3.22395,-2.25774,0.10140
125.60240,3.22690,-2.25744,0.10113
125.66911,3.23233,-2.25689,0.10070
125.73590,3.23478,-2.25664,0.10061
125.80242,3.23781,-2.25633,0.10019
125.86902,3.24336,-2.25577,0.09985
125.93567,3.24581,-2.25553,0.09948
126.00217,3.24877,-2.25523,0.09938
126.06938,3.25405,-2.25470,0.09944
126.13583,3.25644,-2.25446,0.09953
126.20244,3.25940,-2.25417,0.09931
126.26925,3.26480,-2.25363,0.09925
126.33575,3.26720,-2.25339,0.09949
126.40265,3.27018,-2.25309,0.09945
126.46901,3.27265,-2.25284,0.09938
126.53552,3.27265,-2.25284,0.09938
126.60250,3.27265,-2.25284,0.09938
126.66926,3.27265,-2.25284,0.09938
126.73605,3.27265,-2.25284,0.09938
126.80253,3.27265,-2.25284,0.09938
126.86915,3.29145,-2.25097,0.09836
126.93573,3.29664,-2.25046,0.09849
127.00233,3.30115,-2.25001,0.09815
127.06922,3.30421,-2.24971,0.09861
127.13554,3.30731,-2.24940,0.09870
127.20241,3.30974,-2.24916,0.09850
127.26885,3.31275,-2.24886,0.09877
127.33579,3.31275,-2.24886,0.09877
127.40244,3.31275,-2.24886,0.09877
127.46880,3.32360,-2.24779,0.09816
127.53575,3.32604,-2.24755,0.09811
127.60260,3.32604,-2.24755,0.09811
127.66914,3.32604,-2.24755,0.09811
127.73583,3.32604,-2.24755,0.09811
127.80271,3.32604,-2.24755,0.09811
127.86914,3.34416,-2.24578,0.09423
127.93577,3.34617,-2.24559,0.09321
128.00189,3.35070,-2.24518,0.08940
128.06848,3.35306,-2.24498,0.08732
128.13517,3.35754,-2.24460,0.08341
128.20203,3.35956,-2.24443,0.08119
128.26910,3.36414,-2.24408,0.07613
128.33576,3.36660,-2.24390,0.07345
128.40264,3.36660,-2.24390,0.07345
128.46936,3.36660,-2.24390,0.07345
128.53577,3.36660,-2.24390,0.07345
128.60228,3.36660,-2.24390,0.07345
128.66901,3.36660,-2.24390,0.07345
128.73559,3.36660,-2.24390,0.07345
128.80247,3.37350,-2.24343,0.06424
128.86925,3.38997,-2.24255,0.04560
128.93568,3.39192,-2.24246,0.04323
129.00252,3.39470,-2.24235,0.03978
129.06896,3.39972,-2.24218,0.03070
129.13552,3.40167,-2.24213,0.02506
129.20236,3.40516,-2.24208,0.01297
129.26928,3.41087,-2.24209,-0.00638
129.33555,3.41272,-2.24211,-0.01281
129.40232,3.41598,-2.24218,-0.02408
129.46902,3.42079,-2.24237,-0.04537
129.53591,3.42079,-2.24237,-0.04537
129.60224,3.42079,-2.24237,-0.04537
129.66863,3.42079,-2.24237,-0.04537
129.73567,3.42789,-2.24286,-0.08850
129.80205,3.42934,-2.24303,-0.10720
129.86905,3.42953,-2.24307,-0.13126
129.93565,3.42969,-2.24311,-0.14644
130.00224,3.42999,-2.24318,-0.16526
130.06897,3.43085,-2.24337,-0.20382
130.13585,3.43122,-2.24347,-0.22133
130.20228,3.43151,-2.24355,-0.23901
130.26891,3.43261,-2.24387,-0.27372
130.33557,3.43261,-2.24387,-0.27372
130.40210,3.43261,-2.24387,-0.27372
130.46946,3.43261,-2.24387,-0.27372
130.53584,3.44147,-2.24680,-0.35450
130.60280,3.44315,-2.24742,-0.36288
130.66951,3.44817,-2.24941,-0.39391
130.73636,3.45169,-2.25091,-0.41479
130.80249,3.45340,-2.25165,-0.42002
130.86911,3.45850,-2.25398,-0.44401
130.93560,3.46196,-2.25567,-0.46493
131.00282,3.46275,-2.25605,-0.46862
131.06906,3.46580,-2.25764,-0.49250
131.13594,3.46805,-2.25888,-0.51301
131.20246,3.46817,-2.25895,-0.51587
131.26838,3.46979,-2.25992,-0.54850
131.33513,3.47041,-2.26031,-0.56793
131.40139,3.47084,-2.26061,-0.58601
131.46864,3.47177,-2.26129,-0.62212
131.53603,3.47234,-2.26172,-0.64192
131.60245,3.47325,-2.26243,-0.66027
131.66946,3.47651,-2.26512,-0.70201
131.73593,3.47839,-2.26674,-0.72177
131.80265,3.48005,-2.26822,-0.73848
131.86907,3.48336,-2.27133,-0.77086
131.93563,3.48506,-2.27300,-0.78389
132.00233,3.48663,-2.27457,-0.79308
132.06864,3.49039,-2.27843,-0.80900
132.13576,3.49236,-2.28049,-0.81518
132.20263,3.49414,-2.28236,-0.81963
132.26932,3.49755,-2.28599,-0.82439
132.33623,3.49935,-2.28792,-0.82527
132.40238,3.50120,-2.28990,-0.82676
132.46903,3.50487,-2.29384,-0.82771
132.53573,3.50487,-2.29384,-0.82582
132.60255,3.50682,-2.29593,-0.82594
132.66906,3.50854,-2.29779,-0.82573
132.73567,3.50854,-2.29779,-0.82573
132.80263,3.51411,-2.30380,-0.82527
132.86923,3.51574,-2.30556,-0.82519
132.93586,3.51574,-2.30556,-0.82519
133.00222,3.51769,-2.30766,-0.82598
133.06910,3.52304,-2.31346,-0.82687
133.13568,3.52496,-2.31554,-0.82726
133.20244,3.52772,-2.31855,-0.82806
133.26907,3.52943,-2.32039,-0.82263
133.33607,3.52994,-2.32093,-0.82021
133.40259,3.53030,-2.32131,-0.81868
133.46941,3.53075,-2.32179,-0.81487
133.53586,3.53075,-2.32179,-0.81487
133.60249,3.53098,-2.32203,-0.81206
133.66898,3.53163,-2.32268,-0.80257
133.73542,3.53202,-2.32308,-0.79941
133.80247,3.53216,-2.32323,-0.79588
133.86906,3.53270,-2.32377,-0.78822
133.93563,3.53307,-2.32413,-0.78431
134.00298,3.53307,-2.32413,-0.78431
134.06897,3.53322,-2.32427,-0.78077
134.13584,3.53360,-2.32464,-0.77477
134.20284,3.53360,-2.32464,-0.77477
134.26903,3.53445,-2.32546,-0.76222
134.33608,3.53445,-2.32546,-0.76222
134.40276,3.53445,-2.32546,-0.76222
134.46919,3.53498,-2.32595,-0.75371
134.53586,3.53539,-2.32634,-0.74723
134.60241,3.53539,-2.32634,-0.74723
134.66899,3.53664,-2.32746,-0.72932
134.73560,3.53664,-2.32746,-0.72932
134.80237,3.53664,-2.32746,-0.72932
134.86819,3.53800,-2.32866,-0.71049
134.93491,3.53800,-2.32866,-0.71049
135.00168,3.53800,-2.32866,-0.71049
135.06825,3.53913,-2.32962,-0.69423
135.13497,3.53945,-2.32988,-0.68874
135.20144,3.53945,-2.32988,-0.68874
135.26819,3.54224,-2.33206,-0.64960
135.33463,3.54348,-2.33297,-0.63670
135.40130,3.54348,-2.33297,-0.63670
135.46820,3.54874,-2.33669,-0.60289
135.53497,3.55117,-2.33834,-0.59372
135.60153,3.55117,-2.33834,-0.59372
135.66814,3.55781,-2.34273,-0.57212
135.73481,3.56043,-2.34440,-0.56437
135.80152,3.56043,-2.34440,-0.56437
135.86813,3.56486,-2.34718,-0.55279
135.93469,3.56757,-2.34884,-0.54650
136.00212,3.56757,-2.34884,-0.54650
136.06815,3.56903,-2.34974,-0.54430
136.13488,3.57569,-2.35372,-0.53190
136.20148,3.57569,-2.35372,-0.53190
136.26864,3.57706,-2.35453,-0.53057
136.33492,3.58289,-2.35791,-0.52055
136.40161,3.58289,-2.35791,-0.52055
136.46812,3.58491,-2.35906,-0.51746
136.53487,3.59047,-2.36219,-0.50854
136.60178,3.59267,-2.36341,-0.50498
136.66847,3.59671,-2.36562,-0.49776
136.73501,3.59987,-2.36732,-0.49207
136.80169,3.60096,-2.36790,-0.48895
136.86802,3.60297,-2.36896,-0.48459
136.93485,3.60729,-2.37121,-0.47640
137.00153,3.60729,-2.37121,-0.47640
137.06818,3.60729,-2.37121,-0.47640
137.13478,3.60729,-2.37121,-0.47640
137.20165,3.61792,-2.37655,-0.45800
137.26827,3.62201,-2.37855,-0.45109
137.33469,3.62378,-2.37940,-0.44821
137.40138,3.62606,-2.38049,-0.44468
137.46806,3.62939,-2.38206,-0.43967
137.53454,3.63025,-2.38247,-0.43834
137.60167,3.63350,-2.38398,-0.43337
137.66815,3.63768,-2.38589,-0.42652
137.73476,3.63857,-2.38630,-0.42519
137.80160,3.64192,-2.38780,-0.42012
137.86831,3.64608,-2.38964,-0.41319
137.93485,3.64703,-2.39005,-0.41190
138.00147,3.64893,-2.39088,-0.40941
138.06800,3.65313,-2.39268,-0.40280
138.13469,3.65543,-2.39365,-0.39899
138.20141,3.65732,-2.39444,-0.39608
138.26826,3.66155,-2.39619,-0.38945
138.33487,3.66393,-2.39716,-0.38607
138.40159,3.66585,-2.39793,-0.38281
138.46808,3.67045,-2.39977,-0.37814
138.53469,3.67296,-2.40076,-0.37469
138.60145,3.67496,-2.40155,-0.37221
138.66804,3.67924,-2.40320,-0.36454
138.73469,3.68169,-2.40412,-0.35975
138.80142,3.68373,-2.40488,-0.35606
138.86817,3.68805,-2.40647,-0.34940
138.93479,3.69050,-2.40735,-0.34502
139.00146,3.69252,-2.40808,-0.34145
139.06807,3.69712,-2.40968,-0.33277
139.13460,3.69972,-2.41057,-0.32854
139.20143,3.70169,-2.41123,-0.32498
139.26805,3.70601,-2.41267,-0.31717
139.33480,3.70845,-2.41346,-0.31312
139.40142,3.71041,-2.41409,-0.31007
139.46831,3.71283,-2.41485,-0.30591
139.53467,3.71675,-2.41608,-0.30007
139.60153,3.71718,-2.41621,-0.29954
139.66809,3.72155,-2.41754,-0.29298
139.73480,3.72351,-2.41813,-0.28984
139.80248,3.72592,-2.41884,-0.28645
139.86885,3.72794,-2.41943,-0.28315
139.93536,3.73232,-2.42068,-0.27686
140.00214,3.73460,-2.42133,-0.27393
140.06874,3.73889,-2.42251,-0.26768
140.13533,3.74088,-2.42306,-0.26451
140.20207,3.74334,-2.42371,-0.26077
140.26865,3.74776,-2.42487,-0.25413
140.33533,3.74983,-2.42540,-0.25113
140.40214,3.75237,-2.42605,-0.24722
140.46887,3.75675,-2.42713,-0.24057
140.53553,3.75874,-2.42762,-0.23796
140.60296,3.76121,-2.42821,-0.23440
140.66891,3.76569,-2.42926,-0.22782
140.73543,3.76776,-2.42973,-0.22446
140.80220,3.77013,-2.43027,-0.22078
140.86864,3.77217,-2.43072,-0.21789
140.93551,3.77463,-2.43126,-0.21451
141.00210,3.77665,-2.43169,-0.21180
141.06882,3.78132,-2.43268,-0.20611
141.13551,3.78382,-2.43319,-0.20299
141.20231,3.78590,-2.43361,-0.20051
141.26901,3.79032,-2.43450,-0.19497
141.33531,3.79282,-2.43498,-0.19193
141.40212,3.79480,-2.43537,-0.19068
141.46896,3.79794,-2.43597,-0.18844
141.53556,3.80311,-2.43694,-0.18313
141.60212,3.80475,-2.43724,-0.18066
141.66876,3.80976,-2.43814,-0.17696
141.73546,3.81320,-2.43875,-0.17471
141.80238,3.81509,-2.43909,-0.17437
141.86880,3.82036,-2.44002,-0.17143
141.93531,3.82287,-2.44045,-0.16868
142.00201,3.82521,-2.44084,-0.16553
142.06960,3.82985,-2.44159,-0.15968
142.13582,3.83278,-2.44206,-0.15654
142.20259,3.83438,-2.44231,-0.15440
142.26923,3.83905,-2.44302,-0.14913
142.33571,3.84165,-2.44340,-0.14606
142.40240,3.84365,-2.44369,-0.14402
142.46907,3.84852,-2.44439,-0.13999
142.53578,3.85092,-2.44472,-0.13739
142.60255,3.85158,-2.44481,-0.13663
142.66911,3.85598,-2.44540,-0.13055
142.73559,3.85759,-2.44561,-0.12839
142.80242,3.86057,-2.44598,-0.12493
142.86915,3.86505,-2.44653,-0.11952
142.93579,3.86659,-2.44671,-0.11701
143.00260,3.86953,-2.44704,-0.11289
143.06905,3.87445,-2.44759,-0.10879
143.13542,3.87632,-2.44779,-0.10794
143.20262,3.87990,-2.44817,-0.10564
143.26902,3.88523,-2.44873,-0.10131
143.33549,3.88660,-2.44887,-0.10075
143.40268,3.88660,-2.44887,-0.10075
143.46889,3.88660,-2.44887,-0.10075
143.53541,3.88660,-2.44887,-0.10075
143.60242,3.89039,-2.44924,-0.09755
143.66895,3.89039,-2.44924,-0.09755
143.73562,3.89039,-2.44924,-0.09755
143.80189,3.90646,-2.45074,-0.08773
143.86890,3.91146,-2.45117,-0.08577
143.93546,3.91589,-2.45155,-0.08318
144.00232,3.91678,-2.45162,-0.08182
144.06898,3.92153,-2.45199,-0.07734
144.13551,3.92558,-2.45230,-0.07375
144.20246,3.92618,-2.45234,-0.07238
144.26908,3.93065,-2.45265,-0.06714
144.33555,3.93449,-2.45290,-0.06286
144.40232,3.93513,-2.45293,-0.06232
144.46936,3.93965,-2.45320,-0.05646
144.53595,3.94341,-2.45340,-0.05167
144.60241,3.94396,-2.45343,-0.05087
144.66894,3.94844,-2.45364,-0.04474
144.73557,3.95243,-2.45380,-0.04005
144.80220,3.95305,-2.45382,-0.03915
144.86893,3.95736,-2.45397,-0.03284
144.93564,3.95985,-2.45405,-0.02954
145.00225,3.96227,-2.45412,-0.02813
145.06899,3.96778,-2.45427,-0.02502
145.13559,3.97077,-2.45434,-0.02351
145.20236,3.97354,-2.45441,-0.02264
145.26885,3.97927,-2.45453,-0.02029
145.33552,3.98214,-2.45459,-0.01923
145.40224,3.98481,-2.45464,-0.01812
145.46891,3.98966,-2.45472,-0.01390
145.53551,3.98966,-2.45472,-0.01390
145.60252,3.98966,-2.45472,-0.01390
145.66893,3.98966,-2.45472,-0.01390
145.73561,3.99204,-2.45475,-0.01253
145.80255,4.00522,-2.45488,-0.00777
145.86878,4.00978,-2.45491,-0.00671
145.93576,4.01068,-2.45492,-0.00716
146.00213,4.01515,-2.45496,-0.00660
146.06906,4.02017,-2.45499,-0.00406
146.13554,4.02076,-2.45499,-0.00269
146.20241,4.02479,-2.45499,0.00078
146.26899,4.02975,-2.45497,0.00274
146.33567,4.03071,-2.45497,0.00289
146.40371,4.03360,-2.45496,0.00413
146.46941,4.03920,-2.45493,0.00587
146.53597,4.03920,-2.45493,0.00587
146.60261,4.03920,-2.45493,0.00587
146.66949,4.03920,-2.45493,0.00587
146.73603,4.05267,-2.45485,0.00640
146.80238,4.05538,-2.45484,0.00541
146.86913,4.06046,-2.45482,0.00625
146.93537,4.06299,-2.45480,0.00702
147.00259,4.06574,-2.45478,0.00746
147.06899,4.06836,-2.45476,0.00833
147.13589,4.06836,-2.45476,0.00833
147.20227,4.06836,-2.45476,0.00833
147.26898,4.06836,-2.45476,0.00833
147.33537,4.06836,-2.45476,0.00833
147.40201,4.06836,-2.45476,0.00833
147.46880,4.06836,-2.45476,0.00833
147.53538,4.06836,-2.45476,0.00833
147.60232,4.06836,-2.45476,0.00833
147.66895,4.06836,-2.45476,0.00833
147.73542,4.06836,-2.45476,0.00833
147.80221,4.06836,-2.45476,0.00833
147.86892,4.08457,-2.45458,0.01335
147.93570,4.10822,-2.45433,0.00276
148.00217,4.11077,-2.45433,-0.00052
148.06870,4.11299,-2.45434,-0.00343
148.13642,4.11299,-2.45434,-0.00343
148.20173,4.12338,-2.45447,-0.01839
148.26895,4.12598,-2.45453,-0.02239
148.33526,4.13074,-2.45465,-0.02855
148.40257,4.13312,-2.45473,-0.03153
148.46928,4.13562,-2.45481,-0.03495
148.53573,4.13562,-2.45481,-0.03495
148.60252,4.13562,-2.45481,-0.03495
148.66905,4.13562,-2.45481,-0.03495
148.73605,4.13562,-2.45481,-0.03495
148.80274,4.15204,-2.45560,-0.05776
148.86914,4.15448,-2.45574,-0.06139
148.93590,4.15448,-2.45574,-0.06139
149.00265,4.16138,-2.45622,-0.07408
149.06932,4.16138,-2.45622,-0.07408
149.13563,4.16138,-2.45622,-0.07408
149.20262,4.17242,-2.45719,-0.09751
149.26916,4.17311,-2.45726,-0.09911
149.33586,4.17311,-2.45726,-0.09911
149.40253,4.18170,-2.45821,-0.11846
149.46935,4.18439,-2.45855,-0.12511
149.53587,4.18439,-2.45855,-0.12511
149.60262,4.19295,-2.45972,-0.14458
149.66886,4.19560,-2.46012,-0.14995
149.73568,4.19560,-2.46012,-0.14995
149.80241,4.19560,-2.46012,-0.14995
149.86906,4.19560,-2.46012,-0.14995
149.93563,4.19560,-2.46012,-0.14995
150.00249,4.19560,-2.46012,-0.14995
150.06921,4.19560,-2.46012,-0.14995
150.13590,4.19560,-2.46012,-0.14995
150.20257,4.19560,-2.46012,-0.14995
150.26882,4.22209,-2.46544,-0.25853
150.33515,4.22209,-2.46544,-0.25853
150.40252,4.22302,-2.46570,-0.26723
150.46926,4.22302,-2.46570,-0.26723
150.53592,4.22302,-2.46570,-0.26723
150.60244,4.22446,-2.46612,-0.28518
150.66903,4.22446,-2.46612,-0.28518
150.73561,4.22446,-2.46612,-0.28518
150.80215,4.22446,-2.46612,-0.28518
150.86899,4.23585,-2.47056,-0.41453
150.93587,4.23585,-2.47056,-0.41453
151.00246,4.23585,-2.47056,-0.41453
151.06910,4.23831,-2.47171,-0.46160
151.13551,4.23860,-2.47187,-0.47859
151.20231,4.23931,-2.47226,-0.49523
151.26896,4.24276,-2.47425,-0.53242
151.33574,4.24484,-2.47551,-0.55099
151.40213,4.24675,-2.47671,-0.56734
151.46911,4.25080,-2.47938,-0.59891
151.53545,4.25306,-2.48095,-0.61534
151.60239,4.25528,-2.48254,-0.62923
151.66907,4.25908,-2.48538,-0.65478
151.73592,4.26001,-2.48607,-0.65585
151.80239,4.26381,-2.48906,-0.67986
151.86912,4.26693,-2.49158,-0.69364
151.93567,4.26909,-2.49340,-0.70628
152.00244,4.27140,-2.49541,-0.72095
152.06902,4.27579,-2.49937,-0.74888
152.13595,4.27791,-2.50138,-0.76286
152.20243,4.27999,-2.50339,-0.77574
152.26940,4.28178,-2.50517,-0.78602
152.33558,4.28502,-2.50848,-0.80456
152.40249,4.28521,-2.50867,-0.80420
152.46899,4.28854,-2.51220,-0.82362
152.53556,4.29191,-2.51589,-0.83866
152.60287,4.29231,-2.51632,-0.83797
152.66914,4.29605,-2.52052,-0.85079
152.73609,4.29944,-2.52445,-0.86386
152.80244,4.29983,-2.52490,-0.86389
152.86869,4.30345,-2.52919,-0.87701
152.93547,4.30667,-2.53313,-0.88940
153.00220,4.30700,-2.53352,-0.89022
153.06897,4.31055,-2.53797,-0.90317
153.13603,4.31351,-2.54177,-0.91275
153.20240,4.31369,-2.54200,-0.91250
153.26920,4.31662,-2.54581,-0.91989
153.33564,4.31947,-2.54959,-0.92645
153.40264,4.31964,-2.54979,-0.92518
153.46868,4.32282,-2.55403,-0.93018
153.53511,4.32445,-2.55622,-0.93175
153.60233,4.32600,-2.55831,-0.93263
153.66895,4.32770,-2.56060,-0.93373
153.73600,4.33100,-2.56506,-0.93543
153.80231,4.33259,-2.56721,-0.93642
153.86909,4.33579,-2.57155,-0.93725
153.93569,4.33746,-2.57383,-0.93763
154.00217,4.33898,-2.57590,-0.93710
154.06903,4.34170,-2.57957,-0.93383
154.13544,4.34234,-2.58043,-0.93204
154.20220,4.34272,-2.58094,-0.92986
154.27069,4.34292,-2.58120,-0.92724
154.33556,4.34303,-2.58134,-0.92552
154.40279,4.34382,-2.58240,-0.92375
154.46933,4.34420,-2.58287,-0.91752
154.53572,4.34410,-2.58272,-0.91546
154.60288,4.34606,-2.58525,-0.91258
154.66912,4.34887,-2.58886,-0.90826
154.73556,4.34937,-2.58949,-0.90710
154.80259,4.35090,-2.59144,-0.90412
154.86929,4.35513,-2.59675,-0.89517
154.93583,4.35558,-2.59730,-0.89259
155.00259,4.35723,-2.59932,-0.88715
155.06928,4.36046,-2.60323,-0.87651
155.13574,4.36161,-2.60460,-0.87138
155.20254,4.36273,-2.60592,-0.86721
155.26908,4.36529,-2.60890,-0.85720
155.33564,4.36640,-2.61016,-0.85140
155.40269,4.36698,-2.61082,-0.84719
155.46905,4.36758,-2.61148,-0.84387
155.53554,4.36782,-2.61175,-0.84090
155.60234,4.36824,-2.61223,-0.84325
155.66911,4.36951,-2.61365,-0.84201
155.73551,4.37038,-2.61462,-0.83671
155.80239,4.37176,-2.61613,-0.83115
155.86892,4.37515,-2.61978,-0.81916
155.93577,4.37697,-2.62171,-0.81214
156.00234,4.37893,-2.62376,-0.80561
156.06905,4.38267,-2.62760,-0.79248
156.13576,4.38450,-2.62944,-0.78649
156.20255,4.38647,-2.63140,-0.78000
156.26900,4.39014,-2.63499,-0.76794
156.33555,4.39014,-2.63499,-0.76794
156.40214,4.39175,-2.63653,-0.76099
156.46896,4.39494,-2.63950,-0.74341
156.53584,4.39607,-2.64053,-0.73459
156.60262,4.39676,-2.64115,-0.72862
156.66948,4.39799,-2.64221,-0.71503
156.73591,4.39916,-2.64320,-0.70217
156.80248,4.40039,-2.64421,-0.69084
156.86915,4.40361,-2.64677,-0.66691
156.93547,4.40551,-2.64823,-0.65622
157.00213,4.40725,-2.64956,-0.64655
157.06893,4.40923,-2.65103,-0.63665
157.13530,4.40923,-2.65103,-0.63665
157.20211,4.40923,-2.65103,-0.63665
157.26906,4.41777,-2.65713,-0.60735
157.33556,4.42199,-2.66003,-0.59407
157.40212,4.42423,-2.66153,-0.58680
157.46914,4.42877,-2.66450,-0.57237
157.53547,4.43090,-2.66586,-0.56342
157.60256,4.43267,-2.66696,-0.55622
157.66863,4.43636,-2.66920,-0.53761
157.73540,4.43829,-2.67033,-0.52771
157.80203,4.43829,-2.67033,-0.52771
157.86906,4.44216,-2.67251,-0.50823
157.93572,4.44395,-2.67350,-0.49951
158.00227,4.44606,-2.67463,-0.48972
158.06894,4.45001,-2.67667,-0.47021
158.13602,4.45192,-2.67762,-0.46131
158.20226,4.45410,-2.67868,-0.45041
158.26913,4.45820,-2.68059,-0.42992
158.33583,4.46018,-2.68148,-0.42038
158.40241,4.46234,-2.68242,-0.40947
158.46869,4.46683,-2.68432,-0.39221
158.53513,4.46908,-2.68524,-0.38571
158.60223,4.47147,-2.68619,-0.37667
158.66882,4.47615,-2.68799,-0.36099
158.73630,4.47836,-2.68882,-0.35515
158.80229,4.48098,-2.68978,-0.34861
158.86912,4.48596,-2.69155,-0.33542
158.93619,4.48832,-2.69236,-0.32883
159.00251,4.49101,-2.69327,-0.32153
159.06919,4.49618,-2.69494,-0.30761
159.13579,4.49618,-2.69494,-0.30761
159.20249,4.49861,-2.69571,-0.30145
159.26968,4.50374,-2.69726,-0.28781
159.33563,4.50644,-2.69805,-0.28030
159.40250,4.50885,-2.69873,-0.27370
159.46914,4.51399,-2.70013,-0.26013
159.53606,4.51676,-2.70085,-0.25273
159.60230,4.51918,-2.70147,-0.24668
159.66906,4.52429,-2.70272,-0.23369
159.73583,4.52702,-2.70335,-0.22636
159.80249,4.52940,-2.70389,-0.22070
159.87007,4.53459,-2.70501,-0.20785
159.93546,4.53733,-2.70558,-0.20059
160.00233,4.53972,-2.70605,-0.19479
160.06909,4.54242,-2.70658,-0.18825
160.13585,4.54760,-2.70752,-0.17562
160.20230,4.55004,-2.70795,-0.16978
160.26889,4.55527,-2.70880,-0.15667
160.33522,4.55798,-2.70921,-0.14963
160.40240,4.56045,-2.70957,-0.14377
160.46878,4.56572,-2.71029,-0.13061
160.53586,4.56856,-2.71065,-0.12341
160.60227,4.57107,-2.71095,-0.11727
160.66910,4.57388,-2.71127,-0.11013
160.73550,4.57643,-2.71154,-0.10419
160.80241,4.57913,-2.71181,-0.09700
160.86886,4.58434,-2.71227,-0.08470
160.93564,4.58680,-2.71247,-0.07900
161.00258,4.58978,-2.71270,-0.07479
161.06909,4.59519,-2.71308,-0.06505
161.13574,4.59763,-2.71323,-0.05861
161.20279,4.60050,-2.71340,-0.05291
161.26915,4.60624,-2.71360,-0.02479
161.33564,4.60881,-2.71359,0.00393
161.40231,4.61083,-2.71349,0.04217
161.46888,4.61267,-2.71332,0.07303
161.53633,4.61334,-2.71326,0.06434
161.60231,4.61421,-2.71324,0.03484
161.66911,4.61619,-2.71333,-0.03832
161.73552,4.61711,-2.71342,-0.06857
161.80220,4.61773,-2.71350,-0.08341
161.86892,4.61861,-2.71360,-0.05191
161.93549,4.61861,-2.71360,-0.05191
162.00211,4.61877,-2.71360,-0.01590
162.06932,4.61803,-2.71359,0.08125
162.13548,4.61736,-2.71365,0.15263
162.20214,4.61673,-2.71373,0.22214
162.26909,4.61532,-2.71409,0.38967
162.33571,4.61464,-2.71436,0.48304
162.40232,4.61407,-2.71464,0.56330
162.46908,4.61270,-2.71561,0.73747
162.53575,4.61215,-2.71610,0.83066
162.60368,4.61215,-2.71610,0.83066
162.66922,4.61215,-2.71610,0.83066
162.73602,4.61100,-2.71750,1.11827
162.80240,4.61105,-2.71733,1.15341
162.86939,4.61105,-2.71733,1.15341
162.93582,4.61143,-2.71638,1.22448
163.00206,4.61156,-2.71604,1.27414
163.06876,4.61157,-2.71610,1.35384
163.13546,4.61147,-2.71728,1.53021
163.20283,4.61147,-2.71801,1.61876
163.26913,4.61147,-2.71801,1.61876
163.33584,4.61174,-2.72000,1.81859
163.40222,4.61188,-2.72060,1.91746
163.46906,4.61188,-2.72060,1.91746
163.53579,4.61188,-2.72060,1.91746
163.60224,4.61188,-2.72060,1.91746
163.66919,4.61192,-2.72082,1.98981
163.73578,4.61192,-2.72082,1.98981
163.80268,4.61192,-2.72082,1.98981
163.86905,4.61084,-2.71941,2.19925
163.93584,4.61015,-2.71838,2.16048
164.00263,4.60984,-2.71790,2.14074
164.06924,4.60984,-2.71790,2.14074
164.13587,4.60931,-2.71699,2.06563
164.20255,4.60915,-2.71665,2.02840
164.26972,4.60877,-2.71574,1.95403
164.33606,4.60855,-2.71513,1.91674
164.40253,4.60830,-2.71432,1.87302
164.46931,4.60794,-2.71292,1.78896
164.53589,4.60784,-2.71242,1.75033
164.60224,4.60776,-2.71188,1.70450
164.66896,4.60771,-2.71146,1.66405
164.73531,4.60771,-2.71146,1.66405
164.80341,4.60768,-2.71060,1.57647
164.86957,4.60770,-2.71007,1.52891
164.93595,4.60770,-2.71007,1.52891
165.00263,4.60798,-2.70776,1.41889
165.06940,4.60833,-2.70589,1.34030
165.13596,4.60833,-2.70589,1.34030
165.20218,4.60833,-2.70589,1.34030
165.26902,4.60894,-2.70396,1.18376
165.33602,4.60973,-2.70238,1.06844
165.40281,4.61020,-2.70158,1.01612
165.46930,4.61066,-2.70088,0.95843
165.53598,4.61066,-2.70088,0.95843
165.60262,4.61212,-2.69913,0.79568
165.66942,4.61287,-2.69841,0.73789
165.73550,4.61287,-2.69841,0.73789
165.80295,4.61542,-2.69644,0.55901
165.86878,4.61630,-2.69592,0.48881
165.93645,4.61630,-2.69592,0.48881
166.00276,4.61630,-2.69592,0.48881
166.06923,4.61874,-2.69493,0.25648
166.13569,4.61935,-2.69479,0.20181
166.20233,4.62024,-2.69466,0.12512
166.26920,4.62113,-2.69458,0.05367
166.33550,4.62113,-2.69458,0.05367
166.40247,4.62113,-2.69458,0.05367
166.46898,4.62445,-2.69485,-0.19145
166.53585,4.62445,-2.69485,-0.19145
166.60262,4.62445,-2.69485,-0.19145
166.66917,4.63086,-2.69770,-0.68199
166.73570,4.63169,-2.69842,-0.76228
166.80263,4.63169,-2.69842,-0.76228
166.86905,4.63413,-2.70141,-1.01694
166.93559,4.63474,-2.70244,-1.09028
167.00255,4.63540,-2.70381,-1.17762
167.06935,4.63588,-2.70503,-1.25793
167.13598,4.63588,-2.70503,-1.25793
167.20254,4.63588,-2.70503,-1.25793
167.26906,4.63644,-2.71043,-1.70350
167.33598,4.63644,-2.71043,-1.70350
167.40238,4.63644,-2.71043,-1.70350
167.46880,4.63599,-2.71249,-1.87790
167.53519,4.63599,-2.71249,-1.87790
167.60292,4.63599,-2.71249,-1.87790
167.66926,4.63558,-2.71358,-1.96685
167.73608,4.63266,-2.71816,-2.32324
167.80241,4.63258,-2.71824,-2.33316
167.86905,4.63286,-2.71793,-2.31094
167.93607,4.63286,-2.71793,-2.31094
168.00275,4.63286,-2.71793,-2.31094
168.06926,4.63387,-2.71663,-2.20608
168.13582,4.63416,-2.71620,-2.15503
168.20280,4.63416,-2.71620,-2.15503
168.26904,4.63456,-2.71555,-2.08878
168.33577,4.63444,-2.71579,-2.09702
168.40256,4.63444,-2.71579,-2.09702
168.46912,4.63444,-2.71579,-2.09702
168.53554,4.63444,-2.71579,-2.09702
168.60229,4.63221,-2.71890,-2.33407
168.66887,4.63221,-2.71890,-2.33407
168.73538,4.63221,-2.71890,-2.33407
168.80225,4.63221,-2.71890,-2.33407
168.86912,4.63152,-2.71955,-2.45276
168.93574,4.63095,-2.71997,-2.52012
169.00249,4.62997,-2.72056,-2.61144
169.06889,4.62997,-2.72056,-2.61144
169.13542,4.62997,-2.72056,-2.61144
169.20209,4.62997,-2.72056,-2.61144
169.26965,4.62997,-2.72056,-2.61144
169.33679,4.62997,-2.72056,-2.61144
169.40221,4.62185,-2.72394,-2.69904
169.46917,4.62231,-2.72368,-2.62853
169.53590,4.62266,-2.72349,-2.59096
169.60220,4.62302,-2.72327,-2.54121
169.66891,4.62334,-2.72305,-2.49614
169.73552,4.62334,-2.72305,-2.49614
169.80236,4.62334,-2.72305,-2.49614
169.86885,4.62334,-2.72305,-2.49614
169.93524,4.62439,-2.72219,-2.17067
170.00224,4.62449,-2.72205,-2.11322
170.06872,4.62449,-2.72205,-2.11322
170.13553,4.62449,-2.72205,-2.11322
170.20208,4.62449,-2.72205,-2.11322
170.26886,4.62582,-2.71884,-1.83596
170.33546,4.62602,-2.71806,-1.77551
170.40337,4.62613,-2.71760,-1.72188
170.46896,4.62623,-2.71696,-1.60648
170.53583,4.62624,-2.71661,-1.55182
170.60238,4.62624,-2.71634,-1.51376
170.66901,4.62626,-2.71640,-1.48168
170.73592,4.62626,-2.71640,-1.48168
170.80226,4.62626,-2.71640,-1.48168
170.86907,4.62626,-2.71640,-1.48168
170.93661,4.62626,-2.71640,-1.48168
171.00258,4.62626,-2.71640,-1.48168
171.06899,4.62626,-2.71641,-1.44843
171.13580,4.62473,-2.71264,-0.99781
171.20297,4.62444,-2.71216,-0.94121
171.26899,4.62398,-2.71156,-0.87335
171.33551,4.62360,-2.71110,-0.81479
171.40228,4.62307,-2.71056,-0.75125
171.46973,4.62228,-2.70986,-0.65481
171.53612,4.62177,-2.70948,-0.60300
171.60215,4.62122,-2.70912,-0.54369
171.66908,4.62060,-2.70875,-0.48840
171.73561,4.62054,-2.70872,-0.48271
171.80233,4.62054,-2.70872,-0.48271
171.86947,4.62054,-2.70872,-0.48271
171.93556,4.62054,-2.70872,-0.48271
172.00260,4.62299,-2.71024,-0.62989
172.06981,4.62374,-2.71085,-0.72199
172.13590,4.62405,-2.71113,-0.76478
172.20252,4.62443,-2.71153,-0.82091
172.26941,4.62500,-2.71220,-0.90018
172.33610,4.62527,-2.71255,-0.93641
172.40259,4.62568,-2.71318,-0.99276
172.46913,4.62604,-2.71380,-1.04286
172.53564,4.62604,-2.71380,-1.04286
172.60251,4.62604,-2.71380,-1.04286
172.66969,4.62679,-2.71534,-1.15900
172.73574,4.62669,-2.71510,-1.09561
172.80255,4.62669,-2.71510,-1.09561
172.86902,4.62645,-2.71469,-1.05314
172.93569,4.62594,-2.71385,-0.98701
173.00266,4.62568,-2.71345,-0.94699
173.06908,4.62475,-2.71233,-0.82086
173.13567,4.62409,-2.71167,-0.75168
173.20336,4.62356,-2.71119,-0.69006
173.26910,4.62220,-2.71021,-0.54863
173.33572,4.62151,-2.70982,-0.48348
173.40257,4.62103,-2.70957,-0.44301
173.46900,4.62096,-2.70952,-0.42227
173.53558,4.62138,-2.70972,-0.44528
173.60203,4.62180,-2.70993,-0.46514
173.66856,4.62228,-2.71017,-0.50629
173.73713,4.62265,-2.71040,-0.54991
173.80286,4.62333,-2.71087,-0.58904
173.86920,4.62576,-2.71276,-0.68589
173.93572,4.62690,-2.71380,-0.74824
174.00287,4.62779,-2.71468,-0.79869
174.06883,4.62875,-2.71578,-0.85844
174.13560,4.62955,-2.71680,-0.91967
174.20179,4.63042,-2.71812,-0.98916
174.26900,4.63187,-2.72080,-1.10305
174.33545,4.63244,-2.72209,-1.16227
174.40248,4.63296,-2.72350,-1.21709
174.46952,4.63368,-2.72575,-1.28610
174.53590,4.63397,-2.72688,-1.33257
174.60258,4.63422,-2.72825,-1.40098
174.66919,4.63443,-2.73075,-1.54429
174.73539,4.63440,-2.73183,-1.61457
174.80236,4.63425,-2.73314,-1.69428
174.86929,4.63373,-2.73551,-1.83984
174.93562,4.63342,-2.73648,-1.91049
175.00263,4.63304,-2.73739,-1.99013
175.06905,4.63215,-2.73897,-2.14336
175.13534,4.63165,-2.73966,-2.21522
175.20210,4.63095,-2.74047,-2.29810
175.26898,4.62951,-2.74182,-2.44909
175.33533,4.62887,-2.74232,-2.51563
175.40282,4.62826,-2.74272,-2.59162
175.46888,4.62767,-2.74304,-2.66365
175.53528,4.62689,-2.74338,-2.75098
175.60257,4.62604,-2.74368,-2.83020
175.66890,4.62360,-2.74420,-3.00492
175.73554,4.62217,-2.74432,-3.10266
175.80197,4.62089,-2.74433,3.09559
175.86892,4.61811,-2.74396,2.91124
175.93620,4.61677,-2.74358,2.81381
176.00207,4.61556,-2.74312,2.72514
176.06928,4.61422,-2.74244,2.62675
176.13573,4.61185,-2.74083,2.45402
176.20284,4.61091,-2.74002,2.37061
176.26891,4.60909,-2.73793,2.18900
176.33566,4.60823,-2.73659,2.08911
176.40223,4.60761,-2.73545,2.00360
176.46878,4.60674,-2.73309,1.82202
176.53594,4.60644,-2.73167,1.72526
176.60266,4.60629,-2.73051,1.64208
176.66906,4.60630,-2.72867,1.46706
176.73605,4.60630,-2.72867,1.46706
176.80258,4.60630,-2.72867,1.46706
176.86917,4.60630,-2.72867,1.46706
176.93575,4.60768,-2.72397,1.12460
177.00224,4.60844,-2.72252,1.03330
177.06948,4.61003,-2.72021,0.86264
177.13578,4.61076,-2.71937,0.78437
177.20250,4.61170,-2.71849,0.69808
177.26909,4.61350,-2.71716,0.54352
177.33558,4.61447,-2.71659,0.47357
177.40226,4.61539,-2.71615,0.40707
177.46924,4.61743,-2.71542,0.24487
177.53591,4.61826,-2.71522,0.17641
177.60379,4.61826,-2.71522,0.17641
177.66963,4.61929,-2.71507,0.09832
177.73600,4.62156,-2.71505,-0.07684
177.80299,4.62156,-2.71505,-0.07684
177.86964,4.62354,-2.71538,-0.27120
177.93575,4.62375,-2.71544,-0.29385
178.00212,4.62377,-2.71544,-0.29444
178.06879,4.62378,-2.71544,-0.29336
178.13564,4.62377,-2.71544,-0.28960
178.20250,4.62381,-2.71545,-0.28407
178.26881,4.62393,-2.71547,-0.26055
178.33542,4.62411,-2.71550,-0.24567
178.40227,4.62411,-2.71550,-0.24567
178.46859,4.62389,-2.71544,-0.19817
178.53533,4.62368,-2.71540,-0.17847
178.60228,4.62340,-2.71536,-0.15945
178.66876,4.62275,-2.71527,-0.10016
178.73611,4.62254,-2.71524,-0.06242
178.80265,4.62243,-2.71523,-0.02823
178.86906,4.62243,-2.71523,-0.02823
178.93581,4.62257,-2.71519,0.08944
179.00279,4.62257,-2.71519,0.08944
179.06918,4.62260,-2.71519,0.12244
179.13571,4.62245,-2.71521,0.21040
179.20233,4.62245,-2.71521,0.21040
179.26985,4.62245,-2.71521,0.21040
179.33625,4.62233,-2.71522,0.24091
179.40258,4.62233,-2.71522,0.24091
179.46919,4.62233,-2.71522,0.24091
179.53610,4.62216,-2.71526,0.32194
179.60241,4.62216,-2.71526,0.32194
179.66893,4.62216,-2.71526,0.32194
179.73581,4.62170,-2.71542,0.48595
179.80294,4.62170,-2.71542,0.48595
179.86880,4.62170,-2.71542,0.48595
179.93589,4.62100,-2.71586,0.65522
180.00253,4.62070,-2.71610,0.69564
180.06929,4.62070,-2.71610,0.69564
180.13604,4.61991,-2.71681,0.81879
180.20273,4.61973,-2.71699,0.86774
180.26912,4.61973,-2.71699,0.86774
180.33579,4.61921,-2.71767,1.00527
180.40302,4.61896,-2.71807,1.05232
180.47026,4.61896,-2.71807,1.05232
180.53615,4.61839,-2.71917,1.19037
180.60305,4.61828,-2.71942,1.24185
180.66993,4.61828,-2.71942,1.24185
180.73618,4.61810,-2.72000,1.32263
180.80303,4.61810,-2.72000,1.32227
180.86970,4.61810,-2.72000,1.32227
180.93672,4.61852,-2.71864,1.24995
181.00296,4.61859,-2.71843,1.22138
181.06943,4.61859,-2.71843,1.22138
181.13606,4.61866,-2.71824,1.18328
181.20299,4.61935,-2.71693,1.04977
181.26961,4.61935,-2.71693,1.04977
181.33598,4.61972,-2.71634,0.99566
181.40213,4.62082,-2.71491,0.84244
181.46961,4.62171,-2.71404,0.73206
181.53613,4.62237,-2.71351,0.66325
181.60293,4.62300,-2.71306,0.60463
181.66936,4.62451,-2.71217,0.48238
181.73592,4.62538,-2.71174,0.44670
181.80265,4.62624,-2.71133,0.41816
181.86918,4.62781,-2.71066,0.38645
181.93590,4.62817,-2.71051,0.39199
182.00249,4.62836,-2.71042,0.40838
182.06891,4.62819,-2.71050,0.46754
182.13584,4.62780,-2.71072,0.50313
182.20234,4.62780,-2.71072,0.50313
182.26932,4.62682,-2.71130,0.58934
182.33582,4.62651,-2.71150,0.63352
182.40253,4.62627,-2.71168,0.68771
182.46902,4.62582,-2.71206,0.78482
182.53567,4.62558,-2.71231,0.83527
182.60244,4.62556,-2.71230,0.88835
182.66918,4.62566,-2.71213,0.97277
182.73570,4.62563,-2.71219,1.01835
182.80250,4.62543,-2.71255,1.07067
182.86961,4.62489,-2.71375,1.18379
182.93584,4.62464,-2.71440,1.24338
183.00262,4.62441,-2.71519,1.31724
183.06909,4.62414,-2.71640,1.43353
183.13537,4.62411,-2.71647,1.46436
183.20263,4.62413,-2.71619,1.47394
183.26891,4.62418,-2.71560,1.46726
183.33604,4.62418,-2.71560,1.46726
183.40273,4.62418,-2.71560,1.46726
183.46932,4.62443,-2.71368,1.37985
183.53579,4.62443,-2.71368,1.37985
183.60241,4.62443,-2.71368,1.37985
183.66914,4.62528,-2.71090,1.21306
183.73553,4.62581,-2.70965,1.11395
183.80276,4.62608,-2.70914,1.06500
183.86969,4.62684,-2.70796,0.94694
183.93611,4.62748,-2.70717,0.88056
184.00262,4.62805,-2.70651,0.82402
184.06928,4.62942,-2.70524,0.68383
184.13601,4.63026,-2.70463,0.60252
184.20252,4.63101,-2.70415,0.53462
184.26913,4.63215,-2.70354,0.43651
184.33623,4.63269,-2.70331,0.38955
184.40288,4.63308,-2.70316,0.35311
184.46922,4.63336,-2.70307,0.32767
184.53595,4.63317,-2.70314,0.34370
184.60269,4.63293,-2.70322,0.36811
184.66907,4.63261,-2.70334,0.40591
184.73576,4.63261,-2.70334,0.40667
184.80240,4.63218,-2.70355,0.43971
184.86953,4.63089,-2.70424,0.52838
184.93569,4.63029,-2.70461,0.58117
185.00270,4.62974,-2.70498,0.64138
185.06927,4.62935,-2.70527,0.69283
185.13590,4.62935,-2.70527,0.69283
185.20223,4.62935,-2.70527,0.69283
185.26907,4.62935,-2.70527,0.69283
185.33579,4.62935,-2.70527,0.69283
185.40262,4.62935,-2.70527,0.69283
185.46880,4.62718,-2.70778,1.14062
185.53563,4.62704,-2.70811,1.20704
185.60223,4.62680,-2.70890,1.33560
185.66928,4.62663,-2.70995,1.45902
185.73585,4.62658,-2.71046,1.50618
185.80220,4.62656,-2.71076,1.52846
185.86883,4.62657,-2.71040,1.52062
185.93558,4.62661,-2.70990,1.49895
186.00309,4.62670,-2.70908,1.46725
186.06917,4.62672,-2.70883,1.44094
186.13584,4.62671,-2.70880,1.40619
186.20256,4.62676,-2.70858,1.36994
186.26897,4.62676,-2.70858,1.36994
186.33555,4.62676,-2.70858,1.36994
186.40214,4.62676,-2.70858,1.36994
186.46923,4.62695,-2.70784,1.32051
186.53623,4.62916,-2.70268,1.03336
186.60238,4.62963,-2.70192,0.98764
186.66921,4.62963,-2.70192,0.98764
186.73573,4.62963,-2.70192,0.98764
186.80230,4.62963,-2.70192,0.98764
186.86911,4.62963,-2.70192,0.98764
186.93590,4.62963,-2.70192,0.98764
187.00241,4.63413,-2.69746,0.53050
187.06938,4.63643,-2.69645,0.32373
187.13591,4.63728,-2.69621,0.25126
187.20250,4.63796,-2.69606,0.18782
187.26892,4.63897,-2.69593,0.07130
187.33579,4.63954,-2.69592,0.00280
187.40207,4.64011,-2.69595,-0.05287
187.46882,4.64011,-2.69595,-0.05287
187.53543,4.64011,-2.69595,-0.05287
187.60232,4.64011,-2.69595,-0.05287
187.66947,4.64551,-2.69758,-0.47754
187.73592,4.64666,-2.69824,-0.56519
187.80261,4.64796,-2.69919,-0.66682
187.86916,4.65032,-2.70149,-0.86858
187.93575,4.65131,-2.70275,-0.96027
188.00257,4.65230,-2.70432,-1.06104
188.06905,4.65368,-2.70735,-1.25360
188.13578,4.65414,-2.70892,-1.34794
188.20290,4.65446,-2.71073,-1.45325
188.26903,4.65457,-2.71366,-1.64675
188.33575,4.65447,-2.71469,-1.72621
188.40247,4.65422,-2.71587,-1.81979
188.46933,4.65334,-2.71828,-2.00948
188.53545,4.65279,-2.71934,-2.09952
188.60272,4.65201,-2.72052,-2.20354
188.66882,4.65040,-2.72234,-2.40325
188.73587,4.64967,-2.72295,-2.49824
188.80201,4.64868,-2.72359,-2.61395
188.86913,4.64868,-2.72359,-2.61395
188.93570,4.64645,-2.72453,-2.83616
189.00230,4.64524,-2.72484,-2.93588
189.06906,4.64273,-2.72510,-3.13361
189.13569,4.64147,-2.72505,3.04496
189.20225,4.64041,-2.72492,2.95535
189.26894,4.63803,-2.72421,2.74588
189.33571,4.63664,-2.72352,2.62276
189.40249,4.63541,-2.72273,2.51057
189.46920,4.63283,-2.72034,2.27179
189.53590,4.63177,-2.71896,2.14617
189.60249,4.63101,-2.71773,2.04128
189.66908,4.62992,-2.71503,1.81849
189.73537,4.62966,-2.71378,1.70066
189.80206,4.62956,-2.71262,1.59911
189.87063,4.62977,-2.70966,1.38448
189.93584,4.63019,-2.70789,1.27159
190.00244,4.63019,-2.70789,1.27159
190.06874,4.63145,-2.70468,1.07305
190.13573,4.63212,-2.70347,0.98274
190.20247,4.63289,-2.70237,0.88030
190.26907,4.63450,-2.70070,0.68744
190.33559,4.63533,-2.70004,0.59839
190.40247,4.63636,-2.69940,0.49830
190.46934,4.63876,-2.69840,0.28044
190.53580,4.63995,-2.69811,0.17255
190.60232,4.64112,-2.69795,0.07132
190.66946,4.64283,-2.69793,-0.08669
190.73612,4.64349,-2.69800,-0.14579
190.80260,4.64399,-2.69808,-0.18481
190.86906,4.64434,-2.69814,-0.20677
190.93579,4.64437,-2.69815,-0.20812
191.00291,4.64436,-2.69815,-0.20560
191.06904,4.64474,-2.69820,-0.19439
191.13600,4.64502,-2.69823,-0.18581
191.20280,4.64542,-2.69828,-0.17457
191.26942,4.64626,-2.69837,-0.15435
191.33586,4.64664,-2.69841,-0.14720
191.40258,4.64715,-2.69846,-0.13784
191.46898,4.64757,-2.69850,-0.12839
191.53586,4.64804,-2.69854,-0.11532
191.60247,4.64837,-2.69856,-0.10276
191.66923,4.64913,-2.69860,-0.07716
191.73583,4.64964,-2.69862,-0.06261
191.80267,4.65015,-2.69863,-0.04844
191.86904,4.65074,-2.69864,-0.02841
191.93553,4.65198,-2.69861,0.01679
192.00245,4.65252,-2.69858,0.03852
192.06870,4.65358,-2.69849,0.08939
192.13591,4.65415,-2.69841,0.11987
192.20269,4.65460,-2.69833,0.14779
192.26909,4.65564,-2.69812,0.20681
192.33586,4.65612,-2.69800,0.23752
192.40250,4.65647,-2.69790,0.26604
192.46978,4.65686,-2.69776,0.32783
192.53555,4.65696,-2.69772,0.35855
192.60264,4.65719,-2.69761,0.38619
192.66941,4.65817,-2.69717,0.41575
192.73596,4.65817,-2.69717,0.41575
192.80283,4.66102,-2.69596,0.42162
192.86934,4.66284,-2.69516,0.43474
192.93600,4.66284,-2.69516,0.43474
193.00258,4.66284,-2.69516,0.43474
193.06897,4.66688,-2.69320,0.53509
193.13602,4.66726,-2.69296,0.57157
193.20262,4.66761,-2.69271,0.61636
193.26924,4.66834,-2.69208,0.70738
193.33599,4.66875,-2.69168,0.75014
193.40269,4.66921,-2.69120,0.79893
193.46924,4.66998,-2.69027,0.89161
193.53588,4.66998,-2.69027,0.89161
193.60241,4.67071,-2.68920,0.98679
193.66877,4.67124,-2.68827,1.07794
193.73566,4.67124,-2.68827,1.07794
193.80273,4.67170,-2.68721,1.16941
193.86927,4.67221,-2.68572,1.26303
193.93598,4.67240,-2.68503,1.30680
194.00277,4.67258,-2.68426,1.35625
194.06964,4.67274,-2.68317,1.44549
194.13567,4.67274,-2.68317,1.44549
194.20281,4.67274,-2.68317,1.44549
194.26918,4.67276,-2.68223,1.57407
194.33623,4.67273,-2.68200,1.62129
194.40250,4.67270,-2.68178,1.66098
194.46907,4.67256,-2.68107,1.74720
194.53583,4.67256,-2.68107,1.74720
194.60269,4.67236,-2.68028,1.83244
194.66946,4.67219,-2.67983,1.91346
194.73580,4.67212,-2.67967,1.95691
194.80261,4.67206,-2.67958,1.99446
194.86910,4.67209,-2.67967,2.03733
194.93589,4.67230,-2.68011,2.12226
195.00272,4.67244,-2.68037,2.15718
195.06930,4.67244,-2.68037,2.15718
195.13596,4.67255,-2.68061,2.27541
195.20247,4.67253,-2.68060,2.31126
195.26906,4.67253,-2.68062,2.35326
195.33576,4.67270,-2.68078,2.43305
195.40254,4.67270,-2.68078,2.43305
195.46954,4.67357,-2.68147,2.54122
195.53575,4.67363,-2.68152,2.54522
195.60254,4.67363,-2.68152,2.54522
195.66908,4.67363,-2.68152,2.54522
195.73568,4.67258,-2.68072,2.48047
195.80257,4.67238,-2.68056,2.44654
195.86981,4.67238,-2.68056,2.44654
195.93600,4.67173,-2.67990,2.31933
196.00258,4.67136,-2.67945,2.26086
196.06946,4.67062,-2.67839,2.14967
196.13591,4.67026,-2.67778,2.09894
196.20287,4.67026,-2.67778,2.09894
196.26921,4.66983,-2.67692,2.03738
196.33600,4.66918,-2.67541,1.93360
196.40247,4.66906,-2.67509,1.93009
196.46899,4.66906,-2.67509,1.93009
196.53586,4.66894,-2.67478,1.97851
196.60291,4.66900,-2.67491,2.00338
196.66946,4.66911,-2.67514,2.02429
196.73629,4.66911,-2.67514,2.02429
196.80264,4.66996,-2.67669,2.11955
196.86910,4.67005,-2.67687,2.13906
196.93567,4.67005,-2.67687,2.13906
197.00222,4.67005,-2.67688,2.14251
197.06864,4.67005,-2.67688,2.14251
197.13633,4.67006,-2.67690,2.15267
197.20259,4.67010,-2.67696,2.16179
197.26927,4.67010,-2.67696,2.16179
197.33575,4.67018,-2.67707,2.21136
197.40264,4.67042,-2.67737,2.26782
197.46927,4.67062,-2.67760,2.29813
197.53587,4.67062,-2.67760,2.29813
197.60253,4.67103,-2.67805,2.32924
197.66944,4.67054,-2.67751,2.30140
197.73584,4.67009,-2.67699,2.27453
197.80255,4.66990,-2.67677,2.24931
197.86907,4.66990,-2.67677,2.24931
197.93604,4.66973,-2.67649,2.14316
198.00258,4.66951,-2.67613,2.10671
198.06886,4.66922,-2.67561,2.06090
198.13559,4.66922,-2.67561,2.06090
198.20220,4.66849,-2.67393,1.91983
198.26938,4.66817,-2.67292,1.86917
198.33586,4.66817,-2.67292,1.86917
198.40233,4.66817,-2.67292,1.86917
198.46922,4.66752,-2.67040,1.76278
198.53561,4.66750,-2.67031,1.75033
198.60200,4.66751,-2.67035,1.74331
198.66882,4.66751,-2.67038,1.74074
198.73547,4.66747,-2.67014,1.73867
198.80278,4.66730,-2.66916,1.72920
198.86922,4.66699,-2.66716,1.70390
198.93590,4.66690,-2.66652,1.68976
199.00249,4.66685,-2.66609,1.67020
199.06921,4.66670,-2.66412,1.63850
199.13571,4.66665,-2.66328,1.63109
199.20227,4.66661,-2.66276,1.62992
199.26877,4.66657,-2.66206,1.63580
199.33549,4.66654,-2.66175,1.64219
199.40246,4.66651,-2.66132,1.65228
199.46897,4.66652,-2.66142,1.68116
199.53574,4.66654,-2.66158,1.69381
199.60223,4.66655,-2.66175,1.70961
199.66903,4.66657,-2.66189,1.72310
199.73550,4.66662,-2.66222,1.73966
199.80225,4.66665,-2.66238,1.75610
199.86877,4.66651,-2.66173,1.77032
199.93576,4.66618,-2.66026,1.80101
200.00214,4.66604,-2.65968,1.81997
200.06910,4.66591,-2.65915,1.85664
200.13584,4.66588,-2.65908,1.86852
200.20242,4.66574,-2.65862,1.87753
200.26889,4.66530,-2.65728,1.88989
200.33570,4.66513,-2.65677,1.88866
200.40226,4.66503,-2.65646,1.88789
200.46917,4.66457,-2.65502,1.88247
200.53555,4.66391,-2.65291,1.88039
200.60263,4.66323,-2.65075,1.87925
200.66906,4.66193,-2.64655,1.86605
200.73581,4.66152,-2.64517,1.85268
200.80247,4.66121,-2.64407,1.84505
200.86905,4.66121,-2.64407,1.84502
200.93591,4.66081,-2.64257,1.82970
201.00255,4.66054,-2.64149,1.81950
201.06927,4.65996,-2.63905,1.80025
201.13558,4.65972,-2.63801,1.78991
201.20266,4.65954,-2.63713,1.77692
201.26882,4.65927,-2.63567,1.73966
201.33547,4.65917,-2.63492,1.71445
201.40178,4.65908,-2.63414,1.69209
201.46856,4.65898,-2.63301,1.66696
201.53553,4.65894,-2.63255,1.65400
201.60237,4.65892,-2.63216,1.63675
201.66883,4.65891,-2.63189,1.62114
201.73576,4.65891,-2.63159,1.58614
201.80274,4.65892,-2.63136,1.56843
201.86930,4.65898,-2.62918,1.53723
201.93572,4.65905,-2.62747,1.52337
202.00224,4.65918,-2.62527,1.50910
202.06865,4.65932,-2.62307,1.50048
202.13574,4.65969,-2.61765,1.50086
202.20228,4.65984,-2.61457,1.52028
202.26877,4.65993,-2.61214,1.53534
202.33538,4.65997,-2.61019,1.54336
202.40224,4.66001,-2.60859,1.54660
202.46866,4.66004,-2.60541,1.55746
202.53519,4.66005,-2.60395,1.56450
202.60189,4.66005,-2.60251,1.56708
202.66875,4.66005,-2.59967,1.57236
202.73578,4.66005,-2.59843,1.57414
202.80237,4.66004,-2.59704,1.57392
202.86914,4.66001,-2.59238,1.57971
202.93590,4.65999,-2.58935,1.57856
203.00279,4.65997,-2.58659,1.57637
203.06892,4.65994,-2.58090,1.57777
203.13547,4.65992,-2.57804,1.57766
203.20232,4.65990,-2.57558,1.57761
203.26901,4.65988,-2.57035,1.57578
203.33573,4.65986,-2.56852,1.57900
203.40219,4.65986,-2.56852,1.57900
203.46892,4.65985,-2.56506,1.57405
203.53563,4.65985,-2.56308,1.56999
203.60217,4.65986,-2.56029,1.56639
203.66897,4.65991,-2.55485,1.56166
203.73543,4.65994,-2.55225,1.55712
203.80220,4.65999,-2.54944,1.55210
203.86907,4.66015,-2.54408,1.53775
203.93564,4.66025,-2.54156,1.53207
204.00225,4.66036,-2.53903,1.52853
204.06905,4.66059,-2.53431,1.51891
204.13542,4.66072,-2.53211,1.51443
204.20223,4.66087,-2.52972,1.50774
204.26888,4.66123,-2.52487,1.49095
204.33568,4.66144,-2.52247,1.48191
204.40255,4.66173,-2.51959,1.47017
204.46866,4.66233,-2.51448,1.44766
204.53558,4.66264,-2.51214,1.43825
204.60332,4.66302,-2.50945,1.42708
204.66905,4.66385,-2.50427,1.40514
204.73560,4.66428,-2.50179,1.39608
204.80250,4.66478,-2.49906,1.38813
204.86902,4.66575,-2.49410,1.37022
204.93569,4.66575,-2.49410,1.37022
205.00256,4.66621,-2.49189,1.36141
205.06924,4.66731,-2.48699,1.34531
205.13615,4.66796,-2.48423,1.33767
205.20233,4.66858,-2.48167,1.33081
205.26888,4.67003,-2.47593,1.31518
205.33571,4.67081,-2.47301,1.30742
205.40217,4.67151,-2.47044,1.30035
205.46901,4.67233,-2.46755,1.29309
205.53594,4.67389,-2.46221,1.27984
205.60231,4.67467,-2.45962,1.27366
205.66896,4.67635,-2.45430,1.26064
205.73567,4.67730,-2.45138,1.25349
205.80227,4.67810,-2.44895,1.24798
205.86905,4.67908,-2.44608,1.24114
205.93551,4.67995,-2.44356,1.23505
206.00206,4.68183,-2.43831,1.22214
206.06901,4.68379,-2.43305,1.20870
206.13561,4.68484,-2.43031,1.20189
206.20247,4.68581,-2.42784,1.19621
206.26917,4.68692,-2.42502,1.19243
206.33576,4.68791,-2.42253,1.19045
206.40210,4.68906,-2.41967,1.18806
206.46880,4.69117,-2.41442,1.18536
206.53562,4.69213,-2.41206,1.18347
206.60213,4.69213,-2.41206,1.18347
206.66888,4.69213,-2.41206,1.18347
206.73553,4.69213,-2.41206,1.18347
206.80241,4.69699,-2.40027,1.17725
206.86920,4.69912,-2.39513,1.17569
206.93581,4.70012,-2.39273,1.17508
207.00234,4.70126,-2.39000,1.17435
207.06892,4.70344,-2.38480,1.17327
207.13541,4.70446,-2.38237,1.17257
207.20270,4.70561,-2.37962,1.17238
207.26914,4.70660,-2.37729,1.17164
207.33572,4.70660,-2.37729,1.17164
207.40284,4.70660,-2.37729,1.17164
207.46903,4.71088,-2.36714,1.17028
207.53561,4.71292,-2.36232,1.17000
207.60252,4.71403,-2.35970,1.17015
207.66897,4.71403,-2.35970,1.17015
207.73593,4.71502,-2.35737,1.17049
207.80268,4.71797,-2.35032,1.17485
207.87027,4.71797,-2.35032,1.17485
207.93600,4.71797,-2.35032,1.17485
208.00384,4.71970,-2.34616,1.17762
208.07062,4.71970,-2.34616,1.17762
208.13704,4.71970,-2.34616,1.17762
208.20349,4.72051,-2.34420,1.17874
208.27072,4.72051,-2.34420,1.17874
208.33696,4.72051,-2.34420,1.17874
208.40355,4.72734,-2.32735,1.19220
208.47040,4.72821,-2.32514,1.19487
208.53713,4.72821,-2.32514,1.19487
208.60356,4.73062,-2.31895,1.20239
208.66997,4.73150,-2.31663,1.20599
208.73657,4.73314,-2.31228,1.21230
208.80345,4.73387,-2.31031,1.21502
208.87006,4.73547,-2.30593,1.22277
208.93623,4.73547,-2.30593,1.22277
209.00354,4.73547,-2.30593,1.22277
209.06998,4.73802,-2.29866,1.23769
209.13688,4.73802,-2.29866,1.23769
209.20334,4.73883,-2.29630,1.24229
209.26981,4.73883,-2.29630,1.24229
209.33662,4.73883,-2.29630,1.24229
209.40327,4.73883,-2.29630,1.24229
209.47027,4.73883,-2.29630,1.24229
209.53694,4.73883,-2.29630,1.24229
209.60342,4.74125,-2.28896,1.25848
209.66938,4.74645,-2.27157,1.29903
209.73601,4.74645,-2.27157,1.29903
209.80235,4.74856,-2.26365,1.31864
209.86915,4.74983,-2.25858,1.33297
209.93578,4.74983,-2.25858,1.33297
210.00262,4.75088,-2.25408,1.35609
210.06918,4.75146,-2.25094,1.41516
210.13568,4.75146,-2.25094,1.41516
210.20252,4.75153,-2.25029,1.45619
210.26922,4.75139,-2.25109,1.64403
210.33567,4.75139,-2.25109,1.64403
210.40233,4.75133,-2.25135,1.70781
210.46897,4.75139,-2.25256,1.91114
210.53591,4.75139,-2.25256,1.91114
210.60248,4.75139,-2.25256,1.91114
210.66903,4.75186,-2.25403,2.17810
210.73581,4.75186,-2.25403,2.17810
210.80229,4.75186,-2.25403,2.17810
210.86889,4.75215,-2.25460,2.34433
210.93556,4.75215,-2.25460,2.34433
211.00234,4.75215,-2.25460,2.34433
211.06909,4.75254,-2.25508,2.42102
211.13583,4.75245,-2.25501,2.44289
211.20231,4.75245,-2.25501,2.44289
211.26943,4.75231,-2.25490,2.43860
211.33569,4.75181,-2.25447,2.45198
211.40251,4.75181,-2.25447,2.45198
211.46900,4.75090,-2.25367,2.42967
211.53597,4.75064,-2.25344,2.41377
211.60229,4.75031,-2.25313,2.40490
211.66930,4.74996,-2.25278,2.36900
211.73604,4.74981,-2.25264,2.35287
211.80264,4.74962,-2.25244,2.33389
211.86932,4.74951,-2.25230,2.30174
211.93618,4.74938,-2.25215,2.28954
212.00252,4.74923,-2.25199,2.27260
212.06915,4.74863,-2.25123,2.23321
212.13554,4.74838,-2.25091,2.21125
212.20243,4.74828,-2.25077,2.19546
212.26927,4.74798,-2.25033,2.16051
212.33589,4.74780,-2.25007,2.14096
212.40241,4.74767,-2.24986,2.12521
212.46921,4.74733,-2.24927,2.08507
212.53571,4.74705,-2.24876,2.06226
212.60262,4.74676,-2.24822,2.04413
212.66881,4.74647,-2.24764,2.02541
212.73538,4.74617,-2.24702,2.00195
212.80253,4.74606,-2.24680,1.99991
212.86917,4.74584,-2.24631,1.97880
212.93587,4.74565,-2.24587,1.96143
213.00255,4.74556,-2.24565,1.95901
213.06924,4.74507,-2.24442,1.94242
213.13572,4.74469,-2.24345,1.92863
213.20257,4.74452,-2.24300,1.92408
213.26910,4.74416,-2.24199,1.89609
213.33636,4.74378,-2.24082,1.87663
213.40298,4.74351,-2.23997,1.86887
213.47058,4.74295,-2.23806,1.85005
213.53649,4.74267,-2.23708,1.84301
213.60394,4.74217,-2.23527,1.83441
213.67074,4.74098,-2.23088,1.83067
213.73717,4.74036,-2.22858,1.82714
213.80384,4.73964,-2.22586,1.82360
213.87020,4.73853,-2.22155,1.81520
213.93699,4.73820,-2.22023,1.81076
214.00355,4.73784,-2.21874,1.80759
214.06969,4.73739,-2.21691,1.81146
214.13679,4.73730,-2.21659,1.82009
214.20305,4.73690,-2.21508,1.83462
214.26962,4.73673,-2.21460,1.86380
214.33603,4.73685,-2.21507,1.87831
214.40301,4.73670,-2.21464,1.89651
214.46995,4.73692,-2.21534,1.90276
214.53657,4.73712,-2.21594,1.92994
214.60352,4.73725,-2.21629,1.95038
214.67000,4.73754,-2.21702,2.01035
214.73681,4.73769,-2.21737,2.04519
214.80305,4.73782,-2.21765,2.07483
214.86981,4.73809,-2.21814,2.13201
214.93621,4.73825,-2.21839,2.16679
215.00289,4.73838,-2.21860,2.19715
215.06977,4.73867,-2.21899,2.24377
215.13650,4.73871,-2.21905,2.25059
215.20322,4.73867,-2.21900,2.25367
215.26998,4.73826,-2.21850,2.25840
215.33663,4.73775,-2.21788,2.25886
215.40309,4.73734,-2.21738,2.25860
215.46968,4.73618,-2.21594,2.24521
215.53634,4.73547,-2.21503,2.23352
215.60304,4.73491,-2.21431,2.22184
215.67001,4.73457,-2.21386,2.19104
215.73634,4.73434,-2.21352,2.17336
215.80329,4.73421,-2.21332,2.15687
215.87025,4.73388,-2.21279,2.11233
215.93646,4.73370,-2.21247,2.08403
216.00306,4.73355,-2.21219,2.05862
216.06972,4.73328,-2.21161,2.00294
216.13654,4.73328,-2.21161,2.00294
216.20285,4.73311,-2.21121,1.97173
216.27000,4.73297,-2.21086,1.93276
216.33677,4.73281,-2.21040,1.92229
216.40370,4.73240,-2.20927,1.90512
216.47009,4.73183,-2.20760,1.87661
216.53657,4.73170,-2.20720,1.86482
216.60315,4.73158,-2.20677,1.83797
216.66970,4.73147,-2.20635,1.81396
216.73680,4.73147,-2.20635,1.81351
216.80318,4.73143,-2.20619,1.81171
216.87021,4.73127,-2.20556,1.81932
216.93713,4.73113,-2.20509,1.83352
217.00301,4.73089,-2.20425,1.84788
217.06981,4.73069,-2.20361,1.87148
217.13630,4.73069,-2.20363,1.88704
217.20281,4.73048,-2.20306,1.90257
217.27014,4.73005,-2.20192,1.93296
217.33636,4.72988,-2.20149,1.95224
217.40367,4.72985,-2.20142,1.97271
217.47001,4.73002,-2.20181,2.01760
217.53704,4.73016,-2.20211,2.03792
217.60355,4.73027,-2.20234,2.05918
217.66984,4.73037,-2.20254,2.07697
217.73655,4.73042,-2.20265,2.10229
217.80305,4.73080,-2.20330,2.14798
217.86974,4.73123,-2.20394,2.19747
217.93631,4.73133,-2.20409,2.20824
218.00323,4.73138,-2.20416,2.21394
218.06971,4.73138,-2.20416,2.21609
218.13630,4.73143,-2.20423,2.23202
218.20302,4.73153,-2.20436,2.24229
218.26981,4.73171,-2.20458,2.27393
218.33647,4.73179,-2.20468,2.28755
218.40324,4.73183,-2.20472,2.29149
218.46977,4.73156,-2.20441,2.29048
218.53636,4.73135,-2.20417,2.28946
218.60319,4.73128,-2.20410,2.28940
218.66979,4.73039,-2.20308,2.28541
218.73678,4.72973,-2.20232,2.28805
218.80325,4.72916,-2.20167,2.28831
218.86970,4.72765,-2.19990,2.26746
218.93657,4.72715,-2.19930,2.24941
219.00302,4.72699,-2.19911,2.23322
219.06983,4.72632,-2.19819,2.19602
219.13633,4.72599,-2.19772,2.17272
219.20355,4.72569,-2.19727,2.14535
219.27008,4.72515,-2.19635,2.08457
219.33617,4.72486,-2.19581,2.05139
219.40291,4.72462,-2.19531,2.02162
219.46989,4.72412,-2.19417,1.95758
219.53670,4.72393,-2.19367,1.92564
219.60333,4.72377,-2.19322,1.89616
219.67009,4.72339,-2.19196,1.82971
219.73685,4.72324,-2.19133,1.79747
219.80364,4.72317,-2.19102,1.77347
219.87086,4.72306,-2.19041,1.71418
219.93666,4.72306,-2.19037,1.70980
220.00323,4.72302,-2.19005,1.68101
220.07033,4.72296,-2.18920,1.59899
220.13673,4.72295,-2.18898,1.59791
220.20370,4.72295,-2.18848,1.57012
220.27009,4.72296,-2.18756,1.51988
220.33682,4.72298,-2.18720,1.49844
220.40349,4.72306,-2.18630,1.47829
220.46987,4.72327,-2.18424,1.45722
220.53635,4.72334,-2.18357,1.45657
220.60332,4.72341,-2.18284,1.46065
220.66999,4.72372,-2.17966,1.46065
220.73687,4.72393,-2.17764,1.46225
220.80301,4.72415,-2.17534,1.47341
220.87014,4.72429,-2.17365,1.48966
220.93642,4.72438,-2.17217,1.53543
221.00300,4.72438,-2.17212,1.55868
221.06951,4.72438,-2.17285,1.61486
221.13645,4.72438,-2.17315,1.64447
221.20301,4.72438,-2.17315,1.64447
221.26985,4.72437,-2.17345,1.70903
221.33695,4.72438,-2.17360,1.74240
221.40385,4.72439,-2.17372,1.77072
221.46975,4.72418,-2.17301,1.82815
221.53634,4.72408,-2.17274,1.86288
221.60334,4.72391,-2.17224,1.88693
221.66982,4.72349,-2.17109,1.90674
221.73646,4.72331,-2.17059,1.90825
221.80289,4.72308,-2.16992,1.90349
221.86992,4.72240,-2.16788,1.88677
221.93705,4.72212,-2.16698,1.87717
222.00354,4.72192,-2.16633,1.86476
222.06990,4.72177,-2.16580,1.83503
222.13583,4.72167,-2.16543,1.82082
222.20226,4.72160,-2.16510,1.80424
222.26974,4.72144,-2.16429,1.76472
222.33680,4.72133,-2.16365,1.75048
222.40330,4.72122,-2.16298,1.73402
222.46994,4.72090,-2.16077,1.70573
222.53666,4.72090,-2.16077,1.70573
222.60333,4.72069,-2.15920,1.69809
222.66986,4.72037,-2.15691,1.71038
222.73635,4.72021,-2.15584,1.71389
222.80383,4.71979,-2.15317,1.73330
222.86979,4.71972,-2.15276,1.74635
222.93688,4.71953,-2.15180,1.79438
223.00330,4.71965,-2.15231,1.82044
223.06992,4.71965,-2.15231,1.82044
223.13628,4.71992,-2.15331,1.92691
223.20257,4.72000,-2.15359,1.96688
223.26923,4.71995,-2.15354,2.00695
223.33631,4.71965,-2.15306,2.06917
223.40259,4.71899,-2.15195,2.09140
223.47023,4.71814,-2.15054,2.11451
223.53588,4.71814,-2.15054,2.11451
223.60304,4.71698,-2.14863,2.11393
223.66929,4.71698,-2.14863,2.11393
223.73639,4.71571,-2.14641,2.06802
223.80279,4.71567,-2.14633,2.05351
223.86937,4.71567,-2.14633,2.05351
223.93641,4.71551,-2.14601,2.03679
224.00316,4.71540,-2.14573,1.99598
224.07019,4.71540,-2.14573,1.99598
224.13698,4.71525,-2.14538,1.98125
224.20289,4.71515,-2.14511,1.96168
224.26907,4.71515,-2.14511,1.96168
224.33631,4.71516,-2.14514,1.98035
224.40341,4.71537,-2.14559,2.01971
224.46988,4.71537,-2.14559,2.01971
224.53677,4.71528,-2.14540,2.00714
224.60358,4.71502,-2.14479,1.97994
224.67003,4.71502,-2.14479,1.97994
224.73682,4.71509,-2.14494,1.98243
224.80375,4.71567,-2.14608,2.09748
224.87014,4.71610,-2.14678,2.15294
224.93690,4.71610,-2.14678,2.15294
225.00363,4.71718,-2.14816,2.36818
225.07053,4.71755,-2.14852,2.44610
225.13738,4.71755,-2.14852,2.44610
225.20367,4.71937,-2.14965,2.71376
225.27017,4.72010,-2.14997,2.79216
225.33687,4.72010,-2.14997,2.79216
225.40348,4.72090,-2.15021,2.89651
225.47024,4.72332,-2.15060,-3.13303
225.53656,4.72332,-2.15060,-3.13303
225.60326,4.72523,-2.15036,-2.86737
225.67010,4.72588,-2.15014,-2.76743
225.73710,4.72588,-2.15014,-2.76743
225.80372,4.72749,-2.14927,-2.50921
225.87183,4.72798,-2.14889,-2.41170
225.93678,4.72798,-2.14889,-2.41170
226.00324,4.72843,-2.14847,-2.33462
226.07034,4.72995,-2.14642,-2.07273
226.13690,4.73042,-2.14550,-1.96786
226.20383,4.73076,-2.14478,-1.91573
226.26945,4.73124,-2.14323,-1.76371
226.33615,4.73137,-2.14242,-1.66434
226.40286,4.73146,-2.14189,-1.62334
226.46946,4.73149,-2.14067,-1.49383
226.53605,4.73143,-2.14011,-1.40590
226.60275,4.73139,-2.13973,-1.37101
226.66915,4.73117,-2.13880,-1.25871
226.73603,4.73104,-2.13840,-1.20830
226.80282,4.73088,-2.13798,-1.14836
226.86943,4.73089,-2.13792,-1.04664
226.93585,4.73136,-2.13868,-1.00385
227.00251,4.73249,-2.14039,-0.95166
227.06925,4.73516,-2.14396,-0.86101
227.13572,4.73646,-2.14550,-0.82250
227.20273,4.73805,-2.14722,-0.77857
227.26929,4.73946,-2.14865,-0.74395
227.33610,4.74142,-2.15044,-0.70457
227.40278,4.74359,-2.15228,-0.65248
227.46935,4.74739,-2.15519,-0.59222
227.53607,4.74883,-2.15620,-0.57839
227.60282,4.75055,-2.15732,-0.53370
227.66928,4.75147,-2.15785,-0.48022
227.73565,4.75090,-2.15752,-0.47192
227.80268,4.75108,-2.15758,-0.43874
227.86924,4.75108,-2.15753,-0.41177
227.93570,4.75089,-2.15743,-0.41727
228.00248,4.75093,-2.15745,-0.41352
228.06930,4.75155,-2.15771,-0.39334
228.13581,4.75162,-2.15774,-0.39585
228.20268,4.75185,-2.15784,-0.39077
228.26894,4.75222,-2.15799,-0.38409
228.33598,4.75222,-2.15799,-0.38409
228.40256,4.75255,-2.15812,-0.37988
228.46933,4.75259,-2.15814,-0.37996
228.53600,4.75302,-2.15832,-0.37662
228.60266,4.75302,-2.15832,-0.37662
228.66927,4.75451,-2.15891,-0.36892
228.73606,4.75558,-2.15932,-0.35907
228.80252,4.75610,-2.15952,-0.35369
228.86917,4.75628,-2.15958,-0.35106
228.93544,4.75691,-2.15981,-0.34673
229.00241,4.75685,-2.15979,-0.34769
229.06906,4.75689,-2.15981,-0.34872
229.13587,4.75689,-2.15981,-0.34872
229.20270,4.75689,-2.15981,-0.34872
229.26941,4.75689,-2.15981,-0.34872
229.33598,4.75710,-2.15988,-0.35029
229.40253,4.75710,-2.15988,-0.35029
229.46893,4.75710,-2.15988,-0.35029
229.53631,4.76244,-2.16202,-0.39742
229.60227,4.77057,-2.16581,-0.47569
229.66931,4.77185,-2.16649,-0.50441
229.73593,4.77185,-2.16649,-0.50441
229.80260,4.77185,-2.16649,-0.50441
229.86922,4.77185,-2.16649,-0.50441
229.93577,4.77185,-2.16649,-0.50441
230.00272,4.77185,-2.16649,-0.50441
230.06957,4.77185,-2.16649,-0.50441
230.13577,4.77185,-2.16649,-0.50441
230.20278,4.77185,-2.16649,-0.50441
230.26912,4.77185,-2.16649,-0.50441
230.33597,4.77889,-2.17139,-0.69733
230.40237,4.78171,-2.17399,-0.78769
230.46910,4.78226,-2.17456,-0.80454
230.53554,4.78226,-2.17456,-0.80454
230.60206,4.78226,-2.17456,-0.80454
230.66911,4.78226,-2.17456,-0.80454
230.73574,4.78463,-2.17732,-0.93323
230.80244,4.78481,-2.17759,-0.95841
230.86920,4.78510,-2.17804,-0.99172
230.93585,4.78525,-2.17829,-1.00212
231.00234,4.78554,-2.17874,-1.01219
231.06883,4.78554,-2.17874,-1.01219
231.13540,4.78554,-2.17874,-1.01219
231.20259,4.78554,-2.17874,-1.01219
231.26905,4.78554,-2.17874,-1.01219
231.33598,4.78911,-2.18479,-1.08423
231.40268,4.78932,-2.18519,-1.09670
231.47126,4.78971,-2.18599,-1.12969
231.53640,4.78987,-2.18636,-1.14966
231.60279,4.78987,-2.18636,-1.14966
231.66928,4.79018,-2.18710,-1.18638
231.73617,4.79018,-2.18710,-1.18638
231.80289,4.79018,-2.18710,-1.18638
231.86938,4.79090,-2.18915,-1.26339
231.93608,4.79113,-2.18990,-1.29002
232.00312,4.79124,-2.19029,-1.30266
232.06926,4.79154,-2.19144,-1.34006
232.13591,4.79166,-2.19198,-1.36290
232.20266,4.79166,-2.19198,-1.36290
232.26925,4.79166,-2.19198,-1.36290
232.33629,4.79166,-2.19198,-1.36290
232.40270,4.79245,-2.19657,-1.42134
232.46933,4.79245,-2.19657,-1.42134
232.53609,4.79245,-2.19657,-1.42134
232.60280,4.79245,-2.19657,-1.42134
232.66920,4.79297,-2.20032,-1.44909
232.73582,4.79403,-2.21178,-1.50913
232.80264,4.79418,-2.21426,-1.52006
232.86931,4.79432,-2.21746,-1.53954
232.93612,4.79436,-2.21864,-1.54794
233.00242,4.79438,-2.22010,-1.55809
233.06922,4.79439,-2.22223,-1.57291
233.13586,4.79437,-2.22386,-1.58041
233.20231,4.79433,-2.22678,-1.59294
233.26883,4.79417,-2.23213,-1.61184
233.33562,4.79408,-2.23419,-1.61622
233.40242,4.79392,-2.23755,-1.62666
233.46920,4.79364,-2.24216,-1.64335
233.53582,4.79354,-2.24338,-1.65028
233.60279,4.79329,-2.24612,-1.66808
233.66902,4.79314,-2.24748,-1.67889
233.73604,4.79282,-2.25011,-1.69995
233.80244,4.79271,-2.25096,-1.70814
233.86937,4.79247,-2.25247,-1.72777
233.93590,4.79238,-2.25297,-1.74294
234.00247,4.79234,-2.25316,-1.75638
234.06940,4.79181,-2.25555,-1.78879
234.13572,4.79124,-2.25786,-1.81049
234.20266,4.79078,-2.25969,-1.82606
234.26923,4.78959,-2.26390,-1.85939
234.33576,4.78870,-2.26674,-1.88242
234.40258,4.78797,-2.26894,-1.89857
234.46904,4.78713,-2.27134,-1.91251
234.53586,4.78618,-2.27398,-1.92504
234.60249,4.78561,-2.27560,-1.92450
234.66925,4.78380,-2.28055,-1.92862
234.73593,4.78271,-2.28351,-1.93159
234.80285,4.78235,-2.28452,-1.92719
234.86939,4.78137,-2.28723,-1.91985
234.93605,4.78083,-2.28874,-1.91699
235.00264,4.78089,-2.28862,-1.91430
235.06932,4.78052,-2.28969,-1.90647
235.13607,4.78023,-2.29054,-1.90267
235.20256,4.77994,-2.29142,-1.89860
235.26953,4.77978,-2.29189,-1.89659
235.33605,4.77957,-2.29253,-1.89131
235.40288,4.77948,-2.29282,-1.88826
235.46919,4.77929,-2.29341,-1.88079
235.53574,4.77922,-2.29365,-1.87666
235.60238,4.77921,-2.29370,-1.87056
235.66923,4.77912,-2.29397,-1.86409
235.73588,4.77921,-2.29371,-1.86024
235.80239,4.77912,-2.29400,-1.85373
235.86908,4.77916,-2.29390,-1.84793
235.93596,4.77902,-2.29442,-1.83786
236.00236,4.77882,-2.29516,-1.82981
236.06904,4.77882,-2.29516,-1.82981
236.13548,4.77882,-2.29516,-1.82981
236.20223,4.77882,-2.29516,-1.82981
236.26910,4.77882,-2.29516,-1.82981
236.33588,4.77882,-2.29516,-1.82981
236.40258,4.77882,-2.29516,-1.82981
236.46925,4.77758,-2.30049,-1.75795
236.53590,4.77757,-2.30059,-1.74813
236.60223,4.77767,-2.30000,-1.73383
236.66895,4.77774,-2.29960,-1.71377
236.73556,4.77768,-2.30010,-1.70171
236.80249,4.77758,-2.30096,-1.69117
236.86909,4.77740,-2.30263,-1.67401
236.93560,4.77740,-2.30263,-1.67401
237.00260,4.77740,-2.30263,-1.67401
237.06912,4.77645,-2.31357,-1.64919
237.13585,4.77639,-2.31427,-1.64809
237.20231,4.77619,-2.31662,-1.65069
237.26878,4.77619,-2.31662,-1.65069
237.33534,4.77619,-2.31662,-1.65069
237.40252,4.77545,-2.32503,-1.66499
237.46918,4.77514,-2.32788,-1.69118
237.53592,4.77505,-2.32855,-1.70080
237.60315,4.77505,-2.32855,-1.70080
237.66911,4.77496,-2.32908,-1.71137
237.73588,4.77454,-2.33156,-1.73610
237.80268,4.77454,-2.33156,-1.73610
237.86969,4.77454,-2.33156,-1.73610
237.93609,4.77454,-2.33156,-1.73610
238.00256,4.77454,-2.33156,-1.73610
238.06952,4.77454,-2.33156,-1.73610
238.13621,4.77454,-2.33156,-1.73610
238.20242,4.77423,-2.33319,-1.77026
238.26937,4.77343,-2.33570,-1.92558
238.33576,4.77336,-2.33586,-1.94417
238.40244,4.77336,-2.33586,-1.94417
238.46921,4.77336,-2.33586,-1.94417
238.53589,4.77336,-2.33586,-1.94417
238.60277,4.77322,-2.33619,-1.96604
238.66923,4.77037,-2.34232,-2.01680
238.73604,4.76902,-2.34515,-2.01987
238.80244,4.76787,-2.34756,-2.02076
238.86921,4.76787,-2.34756,-2.02076
238.93484,4.76655,-2.35032,-2.01869
239.00168,4.76477,-2.35409,-2.01184
239.06826,4.76477,-2.35409,-2.01184
239.13493,4.76383,-2.35613,-1.99702
239.20194,4.76383,-2.35613,-1.99702
239.26846,4.76383,-2.35613,-1.99702
239.33503,4.76257,-2.35924,-1.95977
239.40177,4.76257,-2.35924,-1.95977
239.46820,4.76257,-2.35924,-1.95977
239.53477,4.76257,-2.35924,-1.95977
239.60176,4.76257,-2.35924,-1.95977
239.66844,4.76257,-2.35924,-1.95977
239.73497,4.76257,-2.35924,-1.95977
239.80183,4.75985,-2.36594,-1.94873
239.86823,4.75985,-2.36594,-1.94873
239.93511,4.75880,-2.36880,-1.91661
240.00174,4.75845,-2.36984,-1.90786
240.06812,4.75845,-2.36984,-1.90786
240.13490,4.75607,-2.37696,-1.89791
240.20173,4.75518,-2.37949,-1.90582
240.26834,4.75518,-2.37949,-1.90582
240.33510,4.75223,-2.38770,-1.91491
240.40211,4.75125,-2.39046,-1.91112
240.46841,4.75125,-2.39046,-1.91112
240.53505,4.75015,-2.39359,-1.90671
240.60246,4.74780,-2.40053,-1.89399
240.66934,4.74780,-2.40053,-1.89399
240.73579,4.74710,-2.40264,-1.89008
240.80294,4.74475,-2.41004,-1.87421
240.87002,4.74475,-2.41004,-1.87421
240.93607,4.74409,-2.41218,-1.86932
241.00275,4.74235,-2.41802,-1.85506
241.06930,4.74235,-2.41802,-1.85506
241.13613,4.74082,-2.42345,-1.83743
241.20256,4.74042,-2.42494,-1.83048
241.26947,4.74042,-2.42494,-1.83048
241.33602,4.74050,-2.42464,-1.82885
241.40277,4.74022,-2.42580,-1.81636
241.46950,4.74018,-2.42603,-1.80576
241.53608,4.74026,-2.42572,-1.80364
241.60285,4.74019,-2.42603,-1.79533
241.66949,4.74034,-2.42540,-1.77821
241.73577,4.74017,-2.42637,-1.76265
241.80260,4.73989,-2.42793,-1.74656
241.86930,4.73942,-2.43103,-1.71555
241.93602,4.73931,-2.43178,-1.71264
242.00278,4.73914,-2.43304,-1.70796
242.06925,4.73841,-2.43804,-1.71587
242.13590,4.73789,-2.44137,-1.72092
242.20294,4.73747,-2.44398,-1.72101
242.26923,4.73668,-2.44913,-1.71868
242.33588,4.73627,-2.45185,-1.71729
242.40269,4.73591,-2.45428,-1.71791
242.46984,4.73542,-2.45749,-1.72007
242.53605,4.73493,-2.46074,-1.71882
242.60321,4.73464,-2.46264,-1.71900
242.66967,4.73391,-2.46753,-1.71709
242.73627,4.73345,-2.47073,-1.71529
242.80255,4.73317,-2.47253,-1.72115
242.86869,4.73240,-2.47742,-1.72792
242.93554,4.73186,-2.48080,-1.72828
243.00252,4.73156,-2.48272,-1.72687
243.06939,4.73082,-2.48742,-1.72724
243.13601,4.73060,-2.48879,-1.72955
243.20263,4.73035,-2.49035,-1.72931
243.26983,4.73014,-2.49163,-1.72689
243.33558,4.72952,-2.49580,-1.71914
243.40259,4.72913,-2.49852,-1.71365
243.46935,4.72841,-2.50375,-1.70682
243.53570,4.72809,-2.50614,-1.70708
243.60294,4.72768,-2.50907,-1.70942
243.66947,4.72720,-2.51246,-1.71121
243.73647,4.72699,-2.51387,-1.71372
243.80291,4.72653,-2.51704,-1.71379
243.87052,4.72633,-2.51838,-1.71270
243.93676,4.72569,-2.52295,-1.70886
244.00298,4.72524,-2.52623,-1.70493
244.06930,4.72456,-2.53146,-1.70142
244.13633,4.72431,-2.53332,-1.70134
244.20291,4.72386,-2.53679,-1.70084
244.26965,4.72315,-2.54211,-1.70212
244.33620,4.72291,-2.54389,-1.70223
244.40304,4.72245,-2.54740,-1.70245
244.46937,4.72195,-2.55113,-1.70223
244.53578,4.72172,-2.55283,-1.70566
244.60260,4.72156,-2.55400,-1.70562
244.66951,4.72109,-2.55759,-1.70137
244.73581,4.72075,-2.56021,-1.69929
244.80280,4.72046,-2.56251,-1.69945
244.86956,4.71985,-2.56724,-1.69875
244.93626,4.71949,-2.57010,-1.69774
245.00273,4.71921,-2.57221,-1.69953
245.06958,4.71883,-2.57518,-1.69774
245.13646,4.71842,-2.57853,-1.69529
245.20275,4.71824,-2.58000,-1.69355
245.26907,4.71768,-2.58456,-1.69179
245.33627,4.71727,-2.58792,-1.69112
245.40276,4.71709,-2.58949,-1.68756
245.46930,4.71653,-2.59446,-1.68161
245.53578,4.71615,-2.59790,-1.67724
245.60221,4.71598,-2.59961,-1.67359
245.66874,4.71547,-2.60503,-1.66541
245.73693,4.71511,-2.60863,-1.66848
245.80227,4.71496,-2.61013,-1.66905
245.86967,4.71451,-2.61479,-1.66575
245.93604,4.71429,-2.61706,-1.66249
246.00283,4.71404,-2.61996,-1.65688
246.06918,4.71362,-2.62533,-1.64614
246.13582,4.71345,-2.62775,-1.64146
246.20413,4.71326,-2.63066,-1.63574
246.26872,4.71297,-2.63576,-1.62624
246.33564,4.71284,-2.63815,-1.62330
246.40196,4.71278,-2.63939,-1.62181
246.46920,4.71254,-2.64459,-1.61462
246.53585,4.71248,-2.64620,-1.61182
246.60200,4.71234,-2.64957,-1.60959
246.66881,4.71216,-2.65461,-1.60578
246.73557,4.71210,-2.65609,-1.60664
246.80241,4.71198,-2.65939,-1.60630
246.86895,4.71180,-2.66460,-1.60392
246.93591,4.71174,-2.66646,-1.60121
247.00250,4.71167,-2.66894,-1.59968
247.06936,4.71152,-2.67421,-1.59934
247.13618,4.71143,-2.67701,-1.60034
247.20296,4.71135,-2.67947,-1.60274
247.26979,4.71117,-2.68470,-1.60642
247.33575,4.71106,-2.68755,-1.60875
247.40185,4.71096,-2.68993,-1.60948
247.46878,4.71075,-2.69505,-1.61286
247.53593,4.71062,-2.69794,-1.61571
247.60264,4.71051,-2.70025,-1.61836
247.66915,4.71039,-2.70245,-1.62535
247.73583,4.71020,-2.70549,-1.63592
247.80281,4.71016,-2.70585,-1.64067
247.86934,4.70992,-2.70848,-1.66634
247.93572,4.70983,-2.70923,-1.67919
248.00262,4.70975,-2.70982,-1.69172
248.06906,4.70964,-2.71047,-1.72143
248.13578,4.70960,-2.71064,-1.74243
248.20274,4.70957,-2.71072,-1.76312
248.26911,4.70951,-2.71091,-1.78865
248.33626,4.70930,-2.71168,-1.82684
248.40268,4.70935,-2.71137,-1.84880
248.46894,4.70912,-2.71194,-1.91178
248.53564,4.70906,-2.71207,-1.93544
248.60264,4.70888,-2.71245,-1.96787
248.66893,4.70838,-2.71349,-2.02874
248.73607,4.70811,-2.71401,-2.05409
248.80269,4.70782,-2.71454,-2.08438
248.86929,4.70731,-2.71539,-2.12786
248.93639,4.70686,-2.71609,-2.14182
249.00274,4.70606,-2.71733,-2.15467
249.06932,4.70440,-2.71983,-2.16834
249.13606,4.70381,-2.72072,-2.16653
249.20227,4.70340,-2.72135,-2.16270
249.26925,4.70270,-2.72244,-2.14462
249.33584,4.70249,-2.72277,-2.13353
249.40281,4.70238,-2.72295,-2.11392
249.46944,4.70239,-2.72295,-2.08240
249.53599,4.70246,-2.72284,-2.06871
249.60252,4.70256,-2.72266,-2.04953
249.66893,4.70266,-2.72248,-2.03123
249.73556,4.70279,-2.72224,-1.99019
249.80353,4.70293,-2.72192,-1.96605
249.86937,4.70304,-2.72168,-1.94300
249.93642,4.70318,-2.72131,-1.91594
250.00309,4.70330,-2.72098,-1.89410
250.06947,4.70351,-2.72035,-1.84430
250.13615,4.70363,-2.71993,-1.81520
250.20255,4.70370,-2.71964,-1.79493
250.26931,4.70379,-2.71925,-1.77164
250.33573,4.70390,-2.71871,-1.72910
250.40265,4.70391,-2.71873,-1.72024
250.46928,4.70391,-2.71877,-1.71823
250.53598,4.70382,-2.71926,-1.72984
250.60269,4.70375,-2.71970,-1.73941
250.66944,4.70355,-2.72069,-1.77391
250.73594,4.70350,-2.72094,-1.78222
250.80259,4.70345,-2.72120,-1.78653
250.86915,4.70309,-2.72272,-1.80143
250.93609,4.70280,-2.72392,-1.81610
251.00262,4.70258,-2.72476,-1.82895
251.06917,4.70217,-2.72618,-1.87953
251.13589,4.70199,-2.72671,-1.91967
251.20257,4.70186,-2.72703,-1.95337
251.26923,4.70147,-2.72782,-2.05240
251.33586,4.70121,-2.72825,-2.11060
251.40260,4.70094,-2.72866,-2.15929
251.46912,4.70039,-2.72938,-2.23966
251.53590,4.70003,-2.72980,-2.28257
251.60253,4.69975,-2.73011,-2.30982
251.66947,4.69956,-2.73031,-2.32463
251.73623,4.69963,-2.73022,-2.31677
251.80226,4.69974,-2.73011,-2.30407
251.86898,4.69967,-2.73019,-2.28172
251.93571,4.69989,-2.72994,-2.25834
252.00230,4.70010,-2.72966,-2.23409
252.06892,4.70070,-2.72887,-2.18847
252.13601,4.70096,-2.72851,-2.16668
252.20269,4.70118,-2.72819,-2.13139
252.26933,4.70137,-2.72788,-2.09947
252.33627,4.70168,-2.72732,-2.03148
252.40236,4.70187,-2.72688,-1.97653
252.46900,4.70215,-2.72617,-1.88306
252.53591,4.70226,-2.72583,-1.85238
252.60221,4.70226,-2.72583,-1.85238
252.66900,4.70226,-2.72583,-1.85238
252.73588,4.70265,-2.72410,-1.73244
252.80263,4.70264,-2.72415,-1.73142
252.86972,4.70253,-2.72473,-1.75356
252.93579,4.70253,-2.72473,-1.75356
253.00251,4.70245,-2.72513,-1.77479
253.06920,4.70207,-2.72660,-1.88009
253.13565,4.70207,-2.72660,-1.88009
253.20280,4.70174,-2.72747,-1.97561
253.26952,4.70138,-2.72822,-2.06960
253.33596,4.70138,-2.72822,-2.06960
253.40297,4.70084,-2.72907,-2.17146
253.46940,4.70077,-2.72915,-2.18323
253.53626,4.70050,-2.72953,-2.21962
253.60254,4.69986,-2.73031,-2.29018
253.66912,4.69963,-2.73056,-2.30267
253.73598,4.69978,-2.73040,-2.28436
253.80269,4.69987,-2.73030,-2.26914
253.86915,4.69987,-2.73031,-2.24855
253.93573,4.70030,-2.72974,-2.20355
254.00249,4.70054,-2.72940,-2.18158
254.06919,4.70088,-2.72890,-2.12062
254.13569,4.70088,-2.72890,-2.12062
254.20223,4.70088,-2.72890,-2.12062
254.26888,4.70122,-2.72825,-1.96825
254.33585,4.70135,-2.72792,-1.92529
254.40283,4.70148,-2.72755,-1.88962
254.46964,4.70173,-2.72668,-1.81180
254.53615,4.70173,-2.72668,-1.81180
254.60271,4.70186,-2.72612,-1.77430
254.66919,4.70198,-2.72550,-1.74833
254.73599,4.70200,-2.72540,-1.74538
254.80239,4.70198,-2.72553,-1.74952
254.86931,4.70175,-2.72662,-1.79947
254.93591,4.70153,-2.72743,-1.83719
255.00261,4.70137,-2.72799,-1.87091
255.06937,4.70137,-2.72799,-1.87091
255.13628,4.70080,-2.72953,-2.01108
255.20272,4.70066,-2.72982,-2.05177
255.26908,4.70066,-2.72982,-2.05177
255.33578,4.70048,-2.73015,-2.09817
255.40214,4.70048,-2.73015,-2.09817
255.46906,4.70029,-2.73045,-2.13807
255.53583,4.70029,-2.73045,-2.13807
255.60429,4.70029,-2.73045,-2.13807
255.66936,4.69904,-2.73207,-2.30185
255.73601,4.69835,-2.73277,-2.37023
255.80260,4.69844,-2.73268,-2.33872
255.86967,4.69844,-2.73268,-2.33872
255.93620,4.69860,-2.73252,-2.30743
256.00272,4.69860,-2.73252,-2.30743
256.06909,4.69860,-2.73252,-2.30743
256.13631,4.69966,-2.73123,-2.21627
256.20264,4.70025,-2.73040,-2.05385
256.26974,4.70029,-2.73032,-2.00667
256.33602,4.70029,-2.73032,-2.00667
256.40258,4.70029,-2.73032,-2.00667
256.46926,4.70029,-2.73032,-2.00667
256.53581,4.70029,-2.73032,-2.00667
256.60280,4.70090,-2.72814,-1.74757
256.66916,4.70090,-2.72814,-1.74757
256.73591,4.70105,-2.72481,-1.43586
256.80295,4.70103,-2.72476,-1.42638
256.86934,4.70095,-2.72423,-1.36485
256.93590,4.70095,-2.72423,-1.36485
257.00252,4.70057,-2.72298,-1.19544
257.06903,4.70050,-2.72279,-1.17160
257.13621,4.70061,-2.72306,-1.18302
257.20258,4.70070,-2.72330,-1.19187
257.26935,4.70070,-2.72330,-1.19187
257.33571,4.70118,-2.72466,-1.28443
257.40254,4.70126,-2.72495,-1.32814
257.46918,4.70126,-2.72495,-1.32814
257.53573,4.70134,-2.72531,-1.38264
257.60249,4.70149,-2.72708,-1.55100
257.66931,4.70148,-2.72777,-1.59939
257.73667,4.70148,-2.72777,-1.59939
257.80278,4.70120,-2.73015,-1.76585
257.86936,4.70084,-2.73155,-1.88003
257.93611,4.70056,-2.73232,-1.94336
258.00242,4.70026,-2.73303,-1.99640
258.06907,4.70026,-2.73303,-1.99640
258.13558,4.69988,-2.73380,-2.06127
258.20223,4.69866,-2.73570,-2.23287
258.26924,4.69817,-2.73628,-2.29212
258.33581,4.69817,-2.73628,-2.29212
258.40260,4.69707,-2.73737,-2.44051
258.46913,4.69692,-2.73749,-2.46910
258.53594,4.69689,-2.73752,-2.46254
258.60227,4.69686,-2.73755,-2.44693
258.66917,4.69690,-2.73752,-2.39373
258.73543,4.69727,-2.73716,-2.36501
258.80217,4.69765,-2.73677,-2.33837
258.86915,4.69819,-2.73618,-2.25811
258.93633,4.69840,-2.73593,-2.21231
259.00279,4.69840,-2.73593,-2.21231
259.06938,4.69889,-2.73521,-2.12116
259.13606,4.69912,-2.73482,-2.07682
259.20262,4.69944,-2.73420,-2.02127
259.26905,4.69967,-2.73373,-1.97482
259.33583,4.70012,-2.73250,-1.86950
259.40256,4.70031,-2.73178,-1.80692
259.46928,4.70054,-2.73054,-1.70789
259.53598,4.70059,-2.73021,-1.68389
259.60280,4.70060,-2.73013,-1.67597
259.66924,4.70041,-2.73134,-1.73014
259.73570,4.70026,-2.73216,-1.76567
259.80242,4.70008,-2.73295,-1.81826
259.86873,4.69987,-2.73369,-1.86799
259.93570,4.69929,-2.73522,-1.99205
260.00295,4.69894,-2.73594,-2.05851
260.06978,4.69800,-2.73745,-2.18594
260.13613,4.69748,-2.73814,-2.24311
260.20302,4.69680,-2.73892,-2.31339
260.26932,4.69546,-2.74017,-2.43422
260.33603,4.69475,-2.74074,-2.47636
260.40248,4.69408,-2.74124,-2.49821
260.46926,4.69361,-2.74160,-2.50114
260.53613,4.69316,-2.74195,-2.48064
260.60272,4.69277,-2.74226,-2.45658
260.66932,4.69255,-2.74245,-2.39928
260.73597,4.69282,-2.74219,-2.35937
260.80241,4.69312,-2.74189,-2.32186
260.86893,4.69385,-2.74103,-2.22012
260.93564,4.69425,-2.74047,-2.16056
261.00234,4.69459,-2.73996,-2.10945
261.06914,4.69528,-2.73866,-1.98636
261.13596,4.69558,-2.73795,-1.92359
261.20284,4.69580,-2.73733,-1.87578
261.26933,4.69607,-2.73645,-1.79455
261.33588,4.69609,-2.73633,-1.78177
261.40273,4.69607,-2.73650,-1.78770
261.46925,4.69568,-2.73797,-1.84941
261.53599,4.69548,-2.73862,-1.89234
261.60359,4.69534,-2.73905,-1.93291
261.66974,4.69501,-2.73982,-2.04467
261.73614,4.69469,-2.74036,-2.11618
261.80292,4.69437,-2.74085,-2.16901
261.86930,4.69348,-2.74197,-2.28995
261.93715,4.69322,-2.74226,-2.32792
262.00239,4.69308,-2.74242,-2.34638
262.06912,4.69305,-2.74245,-2.32116
262.13581,4.69305,-2.74247,-2.29000
262.20267,4.69298,-2.74253,-2.29051
262.26920,4.69349,-2.74192,-2.23421
262.33588,4.69396,-2.74131,-2.19543
262.40259,4.69437,-2.74068,-2.13319
262.46908,4.69514,-2.73931,-1.99910
262.53578,4.69544,-2.73864,-1.94669
262.60228,4.69573,-2.73780,-1.86962
262.66898,4.69610,-2.73629,-1.73487
262.73600,4.69618,-2.73584,-1.68812
262.80249,4.69623,-2.73554,-1.66229
262.86924,4.69619,-2.73589,-1.67988
262.93601,4.69610,-2.73666,-1.70748
263.00260,4.69593,-2.73772,-1.74726
263.06927,4.69553,-2.73957,-1.84105
263.13630,4.69535,-2.74021,-1.89693
263.20242,4.69512,-2.74083,-1.96099
263.26918,4.69449,-2.74208,-2.09152
263.33607,4.69402,-2.74282,-2.15757
263.40267,4.69342,-2.74364,-2.22943
263.46972,4.69289,-2.74428,-2.29537
263.53601,4.69234,-2.74486,-2.36877
263.60283,4.69188,-2.74529,-2.42438
263.66932,4.69054,-2.74629,-2.54673
263.73590,4.68980,-2.74673,-2.60878
263.80262,4.68933,-2.74699,-2.65752
263.86934,4.68859,-2.74734,-2.72180
263.93630,4.68834,-2.74745,-2.72157
264.00278,4.68840,-2.74743,-2.70236
264.06928,4.68839,-2.74746,-2.64103
264.13631,4.68878,-2.74721,-2.59875
264.20266,4.68947,-2.74677,-2.55843
264.26939,4.69051,-2.74604,-2.45153
264.33603,4.69087,-2.74574,-2.39222
264.40262,4.69115,-2.74549,-2.33669
264.46918,4.69175,-2.74480,-2.20719
264.53564,4.69208,-2.74431,-2.13647
264.60286,4.69238,-2.74382,-2.06903
264.66904,4.69301,-2.74244,-1.93612
264.73607,4.69327,-2.74168,-1.86644
264.80234,4.69327,-2.74163,-1.86081
264.86916,4.69353,-2.74070,-1.78739
264.93556,4.69354,-2.74073,-1.78132
265.00238,4.69346,-2.74108,-1.80293
265.06931,4.69304,-2.74256,-1.87210
265.13576,4.69281,-2.74324,-1.90799
265.20262,4.69244,-2.74419,-1.95196
265.26929,4.69128,-2.74662,-2.04798
265.33567,4.69062,-2.74779,-2.10193
265.40235,4.68989,-2.74892,-2.17443
265.46893,4.68892,-2.75017,-2.30948
265.53569,4.68852,-2.75059,-2.36634
265.60252,4.68775,-2.75125,-2.44831
265.66907,4.68615,-2.75236,-2.57826
265.73588,4.68527,-2.75285,-2.64843
265.80260,4.68457,-2.75320,-2.70875
265.86912,4.68412,-2.75339,-2.74497
265.93596,4.68374,-2.75355,-2.75326
266.00247,4.68367,-2.75359,-2.74522
266.06887,4.68369,-2.75358,-2.72597
266.13585,4.68398,-2.75344,-2.68930
266.20252,4.68442,-2.75324,-2.65129
266.26914,4.68583,-2.75239,-2.54678
266.33579,4.68643,-2.75196,-2.47641
266.40244,4.68695,-2.75157,-2.41850
266.46904,4.68779,-2.75078,-2.28928
266.53595,4.68817,-2.75031,-2.21766
266.60263,4.68850,-2.74988,-2.15558
266.66888,4.68917,-2.74871,-2.02439
266.73611,4.68949,-2.74795,-1.95877
266.80237,4.68974,-2.74729,-1.90208
266.86927,4.68999,-2.74652,-1.82841
266.93608,4.68998,-2.74656,-1.82885
267.00265,4.68989,-2.74692,-1.84674
267.06885,4.68951,-2.74811,-1.92635
267.13604,4.68930,-2.74865,-1.97786
267.20245,4.68902,-2.74926,-2.03189
267.26920,4.68854,-2.75013,-2.09800
267.33560,4.68747,-2.75173,-2.23256
267.40285,4.68741,-2.75178,-2.24212
267.46930,4.68624,-2.75310,-2.37632
267.53602,4.68567,-2.75364,-2.43109
267.60245,4.68478,-2.75433,-2.50895
267.66921,4.68420,-2.75475,-2.56331
267.73630,4.68420,-2.75475,-2.56331
267.80305,4.68007,-2.75693,-2.70426
267.86976,4.67763,-2.75808,-2.73704
267.93642,4.67763,-2.75808,-2.73704
268.00288,4.67246,-2.76001,-2.86259
268.06969,4.66724,-2.76121,-2.96999
268.13630,4.66102,-2.76197,-3.05679
268.20313,4.66102,-2.76197,-3.05679
268.26935,4.65677,-2.76231,-3.07741
268.33560,4.65501,-2.76250,-3.02490
268.40249,4.65444,-2.76259,-2.98858
268.46901,4.65505,-2.76250,-2.94908
268.53606,4.65505,-2.76250,-2.94908
268.60304,4.65662,-2.76217,-2.78022
268.66930,4.65689,-2.76211,-2.72242
268.73635,4.65719,-2.76201,-2.65879
268.80284,4.65768,-2.76180,-2.53560
268.86933,4.65759,-2.76184,-2.53009
268.93569,4.65797,-2.76162,-2.47746
269.00260,4.65797,-2.76162,-2.47746
269.06920,4.65899,-2.76070,-2.27338
269.13617,4.65899,-2.76070,-2.27338
269.20268,4.66022,-2.75910,-2.09242
269.26990,4.66054,-2.75849,-2.00860
269.33604,4.66054,-2.75849,-2.00860
269.40268,4.66133,-2.75651,-1.80614
269.46943,4.66146,-2.75593,-1.71571
269.53584,4.66146,-2.75593,-1.71571
269.60270,4.66156,-2.75450,-1.49455
269.66970,4.66130,-2.75285,-1.32971
269.73663,4.66130,-2.75285,-1.32971
269.80297,4.66102,-2.75193,-1.23666
269.86939,4.66055,-2.75062,-1.13088
269.93607,4.66055,-2.75062,-1.13088
270.00249,4.66063,-2.75081,-1.13554
270.06934,4.66079,-2.75119,-1.12497
270.13634,4.66079,-2.75119,-1.12497
270.20266,4.66082,-2.75124,-1.12633
270.26936,4.65984,-2.74944,-0.95774
270.33628,4.65984,-2.74944,-0.95774
270.40286,4.65984,-2.74944,-0.95774
270.46994,4.65834,-2.74769,-0.63121
270.53592,4.65834,-2.74769,-0.63121
270.60269,4.65834,-2.74769,-0.63121
270.66945,4.65610,-2.74648,-0.34741
270.73644,4.65610,-2.74648,-0.34741
270.80304,4.65610,-2.74648,-0.34741
270.86985,4.65304,-2.74575,-0.02280
270.93613,4.65304,-2.74575,-0.02280
271.00298,4.65304,-2.74575,-0.02280
271.06925,4.65135,-2.74585,0.20947
271.13586,4.65032,-2.74613,0.30697
271.20246,4.65032,-2.74613,0.30697
271.26981,4.64715,-2.74765,0.68841
271.33595,4.64715,-2.74765,0.68841
271.40292,4.64715,-2.74765,0.68841
271.46950,4.64623,-2.74854,0.94817
271.53637,4.64593,-2.74900,1.05212
271.60275,4.64574,-2.74933,1.10641
271.66953,4.64516,-2.75078,1.28384
271.73569,4.64489,-2.75193,1.38809
271.80242,4.64474,-2.75262,1.43649
271.86970,4.64463,-2.75327,1.49304
271.93602,4.64462,-2.75341,1.51139
272.00284,4.64462,-2.75333,1.49880
272.06924,4.64468,-2.75277,1.48815
272.13577,4.64474,-2.75231,1.48637
272.20251,4.64482,-2.75169,1.46294
272.26909,4.64500,-2.75054,1.42909
272.33568,4.64513,-2.74982,1.41893
272.40293,4.64519,-2.74944,1.39905
272.46906,4.64532,-2.74881,1.37299
272.53592,4.64543,-2.74831,1.35687
272.60263,4.64554,-2.74788,1.33838
272.66924,4.64564,-2.74754,1.31635
272.73587,4.64567,-2.74739,1.29062
272.80231,4.64572,-2.74723,1.26526
272.86903,4.64587,-2.74683,1.21547
272.93641,4.64596,-2.74662,1.19256
273.00230,4.64611,-2.74627,1.16639
273.06958,4.64634,-2.74579,1.11607
273.13583,4.64644,-2.74560,1.09639
273.20286,4.64669,-2.74514,1.06520
273.26913,4.64733,-2.74407,1.00686
273.33586,4.64764,-2.74357,0.98597
273.40271,4.64811,-2.74290,0.95166
273.46935,4.64846,-2.74240,0.93275
273.53574,4.64846,-2.74240,0.93275
273.60246,4.64846,-2.74240,0.93275
273.66928,4.65017,-2.74034,0.79328
273.73593,4.65054,-2.73998,0.77339
273.80274,4.65108,-2.73946,0.74614
273.87133,4.65190,-2.73873,0.69688
273.93534,4.65213,-2.73853,0.67523
274.00207,4.65234,-2.73837,0.64987
274.07004,4.65250,-2.73825,0.62457
274.13630,4.65277,-2.73807,0.59004
274.20271,4.65289,-2.73799,0.57230
274.26943,4.65336,-2.73771,0.52839
274.33629,4.65369,-2.73752,0.49648
274.40341,4.65395,-2.73738,0.47719
274.46929,4.65481,-2.73697,0.42102
274.53587,4.65534,-2.73674,0.39301
274.60270,4.65564,-2.73661,0.37783
274.67009,4.65627,-2.73639,0.31163
274.73588,4.65680,-2.73623,0.27647
274.80285,4.65730,-2.73610,0.26054
274.86924,4.65839,-2.73580,0.27086
274.93598,4.65898,-2.73562,0.30489
275.00265,4.65926,-2.73552,0.34097
275.06927,4.65818,-2.73603,0.43675
275.13564,4.65732,-2.73649,0.50377
275.20270,4.65657,-2.73693,0.56943
275.26941,4.65587,-2.73741,0.64611
275.33630,4.65481,-2.73831,0.79946
275.40263,4.65443,-2.73871,0.86661
275.46963,4.65406,-2.73918,0.94627
275.53611,4.65377,-2.73959,1.00412
275.60198,4.65352,-2.74002,1.05571
275.66920,4.65335,-2.74031,1.08128
275.73540,4.65344,-2.74012,1.07474
275.80307,4.65365,-2.73976,1.05668
275.86900,4.65425,-2.73877,1.00471
275.93613,4.65444,-2.73847,0.98368
276.00247,4.65458,-2.73826,0.95266
276.06999,4.65529,-2.73733,0.88917
276.13584,4.65574,-2.73679,0.85843
276.20257,4.65623,-2.73625,0.81128
276.26911,4.65713,-2.73537,0.73529
276.33673,4.65760,-2.73495,0.69766
276.40270,4.65802,-2.73461,0.65830
276.46933,4.65900,-2.73392,0.58203
276.53580,4.65945,-2.73363,0.54812
276.60278,4.65985,-2.73339,0.51336
276.66916,4.66021,-2.73320,0.47424
276.73620,4.66064,-2.73299,0.42407
276.80229,4.66082,-2.73291,0.39899
276.86925,4.66122,-2.73275,0.33087
276.93635,4.66164,-2.73263,0.27579
277.00265,4.66204,-2.73252,0.24156
277.06940,4.66343,-2.73228,0.12607
277.13622,4.66432,-2.73222,0.05004
277.20264,4.66495,-2.73220,-0.00458
277.26945,4.66586,-2.73224,-0.06869
277.33572,4.66614,-2.73226,-0.06424
277.40240,4.66625,-2.73225,-0.04192
277.46994,4.66644,-2.73225,0.02847
277.53588,4.66572,-2.73231,0.07460
277.60276,4.66482,-2.73240,0.12101
277.66938,4.66359,-2.73259,0.24062
277.73612,4.66302,-2.73274,0.31066
277.80267,4.66239,-2.73296,0.37812
277.86933,4.66129,-2.73347,0.51688
277.93598,4.66089,-2.73369,0.58554
278.00276,4.66061,-2.73387,0.64742
278.06958,4.66052,-2.73394,0.71666
278.13579,4.66037,-2.73405,0.75612
278.20245,4.66003,-2.73441,0.82717
278.26923,4.65915,-2.73551,0.97201
278.33576,4.65871,-2.73616,1.03276
278.40268,4.65832,-2.73689,1.12157
278.46915,4.65793,-2.73772,1.24558
278.53584,4.65797,-2.73750,1.26916
278.60345,4.65806,-2.73721,1.28508
278.66923,4.65848,-2.73594,1.25194
278.73592,4.65873,-2.73523,1.22264
278.80257,4.65894,-2.73471,1.19221
278.86941,4.65921,-2.73407,1.12474
278.93571,4.65936,-2.73378,1.08665
279.00239,4.65964,-2.73330,1.03664
279.06908,4.66030,-2.73233,0.94094
279.13636,4.66071,-2.73181,0.89377
279.20274,4.66119,-2.73125,0.84337
279.26923,4.66224,-2.73019,0.74518
279.33575,4.66265,-2.72983,0.70012
279.40193,4.66308,-2.72949,0.65162
279.46935,4.66352,-2.72917,0.60708
279.53570,4.66406,-2.72883,0.54762
279.60229,4.66446,-2.72859,0.50448
279.66898,4.66548,-2.72813,0.38336
279.73670,4.66622,-2.72789,0.30899
279.80269,4.66678,-2.72775,0.25250
279.86983,4.66762,-2.72757,0.18716
279.93605,4.66781,-2.72754,0.18898
280.00279,4.66773,-2.72755,0.21226
280.06940,4.66736,-2.72764,0.28910
280.13596,4.66670,-2.72787,0.33772
280.20262,4.66605,-2.72810,0.38284
280.26903,4.66519,-2.72848,0.50995
280.33637,4.66474,-2.72875,0.58860
280.40281,4.66423,-2.72911,0.64988
280.46937,4.66313,-2.73007,0.79736
280.53627,4.66258,-2.73068,0.87724
280.60256,4.66215,-2.73122,0.95205
280.66911,4.66152,-2.73219,1.06677
280.73585,4.66118,-2.73285,1.12840
280.80268,4.66117,-2.73291,1.13482
280.86949,4.66068,-2.73408,1.21930
280.93636,4.66060,-2.73425,1.23048
281.00281,4.66064,-2.73415,1.22567
281.06922,4.66102,-2.73322,1.17783
281.13599,4.66122,-2.73272,1.14658
281.20283,4.66143,-2.73228,1.10603
281.26922,4.66182,-2.73158,1.01788
281.33572,4.66208,-2.73118,0.97459
281.40290,4.66245,-2.73067,0.91833
281.46950,4.66317,-2.72982,0.81565
281.53628,4.66351,-2.72947,0.76936
281.60228,4.66397,-2.72906,0.71037
281.66890,4.66505,-2.72825,0.59158
281.73592,4.66578,-2.72780,0.53362
281.80263,4.66652,-2.72739,0.47314
281.86904,4.66770,-2.72686,0.35241
281.93571,4.66779,-2.72684,0.33934
282.00357,4.66819,-2.72669,0.30564
282.06934,4.66907,-2.72645,0.22967
282.13614,4.66939,-2.72638,0.20652
282.20277,4.66941,-2.72637,0.20997
282.26980,4.66960,-2.72633,0.23230
282.33583,4.66963,-2.72630,0.30868
282.40256,4.66927,-2.72642,0.35286
282.46913,4.66833,-2.72683,0.45198
282.53670,4.66789,-2.72706,0.50619
282.60361,4.66745,-2.72729,0.56578
282.66945,4.66745,-2.72729,0.56578
282.73638,4.66657,-2.72791,0.75175
282.80268,4.66644,-2.72801,0.80554
282.86941,4.66644,-2.72801,0.80554
282.93584,4.66628,-2.72818,0.87894
283.00255,4.66628,-2.72818,0.87894
283.06930,4.66628,-2.72818,0.87894
283.13663,4.66628,-2.72818,0.87894
283.20337,4.66628,-2.72818,0.87894
283.26946,4.66628,-2.72818,0.87894
283.33605,4.66628,-2.72818,0.87894
283.40312,4.66628,-2.72818,0.87894
283.46966,4.66628,-2.72818,0.87894
283.53612,4.66533,-2.72980,1.20642
283.60269,4.66519,-2.73016,1.28554
283.66980,4.66519,-2.73016,1.28554
283.73622,4.66519,-2.73016,1.28554
283.80237,4.66519,-2.73016,1.28554
283.86928,4.66712,-2.72663,0.92235
283.93587,4.66712,-2.72663,0.92235
284.00275,4.66973,-2.72407,0.68670
284.06937,4.66973,-2.72407,0.68670
284.13583,4.67047,-2.72349,0.62347
284.20258,4.67240,-2.72240,0.40681
284.27034,4.67240,-2.72240,0.40681
284.33616,4.67305,-2.72213,0.35491
284.40273,4.67691,-2.72126,0.12502
284.46939,4.67830,-2.72115,0.04786
284.53620,4.67830,-2.72115,0.04786
284.60335,4.68295,-2.72148,-0.15416
284.66939,4.68376,-2.72160,-0.17514
284.73623,4.68376,-2.72160,-0.17514
284.80304,4.68684,-2.72221,-0.23423
284.86931,4.68714,-2.72230,-0.24801
284.93595,4.68714,-2.72230,-0.24801
285.00300,4.69465,-2.72481,-0.41907
285.06981,4.69704,-2.72603,-0.51638
285.13613,4.69704,-2.72603,-0.51638
285.20243,4.70029,-2.72839,-0.72330
285.26941,4.70148,-2.72956,-0.78216
285.33605,4.70148,-2.72956,-0.78216
285.40344,4.70232,-2.73036,-0.80245
285.46968,4.70334,-2.73146,-0.84116
285.53641,4.70334,-2.73146,-0.84116
285.60311,4.70644,-2.73548,-0.99582
285.66953,4.70772,-2.73772,-1.08390
285.73793,4.70772,-2.73772,-1.08390
285.80290,4.70880,-2.74007,-1.16990
285.86904,4.71050,-2.74624,-1.44592
285.93667,4.71050,-2.74624,-1.44592
286.00317,4.71061,-2.74783,-1.53178
286.06923,4.70973,-2.75459,-1.80730
286.13614,4.70973,-2.75459,-1.80730
286.20271,4.70677,-2.76210,-2.07155
286.26942,4.70537,-2.76440,-2.16421
286.33573,4.70537,-2.76440,-2.16421
286.40290,4.70385,-2.76643,-2.25512
286.46963,4.70385,-2.76643,-2.25512
286.53728,4.69787,-2.77187,-2.57904
286.60298,4.69544,-2.77313,-2.73426
286.66930,4.69264,-2.77402,-2.88920
286.73623,4.69096,-2.77436,-2.96920
286.80340,4.68959,-2.77455,-3.03704
286.86966,4.68835,-2.77462,-3.11037
286.93622,4.68730,-2.77461,3.10507
287.00272,4.68614,-2.77451,3.03033
287.06997,4.68411,-2.77410,2.87500
287.13609,4.68411,-2.77410,2.87500
287.20283,4.68411,-2.77410,2.87500
287.26935,4.68411,-2.77410,2.87500
287.33602,4.68411,-2.77410,2.87500
287.40255,4.68411,-2.77410,2.87500
287.46918,4.68411,-2.77410,2.87500
287.53566,4.68411,-2.77410,2.87500
287.60220,4.68411,-2.77410,2.87500
287.66957,4.67639,-2.76685,1.93469
287.73562,4.67577,-2.76438,1.71150
287.80268,4.67567,-2.76288,1.58751
287.86930,4.67596,-2.76006,1.34915
287.93578,4.67636,-2.75864,1.23498
288.00244,4.67703,-2.75706,1.10979
288.06924,4.67772,-2.75579,1.00037
288.23742,4.67772,-2.75579,1.00037
