time,p0,p1,p2,p3,p4,p5
0,1,1,1,1,0,0
0,1,1,1,1,0,0
0,1,1,1,1,0,-0.1
0.05,1,1,1,1,0,-0.0999768
0.1,1,1,1,1,0,-0.0999538
0.15,1,1,1,1,0,-0.0999307
0.2,1,1,1,1,0,-0.0999075
0.25,1,1,1,1,0,-0.0998844
0.3,1,1,1,1,0,-0.0998614
0.35,1,1,1,1,0,-0.0998382
0.4,1,1,1,1,0,-0.099815
0.45,1,1,1,1,0,-0.0997918
0.5,1,1,1,1,0,-0.0997685
0.55,1,1,1,1,0,-0.0997453
0.6,1,1,1,1,0,-0.099722
0.65,1,1,1,1,0,-0.0996987
0.7,1,1,1,1,0,-0.0996754
0.75,1,1,1,1,0,-0.0996521
0.8,1,1,1,1,0,-0.0996286
0.85,1,1,1,1,0,-0.0996053
0.9,1,1,1,1,0,-0.0995819
0.95,1,1,1,1,0,-0.0995586
1,1,1,1,1,0,-0.0994281
1.05,1,1,1,1,0,-0.0994071
1.1,1,1,1,1,0,-0.0993862
1.15,1,1,1,1,0,-0.0993654
1.2,1,1,1,1,0,-0.0993446
1.25,1,1,1,1,0,-0.099324
1.3,1,1,1,1,0,-0.0993034
1.35,1,1,1,1,0,-0.0992828
1.4,1,1,1,1,0,-0.0992622
1.45,1,1,1,1,0,-0.0992418
1.5,1,1,1,1,0,-0.0992214
1.55,1,1,1,1,0,-0.099201
1.6,1,1,1,1,0,-0.0991807
1.65,1,1,1,1,0,-0.0991605
1.7,1,1,1,1,0,-0.0991404
1.75,1,1,1,1,0,-0.0991202
1.8,1,1,1,1,0,-0.0991002
1.85,1,1,1,1,0,-0.0990802
1.9,1,1,1,1,0,-0.0990602
1.95,1,1,1,1,0,-0.0990403
2,1,1,1,1,0,-0.0990204
2.05,1,1,1,1,0,-0.0990007
2.1,1,1,1,1,0,-0.098981
2.15,1,1,1,1,0,-0.0989621
2.2,1,1,1,1,0,-0.0989432
2.25,1,1,1,1,0,-0.0989245
2.3,1,1,1,1,0,-0.0989058
2.35,1,1,1,1,0,-0.0988871
2.4,1,1,1,1,0,-0.0988685
2.45,1,1,1,1,0,-0.0988499
2.5,1,1,1,1,0,-0.0988314
2.55,1,1,1,1,0,-0.0988129
2.6,1,1,1,1,0,-0.0987945
2.65,1,1,1,1,0,-0.0987761
2.7,1,1,1,1,0,-0.0987578
2.75,1,1,1,1,0,-0.0987395
2.8,1,1,1,1,0,-0.0987213
2.85,1,1,1,1,0,-0.098703
2.9,1,1,1,1,0,-0.0986848
2.95,1,1,1,1,0,-0.0986667
3,1,1,1,1,0,-0.0986487
3.05,1,1,1,1,0,-0.0986306
3.1,1,1,1,1,0,-0.0986127
3.15,1,1,1,1,0,-0.0985947
3.2,1,1,1,1,0,-0.0985768
3.25,1,1,1,1,0,-0.098559
3.3,1,1,1,1,0,-0.0985411
3.35,1,1,1,1,0,-0.0985353
3.4,1,1,1,1,0,-0.0985185
3.45,1,1,1,1,0,-0.0985017
3.5,1,1,1,1,0,-0.098485
3.55,1,1,1,1,0,-0.0984683
3.6,1,1,1,1,0,-0.0984516
3.65,1,1,1,1,0,-0.098435
3.7,1,1,1,1,0,-0.0984184
3.75,1,1,1,1,0,-0.0984018
3.8,1,1,1,1,0,-0.0983853
3.85,1,1,1,1,0,-0.0983689
3.9,1,1,1,1,0,-0.0983523
3.95,1,1,1,1,0,-0.098336
4,1,1,1,1,0,-0.0983195
4.05,1,1,1,1,0,-0.0983032
4.1,1,1,1,1,0,-0.0982868
4.15,1,1,1,1,0,-0.0982705
4.2,1,1,1,1,0,-0.0982541
4.25,1,1,1,1,0,-0.0982378
4.3,1,1,1,1,0,-0.0982214
4.35,1,1,1,1,0,-0.098205
4.4,1,1,1,1,0,-0.0981885
4.45,1,1,1,1,0,-0.0981721
4.5,1,1,1,1,0,-0.0981555
4.55,1,1,1,1,0,-0.0981391
4.6,1,1,1,1,0,-0.0981226
4.65,1,1,1,1,0,-0.0981059
4.7,1,1,1,1,0,-0.0980894
4.75,1,1,1,1,0,-0.0980728
4.8,1,1,1,1,0,-0.0980562
4.85,1,1,1,1,0,-0.0980396
4.9,1,1,1,1,0,-0.0980229
4.95,1,1,1,1,0,-0.0980062
5,1,1,1,1,0,-0.0979895
5.05,1,1,1,1,0,-0.0979728
5.1,1,1,1,1,0,-0.0979561
5.15,1,1,1,1,0,-0.0979394
5.2,1,1,1,1,0,-0.0979226
5.25,1,1,1,1,0,-0.0979059
5.3,1,1,1,1,0,-0.0978892
5.35,1,1,1,1,0,-0.0978724
5.4,1,1,1,1,0,-0.0978556
5.45,1,1,1,1,0,-0.0978387
5.5,1,1,1,1,0,-0.0978219
5.55,1,1,1,1,0,-0.0978052
5.6,1,1,1,1,0,-0.0976768
5.65,1,1,1,1,0,-0.097659
5.7,1,1,1,1,0,-0.0976412
5.75,1,1,1,1,0,-0.0976234
5.8,1,1,1,1,0,-0.0976056
5.85,1,1,1,1,0,-0.0975878
5.9,1,1,1,1,0,-0.0975699
5.95,1,1,1,1,0,-0.097552
6,1,1,1,1,0,-0.0975342
6.05,1,1,1,1,0,-0.0975164
6.1,1,1,1,1,0,-0.0974985
6.15,1,1,1,1,0,-0.0974806
6.2,1,1,1,1,0,-0.0974628
6.25,1,1,1,1,0,-0.097445
6.3,1,1,1,1,0,-0.0974271
6.35,1,1,1,1,0,-0.0974092
6.4,1,1,1,1,0,-0.0973913
6.45,1,1,1,1,0,-0.0973734
6.5,1,1,1,1,0,-0.0973555
6.55,1,1,1,1,0,-0.0973376
6.6,1,1,1,1,0,-0.0973197
6.65,1,1,1,1,0,-0.0973019
6.7,1,1,1,1,0,-0.097284
6.75,1,1,1,1,0,-0.0972661
6.8,1,1,1,1,0,-0.0972482
6.85,1,1,1,1,0,-0.0972303
6.9,1,1,1,1,0,-0.0972124
6.95,1,1,1,1,0,-0.0971945
7,1,1,1,1,0,-0.0971767
7.05,1,1,1,1,0,-0.0971588
7.1,1,1,1,1,0,-0.0971409
7.15,1,1,1,1,0,-0.097123
7.2,1,1,1,1,0,-0.0971051
7.25,1,1,1,1,0,-0.0970873
7.3,1,1,1,1,0,-0.0970694
7.35,1,1,1,1,0,-0.0970515
7.4,1,1,1,1,0,-0.0970336
7.45,1,1,1,1,0,-0.0970158
7.5,1,1,1,1,0,-0.0969979
7.55,1,1,1,1,0,-0.09698
7.6,1,1,1,1,0,-0.0969622
7.65,1,1,1,1,0,-0.0969444
7.7,1,1,1,1,0,-0.0969266
7.75,1,1,1,1,0,-0.0969087
7.8,1,1,1,1,0,-0.0968909
7.85,1,1,1,1,0,-0.096873
7.9,1,1,1,1,0,-0.0968552
7.95,1,1,1,1,0,-0.0968374
8,1,1,1,1,0,-0.0968196
8.05,1,1,1,1,0,-0.0968018
8.1,1,1,1,1,0,-0.096784
8.15,1,1,1,1,0,-0.0967662
8.2,1,1,1,1,0,-0.0967484
8.25,1,1,1,1,0,-0.0967306
8.3,1,1,1,1,0,-0.0967129
8.35,1,1,1,1,0,-0.0966951
8.4,1,1,1,1,0,-0.0966773
8.45,1,1,1,1,0,-0.0966596
8.5,1,1,1,1,0,-0.0966418
8.55,1,1,1,1,0,-0.0966241
8.6,1,1,1,1,0,-0.0966064
8.65,1,1,1,1,0,-0.0965887
8.7,1,1,1,1,0,-0.096571
8.75,1,1,1,1,0,-0.0965533
8.8,1,1,1,1,0,-0.0965356
8.85,1,1,1,1,0,-0.0965179
8.9,1,1,1,1,0,-0.0965001
8.95,1,1,1,1,0,-0.0964824
9,1,1,1,1,0,-0.0964648
9.05,1,1,1,1,0,-0.0964471
9.1,1,1,1,1,0,-0.0964295
9.15,1,1,1,1,0,-0.0964119
9.2,1,1,1,1,0,-0.0963941
9.25,1,1,1,1,0,-0.0963765
9.3,1,1,1,1,0,-0.0963589
9.35,1,1,1,1,0,-0.0963413
9.4,1,1,1,1,0,-0.0963237
9.45,1,1,1,1,0,-0.0963061
9.5,1,1,1,1,0,-0.0962885
9.55,1,1,1,1,0,-0.0962709
9.6,1,1,1,1,0,-0.0962533
9.65,1,1,1,1,0,-0.0962358
9.7,1,1,1,1,0,-0.0962182
9.75,1,1,1,1,0,-0.0962006
9.8,1,1,1,1,0,-0.0961831
9.85,1,1,1,1,0,-0.0961655
9.9,1,1,1,1,0,-0.096148
9.95,1,1,1,1,0,-0.0961305
10,1,1,1,1,0,-0.0961129
10.05,1,1,1,1,0,-0.0960955
10.1,1,1,1,1,0,-0.0960779
10.15,1,1,1,1,0,-0.0960605
10.2,1,1,1,1,0,-0.0960429
10.25,1,1,1,1,0,-0.0960255
10.3,1,1,1,1,0,-0.096008
10.35,1,1,1,1,0,-0.0959906
10.4,1,1,1,1,0,-0.095973
10.45,1,1,1,1,0,-0.0959557
10.5,1,1,1,1,0,-0.0959382
10.55,1,1,1,1,0,-0.0959207
10.6,1,1,1,1,0,-0.0959033
10.65,1,1,1,1,0,-0.0958858
10.7,1,1,1,1,0,-0.0958685
10.75,1,1,1,1,0,-0.095851
10.8,1,1,1,1,0,-0.0958336
10.85,1,1,1,1,0,-0.0958163
10.9,1,1,1,1,0,-0.0957989
10.95,1,1,1,1,0,-0.0957814
11,1,1,1,1,0,-0.0957641
11.05,1,1,1,1,0,-0.0957467
11.1,1,1,1,1,0,-0.0957293
11.15,1,1,1,1,0,-0.095712
11.2,1,1,1,1,0,-0.0956946
11.25,1,1,1,1,0,-0.0956773
11.3,1,1,1,1,0,-0.09566
11.35,1,1,1,1,0,-0.0956426
11.4,1,1,1,1,0,-0.0956253
11.45,1,1,1,1,0,-0.095608
11.5,1,1,1,1,0,-0.0955907
11.55,1,1,1,1,0,-0.0955734
11.6,1,1,1,1,0,-0.095556
11.65,1,1,1,1,0,-0.0955387
11.7,1,1,1,1,0,-0.0955214
11.75,1,1,1,1,0,-0.0955041
11.8,1,1,1,1,0,-0.0954869
11.85,1,1,1,1,0,-0.0954696
11.9,1,1,1,1,0,-0.0954524
11.95,1,1,1,1,0,-0.0954351
12,1,1,1,1,0,-0.0954178
12.05,1,1,1,1,0,-0.0954006
12.1,1,1,1,1,0,-0.0953833
12.15,1,1,1,1,0,-0.095366
12.2,1,1,1,1,0,-0.0953487
12.25,1,1,1,1,0,-0.0953315
12.3,1,1,1,1,0,-0.0953142
12.35,1,1,1,1,0,-0.0952969
12.4,1,1,1,1,0,-0.0952796
12.45,1,1,1,1,0,-0.0952624
12.5,1,1,1,1,0,-0.0952451
12.55,1,1,1,1,0,-0.0952278
12.6,1,1,1,1,0,-0.0952105
12.65,1,1,1,1,0,-0.0951932
12.7,1,1,1,1,0,-0.0951758
12.75,1,1,1,1,0,-0.0951585
12.8,1,1,1,1,0,-0.0951413
12.85,1,1,1,1,0,-0.095124
12.9,1,1,1,1,0,-0.0951066
12.95,1,1,1,1,0,-0.0950893
13,1,1,1,1,0,-0.0950719
13.05,1,1,1,1,0,-0.0950546
13.1,1,1,1,1,0,-0.0950373
13.15,1,1,1,1,0,-0.09502
13.2,1,1,1,1,0,-0.0950026
13.25,1,1,1,1,0,-0.0949853
13.3,1,1,1,1,0,-0.094968
13.35,1,1,1,1,0,-0.0949507
13.4,1,1,1,1,0,-0.0949333
13.45,1,1,1,1,0,-0.0949159
13.5,1,1,1,1,0,-0.0948986
13.55,1,1,1,1,0,-0.0948813
13.6,1,1,1,1,0,-0.0948639
13.65,1,1,1,1,0,-0.0948465
13.7,1,1,1,1,0,-0.0948292
13.75,1,1,1,1,0,-0.0948119
13.8,1,1,1,1,0,-0.0947945
13.85,1,1,1,1,0,-0.0947771
13.9,1,1,1,1,0,-0.0947597
13.95,1,1,1,1,0,-0.0947425
14,1,1,1,1,0,-0.0947251
14.05,1,1,1,1,0,-0.0947077
14.1,1,1,1,1,0,-0.0946903
14.15,1,1,1,1,0,-0.094673
14.2,1,1,1,1,0,-0.0946556
14.25,1,1,1,1,0,-0.0946382
14.3,1,1,1,1,0,-0.0946209
14.35,1,1,1,1,0,-0.0946036
14.4,1,1,1,1,0,-0.0945862
14.45,1,1,1,1,0,-0.0945688
14.5,1,1,1,1,0,-0.0945514
14.55,1,1,1,1,0,-0.0945341
14.6,1,1,1,1,0,-0.0945167
14.65,1,1,1,1,0,-0.0944994
14.7,1,1,1,1,0,-0.094482
14.75,1,1,1,1,0,-0.0944647
14.8,1,1,1,1,0,-0.0944473
14.85,1,1,1,1,0,-0.0944299
14.9,1,1,1,1,0,-0.0944126
14.95,1,1,1,1,0,-0.0943952
15,1,1,1,1,0,-0.0943779
15.05,1,1,1,1,0,-0.0943605
15.1,1,1,1,1,0,-0.0943431
15.15,1,1,1,1,0,-0.0943258
15.2,1,1,1,1,0,-0.0943084
15.25,1,1,1,1,0,-0.0942911
15.3,1,1,1,1,0,-0.0942737
15.35,1,1,1,1,0,-0.0942564
15.4,1,1,1,1,0,-0.094239
15.45,1,1,1,1,0,-0.0942217
15.5,1,1,1,1,0,-0.0942043
15.55,1,1,1,1,0,-0.094187
15.6,1,1,1,1,0,-0.0941696
15.65,1,1,1,1,0,-0.0941523
15.7,1,1,1,1,0,-0.0941349
15.75,1,1,1,1,0,-0.0941176
15.8,1,1,1,1,0,-0.0941003
15.85,1,1,1,1,0,-0.0940829
15.9,1,1,1,1,0,-0.0940656
15.95,1,1,1,1,0,-0.0940482
16,1,1,1,1,0,-0.0940309
16.05,1,1,1,1,0,-0.0940136
16.1,1,1,1,1,0,-0.0939962
16.15,1,1,1,1,0,-0.0939789
16.2,1,1,1,1,0,-0.0939615
16.25,1,1,1,1,0,-0.0939443
16.3,1,1,1,1,0,-0.0939269
16.35,1,1,1,1,0,-0.0939096
16.4,1,1,1,1,0,-0.0938923
16.45,1,1,1,1,0,-0.0938749
16.5,1,1,1,1,0,-0.0938577
16.55,1,1,1,1,0,-0.0938404
16.6,0.999867,1,1,1,0,-0.093823
16.65,0.999867,1,1,1,0,-0.0938057
16.7,0.999748,1,1,1,0,-0.0937884
16.75,0.999615,1,1,1,0,-0.093771
16.8,0.999482,1,1,1,0,-0.0937538
16.85,0.999401,1,1,1,0,-0.0937365
16.9,0.999329,1,1,1,0,-0.0937192
16.95,0.999196,1,1,1,0,-0.0937019
17,0.999063,1,1,1,0,-0.0936845
17.05,0.998931,1,1,1,0,-0.0936672
17.1,0.998798,1,1,1,0,-0.0936499
17.15,0.998786,1,1,1,0,-0.0936327
17.2,0.998775,1,1,1,0,-0.0936154
17.25,0.998642,1,1,1,0,-0.0935981
17.3,0.99851,1,1,1,0,-0.0935808
17.35,0.998377,1,1,1,0,-0.0935635
17.4,0.998244,1,1,1,0,-0.0935462
17.45,0.998112,1,1,1,0,-0.0935289
17.5,0.997979,1,1,1,0,-0.0935116
17.55,0.997847,1,1,1,0,-0.0934943
17.6,0.997714,1,1,1,0,-0.0934771
17.65,0.99781,1,1,1,0,-0.0934598
17.7,0.997678,1,1,1,0,-0.0934425
17.75,0.997545,1,1,1,0,-0.0934252
17.8,0.997413,1,1,1,0,-0.0934079
17.85,0.99728,1,1,1,0,-0.0933907
17.9,0.997148,1,1,1,0,-0.0933734
17.95,0.997015,1,1,1,0,-0.0933561
18,0.996883,1,1,1,0,-0.0933388
18.05,0.99675,1,1,1,0,-0.0933215
18.1,0.996618,1,1,1,0,-0.0933043
18.15,0.996485,1,1,1,0,-0.0932871
18.2,0.996353,1,1,1,0,-0.0932698
18.25,0.99622,1,1,1,0,-0.0932525
18.3,0.996088,1,1,1,0,-0.0932352
18.35,0.995956,1,1,1,0,-0.093218
18.4,0.995956,1,1,1,0,-0.0932007
18.45,0.996227,1,1,1,0,-0.0931834
18.5,0.996095,1,1,1,0,-0.0931661
18.55,0.995962,1,1,1,0,-0.0931489
18.6,0.99583,1,1,1,0,-0.0931316
18.65,0.995697,1,1,1,0,-0.0931143
18.7,0.995565,1,1,1,0,-0.0930971
18.75,0.995433,1,1,1,0,-0.0930798
18.8,0.995301,1,1,1,0,-0.0930626
18.85,0.995168,1,1,1,0,-0.0930453
18.9,0.995036,1,1,1,0,-0.0930281
18.95,0.994903,1,1,1,0,-0.0930108
19,0.994771,1,1,1,0,-0.0929935
19.05,0.994639,1,1,1,0,-0.0929762
19.1,0.994506,1,1,1,0,-0.092959
19.15,0.994374,1,1,1,0,-0.0929417
19.2,0.994242,1,1,1,0,-0.0929244
19.25,0.994109,1,1,1,0,-0.0929072
19.3,0.993977,1,1,1,0,-0.0928899
19.35,0.993845,1,1,1,0,-0.0928726
19.4,0.993713,1,1,1,0,-0.0928554
19.45,0.99358,1,1,1,0,-0.0928381
19.5,0.993448,1,1,1,0,-0.0928209
19.55,0.993316,1,1,1,0,-0.0928036
19.6,0.993183,1,1,1,0,-0.0927864
19.65,0.993183,1,1,1,0,-0.0927691
19.7,0.993732,1,1,1,0,-0.0927518
19.75,0.9936,1,1,1,0,-0.0927346
19.8,0.993467,1,1,1,0,-0.0927173
19.85,0.993335,1,1,1,0,-0.0927
19.9,0.993203,1,1,1,0,-0.0926828
19.95,0.993071,1,1,1,0,-0.0926655
20,0.992938,1,1,1,0,-0.0926482
20.05,0.992806,1,1,1,0,-0.0926309
20.1,0.992674,1,1,1,0,-0.0926137
20.15,0.992542,1,1,1,0,-0.0925965
20.2,0.992409,1,1,1,0,-0.0925792
20.25,0.992277,1,1,1,0,-0.092562
20.3,0.992145,1,1,1,0,-0.0925447
20.35,0.992013,1,1,1,0,-0.0925274
20.4,0.991881,1,1,1,0,-0.0925101
20.45,0.991749,1,1,1,0,-0.0924929
20.5,0.991616,1,1,1,0,-0.0924756
20.55,0.991485,1,1,1,0,-0.0924583
20.6,0.991352,1,1,1,0,-0.092441
20.65,0.99122,1,1,1,0,-0.0924238
20.7,0.991088,1,1,1,0,-0.0924065
20.75,0.990956,1,1,1,0,-0.0923892
20.8,0.990824,1,1,1,0,-0.092372
20.85,0.990692,1,1,1,0,-0.0923548
20.9,0.99056,1,1,1,0,-0.0923375
20.95,0.990427,1,1,1,0,-0.0923202
21,0.990296,1,1,1,0,-0.0923029
21.05,0.990163,1,1,1,0,-0.0922856
21.1,0.990031,1,1,1,0,-0.0922684
21.15,0.989899,1,1,1,0,-0.0922511
21.2,0.989767,1,1,1,0,-0.0922338
21.25,0.989635,1,1,1,0,-0.0922165
21.3,0.989503,1,1,1,0,-0.0921993
21.35,0.989371,1,1,1,0,-0.092182
21.4,0.989239,1,1,1,0,-0.0921647
21.45,0.989107,1,1,1,0,-0.0921475
21.5,0.988975,1,1,1,0,-0.0921302
21.55,0.988843,1,1,1,0,-0.092113
21.6,0.988711,1,1,1,0,-0.0920957
21.65,0.988579,1,1,1,0,-0.0920784
21.7,0.988579,1,1,1,0,-0.0920611
21.75,0.989587,1,1,1,0,-0.0920439
21.8,0.989455,1,1,1,0,-0.0920266
21.85,0.989323,1,1,1,0,-0.0920093
21.9,0.989191,1,1,1,0,-0.0919921
21.95,0.987268,1,1,1,0,-0.0919748
22,0.985348,1,1,1,0,-0.0919575
22.05,0.983429,1,1,1,0,-0.0919403
22.1,0.981512,1,1,1,0,-0.0919231
22.15,0.979596,1,1,1,0,-0.0919058
22.2,0.977682,1,1,1,0,-0.0918885
22.25,0.97577,1,1,1,0,-0.0918712
22.3,0.973859,1,1,1,0,-0.0918539
22.35,0.97195,1,1,1,0,-0.0918367
22.4,0.970042,1,1,1,0,-0.0918194
22.45,0.968136,1,1,1,0,-0.0918021
22.5,0.966232,1,1,1,0,-0.0917848
22.55,0.96433,1,1,1,0,-0.0917675
22.6,0.962429,1,1,1,0,-0.0917503
22.65,0.96053,1,1,1,0,-0.091733
22.7,0.958632,1,1,1,0,-0.0917158
22.75,0.956737,1,1,1,0,-0.0916985
22.8,0.954843,1,1,1,0,-0.0916812
22.85,0.952951,1,1,1,0,-0.091664
22.9,0.95106,1,1,1,0,-0.0916467
22.95,0.949172,1,1,1,0,-0.0916294
23,0.947285,1,1,1,0,-0.0916121
23.05,0.9454,1,1,1,0,-0.0915948
23.1,0.943517,1,1,1,0,-0.0915775
23.15,0.941635,1,1,1,0,-0.0915603
23.2,0.939756,1,1,1,0,-0.091543
23.25,0.937878,1,1,1,0,-0.0915373
23.3,0.936002,1,1,1,0,-0.0915112
23.35,0.934128,1,1,1,0,-0.0914851
23.4,0.932255,1,1,1,0,-0.091459
23.45,0.930385,1,1,1,0,-0.0914331
23.5,0.928518,1,1,1,0,-0.0914072
23.55,0.926653,1,1,1,0,-0.0913814
23.6,0.924791,1,1,1,0,-0.0913557
23.65,0.922931,1,1,1,0,-0.0913301
23.7,0.921074,1,1,1,0,-0.0913046
23.75,0.919219,1,1,1,0,-0.0912792
23.8,0.917366,1,1,1,0,-0.0912538
23.85,0.915516,1,1,1,0,-0.0912287
23.9,0.913669,1,1,1,0,-0.0912035
23.95,0.911823,1,1,1,0,-0.0911784
24,0.90998,1,1,1,0,-0.0911612
24.05,0.908139,1,1,1,0,-0.0911445
24.1,0.906301,1,1,1,0,-0.0911275
24.15,0.904465,1,1,1,0,-0.0911105
24.2,0.902631,1,1,1,0,-0.0910934
24.25,0.9008,1,1,1,0,-0.0910763
24.3,0.89897,1,1,1,0,-0.0910591
24.35,0.897144,1,1,1,0,-0.091034
24.4,0.89532,1,1,1,0,-0.0910094
24.45,0.893498,1,1,1,0,-0.0909849
24.5,0.891678,1,1,1,0,-0.0909672
24.55,0.889861,1,1,1,0,-0.0909419
24.6,0.888046,1,1,1,0,-0.0909241
24.65,0.886234,1,1,1,0,-0.0909071
24.7,0.884424,1,1,1,0,-0.0908899
24.75,0.882617,1,1,1,0,-0.0908727
24.8,0.880813,1,1,1,0,-0.0908554
24.85,0.879011,1,1,1,0,-0.0908305
24.9,0.877212,1,1,1,0,-0.0908125
24.95,0.875415,1,1,1,0,-0.0907953
25,0.873621,1,1,1,0,-0.0907779
25.05,0.871829,1,1,1,0,-0.0907532
25.1,0.870039,1,1,1,0,-0.0907352
25.15,0.868252,1,1,1,0,-0.0907179
25.2,0.866468,1,1,1,0,-0.0906932
25.25,0.864686,1,1,1,0,-0.0906693
25.3,0.862906,1,1,1,0,-0.0906452
25.35,0.861129,1,1,1,0,-0.0906211
25.4,0.859355,1,1,1,0,-0.0905972
25.45,0.857583,1,1,1,0,-0.0905794
25.5,0.855814,1,1,1,0,-0.0905619
25.55,0.854047,1,1,1,0,-0.0905444
25.6,0.852283,1,1,1,0,-0.0905266
25.65,0.850521,1,1,1,0,-0.0905088
25.7,0.848761,1,1,1,0,-0.0904908
25.75,0.847004,1,1,1,0,-0.0904729
25.8,0.84525,1,1,1,0,-0.090455
25.85,0.843498,1,1,1,0,-0.090437
25.9,0.841748,1,1,1,0,-0.090419
25.95,0.840001,1,1,1,0,-0.0904009
26,0.838256,1,1,1,0,-0.0903828
26.05,0.836514,1,1,1,0,-0.0903646
26.1,0.834774,1,1,1,0,-0.0903464
26.15,0.833036,1,1,1,0,-0.0903282
26.2,0.831301,1,1,1,0,-0.0903099
26.25,0.829568,1,1,1,0,-0.0902916
26.3,0.827837,1,1,1,0,-0.0902732
26.35,0.826109,1,1,1,0,-0.0902548
26.4,0.824383,1,1,1,0,-0.0902364
26.45,0.839681,1,1,1,0,-0.090213
26.5,0.837929,1,1,1,0,-0.0901902
26.55,0.836179,1,1,1,0,-0.0901713
26.6,0.834433,1,1,1,0,-0.0901478
26.65,0.832688,1,1,1,0,-0.0901251
26.7,0.830946,1,1,1,0,-0.0901063
26.75,0.829207,1,1,1,0,-0.0900881
26.8,0.82747,1,1,1,0,-0.0900699
26.85,0.825737,1,1,1,0,-0.0900517
26.9,0.824006,1,1,1,0,-0.0900335
26.95,0.822277,1,1,1,0,-0.0900152
27,0.820551,1,1,1,0,-0.089997
27.05,0.818828,1,1,1,0,-0.0899738
27.1,0.817107,1,1,1,0,-0.0899512
27.15,0.815388,1,1,1,0,-0.0899285
27.2,0.813671,1,1,1,0,-0.0899099
27.25,0.811957,1,1,1,0,-0.0898919
27.3,0.810246,1,1,1,0,-0.0898738
27.35,0.808537,1,1,1,0,-0.0898556
27.4,0.80683,1,1,1,0,-0.0898375
27.45,0.805126,1,1,1,0,-0.0898193
27.5,0.803424,1,1,1,0,-0.0898011
27.55,0.801725,1,1,1,0,-0.0897781
27.6,0.800028,1,1,1,0,-0.0897555
27.65,0.798333,1,1,1,0,-0.0897329
27.7,0.796641,1,1,1,0,-0.0897104
27.75,0.794951,1,1,1,0,-0.0896878
27.8,0.793263,1,1,1,0,-0.0896693
27.85,0.791579,1,1,1,0,-0.0896513
27.9,0.789896,1,1,1,0,-0.0896332
27.95,0.788217,1,1,1,0,-0.089615
28,0.786539,1,1,1,0,-0.0895968
28.05,0.784864,1,1,1,0,-0.0895786
28.1,0.783192,1,1,1,0,-0.0895604
28.15,0.781521,1,1,1,0,-0.0895421
28.2,0.779854,1,1,1,0,-0.0895239
28.25,0.778188,1,1,1,0,-0.0895056
28.3,0.776525,1,1,1,0,-0.0894874
28.35,0.774864,1,1,1,0,-0.0894692
28.4,0.773205,1,1,1,0,-0.089451
28.45,0.771549,1,1,1,0,-0.0894328
28.5,0.769895,1,1,1,0,-0.08941
28.55,0.768244,1,1,1,0,-0.0893879
28.6,0.766595,1,1,1,0,-0.0893657
28.65,0.764948,1,1,1,0,-0.0893472
28.7,0.763304,1,1,1,0,-0.0893291
28.75,0.761662,1,1,1,0,-0.0893111
28.8,0.760022,1,1,1,0,-0.089293
28.85,0.758385,1,1,1,0,-0.0892749
28.9,0.756751,1,1,1,0,-0.0892568
28.95,0.755119,1,1,1,0,-0.0892341
29,0.753488,1,1,1,0,-0.089212
29.05,0.751861,1,1,1,0,-0.0891898
29.1,0.750236,1,1,1,0,-0.0891676
29.15,0.748613,1,1,1,0,-0.0891492
29.2,0.746992,1,1,1,0,-0.0891313
29.25,0.745374,1,1,1,0,-0.0891133
29.3,0.743758,1,1,1,0,-0.0890953
29.35,0.742145,1,1,1,0,-0.0890772
29.4,0.740534,1,1,1,0,-0.0890591
29.45,0.738925,1,1,1,0,-0.089041
29.5,0.737319,1,1,1,0,-0.0890229
29.55,0.735715,1,1,1,0,-0.0890049
29.6,0.734113,1,1,1,0,-0.0889867
29.65,0.732514,1,1,1,0,-0.0889687
29.7,0.730917,1,1,1,0,-0.0889506
29.75,0.729323,1,1,1,0,-0.0889324
29.8,0.727731,1,1,1,0,-0.08891
29.85,0.726141,1,1,1,0,-0.0888881
29.9,0.724554,1,1,1,0,-0.0888662
29.95,0.722969,1,1,1,0,-0.0888478
30,0.721386,1,1,1,0,-0.0888298
30.05,0.719806,1,1,1,0,-0.0888117
30.1,0.718228,1,1,1,0,-0.0887935
30.15,0.716653,1,1,1,0,-0.0887755
30.2,0.71508,1,1,1,0,-0.0887574
30.25,0.713509,1,1,1,0,-0.0887392
30.3,0.711941,1,1,1,0,-0.0887212
30.35,0.710375,1,1,1,0,-0.0887031
30.4,0.708811,1,1,1,0,-0.088685
30.45,0.70725,1,1,1,0,-0.0886669
30.5,0.705691,1,1,1,0,-0.0886489
30.55,0.704135,1,1,1,0,-0.0886267
30.6,0.702581,1,1,1,0,-0.0886051
30.65,0.701029,1,1,1,0,-0.0885833
30.7,0.699479,1,1,1,0,-0.0885616
30.75,0.697932,1,1,1,0,-0.0885432
30.8,0.696387,1,1,1,0,-0.0885253
30.85,0.694844,1,1,1,0,-0.0885073
30.9,0.693305,1,1,1,0,-0.0884892
30.95,0.691767,1,1,1,0,-0.0884713
31,0.690232,1,1,1,0,-0.0884532
31.05,0.688699,1,1,1,0,-0.0884353
31.1,0.687168,1,1,1,0,-0.0884172
31.15,0.68564,1,1,1,0,-0.0883993
31.2,0.684114,1,1,1,0,-0.0883813
31.25,0.682591,1,1,1,0,-0.0883634
31.3,0.68107,1,1,1,0,-0.0883454
31.35,0.679551,1,1,1,0,-0.0883274
31.4,0.678034,1,1,1,0,-0.0883095
31.45,0.67652,1,1,1,0,-0.0882915
31.5,0.675008,1,1,1,0,-0.0882736
31.55,0.673499,1,1,1,0,-0.0882558
31.6,0.671992,1,1,1,0,-0.0882339
31.65,0.670487,1,1,1,0,-0.0882125
31.7,0.668984,1,1,1,0,-0.088191
31.75,0.667484,1,1,1,0,-0.0881728
31.8,0.665986,1,1,1,0,-0.088155
31.85,0.664491,1,1,1,0,-0.0881372
31.9,0.662998,1,1,1,0,-0.0881193
31.95,0.661508,1,1,1,0,-0.0881015
32,0.660019,1,1,1,0,-0.0880836
32.05,0.658533,1,1,1,0,-0.0880658
32.1,0.65705,1,1,1,0,-0.0880481
32.15,0.655568,1,1,1,0,-0.0880303
32.2,0.654089,1,1,1,0,-0.0880126
32.25,0.652612,1,1,1,0,-0.0879948
32.3,0.651138,1,1,1,0,-0.0879771
32.35,0.649666,1,1,1,0,-0.0879594
32.4,0.648196,1,1,1,0,-0.0879375
32.45,0.646728,1,1,1,0,-0.0879162
32.5,0.645263,1,1,1,0,-0.0878948
32.55,0.6438,1,1,1,0,-0.0877653
32.6,0.642339,1,1,1,0,-0.0877595
32.65,0.640881,1,1,1,0,-0.0877418
32.7,0.639425,1,1,1,0,-0.0877241
32.75,0.637972,1,1,1,0,-0.0877064
32.8,0.636521,1,1,1,0,-0.0876888
32.85,0.635072,1,1,1,0,-0.0876712
32.9,0.633625,1,1,1,0,-0.087542
32.95,0.632181,1,1,1,0,-0.0875235
33,0.630739,1,1,1,0,-0.0875049
33.05,0.629299,1,1,1,0,-0.0874864
33.1,0.627861,1,1,1,0,-0.0874677
33.15,0.626425,1,1,1,0,-0.0874491
33.2,0.624991,1,1,1,0,-0.0874305
33.25,0.623558,1,1,1,0,-0.0874118
33.3,0.622128,1,1,1,0,-0.0873931
33.35,0.620699,1,1,1,0,-0.0873744
33.4,0.619273,1,1,1,0,-0.0873556
33.45,0.617848,1,1,1,0,-0.0873369
33.5,0.616425,1,1,1,0,-0.0873182
33.55,0.615004,1,1,1,0,-0.0872994
33.6,0.613586,1,1,1,0,-0.0872807
33.65,0.612169,1,1,1,0,-0.0872619
33.7,0.610754,1,1,1,0,-0.0872431
33.75,0.609341,1,1,1,0,-0.0872243
33.8,0.60793,1,1,1,0,-0.0872055
33.85,0.606521,1,1,1,0,-0.0871867
33.9,0.605114,1,1,1,0,-0.0871679
33.95,0.603709,1,1,1,0,-0.0871491
34,0.602306,1,1,1,0,-0.0871302
34.05,0.600905,1,1,1,0,-0.0871114
34.1,0.599506,1,1,1,0,-0.0870926
34.15,0.598109,1,1,1,0,-0.0870737
34.2,0.596715,1,1,1,0,-0.0870679
34.25,0.595322,1,1,1,0,-0.087047
34.3,0.593932,1,1,1,0,-0.0869173
34.35,0.592543,1,1,1,0,-0.0868985
34.4,0.591157,1,1,1,0,-0.0868797
34.45,0.589774,1,1,1,0,-0.0868608
34.5,0.588392,1,1,1,0,-0.0868419
34.55,0.587013,1,1,1,0,-0.086823
34.6,0.585636,1,1,1,0,-0.0868041
34.65,0.584262,1,1,1,0,-0.0867853
34.7,0.582889,1,1,1,0,-0.0867664
34.75,0.581518,1,1,1,0,-0.0867475
34.8,0.58015,1,1,1,0,-0.0867286
34.85,0.578783,1,1,1,0,-0.0867097
34.9,0.577419,1,1,1,0,-0.0866908
34.95,0.576057,1,1,1,0,-0.086672
35,0.574697,1,1,1,0,-0.0866531
35.05,0.573339,1,1,1,0,-0.0866342
35.1,0.571984,1,1,1,0,-0.0866153
35.15,0.570631,1,1,1,0,-0.0865964
35.2,0.569279,1,1,1,0,-0.0865776
35.25,0.567931,1,1,1,0,-0.0865588
35.3,0.566584,1,1,1,0,-0.0865399
35.35,0.565239,1,1,1,0,-0.0865211
35.4,0.563897,1,1,1,0,-0.0865022
35.45,0.562557,1,1,1,0,-0.0864834
35.5,0.561219,1,1,1,0,-0.0864646
35.55,0.559883,1,1,1,0,-0.0864458
35.6,0.55855,1,1,1,0,-0.086427
35.65,0.557219,1,1,1,0,-0.0864082
35.7,0.55589,1,1,1,0,-0.0863895
35.75,0.554564,1,1,1,0,-0.0863708
35.8,0.55324,1,1,1,0,-0.086352
35.85,0.551918,1,1,1,0,-0.0863333
35.9,0.550598,1,1,1,0,-0.0863146
35.95,0.549281,1,1,1,0,-0.0862959
36,0.547966,1,1,1,0,-0.0862773
36.05,0.546653,1,1,1,0,-0.0862586
36.1,0.545343,1,1,1,0,-0.0862399
36.15,0.544035,1,1,1,0,-0.0862213
36.2,0.54273,1,1,1,0,-0.0862028
36.25,0.541427,1,1,1,0,-0.0861841
36.3,0.540126,1,1,1,0,-0.0861655
36.35,0.538828,1,1,1,0,-0.0861469
36.4,0.537532,1,1,1,0,-0.0861283
36.45,0.536238,1,1,1,0,-0.0861097
36.5,0.534947,1,1,1,0,-0.0860911
36.55,0.533658,1,1,1,0,-0.0860725
36.6,0.532372,1,1,1,0,-0.0860667
36.65,0.531088,1,1,1,0,-0.0860462
36.7,0.529807,1,1,1,0,-0.0859167
36.75,0.528528,1,1,1,0,-0.0858983
36.8,0.527252,1,1,1,0,-0.0858798
36.85,0.525978,1,1,1,0,-0.0858614
36.9,0.524784,1,1,1,0,-0.0858429
36.95,0.523593,1,1,1,0,-0.0858244
37,0.522403,1,1,1,0,-0.085806
37.05,0.521216,1,1,1,0,-0.0857874
37.1,0.520032,1,1,1,0,-0.085769
37.15,0.518849,1,1,1,0,-0.0857505
37.2,0.517669,1,1,1,0,-0.085732
37.25,0.516491,1,1,1,0,-0.0857136
37.3,0.515315,1,1,1,0,-0.0856951
37.35,0.514142,1,1,1,0,-0.0856766
37.4,0.512971,1,1,1,0,-0.0856581
37.45,0.511802,1,1,1,0,-0.0856396
37.5,0.510635,1,1,1,0,-0.0856212
37.55,0.509471,1,1,1,0,-0.0856153
37.6,0.508309,1,1,1,0,-0.0855918
37.65,0.50715,1,1,1,0,-0.0855684
37.7,0.505992,1,1,1,0,-0.085545
37.75,0.504837,1,1,1,0,-0.0855216
37.8,0.503685,1,1,1,0,-0.0854984
37.85,0.502534,1,1,1,0,-0.0854756
37.9,0.501386,1,1,1,0,-0.0854525
37.95,0.50024,1,1,1,0,-0.0854294
38,0.499096,1,1,1,0,-0.085406
38.05,0.497954,1,1,1,0,-0.0852767
38.1,0.496815,1,1,1,0,-0.0852709
38.15,0.495678,1,1,1,0,-0.0852535
38.2,0.494542,1,1,1,0,-0.085236
38.25,0.493409,1,1,1,0,-0.0852185
38.3,0.492278,1,1,1,0,-0.0852009
38.35,0.49115,1,1,1,0,-0.0851833
38.4,0.490023,1,1,1,0,-0.0851605
38.45,0.488898,1,1,1,0,-0.0851375
38.5,0.487776,1,1,1,0,-0.0851146
38.55,0.486656,1,1,1,0,-0.0850966
38.6,0.485538,1,1,1,0,-0.0850732
38.65,0.484421,1,1,1,0,-0.0850551
38.7,0.483307,1,1,1,0,-0.0850374
38.75,0.482196,1,1,1,0,-0.0850197
38.8,0.481086,1,1,1,0,-0.0850019
38.85,0.479978,1,1,1,0,-0.0849841
38.9,0.478872,1,1,1,0,-0.0849663
38.95,0.477769,1,1,1,0,-0.0849485
39,0.476667,1,1,1,0,-0.0849306
39.05,0.475568,1,1,1,0,-0.0849128
39.1,0.47447,1,1,1,0,-0.084895
39.15,0.473375,1,1,1,0,-0.0848718
39.2,0.472281,1,1,1,0,-0.0848492
39.25,0.47119,1,1,1,0,-0.0848267
39.3,0.470101,1,1,1,0,-0.0848084
39.35,0.469014,1,1,1,0,-0.0847907
39.4,0.467929,1,1,1,0,-0.0847728
39.45,0.466845,1,1,1,0,-0.08475
39.5,0.465764,1,1,1,0,-0.0847314
39.55,0.464685,1,1,1,0,-0.0847085
39.6,0.463608,1,1,1,0,-0.0846899
39.65,0.462533,1,1,1,0,-0.084672
39.7,0.46146,1,1,1,0,-0.0846539
39.75,0.460389,1,1,1,0,-0.0846359
39.8,0.45932,1,1,1,0,-0.0846179
39.85,0.458253,1,1,1,0,-0.0845997
39.9,0.457188,1,1,1,0,-0.084577
39.95,0.456125,1,1,1,0,-0.0845547
40,0.455064,1,1,1,0,-0.0845362
40.05,0.454004,1,1,1,0,-0.0845182
40.1,0.452947,1,1,1,0,-0.0845001
40.15,0.451892,1,1,1,0,-0.0844775
40.2,0.450839,1,1,1,0,-0.0844589
40.25,0.449788,1,1,1,0,-0.0844409
40.3,0.448739,1,1,1,0,-0.0844228
40.35,0.447691,1,1,1,0,-0.0844047
40.4,0.446646,1,1,1,0,-0.0843866
40.45,0.445603,1,1,1,0,-0.084364
40.5,0.444562,1,1,1,0,-0.0843454
40.55,0.443522,1,1,1,0,-0.0843227
40.6,0.442485,1,1,1,0,-0.0843006
40.65,0.44145,1,1,1,0,-0.0842822
40.7,0.440416,1,1,1,0,-0.0842596
40.75,0.439385,1,1,1,0,-0.084241
40.8,0.438355,1,1,1,0,-0.084223
40.85,0.437328,1,1,1,0,-0.084205
40.9,0.436302,1,1,1,0,-0.0841868
40.95,0.435278,1,1,1,0,-0.0841687
41,0.434257,1,1,1,0,-0.0841507
41.05,0.433237,1,1,1,0,-0.0841282
41.1,0.432219,1,1,1,0,-0.0841062
41.15,0.431203,1,1,1,0,-0.0840876
41.2,0.430189,1,1,1,0,-0.0840696
41.25,0.429177,1,1,1,0,-0.0840515
41.3,0.428167,1,1,1,0,-0.0840332
41.35,0.427159,1,1,1,0,-0.084015
41.4,0.426152,1,1,1,0,-0.0839968
41.45,0.425148,1,1,1,0,-0.0839786
41.5,0.424145,1,1,1,0,-0.0839604
41.55,0.423145,1,1,1,0,-0.083938
41.6,0.422146,1,1,1,0,-0.0839162
41.65,0.421149,1,1,1,0,-0.0838944
41.7,0.420154,1,1,1,0,-0.0838725
41.75,0.419162,1,1,1,0,-0.0838538
41.8,0.41817,1,1,1,0,-0.0838356
41.85,0.417181,1,1,1,0,-0.0838173
41.9,0.416194,1,1,1,0,-0.0837989
41.95,0.415209,1,1,1,0,-0.0837805
42,0.414225,1,1,1,0,-0.0837621
42.05,0.413244,1,1,1,0,-0.0837437
42.1,0.412264,1,1,1,0,-0.0837253
42.15,0.411286,1,1,1,0,-0.083707
42.2,0.41031,1,1,1,0,-0.0836886
42.25,0.409336,1,1,1,0,-0.0836702
42.3,0.408364,1,1,1,0,-0.0836518
42.35,0.407393,1,1,1,0,-0.0836334
42.4,0.406425,1,1,0.999972,0,-0.0836151
42.45,0.405458,1,1,0.999944,0,-0.083593
42.5,0.404494,1,1,0.999916,0,-0.0835714
42.55,0.403529,1,1,0.999886,0,-0.0835498
42.6,0.402567,1,1,0.999855,0,-0.0835311
42.65,0.401606,1,1,0.999825,0,-0.0835128
42.7,0.400647,1,1,0.999795,0,-0.0834945
42.75,0.39969,1,1,0.999765,0,-0.0834762
42.8,0.398735,1,1,0.999734,0,-0.0834578
42.85,0.397782,1,1,0.999704,0,-0.0834394
42.9,0.396831,1,1,0.999674,0,-0.083421
42.95,0.395881,1,1,0.999644,0,-0.0834026
43,0.394933,1,1,0.999613,0,-0.0833806
43.05,0.393988,1,1,0.999583,0,-0.083359
43.1,0.393044,1,1,0.999553,0,-0.0833374
43.15,0.392101,1,1,0.999523,0,-0.0833158
43.2,0.391161,1,1,0.999492,0,-0.0832971
43.25,0.390223,1,1,0.999462,0,-0.0832788
43.3,0.389286,1,1,0.999432,0,-0.0832604
43.35,0.388351,1,1,0.999401,0,-0.0832419
43.4,0.387418,1,1,0.999371,0,-0.0832235
43.45,0.386487,1,1,0.999341,0,-0.083205
43.5,0.385558,1,1,0.99931,0,-0.0831865
43.55,0.38463,1,1,0.99928,0,-0.0831681
43.6,0.383705,1,1,0.99925,0,-0.0831497
43.65,0.382781,1,1,0.99922,0,-0.0831312
43.7,0.381859,1,1,0.999189,0,-0.0831129
43.75,0.380938,1,1,0.999159,0,-0.0830944
43.8,0.38002,1,1,0.999129,0,-0.0830723
43.85,0.379103,1,1,0.999098,0,-0.0830509
43.9,0.378189,1,1,0.999068,0,-0.0830294
43.95,0.377276,1,1,0.999038,0,-0.0830079
44,0.376364,1,1,0.999007,0,-0.0829891
44.05,0.375455,1,1,0.998977,0,-0.0829708
44.1,0.374548,1,1,0.998947,0,-0.0829523
44.15,0.373642,1,1,0.998916,0,-0.0829339
44.2,0.372738,1,1,0.998886,0,-0.0829154
44.25,0.371836,1,1,0.998856,0,-0.0828969
44.3,0.370935,1,1,0.998825,0,-0.0828785
44.35,0.370037,1,1,0.998795,0,-0.08286
44.4,0.36914,1,1,0.998765,0,-0.0828416
44.45,0.368245,1,1,0.998734,0,-0.0828232
44.5,0.367352,1,1,0.998704,0,-0.0828013
44.55,0.366461,1,1,0.998674,0,-0.0827799
44.6,0.365571,1,1,0.998644,0,-0.0827584
44.65,0.364683,1,1,0.998613,0,-0.0827369
44.7,0.363797,1,1,0.998583,0,-0.0827181
44.75,0.362913,1,1,0.998553,0,-0.0826997
44.8,0.362031,1,1,0.998522,0,-0.0826813
44.85,0.36115,1,1,0.998492,0,-0.0826628
44.9,0.360271,1,1,0.998462,0,-0.0826443
44.95,0.359394,1,1,0.998431,0,-0.0826258
45,0.358518,1,1,0.998401,0,-0.0826073
45.05,0.357645,1,1,0.998371,0,-0.0825888
45.1,0.356773,1,1,0.99834,0,-0.0825703
45.15,0.355902,1,1,0.99831,0,-0.0825518
45.2,0.355034,1,1,0.99828,0,-0.0825334
45.25,0.354167,1,1,0.99825,0,-0.0825116
45.3,0.353303,1,1,0.998219,0,-0.0824902
45.35,0.352439,1,1,0.998189,0,-0.0824688
45.4,0.351578,1,1,0.998159,0,-0.0824474
45.45,0.350719,1,1,0.998129,0,-0.0824286
45.5,0.349861,1,1,0.998098,0,-0.0824103
45.55,0.349004,1,1,0.998068,0,-0.0823918
45.6,0.34815,1,1,0.998038,0,-0.0823732
45.65,0.347297,1,1,0.998008,0,-0.0823545
45.7,0.346446,1,1,0.997977,0,-0.0823358
45.75,0.345597,1,1,0.997947,0,-0.0823172
45.8,0.344749,1,1,0.997917,0,-0.0822986
45.85,0.343903,1,1,0.997887,0,-0.0822799
45.9,0.343059,1,1,0.997856,0,-0.0822613
45.95,0.342217,1,1,0.997826,0,-0.0822427
46,0.341376,1,1,0.997796,0,-0.082224
46.05,0.340537,1,1,0.997766,0,-0.0822055
46.1,0.3397,1,1,0.997736,0,-0.0821869
46.15,0.338865,1,1,0.997705,0,-0.0821683
46.2,0.338031,1,1,0.997675,0,-0.0821467
46.25,0.337199,1,1,0.997645,0,-0.0821255
46.3,0.336369,1,1,0.997615,0,-0.0821044
46.35,0.33554,1,1,0.997584,0,-0.0820831
46.4,0.334713,1,1,0.997554,0,-0.082062
46.45,0.333888,1,1,0.997524,0,-0.0820423
46.5,0.333065,1,1,0.997494,0,-0.0820238
46.55,0.332243,1,1,0.997464,0,-0.0820052
46.6,0.331423,1,1,0.997434,0,-0.0819866
46.65,0.330604,1,1,0.997404,0,-0.0819681
46.7,0.329788,1,1,0.997373,0,-0.0819494
46.75,0.328972,1,1,0.997343,0,-0.0819309
46.8,0.328159,1,1,0.997313,0,-0.0819123
46.85,0.327347,1,1,0.997283,0,-0.0818937
46.9,0.326537,1,1,0.997253,0,-0.0818752
46.95,0.325729,1,1,0.997223,0,-0.0818567
47,0.324923,1,1,0.997193,0,-0.081835
47.05,0.324118,1,1,0.997163,0,-0.0818139
47.1,0.323314,1,1,0.997133,0,-0.0817927
47.15,0.322513,1,1,0.997103,0,-0.0817715
47.2,0.321713,1,1,0.997073,0,-0.0817527
47.25,0.320915,1,1,0.997043,0,-0.0817343
47.3,0.320118,1,1,0.997013,0,-0.0817157
47.35,0.319323,1,1,0.996983,0,-0.0816971
47.4,0.31853,1,1,0.996953,0,-0.0816784
47.45,0.317739,1,1,0.996923,0,-0.0816596
47.5,0.316949,1,1,0.996893,0,-0.0816408
47.55,0.31616,1,1,0.996863,0,-0.081622
47.6,0.315374,1,1,0.996833,0,-0.0816032
47.65,0.314588,1,1,0.996803,0,-0.0815844
47.7,0.313805,1,1,0.996774,0,-0.0815657
47.75,0.313023,1,1,0.996744,0,-0.0815469
47.8,0.312243,1,1,0.996714,0,-0.0815281
47.85,0.311465,1,1,0.996684,0,-0.0815094
47.9,0.310688,1,1,0.996655,0,-0.0814907
47.95,0.309913,1,1,0.996625,0,-0.081472
48,0.309139,1,1,0.996595,0,-0.0814534
48.05,0.308367,1,1,0.996565,0,-0.081432
48.1,0.307597,1,1,0.996536,0,-0.0814111
48.15,0.306828,1,1,0.996506,0,-0.0813903
48.2,0.306062,1,1,0.996477,0,-0.0813692
48.25,0.305296,1,1,0.996447,0,-0.0813481
48.3,0.304532,1,1,0.996418,0,-0.0813271
48.35,0.30377,1,1,0.996388,0,-0.0813083
48.4,0.30301,1,1,0.996358,0,-0.08129
48.45,0.302251,1,1,0.996329,0,-0.0812717
48.5,0.301494,1,1,0.9963,0,-0.0812533
48.55,0.300738,1,1,0.99627,0,-0.0812348
48.6,0.299984,1,1,0.996241,0,-0.0812164
48.65,0.299232,1,1,0.996211,0,-0.0811981
48.7,0.298481,1,1,0.996182,0,-0.0811797
48.75,0.297732,1,1,0.996153,0,-0.0811614
48.8,0.296984,1,1,0.996123,0,-0.081143
48.85,0.296238,1,1,0.996094,0,-0.0811214
48.9,0.295493,1,1,0.996065,0,-0.0811026
48.95,0.294751,1,1,0.996035,0,-0.0810811
49,0.294009,1,1,0.996006,0,-0.08106
49.05,0.29327,1,1,0.995977,0,-0.0810389
49.1,0.292531,1,1,0.995947,0,-0.0810202
49.15,0.291795,1,1,0.995918,0,-0.0810021
49.2,0.29106,1,1,0.995889,0,-0.0809838
49.25,0.290326,1,1,0.99586,0,-0.0809655
49.3,0.289594,1,1,0.995831,0,-0.0809473
49.35,0.288863,1,1,0.995802,0,-0.080929
49.4,0.288135,1,1,0.995773,0,-0.0809108
49.45,0.287407,1,1,0.995744,0,-0.0808926
49.5,0.286682,1,1,0.995714,0,-0.0808744
49.55,0.285957,1,1,0.995685,0,-0.0808562
49.6,0.285235,1,1,0.995656,0,-0.0808345
49.65,0.284514,1,1,0.995627,0,-0.0808134
49.7,0.283794,1,1,0.995598,0,-0.0807923
49.75,0.283076,1,1,0.99557,0,-0.0807738
49.8,0.28236,1,1,0.995541,0,-0.0807556
49.85,0.281645,1,1,0.995512,0,-0.0807374
49.9,0.280931,1,1,0.995483,0,-0.0807191
49.95,0.280219,1,1,0.995454,0,-0.0807009
50,0.279509,1,1,0.995425,0,-0.0806827
50.05,0.2788,1,1,0.995396,0,-0.0806645
50.1,0.278093,1,1,0.995368,0,-0.0806463
50.15,0.277387,1,1,0.995339,0,-0.0806281
50.2,0.276683,1,1,0.99531,0,-0.0806099
50.25,0.27598,1,1,0.995281,0,-0.0805918
50.3,0.275279,1,1,0.995252,0,-0.0805702
50.35,0.27458,1,1,0.995224,0,-0.0805492
50.4,0.273882,1,1,0.995195,0,-0.080528
50.45,0.273185,1,1,0.995166,0,-0.0805096
50.5,0.27249,1,1,0.995138,0,-0.0804915
50.55,0.271796,1,1,0.995109,0,-0.0804733
50.6,0.271104,1,1,0.99508,0,-0.0804552
50.65,0.270414,1,1,0.995052,0,-0.080437
50.7,0.269725,1,1,0.995023,0,-0.0804188
50.75,0.269037,1,1,0.994995,0,-0.0804007
50.8,0.268351,1,1,0.994966,0,-0.0803826
50.85,0.267666,1,1,0.994938,0,-0.0803645
50.9,0.266983,1,1,0.994909,0,-0.0803463
50.95,0.266302,1,1,0.994881,0,-0.0803248
51,0.265622,1,1,0.994852,0,-0.0803038
51.05,0.264943,1,1,0.994824,0,-0.0802826
51.1,0.264266,1,1,0.994795,0,-0.0802643
51.15,0.26359,1,1,0.994767,0,-0.0802463
51.2,0.262916,1,1,0.994739,0,-0.0802282
51.25,0.262244,1,1,0.99471,0,-0.0802102
51.3,0.261572,1,1,0.994682,0,-0.0801922
51.35,0.260903,1,1,0.994653,0,-0.0801741
51.4,0.260234,1,1,0.994625,0,-0.0801561
51.45,0.259568,1,1,0.994597,0,-0.0801381
51.5,0.258902,1,1,0.994569,0,-0.0800085
51.55,0.258239,1,1,0.99454,0,-0.0800027
51.6,0.257576,1,1,0.994512,0,-0.0799817
51.65,0.256915,1,1,0.994484,0,-0.0799605
51.7,0.256256,1,1,0.994456,0,-0.0798307
51.75,0.255599,1,1,0.994428,0,-0.0798248
51.8,0.254943,1,1,0.9944,0,-0.079807
51.85,0.254288,1,1,0.994372,0,-0.079789
51.9,0.253635,1,1,0.994343,0,-0.079771
51.95,0.252983,1,1,0.994315,0,-0.0797532
52,0.252333,1,1,0.994287,0,-0.0797353
52.05,0.251684,1,1,0.994259,0,-0.0796058
52.1,0.251037,1,1,0.994231,0,-0.079587
52.15,0.250391,1,1,0.994203,0,-0.0795682
52.2,0.249746,1,1,0.994176,0,-0.0795494
52.25,0.249103,1,1,0.994148,0,-0.0795436
52.3,0.248462,1,1,0.99412,0,-0.0794138
52.35,0.247823,1,1,0.994092,0,-0.0793951
52.4,0.247185,1,1,0.994064,0,-0.0793763
52.45,0.246549,1,1,0.994036,0,-0.0793575
52.5,0.245914,1,1,0.994008,0,-0.0793387
52.55,0.245281,1,1,0.99398,0,-0.07932
52.6,0.24465,1,1,0.993953,0,-0.0793142
52.65,0.24402,1,1,0.993925,0,-0.0792932
52.7,0.243392,1,1,0.993897,0,-0.0791635
52.75,0.242765,1,1,0.99387,0,-0.0791448
52.8,0.24214,1,1,0.993842,0,-0.0791261
52.85,0.241516,1,1,0.993814,0,-0.0791074
52.9,0.240894,1,1,0.993786,0,-0.0790886
52.95,0.240273,1,1,0.993759,0,-0.0790698
53,0.239655,1,1,0.993731,0,-0.0790511
53.05,0.239037,1,1,0.993704,0,-0.0790323
53.1,0.238421,1,1,0.993676,0,-0.0790135
53.15,0.237807,1,1,0.993649,0,-0.0789948
53.2,0.237194,1,1,0.993621,0,-0.078976
53.25,0.236583,1,1,0.993594,0,-0.0789573
53.3,0.235974,1,1,0.993566,0,-0.0789386
53.35,0.235366,1,1,0.993539,0,-0.0789199
53.4,0.23476,1,1,0.993511,0,-0.0789011
53.45,0.234156,1,1,0.993484,0,-0.0788825
53.5,0.233552,1,1,0.993456,0,-0.0788637
53.55,0.232951,1,1,0.993429,0,-0.078845
53.6,0.232351,1,1,0.993402,0,-0.0788263
53.65,0.231753,1,1,0.993374,0,-0.0788077
53.7,0.231156,1,1,0.993347,0,-0.078789
53.75,0.230561,1,1,0.99332,0,-0.0787703
53.8,0.229968,1,1,0.993293,0,-0.0787517
53.85,0.229375,1,1,0.993266,0,-0.0787331
53.9,0.228785,1,1,0.993238,0,-0.0787144
53.95,0.228196,1,1,0.993211,0,-0.0786959
54,0.227609,1,1,0.993184,0,-0.0786901
54.05,0.227023,1,1,0.993157,0,-0.0786692
54.1,0.226439,1,1,0.99313,0,-0.0785398
54.15,0.225856,1,1,0.993102,0,-0.0785214
54.2,0.225275,1,1,0.993075,0,-0.078503
54.25,0.224695,1,1,0.993048,0,-0.0784844
54.3,0.224116,1,1,0.993021,0,-0.0784659
54.35,0.223539,1,1,0.992994,0,-0.0784475
54.4,0.222964,1,1,0.992967,0,-0.078429
54.45,0.22239,1,1,0.99294,0,-0.0784106
54.5,0.221817,1,1,0.992913,0,-0.0783923
54.55,0.221247,1,1,0.992886,0,-0.0783739
54.6,0.220677,1,1,0.992859,0,-0.0783556
54.65,0.220109,1,1,0.992833,0,-0.0783374
54.7,0.219543,1,1,0.992806,0,-0.0783192
54.75,0.218978,1,1,0.992779,0,-0.0783009
54.8,0.218415,1,1,0.992752,0,-0.0782829
54.85,0.217853,1,1,0.992725,0,-0.0782648
54.9,0.217293,1,1,0.992698,0,-0.0782467
54.95,0.216734,1,1,0.992672,0,-0.0782288
55,0.216177,1,1,0.992645,0,-0.0782108
55.05,0.215621,1,1,0.992618,0,-0.0781929
55.1,0.215066,1,1,0.992592,0,-0.0781751
55.15,0.214513,1,1,0.992565,0,-0.0781574
55.2,0.213962,1,1,0.992538,0,-0.0781397
55.25,0.213412,1,1,0.992512,0,-0.0781222
55.3,0.212864,1,1,0.992485,0,-0.0781048
55.35,0.212316,1,1,0.992459,0,-0.0780875
55.4,0.211771,1,1,0.992432,0,-0.0780702
55.45,0.211227,1,1,0.992406,0,-0.0780528
55.5,0.210684,1,1,0.992379,0,-0.0780352
55.55,0.210143,1,1,0.992352,0,-0.0780175
55.6,0.209603,1,1,0.992326,0,-0.0780117
55.65,0.209065,1,1,0.9923,0,-0.0779947
55.7,0.208528,1,1,0.992273,0,-0.0779775
55.75,0.207992,1,1,0.992247,0,-0.0779604
55.8,0.207458,1,1,0.99222,0,-0.0779433
55.85,0.206924,1,1,0.992194,0,-0.0779261
55.9,0.206392,1,1,0.992167,0,-0.077909
55.95,0.205862,1,1,0.992141,0,-0.0778918
56,0.205332,1,1,0.992115,0,-0.0778747
56.05,0.204803,1,1,0.992089,0,-0.0778575
56.1,0.204276,1,1,0.992062,0,-0.0778403
56.15,0.20375,1,1,0.992036,0,-0.077823
56.2,0.203225,1,1,0.99201,0,-0.0778057
56.25,0.202701,1,1,0.991984,0,-0.0777883
56.3,0.202178,1,1,0.991958,0,-0.0777711
56.35,0.201657,1,1,0.991931,0,-0.0777538
56.4,0.201136,1,1,0.991905,0,-0.0777366
56.45,0.200617,1,1,0.991879,0,-0.077608
56.5,0.200099,1,1,0.991853,0,-0.0775899
56.55,0.199582,1,1,0.991827,0,-0.0775717
56.6,0.199066,1,1,0.991801,0,-0.0775659
56.65,0.198552,1,1,0.991775,0,-0.0775485
56.7,0.198039,1,1,0.991749,0,-0.077531
56.75,0.197528,1,1,0.989929,0,-0.0775134
56.8,0.197018,1,1,0.988111,0,-0.077496
56.85,0.196509,1,1,0.986295,0,-0.0773671
56.9,0.196,1,1,0.984482,0,-0.0773488
56.95,0.195494,1,1,0.982671,0,-0.0773305
57,0.194988,1,1,0.980861,0,-0.0773248
57.05,0.194484,1,1,0.979052,0,-0.0773072
57.1,0.193981,1,1,0.977245,0,-0.0772895
57.15,0.193479,1,1,0.975439,0,-0.077272
57.2,0.192979,1,1,0.973635,0,-0.0771431
57.25,0.19248,1,1,0.971833,0,-0.0771248
57.3,0.191981,1,1,0.970034,0,-0.0771064
57.35,0.191485,1,1,0.968236,0,-0.077088
57.4,0.190989,1,1,0.96644,0,-0.0770695
57.45,0.190495,1,1,0.964644,0,-0.077051
57.5,0.190002,1,1,0.962851,0,-0.0770451
57.55,0.189511,1,1,0.961058,0,-0.0770274
57.6,0.189021,1,1,0.959267,0,-0.0770095
57.65,0.188532,1,1,0.957478,0,-0.0768804
57.7,0.188045,1,1,0.955691,0,-0.0768619
57.75,0.187558,1,1,0.953906,0,-0.0768435
57.8,0.187543,1,1,0.952118,0,-0.076825
57.85,0.187528,1,1,0.950333,0,-0.0768064
57.9,0.187512,1,1,0.948548,0,-0.076788
57.95,0.187497,1,1,0.946766,0,-0.0767693
58,0.187482,1,1,0.944984,0,-0.0767508
58.05,0.187466,1,1,0.943205,0,-0.0767323
58.1,0.187451,1,1,0.941427,0,-0.0767137
58.15,0.187436,1,1,0.939651,0,-0.0766953
58.2,0.187421,1,1,0.937876,0,-0.0766769
58.25,0.187405,1,1,0.936103,0,-0.0766587
58.3,0.18739,1,1,0.934332,0,-0.0766406
58.35,0.187375,1,1,0.932562,0,-0.0766226
58.4,0.187359,1,1,0.930794,0,-0.0766049
58.45,0.187344,1,1,0.929028,0,-0.0765872
58.5,0.187329,1,1,0.927264,0,-0.0765697
58.55,0.187313,1,1,0.925502,0,-0.0765523
58.6,0.187298,1,1,0.923741,0,-0.076535
58.65,0.187283,1,1,0.921982,0,-0.0765177
58.7,0.187268,1,1,0.920225,0,-0.0765003
58.75,0.187252,1,1,0.91847,0,-0.0764828
58.8,0.187237,1,1,0.916717,0,-0.0764651
58.85,0.187222,1,1,0.914965,0,-0.0764473
58.9,0.187207,1,1,0.913215,0,-0.0764415
58.95,0.187191,1,1,0.911468,0,-0.0764243
59,0.187176,1,1,0.909722,0,-0.0764069
59.05,0.187161,1,1,0.907978,0,-0.0763893
59.1,0.187146,1,1,0.906236,0,-0.0763714
59.15,0.18713,1,1,0.904497,0,-0.0763534
59.2,0.187115,1,1,0.902761,0,-0.0763354
59.25,0.1871,1,1,0.901026,0,-0.0763172
59.3,0.187085,1,1,0.899295,0,-0.076299
59.35,0.187069,1,1,0.897565,0,-0.0762807
59.4,0.187054,1,1,0.895838,0,-0.0762624
59.45,0.187039,1,1,0.894113,0,-0.076244
59.5,0.187024,1,1,0.89239,0,-0.0762254
59.55,0.187009,1,1,0.89067,0,-0.0762068
59.6,0.186994,1,1,0.888952,0,-0.0761881
59.65,0.186978,1,1,0.887237,0,-0.0761693
59.7,0.186963,1,1,0.885523,0,-0.0761504
59.75,0.186948,1,1,0.883812,0,-0.0761306
59.8,0.186933,1,1,0.882103,0,-0.0761108
59.85,0.186918,1,1,0.880397,0,-0.0760909
59.9,0.186903,1,1,0.878692,0,-0.076071
59.95,0.186888,1,1,0.87699,0,-0.076051
60,0.186872,1,1,0.875291,0,-0.0760311
60.05,0.186857,1,1,0.873593,0,-0.0760111
60.1,0.186842,1,1,0.871898,0,-0.075991
60.15,0.186827,1,1,0.870206,0,-0.0759711
60.2,0.186812,1,1,0.868515,0,-0.075951
60.25,0.186797,1,1,0.866827,0,-0.075931
60.3,0.186782,1,1,0.865141,0,-0.075911
60.35,0.186767,1,1,0.863458,0,-0.0758909
60.4,0.186752,1,1,0.861776,0,-0.0758709
60.45,0.186737,1,1,0.860097,0,-0.0758509
60.5,0.186722,1,1,0.85842,0,-0.0758308
60.55,0.186707,1,1,0.856746,0,-0.0758108
60.6,0.186692,1,1,0.855073,0,-0.0757907
60.65,0.186677,1,1,0.853403,0,-0.0757707
60.7,0.186662,1,1,0.851736,0,-0.0757507
60.75,0.186647,1,1,0.85007,0,-0.0757306
60.8,0.186632,1,1,0.848406,0,-0.0757107
60.85,0.186617,1,1,0.846745,0,-0.0756906
60.9,0.186602,1,1,0.845086,0,-0.0756706
60.95,0.186587,1,1,0.843429,0,-0.0756507
61,0.186572,1,1,0.841775,0,-0.0756306
61.05,0.186557,1,1,0.840123,0,-0.0756106
61.1,0.186542,1,1,0.838472,0,-0.0755906
61.15,0.186527,1,1,0.836824,0,-0.0755706
61.2,0.186512,1,1,0.835179,0,-0.0755507
61.25,0.186497,1,1,0.833535,0,-0.0755307
61.3,0.186482,1,1,0.831894,0,-0.0755107
61.35,0.186467,1,1,0.830255,0,-0.0754908
61.4,0.186453,1,1,0.828617,0,-0.0754709
61.45,0.186438,1,1,0.826982,0,-0.0754509
61.5,0.186423,1,1,0.82535,0,-0.075431
61.55,0.186408,1,1,0.823719,0,-0.0754111
61.6,0.186393,1,1,0.82209,0,-0.0753912
61.65,0.186378,1,1,0.820464,0,-0.0753712
61.7,0.186363,1,1,0.818839,0,-0.0753511
61.75,0.186348,1,1,0.817217,0,-0.075331
61.8,0.186334,1,1,0.815597,0,-0.0753108
61.85,0.186319,1,1,0.813978,0,-0.0752905
61.9,0.186304,1,1,0.812362,0,-0.0752701
61.95,0.186289,1,1,0.810748,0,-0.0752496
62,0.186274,1,1,0.809136,0,-0.0752286
62.05,0.18626,1,1,0.807527,0,-0.0752067
62.1,0.186245,1,1,0.805919,0,-0.0751834
62.15,0.18623,1,1,0.804314,0,-0.0751589
62.2,0.186215,1,1,0.80271,0,-0.0751339
62.25,0.1862,1,1,0.801109,0,-0.0751088
62.3,0.186186,1,1,0.79951,0,-0.0750832
62.35,0.186171,1,1,0.797914,0,-0.0750572
62.4,0.186156,1,1,0.796319,0,-0.075031
62.45,0.186141,1,1,0.794728,0,-0.0750044
62.5,0.186127,1,1,0.793138,0,-0.0749778
62.55,0.186112,1,1,0.791551,0,-0.0749513
62.6,0.186097,1,1,0.789967,0,-0.0749247
62.65,0.186082,1,1,0.788385,0,-0.0748981
62.7,0.186068,1,1,0.786805,0,-0.0748716
62.75,0.186053,1,1,0.785229,0,-0.0748452
62.8,0.186038,1,1,0.783655,0,-0.0748188
62.85,0.186024,1,1,0.782083,0,-0.0747925
62.9,0.186009,1,1,0.780515,0,-0.0747663
62.95,0.185994,1,1,0.778949,0,-0.0747403
63,0.18598,1,1,0.777386,0,-0.0747144
63.05,0.185965,1,1,0.775826,0,-0.0746886
63.1,0.18595,1,1,0.774269,0,-0.0746629
63.15,0.185936,1,1,0.772715,0,-0.0746373
63.2,0.185921,1,1,0.771164,0,-0.0746118
63.25,0.185907,1,1,0.769616,0,-0.0745863
63.3,0.185892,1,1,0.768071,0,-0.074561
63.35,0.185878,1,1,0.766529,0,-0.0745356
63.4,0.185863,1,1,0.764991,0,-0.0745104
63.45,0.185849,1,1,0.763455,0,-0.0744837
63.5,0.185834,1,1,0.761923,0,-0.0744639
63.55,0.18582,1,1,0.760395,0,-0.0744458
63.6,0.185805,1,1,0.758869,0,-0.0744275
63.65,0.185791,1,1,0.757346,0,-0.0744089
63.7,0.185777,1,1,0.755827,0,-0.0743903
63.75,0.185762,1,1,0.754311,0,-0.0743715
63.8,0.185748,1,1,0.752797,0,-0.0743527
63.85,0.185734,1,1,0.751287,0,-0.074333
63.9,0.185719,1,1,0.749779,0,-0.0743132
63.95,0.185705,1,1,0.748275,0,-0.0742933
64,0.185691,1,1,0.746774,0,-0.0742732
64.05,0.185676,1,1,0.745276,0,-0.0742532
64.1,0.185662,1,1,0.743782,0,-0.0742329
64.15,0.185648,1,1,0.74229,0,-0.0742127
64.2,0.185634,1,1,0.740802,0,-0.0741923
64.25,0.18562,1,1,0.739316,0,-0.0741718
64.3,0.185605,1,1,0.737834,0,-0.0741514
64.35,0.185591,1,1,0.736355,0,-0.0741307
64.4,0.185577,1,1,0.734879,0,-0.07411
64.45,0.185563,1,1,0.733406,0,-0.0740893
64.5,0.185549,1,1,0.731936,0,-0.0740684
64.55,0.185535,1,1,0.730468,0,-0.0740474
64.6,0.185521,1,1,0.729004,0,-0.0740263
64.65,0.185507,1,1,0.727543,0,-0.0740051
64.7,0.185493,1,1,0.726085,0,-0.0739765
64.75,0.185479,1,1,0.724629,0,-0.0739486
64.8,0.185464,1,1,0.723177,0,-0.0739208
64.85,0.18545,1,1,0.721727,0,-0.073893
64.9,0.185436,1,1,0.72028,0,-0.073865
64.95,0.185423,1,1,0.718836,0,-0.0738371
65,0.185409,1,1,0.717396,0,-0.0738091
65.05,0.185395,1,1,0.715958,0,-0.0737813
65.1,0.185381,1,1,0.714522,0,-0.0737536
65.15,0.185367,1,1,0.71309,0,-0.073726
65.2,0.185353,1,1,0.711661,0,-0.0736984
65.25,0.185339,1,1,0.710234,0,-0.073671
65.3,0.185325,1,1,0.70881,0,-0.0736436
65.35,0.185311,1,1,0.707389,0,-0.0736204
65.4,0.185298,1,1,0.705971,0,-0.0735981
65.45,0.185284,1,1,0.704557,0,-0.0735755
65.5,0.18527,1,1,0.703145,0,-0.0735526
65.55,0.185256,1,1,0.701736,0,-0.0735297
65.6,0.185242,1,1,0.70033,0,-0.0735067
65.65,0.185229,1,1,0.698927,0,-0.0734786
65.7,0.185215,1,1,0.697527,0,-0.073452
65.75,0.185201,1,1,0.69613,0,-0.0734253
65.8,0.185188,1,1,0.694735,0,-0.0733985
65.85,0.185174,1,1,0.693344,0,-0.0733715
65.9,0.18516,1,1,0.691957,0,-0.0733444
65.95,0.185147,1,1,0.690572,0,-0.0733172
66,0.185133,1,1,0.68919,0,-0.0732899
66.05,0.185119,1,1,0.687811,0,-0.0732626
66.1,0.185106,1,1,0.686436,0,-0.0732353
66.15,0.185092,1,1,0.685063,0,-0.0732082
66.2,0.185079,1,1,0.683693,0,-0.0731811
66.25,0.185065,1,1,0.682327,0,-0.0731542
66.3,0.185052,1,1,0.680963,0,-0.0731273
66.35,0.185038,1,1,0.679602,0,-0.0730987
66.4,0.185025,1,1,0.678244,0,-0.0730701
66.45,0.185011,1,1,0.676889,0,-0.0730415
66.5,0.184998,1,1,0.675537,0,-0.0730129
66.55,0.184985,1,1,0.674187,0,-0.0729842
66.6,0.184971,1,1,0.672841,0,-0.0729556
66.65,0.184958,1,1,0.671497,0,-0.072927
66.7,0.184944,1,1,0.670156,0,-0.0728985
66.75,0.184931,1,1,0.668818,0,-0.0728699
66.8,0.184918,1,1,0.667482,0,-0.0728412
66.85,0.184904,1,1,0.666149,0,-0.0728127
66.9,0.184891,1,1,0.664819,0,-0.0727843
66.95,0.184878,1,1,0.663492,0,-0.072756
67,0.184864,1,1,0.662167,0,-0.072728
67.05,0.184851,1,1,0.660845,0,-0.0727001
67.1,0.184838,1,1,0.659525,0,-0.0726723
67.15,0.184825,1,1,0.658208,0,-0.0726447
67.2,0.184812,1,1,0.656893,0,-0.0726172
67.25,0.184798,1,1,0.655581,0,-0.0725899
67.3,0.184785,1,1,0.654271,0,-0.0725628
67.35,0.184772,1,1,0.652963,0,-0.0725358
67.4,0.184759,1,1,0.651658,0,-0.0725091
67.45,0.184746,1,1,0.650355,0,-0.0724824
67.5,0.184732,1,1,0.649054,0,-0.0724559
67.55,0.184719,1,1,0.647756,0,-0.0724297
67.6,0.184706,1,1,0.646459,0,-0.0724035
67.65,0.184693,1,1,0.645165,0,-0.0723776
67.7,0.18468,1,1,0.643872,0,-0.0723517
67.75,0.184667,1,1,0.642582,0,-0.0723261
67.8,0.184654,1,1,0.641293,0,-0.0723006
67.85,0.184641,1,1,0.640006,0,-0.0721645
67.9,0.184628,1,1,0.638721,0,-0.0721383
67.95,0.184615,1,1,0.637438,0,-0.0721123
68,0.184602,1,1,0.636157,0,-0.0720863
68.05,0.184589,1,1,0.634876,0,-0.0720606
68.1,0.184575,1,1,0.633598,0,-0.0720349
68.15,0.184562,1,1,0.63232,0,-0.0720093
68.2,0.184549,1,1,0.631044,0,-0.0719839
68.25,0.184536,1,1,0.629769,0,-0.0719585
68.3,0.184523,1,1,0.628495,0,-0.0719333
68.35,0.18451,1,1,0.627222,0,-0.0719082
68.4,0.184497,1,1,0.62595,0,-0.0718832
68.45,0.184484,1,1,0.624679,0,-0.0718583
68.5,0.184471,1,1,0.623409,0,-0.0718335
68.55,0.184458,1,1,0.62214,0,-0.0718087
68.6,0.184445,1,1,0.620872,0,-0.0717841
68.65,0.184432,1,1,0.619605,0,-0.0717596
68.7,0.184419,1,1,0.618339,0,-0.0717352
68.75,0.184406,1,1,0.617075,0,-0.0717109
68.8,0.184393,1,1,0.615811,0,-0.0716866
68.85,0.18438,1,1,0.614548,0,-0.0716624
68.9,0.184367,1,1,0.613286,0,-0.0716384
68.95,0.184354,1,1,0.612026,0,-0.0716327
69,0.184341,1,1,0.610767,0,-0.0716098
69.05,0.184328,1,1,0.609508,0,-0.0715871
69.1,0.184314,1,1,0.608251,0,-0.0715646
69.15,0.184301,1,1,0.606996,0,-0.0715423
69.2,0.184288,1,1,0.605742,0,-0.0715201
69.25,0.184275,1,1,0.60449,0,-0.0714981
69.3,0.184262,1,1,0.603239,0,-0.0714763
69.35,0.184249,1,1,0.601991,0,-0.0714546
69.4,0.184236,1,1,0.600744,0,-0.0714333
69.45,0.184223,1,1,0.599499,0,-0.0714119
69.5,0.18421,1,1,0.598256,0,-0.0713909
69.55,0.184197,1,1,0.597014,0,-0.07137
69.6,0.184184,1,1,0.595775,0,-0.0713492
69.65,0.184171,1,1,0.594537,0,-0.0713288
69.7,0.184158,1,1,0.593301,0,-0.0713084
69.75,0.184145,1,1,0.592067,0,-0.0712882
69.8,0.184132,1,1,0.590834,0,-0.0712683
69.85,0.18412,1,1,0.589604,0,-0.0712485
69.9,0.184107,1,1,0.588376,0,-0.0712297
69.95,0.184094,1,1,0.587149,0,-0.0712109
70,0.184081,1,1,0.585925,0,-0.0711925
70.05,0.184068,1,1,0.584702,0,-0.0711741
70.1,0.184055,1,1,0.583481,0,-0.0711559
70.15,0.184042,1,1,0.582262,0,-0.0711378
70.2,0.184029,1,1,0.581046,0,-0.0711199
70.25,0.184016,1,1,0.57983,0,-0.0711022
70.3,0.184003,1,1,0.578618,0,-0.0710845
70.35,0.183991,1,1,0.577407,0,-0.071067
70.4,0.183978,1,1,0.576198,0,-0.0710496
70.45,0.183965,1,1,0.574991,0,-0.0710323
70.5,0.183952,1,1,0.573785,0,-0.0710152
70.55,0.183939,1,1,0.572582,0,-0.0709967
70.6,0.183927,1,1,0.571381,0,-0.0709795
70.65,0.183914,1,1,0.570182,0,-0.0709626
70.7,0.183901,1,1,0.568985,0,-0.0709458
70.75,0.183888,1,1,0.56779,0,-0.0709291
70.8,0.183875,1,1,0.566597,0,-0.0709104
70.85,0.183863,1,1,0.565405,0,-0.0708915
70.9,0.18385,1,1,0.564216,0,-0.0708717
70.95,0.183837,1,1,0.563029,0,-0.0708519
71,0.183825,1,1,0.561844,0,-0.0708321
71.05,0.183812,1,1,0.560661,0,-0.0708122
71.1,0.183799,1,1,0.55948,0,-0.0707922
71.15,0.183786,1,1,0.5583,0,-0.0707721
71.2,0.183774,1,1,0.557123,0,-0.070752
71.25,0.183761,1,1,0.555947,0,-0.0707318
71.3,0.183748,1,1,0.554774,0,-0.0707116
71.35,0.183736,1,1,0.553602,0,-0.0706914
71.4,0.183723,1,1,0.552432,0,-0.0706709
71.45,0.18371,1,1,0.551264,0,-0.0706507
71.5,0.183698,1,1,0.550098,0,-0.0706304
71.55,0.183685,1,1,0.548933,0,-0.07061
71.6,0.183673,1,1,0.547771,0,-0.0705897
71.65,0.18366,1,1,0.54661,0,-0.070569
71.7,0.183647,1,1,0.545451,0,-0.0705484
71.75,0.183635,1,1,0.544294,0,-0.070528
71.8,0.183622,1,1,0.543139,0,-0.0705073
71.85,0.18361,1,1,0.541985,0,-0.0704865
71.9,0.183597,1,1,0.540834,0,-0.0704657
71.95,0.183585,1,1,0.539683,0,-0.0704452
72,0.183572,1,1,0.538535,0,-0.0704284
72.05,0.18356,1,1,0.537388,0,-0.0704114
72.1,0.183547,1,1,0.536244,0,-0.0703944
72.15,0.183535,1,1,0.5351,0,-0.0703774
72.2,0.183522,1,1,0.533959,0,-0.0703603
72.25,0.183509,1,1,0.532819,0,-0.0703433
72.3,0.183497,1,1,0.531681,0,-0.0703261
72.35,0.183485,1,1,0.530545,0,-0.0703091
72.4,0.183472,1,1,0.52941,0,-0.070292
72.45,0.18346,1,1,0.528277,0,-0.0702704
72.5,0.183447,1,1,0.527146,0,-0.0702535
72.55,0.183435,1,1,0.526016,0,-0.0702363
72.6,0.183422,1,1,0.524888,0,-0.0702192
72.65,0.18341,1,1,0.523762,0,-0.070202
72.7,0.183397,1,1,0.522637,0,-0.0701848
72.75,0.183385,1,1,0.521514,0,-0.0701635
72.8,0.183372,1,1,0.520393,0,-0.0701465
72.85,0.18336,1,1,0.519273,0,-0.0701292
72.9,0.183348,1,1,0.518155,0,-0.0701119
72.95,0.183335,1,1,0.517039,0,-0.0700946
73,0.183323,1,1,0.515925,0,-0.0700772
73.05,0.183311,1,1,0.514812,0,-0.0700599
73.1,0.183298,1,1,0.5137,0,-0.0700426
73.15,0.183286,1,1,0.512591,0,-0.0700251
73.2,0.183273,1,1,0.511483,0,-0.0700077
73.25,0.183261,1,1,0.510377,0,-0.0699903
73.3,0.183249,1,1,0.509272,0,-0.0699727
73.35,0.183236,1,1,0.508169,0,-0.0699552
73.4,0.183224,1,1,0.507067,0,-0.0699377
73.45,0.183212,1,1,0.505968,0,-0.06992
73.5,0.183199,1,1,0.50487,0,-0.0699023
73.55,0.183187,1,1,0.503773,0,-0.0698845
73.6,0.183175,1,1,0.502678,0,-0.0698667
73.65,0.183163,1,1,0.501585,0,-0.0698489
73.7,0.18315,1,1,0.500494,0,-0.0698309
73.75,0.183138,1,1,0.499404,0,-0.0698128
73.8,0.183126,1,1,0.498315,0,-0.0697946
73.85,0.183113,1,1,0.497229,0,-0.0697761
73.9,0.183101,1,1,0.496143,0,-0.0697576
73.95,0.183089,1,1,0.49506,0,-0.0697387
74,0.183077,1,1,0.493978,0,-0.0697187
74.05,0.183064,1,1,0.492898,0,-0.0696984
74.1,0.183052,1,1,0.491819,0,-0.0696777
74.15,0.18304,1,1,0.490742,0,-0.0696563
74.2,0.183028,1,1,0.489666,0,-0.0696345
74.25,0.183016,1,1,0.488592,0,-0.0696121
74.3,0.183003,1,1,0.48752,0,-0.0695891
74.35,0.182991,1,1,0.486449,0,-0.0695656
74.4,0.182979,1,1,0.48538,0,-0.0695417
74.45,0.182967,1,1,0.484313,0,-0.0695174
74.5,0.182955,1,1,0.483246,0,-0.0694929
74.55,0.182943,1,1,0.482182,0,-0.0694682
74.6,0.18293,1,1,0.481119,0,-0.0694433
74.65,0.182918,1,1,0.480058,0,-0.0694182
74.7,0.182906,1,1,0.478998,0,-0.069393
74.75,0.182894,1,1,0.477939,0,-0.0693677
74.8,0.182882,1,1,0.476882,0,-0.0693424
74.85,0.18287,1,1,0.475827,0,-0.069317
74.9,0.182858,1,1,0.474774,0,-0.0692916
74.95,0.182846,1,1,0.473722,0,-0.0692662
75,0.182833,1,1,0.472671,0,-0.0692407
75.05,0.182821,1,1,0.471622,0,-0.0692152
75.1,0.182809,1,1,0.470575,0,-0.0691897
75.15,0.182797,1,1,0.469529,0,-0.0691642
75.2,0.182785,1,1,0.468486,0,-0.0691386
75.25,0.182773,1,1,0.467443,0,-0.0691131
75.3,0.182761,1,1,0.466403,0,-0.0690876
75.35,0.182749,1,1,0.465364,0,-0.069062
75.4,0.182737,1,1,0.464327,0,-0.0690362
75.45,0.182725,1,1,0.463291,0,-0.0690102
75.5,0.182713,1,1,0.462257,0,-0.0689832
75.55,0.182701,1,1,0.461225,0,-0.068959
75.6,0.182689,1,1,0.460195,0,-0.0689386
75.65,0.182677,1,1,0.459167,0,-0.0689186
75.7,0.182665,1,1,0.458141,0,-0.0688985
75.75,0.182653,1,1,0.457116,0,-0.0688785
75.8,0.182641,1,1,0.456094,0,-0.0688584
75.85,0.182629,1,1,0.455073,0,-0.0688384
75.9,0.182617,1,1,0.454054,0,-0.0688185
75.95,0.182605,1,1,0.453037,0,-0.0687986
76,0.182593,1,1,0.452022,0,-0.0687786
76.05,0.182582,1,1,0.451008,0,-0.0687587
76.1,0.18257,1,1,0.449997,0,-0.0687387
76.15,0.182558,1,1,0.448987,0,-0.0687187
76.2,0.182546,1,1,0.447979,0,-0.0686989
76.25,0.182534,1,1,0.446973,0,-0.0686789
76.3,0.182522,1,1,0.445969,0,-0.068659
76.35,0.18251,1,1,0.444966,0,-0.068639
76.4,0.182499,1,1,0.443965,0,-0.068619
76.45,0.182487,1,1,0.442966,0,-0.0685991
76.5,0.182475,1,1,0.441969,0,-0.0685791
76.55,0.182463,1,1,0.440973,0,-0.068559
76.6,0.182451,1,1,0.439979,0,-0.0685391
76.65,0.18244,1,1,0.438987,0,-0.0685191
76.7,0.182428,1,1,0.437996,0,-0.0684991
76.75,0.182416,1,1,0.437007,0,-0.0684791
76.8,0.182404,1,1,0.43602,0,-0.0684591
76.85,0.182393,1,1,0.435034,0,-0.0684391
76.9,0.182381,1,1,0.43405,0,-0.0684191
76.95,0.182369,1,1,0.433068,0,-0.0683991
77,0.182358,1,1,0.432088,0,-0.068379
77.05,0.182346,1,1,0.431109,0,-0.068359
77.1,0.182334,1,1,0.430131,0,-0.0683389
77.15,0.182322,1,1,0.429156,0,-0.0683189
77.2,0.182311,1,1,0.428181,0,-0.0682989
77.25,0.182299,1,1,0.427209,0,-0.0682788
77.3,0.182287,1,1,0.426238,0,-0.0682588
77.35,0.182276,1,1,0.425269,0,-0.0682387
77.4,0.182264,1,1,0.424301,0,-0.0682186
77.45,0.182253,1,1,0.423335,0,-0.0681985
77.5,0.182241,1,1,0.42237,0,-0.0681785
77.55,0.182229,1,1,0.421407,0,-0.0681583
77.6,0.182218,1,1,0.420446,0,-0.0681383
77.65,0.182206,1,1,0.419486,0,-0.0681181
77.7,0.182195,1,1,0.418528,0,-0.068098
77.75,0.182183,1,1,0.417571,0,-0.0680778
77.8,0.182171,1,1,0.416616,0,-0.0680576
77.85,0.18216,1,1,0.415662,0,-0.0680375
77.9,0.182148,1,1,0.41471,0,-0.0680172
77.95,0.182137,1,1,0.413759,0,-0.0679969
78,0.182125,1,1,0.41281,0,-0.0679766
78.05,0.182114,1,1,0.411862,0,-0.0679562
78.1,0.182102,1,1,0.410916,0,-0.0679357
78.15,0.182091,1,1,0.409971,0,-0.0679152
78.2,0.182079,1,1,0.409027,0,-0.0678945
78.25,0.182068,1,1,0.408086,0,-0.0678738
78.3,0.182056,1,1,0.407145,0,-0.0678528
78.35,0.182045,1,1,0.406206,0,-0.0678318
78.4,0.182033,1,1,0.405268,0,-0.0678104
78.45,0.182022,1,1,0.404332,0,-0.0677889
78.5,0.18201,1,1,0.403398,0,-0.0677671
78.55,0.181999,1,1,0.402464,0,-0.067745
78.6,0.181987,1,1,0.401533,0,-0.0677226
78.65,0.181976,1,1,0.400602,0,-0.0676998
78.7,0.181964,1,1,0.399673,0,-0.0676766
78.75,0.181953,1,1,0.398746,0,-0.0676531
78.8,0.181942,1,1,0.397819,0,-0.0676293
78.85,0.18193,1,1,0.396895,0,-0.0676052
78.9,0.181919,1,1,0.395971,0,-0.0675808
78.95,0.181907,1,1,0.39505,0,-0.0675563
79,0.181896,1,1,0.394129,0,-0.0675317
79.05,0.181885,1,1,0.39321,0,-0.0675068
79.1,0.181873,1,1,0.392293,0,-0.0674819
79.15,0.181862,1,1,0.391377,0,-0.0674569
79.2,0.181851,1,1,0.390462,0,-0.0674318
79.25,0.181839,1,1,0.389549,0,-0.0674067
79.3,0.181828,1,1,0.388637,0,-0.0673816
79.35,0.181816,1,1,0.387727,0,-0.0673565
79.4,0.181805,1,1,0.386818,0,-0.0673314
79.45,0.181794,1,1,0.38591,0,-0.0673063
79.5,0.181783,1,1,0.385004,0,-0.0672812
79.55,0.181771,1,1,0.3841,0,-0.0672563
79.6,0.18176,1,1,0.383197,0,-0.0672313
79.65,0.181749,1,1,0.382296,0,-0.0672065
79.7,0.181737,1,1,0.381396,0,-0.0671817
79.75,0.181726,1,1,0.380497,0,-0.0671569
79.8,0.181715,1,1,0.379601,0,-0.0671323
79.85,0.181704,1,1,0.378705,0,-0.0671078
79.9,0.181692,1,1,0.377812,0,-0.0670833
79.95,0.181681,1,1,0.37692,0,-0.067059
80,0.18167,1,1,0.376029,0,-0.0670348
80.05,0.181659,1,1,0.37514,0,-0.0670107
80.1,0.181647,1,1,0.374253,0,-0.0669867
80.15,0.181636,1,1,0.373367,0,-0.066963
80.2,0.181625,1,1,0.372483,0,-0.0669393
80.25,0.181614,1,1,0.371601,0,-0.0669158
80.3,0.181603,1,1,0.37072,0,-0.0668926
80.35,0.181592,1,1,0.369841,0,-0.0668695
80.4,0.18158,1,1,0.368964,0,-0.0668466
80.45,0.181569,1,1,0.368089,0,-0.066824
80.5,0.181558,1,1,0.367215,0,-0.0666909
80.55,0.181547,1,1,0.366343,0,-0.066668
80.6,0.181536,1,1,0.365472,0,-0.0666453
80.65,0.181525,1,1,0.364603,0,-0.0666232
80.7,0.181514,1,1,0.363737,0,-0.0666015
80.75,0.181503,1,1,0.362872,0,-0.0665957
80.8,0.181492,1,1,0.362009,0,-0.0665769
80.85,0.181481,1,1,0.361148,0,-0.0665586
80.9,0.18147,1,1,0.360289,0,-0.066541
80.95,0.181459,1,1,0.359431,0,-0.066524
81,0.181448,1,1,0.358576,0,-0.0665075
81.05,0.181437,1,1,0.357722,0,-0.066491
81.1,0.181426,1,1,0.35687,0,-0.0664744
81.15,0.181415,1,1,0.356019,0,-0.0664574
81.2,0.181404,1,1,0.355171,0,-0.0664403
81.25,0.181337,1,1,0.354253,0,-0.0664231
81.3,0.18127,1,1,0.353336,0,-0.0664057
81.35,0.181203,1,1,0.352422,0,-0.0663883
81.4,0.181136,1,1,0.35151,0,-0.0663707
81.45,0.181069,1,1,0.350599,0,-0.066353
81.5,0.181001,1,1,0.34969,0,-0.0663353
81.55,0.180934,1,1,0.348784,0,-0.0663175
81.6,0.180867,1,1,0.347879,0,-0.0662997
81.65,0.1808,1,1,0.346976,0,-0.0662818
81.7,0.180733,1,1,0.346075,0,-0.0662638
81.75,0.180666,1,1,0.345176,0,-0.0662458
81.8,0.180599,1,1,0.344279,0,-0.0662277
81.85,0.180532,1,1,0.343384,0,-0.0662096
81.9,0.180465,1,1,0.34249,0,-0.0661915
81.95,0.180398,1,1,0.341598,0,-0.0661733
82,0.180331,1,1,0.340709,0,-0.0661551
82.05,0.180264,1,1,0.339821,0,-0.0661368
82.1,0.180198,1,1,0.338935,0,-0.0661186
82.15,0.180131,1,1,0.33805,0,-0.0661003
82.2,0.180064,1,1,0.337168,0,-0.0660821
82.25,0.179997,1,1,0.336287,0,-0.0660638
82.3,0.17993,1,1,0.335408,0,-0.0660392
82.35,0.179863,1,1,0.334531,0,-0.0660148
82.4,0.179796,1,1,0.333656,0,-0.0659904
82.45,0.179729,1,1,0.332783,0,-0.065966
82.5,0.179662,1,1,0.331911,0,-0.0659416
82.55,0.179595,1,1,0.331041,0,-0.0659171
82.6,0.179528,1,1,0.330173,0,-0.0658927
82.65,0.179462,1,1,0.329306,0,-0.0658684
82.7,0.179395,1,1,0.328442,0,-0.065844
82.75,0.179328,1,1,0.327579,0,-0.0658195
82.8,0.179261,1,1,0.326717,0,-0.0657952
82.85,0.179194,1,1,0.325858,0,-0.0657709
82.9,0.179127,1,1,0.325,0,-0.0657466
82.95,0.179061,1,1,0.324143,0,-0.0657223
83,0.178994,1,1,0.323289,0,-0.065698
83.05,0.178927,1,1,0.322436,0,-0.0656738
83.1,0.17886,1,1,0.321584,0,-0.0656498
83.15,0.178793,1,1,0.320734,0,-0.0656255
83.2,0.178727,1,1,0.319886,0,-0.0656016
83.25,0.17866,1,1,0.319039,0,-0.0655774
83.3,0.178593,1,1,0.318193,0,-0.0655532
83.35,0.178526,1,1,0.31735,0,-0.0654252
83.4,0.178459,1,1,0.316507,0,-0.0654194
83.45,0.178393,1,1,0.315667,0,-0.0654026
83.5,0.178326,1,1,0.314827,0,-0.0653855
83.55,0.178259,1,1,0.31399,0,-0.0653679
83.6,0.178193,1,1,0.313153,0,-0.06535
83.65,0.178126,1,1,0.312318,0,-0.0653315
83.7,0.178059,1,1,0.311485,0,-0.0653127
83.75,0.177992,1,1,0.310653,0,-0.0652882
83.8,0.177926,1,1,0.309822,0,-0.0652643
83.85,0.177859,1,1,0.308993,0,-0.0652404
83.9,0.177792,1,1,0.308166,0,-0.0652163
83.95,0.177726,1,1,0.30734,0,-0.065192
84,0.177659,1,1,0.306515,0,-0.0651682
84.05,0.177592,1,1,0.305692,0,-0.0651443
84.1,0.177526,1,1,0.304871,0,-0.0651215
84.15,0.177459,1,1,0.30405,0,-0.0650995
84.2,0.177393,1,1,0.303232,0,-0.065077
84.25,0.177326,1,1,0.302415,0,-0.0650542
84.3,0.177259,1,1,0.301599,0,-0.0650312
84.35,0.177193,1,1,0.300784,0,-0.065008
84.4,0.177126,1,1,0.299971,0,-0.0649847
84.45,0.17706,1,1,0.299159,0,-0.0649614
84.5,0.176993,1,1,0.298349,0,-0.0649368
84.55,0.176927,1,1,0.29754,0,-0.0649132
84.6,0.17686,1,1,0.296733,0,-0.0648893
84.65,0.176793,1,1,0.295927,0,-0.0648655
84.7,0.176727,1,1,0.295123,0,-0.0648416
84.75,0.17666,1,1,0.29432,0,-0.0648179
84.8,0.176594,1,1,0.293518,0,-0.0647942
84.85,0.176527,1,1,0.292718,0,-0.0647705
84.9,0.176461,1,1,0.291919,0,-0.0647468
84.95,0.176394,1,1,0.291122,0,-0.0647225
85,0.176328,1,1,0.290326,0,-0.064699
85.05,0.176261,1,1,0.289532,0,-0.0646752
85.1,0.176195,1,1,0.288739,0,-0.0646512
85.15,0.176128,1,1,0.287947,0,-0.0646272
85.2,0.176062,1,1,0.287157,0,-0.064603
85.25,0.175995,1,1,0.286368,0,-0.0645788
85.3,0.175995,1,1,0.285581,0,-0.0645546
85.35,0.233662,1,1,0.284795,0,-0.0645313
85.4,0.233589,1,1,0.28401,0,-0.0645078
85.45,0.233516,1,1,0.283227,0,-0.0644842
85.5,0.233443,1,1,0.282445,0,-0.0644607
85.55,0.23337,1,1,0.281664,0,-0.0644372
85.6,0.233297,1,1,0.280885,0,-0.0644138
85.65,0.233224,1,1,0.280108,0,-0.0643906
85.7,0.233151,1,1,0.279331,0,-0.0643673
85.75,0.233078,1,1,0.278556,0,-0.0643427
85.8,0.233005,1,1,0.277783,0,-0.064319
85.85,0.232932,1,1,0.277011,0,-0.064295
85.9,0.232859,1,1,0.27624,0,-0.0642708
85.95,0.232786,1,1,0.275471,0,-0.0642465
86,0.232713,1,1,0.274702,0,-0.064222
86.05,0.23264,1,1,0.273936,0,-0.0641975
86.1,0.232567,1,1,0.27317,0,-0.0641729
86.15,0.232494,1,1,0.272406,0,-0.064149
86.2,0.232421,1,1,0.271644,0,-0.0641263
86.25,0.232348,1,1,0.270882,0,-0.0641033
86.3,0.232276,1,1,0.270122,0,-0.0640802
86.35,0.232203,1,1,0.269364,0,-0.0640572
86.4,0.23213,1,1,0.268607,0,-0.0640341
86.45,0.232057,1,1,0.267851,0,-0.0640113
86.5,0.231984,1,1,0.267096,0,-0.0639884
86.55,0.231911,1,1,0.266343,0,-0.0639653
86.6,0.231838,1,1,0.265592,0,-0.0639421
86.65,0.231765,1,1,0.264841,0,-0.0639169
86.7,0.231693,1,1,0.264092,0,-0.0638927
86.75,0.23162,1,1,0.263345,0,-0.0638683
86.8,0.231547,1,1,0.262598,0,-0.0638437
86.85,0.231474,1,1,0.261853,0,-0.063819
86.9,0.231458,1,1,0.261168,0,-0.0637942
86.95,0.231442,1,1,0.260485,0,-0.0637695
87,0.231425,1,1,0.259803,0,-0.0637449
87.05,0.231409,1,1,0.259121,0,-0.0637214
87.1,0.231393,1,1,0.258441,0,-0.0636988
87.15,0.231376,1,1,0.257762,0,-0.0636761
87.2,0.23136,1,1,0.257085,0,-0.0636533
87.25,0.231344,1,1,0.256408,0,-0.0636305
87.3,0.231327,1,1,0.255733,0,-0.0636077
87.35,0.231311,1,1,0.255059,0,-0.063585
87.4,0.231295,1,1,0.254386,0,-0.0635623
87.45,0.231278,1,1,0.253714,0,-0.0635396
87.5,0.231262,1,1,0.253043,0,-0.0635168
87.55,0.231246,1,1,0.252374,0,-0.0634922
87.6,0.23123,1,1,0.251705,0,-0.0634685
87.65,0.231213,1,1,0.251038,0,-0.0634437
87.7,0.231197,1,1,0.250372,0,-0.0634197
87.75,0.231181,1,1,0.249707,0,-0.0633958
87.8,0.231164,1,1,0.249043,0,-0.0633717
87.85,0.231148,1,1,0.248381,0,-0.0633477
87.9,0.231132,1,1,0.247719,0,-0.0633237
87.95,0.231115,1,1,0.247059,0,-0.0632997
88,0.231099,1,1,0.2464,0,-0.0632758
88.05,0.231083,1,1,0.245742,0,-0.0632521
88.1,0.231066,1,1,0.245085,0,-0.0632287
88.15,0.23105,1,1,0.24443,0,-0.063206
88.2,0.231034,1,1,0.243775,0,-0.0631843
88.25,0.231018,1,1,0.243122,0,-0.0631624
88.3,0.231001,1,1,0.24247,0,-0.0631405
88.35,0.230985,1,1,0.241819,0,-0.0631183
88.4,0.230969,1,1,0.241169,0,-0.0630962
88.45,0.230953,1,1,0.24052,0,-0.0630741
88.5,0.230936,1,1,0.239872,0,-0.0630519
88.55,0.23092,1,1,0.239226,0,-0.0630283
88.6,0.230904,1,1,0.23858,0,-0.0630054
88.65,0.230888,1,1,0.237936,0,-0.0629823
88.7,0.230871,1,1,0.237293,0,-0.0629591
88.75,0.230855,1,1,0.236651,0,-0.0629357
88.8,0.230839,1,1,0.23601,0,-0.0629122
88.85,0.230823,1,1,0.235371,0,-0.0628895
88.9,0.230807,1,1,0.234732,0,-0.0628676
88.95,0.23079,1,1,0.234094,0,-0.0628457
89,0.230774,1,1,0.233458,0,-0.0628236
89.05,0.230758,1,1,0.232823,0,-0.0628014
89.1,0.230742,1,1,0.232189,0,-0.0627792
89.15,0.230726,1,1,0.231556,0,-0.0627569
89.2,0.23071,1,1,0.230924,0,-0.0627346
89.25,0.230694,1,1,0.230293,0,-0.0627123
89.3,0.230677,1,1,0.229663,0,-0.0626901
89.35,0.230661,1,1,0.229035,0,-0.0626664
89.4,0.230645,1,1,0.228407,0,-0.0626435
89.45,0.230629,1,1,0.227781,0,-0.0626204
89.5,0.230613,1,1,0.227156,0,-0.062597
89.55,0.230597,1,1,0.226532,0,-0.0625736
89.6,0.230581,1,1,0.225909,0,-0.0625501
89.65,0.230565,1,1,0.225287,0,-0.0625265
89.7,0.230549,1,1,0.224666,0,-0.062503
89.75,0.230533,1,1,0.224046,0,-0.0624794
89.8,0.230517,1,1,0.223428,0,-0.0624566
89.85,0.230501,1,1,0.22281,0,-0.0624349
89.9,0.230485,1,1,0.222194,0,-0.0624128
89.95,0.230469,1,1,0.221579,0,-0.0623907
90,0.230453,1,1,0.220964,0,-0.0623685
90.05,0.230437,1,1,0.220351,0,-0.0623463
90.1,0.230421,1,1,0.219739,0,-0.062324
90.15,0.230405,1,1,0.219128,0,-0.0623017
90.2,0.230389,1,1,0.218519,0,-0.0622794
90.25,0.230373,1,1,0.21791,0,-0.062257
90.3,0.230357,1,1,0.217303,0,-0.0622348
90.35,0.230341,1,1,0.216696,0,-0.0622111
90.4,0.230326,1,1,0.216091,0,-0.0621882
90.45,0.23031,1,1,0.215487,0,-0.062165
90.5,0.230294,1,1,0.214884,0,-0.0621417
90.55,0.230278,1,1,0.214281,0,-0.0621182
90.6,0.230262,1,1,0.213681,0,-0.0620946
90.65,0.230246,1,1,0.21308,0,-0.0620709
90.7,0.23023,1,1,0.212482,0,-0.0620473
90.75,0.230214,1,1,0.211884,0,-0.0620237
90.8,0.230199,1,1,0.211287,0,-0.0620009
90.85,0.230183,1,1,0.210691,0,-0.0619793
90.9,0.230167,1,1,0.210096,0,-0.0619573
90.95,0.230151,1,1,0.209503,0,-0.0619351
91,0.230135,1,1,0.20891,0,-0.0619131
91.05,0.23012,1,1,0.208319,0,-0.0618908
91.1,0.230104,1,1,0.207729,0,-0.0618685
91.15,0.230088,1,1,0.207139,0,-0.0618461
91.2,0.230072,1,1,0.206551,0,-0.061824
91.25,0.230056,1,1,0.205964,0,-0.0618017
91.3,0.230041,1,1,0.205378,0,-0.0617781
91.35,0.230025,1,1,0.204793,0,-0.0617553
91.4,0.230009,1,1,0.204209,0,-0.0617322
91.45,0.229993,1,1,0.203626,0,-0.061709
91.5,0.229978,1,1,0.203045,0,-0.0616855
91.55,0.229962,1,1,0.202464,0,-0.0616619
91.6,0.229946,1,1,0.201884,0,-0.0616391
91.65,0.229931,1,1,0.201306,0,-0.061617
91.7,0.229915,1,1,0.200728,0,-0.0615948
91.75,0.229899,1,1,0.200151,0,-0.0615725
91.8,0.229883,1,1,0.199576,0,-0.0615499
91.85,0.229868,1,1,0.199002,0,-0.0615275
91.9,0.229852,1,1,0.198428,0,-0.061505
91.95,0.229836,1,1,0.197856,0,-0.0614826
92,0.229821,1,1,0.197285,0,-0.0614601
92.05,0.229805,1,1,0.196715,0,-0.0614377
92.1,0.229789,1,1,0.196146,0,-0.0614155
92.15,0.229774,1,1,0.195578,0,-0.0613906
92.2,0.229758,1,1,0.195011,0,-0.0613665
92.25,0.229743,1,1,0.194445,0,-0.0613421
92.3,0.229727,1,1,0.19388,0,-0.0613176
92.35,0.229712,1,1,0.193316,0,-0.0612928
92.4,0.229696,1,1,0.192753,0,-0.061268
92.45,0.22968,1,1,0.192191,0,-0.0612431
92.5,0.229665,1,1,0.191631,0,-0.0612199
92.55,0.229649,1,1,0.191071,0,-0.0611978
92.6,0.229634,1,1,0.190512,0,-0.0611756
92.65,0.229618,1,1,0.189955,0,-0.0611532
92.7,0.229603,1,1,0.189398,0,-0.0611308
92.75,0.229587,1,1,0.188842,0,-0.0611085
92.8,0.229572,1,1,0.188288,0,-0.0610863
92.85,0.229556,1,1,0.187734,0,-0.0610641
92.9,0.229541,1,1,0.187182,0,-0.0610418
92.95,0.229525,1,1,0.18663,0,-0.0610162
93,0.22951,1,1,0.18608,0,-0.0609928
93.05,0.229494,1,1,0.185531,0,-0.0609669
93.1,0.229479,1,1,0.184982,0,-0.060942
93.15,0.229463,1,1,0.184435,0,-0.060917
93.2,0.229448,1,1,0.183888,0,-0.0608918
93.25,0.229433,1,1,0.183343,0,-0.0608666
93.3,0.229417,1,1,0.182799,0,-0.0608414
93.35,0.229402,1,1,0.182256,0,-0.0608185
93.4,0.229387,1,1,0.181713,0,-0.0607965
93.45,0.229371,1,1,0.181172,0,-0.0607742
93.5,0.229356,1,1,0.180632,0,-0.0607519
93.55,0.22934,1,1,0.180093,0,-0.0607295
93.6,0.229325,1,1,0.179555,0,-0.0607072
93.65,0.22931,1,1,0.179018,0,-0.0606849
93.7,0.229294,1,1,0.178482,0,-0.0606626
93.75,0.229279,1,1,0.177946,0,-0.0606405
93.8,0.229264,1,1,0.177412,0,-0.0606181
93.85,0.229248,1,1,0.176879,0,-0.0605925
93.9,0.229233,1,1,0.176347,0,-0.0605677
93.95,0.229218,1,1,0.175816,0,-0.0605427
94,0.229202,1,1,0.175286,0,-0.0605175
94.05,0.229187,1,1,0.174757,0,-0.0604922
94.1,0.229172,1,1,0.174229,0,-0.0604667
94.15,0.229156,1,1,0.173702,0,-0.0604411
94.2,0.229141,1,1,0.173175,0,-0.0604155
94.25,0.229126,1,1,0.17265,0,-0.060393
94.3,0.229111,1,1,0.172126,0,-0.0603713
94.35,0.229095,1,1,0.171603,0,-0.0603492
94.4,0.22908,1,1,0.171081,0,-0.0603272
94.45,0.229065,1,1,0.170559,0,-0.060305
94.5,0.22905,1,1,0.170039,0,-0.0602829
94.55,0.229034,1,1,0.16952,0,-0.0602608
94.6,0.229019,1,1,0.169002,0,-0.0602387
94.65,0.229004,1,1,0.168485,0,-0.0602166
94.7,0.228989,1,1,0.167968,0,-0.0601946
94.75,0.228974,1,1,0.167453,0,-0.0601724
94.8,0.228958,1,1,0.166939,0,-0.0601504
94.85,0.228943,1,1,0.166426,0,-0.0601245
94.9,0.228928,1,1,0.165913,0,-0.0600995
94.95,0.228913,1,1,0.165402,0,-0.0600743
95,0.228898,1,1,0.164892,0,-0.0600488
95.05,0.228883,1,1,0.164382,0,-0.0600232
95.1,0.228868,1,1,0.163874,0,-0.0599975
95.15,0.228852,1,1,0.163366,0,-0.0599718
95.2,0.228837,1,1,0.16286,0,-0.0599462
95.25,0.228822,1,1,0.162354,0,-0.0599236
95.3,0.228807,1,1,0.161849,0,-0.059902
95.35,0.228792,1,1,0.161346,0,-0.0598802
95.4,0.228777,1,1,0.160843,0,-0.0598582
95.45,0.228762,1,1,0.160341,0,-0.0598361
95.5,0.228747,1,1,0.15984,0,-0.0598141
95.55,0.228732,1,1,0.159341,0,-0.0597921
95.6,0.228717,1,1,0.158842,0,-0.0597701
95.65,0.228702,1,1,0.158344,0,-0.059748
95.7,0.228687,1,1,0.157847,0,-0.0597259
95.75,0.228672,1,1,0.157351,0,-0.059704
95.8,0.228657,1,1,0.156856,0,-0.059682
95.85,0.228642,1,1,0.156362,0,-0.059656
95.9,0.228627,1,1,0.155869,0,-0.0596309
95.95,0.228612,1,1,0.155377,0,-0.0596055
96,0.228597,1,1,0.154886,0,-0.0595799
96.05,0.228582,1,1,0.154396,0,-0.0595542
96.1,0.228567,1,1,0.153906,0,-0.0595282
96.15,0.228552,1,1,0.153418,0,-0.0595021
96.2,0.228537,1,1,0.15293,0,-0.0594759
96.25,0.228522,1,1,0.152444,0,-0.0594497
96.3,0.228508,1,1,0.151958,0,-0.0594234
96.35,0.228493,1,1,0.151474,0,-0.0594012
96.4,0.228478,1,1,0.15099,0,-0.0593801
96.45,0.228463,1,1,0.150507,0,-0.0593586
96.5,0.228448,1,1,0.150025,0,-0.0593371
96.55,0.228433,1,1,0.149545,0,-0.0593156
96.6,0.228419,1,1,0.149065,0,-0.0592939
96.65,0.228404,1,1,0.148586,0,-0.0592722
96.7,0.228331,1,1,0.148057,0,-0.0592505
96.75,0.228259,1,1,0.14753,0,-0.0592289
96.8,0.228187,1,1,0.147004,0,-0.0592072
96.85,0.228114,1,1,0.146479,0,-0.0591856
96.9,0.228042,1,1,0.145955,0,-0.0591639
96.95,0.227969,1,1,0.145432,0,-0.059142
97,0.227897,1,1,0.14491,0,-0.0591154
97.05,0.227824,1,1,0.144389,0,-0.0590897
97.1,0.227752,1,1,0.14387,0,-0.0590638
97.15,0.22768,1,1,0.143351,0,-0.0590376
97.2,0.227607,1,1,0.142833,0,-0.0590113
97.25,0.227535,1,1,0.142317,0,-0.0589848
97.3,0.227462,1,1,0.141801,0,-0.0589582
97.35,0.22739,1,1,0.141286,0,-0.0589315
97.4,0.227318,1,1,0.140773,0,-0.0589048
97.45,0.227245,1,1,0.14026,0,-0.0588828
97.5,0.227173,1,1,0.139749,0,-0.0588619
97.55,0.227101,1,1,0.139238,0,-0.0588408
97.6,0.227028,1,1,0.138729,0,-0.0588195
97.65,0.226956,1,1,0.13822,0,-0.058798
97.7,0.226884,1,1,0.137713,0,-0.0587765
97.75,0.226811,1,1,0.137207,0,-0.0587549
97.8,0.226739,1,1,0.136701,0,-0.0587332
97.85,0.226667,1,1,0.136197,0,-0.0587116
97.9,0.226594,1,1,0.135694,0,-0.05869
97.95,0.226522,1,1,0.135192,0,-0.0586684
98,0.22645,1,1,0.13469,0,-0.0586468
98.05,0.226378,1,1,0.13419,0,-0.0586251
98.1,0.226305,1,1,0.133691,0,-0.0586036
98.15,0.226233,1,1,0.133193,0,-0.0585768
98.2,0.226161,1,1,0.132696,0,-0.058551
98.25,0.226089,1,1,0.1322,0,-0.058525
98.3,0.226016,1,1,0.131705,0,-0.0584987
98.35,0.225944,1,1,0.13121,0,-0.0584724
98.4,0.225872,1,1,0.130717,0,-0.0584459
98.45,0.2258,1,1,0.130225,0,-0.0584195
98.5,0.225728,1,1,0.129734,0,-0.0583973
98.55,0.225655,1,1,0.129244,0,-0.058376
98.6,0.225583,1,1,0.128755,0,-0.0583546
98.65,0.225511,1,1,0.128267,0,-0.0583329
98.7,0.225439,1,1,0.12778,0,-0.0583112
98.75,0.225367,1,1,0.127294,0,-0.0582894
98.8,0.225295,1,1,0.126809,0,-0.0582676
98.85,0.225222,1,1,0.126325,0,-0.0582458
98.9,0.22515,1,1,0.125841,0,-0.0582241
98.95,0.225078,1,1,0.125359,0,-0.0582024
99,0.225006,1,1,0.124878,0,-0.0581806
99.05,0.224934,1,1,0.124398,0,-0.0581588
99.1,0.224862,1,1,0.123919,0,-0.0581369
99.15,0.22479,1,1,0.12344,0,-0.0581103
99.2,0.224718,1,1,0.122963,0,-0.0580847
99.25,0.224646,1,1,0.122487,0,-0.0580587
99.3,0.224574,1,1,0.122012,0,-0.0580326
99.35,0.224502,1,1,0.121537,0,-0.0580064
99.4,0.22443,1,1,0.121064,0,-0.0579799
99.45,0.224358,1,1,0.120592,0,-0.0579535
99.5,0.224285,1,1,0.12012,0,-0.0579271
99.55,0.224213,1,1,0.11965,0,-0.0579049
99.6,0.224141,1,1,0.11918,0,-0.0578836
99.65,0.224069,1,1,0.118712,0,-0.0578622
99.7,0.223997,1,1,0.118244,0,-0.0578404
99.75,0.223925,1,1,0.117778,0,-0.0578184
99.8,0.223853,1,1,0.117312,0,-0.0577964
99.85,0.223782,1,1,0.116847,0,-0.0577742
99.9,0.22371,1,1,0.116384,0,-0.057752
99.95,0.223638,1,1,0.115921,0,-0.0577297
100,0.223566,1,1,0.115459,0,-0.0577075
100.05,0.223494,1,1,0.114999,0,-0.0576853
100.1,0.223422,1,1,0.114539,0,-0.0576631
100.15,0.22335,1,1,0.11408,0,-0.057641
100.2,0.223278,1,1,0.113622,0,-0.0576189
100.25,0.223206,1,1,0.113166,0,-0.0575968
100.3,0.223134,1,1,0.11271,0,-0.0575745
100.35,0.223062,1,1,0.112255,0,-0.0575525
100.4,0.22299,1,1,0.111801,0,-0.0575262
100.45,0.222918,1,1,0.111348,0,-0.0575009
100.5,0.222847,1,1,0.110896,0,-0.0574754
100.55,0.222775,1,1,0.110445,0,-0.0574498
100.6,0.222703,1,1,0.109994,0,-0.057424
100.65,0.222631,1,1,0.109545,0,-0.0574011
100.7,0.222559,1,1,0.109097,0,-0.0573792
100.75,0.222487,1,1,0.108649,0,-0.057357
100.8,0.222416,1,1,0.108203,0,-0.0573348
100.85,0.222344,1,1,0.107757,0,-0.0573126
100.9,0.222272,1,1,0.107313,0,-0.0572903
100.95,0.2222,1,1,0.106869,0,-0.0572682
101,0.222128,1,1,0.106426,0,-0.0572459
101.05,0.222057,1,1,0.106042,0,-0.0572236
101.1,0.221985,1,1,0.105658,0,-0.0571973
101.15,0.221913,1,1,0.105275,0,-0.057172
101.2,0.221841,1,1,0.104893,0,-0.0571465
101.25,0.221769,1,1,0.104454,0,-0.0571207
101.3,0.221698,1,1,0.104016,0,-0.0570949
101.35,0.221626,1,1,0.103579,0,-0.0570688
101.4,0.221554,1,1,0.103143,0,-0.0570427
101.45,0.221483,1,1,0.102765,0,-0.0570167
101.5,0.221411,1,1,0.102388,0,-0.0569941
101.55,0.221339,1,1,0.102012,0,-0.0569724
101.6,0.221267,1,1,0.101636,0,-0.0569505
101.65,0.221196,1,1,0.101261,0,-0.0569285
101.7,0.221124,1,1,0.100886,0,-0.0569065
101.75,0.221052,1,1,0.100513,0,-0.0568844
101.8,0.220981,1,1,0.10014,0,-0.0568625
101.85,0.220909,1,1,0.0997112,0,-0.0568406
101.9,0.220837,1,1,0.0992835,0,-0.0568185
101.95,0.220766,1,1,0.0988567,0,-0.0567964
102,0.220694,1,1,0.0984872,0,-0.0567745
102.05,0.220623,1,1,0.0981184,0,-0.0567525
102.1,0.220551,1,1,0.0977503,0,-0.0567261
102.15,0.220479,1,1,0.097383,0,-0.0567006
102.2,0.220408,1,1,0.0970163,0,-0.0566748
102.25,0.220336,1,1,0.0966504,0,-0.0566489
102.3,0.220265,1,1,0.0962853,0,-0.0566229
102.35,0.220193,1,1,0.0958649,0,-0.0565968
102.4,0.220121,1,1,0.0954453,0,-0.0565741
102.45,0.22005,1,1,0.0950266,0,-0.0565525
102.5,0.219978,1,1,0.0946647,0,-0.0565307
102.55,0.219907,1,1,0.0943034,0,-0.0565087
102.6,0.219835,1,1,0.0939428,0,-0.0564868
102.65,0.219764,1,1,0.0935829,0,-0.0564648
102.7,0.219692,1,1,0.0932238,0,-0.0564429
102.75,0.219621,1,1,0.0928654,0,-0.056421
102.8,0.219549,1,1,0.0924522,0,-0.0563992
102.85,0.219478,1,1,0.0920398,0,-0.0563726
102.9,0.219406,1,1,0.0916284,0,-0.0563471
102.95,0.219335,1,1,0.0912731,0,-0.0563213
103,0.219263,1,1,0.0909186,0,-0.0562952
103.05,0.219192,1,1,0.0905647,0,-0.0562691
103.1,0.21912,1,1,0.0902115,0,-0.0562427
103.15,0.219049,1,1,0.0898591,0,-0.0562164
103.2,0.218977,1,1,0.0895073,0,-0.0561941
103.25,0.218906,1,1,0.0891012,0,-0.0561725
103.3,0.218835,1,1,0.088696,0,-0.0561508
103.35,0.218763,1,1,0.0883465,0,-0.056129
103.4,0.218692,1,1,0.0879977,0,-0.0561072
103.45,0.21862,1,1,0.0876496,0,-0.0560854
103.5,0.218549,1,1,0.0873021,0,-0.0560635
103.55,0.218478,1,1,0.0869554,0,-0.0560417
103.6,0.218406,1,1,0.0865548,0,-0.05602
103.65,0.218335,1,1,0.0861549,0,-0.0559981
103.7,0.218263,1,1,0.085756,0,-0.0559762
103.75,0.218192,1,1,0.0854123,0,-0.0559495
103.8,0.218121,1,1,0.0850694,0,-0.0559238
103.85,0.218049,1,1,0.0847271,0,-0.0558978
103.9,0.217978,1,1,0.0843855,0,-0.0558716
103.95,0.217907,1,1,0.0840446,0,-0.0558452
104,0.217835,1,1,0.0836502,0,-0.0558186
104.05,0.217764,1,1,0.0832566,0,-0.0557917
104.1,0.217693,1,1,0.0829179,0,-0.0557647
104.15,0.217622,1,1,0.08258,0,-0.0557375
104.2,0.21755,1,1,0.0822426,0,-0.0557101
104.25,0.217479,1,1,0.081906,0,-0.0556827
104.3,0.217408,1,1,0.08157,0,-0.0556552
104.35,0.217337,1,1,0.0811809,0,-0.0556278
104.4,0.217265,1,1,0.0807926,0,-0.0556004
104.45,0.217194,1,1,0.0804589,0,-0.0555791
104.5,0.217123,1,1,0.0801258,0,-0.0555587
104.55,0.217052,1,1,0.0797934,0,-0.0555381
104.6,0.21698,1,1,0.0794616,0,-0.0555173
104.65,0.216909,1,1,0.079077,0,-0.0554965
104.7,0.216838,1,1,0.0786932,0,-0.0554755
104.75,0.216767,1,1,0.0783637,0,-0.0554545
104.8,0.216696,1,1,0.0779814,0,-0.0554337
104.85,0.216624,1,1,0.0776533,0,-0.0554128
104.9,0.216553,1,1,0.0773259,0,-0.0553919
104.95,0.216482,1,1,0.0769459,0,-0.055371
105,0.216411,1,1,0.0766199,0,-0.0553501
105.05,0.21634,1,1,0.0762945,0,-0.055329
105.1,0.216269,1,1,0.0759168,0,-0.0553079
105.15,0.216198,1,1,0.0755928,0,-0.0552869
105.2,0.216126,1,1,0.0752695,0,-0.0552658
105.25,0.216055,1,1,0.074894,0,-0.0552383
105.3,0.215984,1,1,0.0745721,0,-0.0552119
105.35,0.215913,1,1,0.0742508,0,-0.0551851
105.4,0.215842,1,1,0.0738774,0,-0.0551582
105.45,0.215771,1,1,0.0735575,0,-0.0551311
105.5,0.2157,1,1,0.0732383,0,-0.055104
105.55,0.215629,1,1,0.072867,0,-0.0550766
105.6,0.215558,1,1,0.0725492,0,-0.0550492
105.65,0.215487,1,1,0.0722319,0,-0.0550218
105.7,0.215416,1,1,0.0718629,0,-0.0550006
105.75,0.215345,1,1,0.071547,0,-0.0549803
105.8,0.215274,1,1,0.0712318,0,-0.0549599
105.85,0.215203,1,1,0.0709173,0,-0.0549392
105.9,0.215132,1,1,0.0705511,0,-0.0549184
105.95,0.215061,1,1,0.0702378,0,-0.0548975
106,0.21499,1,1,0.0699252,0,-0.0548768
106.05,0.214919,1,1,0.0695611,0,-0.054856
106.1,0.214848,1,1,0.0692499,0,-0.0548351
106.15,0.214777,1,1,0.0689392,0,-0.0548143
106.2,0.214706,1,1,0.0685773,0,-0.0547934
106.25,0.214635,1,1,0.0682681,0,-0.0547726
106.3,0.214564,1,1,0.0679594,0,-0.0547518
106.35,0.214493,1,1,0.0675996,0,-0.0547307
106.4,0.214422,1,1,0.0672923,0,-0.0547032
106.45,0.214351,1,1,0.0669856,0,-0.0546766
106.5,0.21428,1,1,0.0666279,0,-0.0546498
106.55,0.214209,1,1,0.0663226,0,-0.0546228
106.6,0.214138,1,1,0.0660178,0,-0.0545956
106.65,0.214068,1,1,0.0657137,0,-0.0545683
106.7,0.213997,1,1,0.0653587,0,-0.054541
106.75,0.213926,1,1,0.0650559,0,-0.0545137
106.8,0.213855,1,1,0.0647537,0,-0.0544922
106.85,0.213784,1,1,0.0644009,0,-0.054472
106.9,0.213713,1,1,0.0641,0,-0.0544513
106.95,0.213642,1,1,0.0637997,0,-0.0544305
107,0.213572,1,1,0.0634489,0,-0.0544097
107.05,0.213501,1,1,0.0631499,0,-0.0543888
107.1,0.21343,1,1,0.0628515,0,-0.0543678
107.15,0.213359,1,1,0.0625027,0,-0.0543466
107.2,0.213288,1,1,0.0622055,0,-0.0543255
107.25,0.213217,1,1,0.061909,0,-0.0543043
107.3,0.213147,1,1,0.061613,0,-0.0542831
107.35,0.213076,1,1,0.0612668,0,-0.0542618
107.4,0.213005,1,1,0.0609721,0,-0.0542405
107.45,0.212934,1,1,0.0606781,0,-0.0542192
107.5,0.212864,1,1,0.0603339,0,-0.054198
107.55,0.212793,1,1,0.0600412,0,-0.0541767
107.6,0.212722,1,1,0.0597491,0,-0.0541555
107.65,0.212651,1,1,0.0594071,0,-0.0541284
107.7,0.212581,1,1,0.0591162,0,-0.0541023
107.75,0.21251,1,1,0.058826,0,-0.054076
107.8,0.212439,1,1,0.058486,0,-0.0540494
107.85,0.212369,1,1,0.058197,0,-0.0540226
107.9,0.212298,1,1,0.0579087,0,-0.0539956
107.95,0.212227,1,1,0.057621,0,-0.0539683
108,0.212157,1,1,0.0572836,0,-0.0539409
108.05,0.212086,1,1,0.0569972,0,-0.0539132
108.1,0.212015,1,1,0.0567112,0,-0.0538853
108.15,0.211945,1,1,0.0563759,0,-0.0538572
108.2,0.211874,1,1,0.0560913,0,-0.0538289
108.25,0.211803,1,1,0.0558073,0,-0.0538005
108.3,0.211733,1,1,0.0554739,0,-0.0537718
108.35,0.211662,1,1,0.0551912,0,-0.0537432
108.4,0.211591,1,1,0.054909,0,-0.0537146
108.45,0.211521,1,1,0.0546274,0,-0.053686
108.5,0.21145,1,1,0.0542967,0,-0.0536574
108.55,0.21138,1,1,0.0540163,0,-0.0536376
108.6,0.211309,1,1,0.0537365,0,-0.0536193
108.65,0.211239,1,1,0.0534077,0,-0.0536008
108.7,0.211168,1,1,0.0531291,0,-0.0535823
108.75,0.211098,1,1,0.052851,0,-0.0535635
108.8,0.211027,1,1,0.0525241,0,-0.0535448
108.85,0.210956,1,1,0.0522471,0,-0.053526
108.9,0.210886,1,1,0.0519708,0,-0.0535073
108.95,0.210815,1,1,0.051695,0,-0.0534884
109,0.210745,1,1,0.0513706,0,-0.0534695
109.05,0.210674,1,1,0.051096,0,-0.0534498
109.1,0.210604,1,1,0.0508221,0,-0.05343
109.15,0.210533,1,1,0.0504996,0,-0.0534103
109.2,0.210463,1,1,0.0502269,0,-0.0533904
109.25,0.210392,1,1,0.0499547,0,-0.0533704
109.3,0.210322,1,1,0.049683,0,-0.0533503
109.35,0.210252,1,1,0.0493631,0,-0.0533303
109.4,0.210181,1,1,0.0490927,0,-0.0533103
109.45,0.210111,1,1,0.0488228,0,-0.0532817
109.5,0.21004,1,1,0.0485048,0,-0.0532538
109.55,0.20997,1,1,0.0482361,0,-0.0532256
109.6,0.209899,1,1,0.047968,0,-0.0531973
109.65,0.209829,1,1,0.0477005,0,-0.0531764
109.7,0.209759,1,1,0.0473849,0,-0.0531563
109.75,0.209688,1,1,0.0471185,0,-0.0531362
109.8,0.209618,1,1,0.0468526,0,-0.053116
109.85,0.209547,1,1,0.0465388,0,-0.0530957
109.9,0.209477,1,1,0.046274,0,-0.0530754
109.95,0.209407,1,1,0.0460097,0,-0.0530551
110,0.209336,1,1,0.0456977,0,-0.0530348
110.05,0.209266,1,1,0.0454345,0,-0.0530144
110.1,0.209196,1,1,0.045172,0,-0.052994
110.15,0.209125,1,1,0.0449099,0,-0.0529653
110.2,0.209055,1,1,0.0446004,0,-0.0529376
110.25,0.208985,1,1,0.0443395,0,-0.0529112
110.3,0.208914,1,1,0.0440791,0,-0.0528864
110.35,0.208844,1,1,0.0437714,0,-0.0528615
110.4,0.208774,1,1,0.0435122,0,-0.0528364
110.45,0.208704,1,1,0.0432536,0,-0.0528113
110.5,0.208633,1,1,0.0429954,0,-0.0527862
110.55,0.208563,1,1,0.0426899,0,-0.052761
110.6,0.208493,1,1,0.0424329,0,-0.0527358
110.65,0.208423,1,1,0.0421763,0,-0.0527107
110.7,0.208352,1,1,0.0419203,0,-0.0526856
110.75,0.208282,1,1,0.0416171,0,-0.0526605
110.8,0.208212,1,1,0.0413622,0,-0.0526355
110.85,0.208142,1,1,0.0411078,0,-0.0526105
110.9,0.208071,1,1,0.0408064,0,-0.0525856
110.95,0.208001,1,1,0.0405531,0,-0.0525607
111,0.207931,1,1,0.0403002,0,-0.0525359
111.05,0.207861,1,1,0.0400478,0,-0.0525111
111.1,0.207791,1,1,0.0397486,0,-0.0524864
111.15,0.20772,1,1,0.0394972,0,-0.0524617
111.2,0.20765,1,1,0.0392463,0,-0.0524371
111.25,0.20758,1,1,0.0389487,0,-0.0524125
111.3,0.20751,1,1,0.0386988,0,-0.0523881
111.35,0.20744,1,1,0.0384493,0,-0.0523637
111.4,0.20737,1,1,0.0382002,0,-0.0523394
111.45,0.2073,1,1,0.0379046,0,-0.0523152
111.5,0.207229,1,1,0.0376565,0,-0.052291
111.55,0.207159,1,1,0.0374089,0,-0.0522669
111.6,0.207089,1,1,0.0371147,0,-0.0522429
111.65,0.207019,1,1,0.036868,0,-0.052219
111.7,0.206949,1,1,0.0366216,0,-0.0521952
111.75,0.206879,1,1,0.0363756,0,-0.0521714
111.8,0.206809,1,1,0.0360833,0,-0.0521478
111.85,0.206739,1,1,0.0358382,0,-0.0521242
111.9,0.206669,1,1,0.0355935,0,-0.0521007
111.95,0.206599,1,1,0.0353492,0,-0.0520773
112,0.206529,1,1,0.0350587,0,-0.0520539
112.05,0.206459,1,1,0.0348152,0,-0.0520307
112.1,0.206389,1,1,0.0345721,0,-0.0520076
112.15,0.206319,1,1,0.034283,0,-0.0519845
112.2,0.206249,1,1,0.0340407,0,-0.0519616
112.25,0.206179,1,1,0.0337987,0,-0.0519388
112.3,0.206109,1,1,0.0335572,0,-0.051916
112.35,0.206039,1,1,0.0332698,0,-0.0518934
112.4,0.205969,1,1,0.033029,0,-0.0518708
112.45,0.205899,1,1,0.0327886,0,-0.0518484
112.5,0.205829,1,1,0.0325485,0,-0.051826
112.55,0.205759,1,1,0.0322628,0,-0.0518037
112.6,0.205689,1,1,0.0320235,0,-0.0517815
112.65,0.205619,1,1,0.0317846,0,-0.0517594
112.7,0.205549,1,1,0.0315001,0,-0.0517374
112.75,0.205479,1,1,0.031262,0,-0.0517156
112.8,0.205409,1,1,0.0310242,0,-0.0516938
112.85,0.20534,1,1,0.0307868,0,-0.0515613
112.9,0.20527,1,1,0.030504,0,-0.0515387
112.95,0.2052,1,1,0.0302673,0,-0.0515162
113,0.20513,1,1,0.030031,0,-0.0514938
113.05,0.20506,1,1,0.0297949,0,-0.0514715
113.1,0.20499,1,1,0.0295136,0,-0.0514493
113.15,0.20492,1,1,0.0292782,0,-0.0514272
113.2,0.204851,1,1,0.0290431,0,-0.0514052
113.25,0.204781,1,1,0.0287628,0,-0.0513832
113.3,0.204711,1,1,0.0285283,0,-0.0513614
113.35,0.204641,1,1,0.0282941,0,-0.0513396
113.4,0.204571,1,1,0.0280601,0,-0.0513179
113.45,0.204501,1,1,0.0277812,0,-0.0512963
113.5,0.204432,1,1,0.027548,0,-0.0512748
113.55,0.204362,1,1,0.027315,0,-0.0512534
113.6,0.204292,1,1,0.0270823,0,-0.051232
113.65,0.204222,1,1,0.0268049,0,-0.0512107
113.7,0.204153,1,1,0.0265728,0,-0.0511895
113.75,0.204083,1,1,0.0263412,0,-0.0511684
113.8,0.204013,1,1,0.0260649,0,-0.0511473
113.85,0.203943,1,1,0.0258339,0,-0.0511264
113.9,0.203874,1,1,0.0256032,0,-0.0511055
113.95,0.203804,1,1,0.0253728,0,-0.0510847
114,0.203734,1,1,0.025098,0,-0.0510639
114.05,0.203664,1,1,0.0248684,0,-0.0510432
114.1,0.203595,1,1,0.0246391,0,-0.0510227
114.15,0.203525,1,1,0.0244101,0,-0.0510021
114.2,0.203455,1,1,0.0241369,0,-0.0509816
114.25,0.203386,1,1,0.0239086,0,-0.0509612
114.3,0.203316,1,1,0.0236808,0,-0.0509555
114.35,0.203246,1,1,0.0234088,0,-0.050937
114.4,0.203177,1,1,0.0231817,0,-0.0509186
114.45,0.203107,1,1,0.0229549,0,-0.0509002
114.5,0.203038,1,1,0.0227285,0,-0.050882
114.55,0.202968,1,1,0.0224583,0,-0.0508639
114.6,0.202898,1,1,0.0222328,0,-0.0508458
114.65,0.202829,1,1,0.0220076,0,-0.0508277
114.7,0.202759,1,1,0.0217829,0,-0.0508098
114.75,0.202689,1,1,0.0215144,0,-0.050792
114.8,0.20262,1,1,0.0212906,0,-0.0507741
114.85,0.202614,1,1,0.021067,0,-0.0507564
114.9,0.202607,1,1,0.0208399,0,-0.0507387
114.95,0.202601,1,1,0.0206132,0,-0.0507211
115,0.202595,1,1,0.0203869,0,-0.0507036
115.05,0.202588,1,1,0.020161,0,-0.0506861
115.1,0.202582,1,1,0.0199355,0,-0.0506687
115.15,0.202576,1,1,0.0197104,0,-0.0506513
115.2,0.20257,1,1,0.0194858,0,-0.050634
115.25,0.202563,1,1,0.0192615,0,-0.0506168
115.3,0.202557,1,1,0.0190376,0,-0.0505996
115.35,0.202551,1,1,0.0188141,0,-0.0505825
115.4,0.202544,1,1,0.0185911,0,-0.0505655
115.45,0.202538,1,1,0.0183684,0,-0.0505484
115.5,0.202532,1,1,0.0181461,0,-0.0505315
115.55,0.202526,1,1,0.0179243,0,-0.0505146
115.6,0.20252,1,1,0.0177028,0,-0.0504977
115.65,0.202513,1,1,0.0174818,0,-0.050481
115.7,0.202507,1,1,0.0172611,0,-0.0504642
115.75,0.202501,1,1,0.0170409,0,-0.0504475
115.8,0.202495,1,1,0.0168211,0,-0.050426
115.85,0.202489,1,1,0.0166016,0,-0.0504048
115.9,0.202482,1,1,0.0163826,0,-0.0503837
115.95,0.202476,1,1,0.016164,0,-0.0503668
116,0.20247,1,1,0.0159457,0,-0.0503455
116.05,0.202464,1,1,0.0157279,0,-0.0503243
116.1,0.202458,1,1,0.0155105,0,-0.0503029
116.15,0.202452,1,1,0.0152935,0,-0.0502817
116.2,0.202446,1,1,0.0150768,0,-0.0502605
116.25,0.202439,1,1,0.0148606,0,-0.0502391
116.3,0.202433,1,1,0.0146447,0,-0.0502224
116.35,0.202427,1,1,0.0144293,0,-0.0502059
116.4,0.202421,1,1,0.0142142,0,-0.0501896
116.45,0.202415,1,1,0.0139995,0,-0.0501731
116.5,0.202409,1,1,0.0137851,0,-0.0501568
116.55,0.202403,1,1,0.0135712,0,-0.0501404
116.6,0.202397,1,1,0.0133576,0,-0.050124
116.65,0.202391,1,1,0.0131444,0,-0.0501022
116.7,0.202385,1,1,0.0129316,0,-0.0500807
116.75,0.202379,1,1,0.0127192,0,-0.0500592
116.8,0.202373,1,1,0.0125072,0,-0.0500376
116.85,0.202367,1,1,0.0122955,0,-0.0500163
116.9,0.202361,1,1,0.0120842,0,-0.0498883
116.95,0.202355,1,1,0.0118733,0,-0.049871
117,0.202349,1,1,0.0116628,0,-0.0498537
117.05,0.202343,1,1,0.0114526,0,-0.0498364
117.1,0.202337,1,1,0.0112428,0,-0.0498192
117.15,0.202331,1,1,0.0110333,0,-0.0498019
117.2,0.202325,1,1,0.0108241,0,-0.0497847
117.25,0.202319,1,1,0.0106153,0,-0.0497674
117.3,0.202313,1,1,0.0104069,0,-0.0497501
117.35,0.202307,1,1,0.0101988,0,-0.0497329
117.4,0.202301,1,1,0.00999099,0,-0.0497157
117.45,0.202295,1,1,0.00978357,0,-0.0497099
117.5,0.202289,1,1,0.00957648,0,-0.0496881
117.55,0.202283,1,1,0.00936975,0,-0.0496665
117.6,0.202277,1,1,0.00916334,0,-0.0496448
117.65,0.202271,1,1,0.0089573,0,-0.0496231
117.7,0.202266,1,1,0.00875163,0,-0.049495
117.75,0.20226,1,1,0.00854629,0,-0.0494777
117.8,0.202254,1,1,0.00834135,0,-0.0494604
117.85,0.202248,1,1,0.00813675,0,-0.0494431
117.9,0.202242,1,1,0.0079325,0,-0.0494257
117.95,0.202236,1,1,0.00772857,0,-0.0494083
118,0.20223,1,1,0.007525,0,-0.0493909
118.05,0.202225,1,1,0.00732175,0,-0.0493734
118.1,0.202219,1,1,0.00711881,0,-0.049356
118.15,0.202213,1,1,0.00691622,0,-0.0493386
118.2,0.202207,1,1,0.00671396,0,-0.0493211
118.25,0.202201,1,1,0.00651204,0,-0.0493036
118.3,0.202196,1,1,0.00631045,0,-0.0492861
118.35,0.20219,1,1,0.0061092,0,-0.0492686
118.4,0.202184,1,1,0.00590827,0,-0.0492628
118.45,0.202178,1,1,0.00570769,0,-0.0492409
118.5,0.202172,1,1,0.00550745,0,-0.0491125
118.55,0.202167,1,1,0.00530757,0,-0.049095
118.6,0.202097,1,1,0.00507037,0,-0.0490775
118.65,0.202028,1,1,0.00483365,0,-0.04906
118.7,0.201958,1,1,0.00459737,0,-0.0490424
118.75,0.201889,1,1,0.00436155,0,-0.0490248
118.8,0.201819,1,1,0.00412616,0,-0.0490072
118.85,0.20175,1,1,0.00389123,0,-0.0489895
118.9,0.20168,1,1,0.00365673,0,-0.0489719
118.95,0.201611,1,1,0.00346334,0,-0.0489542
119,0.201541,1,1,0.00322966,0,-0.0489365
119.05,0.201472,1,1,0.00303701,0,-0.0489188
119.1,0.201402,1,1,0.00280412,0,-0.0489011
119.15,0.201333,1,1,0.0026122,0,-0.0488953
119.2,0.201264,1,1,0.00238015,0,-0.0487666
119.25,0.201194,1,1,0.00218894,0,-0.0487489
119.3,0.201125,1,1,0.0019577,0,-0.0487311
119.35,0.201055,1,1,0.00176723,0,-0.0487134
119.4,0.200986,1,1,0.0015368,0,-0.0487076
119.45,0.200917,1,1,0.00134709,0,-0.0486857
119.5,0.200847,1,1,0.00111748,0,-0.048557
119.55,0.200778,1,1,0.000928476,0,-0.0485393
119.6,0.200708,1,1,0.000699677,0,-0.0485215
119.65,0.200639,1,1,0.000511453,0,-0.0485036
119.7,0.20057,1,1,0.000323534,0,-0.0484857
119.75,0.2005,1,1,0.000135958,0,-0.0484678
119.8,0.200431,1,1,-5.13196e-05,0,-0.0484498
119.85,0.200362,1,1,-0.000238247,0,-0.0484319
119.9,0.200292,1,1,-0.000424847,0,-0.0484139
119.95,0.200223,1,1,-0.000611141,0,-0.048396
120,0.200154,1,1,-0.000797078,0,-0.048378
120.05,0.200085,1,1,-0.000982724,0,-0.04836
120.1,0.200015,1,1,-0.00116801,0,-0.0483419
120.15,0.199946,1,1,-0.001353,0,-0.048324
120.2,0.199877,1,1,-0.00153764,0,-0.0483059
120.25,0.199807,1,1,-0.00172195,0,-0.0482879
120.3,0.199738,1,1,-0.00190593,0,-0.0482698
120.35,0.199669,1,1,-0.00208958,0,-0.0482639
120.4,0.1996,1,1,-0.0022729,0,-0.048135
120.45,0.19953,1,1,-0.00245587,0,-0.0481291
120.5,0.199461,1,1,-0.00263851,0,-0.0480001
120.55,0.199392,1,1,-0.00282083,0,-0.047982
120.6,0.199323,1,1,-0.0030028,0,-0.047964
120.65,0.199254,1,1,-0.00318445,0,-0.0479459
120.7,0.199184,1,1,-0.00336575,0,-0.0479277
120.75,0.199115,1,1,-0.00358599,0,-0.0479096
120.8,0.199046,1,1,-0.00376657,0,-0.0478915
120.85,0.198977,1,1,-0.003986,0,-0.0478734
120.9,0.198908,1,1,-0.00416584,0,-0.0478552
120.95,0.198839,1,1,-0.00438446,0,-0.0478495
121,0.19877,1,1,-0.00456353,0,-0.0477203
121.05,0.1987,1,1,-0.00478132,0,-0.0477145
121.1,0.198631,1,1,-0.00495967,0,-0.0475853
121.15,0.198562,1,1,-0.00517663,0,-0.0475796
121.2,0.198493,1,1,-0.00535423,0,-0.0474504
121.25,0.198424,1,1,-0.00557037,0,-0.0474323
121.3,0.198355,1,1,-0.00574724,0,-0.0474141
121.35,0.198286,1,1,-0.00596255,0,-0.0473959
121.4,0.198217,1,1,-0.0061387,0,-0.0473777
121.45,0.198148,1,1,-0.0063145,0,-0.0473595
121.5,0.198079,1,1,-0.00648995,0,-0.0473413
121.55,0.198009,1,1,-0.00666509,0,-0.0473231
121.6,0.19794,1,1,-0.00683991,0,-0.0473173
121.65,0.197871,1,1,-0.00701438,0,-0.0471881
121.7,0.197802,1,1,-0.00718851,0,-0.0471699
121.75,0.197733,1,1,-0.00736231,0,-0.047164
121.8,0.197664,1,1,-0.0075358,0,-0.0470349
121.85,0.197595,1,1,-0.00770894,0,-0.0470168
121.9,0.197526,1,1,-0.00788173,0,-0.0469987
121.95,0.197457,1,1,-0.00805422,0,-0.0469929
122,0.197388,1,1,-0.00826468,0,-0.0468639
122.05,0.197319,1,1,-0.0084364,0,-0.0468458
122.1,0.19725,1,1,-0.00864603,0,-0.0468278
122.15,0.197181,1,1,-0.00881702,0,-0.046822
122.2,0.197113,1,1,-0.00902583,0,-0.0467998
122.25,0.197044,1,1,-0.00919607,0,-0.0467777
122.3,0.196975,1,1,-0.00940406,0,-0.0467553
122.35,0.196906,1,1,-0.00957357,0,-0.0467328
122.4,0.196837,1,1,-0.00974273,0,-0.0467107
122.45,0.196768,1,1,-0.00991157,0,-0.0466933
122.5,0.196699,1,1,-0.0100801,0,-0.0466763
122.55,0.19663,1,1,-0.0102483,0,-0.0466592
122.6,0.196561,1,1,-0.0104162,0,-0.046642
122.65,0.196492,1,1,-0.0105837,0,-0.0466248
122.7,0.196424,1,1,-0.0107509,0,-0.0466075
122.75,0.196355,1,1,-0.0109179,0,-0.0465903
122.8,0.196286,1,1,-0.0110845,0,-0.046573
122.85,0.196217,1,1,-0.0112507,0,-0.0465557
122.9,0.196148,1,1,-0.0114167,0,-0.0465384
122.95,0.196079,1,1,-0.0116199,0,-0.0465211
123,0.196011,1,1,-0.0117852,0,-0.0465038
123.05,0.195942,1,1,-0.0119877,0,-0.0464865
123.1,0.195873,1,1,-0.0121522,0,-0.0464692
123.15,0.195804,1,1,-0.0123539,0,-0.046452
123.2,0.195735,1,1,-0.0125178,0,-0.0464347
123.25,0.195667,1,1,-0.0126814,0,-0.0464174
123.3,0.195598,1,1,-0.0128446,0,-0.0464001
123.35,0.195529,1,1,-0.0130075,0,-0.0463827
123.4,0.19546,1,1,-0.0131701,0,-0.0463654
123.45,0.195391,1,1,-0.0133324,0,-0.0463481
123.5,0.195323,1,1,-0.0134944,0,-0.0463309
123.55,0.195254,1,1,-0.013656,0,-0.0462021
123.6,0.195185,1,1,-0.0138545,0,-0.0461839
123.65,0.195117,1,1,-0.0140154,0,-0.0461656
123.7,0.195048,1,1,-0.0142132,0,-0.0461474
123.75,0.194979,1,1,-0.0143734,0,-0.0461292
123.8,0.194911,1,1,-0.0145703,0,-0.046111
123.85,0.194842,1,1,-0.0147298,0,-0.0461052
123.9,0.194773,1,1,-0.014889,0,-0.0460832
123.95,0.194704,1,1,-0.0150479,0,-0.045954
124,0.194636,1,1,-0.0152064,0,-0.0459359
124.05,0.194567,1,1,-0.0153646,0,-0.0459301
124.1,0.194499,1,1,-0.0155225,0,-0.0459075
124.15,0.19443,1,1,-0.0156801,0,-0.0458898
124.2,0.194361,1,1,-0.0158374,0,-0.0458725
124.25,0.194293,1,1,-0.016031,0,-0.0458552
124.3,0.194224,1,1,-0.0161876,0,-0.0458378
124.35,0.194155,1,1,-0.0163805,0,-0.0458205
124.4,0.194087,1,1,-0.0165364,0,-0.0456917
124.45,0.194018,1,1,-0.0167285,0,-0.0456859
124.5,0.19395,1,1,-0.0168838,0,-0.0455566
124.55,0.193881,1,1,-0.0170387,0,-0.0455508
124.6,0.193813,1,1,-0.0171933,0,-0.0454215
124.65,0.193744,1,1,-0.0173476,0,-0.0454158
124.7,0.193675,1,1,-0.0175015,0,-0.045398
124.75,0.193607,1,1,-0.0176552,0,-0.0453754
124.8,0.193538,1,1,-0.0178086,0,-0.0453577
124.85,0.19347,1,1,-0.0179617,0,-0.0453405
124.9,0.193401,1,1,-0.0181506,0,-0.0453232
124.95,0.193333,1,1,-0.018303,0,-0.0453059
125,0.193264,1,1,-0.0184912,0,-0.0452886
125.05,0.193196,1,1,-0.018643,0,-0.0452713
125.1,0.193127,1,1,-0.0187944,0,-0.0452541
125.15,0.193059,1,1,-0.0189456,0,-0.0452315
125.2,0.19299,1,1,-0.0190964,0,-0.0452138
125.25,0.192922,1,1,-0.0192469,0,-0.0451966
125.3,0.192853,1,1,-0.0193972,0,-0.0451794
125.35,0.192785,1,1,-0.019583,0,-0.0451566
125.4,0.192717,1,1,-0.0197326,0,-0.0451344
125.45,0.192648,1,1,-0.0199177,0,-0.0450053
125.5,0.19258,1,1,-0.0200666,0,-0.0449995
125.55,0.192511,1,1,-0.020251,0,-0.0449822
125.6,0.192443,1,1,-0.0203993,0,-0.044965
125.65,0.192375,1,1,-0.0205472,0,-0.0449477
125.7,0.192306,1,1,-0.0206949,0,-0.0449305
125.75,0.192238,1,1,-0.0208424,0,-0.0449132
125.8,0.192169,1,1,-0.0209895,0,-0.044896
125.85,0.192101,1,1,-0.0211363,0,-0.0448787
125.9,0.192033,1,1,-0.0213183,0,-0.0448615
125.95,0.191964,1,1,-0.0214645,0,-0.0447327
126,0.191896,1,1,-0.0216458,0,-0.0447146
126.05,0.191828,1,1,-0.0217913,0,-0.0446964
126.1,0.191759,1,1,-0.0219365,0,-0.0446782
126.15,0.191691,1,1,-0.0220814,0,-0.0446724
126.2,0.191623,1,1,-0.022226,0,-0.0445432
126.25,0.191554,1,1,-0.0223703,0,-0.0445251
126.3,0.191486,1,1,-0.0225143,0,-0.0445069
126.35,0.191418,1,1,-0.0226931,0,-0.0444887
126.4,0.19135,1,1,-0.0228364,0,-0.0444829
126.45,0.191281,1,1,-0.0230145,0,-0.0443537
126.5,0.191213,1,1,-0.0231572,0,-0.0443357
126.55,0.191145,1,1,-0.0232995,0,-0.0443298
126.6,0.191077,1,1,-0.0234415,0,-0.0443079
126.65,0.191008,1,1,-0.0235832,0,-0.0441788
126.7,0.19094,1,1,-0.0237246,0,-0.044173
126.75,0.190872,1,1,-0.0238657,0,-0.0441558
126.8,0.190804,1,1,-0.0240413,0,-0.0441385
126.85,0.190735,1,1,-0.0241818,0,-0.0441212
126.9,0.190667,1,1,-0.0243567,0,-0.0441037
126.95,0.190599,1,1,-0.0244966,0,-0.0440863
127,0.190531,1,1,-0.0246361,0,-0.0440689
127.05,0.190463,1,1,-0.0247753,0,-0.0440515
127.1,0.190395,1,1,-0.0249143,0,-0.044034
127.15,0.190326,1,1,-0.0250876,0,-0.0440167
127.2,0.190258,1,1,-0.025226,0,-0.0439993
127.25,0.19019,1,1,-0.0253986,0,-0.0439818
127.3,0.190122,1,1,-0.0255364,0,-0.0438529
127.35,0.190054,1,1,-0.0256738,0,-0.0438346
127.4,0.189986,1,1,-0.025811,0,-0.0438163
127.45,0.189918,1,1,-0.0259479,0,-0.0438106
127.5,0.18985,1,1,-0.0260844,0,-0.0437885
127.55,0.189781,1,1,-0.0262207,0,-0.0437664
127.6,0.189713,1,1,-0.026391,0,-0.0437444
127.65,0.189645,1,1,-0.0265266,0,-0.0437224
127.7,0.189577,1,1,-0.0266619,0,-0.0437
127.75,0.189509,1,1,-0.0267969,0,-0.0436825
127.8,0.189441,1,1,-0.0269316,0,-0.0436654
127.85,0.189373,1,1,-0.027066,0,-0.0436482
127.9,0.189305,1,1,-0.0272001,0,-0.0436308
127.95,0.189237,1,1,-0.0273681,0,-0.0436134
128,0.189169,1,1,-0.0275017,0,-0.043596
128.05,0.189101,1,1,-0.0276349,0,-0.0435785
128.1,0.189033,1,1,-0.027768,0,-0.043561
128.15,0.188965,1,1,-0.0279007,0,-0.0435435
128.2,0.188897,1,1,-0.0280332,0,-0.0435261
128.25,0.188829,1,1,-0.0281654,0,-0.0435085
128.3,0.188761,1,1,-0.0283312,0,-0.0434911
128.35,0.188693,1,1,-0.0284628,0,-0.0434736
128.4,0.188625,1,1,-0.0285941,0,-0.0434561
128.45,0.188557,1,1,-0.0287252,0,-0.0434386
128.5,0.188489,1,1,-0.028856,0,-0.0434212
128.55,0.188421,1,1,-0.0289865,0,-0.0434037
128.6,0.188353,1,1,-0.0291168,0,-0.0433862
128.65,0.188286,1,1,-0.0292804,0,-0.0433687
128.7,0.188218,1,1,-0.0294101,0,-0.0433512
128.75,0.18815,1,1,-0.0295395,0,-0.0433338
128.8,0.188082,1,1,-0.0296687,0,-0.0432049
128.85,0.188014,1,1,-0.0297975,0,-0.0431865
128.9,0.187946,1,1,-0.0299262,0,-0.0431806
128.95,0.187878,1,1,-0.0300545,0,-0.0431586
129,0.18781,1,1,-0.0302159,0,-0.0431366
129.05,0.187743,1,1,-0.0303436,0,-0.0430072
129.1,0.187675,1,1,-0.030471,0,-0.0430014
129.15,0.187607,1,1,-0.0305981,0,-0.0429841
129.2,0.187539,1,1,-0.0307249,0,-0.0429667
129.25,0.187471,1,1,-0.0308848,0,-0.0429493
129.3,0.187403,1,1,-0.031011,0,-0.042932
129.35,0.187336,1,1,-0.031137,0,-0.0429096
129.4,0.187268,1,1,-0.0312627,0,-0.0428877
129.45,0.1872,1,1,-0.0313881,0,-0.0428657
129.5,0.187132,1,1,-0.0315133,0,-0.042848
129.55,0.187064,1,1,-0.0316383,0,-0.0428306
129.6,0.186997,1,1,-0.031796,0,-0.0428132
129.65,0.186929,1,1,-0.0319204,0,-0.0427958
129.7,0.186861,1,1,-0.0320445,0,-0.0427783
129.75,0.186793,1,1,-0.0321684,0,-0.0427608
129.8,0.186726,1,1,-0.032292,0,-0.0427433
129.85,0.186658,1,1,-0.0324482,0,-0.0427259
129.9,0.18659,1,1,-0.0325713,0,-0.0427085
129.95,0.186523,1,1,-0.032694,0,-0.042691
130,0.186455,1,1,-0.0328166,0,-0.0426736
130.05,0.186387,1,1,-0.0329389,0,-0.0426562
130.1,0.186319,1,1,-0.0330609,0,-0.0426387
130.15,0.186252,1,1,-0.0331827,0,-0.0425098
130.2,0.186184,1,1,-0.0333369,0,-0.0424914
130.25,0.186116,1,1,-0.0334581,0,-0.0424857
130.3,0.186049,1,1,-0.033579,0,-0.042464
130.35,0.185981,1,1,-0.0336997,0,-0.0423348
130.4,0.185914,1,1,-0.0338201,0,-0.0423166
130.45,0.185846,1,1,-0.0339727,0,-0.0423107
130.5,0.185778,1,1,-0.0340925,0,-0.0422933
130.55,0.185711,1,1,-0.0342121,0,-0.0422758
130.6,0.185643,1,1,-0.0343314,0,-0.0422584
130.65,0.185576,1,1,-0.0344504,0,-0.0422362
130.7,0.185508,1,1,-0.0346015,0,-0.0421067
130.75,0.18544,1,1,-0.03472,0,-0.0420885
130.8,0.185373,1,1,-0.0348382,0,-0.0420827
130.85,0.185305,1,1,-0.0349562,0,-0.0420653
130.9,0.185238,1,1,-0.035074,0,-0.042043
130.95,0.18517,1,1,-0.0352236,0,-0.042025
131,0.185103,1,1,-0.0353408,0,-0.0420076
131.05,0.185035,1,1,-0.0354577,0,-0.0419903
131.1,0.184967,1,1,-0.0355743,0,-0.0419728
131.15,0.1849,1,1,-0.0356908,0,-0.0418439
131.2,0.184832,1,1,-0.035839,0,-0.041838
131.25,0.184765,1,1,-0.0359549,0,-0.0417087
131.3,0.184697,1,1,-0.0360705,0,-0.0416904
131.35,0.18463,1,1,-0.0361859,0,-0.0416721
131.4,0.184563,1,1,-0.036301,0,-0.0416537
131.45,0.184495,1,1,-0.0364158,0,-0.0416354
131.5,0.184428,1,1,-0.0365304,0,-0.0416171
131.55,0.18436,1,1,-0.0366447,0,-0.0416113
131.6,0.184293,1,1,-0.0367587,0,-0.0415895
131.65,0.184225,1,1,-0.0368724,0,-0.0414604
131.7,0.184158,1,1,-0.0369859,0,-0.0414545
131.75,0.18409,1,1,-0.0370991,0,-0.0413252
131.8,0.184023,1,1,-0.0372121,0,-0.0413195
131.85,0.183956,1,1,-0.0373248,0,-0.0413017
131.9,0.183888,1,1,-0.0374373,0,-0.0412843
131.95,0.183821,1,1,-0.0375812,0,-0.0412619
132,0.183753,1,1,-0.0376931,0,-0.041244
132.05,0.183686,1,1,-0.0378048,0,-0.0412267
132.1,0.183619,1,1,-0.0379163,0,-0.0412094
132.15,0.183551,1,1,-0.0380276,0,-0.041192
132.2,0.183484,1,1,-0.0381701,0,-0.0411747
132.25,0.183417,1,1,-0.0382809,0,-0.0411573
132.3,0.183349,1,1,-0.0383914,0,-0.0411399
132.35,0.183282,1,1,-0.0385017,0,-0.0411227
132.4,0.183215,1,1,-0.0386117,0,-0.0411053
132.45,0.183147,1,1,-0.0387528,0,-0.0409765
132.5,0.18308,1,1,-0.0388624,0,-0.0409582
132.55,0.183013,1,1,-0.0389717,0,-0.0409524
132.6,0.182946,1,1,-0.0390807,0,-0.0408231
132.65,0.182878,1,1,-0.0391895,0,-0.0408049
132.7,0.182811,1,1,-0.0393292,0,-0.0407867
132.75,0.182744,1,1,-0.0394374,0,-0.0407809
132.8,0.182676,1,1,-0.0395454,0,-0.0406518
132.85,0.182609,1,1,-0.039653,0,-0.0406459
132.9,0.182542,1,1,-0.0397604,0,-0.0406237
132.95,0.182475,1,1,-0.0398986,0,-0.0406018
133,0.182408,1,1,-0.0400055,0,-0.0404729
133.05,0.18234,1,1,-0.040112,0,-0.040455
133.1,0.182273,1,1,-0.0402184,0,-0.0404492
133.15,0.182206,1,1,-0.0403245,0,-0.0404321
133.2,0.182139,1,1,-0.0404304,0,-0.0404095
133.25,0.182072,1,1,-0.040536,0,-0.0403919
133.3,0.182004,1,1,-0.0406414,0,-0.0403691
133.35,0.181937,1,1,-0.0407774,0,-0.0403515
133.4,0.18187,1,1,-0.0408824,0,-0.0403345
133.45,0.181803,1,1,-0.0409871,0,-0.0403172
133.5,0.181736,1,1,-0.0410916,0,-0.0403
133.55,0.181669,1,1,-0.0411959,0,-0.0402828
133.6,0.181602,1,1,-0.0413306,0,-0.0402655
133.65,0.181534,1,1,-0.0414344,0,-0.0402482
133.7,0.181467,1,1,-0.041538,0,-0.0402309
133.75,0.1814,1,1,-0.0416719,0,-0.0402136
133.8,0.181333,1,1,-0.041775,0,-0.0401963
133.85,0.181266,1,1,-0.0418779,0,-0.040179
133.9,0.181199,1,1,-0.0419806,0,-0.0401617
133.95,0.181132,1,1,-0.042083,0,-0.0401444
134,0.181065,1,1,-0.0422156,0,-0.0401271
134.05,0.180998,1,1,-0.0423176,0,-0.0401046
134.1,0.180931,1,1,-0.0424193,0,-0.0399753
134.15,0.180864,1,1,-0.0425209,0,-0.0399572
134.2,0.180797,1,1,-0.0426222,0,-0.039939
134.25,0.18073,1,1,-0.0427232,0,-0.0399209
134.3,0.180663,1,1,-0.0428241,0,-0.0399027
134.35,0.180596,1,1,-0.0429247,0,-0.0398845
134.4,0.180529,1,1,-0.0430552,0,-0.0398662
134.45,0.180462,1,1,-0.0431553,0,-0.0398481
134.5,0.180395,1,1,-0.043255,0,-0.0398299
134.55,0.180328,1,1,-0.0433546,0,-0.0398241
134.6,0.180261,1,1,-0.0434538,0,-0.0398024
134.65,0.180194,1,1,-0.0435529,0,-0.0396733
134.7,0.180127,1,1,-0.0436517,0,-0.0396553
134.75,0.18006,1,1,-0.0437502,0,-0.0396371
134.8,0.179993,1,1,-0.0438784,0,-0.0396189
134.85,0.179926,1,1,-0.0439765,0,-0.0396007
134.9,0.179859,1,1,-0.0440743,0,-0.0395825
134.95,0.179792,1,1,-0.0441718,0,-0.0395644
135,0.179725,1,1,-0.0442691,0,-0.0395462
135.05,0.179658,1,1,-0.0443661,0,-0.039528
135.1,0.179592,1,1,-0.0444629,0,-0.0395098
135.15,0.179525,1,1,-0.0445595,0,-0.039504
135.2,0.179458,1,1,-0.0446855,0,-0.0394823
135.25,0.179391,1,1,-0.0447815,0,-0.0393531
135.3,0.179324,1,1,-0.0448773,0,-0.0393351
135.35,0.179257,1,1,-0.0450024,0,-0.0393169
135.4,0.17919,1,1,-0.0450977,0,-0.0392987
135.45,0.179124,1,1,-0.0451927,0,-0.0392805
135.5,0.179057,1,1,-0.0452875,0,-0.0392622
135.55,0.17899,1,1,-0.0453821,0,-0.039244
135.6,0.178923,1,1,-0.0454765,0,-0.0392258
135.65,0.178856,1,1,-0.0455705,0,-0.0392076
135.7,0.17879,1,1,-0.0456644,0,-0.0391894
135.75,0.178723,1,1,-0.0457874,0,-0.0391712
135.8,0.178656,1,1,-0.0458807,0,-0.039153
135.85,0.178589,1,1,-0.0459738,0,-0.0391348
135.9,0.178523,1,1,-0.0460959,0,-0.0391166
135.95,0.178456,1,1,-0.0461885,0,-0.0390985
136,0.178389,1,1,-0.0462807,0,-0.0390803
136.05,0.178322,1,1,-0.0463728,0,-0.0390622
136.1,0.178256,1,1,-0.0464645,0,-0.039044
136.15,0.178189,1,1,-0.0465561,0,-0.0390259
136.2,0.178122,1,1,-0.0466474,0,-0.0390078
136.25,0.178055,1,1,-0.0467384,0,-0.0389897
136.3,0.177989,1,1,-0.0468584,0,-0.0389716
136.35,0.177922,1,1,-0.0469489,0,-0.0389535
136.4,0.177855,1,1,-0.0470392,0,-0.0389354
136.45,0.177789,1,1,-0.0471583,0,-0.0389174
136.5,0.177722,1,1,-0.0472481,0,-0.0388994
136.55,0.177655,1,1,-0.0473376,0,-0.0388813
136.6,0.177589,1,1,-0.0474268,0,-0.0388633
136.65,0.177522,1,1,-0.0475159,0,-0.0388452
136.7,0.177456,1,1,-0.0476047,0,-0.0388273
136.75,0.177389,1,1,-0.0476932,0,-0.0388092
136.8,0.177322,1,1,-0.0477815,0,-0.0387913
136.85,0.177256,1,1,-0.0478696,0,-0.0387733
136.9,0.177189,1,1,-0.0479574,0,-0.0387553
136.95,0.177123,1,1,-0.048045,0,-0.0387374
137,0.177056,1,1,-0.0481611,0,-0.0387195
137.05,0.176989,1,1,-0.0482482,0,-0.0387016
137.1,0.176923,1,1,-0.048335,0,-0.0386837
137.15,0.176856,1,1,-0.0484503,0,-0.0386658
137.2,0.17679,1,1,-0.0485366,0,-0.0386479
137.25,0.176268,1,1,-0.0486226,0,-0.03863
137.3,0.175747,1,1,-0.0487371,0,-0.0386122
137.35,0.175227,1,1,-0.0488226,0,-0.0385943
137.4,0.174707,1,1,-0.0489079,0,-0.0385765
137.45,0.174188,1,1,-0.0490215,0,-0.0385587
137.5,0.173669,1,1,-0.0491063,0,-0.0385409
137.55,0.173151,1,1,-0.0491909,0,-0.0385231
137.6,0.172633,1,1,-0.0492752,0,-0.0385053
137.65,0.172116,1,1,-0.0493593,0,-0.0384876
137.7,0.171599,1,1,-0.0494431,0,-0.0384698
137.75,0.171083,1,1,-0.0495267,0,-0.0384521
137.8,0.170568,1,1,-0.0496101,0,-0.0384344
137.85,0.170053,1,1,-0.0496932,0,-0.0384167
137.9,0.169538,1,1,-0.0497761,0,-0.0383991
137.95,0.169024,1,1,-0.0498588,0,-0.0383814
138,0.168511,1,1,-0.0499413,0,-0.0383638
138.05,0.167998,1,1,-0.0499413,0,-0.0383461
138.1,0.167486,1,1,-0.0499413,0,-0.0383285
138.15,0.224786,1,1,-0.0499413,0,-0.0383107
138.2,0.224172,1,1,-0.0499413,0,-0.0382929
138.25,0.223558,1,1,-0.0499413,0,-0.0382752
138.3,0.222945,1,1,-0.0499413,0,-0.0382575
138.35,0.222332,1,1,-0.0499413,0,-0.0382398
138.4,0.22172,1,1,-0.0499413,0,-0.0382221
138.45,0.221109,1,1,-0.0499413,0,-0.0382044
138.5,0.220498,1,1,-0.0499413,0,-0.0381868
138.55,0.219888,1,1,-0.0499413,0,-0.0381691
138.6,0.219279,1,1,-0.0499413,0,-0.0381515
138.65,0.21867,1,1,-0.0499413,0,-0.0381339
138.7,0.218062,1,1,-0.0499413,0,-0.0381163
138.75,0.217455,1,1,-0.0499413,0,-0.0380986
138.8,0.216848,1,1,-0.0499413,0,-0.0380811
138.85,0.216242,1,1,-0.0499413,0,-0.0380635
138.9,0.215636,1,1,-0.0499413,0,-0.0380459
138.95,0.215032,1,1,-0.0499413,0,-0.0380284
139,0.214428,1,1,-0.0499413,0,-0.0380109
139.05,0.213824,1,1,-0.0499413,0,-0.0379934
139.1,0.213221,1,1,-0.0499413,0,-0.037976
139.15,0.212619,1,1,-0.0499413,0,-0.0379584
139.2,0.212018,1,1,-0.0499413,0,-0.037941
139.25,0.211417,1,1,-0.0499413,0,-0.0379235
139.3,0.210817,1,1,-0.0499413,0,-0.037906
139.35,0.210218,1,1,-0.0499413,0,-0.0378887
139.4,0.209619,1,1,-0.0499413,0,-0.0378712
139.45,0.209021,1,1,-0.0499413,0,-0.0378538
139.5,0.208424,1,1,-0.0499413,0,-0.0378365
139.55,0.207827,1,1,-0.0499413,0,-0.037819
139.6,0.207231,1,1,-0.0499413,0,-0.0378017
139.65,0.206636,1,1,-0.0499413,0,-0.0377844
139.7,0.206041,1,1,-0.0499413,0,-0.037767
139.75,0.205447,1,1,-0.0499413,0,-0.0377496
139.8,0.204854,1,1,-0.0499413,0,-0.0377323
139.85,0.204261,1,1,-0.0499413,0,-0.037715
139.9,0.20367,1,1,-0.0499413,0,-0.0376977
139.95,0.203079,1,1,-0.0499413,0,-0.0376805
140,0.202488,1,1,-0.0499413,0,-0.0376632
140.05,0.201898,1,1,-0.0499413,0,-0.0376459
140.1,0.201309,1,1,-0.0499413,0,-0.0376286
140.15,0.200721,1,1,-0.0499413,0,-0.0376114
140.2,0.200133,1,1,-0.0499413,0,-0.0375941
140.25,0.199546,1,1,-0.0499413,0,-0.0375768
140.3,0.19896,1,1,-0.0499413,0,-0.0375595
140.35,0.198375,1,1,-0.0499413,0,-0.0375422
140.4,0.19779,1,1,-0.0499413,0,-0.0375249
140.45,0.197206,1,1,-0.0499413,0,-0.0375076
140.5,0.196623,1,1,-0.0499413,0,-0.0374903
140.55,0.19604,1,1,-0.0499413,0,-0.0374729
140.6,0.195458,1,1,-0.0499413,0,-0.0374555
140.65,0.194877,1,1,-0.0499413,0,-0.0374383
140.7,0.194297,1,1,-0.0499413,0,-0.0374209
140.75,0.193717,1,1,-0.0499413,0,-0.0374035
140.8,0.193138,1,1,-0.0499413,0,-0.0373861
140.85,0.19256,1,1,-0.0499413,0,-0.0373687
140.9,0.191983,1,1,-0.0499413,0,-0.0373513
140.95,0.191406,1,1,-0.0499413,0,-0.0373339
141,0.19083,1,1,-0.0499413,0,-0.0373165
141.05,0.190255,1,1,-0.0499413,0,-0.0372991
141.1,0.18968,1,1,-0.0499413,0,-0.0372817
141.15,0.189107,1,1,-0.0499413,0,-0.0372643
141.2,0.188534,1,1,-0.0499413,0,-0.0372468
141.25,0.187962,1,1,-0.0499413,0,-0.0372294
141.3,0.18739,1,1,-0.0499413,0,-0.0372119
141.35,0.18682,1,1,-0.0499413,0,-0.0371945
141.4,0.18625,1,1,-0.0499413,0,-0.037177
141.45,0.185681,1,1,-0.0499413,0,-0.0371595
141.5,0.185113,1,1,-0.0499413,0,-0.0371421
141.55,0.184545,1,1,-0.0499413,0,-0.0371246
141.6,0.183978,1,1,-0.0499413,0,-0.0371071
141.65,0.183412,1,1,-0.0499413,0,-0.0370896
141.7,0.182847,1,1,-0.0499413,0,-0.0370722
141.75,0.182283,1,1,-0.0499413,0,-0.0370546
141.8,0.181719,1,1,-0.0499413,0,-0.0370372
141.85,0.181156,1,1,-0.0499413,0,-0.0370196
141.9,0.180594,1,1,-0.0499413,0,-0.0370022
141.95,0.180033,1,1,-0.0499413,0,-0.0369846
142,0.179473,1,1,-0.0499413,0,-0.0369672
142.05,0.178913,1,1,-0.0499413,0,-0.0369497
142.1,0.178354,1,1,-0.0499413,0,-0.0369321
142.15,0.177796,1,1,-0.0499413,0,-0.0369147
142.2,0.177239,1,1,-0.0499413,0,-0.0368971
142.25,0.176683,1,1,-0.0499413,0,-0.0368796
142.3,0.176127,1,1,-0.0499413,0,-0.036862
142.35,0.175572,1,1,-0.0499413,0,-0.0368445
142.4,0.175018,1,1,-0.0499413,0,-0.036827
142.45,0.174465,1,1,-0.0499413,0,-0.0368094
142.5,0.173913,1,1,-0.0499413,0,-0.0367919
142.55,0.173362,1,1,-0.0499413,0,-0.0367743
142.6,0.172811,1,1,-0.0499413,0,-0.0367568
142.65,0.172261,1,1,-0.0499413,0,-0.0367393
142.7,0.171712,1,1,-0.0499413,0,-0.0367217
142.75,0.171164,1,1,-0.0499413,0,-0.0367042
142.8,0.170617,1,1,-0.0499413,0,-0.0366866
142.85,0.17007,1,1,-0.0499413,0,-0.0366691
142.9,0.169525,1,1,-0.0499413,0,-0.0366516
142.95,0.16898,1,1,-0.0499413,0,-0.036634
143,0.168436,1,1,-0.0499413,0,-0.0366164
143.05,0.167893,1,1,-0.0499413,0,-0.0365989
143.1,0.167351,1,1,-0.0499413,0,-0.0365813
143.15,0.166809,1,1,-0.0499413,0,-0.0365638
143.2,0.166269,1,1,-0.0499413,0,-0.0365462
143.25,0.165729,1,1,-0.0499413,0,-0.0365286
143.3,0.16519,1,1,-0.0499413,0,-0.0365111
143.35,0.164652,1,1,-0.0499413,0,-0.0364935
143.4,0.164115,1,1,-0.0499413,0,-0.036476
143.45,0.163579,1,1,-0.0499413,0,-0.0364584
143.5,0.163044,1,1,-0.0499413,0,-0.0364408
143.55,0.162509,1,1,-0.0499413,0,-0.0364233
143.6,0.161976,1,1,-0.0499413,0,-0.0364057
143.65,0.161443,1,1,-0.0499413,0,-0.0363881
143.7,0.160911,1,1,-0.0499413,0,-0.0363706
143.75,0.160381,1,1,-0.0499413,0,-0.036353
143.8,0.15985,1,1,-0.0499413,0,-0.0363354
143.85,0.159321,1,1,-0.0499413,0,-0.0363179
143.9,0.158793,1,1,-0.0499413,0,-0.0363003
143.95,0.158266,1,1,-0.0499413,0,-0.0362828
144,0.157739,1,1,-0.0499413,0,-0.0362652
144.05,0.157214,1,1,-0.0499413,0,-0.0362476
144.1,0.156689,1,1,-0.0499413,0,-0.0362301
144.15,0.156165,1,1,-0.0499413,0,-0.0362126
144.2,0.155642,1,1,-0.0499413,0,-0.036195
144.25,0.15512,1,1,-0.0499413,0,-0.0361775
144.3,0.154599,1,1,-0.0499413,0,-0.0361599
144.35,0.154079,1,1,-0.0499413,0,-0.0361423
144.4,0.15356,1,1,-0.0499413,0,-0.0361248
144.45,0.153041,1,1,-0.0499413,0,-0.0361072
144.5,0.152524,1,1,-0.0499413,0,-0.0360897
144.55,0.152007,1,1,-0.0499413,0,-0.0360721
144.6,0.151491,1,1,-0.0499413,0,-0.0360546
144.65,0.150977,1,1,-0.0499413,0,-0.0360372
144.7,0.150463,1,1,-0.0499413,0,-0.0360196
144.75,0.14995,1,1,-0.0499413,0,-0.0360021
144.8,0.149438,1,1,-0.0499413,0,-0.0359845
144.85,0.148927,1,1,-0.0499413,0,-0.035967
144.9,0.148417,1,1,-0.0499413,0,-0.0359495
144.95,0.147907,1,1,-0.0499413,0,-0.035932
145,0.147399,1,1,-0.0499413,0,-0.0359145
145.05,0.146892,1,1,-0.0499413,0,-0.035897
145.1,0.146385,1,1,-0.0499413,0,-0.0358795
145.15,0.14588,1,1,-0.0499413,0,-0.035862
145.2,0.145375,1,1,-0.0499413,0,-0.0358445
145.25,0.144871,1,1,-0.0499413,0,-0.035827
145.3,0.144369,1,1,-0.0499413,0,-0.0358095
145.35,0.143867,1,1,-0.0499413,0,-0.035792
145.4,0.143366,1,1,-0.0499413,0,-0.0357745
145.45,0.142866,1,1,-0.0499413,0,-0.035757
145.5,0.142367,1,1,-0.0499413,0,-0.0357396
145.55,0.141869,1,1,-0.0499413,0,-0.0357221
145.6,0.141372,1,1,-0.0499413,0,-0.0357046
145.65,0.140875,1,1,-0.0499413,0,-0.0356871
145.7,0.14038,1,1,-0.0499413,0,-0.0356697
145.75,0.139886,1,1,-0.0499413,0,-0.0356522
145.8,0.139393,1,1,-0.0499413,0,-0.0356347
145.85,0.1389,1,1,-0.0499413,0,-0.0356173
145.9,0.138409,1,1,-0.0499413,0,-0.0355998
145.95,0.137918,1,1,-0.0499413,0,-0.0355824
146,0.137429,1,1,-0.0499413,0,-0.0355649
146.05,0.13694,1,1,-0.0499413,0,-0.0355475
146.1,0.136452,1,1,-0.0499413,0,-0.03553
146.15,0.135966,1,1,-0.0499413,0,-0.0355126
146.2,0.13548,1,1,-0.0499413,0,-0.0354951
146.25,0.134995,1,1,-0.0499413,0,-0.0354776
146.3,0.134511,1,1,-0.0499413,0,-0.0354602
146.35,0.134028,1,1,-0.0499413,0,-0.0354427
146.4,0.133546,1,1,-0.0499413,0,-0.0354253
146.45,0.133065,1,1,-0.0499413,0,-0.0354079
146.5,0.132585,1,1,-0.0499413,0,-0.0353904
146.55,0.132106,1,1,-0.0499413,0,-0.035373
146.6,0.131628,1,1,-0.0499413,0,-0.0353556
146.65,0.131151,1,1,-0.0499413,0,-0.0353382
146.7,0.130674,1,1,-0.0499413,0,-0.0353207
146.75,0.130199,1,1,-0.0499413,0,-0.0353033
146.8,0.129725,1,1,-0.0499413,0,-0.0352859
146.85,0.129251,1,1,-0.0499413,0,-0.0352685
146.9,0.128779,1,1,-0.0499413,0,-0.035251
146.95,0.128308,1,1,-0.0499413,0,-0.0352337
147,0.127837,1,1,-0.0499413,0,-0.0352162
147.05,0.127368,1,1,-0.0499413,0,-0.0351988
147.1,0.126899,1,1,-0.0499413,0,-0.0351814
147.15,0.126431,1,1,-0.0499413,0,-0.035164
147.2,0.125965,1,1,-0.0499413,0,-0.0351466
147.25,0.125499,1,1,-0.0499413,0,-0.0351292
147.3,0.125034,1,1,-0.0499413,0,-0.0351118
147.35,0.12457,1,1,-0.0499413,0,-0.0350944
147.4,0.124108,1,1,-0.0499413,0,-0.035077
147.45,0.123646,1,1,-0.0499413,0,-0.0350596
147.5,0.123185,1,1,-0.0499413,0,-0.0350422
147.55,0.122725,1,1,-0.0499413,0,-0.0350249
147.6,0.122266,1,1,-0.0499413,0,-0.0350075
147.65,0.121808,1,1,-0.0499413,0,-0.0349901
147.7,0.121351,1,1,-0.0499413,0,-0.0349728
147.75,0.120895,1,1,-0.0499413,0,-0.0349554
147.8,0.12044,1,1,-0.0499413,0,-0.034938
147.85,0.119986,1,1,-0.0499413,0,-0.0349206
147.9,0.119532,1,1,-0.0499413,0,-0.0349033
147.95,0.11908,1,1,-0.0499413,0,-0.0348859
148,0.118629,1,1,-0.0499413,0,-0.0348685
148.05,0.118179,1,1,-0.0499413,0,-0.0348512
148.1,0.117729,1,1,-0.0499413,0,-0.0348339
148.15,0.117281,1,1,-0.0499413,0,-0.0348165
148.2,0.116833,1,1,-0.0499413,0,-0.0347991
148.25,0.116387,1,1,-0.0499413,0,-0.0347818
148.3,0.115941,1,1,-0.0499413,0,-0.0347645
148.35,0.115497,1,1,-0.0499413,0,-0.0347472
148.4,0.115053,1,1,-0.0499413,0,-0.0347298
148.45,0.114611,1,1,-0.0499413,0,-0.0347125
148.5,0.114169,1,1,-0.0499413,0,-0.0346951
148.55,0.113728,1,1,-0.0499413,0,-0.0346779
148.6,0.113289,1,1,-0.0499413,0,-0.0346605
148.65,0.11285,1,1,-0.0499413,0,-0.0346432
148.7,0.112412,1,1,-0.0499413,0,-0.0346258
148.75,0.111975,1,1,-0.0499413,0,-0.0346085
148.8,0.111539,1,1,-0.0499413,0,-0.0345912
148.85,0.111104,1,1,-0.0499413,0,-0.0345739
148.9,0.11067,1,1,-0.0499413,0,-0.0345566
148.95,0.110237,1,1,-0.0499413,0,-0.0345393
149,0.109805,1,1,-0.0499413,0,-0.0345219
149.05,0.109374,1,1,-0.0499413,0,-0.0345046
149.1,0.108944,1,1,-0.0499413,0,-0.0344873
149.15,0.108515,1,1,-0.0499413,0,-0.0344701
149.2,0.108087,1,1,-0.0499413,0,-0.0344527
149.25,0.107659,1,1,-0.0499413,0,-0.0344354
149.3,0.107233,1,1,-0.0499413,0,-0.0344181
149.35,0.106808,1,1,-0.0499413,0,-0.0344008
149.4,0.106383,1,1,-0.0499413,0,-0.0343835
149.45,0.10596,1,1,-0.0499413,0,-0.0343662
149.5,0.105537,1,1,-0.0499413,0,-0.0343489
149.55,0.105116,1,1,-0.0499413,0,-0.0343316
149.6,0.104695,1,1,-0.0499413,0,-0.0343143
149.65,0.104276,1,1,-0.0499413,0,-0.034297
149.7,0.103857,1,1,-0.0499413,0,-0.0342797
149.75,0.103439,1,1,-0.0499413,0,-0.0342624
149.8,0.103022,1,1,-0.0499413,0,-0.0342451
149.85,0.102606,1,1,-0.0499413,0,-0.0342279
149.9,0.102192,1,1,-0.0499413,0,-0.0342105
149.95,0.101778,1,1,-0.0499413,0,-0.0341932
150,0.101365,1,1,-0.0499413,0,-0.0341759
150.05,0.100953,1,1,-0.0499413,0,-0.0341586
150.1,0.100541,1,1,-0.0499413,0,-0.0341413
150.15,0.100131,1,1,-0.0499413,0,-0.034124
150.2,0.099722,1,1,-0.0499413,0,-0.0341067
150.25,0.0993137,1,1,-0.0499413,0,-0.0340895
150.3,0.0989064,1,1,-0.0499413,0,-0.0340722
150.35,0.0985,1,1,-0.0499413,0,-0.0340549
150.4,0.0980945,1,1,-0.0499413,0,-0.0340377
150.45,0.09769,1,1,-0.0499413,0,-0.0340204
150.5,0.0972864,1,1,-0.0499413,0,-0.0340031
150.55,0.0968838,1,1,-0.0499413,0,-0.0339858
150.6,0.096482,1,1,-0.0499413,0,-0.0339685
150.65,0.0960813,1,1,-0.0499413,0,-0.0339512
150.7,0.0956814,1,1,-0.0499413,0,-0.033934
150.75,0.0952825,1,1,-0.0499413,0,-0.0339167
150.8,0.0948846,1,1,-0.0499413,0,-0.0338994
150.85,0.0944875,1,1,-0.0499413,0,-0.0338821
150.9,0.0940914,1,1,-0.0499413,0,-0.0338648
150.95,0.0936963,1,1,-0.0499413,0,-0.0338476
151,0.093302,1,1,-0.0499413,0,-0.0338303
151.05,0.0929087,1,1,-0.0499413,0,-0.033813
151.1,0.0925163,1,1,-0.0499413,0,-0.0337957
151.15,0.0921249,1,1,-0.0499413,0,-0.0337784
151.2,0.0917344,1,1,-0.0499413,0,-0.0337612
151.25,0.0913448,1,1,-0.0499413,0,-0.0337439
151.3,0.0909561,1,1,-0.0499413,0,-0.0337267
151.35,0.0905683,1,1,-0.0499413,0,-0.0337094
151.4,0.0901815,1,1,-0.0499413,0,-0.0336921
151.45,0.0897956,1,1,-0.0499413,0,-0.0336748
151.5,0.0894106,1,1,-0.0499413,0,-0.0336576
151.55,0.0890265,1,1,-0.0499413,0,-0.0336403
151.6,0.0886434,1,1,-0.0499413,0,-0.033623
151.65,0.0882612,1,1,-0.0499413,0,-0.0336057
151.7,0.0878799,1,1,-0.0499413,0,-0.0335884
151.75,0.0874995,1,1,-0.0499413,0,-0.0335712
151.8,0.08712,1,1,-0.0499413,0,-0.0335539
151.85,0.0867414,1,1,-0.0499413,0,-0.0335367
151.9,0.0863638,1,1,-0.0499413,0,-0.0335194
151.95,0.085987,1,1,-0.0499413,0,-0.0335022
152,0.0856112,1,1,-0.0499413,0,-0.0334849
152.05,0.0852363,1,1,-0.0499413,0,-0.0334676
152.1,0.0848623,1,1,-0.0499413,0,-0.0334503
152.15,0.0844892,1,1,-0.0499413,0,-0.0334331
152.2,0.084117,1,1,-0.0499413,0,-0.0334158
152.25,0.0837457,1,1,-0.0499413,0,-0.0333985
152.3,0.0833753,1,1,-0.0499413,0,-0.0333812
152.35,0.0830059,1,1,-0.0499413,0,-0.033364
152.4,0.0826373,1,1,-0.0499413,0,-0.0333467
152.45,0.0822696,1,1,-0.0499413,0,-0.0333295
152.5,0.0819028,1,1,-0.0499413,0,-0.0333122
152.55,0.0815369,1,1,-0.0499413,0,-0.033295
152.6,0.081172,1,1,-0.0499413,0,-0.0332777
152.65,0.0808079,1,1,-0.0499413,0,-0.0332604
152.7,0.0804447,1,1,-0.0499413,0,-0.0332431
152.75,0.0800824,1,1,-0.0499413,0,-0.0332259
152.8,0.079721,1,1,-0.0499413,0,-0.0332086
152.85,0.0793605,1,1,-0.0499413,0,-0.0331913
152.9,0.0790009,1,1,-0.0499413,0,-0.033174
152.95,0.0786421,1,1,-0.0499413,0,-0.0331568
153,0.0782843,1,1,-0.0499413,0,-0.0331395
153.05,0.0779273,1,1,-0.0499413,0,-0.0331222
153.1,0.0775713,1,1,-0.0499413,0,-0.033105
153.15,0.0772161,1,1,-0.0499413,0,-0.0330878
153.2,0.0768618,1,1,-0.0499413,0,-0.0330705
153.25,0.0765084,1,1,-0.0499413,0,-0.0330532
153.3,0.0761558,1,1,-0.0499413,0,-0.0330359
153.35,0.0758042,1,1,-0.0499413,0,-0.0330187
153.4,0.0754534,1,1,-0.0499413,0,-0.0330014
153.45,0.0751035,1,1,-0.0499413,0,-0.0329841
153.5,0.0747545,1,1,-0.0499413,0,-0.0329668
153.55,0.0744063,1,1,-0.0499413,0,-0.0329496
153.6,0.074059,1,1,-0.0499413,0,-0.0329323
153.65,0.0737126,1,1,-0.0499413,0,-0.032915
153.7,0.0733671,1,1,-0.0499413,0,-0.0328977
153.75,0.0730224,1,1,-0.0499413,0,-0.0328805
153.8,0.0726786,1,1,-0.0499413,0,-0.0328633
153.85,0.0723357,1,1,-0.0499413,0,-0.032846
153.9,0.0719936,1,1,-0.0499413,0,-0.0328287
153.95,0.0716524,1,1,-0.0499413,0,-0.0328114
154,0.0713121,1,1,-0.0499413,0,-0.0327942
154.05,0.0709726,1,1,-0.0499413,0,-0.0327884
154.1,0.070634,1,1,-0.0499413,0,-0.0327657
154.15,0.0702963,1,1,-0.0499413,0,-0.032743
154.2,0.0699594,1,1,-0.0499413,0,-0.0327203
154.25,0.0696234,1,1,-0.0499413,0,-0.0325923
154.3,0.0692882,1,1,-0.0499413,0,-0.0325865
154.35,0.0689538,1,1,-0.0499413,0,-0.0324583
154.4,0.0686201,1,1,-0.0499413,0,-0.032441
154.45,0.0682872,1,1,-0.0499413,0,-0.0324237
154.5,0.0679551,1,1,-0.0499413,0,-0.0324064
154.55,0.0676237,1,1,-0.0499413,0,-0.032389
154.6,0.0672932,1,1,-0.0499413,0,-0.0323716
154.65,0.0669636,1,1,-0.0499413,0,-0.0323543
154.7,0.0666348,1,1,-0.0499413,0,-0.0323368
154.75,0.0663069,1,1,-0.0499413,0,-0.0323194
154.8,0.0659799,1,1,-0.0499413,0,-0.0323021
154.85,0.0656538,1,1,-0.0499413,0,-0.0322846
154.9,0.0653285,1,1,-0.0499413,0,-0.0322672
154.95,0.0650041,1,1,-0.0499413,0,-0.0322498
155,0.0646807,1,1,-0.0499413,0,-0.0322323
155.05,0.064358,1,1,-0.0499413,0,-0.0322149
155.1,0.0640362,1,1,-0.0499413,0,-0.0321974
155.15,0.0637153,1,1,-0.0499413,0,-0.03218
155.2,0.0636641,1,1,-0.0499413,0,-0.0321625
155.25,0.0636129,1,1,-0.0499413,0,-0.032145
155.3,0.0635618,1,1,-0.0499413,0,-0.0321276
155.35,0.0635106,1,1,-0.0499413,0,-0.0321101
155.4,0.0634595,1,1,-0.0499413,0,-0.0320927
155.45,0.0634083,1,1,-0.0499413,0,-0.0320751
155.5,0.0633572,1,1,-0.0499413,0,-0.0320577
155.55,0.0633061,1,1,-0.0499413,0,-0.0320401
155.6,0.063255,1,1,-0.0499413,0,-0.0320227
155.65,0.0632039,1,1,-0.0499413,0,-0.0320051
155.7,0.0631528,1,1,-0.0499413,0,-0.0319877
155.75,0.0631017,1,1,-0.0499413,0,-0.0319701
155.8,0.0630507,1,1,-0.0499413,0,-0.0319526
155.85,0.0629996,1,1,-0.0499413,0,-0.0319352
155.9,0.0629485,1,1,-0.0499413,0,-0.0319176
155.95,0.0628975,1,1,-0.0499413,0,-0.0319001
156,0.0628464,1,1,-0.0499413,0,-0.0318825
156.05,0.0627954,1,1,-0.0499413,0,-0.031865
156.1,0.0627444,1,1,-0.0499413,0,-0.0318474
156.15,0.0626933,1,1,-0.0499413,0,-0.03183
156.2,0.0626423,1,1,-0.0499413,0,-0.0318125
156.25,0.0625913,1,1,-0.0499413,0,-0.0317949
156.3,0.0625403,1,1,-0.0499413,0,-0.0317774
156.35,0.0624893,1,1,-0.0499413,0,-0.0317598
156.4,0.0624383,1,1,-0.0499413,0,-0.0317423
156.45,0.0623874,1,1,-0.0499413,0,-0.0317248
156.5,0.0623364,1,1,-0.0499413,0,-0.0317072
156.55,0.0622855,1,1,-0.0499413,0,-0.0316897
156.6,0.0622345,1,1,-0.0499413,0,-0.0316721
156.65,0.0621836,1,1,-0.0499413,0,-0.0316546
156.7,0.0621326,1,1,-0.0499413,0,-0.0316371
156.75,0.0620817,1,1,-0.0499413,0,-0.0316195
156.8,0.0620308,1,1,-0.0499413,0,-0.031602
156.85,0.0619799,1,1,-0.0499413,0,-0.0315844
156.9,0.061929,1,1,-0.0499413,0,-0.0315669
156.95,0.0618781,1,1,-0.0499413,0,-0.0315494
157,0.0618272,1,1,-0.0499413,0,-0.0315318
157.05,0.0617763,1,1,-0.0499413,0,-0.0315143
157.1,0.0617255,1,1,-0.0499413,0,-0.0314967
157.15,0.0616746,1,1,-0.0499413,0,-0.0314792
157.2,0.0616237,1,1,-0.0499413,0,-0.0314617
157.25,0.0615729,1,1,-0.0499413,0,-0.0314441
157.3,0.0615221,1,1,-0.0499413,0,-0.0314267
157.35,0.0614712,1,1,-0.0499413,0,-0.0314091
157.4,0.0614204,1,1,-0.0499413,0,-0.0313916
157.45,0.0613696,1,1,-0.0499413,0,-0.031374
157.5,0.0613188,1,1,-0.0499413,0,-0.0313566
157.55,0.061268,1,1,-0.0499413,0,-0.0313507
157.6,0.0612172,1,1,-0.0499413,0,-0.0313291
157.65,0.0611664,1,1,-0.0499413,0,-0.0312008
157.7,0.0611157,1,1,-0.0499413,0,-0.0311834
157.75,0.0610649,1,1,-0.0499413,0,-0.0311659
157.8,0.0610142,1,1,-0.0499413,0,-0.0311484
157.85,0.0609634,1,1,-0.0499413,0,-0.0311308
157.9,0.0609126,1,1,-0.0499413,0,-0.0311132
157.95,0.0608619,1,1,-0.0499413,0,-0.0310957
158,0.0608112,1,1,-0.0499413,0,-0.0310781
158.05,0.0607605,1,1,-0.0499413,0,-0.0310606
158.1,0.0607098,1,1,-0.0499413,0,-0.031043
158.15,0.0606591,1,1,-0.0499413,0,-0.0310255
158.2,0.0606084,1,1,-0.0499413,0,-0.031008
158.25,0.0605577,1,1,-0.0499413,0,-0.0309904
158.3,0.060507,1,1,-0.0499413,0,-0.0309728
158.35,0.0604563,1,1,-0.0499413,0,-0.0309553
158.4,0.0604057,1,1,-0.0499413,0,-0.0309377
158.45,0.060355,1,1,-0.0499413,0,-0.0309202
158.5,0.0603044,1,1,-0.0499413,0,-0.0309026
158.55,0.0602537,1,1,-0.0499413,0,-0.0308851
158.6,0.0602031,1,1,-0.0499413,0,-0.0308676
158.65,0.0601525,1,1,-0.0499413,0,-0.03085
158.7,0.0601019,1,1,-0.0499413,0,-0.0308325
158.75,0.0600513,1,1,-0.0499413,0,-0.0308149
158.8,0.0600007,1,1,-0.0499413,0,-0.0307974
158.85,0.0599501,1,1,-0.0499413,0,-0.0307799
158.9,0.0598995,1,1,-0.0499413,0,-0.0307623
158.95,0.0598489,1,1,-0.0499413,0,-0.0307448
159,0.0597984,1,1,-0.0499413,0,-0.0307272
159.05,0.0597478,1,1,-0.0499413,0,-0.0307097
159.1,0.0596973,1,1,-0.0499413,0,-0.0306922
159.15,0.0596467,1,1,-0.0499413,0,-0.0306746
159.2,0.0595962,1,1,-0.0499413,0,-0.0306688
159.25,0.0595457,1,1,-0.0499413,0,-0.0305404
159.3,0.0594952,1,1,-0.0499413,0,-0.030523
159.35,0.0594447,1,1,-0.0499413,0,-0.0305055
159.4,0.0593941,1,1,-0.0499413,0,-0.030488
159.45,0.0593437,1,1,-0.0499413,0,-0.0304705
159.5,0.0592932,1,1,-0.0499413,0,-0.0304531
159.55,0.0592427,1,1,-0.0499413,0,-0.0304356
159.6,0.0591922,1,1,-0.0499413,0,-0.0304182
159.65,0.0591418,1,1,-0.0499413,0,-0.0304006
159.7,0.0590913,1,1,-0.0499413,0,-0.0303832
159.75,0.0590409,1,1,-0.0499413,0,-0.0303657
159.8,0.0589904,1,1,-0.0499413,0,-0.0303482
159.85,0.05894,1,1,-0.0499413,0,-0.0303308
159.9,0.0588896,1,1,-0.0499413,0,-0.0303133
159.95,0.0588392,1,1,-0.0499413,0,-0.0302958
160,0.0587888,1,1,-0.0499413,0,-0.0302783
160.05,0.0587384,1,1,-0.0499413,0,-0.0302609
160.1,0.058688,1,1,-0.0499413,0,-0.0302434
160.15,0.0586376,1,1,-0.0499413,0,-0.030226
160.2,0.0585872,1,1,-0.0499413,0,-0.0302085
160.25,0.0585368,1,1,-0.0499413,0,-0.0301911
160.3,0.0584865,1,1,-0.0499413,0,-0.0301853
160.35,0.0584361,1,1,-0.0499413,0,-0.0301635
160.4,0.0583858,1,1,-0.0499413,0,-0.030142
160.45,0.0583355,1,1,-0.0499413,0,-0.0300136
160.5,0.0582852,1,1,-0.0499413,0,-0.0299963
160.55,0.0582348,1,1,-0.0499413,0,-0.0299787
160.6,0.0581845,1,1,-0.0499413,0,-0.0299612
160.65,0.0581342,1,1,-0.0499413,0,-0.0299436
160.7,0.0580839,1,1,-0.0499413,0,-0.0299261
160.75,0.0580337,1,1,-0.0499413,0,-0.0299086
160.8,0.0579834,1,1,-0.0499413,0,-0.029891
160.85,0.0579331,1,1,-0.0499413,0,-0.0298735
160.9,0.0578829,1,1,-0.0499413,0,-0.0298559
160.95,0.0578326,1,1,-0.0499413,0,-0.0298383
161,0.0577823,1,1,-0.0499413,0,-0.0298208
161.05,0.0577321,1,1,-0.0499413,0,-0.0298032
161.1,0.0576819,1,1,-0.0499413,0,-0.0297857
161.15,0.0576317,1,1,-0.0499413,0,-0.0297682
161.2,0.0575815,1,1,-0.0499413,0,-0.0297505
161.25,0.0575312,1,1,-0.0499413,0,-0.029733
161.3,0.057481,1,1,-0.0499413,0,-0.0297155
161.35,0.0574308,1,1,-0.0499413,0,-0.0296979
161.4,0.0573807,1,1,-0.0499413,0,-0.0296804
161.45,0.0573305,1,1,-0.0499413,0,-0.0296628
161.5,0.0572803,1,1,-0.0499413,0,-0.0296452
161.55,0.0572302,1,1,-0.0499413,0,-0.0296277
161.6,0.05718,1,1,-0.0499413,0,-0.0296101
161.65,0.0571299,1,1,-0.0499413,0,-0.0295926
161.7,0.0570798,1,1,-0.0499413,0,-0.0295751
161.75,0.0570296,1,1,-0.0499413,0,-0.0295574
161.8,0.0569795,1,1,-0.0499413,0,-0.0295399
161.85,0.0569294,1,1,-0.0499413,0,-0.0295224
161.9,0.0568793,1,1,-0.0499413,0,-0.0295048
161.95,0.0568292,1,1,-0.0499413,0,-0.0294873
162,0.0567791,1,1,-0.0499413,0,-0.0294697
162.05,0.0567291,1,1,-0.0499413,0,-0.0294522
162.1,0.056679,1,1,-0.0499413,0,-0.0294347
162.15,0.0566289,1,1,-0.0499413,0,-0.0294171
162.2,0.0565789,1,1,-0.0499413,0,-0.0293996
162.25,0.0565288,1,1,-0.0499413,0,-0.029382
162.3,0.0564788,1,1,-0.0499413,0,-0.0293645
162.35,0.0564288,1,1,-0.0499413,0,-0.029347
162.4,0.0563787,1,1,-0.0499413,0,-0.0293294
162.45,0.0563287,1,1,-0.0499413,0,-0.0293119
162.5,0.0562787,1,1,-0.0499413,0,-0.0293061
162.55,0.0562287,1,1,-0.0499413,0,-0.0292846
162.6,0.0561787,1,1,-0.0499413,0,-0.0291563
162.65,0.0561288,1,1,-0.0499413,0,-0.0291389
162.7,0.0560788,1,1,-0.0499413,0,-0.0291214
162.75,0.0560288,1,1,-0.0499413,0,-0.0291039
162.8,0.0559789,1,1,-0.0499413,0,-0.0290865
162.85,0.0559289,1,1,-0.0499413,0,-0.0290689
162.9,0.055879,1,1,-0.0499413,0,-0.0290515
162.95,0.0558291,1,1,-0.0499413,0,-0.029034
163,0.0557791,1,1,-0.0499413,0,-0.0290165
163.05,0.0557292,1,1,-0.0499413,0,-0.028999
163.1,0.0556793,1,1,-0.0499413,0,-0.0289816
163.15,0.0556294,1,1,-0.0499413,0,-0.028964
163.2,0.0555795,1,1,-0.0499413,0,-0.0289582
163.25,0.0555296,1,1,-0.0499413,0,-0.0288298
163.3,0.0554797,1,1,-0.0499413,0,-0.0288124
163.35,0.0554299,1,1,-0.0499413,0,-0.0287949
163.4,0.05538,1,1,-0.0499413,0,-0.0287774
163.45,0.0553301,1,1,-0.0499413,0,-0.0287599
163.5,0.0552803,1,1,-0.0499413,0,-0.0287425
163.55,0.0552305,1,1,-0.0499413,0,-0.028725
163.6,0.0551806,1,1,-0.0499413,0,-0.0287075
163.65,0.0551308,1,1,-0.0499413,0,-0.0287017
163.7,0.055081,1,1,-0.0499413,0,-0.0285733
163.75,0.0550312,1,1,-0.0499413,0,-0.0285559
163.8,0.0549814,1,1,-0.0499413,0,-0.0285384
163.85,0.0549316,1,1,-0.0499413,0,-0.028521
163.9,0.0548818,1,1,-0.0499413,0,-0.0285035
163.95,0.0548321,1,1,-0.0499413,0,-0.0284861
164,0.0547823,1,1,-0.0499413,0,-0.0284686
164.05,0.0547325,1,1,-0.0499413,0,-0.0284628
164.1,0.0546828,1,1,-0.0499413,0,-0.0283344
164.15,0.0546331,1,1,-0.0499413,0,-0.028317
164.2,0.0545833,1,1,-0.0499413,0,-0.0282996
164.25,0.0545336,1,1,-0.0499413,0,-0.0282821
164.3,0.0544839,1,1,-0.0499413,0,-0.0282647
164.35,0.0544342,1,1,-0.0499413,0,-0.0282472
164.4,0.0543844,1,1,-0.0499413,0,-0.0282298
164.45,0.0543348,1,1,-0.0499413,0,-0.0282123
164.5,0.0542851,1,1,-0.0499413,0,-0.0281949
164.55,0.0542354,1,1,-0.0499413,0,-0.0281774
164.6,0.0541857,1,1,-0.0499413,0,-0.0281599
164.65,0.0541361,1,1,-0.0499413,0,-0.0281425
164.7,0.0540864,1,1,-0.0499413,0,-0.028125
164.75,0.0540368,1,1,-0.0499413,0,-0.0281075
164.8,0.0539871,1,1,-0.0499413,0,-0.02809
164.85,0.0539375,1,1,-0.0499413,0,-0.0280726
164.9,0.0538879,1,1,-0.0499413,0,-0.0280551
164.95,0.0538383,1,1,-0.0499413,0,-0.0280377
165,0.0537887,1,1,-0.0499413,0,-0.0280201
165.05,0.0537391,1,1,-0.0499413,0,-0.0280027
165.1,0.0536895,1,1,-0.0499413,0,-0.0279852
165.15,0.0536399,1,1,-0.0499413,0,-0.0279678
165.2,0.0535903,1,1,-0.0499413,0,-0.027962
165.25,0.0535408,1,1,-0.0499413,0,-0.0278336
165.3,0.0534912,1,1,-0.0499413,0,-0.0278278
165.35,0.0534417,1,1,-0.0499413,0,-0.027806
165.4,0.0533921,1,1,-0.0499413,0,-0.0276778
165.45,0.0533426,1,1,-0.0499413,0,-0.0276604
165.5,0.0532931,1,1,-0.0499413,0,-0.0276431
165.55,0.0532436,1,1,-0.0499413,0,-0.0276256
165.6,0.053194,1,1,-0.0499413,0,-0.0276081
165.65,0.0531446,1,1,-0.0499413,0,-0.0275907
165.7,0.0530951,1,1,-0.0499413,0,-0.0275732
165.75,0.0530456,1,1,-0.0499413,0,-0.0275558
165.8,0.0529961,1,1,-0.0499413,0,-0.0275382
165.85,0.0529466,1,1,-0.0499413,0,-0.0275208
165.9,0.0528972,1,1,-0.0499413,0,-0.0275033
165.95,0.0528477,1,1,-0.0499413,0,-0.0274858
166,0.0527983,1,1,-0.0499413,0,-0.0274683
166.05,0.0527488,1,1,-0.0499413,0,-0.0274508
166.1,0.0526994,1,1,-0.0499413,0,-0.0274333
166.15,0.05265,1,1,-0.0499413,0,-0.0274158
166.2,0.0526005,1,1,-0.0499413,0,-0.0273983
166.25,0.0525512,1,1,-0.0499413,0,-0.0273808
166.3,0.0525018,1,1,-0.0499413,0,-0.0273633
166.35,0.0524524,1,1,-0.0499413,0,-0.0273458
166.4,0.052403,1,1,-0.0499413,0,-0.0273283
166.45,0.0523536,1,1,-0.0499413,0,-0.0273107
166.5,0.0523043,1,1,-0.0499413,0,-0.0272933
166.55,0.0522549,1,1,-0.0499413,0,-0.0272757
166.6,0.0522055,1,1,-0.0499413,0,-0.0272582
166.65,0.0521562,1,1,-0.0499413,0,-0.0272406
166.7,0.0521069,1,1,-0.0499413,0,-0.0272232
166.75,0.0520575,1,1,-0.0499413,0,-0.0272056
166.8,0.0520082,1,1,-0.0499413,0,-0.0271881
166.85,0.0519589,1,1,-0.0499413,0,-0.0271706
166.9,0.0519096,1,1,-0.0499413,0,-0.027153
166.95,0.0518603,1,1,-0.0499413,0,-0.0271356
167,0.051811,1,1,-0.0499413,0,-0.027118
167.05,0.0517618,1,1,-0.0499413,0,-0.0271005
167.1,0.0517125,1,1,-0.0499413,0,-0.027083
167.15,0.0516632,1,1,-0.0499413,0,-0.0270654
167.2,0.051614,1,1,-0.0499413,0,-0.027048
167.25,0.0515647,1,1,-0.0499413,0,-0.0270304
167.3,0.0515155,1,1,-0.0499413,0,-0.0270129
167.35,0.0514663,1,1,-0.0499413,0,-0.0269954
167.4,0.0514171,1,1,-0.0499413,0,-0.0269779
167.45,0.0513678,1,1,-0.0499413,0,-0.0269603
167.5,0.0513186,1,1,-0.0499413,0,-0.0269429
167.55,0.0512694,1,1,-0.0499413,0,-0.0269253
167.6,0.0512202,1,1,-0.0499413,0,-0.0269196
167.65,0.0511711,1,1,-0.0499413,0,-0.0267911
167.7,0.0511219,1,1,-0.0499413,0,-0.0267737
167.75,0.0510727,1,1,-0.0499413,0,-0.0267562
167.8,0.0510236,1,1,-0.0499413,0,-0.0267388
167.85,0.0509744,1,1,-0.0499413,0,-0.0267213
167.9,0.0509253,1,1,-0.0499413,0,-0.0267039
167.95,0.0508761,1,1,-0.0499413,0,-0.0266864
168,0.050827,1,1,-0.0499413,0,-0.0266806
168.05,0.0507779,1,1,-0.0499413,0,-0.0265522
168.1,0.0507288,1,1,-0.0499413,0,-0.0265349
168.15,0.0506797,1,1,-0.0499413,0,-0.0265174
168.2,0.0506306,1,1,-0.0499413,0,-0.0264999
168.25,0.0505815,1,1,-0.0499413,0,-0.0264825
168.3,0.0505324,1,1,-0.0499413,0,-0.026465
168.35,0.0504834,1,1,-0.0499413,0,-0.0264476
168.4,0.0504343,1,1,-0.0499413,0,-0.0264418
168.45,0.0503853,1,1,-0.0499413,0,-0.0263134
168.5,0.0503362,1,1,-0.0499413,0,-0.026296
168.55,0.0502872,1,1,-0.0499413,0,-0.0262786
168.6,0.0502382,1,1,-0.0499413,0,-0.0262728
168.65,0.0501891,1,1,-0.0499413,0,-0.0261444
168.7,0.0501401,1,1,-0.0499413,0,-0.0261387
168.75,0.0500911,1,1,-0.0499413,0,-0.0260102
168.8,0.0500421,1,1,-0.0499413,0,-0.0259929
168.85,0.0499931,1,1,-0.0499413,0,-0.0259755
168.9,0.0499441,1,1,-0.0499413,0,-0.025958
168.95,0.0498952,1,1,-0.0499413,0,-0.0259406
169,0.0498462,1,1,-0.0499413,0,-0.0259231
169.05,0.0497972,1,1,-0.0499413,0,-0.0259056
169.1,0.0497483,1,1,-0.0499413,0,-0.0258881
169.15,0.0496994,1,1,-0.0499413,0,-0.0258707
169.2,0.0496504,1,1,-0.0499413,0,-0.0258532
169.25,0.0496015,1,1,-0.0499413,0,-0.0258357
169.3,0.0495526,1,1,-0.0499413,0,-0.0258182
169.35,0.0495037,1,1,-0.0499413,0,-0.0258007
169.4,0.0494548,1,1,-0.0499413,0,-0.0257832
169.45,0.0494059,1,1,-0.0499413,0,-0.0257657
169.5,0.049357,1,1,-0.0499413,0,-0.0257482
169.55,0.0493081,1,1,-0.0499413,0,-0.0257307
169.6,0.0492592,1,1,-0.0499413,0,-0.0257132
169.65,0.0492104,1,1,-0.0499413,0,-0.0256957
169.7,0.0491615,1,1,-0.0499413,0,-0.0256782
169.75,0.0491127,1,1,-0.0499413,0,-0.0256606
169.8,0.0490638,1,1,-0.0499413,0,-0.0256432
169.85,0.049015,1,1,-0.0499413,0,-0.0256256
169.9,0.0489662,1,1,-0.0499413,0,-0.0256081
169.95,0.0489174,1,1,-0.0499413,0,-0.0255905
170,0.0488686,1,1,-0.0499413,0,-0.025573
170.05,0.0488198,1,1,-0.0499413,0,-0.0255555
170.1,0.048771,1,1,-0.0499413,0,-0.025538
170.15,0.0487222,1,1,-0.0499413,0,-0.0255205
170.2,0.0486735,1,1,-0.0499413,0,-0.0255029
170.25,0.0486247,1,1,-0.0499413,0,-0.0254854
170.3,0.0485759,1,1,-0.0499413,0,-0.0254678
170.35,0.0485272,1,1,-0.0499413,0,-0.0254503
170.4,0.0484784,1,1,-0.0499413,0,-0.0254328
170.45,0.0484297,1,1,-0.0499413,0,-0.0254152
170.5,0.048381,1,1,-0.0499413,0,-0.0253978
170.55,0.0483323,1,1,-0.0499413,0,-0.0253802
170.6,0.0482835,1,1,-0.0499413,0,-0.0253627
170.65,0.0482348,1,1,-0.0499413,0,-0.0253452
170.7,0.0481862,1,1,-0.0499413,0,-0.0253276
170.75,0.0481375,1,1,-0.0499413,0,-0.0253101
170.8,0.0480888,1,1,-0.0499413,0,-0.0252925
170.85,0.0480401,1,1,-0.0499413,0,-0.025275
170.9,0.0479915,1,1,-0.0499413,0,-0.0252575
170.95,0.0479428,1,1,-0.0499413,0,-0.02524
171,0.0478942,1,1,-0.0499413,0,-0.0252225
171.05,0.0478455,1,1,-0.0499413,0,-0.0252049
171.1,0.0477969,1,1,-0.0499413,0,-0.0251874
171.15,0.0477483,1,1,-0.0499413,0,-0.0251699
171.2,0.0476997,1,1,-0.0499413,0,-0.0251524
171.25,0.0476511,1,1,-0.0499413,0,-0.0251348
171.3,0.0476025,1,1,-0.0499413,0,-0.0251174
171.35,0.0475539,1,1,-0.0499413,0,-0.0250998
171.4,0.0475053,1,1,-0.0499413,0,-0.0250823
171.45,0.0474567,1,1,-0.0499413,0,-0.0250648
171.5,0.0474081,1,1,-0.0499413,0,-0.0250473
171.55,0.0473596,1,1,-0.0499413,0,-0.0250299
171.6,0.047311,1,1,-0.0499413,0,-0.0250123
171.65,0.0472625,1,1,-0.0499413,0,-0.0249949
171.7,0.047214,1,1,-0.0499413,0,-0.0249773
171.75,0.0471654,1,1,-0.0499413,0,-0.0249599
171.8,0.0471169,1,1,-0.0499413,0,-0.0249423
171.85,0.0470684,1,1,-0.0499413,0,-0.0249249
171.9,0.0470199,1,1,-0.0499413,0,-0.0249074
171.95,0.0469714,1,1,-0.0499413,0,-0.0248899
172,0.0469229,1,1,-0.0499413,0,-0.0248724
172.05,0.0468744,1,1,-0.0499413,0,-0.024855
172.1,0.046826,1,1,-0.0499413,0,-0.0248375
172.15,0.0467775,1,1,-0.0499413,0,-0.02482
172.2,0.0467291,1,1,-0.0499413,0,-0.0248025
172.25,0.0466806,1,1,-0.0499413,0,-0.0247851
172.3,0.0466322,1,1,-0.0499413,0,-0.0247676
172.35,0.0465838,1,1,-0.0499413,0,-0.0247501
172.4,0.0465353,1,1,-0.0499413,0,-0.0247327
172.45,0.0464869,1,1,-0.0499413,0,-0.0247152
172.5,0.0464385,1,1,-0.0499413,0,-0.0246978
172.55,0.0463901,1,1,-0.0499413,0,-0.0246803
172.6,0.0463418,1,1,-0.0499413,0,-0.0246629
172.65,0.0462934,1,1,-0.0499413,0,-0.0246454
172.7,0.046245,1,1,-0.0499413,0,-0.024628
172.75,0.0461966,1,1,-0.0499413,0,-0.0246106
172.8,0.0461483,1,1,-0.0499413,0,-0.0245931
172.85,0.0460999,1,1,-0.0499413,0,-0.0245757
172.9,0.0460516,1,1,-0.0499413,0,-0.0245583
172.95,0.0460032,1,1,-0.0499413,0,-0.0245408
173,0.0459549,1,1,-0.0499413,0,-0.0245235
173.05,0.0459066,1,1,-0.0499413,0,-0.024506
173.1,0.0458583,1,1,-0.0499413,0,-0.0244885
173.15,0.04581,1,1,-0.0499413,0,-0.0244712
173.2,0.0457617,1,1,-0.0499413,0,-0.0244538
173.25,0.0457134,1,1,-0.0499413,0,-0.0244364
173.3,0.0456651,1,1,-0.0499413,0,-0.024419
173.35,0.0456168,1,1,-0.0499413,0,-0.0244015
173.4,0.0455686,1,1,-0.0499413,0,-0.0243841
173.45,0.0455203,1,1,-0.0499413,0,-0.0243668
173.5,0.0454721,1,1,-0.0499413,0,-0.0243494
173.55,0.0454239,1,1,-0.0499413,0,-0.024332
173.6,0.0453757,1,1,-0.0499413,0,-0.0243147
173.65,0.0453274,1,1,-0.0499413,0,-0.0242972
173.7,0.0452792,1,1,-0.0499413,0,-0.0242798
173.75,0.045231,1,1,-0.0499413,0,-0.0242625
173.8,0.0451828,1,1,-0.0499413,0,-0.0242452
173.85,0.0451346,1,1,-0.0499413,0,-0.0242278
173.9,0.0450864,1,1,-0.0499413,0,-0.0242104
173.95,0.0450383,1,1,-0.0499413,0,-0.0241931
174,0.0449901,1,1,-0.0499413,0,-0.0241757
174.05,0.0449419,1,1,-0.0499413,0,-0.0241583
174.1,0.0448938,1,1,-0.0499413,0,-0.024141
174.15,0.0448456,1,1,-0.0499413,0,-0.0241236
174.2,0.0447975,1,1,-0.0499413,0,-0.0241063
174.25,0.0447494,1,1,-0.0499413,0,-0.024089
174.3,0.0447013,1,1,-0.0499413,0,-0.0240716
174.35,0.0446532,1,1,-0.0499413,0,-0.0240543
174.4,0.0446051,1,1,-0.0499413,0,-0.024037
174.45,0.044557,1,1,-0.0499413,0,-0.0240197
174.5,0.0445089,1,1,-0.0499413,0,-0.0240023
174.55,0.0444608,1,1,-0.0499413,0,-0.023985
174.6,0.0444127,1,1,-0.0499413,0,-0.0239676
174.65,0.0443647,1,1,-0.0499413,0,-0.0239503
174.7,0.0443166,1,1,-0.0499413,0,-0.0239331
174.75,0.0442686,1,1,-0.0499413,0,-0.0239158
174.8,0.0442205,1,1,-0.0499413,0,-0.0238984
174.85,0.0441725,1,1,-0.0499413,0,-0.0238811
174.9,0.0441245,1,1,-0.0499413,0,-0.0238638
174.95,0.0440765,1,1,-0.0499413,0,-0.0238465
175,0.0440285,1,1,-0.0499413,0,-0.0238292
175.05,0.0439805,1,1,-0.0499413,0,-0.0238119
175.1,0.0439325,1,1,-0.0499413,0,-0.0237946
175.15,0.0438845,1,1,-0.0499413,0,-0.0237773
175.2,0.0438365,1,1,-0.0499413,0,-0.02376
175.25,0.0437886,1,1,-0.0499413,0,-0.0237427
175.3,0.0437406,1,1,-0.0499413,0,-0.0237254
175.35,0.0436927,1,1,-0.0499413,0,-0.0237081
175.4,0.0436447,1,1,-0.0499413,0,-0.0236909
175.45,0.0435968,1,1,-0.0499413,0,-0.0236736
175.5,0.0435489,1,1,-0.0499413,0,-0.0236563
175.55,0.0435009,1,1,-0.0499413,0,-0.023639
175.6,0.043453,1,1,-0.0499413,0,-0.0236217
175.65,0.0434051,1,1,-0.0499413,0,-0.0236045
175.7,0.0433572,1,1,-0.0499413,0,-0.0235872
175.75,0.0433093,1,1,-0.0499413,0,-0.0235699
175.8,0.0432615,1,1,-0.0499413,0,-0.0235526
175.85,0.0432136,1,1,-0.0499413,0,-0.0235353
175.9,0.0431657,1,1,-0.0499413,0,-0.0235181
175.95,0.0431179,1,1,-0.0499413,0,-0.0235009
176,0.0430701,1,1,-0.0499413,0,-0.0234836
176.05,0.0430222,1,1,-0.0499413,0,-0.0234663
176.1,0.0429744,1,1,-0.0499413,0,-0.0234491
176.15,0.0429266,1,1,-0.0499413,0,-0.0234318
176.2,0.0428788,1,1,-0.0499413,0,-0.0234145
176.25,0.0428309,1,1,-0.0499413,0,-0.0233973
176.3,0.0427831,1,1,-0.0499413,0,-0.02338
176.35,0.0427354,1,1,-0.0499413,0,-0.0233627
176.4,0.0426876,1,1,-0.0499413,0,-0.0233455
176.45,0.0426398,1,1,-0.0499413,0,-0.0233282
176.5,0.042592,1,1,-0.0499413,0,-0.0233109
176.55,0.0425443,1,1,-0.0499413,0,-0.0232937
176.6,0.0424965,1,1,-0.0499413,0,-0.0232764
176.65,0.0424488,1,1,-0.0499413,0,-0.0232592
176.7,0.042401,1,1,-0.0499413,0,-0.023242
176.75,0.0423533,1,1,-0.0499413,0,-0.0232247
176.8,0.0423056,1,1,-0.0499413,0,-0.0232075
176.85,0.0422579,1,1,-0.0499413,0,-0.0231902
176.9,0.0422102,1,1,-0.0499413,0,-0.0231729
176.95,0.0421625,1,1,-0.0499413,0,-0.0231556
177,0.0421148,1,1,-0.0499413,0,-0.0231384
177.05,0.0420671,1,1,-0.0499413,0,-0.0231211
177.1,0.0420195,1,1,-0.0499413,0,-0.0231038
177.15,0.0419718,1,1,-0.0499413,0,-0.0230866
177.2,0.0419242,1,1,-0.0499413,0,-0.0230693
177.25,0.0418765,1,1,-0.0499413,0,-0.023052
177.3,0.0418289,1,1,-0.0499413,0,-0.0230347
177.35,0.0417813,1,1,-0.0499413,0,-0.0230175
177.4,0.0417336,1,1,-0.0499413,0,-0.0230003
177.45,0.041686,1,1,-0.0499413,0,-0.022983
177.5,0.0416384,1,1,-0.0499413,0,-0.0229657
177.55,0.0415908,1,1,-0.0499413,0,-0.0229485
177.6,0.0415432,1,1,-0.0499413,0,-0.0229312
177.65,0.0414956,1,1,-0.0499413,0,-0.0229139
177.7,0.0414481,1,1,-0.0499413,0,-0.0228966
177.75,0.0414005,1,1,-0.0499413,0,-0.0228794
177.8,0.0413529,1,1,-0.0499413,0,-0.0228621
177.85,0.0413054,1,1,-0.0499413,0,-0.0228448
177.9,0.0412579,1,1,-0.0499413,0,-0.0228275
177.95,0.0412103,1,1,-0.0499413,0,-0.0228102
178,0.0411628,1,1,-0.0499413,0,-0.022793
178.05,0.0411153,1,1,-0.0499413,0,-0.0227758
178.1,0.0410678,1,1,-0.0499413,0,-0.0227585
178.15,0.0410203,1,1,-0.0499413,0,-0.0227412
178.2,0.0409728,1,1,-0.0499413,0,-0.0227239
178.25,0.0409253,1,1,-0.0499413,0,-0.0227067
178.3,0.0408778,1,1,-0.0499413,0,-0.0226894
178.35,0.0408304,1,1,-0.0499413,0,-0.0226721
178.4,0.0407829,1,1,-0.0499413,0,-0.0226548
178.45,0.0407354,1,1,-0.0499413,0,-0.0226375
178.5,0.040688,1,1,-0.0499413,0,-0.0226203
178.55,0.0406406,1,1,-0.0499413,0,-0.022603
178.6,0.0405931,1,1,-0.0499413,0,-0.0225858
178.65,0.0405457,1,1,-0.0499413,0,-0.0225685
178.7,0.0404983,1,1,-0.0499413,0,-0.0225513
178.75,0.0404509,1,1,-0.0499413,0,-0.022534
178.8,0.0404035,1,1,-0.0499413,0,-0.0225167
178.85,0.0403561,1,1,-0.0499413,0,-0.0224994
178.9,0.0403087,1,1,-0.0499413,0,-0.0224822
178.95,0.0402613,1,1,-0.0499413,0,-0.0224649
179,0.040214,1,1,-0.0499413,0,-0.0224476
179.05,0.0401666,1,1,-0.0499413,0,-0.0224303
179.1,0.0401193,1,1,-0.0499413,0,-0.022413
179.15,0.0400719,1,1,-0.0499413,0,-0.0223958
179.2,0.0400246,1,1,-0.0499413,0,-0.0223785
179.25,0.0399773,1,1,-0.0499413,0,-0.0223613
179.3,0.0399299,1,1,-0.0499413,0,-0.0223441
179.35,0.0398827,1,1,-0.0499413,0,-0.0223268
179.4,0.0398353,1,1,-0.0499413,0,-0.0223095
179.45,0.0397881,1,1,-0.0499413,0,-0.0222922
179.5,0.0397408,1,1,-0.0499413,0,-0.022275
179.55,0.0396935,1,1,-0.0499413,0,-0.0222577
179.6,0.0396462,1,1,-0.0499413,0,-0.0222404
179.65,0.0395989,1,1,-0.0499413,0,-0.0222232
179.7,0.0395517,1,1,-0.0499413,0,-0.0222059
179.75,0.0395045,1,1,-0.0499413,0,-0.0221886
179.8,0.0394572,1,1,-0.0499413,0,-0.0221714
179.85,0.03941,1,1,-0.0499413,0,-0.0221541
179.9,0.0393628,1,1,-0.0499413,0,-0.0221369
179.95,0.0393156,1,1,-0.0499413,0,-0.0221196
180,0.0392683,1,1,-0.0499413,0,-0.0221024
180.05,0.0392212,1,1,-0.0499413,0,-0.0220851
180.1,0.039174,1,1,-0.0499413,0,-0.0220679
180.15,0.0391268,1,1,-0.0499413,0,-0.0220506
180.2,0.0390796,1,1,-0.0499413,0,-0.0220334
180.25,0.0390324,1,1,-0.0499413,0,-0.0220161
180.3,0.0389853,1,1,-0.0499413,0,-0.0219988
180.35,0.0389381,1,1,-0.0499413,0,-0.0219816
180.4,0.038891,1,1,-0.0499413,0,-0.0219643
180.45,0.0388439,1,1,-0.0499413,0,-0.021947
180.5,0.0387967,1,1,-0.0499413,0,-0.0219298
180.55,0.0387496,1,1,-0.0499413,0,-0.0219125
180.6,0.0387025,1,1,-0.0499413,0,-0.0218952
180.65,0.0386554,1,1,-0.0499413,0,-0.0218894
180.7,0.0386083,1,1,-0.0499413,0,-0.0218633
180.75,0.0385612,1,1,-0.0499413,0,-0.0218369
180.8,0.0385142,1,1,-0.0499413,0,-0.0218106
180.85,0.0384671,1,1,-0.0499413,0,-0.0217843
180.9,0.03842,1,1,-0.0499413,0,-0.021758
180.95,0.038373,1,1,-0.0499413,0,-0.0217319
181,0.0383259,1,1,-0.0499413,0,-0.0217058
181.05,0.0382789,1,1,-0.0499413,0,-0.0216799
181.1,0.0382319,1,1,-0.0499413,0,-0.021654
181.15,0.0381848,1,1,-0.0499413,0,-0.0216284
181.2,0.0381378,1,1,-0.0499413,0,-0.0216027
181.25,0.0380908,1,1,-0.0499413,0,-0.0215772
181.3,0.0380438,1,1,-0.0499413,0,-0.0215517
181.35,0.0379968,1,1,-0.0499413,0,-0.0215262
181.4,0.0379498,1,1,-0.0499413,0,-0.021501
181.45,0.0379029,1,1,-0.0499413,0,-0.0214758
181.5,0.0378559,1,1,-0.0499413,0,-0.0214584
181.55,0.037809,1,1,-0.0499413,0,-0.0214415
181.6,0.037762,1,1,-0.0499413,0,-0.0214245
181.65,0.0377151,1,1,-0.0499413,0,-0.0214074
181.7,0.0376681,1,1,-0.0499413,0,-0.0213902
181.75,0.0376212,1,1,-0.0499413,0,-0.021373
181.8,0.0375743,1,1,-0.0499413,0,-0.0213557
181.85,0.0375274,1,1,-0.0499413,0,-0.0213384
181.9,0.0374805,1,1,-0.0499413,0,-0.021321
181.95,0.0374336,1,1,-0.0499413,0,-0.0213037
182,0.0373867,1,1,-0.0499413,0,-0.0212786
182.05,0.0373398,1,1,-0.0499413,0,-0.021254
182.1,0.0372929,1,1,-0.0499413,0,-0.0212295
182.15,0.0372461,1,1,-0.0499413,0,-0.0212049
182.2,0.0371992,1,1,-0.0499413,0,-0.0211804
182.25,0.0371524,1,1,-0.0499413,0,-0.0211624
182.3,0.0371056,1,1,-0.0499413,0,-0.021145
182.35,0.0370587,1,1,-0.0499413,0,-0.0211273
182.4,0.0370119,1,1,-0.0499413,0,-0.0211096
182.45,0.0369651,1,1,-0.0499413,0,-0.0210918
182.5,0.0369183,1,1,-0.0499413,0,-0.021074
182.55,0.0368715,1,1,-0.0499413,0,-0.0210562
182.6,0.0368247,1,1,-0.0499413,0,-0.0210383
182.65,0.0367779,1,1,-0.0499413,0,-0.0210204
182.7,0.0367311,1,1,-0.0499413,0,-0.0210025
182.75,0.0366844,1,1,-0.0499413,0,-0.0209845
182.8,0.0366376,1,1,-0.0499413,0,-0.0209665
182.85,0.0365909,1,1,-0.0499413,0,-0.0209486
182.9,0.0365441,1,1,-0.0499413,0,-0.0209241
182.95,0.0364974,1,1,-0.0499413,0,-0.0209004
183,0.0364507,1,1,-0.0499413,0,-0.0208766
183.05,0.0364039,1,1,-0.0499413,0,-0.0208528
183.1,0.0363572,1,1,-0.0499413,0,-0.0208292
183.15,0.0363105,1,1,-0.0499413,0,-0.0208106
183.2,0.0362639,1,1,-0.0499413,0,-0.0207926
183.25,0.0362172,1,1,-0.0499413,0,-0.0207744
183.3,0.0361705,1,1,-0.0499413,0,-0.020756
183.35,0.0361238,1,1,-0.0499413,0,-0.0207376
183.4,0.0360771,1,1,-0.0499413,0,-0.0207192
183.45,0.0360305,1,1,-0.0499413,0,-0.0207008
183.5,0.0359839,1,1,-0.0499413,0,-0.0206825
183.55,0.0359372,1,1,-0.0499413,0,-0.020664
183.6,0.0358906,1,1,-0.0499413,0,-0.0206455
183.65,0.0358439,1,1,-0.0499413,0,-0.0206271
183.7,0.0357974,1,1,-0.0499413,0,-0.0206086
183.75,0.0357508,1,1,-0.0499413,0,-0.020585
183.8,0.0357042,1,1,-0.0499413,0,-0.0205619
183.85,0.0356576,1,1,-0.0499413,0,-0.0205388
183.9,0.035611,1,1,-0.0499413,0,-0.0205189
183.95,0.0355644,1,1,-0.0499413,0,-0.0205005
184,0.0355178,1,1,-0.0499413,0,-0.0204819
184.05,0.0354713,1,1,-0.0499413,0,-0.0204632
184.1,0.0354247,1,1,-0.0499413,0,-0.0204445
184.15,0.0353782,1,1,-0.0499413,0,-0.0204257
184.2,0.0353317,1,1,-0.0499413,0,-0.020407
184.25,0.0352852,1,1,-0.0499413,0,-0.0203836
184.3,0.0352386,1,1,-0.0499413,0,-0.0203609
184.35,0.0351921,1,1,-0.0499413,0,-0.0203381
184.4,0.0351456,1,1,-0.0499413,0,-0.0203181
184.45,0.0350991,1,1,-0.0499413,0,-0.0202993
184.5,0.0350526,1,1,-0.0499413,0,-0.0202805
184.55,0.0350061,1,1,-0.0499413,0,-0.0202617
184.6,0.0349597,1,1,-0.0499413,0,-0.0202419
184.65,0.0349132,1,1,-0.0499413,0,-0.0202221
184.7,0.0348668,1,1,-0.0499413,0,-0.0202024
184.75,0.0348203,1,1,-0.0499413,0,-0.0201826
184.8,0.0347739,1,1,-0.0499413,0,-0.0201629
184.85,0.0347275,1,1,-0.0499413,0,-0.0201431
184.9,0.034681,1,1,-0.0499413,0,-0.0201233
184.95,0.0346346,1,1,-0.0499413,0,-0.0201003
185,0.0345882,1,1,-0.0499413,0,-0.020078
185.05,0.0345418,1,1,-0.0499413,0,-0.0200556
185.1,0.0344954,1,1,-0.0499413,0,-0.0200332
185.15,0.034449,1,1,-0.0499413,0,-0.0200108
185.2,0.0344027,1,1,-0.0499413,0,-0.0199906
185.25,0.0343563,1,1,-0.0499413,0,-0.0199718
185.3,0.03431,1,1,-0.0499413,0,-0.019952
185.35,0.0342636,1,1,-0.0499413,0,-0.0199322
185.4,0.0342173,1,1,-0.0499413,0,-0.0199124
185.45,0.0341709,1,1,-0.0499413,0,-0.0198926
185.5,0.0341246,1,1,-0.0499413,0,-0.0198728
185.55,0.0340783,1,1,-0.0499413,0,-0.019853
185.6,0.034032,1,1,-0.0499413,0,-0.0198301
185.65,0.0339857,1,1,-0.0499413,0,-0.019808
185.7,0.0339394,1,1,-0.0499413,0,-0.0197857
185.75,0.0338931,1,1,-0.0499413,0,-0.0197636
185.8,0.0338931,1,1,-0.0499413,0,-0.0197433
185.85,0.0884778,1,1,-0.0499413,0,-0.0197235
185.9,0.0884229,1,1,-0.0499413,0,-0.0197036
185.95,0.088368,1,1,-0.0499413,0,-0.0196837
186,0.0883131,1,1,-0.0499413,0,-0.0196638
186.05,0.0882582,1,1,-0.0499413,0,-0.0196439
186.1,0.0882033,1,1,-0.0499413,0,-0.019624
186.15,0.0881485,1,1,-0.0499413,0,-0.019604
186.2,0.0880936,1,1,-0.0499413,0,-0.0195815
186.25,0.0880387,1,1,-0.0499413,0,-0.0195595
186.3,0.0879839,1,1,-0.0499413,0,-0.0195375
186.35,0.0879291,1,1,-0.0499413,0,-0.0195154
186.4,0.0878742,1,1,-0.0499413,0,-0.0194951
186.45,0.0878194,1,1,-0.0499413,0,-0.0194754
186.5,0.0877646,1,1,-0.0499413,0,-0.0194555
186.55,0.0877098,1,1,-0.0499413,0,-0.0194355
186.6,0.087655,1,1,-0.0499413,0,-0.0194156
186.65,0.0876002,1,1,-0.0499413,0,-0.0193957
186.7,0.0875455,1,1,-0.0499413,0,-0.0193757
186.75,0.0874907,1,1,-0.0499413,0,-0.0193558
186.8,0.0874359,1,1,-0.0499413,0,-0.0193358
186.85,0.0873812,1,1,-0.0499413,0,-0.0193135
186.9,0.0873264,1,1,-0.0499413,0,-0.0192917
186.95,0.0872717,1,1,-0.0499413,0,-0.0192698
187,0.087217,1,1,-0.0499413,0,-0.019248
187.05,0.0871622,1,1,-0.0499413,0,-0.0192276
187.1,0.0871075,1,1,-0.0499413,0,-0.0192079
187.15,0.0870528,1,1,-0.0499413,0,-0.019188
187.2,0.0869981,1,1,-0.0499413,0,-0.0191681
187.25,0.0869434,1,1,-0.0499413,0,-0.0191483
187.3,0.0868887,1,1,-0.0499413,0,-0.0191284
187.35,0.0868341,1,1,-0.0499413,0,-0.019106
187.4,0.0867794,1,1,-0.0499413,0,-0.0190842
187.45,0.0867247,1,1,-0.0499413,0,-0.0190624
187.5,0.0866701,1,1,-0.0499413,0,-0.0190405
187.55,0.0866154,1,1,-0.0499413,0,-0.0190203
187.6,0.0865608,1,1,-0.0499413,0,-0.0190015
187.65,0.0865062,1,1,-0.0499413,0,-0.0189817
187.7,0.0864516,1,1,-0.0499413,0,-0.0189618
187.75,0.086397,1,1,-0.0499413,0,-0.018942
187.8,0.0863423,1,1,-0.0499413,0,-0.0189222
187.85,0.0862877,1,1,-0.0499413,0,-0.0189023
187.9,0.0862332,1,1,-0.0499413,0,-0.01888
187.95,0.0861786,1,1,-0.0499413,0,-0.0188582
188,0.086124,1,1,-0.0499413,0,-0.0188365
188.05,0.0860695,1,1,-0.0499413,0,-0.0188147
188.1,0.0860149,1,1,-0.0499413,0,-0.0187945
188.15,0.0859603,1,1,-0.0499413,0,-0.0187756
188.2,0.0859058,1,1,-0.0499413,0,-0.0187559
188.25,0.0858513,1,1,-0.0499413,0,-0.018736
188.3,0.0857967,1,1,-0.0499413,0,-0.0187162
188.35,0.0857422,1,1,-0.0499413,0,-0.0186964
188.4,0.0856877,1,1,-0.0499413,0,-0.0186767
188.45,0.0856333,1,1,-0.0499413,0,-0.0186569
188.5,0.0855787,1,1,-0.0499413,0,-0.0186371
188.55,0.0855243,1,1,-0.0499413,0,-0.0186149
188.6,0.0854698,1,1,-0.0499413,0,-0.0185933
188.65,0.0854153,1,1,-0.0499413,0,-0.0185716
188.7,0.0853609,1,1,-0.0499413,0,-0.0185499
188.75,0.0853064,1,1,-0.0499413,0,-0.0185282
188.8,0.085252,1,1,-0.0499413,0,-0.0185081
188.85,0.0851975,1,1,-0.0499413,0,-0.0184893
188.9,0.0851431,1,1,-0.0499413,0,-0.0184696
188.95,0.0850887,1,1,-0.0499413,0,-0.0184498
189,0.0850343,1,1,-0.0499413,0,-0.01843
189.05,0.0849799,1,1,-0.0499413,0,-0.0184102
189.1,0.0849255,1,1,-0.0499413,0,-0.0183905
189.15,0.0848711,1,1,-0.0499413,0,-0.0183708
189.2,0.0848167,1,1,-0.0499413,0,-0.0183519
189.25,0.0847623,1,1,-0.0499413,0,-0.0183297
189.3,0.084708,1,1,-0.0499413,0,-0.0183083
189.35,0.0846536,1,1,-0.0499413,0,-0.0182867
189.4,0.0845993,1,1,-0.0499413,0,-0.018265
189.45,0.0845449,1,1,-0.0499413,0,-0.018245
189.5,0.0844906,1,1,-0.0499413,0,-0.0182262
189.55,0.0844363,1,1,-0.0499413,0,-0.0182065
189.6,0.084382,1,1,-0.0499413,0,-0.0181867
189.65,0.0843277,1,1,-0.0499413,0,-0.0181669
189.7,0.0842734,1,1,-0.0499413,0,-0.0181472
189.75,0.0842191,1,1,-0.0499413,0,-0.0181275
189.8,0.0841648,1,1,-0.0499413,0,-0.0181086
189.85,0.0841105,1,1,-0.0499413,0,-0.0180897
189.9,0.0840563,1,1,-0.0499413,0,-0.0180677
189.95,0.084002,1,1,-0.0499413,0,-0.0180463
190,0.0839478,1,1,-0.0499413,0,-0.0180247
190.05,0.0838935,1,1,-0.0499413,0,-0.0180031
190.1,0.0838393,1,1,-0.0499413,0,-0.0179816
190.15,0.083785,1,1,-0.0499413,0,-0.0179617
190.2,0.0837308,1,1,-0.0499413,0,-0.0179429
190.25,0.0836766,1,1,-0.0499413,0,-0.0179241
190.3,0.0836224,1,1,-0.0499413,0,-0.0179054
190.35,0.0835682,1,1,-0.0499413,0,-0.0178866
190.4,0.083514,1,1,-0.0499413,0,-0.0178678
190.45,0.0834598,1,1,-0.0499413,0,-0.017849
190.5,0.0834057,1,1,-0.0499413,0,-0.0178302
190.55,0.0833515,1,1,-0.0499413,0,-0.0178114
190.6,0.0832974,1,1,-0.0499413,0,-0.0177895
190.65,0.0832432,1,1,-0.0499413,0,-0.017768
190.7,0.0831891,1,1,-0.0499413,0,-0.0177465
190.75,0.0831349,1,1,-0.0499413,0,-0.0177266
190.8,0.0830808,1,1,-0.0499413,0,-0.017708
190.85,0.0830267,1,1,-0.0499413,0,-0.0176893
190.9,0.0829726,1,1,-0.0499413,0,-0.0176705
190.95,0.0829185,1,1,-0.0499413,0,-0.0176517
191,0.0828644,1,1,-0.0499413,0,-0.0176331
191.05,0.0828103,1,1,-0.0499413,0,-0.0176144
191.1,0.0827563,1,1,-0.0499413,0,-0.0175925
191.15,0.0827022,1,1,-0.0499413,0,-0.0175711
191.2,0.0826481,1,1,-0.0499413,0,-0.0175496
191.25,0.082594,1,1,-0.0499413,0,-0.0175281
191.3,0.08254,1,1,-0.0499413,0,-0.0175082
191.35,0.082486,1,1,-0.0499413,0,-0.0174897
191.4,0.082432,1,1,-0.0499413,0,-0.017471
191.45,0.0823779,1,1,-0.0499413,0,-0.0174524
191.5,0.0823239,1,1,-0.0499413,0,-0.0174338
191.55,0.0822699,1,1,-0.0499413,0,-0.0174151
191.6,0.0822159,1,1,-0.0499413,0,-0.0173964
191.65,0.0821619,1,1,-0.0499413,0,-0.0173779
191.7,0.082108,1,1,-0.0499413,0,-0.0173559
191.75,0.082054,1,1,-0.0499413,0,-0.0173346
191.8,0.082,1,1,-0.0499413,0,-0.0173131
191.85,0.0819461,1,1,-0.0499413,0,-0.0172934
191.9,0.0818921,1,1,-0.0499413,0,-0.0172748
191.95,0.0818382,1,1,-0.0499413,0,-0.0172563
192,0.0817843,1,1,-0.0499413,0,-0.0172377
192.05,0.0817303,1,1,-0.0499413,0,-0.017219
192.1,0.0816764,1,1,-0.0499413,0,-0.0172005
192.15,0.0816225,1,1,-0.0499413,0,-0.0171819
192.2,0.0815686,1,1,-0.0499413,0,-0.0171633
192.25,0.0815147,1,1,-0.0499413,0,-0.0171415
192.3,0.0814608,1,1,-0.0499413,0,-0.0171201
192.35,0.081407,1,1,-0.0499413,0,-0.0170988
192.4,0.0813531,1,1,-0.0499413,0,-0.017079
192.45,0.0812992,1,1,-0.0499413,0,-0.0170606
192.5,0.0812454,1,1,-0.0499413,0,-0.017042
192.55,0.0811916,1,1,-0.0499413,0,-0.0170234
192.6,0.0811377,1,1,-0.0499413,0,-0.0170048
192.65,0.0810839,1,1,-0.0499413,0,-0.0169861
192.7,0.0810301,1,1,-0.0499413,0,-0.0169675
192.75,0.0809763,1,1,-0.0499413,0,-0.016949
192.8,0.0809225,1,1,-0.0499413,0,-0.0169304
192.85,0.0808687,1,1,-0.0499413,0,-0.0169087
192.9,0.0808149,1,1,-0.0499413,0,-0.0168888
192.95,0.0807611,1,1,-0.0499413,0,-0.016867
193,0.0807073,1,1,-0.0499413,0,-0.0168457
193.05,0.0806536,1,1,-0.0499413,0,-0.0168244
193.1,0.0805998,1,1,-0.0499413,0,-0.016803
193.15,0.0805461,1,1,-0.0499413,0,-0.0167842
193.2,0.0804923,1,1,-0.0499413,0,-0.0167659
193.25,0.0804386,1,1,-0.0499413,0,-0.0167475
193.3,0.0803849,1,1,-0.0499413,0,-0.016729
193.35,0.0803312,1,1,-0.0499413,0,-0.0167104
193.4,0.0802775,1,1,-0.0499413,0,-0.016692
193.45,0.0802237,1,1,-0.0499413,0,-0.0166734
193.5,0.0801701,1,1,-0.0499413,0,-0.016655
193.55,0.0801164,1,1,-0.0499413,0,-0.0166366
193.6,0.0800627,1,1,-0.0499413,0,-0.0166181
193.65,0.080009,1,1,-0.0499413,0,-0.0165964
193.7,0.0799554,1,1,-0.0499413,0,-0.0165775
193.75,0.0799017,1,1,-0.0499413,0,-0.0165557
193.8,0.0798481,1,1,-0.0499413,0,-0.0165345
193.85,0.0797944,1,1,-0.0499413,0,-0.0165131
193.9,0.0797408,1,1,-0.0499413,0,-0.0164944
193.95,0.0796872,1,1,-0.0499413,0,-0.0164761
194,0.0796336,1,1,-0.0499413,0,-0.0164578
194.05,0.07958,1,1,-0.0499413,0,-0.0164392
194.1,0.0795264,1,1,-0.0499413,0,-0.0164207
194.15,0.0794728,1,1,-0.0499413,0,-0.0164021
194.2,0.0794192,1,1,-0.0499413,0,-0.0163836
194.25,0.0793656,1,1,-0.0499413,0,-0.016365
194.3,0.0793121,1,1,-0.0499413,0,-0.0163465
194.35,0.0792585,1,1,-0.0499413,0,-0.0163279
194.4,0.079205,1,1,-0.0499413,0,-0.0163095
194.45,0.0791514,1,1,-0.0499413,0,-0.016291
194.5,0.0790979,1,1,-0.0499413,0,-0.0162725
194.55,0.0790444,1,1,-0.0499413,0,-0.0162541
194.6,0.0789909,1,1,-0.0499413,0,-0.0162357
194.65,0.0789374,1,1,-0.0499413,0,-0.0162173
194.7,0.0788839,1,1,-0.0499413,0,-0.0161958
194.75,0.0788304,1,1,-0.0499413,0,-0.0161747
194.8,0.0787769,1,1,-0.0499413,0,-0.0161536
194.85,0.0787234,1,1,-0.0499413,0,-0.0161325
194.9,0.07867,1,1,-0.0499413,0,-0.0161138
194.95,0.0786165,1,1,-0.0499413,0,-0.0160955
195,0.0785631,1,1,-0.0499413,0,-0.0160771
195.05,0.0785096,1,1,-0.0499413,0,-0.0160586
195.1,0.0784562,1,1,-0.0499413,0,-0.0160402
195.15,0.0784028,1,1,-0.0499413,0,-0.0160215
195.2,0.0783493,1,1,-0.0499413,0,-0.016003
195.25,0.0782959,1,1,-0.0499413,0,-0.0159845
195.3,0.0782425,1,1,-0.0499413,0,-0.015966
195.35,0.0781891,1,1,-0.0499413,0,-0.0159474
195.4,0.0781357,1,1,-0.0499413,0,-0.015929
195.45,0.0780823,1,1,-0.0499413,0,-0.0159105
195.5,0.078029,1,1,-0.0499413,0,-0.015892
195.55,0.0779756,1,1,-0.0499413,0,-0.0158736
195.6,0.0779223,1,1,-0.0499413,0,-0.0158522
195.65,0.0778689,1,1,-0.0499413,0,-0.0158313
195.7,0.0778156,1,1,-0.0499413,0,-0.0158104
195.75,0.0777622,1,1,-0.0499413,0,-0.0157894
195.8,0.0777089,1,1,-0.0499413,0,-0.0157707
195.85,0.0776556,1,1,-0.0499413,0,-0.0157524
195.9,0.0776023,1,1,-0.0499413,0,-0.015734
195.95,0.077549,1,1,-0.0499413,0,-0.0157155
196,0.0774957,1,1,-0.0499413,0,-0.0156971
196.05,0.0774424,1,1,-0.0499413,0,-0.0156787
196.1,0.0773892,1,1,-0.0499413,0,-0.0156602
196.15,0.0773359,1,1,-0.0499413,0,-0.0156419
196.2,0.0772826,1,1,-0.0499413,0,-0.0156235
196.25,0.0772294,1,1,-0.0499413,0,-0.0156052
196.3,0.0771761,1,1,-0.0499413,0,-0.0155869
196.35,0.0771229,1,1,-0.0499413,0,-0.0155654
196.4,0.0770697,1,1,-0.0499413,0,-0.0155444
196.45,0.0770165,1,1,-0.0499413,0,-0.0155234
196.5,0.0769632,1,1,-0.0499413,0,-0.0155049
196.55,0.07691,1,1,-0.0499413,0,-0.0154867
196.6,0.0768568,1,1,-0.0499413,0,-0.0154685
196.65,0.0768036,1,1,-0.0499413,0,-0.0154502
196.7,0.0767505,1,1,-0.0499413,0,-0.0154318
196.75,0.0766973,1,1,-0.0499413,0,-0.0154134
196.8,0.0766441,1,1,-0.0499413,0,-0.0153951
196.85,0.076591,1,1,-0.0499413,0,-0.0153768
196.9,0.0765379,1,1,-0.0499413,0,-0.0153585
196.95,0.0764847,1,1,-0.0499413,0,-0.0153402
197,0.0764316,1,1,-0.0499413,0,-0.015322
197.05,0.0763784,1,1,-0.0499413,0,-0.0153038
197.1,0.0763253,1,1,-0.0499413,0,-0.0152825
197.15,0.0762722,1,1,-0.0499413,0,-0.0152615
197.2,0.0762191,1,1,-0.0499413,0,-0.0152406
197.25,0.076166,1,1,-0.0499413,0,-0.0152222
197.3,0.0761129,1,1,-0.0499413,0,-0.015204
197.35,0.0760599,1,1,-0.0499413,0,-0.0151858
197.4,0.0760068,1,1,-0.0499413,0,-0.0151676
197.45,0.0759537,1,1,-0.0499413,0,-0.0151495
197.5,0.0759007,1,1,-0.0499413,0,-0.0151313
197.55,0.0758476,1,1,-0.0499413,0,-0.0151131
197.6,0.0757946,1,1,-0.0499413,0,-0.0150949
197.65,0.0757416,1,1,-0.0499413,0,-0.0149653
197.7,0.0756886,1,1,-0.0499413,0,-0.0149454
197.75,0.0756356,1,1,-0.0499413,0,-0.0149396
197.8,0.0755825,1,1,-0.0499413,0,-0.0149186
197.85,0.0755296,1,1,-0.0499413,0,-0.0148976
197.9,0.0754766,1,1,-0.0499413,0,-0.0148767
197.95,0.0754236,1,1,-0.0499413,0,-0.0147468
198,0.0753706,1,1,-0.0499413,0,-0.0147409
198.05,0.0753177,1,1,-0.0499413,0,-0.0147229
198.1,0.0752647,1,1,-0.0499413,0,-0.0147048
198.15,0.0752117,1,1,-0.0499413,0,-0.0146867
198.2,0.0751588,1,1,-0.0499413,0,-0.0146687
198.25,0.0751059,1,1,-0.0499413,0,-0.0146506
198.3,0.075053,1,1,-0.0499413,0,-0.0146327
198.35,0.0750001,1,1,-0.0499413,0,-0.0145031
198.4,0.0749472,1,1,-0.0499413,0,-0.0144834
198.45,0.0748943,1,1,-0.0499413,0,-0.0144637
198.5,0.0748413,1,1,-0.0499413,0,-0.0144448
198.55,0.0747885,1,1,-0.0499413,0,-0.0144259
198.6,0.0747356,1,1,-0.0499413,0,-0.0144201
198.65,0.0746827,1,1,-0.0499413,0,-0.014399
198.7,0.0746299,1,1,-0.0499413,0,-0.014378
198.75,0.074577,1,1,-0.0499413,0,-0.014357
198.8,0.0745242,1,1,-0.0499413,0,-0.0143358
198.85,0.0744713,1,1,-0.0499413,0,-0.014206
198.9,0.0744185,1,1,-0.0499413,0,-0.0142002
198.95,0.0743657,1,1,-0.0499413,0,-0.0141823
199,0.0743129,1,1,-0.0499413,0,-0.0141645
199.05,0.0742601,1,1,-0.0499413,0,-0.0141466
199.1,0.0742073,1,1,-0.0499413,0,-0.0141287
199.15,0.0741545,1,1,-0.0499413,0,-0.0141108
199.2,0.0741017,1,1,-0.0499413,0,-0.0139815
199.25,0.0740489,1,1,-0.0499413,0,-0.0139627
199.3,0.0739962,1,1,-0.0499413,0,-0.0139439
199.35,0.0739434,1,1,-0.0499413,0,-0.0139252
199.4,0.0738907,1,1,-0.0499413,1,-0.0139077
199.45,0.073838,1,1,-0.0499413,0.998192,-0.0138902
199.5,0.0737852,1,1,-0.0499413,0.996253,-0.0138727
199.55,0.0737325,1,1,-0.0499413,0.994315,-0.0138551
199.6,0.0736798,1,1,-0.0499413,0.992378,-0.0138376
199.65,0.0736271,1,1,-0.0499413,0.990444,-0.0138201
199.7,0.0735744,1,1,-0.0499413,0.98851,-0.0138026
199.75,0.0735217,1,1,-0.0499413,0.98671,-0.0137851
199.8,0.073469,1,1,-0.0499413,0.984911,-0.0137677
199.85,0.0734163,1,1,-0.0499413,0.982981,-0.0137502
199.9,0.0733636,1,1,-0.0499413,0.981053,-0.0137328
199.95,0.073311,1,1,-0.0499413,0.979127,-0.0137154
200,0.0732583,1,1,-0.0499413,0.977202,-0.013698
200.05,0.0732057,1,1,-0.0499413,0.975279,-0.0136806
200.1,0.0731531,1,1,-0.0499413,0.973357,-0.0136632
200.15,0.0731004,1,1,-0.0499413,0.971568,-0.0136458
200.2,0.0730478,1,1,-0.0499413,0.96978,-0.0136285
200.25,0.0729952,1,1,-0.0499413,0.967862,-0.0136112
200.3,0.0729426,1,1,-0.0499413,0.965946,-0.0135938
200.35,0.07289,1,1,-0.0499413,0.964032,-0.0135765
200.4,0.0728374,1,1,-0.0499413,0.962119,-0.0135591
200.45,0.0727848,1,1,-0.0499413,0.960209,-0.0135418
200.5,0.0727323,1,1,-0.0499413,0.958429,-0.0135246
200.55,0.0726797,1,1,-0.0499413,0.956652,-0.0135188
200.6,0.0726271,1,1,-0.0499413,0.954745,-0.0134919
200.65,0.0725746,1,1,-0.0499413,0.95284,-0.013465
200.7,0.0725221,1,1,-0.0499413,0.950937,-0.0134379
200.75,0.0724695,1,1,-0.0499413,0.949036,-0.0134108
200.8,0.072417,1,1,-0.0499413,0.947137,-0.0133843
200.85,0.0723645,1,1,-0.0499413,0.945369,-0.0133626
200.9,0.072312,1,1,-0.0499413,0.943604,-0.0133409
200.95,0.0722595,1,1,-0.0499413,0.941711,-0.0133193
201,0.072207,1,1,-0.0499413,0.939822,-0.0132975
201.05,0.0721545,1,1,-0.0499413,0.937935,-0.0132756
201.1,0.072102,1,1,-0.0499413,0.936051,-0.0132536
201.15,0.0720496,1,1,-0.0499413,0.93417,-0.0132317
201.2,0.0719971,1,1,-0.0499413,0.932292,-0.0132096
201.25,0.0719447,1,1,-0.0499413,0.930545,-0.0131869
201.3,0.0718922,1,1,-0.0499413,0.9288,-0.0131628
201.35,0.0718398,1,1,-0.0499413,0.92693,-0.0131386
201.4,0.0717874,1,1,-0.0499413,0.925062,-0.013111
201.45,0.0717349,1,1,-0.0499413,0.923196,-0.0130829
201.5,0.0716825,1,1,-0.0499413,0.921333,-0.0130568
201.55,0.0716301,1,1,-0.0499413,0.919473,-0.0130305
201.6,0.0715777,1,1,-0.0499413,0.917615,-0.0130042
201.65,0.0715253,1,1,-0.0499413,0.915888,-0.012978
201.7,0.071473,1,1,-0.0499413,0.914163,-0.0129519
201.75,0.0714206,1,1,-0.0499413,0.912314,-0.0129258
201.8,0.0713682,1,1,-0.0499413,0.910467,-0.0129
201.85,0.0713159,1,1,-0.0499413,0.908622,-0.0128741
201.9,0.0712635,1,1,-0.0499413,0.90678,-0.0128484
201.95,0.0712112,1,1,-0.0499413,0.90494,-0.0128228
202,0.0711588,1,1,-0.0499413,0.903103,-0.0127973
202.05,0.0711065,1,1,-0.0499413,0.901394,-0.0127718
202.1,0.0710542,1,1,-0.0499413,0.899688,-0.0127465
202.15,0.0710019,1,1,-0.0499413,0.897984,-0.0127212
202.2,0.0709496,1,1,-0.0499413,0.896155,-0.0126961
202.25,0.0708973,1,1,-0.0499413,0.894329,-0.0126711
202.3,0.070845,1,1,-0.0499413,0.892505,-0.0126462
202.35,0.0707928,1,1,-0.0499413,0.890684,-0.0126214
202.4,0.0707405,1,1,-0.0499413,0.888865,-0.0125966
202.45,0.0706882,1,1,-0.0499413,0.887049,-0.012572
202.5,0.070636,1,1,-0.0499413,0.885361,-0.0125475
202.55,0.0705838,1,1,-0.0499413,0.883675,-0.0125231
202.6,0.0705315,1,1,-0.0499413,0.881991,-0.0125056
202.65,0.0704793,1,1,-0.0499413,0.880184,-0.0124887
202.7,0.0704271,1,1,-0.0499413,0.87838,-0.0124716
202.75,0.0703749,1,1,-0.0499413,0.876579,-0.0124543
202.8,0.0703227,1,1,-0.0499413,0.874781,-0.0124369
202.85,0.0702705,1,1,-0.0499413,0.872985,-0.0124194
202.9,0.0702183,1,1,-0.0499413,0.871192,-0.0124017
202.95,0.0701661,1,1,-0.0499413,0.869402,-0.012384
203,0.0701139,1,1,-0.0499413,0.867739,-0.0123662
203.05,0.0700617,1,1,-0.0499413,0.866078,-0.0123484
203.1,0.0700096,1,1,-0.0499413,0.86442,-0.0123306
203.15,0.0699574,1,1,-0.0499413,0.86264,-0.0123128
203.2,0.0699053,1,1,-0.0499413,0.860862,-0.0122949
203.25,0.0698532,1,1,-0.0499413,0.859088,-0.0122771
203.3,0.069801,1,1,-0.0499413,0.857316,-0.0122593
203.35,0.0697489,1,1,-0.0499413,0.855547,-0.0122415
203.4,0.0696968,1,0.998192,-0.0499413,0.853781,-0.0122239
203.45,0.0696448,1,0.996387,-0.0499413,0.852017,-0.0122063
203.5,0.0695926,1,0.994451,-0.0499413,0.850379,-0.0121888
203.55,0.0695406,1,0.992518,-0.0499413,0.848744,-0.0121713
203.6,0.0694885,1,0.990587,-0.0499413,0.847111,-0.0121538
203.65,0.0694364,1,0.988658,-0.0499413,0.84548,-0.0121364
203.7,0.0693844,1,0.986732,-0.0499413,0.843729,-0.012119
203.75,0.0693323,1,0.984808,-0.0499413,0.84198,-0.0121016
203.8,0.0692803,1,0.983018,-0.0499413,0.840235,-0.0120843
203.85,0.0692282,1,0.98123,-0.0499413,0.838491,-0.012067
203.9,0.0691762,1,0.979445,-0.0499413,0.83675,-0.0120496
203.95,0.0691242,1,0.977529,-0.0499413,0.835012,-0.0120324
204,0.0690722,1,0.975616,-0.0499413,0.833277,-0.0120152
204.05,0.0690202,1,0.973706,-0.0499413,0.831544,-0.0119982
204.1,0.0689682,1,0.971798,-0.0499413,0.829936,-0.0119815
204.15,0.0689162,1,0.969892,-0.0499413,0.82833,-0.0119649
204.2,0.0688642,1,0.967988,-0.0499413,0.826726,-0.0118371
204.25,0.0688122,1,0.966087,-0.0499413,0.825125,-0.0118195
204.3,0.0687603,1,0.964319,-0.0499413,0.823404,-0.0118015
204.35,0.0687083,1,0.962552,-0.0499413,0.821685,-0.0117832
204.4,0.0686564,1,0.960656,-0.0499413,0.819969,-0.0117646
204.45,0.0686044,1,0.958761,-0.0499413,0.818255,-0.0117448
204.5,0.0685525,1,0.956868,-0.0499413,0.816543,-0.0117248
204.55,0.0685006,1,0.954976,-0.0499413,0.814833,-0.0117046
204.6,0.0684487,1,0.953086,-0.0499413,0.813125,-0.0116988
204.65,0.0683968,1,0.951198,-0.0499413,0.81142,-0.0116802
204.7,0.0683448,1,0.949311,-0.0499413,0.809716,-0.0115502
204.75,0.068293,1,0.947425,-0.0499413,0.808136,-0.0115299
204.8,0.0682411,1,0.945671,-0.0499413,0.806558,-0.0115099
204.85,0.0681892,1,0.943919,-0.0499413,0.804982,-0.011491
204.9,0.0681373,1,0.942039,-0.0499413,0.803408,-0.0114726
204.95,0.0680855,1,0.940161,-0.0499413,0.801715,-0.0114548
205,0.0680336,1,0.938284,-0.0499413,0.800026,-0.011449
205.05,0.0679818,1,0.936409,-0.0499413,0.798338,-0.0114319
205.1,0.0679299,1,0.934536,-0.0499413,0.796653,-0.0114142
205.15,0.0678781,1,0.932665,-0.0499413,0.794971,-0.0113962
205.2,0.0678263,1,0.930796,-0.0499413,0.793291,-0.0113778
205.25,0.0677745,1,0.92893,-0.0499413,0.791614,-0.0113591
205.3,0.0677227,1,0.927195,-0.0499413,0.78994,-0.0113394
205.35,0.0676709,1,0.925461,-0.0499413,0.788268,-0.0113194
205.4,0.0676191,1,0.92373,-0.0499413,0.786599,-0.0112992
205.45,0.0675673,1,0.921873,-0.0499413,0.785052,-0.0112789
205.5,0.0675155,1,0.920018,-0.0499413,0.783507,-0.0112585
205.55,0.0674638,1,0.918166,-0.0499413,0.781964,-0.011238
205.6,0.067412,1,0.916316,-0.0499413,0.780424,-0.0112173
205.65,0.0673603,1,0.914468,-0.0499413,0.778886,-0.0111966
205.7,0.0673086,1,0.912623,-0.0499413,0.777231,-0.0111757
205.75,0.0672568,1,0.91078,-0.0499413,0.775579,-0.0111548
205.8,0.0672051,1,0.909066,-0.0499413,0.77393,-0.0111339
205.85,0.0671534,1,0.907354,-0.0499413,0.772283,-0.0111128
205.9,0.0671017,1,0.905645,-0.0499413,0.770639,-0.0110918
205.95,0.06705,1,0.90381,-0.0499413,0.768997,-0.0110706
206,0.0669983,1,0.901978,-0.0499413,0.767357,-0.0110495
206.05,0.0669466,1,0.900147,-0.0499413,0.76572,-0.0110283
206.1,0.0668949,1,0.89832,-0.0499413,0.764085,-0.0110069
206.15,0.0668432,1,0.896494,-0.0499413,0.762453,-0.0109856
206.2,0.0667916,1,0.894671,-0.0499413,0.760823,-0.0109641
206.25,0.06674,1,0.89285,-0.0499413,0.759195,-0.0109421
206.3,0.0666883,1,0.891032,-0.0499413,0.757687,-0.0109207
206.35,0.0666367,1,0.889341,-0.0499413,0.756181,-0.0108992
206.4,0.066585,1,0.887653,-0.0499413,0.754678,-0.0108777
206.45,0.0665334,1,0.885967,-0.0499413,0.753176,-0.0108562
206.5,0.0664818,1,0.884157,-0.0499413,0.751676,-0.0108332
206.55,0.0664302,1,0.882351,-0.0499413,0.750179,-0.0108106
206.6,0.0663786,1,0.880547,-0.0499413,0.748684,-0.0107875
206.65,0.066327,1,0.878745,-0.0499413,0.747075,-0.0107638
206.7,0.0662755,1,0.876945,-0.0499413,0.745468,-0.0107396
206.75,0.0662239,1,0.875149,-0.0499413,0.743864,-0.0107152
206.8,0.0661723,1,0.873354,-0.0499413,0.742262,-0.0106929
206.85,0.0661208,1,0.871563,-0.0499413,0.740663,-0.0106716
206.9,0.0660692,1,0.869773,-0.0499413,0.739066,-0.0106499
206.95,0.0660177,1,0.868111,-0.0499413,0.737471,-0.0106282
207,0.0659661,1,0.86645,-0.0499413,0.735879,-0.0106065
207.05,0.0659146,1,0.864792,-0.0499413,0.734289,-0.0105849
207.1,0.0658631,1,0.863011,-0.0499413,0.732702,-0.0105633
207.15,0.0658116,1,0.861233,-0.0499413,0.731117,-0.0105418
207.2,0.0657601,1,0.859458,-0.0499413,0.729534,-0.0105203
207.25,0.0657086,1,0.857684,-0.0499413,0.727953,-0.010495
207.3,0.0656571,1,0.855913,-0.0499413,0.726375,-0.0104702
207.35,0.0656056,1,0.854145,-0.0499413,0.7248,-0.0104454
207.4,0.0655542,1,0.852378,-0.0499413,0.723341,-0.0104206
207.45,0.0655027,1,0.850615,-0.0499413,0.721885,-0.0103959
207.5,0.0654512,1,0.848853,-0.0499413,0.720431,-0.0103712
207.55,0.0653998,1,0.847218,-0.0499413,0.718979,-0.0103465
207.6,0.0653484,1,0.845584,-0.0499413,0.717529,-0.0103215
207.65,0.065297,1,0.843952,-0.0499413,0.716081,-0.0102966
207.7,0.0652455,1,0.842323,-0.0499413,0.714636,-0.0102715
207.75,0.0651942,1,0.840572,-0.0499413,0.713192,-0.0102463
207.8,0.0651427,1,0.838825,-0.0499413,0.711752,-0.0102208
207.85,0.0650913,1,0.837079,-0.0499413,0.710313,-0.0101951
207.9,0.06504,1,0.835337,-0.0499413,0.708763,-0.0101692
207.95,0.0649885,1,0.833596,-0.0499413,0.707215,-0.010143
208,0.0649372,1,0.831859,-0.0499413,0.705671,-0.0101165
208.05,0.0648858,1,0.830124,-0.0499413,0.704129,-0.0100896
208.1,0.0648345,1,0.828391,-0.0499413,0.70259,-0.0100621
208.15,0.0647831,1,0.826662,-0.0499413,0.701054,-0.0100343
208.2,0.0647318,1,0.824935,-0.0499413,0.69952,-0.0100062
208.25,0.0646805,1,0.823332,-0.0499413,0.69799,-0.00997787
208.3,0.0646291,1,0.821732,-0.0499413,0.696462,-0.00994925
208.35,0.0645778,1,0.820135,-0.0499413,0.694937,-0.00992063
208.4,0.0645265,1,0.81854,-0.0499413,0.693416,-0.00989201
208.45,0.0644752,1,0.816948,-0.0499413,0.691897,-0.0098634
208.5,0.0644239,1,0.815237,-0.0499413,0.690381,-0.00983478
208.55,0.0643726,1,0.81353,-0.0499413,0.688869,-0.00980616
208.6,0.0643214,1,0.811826,-0.0499413,0.687359,-0.00977754
208.65,0.0642701,1,0.810125,-0.0499413,0.685853,-0.00974892
208.7,0.0642188,1,0.808427,-0.0499413,0.684349,-0.00972039
208.75,0.0641676,1,0.806733,-0.0499413,0.682849,-0.00969177
208.8,0.0641163,1,0.805042,-0.0499413,0.681352,-0.00966315
208.85,0.0640651,1,0.803354,-0.0499413,0.679857,-0.00963454
208.9,0.0640139,1,0.80167,-0.0499413,0.678367,-0.00960592
208.95,0.0639627,1,0.799989,-0.0499413,0.676879,-0.0095773
209,0.0639114,1,0.798311,-0.0499413,0.675394,-0.00954877
209.05,0.0638602,1,0.796756,-0.0499413,0.673912,-0.00952031
209.1,0.063809,1,0.795205,-0.0499413,0.672434,-0.00949187
209.15,0.0637578,1,0.793657,-0.0499413,0.670959,-0.00946366
209.2,0.0637067,1,0.792112,-0.0499413,0.669487,-0.00943547
209.25,0.0636555,1,0.79057,-0.0499413,0.668018,-0.00940744
209.3,0.0636044,1,0.789031,-0.0499413,0.666552,-0.00937958
209.35,0.0635532,1,0.787496,-0.0499413,0.665089,-0.0093518
209.4,0.0635021,1,0.785845,-0.0499413,0.663629,-0.0093241
209.45,0.0634509,1,0.784197,-0.0499413,0.662172,-0.00929658
209.5,0.0633998,1,0.782553,-0.0499413,0.660719,-0.00926922
209.55,0.0633486,1,0.780913,-0.0499413,0.659268,-0.00924203
209.6,0.0632975,1,0.779276,-0.0499413,0.657821,-0.00921492
209.65,0.0632464,1,0.777643,-0.0499413,0.656376,-0.00918798
209.7,0.0631953,1,0.776013,-0.0499413,0.654935,-0.00916121
209.75,0.0631442,1,0.774387,-0.0499413,0.653496,-0.00913469
209.8,0.0630931,1,0.772764,-0.0499413,0.65206,-0.00910825
209.85,0.0630421,1,0.771145,-0.0499413,0.650627,-0.00908199
209.9,0.062991,1,0.76953,-0.0499413,0.649197,-0.00906495
209.95,0.0629399,1,0.767917,-0.0499413,0.64777,-0.0090485
210,0.0628889,1,0.766308,-0.0499413,0.646345,-0.00903171
210.05,0.0628379,1,0.764703,-0.0499413,0.644923,-0.00901485
210.1,0.0627868,1,0.763101,-0.0499413,0.643503,-0.00899781
210.15,0.0627358,1,0.761502,-0.0499413,0.642086,-0.00898069
210.2,0.0626848,1,0.759906,-0.0499413,0.640672,-0.00896357
210.25,0.0626338,1,0.758314,-0.0499413,0.639261,-0.00894628
210.3,0.0625828,1,0.756725,-0.0499413,0.637852,-0.00892899
210.35,0.0625317,1,0.755256,-0.0499413,0.636445,-0.00891154
210.4,0.0624808,1,0.75379,-0.0499413,0.635042,-0.00889399
210.45,0.0624298,1,0.752327,-0.0499413,0.63364,-0.00887646
210.5,0.0623788,1,0.750867,-0.0499413,0.632242,-0.00885883
210.55,0.0623279,1,0.74941,-0.0499413,0.630846,-0.00884104
210.6,0.0622769,1,0.747956,-0.0499413,0.629453,-0.00882325
210.65,0.062226,1,0.746505,-0.0499413,0.628062,-0.00880537
210.7,0.062175,1,0.745056,-0.0499413,0.626674,-0.0087875
210.75,0.0621241,1,0.743611,-0.0499413,0.625288,-0.00876945
210.8,0.0620732,1,0.742169,-0.0499413,0.623906,-0.00875141
210.85,0.0620222,1,0.740729,-0.0499413,0.622526,-0.00873337
210.9,0.0619713,1,0.739293,-0.0499413,0.621148,-0.00871516
210.95,0.0619205,1,0.73786,-0.0499413,0.61988,-0.00869695
211,0.0618695,1,0.736429,-0.0499413,0.618615,-0.00867874
211.05,0.0618187,1,0.735002,-0.0499413,0.617352,-0.00866043
211.1,0.0617678,1,0.733577,-0.0499413,0.616092,-0.00864214
211.15,0.0617169,1,0.732156,-0.0499413,0.614834,-0.00862377
211.2,0.0616661,1,0.730737,-0.0499413,0.613578,-0.0086053
211.25,0.0616152,1,0.729322,-0.0499413,0.612325,-0.00858684
211.3,0.0615644,1,0.72791,-0.0499413,0.611074,-0.00856837
211.35,0.0615135,1,0.7265,-0.0499413,0.609825,-0.00854983
211.4,0.0614627,1,0.725094,-0.0499413,0.608579,-0.00853128
211.45,0.0614119,1,0.72369,-0.0499413,0.607335,-0.00851265
211.5,0.0613611,1,0.722289,-0.0499413,0.605988,-0.00849402
211.55,0.0613103,1,0.720892,-0.0499413,0.604643,-0.00847539
211.6,0.0612595,1,0.719497,-0.0499413,0.603301,-0.00845667
211.65,0.0612087,1,0.718106,-0.0499413,0.601961,-0.00843796
211.7,0.0611579,1,0.716717,-0.0499413,0.600625,-0.00841925
211.75,0.0611072,1,0.715331,-0.0499413,0.599291,-0.00840053
211.8,0.0610564,1,0.713949,-0.0499413,0.597959,-0.00838173
211.85,0.0610056,1,0.712569,-0.0499413,0.596631,-0.00836293
211.9,0.0609549,1,0.711193,-0.0499413,0.595305,-0.00834413
211.95,0.0609041,1,0.709819,-0.0499413,0.593982,-0.00832533
212,0.0608534,1,0.708448,-0.0499413,0.592662,-0.00830645
212.05,0.0608027,1,0.70708,-0.0499413,0.591344,-0.00828312
212.1,0.060752,1,0.705716,-0.0499413,0.590029,-0.00826037
212.15,0.0607013,1,0.704354,-0.0499413,0.588822,-0.00823755
212.2,0.0606506,1,0.702995,-0.0499413,0.587617,-0.00821464
212.25,0.0605999,1,0.70164,-0.0499413,0.586415,-0.00819173
212.3,0.0605492,1,0.700287,-0.0499413,0.585215,-0.00817134
212.35,0.0604985,1,0.698937,-0.0499413,0.584018,-0.00815144
212.4,0.0604478,1,0.69759,-0.0499413,0.582823,-0.00813147
212.45,0.0603972,1,0.696245,-0.0499413,0.581631,-0.00811141
212.5,0.0603465,1,0.694904,-0.0499413,0.580336,-0.00809152
212.55,0.0602959,1,0.693566,-0.0499413,0.579044,-0.00807155
212.6,0.0602452,1,0.692118,-0.0499413,0.577755,-0.00805157
212.65,0.0601946,1,0.690673,-0.0499413,0.576468,-0.00802841
212.7,0.060144,1,0.689231,-0.0499413,0.575184,-0.00800583
212.75,0.0600934,1,0.687793,-0.0499413,0.573903,-0.00798318
212.8,0.0600428,1,0.686357,-0.0499413,0.572625,-0.00796052
212.85,0.0599922,1,0.684925,-0.0499413,0.571349,-0.00793778
212.9,0.0599416,1,0.683496,-0.0499413,0.570075,-0.00791705
212.95,0.059891,1,0.68207,-0.0499413,0.568908,-0.0078969
213,0.0598404,1,0.680647,-0.0499413,0.567743,-0.00787668
213.05,0.0597899,1,0.679228,-0.0499413,0.56658,-0.00785637
213.1,0.0597393,1,0.677811,-0.0499413,0.56542,-0.00783614
213.15,0.0596888,1,0.676397,-0.0499413,0.564262,-0.00781592
213.2,0.0596383,1,0.674987,-0.0499413,0.563106,-0.00779569
213.25,0.0595877,1,0.67358,-0.0499413,0.56185,-0.00777261
213.3,0.0595372,1,0.672175,-0.0499413,0.560596,-0.0077502
213.35,0.0594867,1,0.670774,-0.0499413,0.559345,-0.00772771
213.4,0.0594362,1,0.669376,-0.0499413,0.558097,-0.00770514
213.45,0.0593857,1,0.668092,-0.0499413,0.556851,-0.00768248
213.5,0.0593352,1,0.66681,-0.0499413,0.555607,-0.0076615
213.55,0.0592847,1,0.665531,-0.0499413,0.554366,-0.0076411
213.6,0.0592342,1,0.664255,-0.0499413,0.55323,-0.00762063
213.65,0.0591837,1,0.662982,-0.0499413,0.552096,-0.0075999
213.7,0.0591333,1,0.661711,-0.0499413,0.550964,-0.00757917
213.75,0.0590828,1,0.660443,-0.0499413,0.549835,-0.00755836
213.8,0.0590324,1,0.659178,-0.0499413,0.548707,-0.00753762
213.85,0.058982,1,0.657806,-0.0499413,0.54748,-0.0075169
213.9,0.0589315,1,0.656436,-0.0499413,0.546256,-0.00749617
213.95,0.0588811,1,0.655069,-0.0499413,0.545034,-0.00747544
214,0.0588307,1,0.653706,-0.0499413,0.543815,-0.00745253
214.05,0.0587803,1,0.652345,-0.0499413,0.542598,-0.00743038
214.1,0.0587299,1,0.650988,-0.0499413,0.541383,-0.00740797
214.15,0.0586795,1,0.649633,-0.0499413,0.540273,-0.00738539
214.2,0.0586291,1,0.648281,-0.0499413,0.539164,-0.00736282
214.25,0.0585788,1,0.646933,-0.0499413,0.538058,-0.00734016
214.3,0.0585284,1,0.645587,-0.0499413,0.536954,-0.0073175
214.35,0.058478,1,0.644353,-0.0499413,0.535852,-0.00729618
214.4,0.0584277,1,0.643121,-0.0499413,0.534651,-0.00727554
214.45,0.0583774,1,0.641893,-0.0499413,0.533453,-0.00725472
214.5,0.058327,1,0.640667,-0.0499413,0.532257,-0.00723383
214.55,0.0582767,1,0.639443,-0.0499413,0.531064,-0.00721176
214.6,0.0582264,1,0.638222,-0.0499413,0.529873,-0.00719094
214.65,0.0581761,1,0.636896,-0.0499413,0.528785,-0.0071677
214.7,0.0581258,1,0.635572,-0.0499413,0.527699,-0.00714201
214.75,0.0580755,1,0.634251,-0.0499413,0.526615,-0.00711373
214.8,0.0580252,1,0.632933,-0.0499413,0.525533,-0.00708704
214.85,0.0579749,1,0.631618,-0.0499413,0.524454,-0.00705977
214.9,0.0579247,1,0.630306,-0.0499413,0.523276,-0.00703417
214.95,0.0578744,1,0.628996,-0.0499413,0.522101,-0.00700841
215,0.0578241,1,0.627689,-0.0499413,0.520928,-0.00698256
215.05,0.0577739,1,0.626492,-0.0499413,0.519758,-0.00695663
215.1,0.0577237,1,0.625297,-0.0499413,0.518589,-0.00693078
215.15,0.0576735,1,0.624105,-0.0499413,0.517523,-0.00690501
215.2,0.0576232,1,0.622915,-0.0499413,0.516458,-0.00687925
215.25,0.057573,1,0.622915,-0.0499413,0.515396,-0.00685357
215.3,0.0575228,1,0.622915,-0.0499413,0.514237,-0.00682789
215.35,0.0574726,1,0.622915,-0.0499413,0.51308,-0.0068022
215.4,0.0574224,1,0.622915,-0.0499413,0.511926,-0.00677661
215.45,0.0573722,1,0.622915,-0.0499413,0.510774,-0.00675093
215.5,0.0573221,1,0.622915,-0.0499413,0.509625,-0.00672542
215.55,0.0572719,1,0.622915,-0.0499413,0.508578,-0.00669991
215.6,0.0572218,1,0.622915,-0.0499413,0.507532,-0.00667439
215.65,0.0571716,1,0.622915,-0.0499413,0.506489,-0.00664904
215.7,0.0571214,1,0.622915,-0.0499413,0.505448,-0.00662438
215.75,0.0570713,1,0.622915,-0.0499413,0.504311,-0.00660063
215.8,0.0570212,1,0.622915,-0.0499413,0.503177,-0.00657436
215.85,0.0569711,1,0.622915,-0.0499413,0.502045,-0.00654893
215.9,0.056921,1,0.622915,-0.0499413,0.500916,-0.00652484
215.95,0.0568709,1,0.622915,-0.0499413,0.499887,-0.00650051
216,0.0568208,1,0.622915,-0.0499413,0.49886,-0.00647466
216.05,0.0567707,1,0.622915,-0.0499413,0.497835,-0.00644965
216.1,0.0567207,1,0.622915,-0.0499413,0.496812,-0.00642455
216.15,0.0566706,1,0.622915,-0.0499413,0.495693,-0.00639937
216.2,0.0566205,1,0.622915,-0.0499413,0.494577,-0.00637395
216.25,0.0565705,1,0.622915,-0.0499413,0.493462,-0.0063486
216.3,0.0565204,1,0.622915,-0.0499413,0.49235,-0.00632334
216.35,0.0564704,1,0.622915,-0.0499413,0.491337,-0.00629825
216.4,0.0564203,1,0.622915,-0.0499413,0.490327,-0.00627299
216.45,0.0563703,1,0.622915,-0.0499413,0.489318,-0.00624882
216.5,0.0563203,1,0.622915,-0.0499413,0.488215,-0.0062202
216.55,0.0562703,1,0.622915,-0.0499413,0.487114,-0.006192
216.6,0.0562203,1,0.622915,-0.0499413,0.486016,-0.00616355
216.65,0.0561704,1,0.622915,-0.0499413,0.48492,-0.00613501
216.7,0.0561204,1,0.622915,-0.0499413,0.483923,-0.0061064
216.75,0.0560704,1,0.622915,-0.0499413,0.482927,-0.00607787
216.8,0.0560204,1,0.622915,-0.0499413,0.481933,-0.00604933
216.85,0.0559705,1,0.622915,-0.0499413,0.480845,-0.0060208
216.9,0.0559205,1,0.622915,-0.0499413,0.479759,-0.00599234
216.95,0.0558706,1,0.622915,-0.0499413,0.478675,-0.00596398
217,0.0558207,1,0.622915,-0.0499413,0.477593,-0.0059357
217.05,0.0557707,1,0.622915,-0.0499413,0.476609,-0.0059075
217.1,0.0557208,1,0.622915,-0.0499413,0.475627,-0.00587938
217.15,0.0556709,1,0.622915,-0.0499413,0.474647,-0.00585136
217.2,0.055621,1,0.622915,-0.0499413,0.473573,-0.00582349
217.25,0.0555711,1,0.622915,-0.0499413,0.4725,-0.00579563
217.3,0.0555212,1,0.622915,-0.0499413,0.47143,-0.00576794
217.35,0.0554714,1,0.622915,-0.0499413,0.470458,-0.00574033
217.4,0.0554215,1,0.622915,-0.0499413,0.469487,-0.00571288
217.45,0.0553716,1,0.622915,-0.0499413,0.468518,-0.00568552
217.5,0.0553218,1,0.622915,-0.0499413,0.467455,-0.00565833
217.55,0.0552719,1,0.622915,-0.0499413,0.466393,-0.00563123
217.6,0.0552221,1,0.622915,-0.0499413,0.465334,-0.0056042
217.65,0.0551723,1,0.622915,-0.0499413,0.464372,-0.00557735
217.7,0.0551225,1,0.622915,-0.0499413,0.463411,-0.00555066
217.75,0.0550726,1,0.622915,-0.0499413,0.462451,-0.00552405
217.8,0.0550228,1,0.622915,-0.0499413,0.461398,-0.00549762
217.85,0.054973,1,0.622915,-0.0499413,0.460346,-0.00547127
217.9,0.0549232,1,0.622915,-0.0499413,0.459296,-0.00544508
217.95,0.0548735,1,0.622915,-0.0499413,0.458248,-0.00541899
218,0.0548237,1,0.622915,-0.0499413,0.457296,-0.00539306
218.05,0.0547739,1,0.622915,-0.0499413,0.456344,-0.00536729
218.1,0.0547242,1,0.622915,-0.0499413,0.4553,-0.00534152
218.15,0.0546744,1,0.622915,-0.0499413,0.454257,-0.00532457
218.2,0.0546247,1,0.622915,-0.0499413,0.453216,-0.00530795
218.25,0.054575,1,0.622915,-0.0499413,0.452176,-0.00529117
218.3,0.0545252,1,0.622915,-0.0499413,0.451232,-0.0052743
218.35,0.0544755,1,0.622915,-0.0499413,0.450288,-0.00525726
218.4,0.0544258,1,0.622915,-0.0499413,0.449252,-0.00524014
218.45,0.0543761,1,0.622915,-0.0499413,0.448218,-0.00522302
218.5,0.0543264,1,0.622915,-0.0499413,0.447185,-0.00520582
218.55,0.0542768,1,0.622915,-0.0499413,0.446247,-0.00518844
218.6,0.0542271,1,0.62162,-0.0499413,0.44531,-0.00517108
218.65,0.0541774,1,0.620326,-0.0499413,0.444374,-0.00515362
218.7,0.0541277,1,0.619034,-0.0499413,0.443346,-0.00513608
218.75,0.0540781,1,0.61785,-0.0499413,0.442319,-0.00511845
218.8,0.0540284,1,0.616668,-0.0499413,0.441294,-0.00510083
218.85,0.0539788,1,0.615487,-0.0499413,0.440364,-0.00508312
218.9,0.0539292,1,0.614307,-0.0499413,0.439434,-0.00506533
218.95,0.0538796,1,0.613022,-0.0499413,0.438506,-0.00504745
219,0.05383,1,0.611739,-0.0499413,0.437487,-0.00502958
219.05,0.0537803,1,0.610457,-0.0499413,0.436468,-0.00501162
219.1,0.0537308,1,0.609176,-0.0499413,0.435452,-0.00499366
219.15,0.0536812,1,0.607897,-0.0499413,0.434529,-0.00497562
219.2,0.0536316,1,0.606726,-0.0499413,0.433607,-0.00495749
219.25,0.053582,1,0.605557,-0.0499413,0.432686,-0.00493936
219.3,0.0535324,1,0.604388,-0.0499413,0.431675,-0.00492123
219.35,0.0534829,1,0.603221,-0.0499413,0.430665,-0.00490302
219.4,0.0534333,1,0.60195,-0.0499413,0.429749,-0.00488473
219.45,0.0533838,1,0.60068,-0.0499413,0.428833,-0.00486652
219.5,0.0533343,1,0.599411,-0.0499413,0.427919,-0.00484822
219.55,0.0532847,1,0.598145,-0.0499413,0.426915,-0.00482984
219.6,0.0532352,1,0.596879,-0.0499413,0.425912,-0.00481146
219.65,0.0531857,1,0.595721,-0.0499413,0.42491,-0.00479309
219.7,0.0531362,1,0.594564,-0.0499413,0.424002,-0.0047747
219.75,0.0530868,1,0.593409,-0.0499413,0.423094,-0.00475633
219.8,0.0530373,1,0.592255,-0.0499413,0.422097,-0.00473778
219.85,0.0529878,1,0.590997,-0.0499413,0.421101,-0.00471319
219.9,0.0529383,1,0.58974,-0.0499413,0.420107,-0.00468919
219.95,0.0528889,1,0.588486,-0.0499413,0.419205,-0.0046651
220,0.0528394,1,0.587233,-0.0499413,0.418304,-0.00464093
220.05,0.05279,1,0.585981,-0.0499413,0.417405,-0.00461667
220.1,0.0527405,1,0.584835,-0.0499413,0.416416,-0.00459662
220.15,0.0526911,1,0.583691,-0.0499413,0.415428,-0.00457807
220.2,0.0526417,1,0.582548,-0.0499413,0.414442,-0.00455927
220.25,0.0525922,1,0.581302,-0.0499413,0.413548,-0.00454039
220.3,0.0525429,1,0.580058,-0.0499413,0.412656,-0.00452067
220.35,0.0524935,1,0.578815,-0.0499413,0.411674,-0.00450094
220.4,0.0524441,1,0.577574,-0.0499413,0.410694,-0.00448114
220.45,0.0523947,1,0.576335,-0.0499413,0.409715,-0.00446142
220.5,0.0523453,1,0.575201,-0.0499413,0.408828,-0.0044417
220.55,0.052296,1,0.574069,-0.0499413,0.407942,-0.00442189
220.6,0.0522466,1,0.572938,-0.0499413,0.406967,-0.00440209
220.65,0.0521973,1,0.571705,-0.0499413,0.405994,-0.00437749
220.7,0.0521479,1,0.570474,-0.0499413,0.405023,-0.00435366
220.75,0.0520986,1,0.569244,-0.0499413,0.404143,-0.00432965
220.8,0.0520493,1,0.568015,-0.0499413,0.403264,-0.00430558
220.85,0.0519999,1,0.566892,-0.0499413,0.402296,-0.00428149
220.9,0.0519506,1,0.56577,-0.0499413,0.40133,-0.00426084
220.95,0.0519013,1,0.564649,-0.0499413,0.400366,-0.00424087
221,0.0518521,1,0.56353,-0.0499413,0.399492,-0.00422081
221.05,0.0518028,1,0.562309,-0.0499413,0.39862,-0.00420058
221.1,0.0517535,1,0.56109,-0.0499413,0.397659,-0.00418044
221.15,0.0517042,1,0.559872,-0.0499413,0.396701,-0.0041603
221.2,0.051655,1,0.558656,-0.0499413,0.395743,-0.00414016
221.25,0.0516057,1,0.557544,-0.0499413,0.394877,-0.00412002
221.3,0.0515565,1,0.556434,-0.0499413,0.394011,-0.00409987
221.35,0.0515072,1,0.555325,-0.0499413,0.393058,-0.00407537
221.4,0.051458,1,0.554115,-0.0499413,0.392106,-0.00405154
221.45,0.0514088,1,0.552907,-0.0499413,0.391156,-0.00402762
221.5,0.0513596,1,0.5517,-0.0499413,0.390296,-0.00400362
221.55,0.0513104,1,0.550495,-0.0499413,0.389437,-0.00397945
221.6,0.0512612,1,0.549394,-0.0499413,0.38849,-0.00395536
221.65,0.051212,1,0.548293,-0.0499413,0.387546,-0.00393446
221.7,0.0511628,1,0.547194,-0.0499413,0.386691,-0.00391423
221.75,0.0511136,1,0.545995,-0.0499413,0.385837,-0.00389393
221.8,0.0510645,1,0.544797,-0.0499413,0.384984,-0.00387345
221.85,0.0510153,1,0.543601,-0.0499413,0.384044,-0.00385306
221.9,0.0509662,1,0.542406,-0.0499413,0.383106,-0.00383266
221.95,0.050917,1,0.541314,-0.0499413,0.382257,-0.00381227
222,0.0508679,1,0.540224,-0.0499413,0.38141,-0.00379196
222.05,0.0508188,1,0.539135,-0.0499413,0.380563,-0.00377148
222.1,0.0507696,1,0.537946,-0.0499413,0.37963,-0.00374715
222.15,0.0507206,1,0.536759,-0.0499413,0.378699,-0.00372348
222.2,0.0506715,1,0.535573,-0.0499413,0.377856,-0.00369965
222.25,0.0506224,1,0.534389,-0.0499413,0.377015,-0.00367572
222.3,0.0505733,1,0.533307,-0.0499413,0.376087,-0.00365181
222.35,0.0505242,1,0.532227,-0.0499413,0.375161,-0.00362789
222.4,0.0504751,1,0.531147,-0.0499413,0.374236,-0.00360666
222.45,0.0504261,1,0.529969,-0.0499413,0.3734,-0.00358627
222.5,0.050377,1,0.528793,-0.0499413,0.372565,-0.00356562
222.55,0.050328,1,0.527617,-0.0499413,0.371644,-0.00354497
222.6,0.0502789,1,0.526444,-0.0499413,0.370725,-0.00352424
222.65,0.0502299,1,0.525372,-0.0499413,0.369894,-0.00350368
222.7,0.0501809,1,0.524301,-0.0499413,0.369064,-0.00348304
222.75,0.0501319,1,0.523232,-0.0499413,0.368148,-0.00346248
222.8,0.0500829,1,0.522064,-0.0499413,0.367234,-0.00344184
222.85,0.0500339,1,0.520898,-0.0499413,0.366321,-0.00341766
222.9,0.0499849,1,0.519734,-0.0499413,0.365496,-0.00339416
222.95,0.0499359,1,0.51867,-0.0499413,0.364673,-0.00337058
223,0.0498869,1,0.517608,-0.0499413,0.363764,-0.00334692
223.05,0.049838,1,0.516547,-0.0499413,0.362857,-0.00332325
223.1,0.049789,1,0.515389,-0.0499413,0.362037,-0.00330185
223.15,0.0497401,1,0.514232,-0.0499413,0.361218,-0.0032812
223.2,0.0496911,1,0.513077,-0.0499413,0.360315,-0.0032603
223.25,0.0496422,1,0.512023,-0.0499413,0.359413,-0.00323941
223.3,0.0495933,1,0.51097,-0.0499413,0.358599,-0.00321851
223.35,0.0495444,1,0.509918,-0.0499413,0.357785,-0.0031977
223.4,0.0494955,1,0.508769,-0.0499413,0.356973,-0.00317689
223.45,0.0494466,1,0.507621,-0.0499413,0.356076,-0.00315607
223.5,0.0493977,1,0.506475,-0.0499413,0.35518,-0.00313208
223.55,0.0493488,1,0.50533,-0.0499413,0.354372,-0.00310882
223.6,0.0492999,1,0.504286,-0.0499413,0.353564,-0.00308541
223.65,0.049251,1,0.503242,-0.0499413,0.352672,-0.00306191
223.7,0.0492022,1,0.502102,-0.0499413,0.351782,-0.0030385
223.75,0.0491533,1,0.500964,-0.0499413,0.350979,-0.00301684
223.8,0.0491045,1,0.499828,-0.0499413,0.350176,-0.00299604
223.85,0.0490556,1,0.498693,-0.0499413,0.34929,-0.00297505
223.9,0.0490068,1,0.497657,-0.0499413,0.348406,-0.00295398
223.95,0.048958,1,0.496623,-0.0499413,0.347607,-0.00293292
224,0.0489092,1,0.495492,-0.0499413,0.346809,-0.00291194
224.05,0.0488604,1,0.494363,-0.0499413,0.345928,-0.00289096
224.1,0.0488116,1,0.493235,-0.0499413,0.345049,-0.00286721
224.15,0.0487628,1,0.49211,-0.0499413,0.344255,-0.00284413
224.2,0.048714,1,0.491082,-0.0499413,0.343462,-0.00282089
224.25,0.0486653,1,0.490057,-0.0499413,0.34267,-0.00279764
224.3,0.0486165,1,0.488935,-0.0499413,0.341796,-0.00277431
224.35,0.0485677,1,0.487816,-0.0499413,0.340923,-0.00275257
224.4,0.048519,1,0.486698,-0.0499413,0.340135,-0.00273168
224.45,0.0484702,1,0.485678,-0.0499413,0.339348,-0.00271052
224.5,0.0484215,1,0.484659,-0.0499413,0.338479,-0.00268938
224.55,0.0483728,1,0.483642,-0.0499413,0.337611,-0.00266831
224.6,0.0483241,1,0.48253,-0.0499413,0.336828,-0.00264733
224.65,0.0482754,1,0.481419,-0.0499413,0.336046,-0.00262367
224.7,0.0482266,1,0.48031,-0.0499413,0.335182,-0.00260067
224.75,0.048178,1,0.479299,-0.0499413,0.334319,-0.00257751
224.8,0.0481293,1,0.478289,-0.0499413,0.333541,-0.00255426
224.85,0.0480806,1,0.477185,-0.0499413,0.332764,-0.00253102
224.9,0.0480319,1,0.476081,-0.0499413,0.331905,-0.00250785
224.95,0.0479833,1,0.47498,-0.0499413,0.331047,-0.00248611
225,0.0479346,1,0.473976,-0.0499413,0.330274,-0.00246513
225.05,0.047886,1,0.472973,-0.0499413,0.329502,-0.00244399
225.1,0.0478374,1,0.471972,-0.0499413,0.328648,-0.00242283
225.15,0.0477887,1,0.470876,-0.0499413,0.327795,-0.00240169
225.2,0.0477401,1,0.469782,-0.0499413,0.327027,-0.00238054
225.25,0.0476915,1,0.46869,-0.0499413,0.326259,-0.00235947
225.3,0.0476429,1,0.467694,-0.0499413,0.32541,-0.00233833
225.35,0.0475943,1,0.4667,-0.0499413,0.324563,-0.00231474
225.4,0.0475457,1,0.465612,-0.0499413,0.323799,-0.00229192
225.45,0.0474971,1,0.464526,-0.0499413,0.323036,-0.00226884
225.5,0.0474486,1,0.463441,-0.0499413,0.322192,-0.00224568
225.55,0.0474,1,0.462453,-0.0499413,0.32135,-0.00222242
225.6,0.0473514,1,0.461466,-0.0499413,0.320591,-0.00219926
225.65,0.0473029,1,0.46048,-0.0499413,0.319833,-0.0021761
225.7,0.0472543,1,0.459401,-0.0499413,0.318994,-0.00215437
225.75,0.0472058,1,0.458324,-0.0499413,0.318239,-0.00213339
225.8,0.0471573,1,0.457342,-0.0499413,0.317484,-0.00211223
225.85,0.0471088,1,0.456362,-0.0499413,0.316649,-0.00209109
225.9,0.0470603,1,0.455384,-0.0499413,0.315815,-0.00206994
225.95,0.0470118,1,0.454313,-0.0499413,0.315065,-0.00204896
226,0.0469633,1,0.453243,-0.0499413,0.314315,-0.00202789
226.05,0.0469148,1,0.452175,-0.0499413,0.313485,-0.00200431
226.1,0.0468663,1,0.451203,-0.0499413,0.312657,-0.0019814
226.15,0.0468179,1,0.450232,-0.0499413,0.311911,-0.0019584
226.2,0.0467694,1,0.449169,-0.0499413,0.311166,-0.00193516
226.25,0.046721,1,0.448107,-0.0499413,0.310341,-0.00191191
226.3,0.0466725,1,0.447047,-0.0499413,0.309518,-0.00188867
226.35,0.0466241,1,0.446082,-0.0499413,0.308777,-0.00186541
226.4,0.0465756,1,0.445118,-0.0499413,0.308037,-0.00184376
226.45,0.0465272,1,0.444062,-0.0499413,0.307217,-0.00182295
226.5,0.0464788,1,0.443008,-0.0499413,0.306399,-0.00180189
226.55,0.0464304,1,0.441956,-0.0499413,0.305662,-0.00178091
226.6,0.046382,1,0.440998,-0.0499413,0.304927,-0.00175993
226.65,0.0463336,1,0.440042,-0.0499413,0.304112,-0.00173903
226.7,0.0462852,1,0.438994,-0.0499413,0.303379,-0.00171536
226.75,0.0462369,1,0.437948,-0.0499413,0.302647,-0.00169245
226.8,0.0461885,1,0.436996,-0.0499413,0.301836,-0.00166937
226.85,0.0461402,1,0.436046,-0.0499413,0.301027,-0.00164621
226.9,0.0460918,1,0.435097,-0.0499413,0.300299,-0.00162288
226.95,0.0460435,1,0.434057,-0.0499413,0.299572,-0.00159963
227,0.0459951,1,0.433018,-0.0499413,0.298766,-0.00157807
227.05,0.0459468,1,0.432073,-0.0499413,0.297961,-0.00155733
227.1,0.0458985,1,0.43113,-0.0499413,0.297237,-0.00153635
227.15,0.0458502,1,0.430188,-0.0499413,0.296515,-0.00151537
227.2,0.0458019,1,0.429155,-0.0499413,0.295714,-0.00149448
227.25,0.0457536,1,0.428216,-0.0499413,0.294994,-0.00147366
227.3,0.0457053,1,0.427187,-0.0499413,0.294275,-0.00144999
227.35,0.045657,1,0.426251,-0.0499413,0.293478,-0.00142709
227.4,0.0456088,1,0.425224,-0.0499413,0.292682,-0.00140393
227.45,0.0455605,1,0.4242,-0.0499413,0.291966,-0.00138076
227.5,0.0455122,1,0.423268,-0.0499413,0.291252,-0.00135751
227.55,0.045464,1,0.422247,-0.0499413,0.29046,-0.00133426
227.6,0.0454158,1,0.421318,-0.0499413,0.289748,-0.0013127
227.65,0.0453676,1,0.420299,-0.0499413,0.289037,-0.00129197
227.7,0.0453193,1,0.419373,-0.0499413,0.288248,-0.00127116
227.75,0.0452711,1,0.418357,-0.0499413,0.287461,-0.00125026
227.8,0.0452229,1,0.417434,-0.0499413,0.286753,-0.00122953
227.85,0.0451747,1,0.416422,-0.0499413,0.286047,-0.00120871
227.9,0.0451265,1,0.415502,-0.0499413,0.285263,-0.00118505
227.95,0.0450783,1,0.414493,-0.0499413,0.284559,-0.00116214
228,0.0450302,1,0.413576,-0.0499413,0.283857,-0.00113898
228.05,0.044982,1,0.412569,-0.0499413,0.283076,-0.00111573
228.1,0.0449338,1,0.411655,-0.0499413,0.282298,-0.0010924
228.15,0.0448857,1,0.410652,-0.0499413,0.281598,-0.00106907
228.2,0.0448376,1,0.40965,-0.0499413,0.2809,-0.00104583
228.25,0.0447894,1,0.40874,-0.0499413,0.280125,-0.00102442
228.3,0.0447413,1,0.407742,-0.0499413,0.279429,-0.00100377
228.35,0.0446932,1,0.406835,-0.0499413,0.278734,-0.000982966
228.4,0.0446451,1,0.405839,-0.0499413,0.277962,-0.000962149
228.45,0.044597,1,0.404935,-0.0499413,0.277192,-0.000941504
228.5,0.0445489,1,0.403943,-0.0499413,0.276501,-0.000920777
228.55,0.0445008,1,0.403042,-0.0499413,0.27581,-0.00090005
228.6,0.0444527,1,0.402053,-0.0499413,0.275044,-0.000876381
228.65,0.0444047,1,0.401155,-0.0499413,0.274355,-0.000853466
228.7,0.0443566,1,0.400168,-0.0499413,0.273668,-0.000830305
228.75,0.0443086,1,0.399273,-0.0499413,0.272905,-0.000807063
228.8,0.0442605,1,0.39829,-0.0499413,0.272143,-0.000783648
228.85,0.0442125,1,0.397398,-0.0499413,0.27146,-0.000760061
228.9,0.0441644,1,0.396417,-0.0499413,0.2707,-0.00073631
228.95,0.0441164,1,0.395528,-0.0499413,0.269942,-0.000712477
229,0.0440684,1,0.394551,-0.0499413,0.269262,-0.000688562
229.05,0.0440204,1,0.393664,-0.0499413,0.268583,-0.000664639
229.1,0.0439724,1,0.39269,-0.0499413,0.267829,-0.000640806
229.15,0.0439244,1,0.391718,-0.0499413,0.267152,-0.000617055
229.2,0.0438765,1,0.390836,-0.0499413,0.266476,-0.000596246
229.25,0.0438285,1,0.389866,-0.0499413,0.265725,-0.000576183
229.3,0.0437805,1,0.388987,-0.0499413,0.264975,-0.000555965
229.35,0.0437326,1,0.388021,-0.0499413,0.264303,-0.000535738
229.4,0.0436846,1,0.387144,-0.0499413,0.263556,-0.000515593
229.45,0.0436367,1,0.386181,-0.0499413,0.26281,-0.000495456
229.5,0.0435887,1,0.385308,-0.0499413,0.262141,-0.000475311
229.55,0.0435408,1,0.384348,-0.0499413,0.261474,-0.000451224
229.6,0.0434929,1,0.383478,-0.0499413,0.260731,-0.000427891
229.65,0.043445,1,0.382521,-0.0499413,0.260066,-0.000404394
229.7,0.0433971,1,0.381653,-0.0499413,0.259401,-0.000380734
229.75,0.0433492,1,0.380699,-0.0499413,0.258662,-0.000356983
229.8,0.0433013,1,0.379835,-0.0499413,0.258,-0.00033306
229.85,0.0432534,1,0.378884,-0.0499413,0.257339,-0.000309063
229.9,0.0432056,1,0.378022,-0.0499413,0.256604,-0.000285058
229.95,0.0431577,1,0.377074,-0.0499413,0.255869,-0.000260971
230,0.0431099,1,0.376215,-0.0499413,0.255212,-0.000236884
230.05,0.043062,1,0.37527,-0.0499413,0.25448,-0.000216411
230.1,0.0430142,1,0.374414,-0.0499413,0.253749,-0.000196684
230.15,0.0429664,1,0.373472,-0.0499413,0.253095,-0.000176793
230.2,0.0429185,1,0.372619,-0.0499413,0.252366,-0.000156821
230.25,0.0428707,1,0.371681,-0.0499413,0.251639,-0.000136766
230.3,0.0428229,1,0.370831,-0.0499413,0.250989,-0.000116703
230.35,0.0427751,1,0.369895,-0.0499413,0.250339,-9.67301e-05
230.4,0.0427273,1,0.368962,-0.0499413,0.249616,-7.67574e-05
230.45,0.0426796,1,0.368116,-0.0499413,0.248968,-5.67026e-05
230.5,0.0426318,1,0.367186,-0.0499413,0.248322,-3.26157e-05
230.55,0.042584,1,0.366343,-0.0499413,0.247602,-9.28268e-06
230.6,0.0425363,1,0.365416,-0.0499413,0.246958,1.42142e-05
230.65,0.0424885,1,0.364576,-0.0499413,0.246315,3.77931e-05
230.7,0.0424408,1,0.363652,-0.0499413,0.245598,6.14621e-05
230.75,0.042393,1,0.362815,-0.0499413,0.244958,8.51311e-05
230.8,0.0423453,1,0.361893,-0.0499413,0.244318,0.000108882
230.85,0.0422976,1,0.361059,-0.0499413,0.243605,0.000129437
230.9,0.0422499,1,0.360141,-0.0499413,0.242967,0.000149418
230.95,0.0422022,1,0.35931,-0.0499413,0.24233,0.000169472
231,0.0421545,1,0.358395,-0.0499413,0.241621,0.000189617
231.05,0.0421068,1,0.357566,-0.0499413,0.240913,0.000209754
231.1,0.0420591,1,0.356654,-0.0499413,0.24028,0.000229899
231.15,0.0420115,1,0.355829,-0.0499413,0.239574,0.000249954
231.2,0.0419638,1,0.35492,-0.0499413,0.238869,0.000270098
231.25,0.0419162,1,0.354098,-0.0499413,0.23824,0.000293931
231.3,0.0418685,1,0.353192,-0.0499413,0.237537,0.000317092
231.35,0.0418209,1,0.352373,-0.0499413,0.236836,0.000340343
231.4,0.0417733,1,0.35147,-0.0499413,0.23621,0.000363758
231.45,0.0417256,1,0.350654,-0.0499413,0.235512,0.000387165
231.5,0.041678,1,0.349754,-0.0499413,0.234814,0.00041067
231.55,0.0416304,1,0.348941,-0.0499413,0.234191,0.000434167
231.6,0.0415828,1,0.348044,-0.0499413,0.233496,0.000454894
231.65,0.0415352,1,0.347233,-0.0499413,0.232802,0.000474957
231.7,0.0414876,1,0.34634,-0.0499413,0.232183,0.000495175
231.75,0.0414401,1,0.345532,-0.0499413,0.231491,0.000515484
231.8,0.0413925,1,0.344641,-0.0499413,0.230801,0.000536047
231.85,0.041345,1,0.343837,-0.0499413,0.230185,0.000556692
231.9,0.0412974,1,0.342949,-0.0499413,0.229497,0.000577427
231.95,0.0412499,1,0.342147,-0.0499413,0.22881,0.000598235
232,0.0412024,1,0.341263,-0.0499413,0.228197,0.000619052
232.05,0.0411548,1,0.340464,-0.0499413,0.227513,0.000639779
232.1,0.0411073,1,0.339582,-0.0499413,0.22683,0.000660588
232.15,0.0410598,1,0.338786,-0.0499413,0.226221,0.000681323
232.2,0.0410123,1,0.337908,-0.0499413,0.22554,0.00070205
232.25,0.0409648,1,0.337115,-0.0499413,0.224861,0.000725047
232.3,0.0409173,1,0.33624,-0.0499413,0.224254,0.000747453
232.35,0.0408699,1,0.33545,-0.0499413,0.223577,0.000769942
232.4,0.0408224,1,0.334578,-0.0499413,0.222901,0.000792603
232.45,0.0407749,1,0.333791,-0.0499413,0.222298,0.000815264
232.5,0.0407275,1,0.332922,-0.0499413,0.221625,0.000837835
232.55,0.04068,1,0.332137,-0.0499413,0.221024,0.000860496
232.6,0.0406326,1,0.331271,-0.0499413,0.220424,0.000881813
232.65,0.0405852,1,0.33049,-0.0499413,0.219754,0.000902539
232.7,0.0405377,1,0.329627,-0.0499413,0.219156,0.000923356
232.75,0.0404903,1,0.328849,-0.0499413,0.21856,0.000944255
232.8,0.0404429,1,0.327989,-0.0499413,0.217893,0.000965236
232.85,0.0403955,1,0.327213,-0.0499413,0.217298,0.000986299
232.9,0.0403481,1,0.326357,-0.0499413,0.216705,0.00100728
232.95,0.0403008,1,0.325584,-0.0499413,0.216042,0.00102826
233,0.0402534,1,0.32473,-0.0499413,0.21545,0.00104924
233.05,0.040206,1,0.323961,-0.0499413,0.21486,0.0010719
233.1,0.0401587,1,0.32311,-0.0499413,0.2142,0.00109389
233.15,0.0401113,1,0.322343,-0.0499413,0.213612,0.00111596
233.2,0.040064,1,0.321496,-0.0499413,0.213025,0.00113811
233.25,0.0400166,1,0.320732,-0.0499413,0.212368,0.00116027
233.3,0.0399693,1,0.319888,-0.0499413,0.211783,0.00118243
233.35,0.039922,1,0.319127,-0.0499413,0.211129,0.00120408
233.4,0.0398747,1,0.318285,-0.0499413,0.210476,0.00122506
233.45,0.0398274,1,0.317527,-0.0499413,0.209894,0.00124613
233.5,0.0397801,1,0.316689,-0.0499413,0.209243,0.00126727
233.55,0.0397328,1,0.315934,-0.0499413,0.208664,0.00128834
233.6,0.0396855,1,0.315099,-0.0499413,0.208085,0.0013094
233.65,0.0396383,1,0.314346,-0.0499413,0.207438,0.00133181
233.7,0.039591,1,0.313514,-0.0499413,0.206861,0.00135363
233.75,0.0395438,1,0.312765,-0.0499413,0.206286,0.00137553
233.8,0.0394965,1,0.312017,-0.0499413,0.205642,0.00139752
233.85,0.0394654,1,0.311271,-0.0499413,0.205069,0.00141959
233.9,0.0394546,1,0.310525,-0.0499413,0.204496,0.0014415
233.95,0.0394439,1,0.309781,-0.0499413,0.203925,0.00146324
234,0.0394332,1,0.309039,-0.0499413,0.203355,0.00148422
234.05,0.0394225,1,0.308298,-0.00622268,0.202786,0.00150536
234.1,0.0394118,1,0.307558,-0.00623147,0.202218,0.00152651
234.15,0.039401,1,0.30682,-0.00624026,0.201651,0.00154766
234.2,0.0393903,1,0.306083,-0.00624905,0.201084,0.00156872
234.25,0.0393796,1,0.305348,-0.00625784,0.200519,0.00159096
234.3,0.0393689,1,0.304614,-0.00626662,0.199955,0.00161262
234.35,0.0393582,1,0.303881,-0.00627539,0.199392,0.00163443
234.4,0.0393475,1,0.303149,-0.00628416,0.19883,0.00165626
234.45,0.0393368,1,0.302401,-0.00629295,0.198268,0.00167808
234.5,0.0393261,1,0.301654,-0.00630172,0.197708,0.0016999
234.55,0.0393154,1,0.300909,-0.00631049,0.197149,0.00172164
234.6,0.0393048,1,0.300165,-0.00631925,0.196591,0.00174262
234.65,0.0392941,1,0.299423,-0.006328,0.196033,0.00176384
234.7,0.0392834,1,0.298681,-0.00633676,0.195477,0.00178508
234.75,0.0392727,1,0.297942,-0.0063455,0.194922,0.00180631
234.8,0.039262,1,0.297204,-0.00635426,0.194368,0.00182746
234.85,0.0392514,1,0.296467,-0.00636302,0.193815,0.00184953
234.9,0.0392407,1,0.295731,-0.00637176,0.193262,0.00187094
234.95,0.0392301,1,0.294997,-0.00638051,0.192711,0.0018925
235,0.0392194,1,0.294265,-0.00638922,0.192161,0.00191415
235.05,0.0392087,1,0.293534,-0.00639796,0.191612,0.0019358
235.1,0.0391981,1,0.292804,-0.00640669,0.191063,0.00195738
235.15,0.0391875,1,0.292076,-0.00641541,0.190516,0.00197919
235.2,0.0391768,1,0.291349,-0.00642415,0.18997,0.00200035
235.25,0.0391662,1,0.290623,-0.00643288,0.189424,0.00202157
235.3,0.0391556,1,0.289899,-0.00644158,0.18888,0.00204289
235.35,0.0391449,1,0.289177,-0.0064503,0.188337,0.00206412
235.4,0.0391343,1,0.288455,-0.00645901,0.187794,0.00208528
235.45,0.0391237,1,0.287736,-0.00646771,0.187253,0.00210718
235.5,0.0391131,1,0.287017,-0.00647641,0.186712,0.00212841
235.55,0.0391024,1,0.2863,-0.00648511,0.186173,0.00214981
235.6,0.0390918,1,0.285585,-0.00649381,0.185634,0.00217121
235.65,0.0390812,1,0.28487,-0.00650251,0.185097,0.00219261
235.7,0.0390706,1,0.284158,-0.0065112,0.18456,0.00221401
235.75,0.03906,1,0.283446,-0.00651988,0.184025,0.00223541
235.8,0.0390495,1,0.282736,-0.00652858,0.18349,0.00225723
235.85,0.0390389,1,0.282028,-0.00653725,0.182957,0.00227838
235.9,0.0390283,1,0.281321,-0.00654593,0.182424,0.0022997
235.95,0.0390177,1,0.280615,-0.0065546,0.181893,0.00232102
236,0.0390071,1,0.27991,-0.00656328,0.181362,0.00234225
236.05,0.0389965,1,0.279207,-0.00657193,0.180832,0.00236348
236.1,0.038986,1,0.278506,-0.00658061,0.180304,0.00238513
236.15,0.0389754,1,0.277806,-0.00658927,0.179776,0.00240628
236.2,0.0389649,1,0.277107,-0.00659794,0.179249,0.00242751
236.25,0.0389543,1,0.276409,-0.0066066,0.178724,0.00244883
236.3,0.0389437,1,0.275713,-0.00661525,0.178199,0.00247006
236.35,0.0389332,1,0.275019,-0.00662388,0.177675,0.00249138
236.4,0.0389226,1,0.274325,-0.00663253,0.177152,0.00251261
236.45,0.0389121,1,0.273633,-0.00664116,0.17663,0.00253443
236.5,0.0389016,1,0.272943,-0.00664979,0.176109,0.00255558
236.55,0.038891,1,0.272254,-0.00665845,0.175589,0.00257681
236.6,0.0388805,1,0.271566,-0.00666705,0.17507,0.00259805
236.65,0.03887,1,0.27088,-0.00667569,0.174552,0.00261928
236.7,0.0388595,1,0.270195,-0.0066843,0.174035,0.00264084
236.75,0.038849,1,0.269511,-0.00669292,0.173519,0.00266182
236.8,0.0388385,1,0.268829,-0.00670154,0.173004,0.00268298
236.85,0.038828,1,0.268148,-0.00671015,0.17249,0.00270421
236.9,0.0388175,1,0.267468,-0.00671875,0.171977,0.00272536
236.95,0.038807,1,0.26679,-0.00672735,0.171465,0.00274651
237,0.0387965,1,0.266113,-0.00673593,0.170953,0.00276757
237.05,0.038786,1,0.265438,-0.00674453,0.170443,0.00278939
237.1,0.0387756,1,0.264764,-0.00675312,0.169934,0.00281045
237.15,0.0387651,1,0.264091,-0.00676169,0.169425,0.0028316
237.2,0.0387546,1,0.26342,-0.00677028,0.168918,0.00285284
237.25,0.0387442,1,0.26275,-0.00677886,0.168411,0.00287432
237.3,0.0387337,1,0.262082,-0.00678743,0.167906,0.00289522
237.35,0.0387232,1,0.261415,-0.00679599,0.167401,0.0029162
237.4,0.0387128,1,0.260749,-0.00680456,0.166898,0.00293726
237.45,0.0387024,1,0.260085,-0.00681313,0.166395,0.00295833
237.5,0.0386919,1,0.259421,-0.00682167,0.165893,0.00297931
237.55,0.0386815,1,0.25876,-0.00683023,0.165393,0.00300105
237.6,0.038671,1,0.2581,-0.00683878,0.164893,0.00302211
237.65,0.0386606,1,0.257441,-0.00684732,0.164394,0.00304326
237.7,0.0386502,1,0.256783,-0.00685586,0.163896,0.00306475
237.75,0.0386398,1,0.256127,-0.00686438,0.163399,0.00308589
237.8,0.0386294,1,0.255472,-0.00687293,0.162903,0.00310721
237.85,0.038619,1,0.254819,-0.00688145,0.162408,0.00313415
237.9,0.0386086,1,0.254167,-0.00688998,0.161914,0.00316067
237.95,0.0385982,1,0.253516,-0.00689849,0.161421,0.00318735
238,0.0385878,1,0.252866,-0.00690701,0.160929,0.00321396
238.05,0.0385774,1,0.252218,-0.00691551,0.160437,0.00324048
238.1,0.038567,1,0.251571,-0.006924,0.159947,0.00326314
238.15,0.0385567,1,0.250926,-0.00693251,0.159458,0.00328487
238.2,0.0385463,1,0.250281,-0.00694101,0.158969,0.00330653
238.25,0.038536,1,0.249638,-0.0069495,0.158482,0.00332851
238.3,0.0385256,1,0.248997,-0.00695799,0.157995,0.00334999
238.35,0.0385152,1,0.248356,-0.00696646,0.157509,0.00337182
238.4,0.0385049,1,0.247717,-0.00697494,0.157025,0.0033933
238.45,0.0384946,1,0.247079,-0.00698342,0.156541,0.00341563
238.5,0.0384842,1,0.246443,-0.00699188,0.156058,0.00343795
238.55,0.0384739,1,0.245808,-0.00700033,0.155576,0.00346523
238.6,0.0384636,1,0.245174,-0.00700879,0.155095,0.00349141
238.65,0.0384533,1,0.244542,-0.00701725,0.154615,0.00351784
238.7,0.038443,1,0.243911,-0.0070257,0.154136,0.00354445
238.75,0.0384327,1,0.243281,-0.00703416,0.153658,0.00357097
238.8,0.0384223,1,0.242653,-0.00704259,0.15318,0.00359749
238.85,0.038412,1,0.242025,-0.00705104,0.152704,0.00362384
238.9,0.0384018,1,0.2414,-0.00705946,0.152229,0.0036465
238.95,0.0383915,1,0.240775,-0.00706788,0.151754,0.00366807
239,0.0383812,1,0.240152,-0.00707631,0.151281,0.00369022
239.05,0.0383709,1,0.23953,-0.00708472,0.150808,0.00371205
239.1,0.0383607,1,0.238909,-0.00709315,0.150336,0.00373428
239.15,0.0383504,1,0.23829,-0.00710156,0.149865,0.00375652
239.2,0.0383401,1,0.237672,-0.00710997,0.149395,0.00377826
239.25,0.0383299,1,0.237055,-0.00711836,0.148927,0.00380016
239.3,0.0383196,1,0.236439,-0.00712675,0.148458,0.00382408
239.35,0.0383094,1,0.235825,-0.00713514,0.147991,0.00385127
239.4,0.0382992,1,0.235212,-0.0071435,0.147525,0.00387729
239.45,0.038289,1,0.234601,-0.00715189,0.14706,0.00390364
239.5,0.0382788,1,0.233991,-0.00716025,0.146596,0.00393007
239.55,0.0382685,1,0.233382,-0.00716863,0.146132,0.00395651
239.6,0.0382583,1,0.232774,-0.007177,0.145669,0.00398312
239.65,0.0382481,1,0.232168,-0.00718536,0.145208,0.00400964
239.7,0.0382379,1,0.231563,-0.00719371,0.144747,0.00403607
239.75,0.0382277,1,0.230959,-0.00720206,0.144287,0.00406243
239.8,0.0382175,1,0.230356,-0.0072104,0.143828,0.004085
239.85,0.0382074,1,0.229755,-0.00721876,0.14337,0.00410631
239.9,0.0381972,1,0.229155,-0.00722709,0.142913,0.00412847
239.95,0.038187,1,0.228556,-0.00723542,0.142457,0.00414979
240,0.0381769,1,0.227959,-0.00724374,0.142001,0.00417144
240.05,0.0381667,1,0.227363,-0.00725206,0.141547,0.00419368
240.1,0.0381566,1,0.226768,-0.00726037,0.141093,0.004215
240.15,0.0381464,1,0.226174,-0.00726868,0.140641,0.00423682
240.2,0.0381363,1,0.225582,-0.00727698,0.140189,0.00426242
240.25,0.0381261,1,0.224991,-0.00728529,0.139738,0.00428952
240.3,0.038116,1,0.224401,-0.0072936,0.139288,0.00431537
240.35,0.0381059,1,0.223813,-0.00730188,0.138839,0.0043413
240.4,0.0380958,1,0.223225,-0.00731016,0.138391,0.0043674
240.45,0.0380857,1,0.222639,-0.00731845,0.137944,0.0043935
240.5,0.0380387,1,0.221998,-0.00735693,0.137498,0.00441968
240.55,0.0379917,1,0.221358,-0.00739544,0.13699,0.00444562
240.6,0.0379447,1,0.220719,-0.00743394,0.136484,0.00446912
240.65,0.0378977,1,0.220082,-0.0074724,0.135979,0.00449119
240.7,0.0378508,1,0.219446,-0.00751089,0.135475,0.0045136
240.75,0.0378038,1,0.218811,-0.00754933,0.134972,0.00453525
240.8,0.0377569,1,0.218178,-0.00758779,0.13447,0.00455656
240.85,0.0377099,1,0.217546,-0.00762623,0.13397,0.00457847
240.9,0.037663,1,0.216915,-0.00766467,0.13347,0.00460104
240.95,0.0376161,1,0.216286,-0.00770311,0.132971,0.00462379
241,0.0375692,1,0.215658,-0.00774152,0.132474,0.00465022
241.05,0.0375223,1,0.215032,-0.00777993,0.131977,0.00467574
241.1,0.0374754,1,0.214407,-0.00781834,0.131481,0.00470141
241.15,0.0374285,1,0.213783,-0.00785674,0.130987,0.00472726
241.2,0.0373816,1,0.213161,-0.00789515,0.130494,0.00475311
241.25,0.0373347,1,0.21254,-0.00793352,0.130001,0.00477896
241.3,0.0372879,1,0.21192,-0.0079719,0.12951,0.00480481
241.35,0.037241,1,0.211302,-0.00801025,0.12902,0.00483058
241.4,0.0371941,1,0.210685,-0.00804862,0.12853,0.00485617
241.45,0.0371941,1,0.21007,-0.00808695,0.128042,0.00487799
241.5,0.0919975,1,0.209456,-0.0081253,0.127555,0.00490023
241.55,0.091942,1,0.208843,-0.00816365,0.127069,0.0049223
241.6,0.0918866,1,0.208232,-0.00820196,0.126584,0.00494463
241.65,0.0918312,1,0.207622,-0.00824028,0.1261,0.00496678
241.7,0.0917759,1,0.207013,-0.00827859,0.125617,0.00498919
241.75,0.0917205,1,0.206405,-0.00831689,0.125135,0.00501151
241.8,0.0916651,1,0.205799,-0.00835518,0.124654,0.00503317
241.85,0.0916097,1,0.205194,-0.00839347,0.124174,0.00506052
241.9,0.0915544,1,0.204591,-0.00843176,0.123695,0.00508536
241.95,0.091499,1,0.203989,-0.00847001,0.123217,0.00511054
242,0.0914437,1,0.203388,-0.00850828,0.12274,0.0051358
242.05,0.0913883,1,0.202789,-0.00854652,0.122264,0.00516107
242.1,0.091333,1,0.202191,-0.00858478,0.12179,0.00518641
242.15,0.0912777,1,0.201595,-0.00862301,0.121316,0.00521167
242.2,0.0912224,1,0.200999,-0.00866124,0.120843,0.00523676
242.25,0.091167,1,0.200406,-0.00869948,0.120372,0.00526228
242.3,0.0911118,1,0.199813,-0.00873768,0.119901,0.00528326
242.35,0.0910565,1,0.199222,-0.0087759,0.119431,0.00530533
242.4,0.0910012,1,0.198632,-0.00881407,0.118963,0.00532682
242.45,0.0909459,1,0.198044,-0.00885228,0.118495,0.0053483
242.5,0.0908906,1,0.197457,-0.00889045,0.118029,0.00537045
242.55,0.0908354,1,0.196871,-0.00892863,0.117563,0.00539168
242.6,0.0907801,1,0.196286,-0.0089668,0.117099,0.00541401
242.65,0.0907249,1,0.195702,-0.00900495,0.116635,0.00543935
242.7,0.0906697,1,0.19512,-0.00904311,0.116172,0.00546377
242.75,0.0906145,1,0.194539,-0.00908124,0.115711,0.00548837
242.8,0.0905592,1,0.19396,-0.00911938,0.11525,0.00551312
242.85,0.090504,1,0.193381,-0.00915749,0.11479,0.00553788
242.9,0.0904488,1,0.192804,-0.00919562,0.114332,0.00556264
242.95,0.0903936,1,0.192228,-0.00923374,0.113874,0.0055874
243,0.0903384,1,0.191654,-0.00927182,0.113417,0.00561206
243.05,0.0902832,1,0.191081,-0.00930993,0.112962,0.00563666
243.1,0.0902281,1,0.190509,-0.00934801,0.112507,0.00566184
243.15,0.0901729,1,0.189938,-0.00938609,0.112053,0.00568424
243.2,0.0901178,1,0.189369,-0.00942416,0.111601,0.00570489
243.25,0.0900626,1,0.188801,-0.00946222,0.111149,0.00572553
243.3,0.0900075,1,0.188235,-0.00950028,0.110698,0.00574677
243.35,0.0899524,1,0.187669,-0.00953832,0.110249,0.00576716
243.4,0.0898972,1,0.187105,-0.00957637,0.1098,0.00578806
243.45,0.0898421,1,0.186542,-0.00961438,0.109352,0.00580887
243.5,0.089787,1,0.18598,-0.00965241,0.108906,0.00582968
243.55,0.0897319,1,0.18542,-0.00969041,0.10846,0.00585553
243.6,0.0896768,1,0.18486,-0.00972843,0.108015,0.00587928
243.65,0.0896217,1,0.184303,-0.00976644,0.107571,0.00590345
243.7,0.0895667,1,0.183746,-0.00980441,0.107128,0.00592745
243.75,0.0895116,1,0.18319,-0.0098424,0.106686,0.00595171
243.8,0.0894566,1,0.182636,-0.00988037,0.106245,0.00597638
243.85,0.0894015,1,0.182083,-0.00991834,0.105805,0.00600055
243.9,0.0893465,1,0.181532,-0.00995629,0.105366,0.00602598
243.95,0.0892914,1,0.180981,-0.00999424,0.104928,0.00604738
244,0.0892364,1,0.180432,-0.0100322,0.104491,0.0060676
244.05,0.0891814,1,0.179884,-0.0100701,0.104055,0.00608817
244.1,0.0891264,1,0.179337,-0.0101081,0.10362,0.00610881
244.15,0.0890714,1,0.178792,-0.010146,0.103186,0.00612962
244.2,0.0890164,1,0.178248,-0.0101839,0.102753,0.0061506
244.25,0.0889614,1,0.177705,-0.0102218,0.10232,0.00617184
244.3,0.0889064,1,0.177163,-0.0102597,0.101889,0.00619323
244.35,0.0888514,1,0.176622,-0.0102976,0.101458,0.0062148
244.4,0.0887965,1,0.176082,-0.0103354,0.101029,0.00623646
244.45,0.0887415,1,0.175544,-0.0103733,0.1006,0.00625803
244.5,0.0886866,1,0.175007,-0.0104112,0.100173,0.00628002
244.55,0.0886317,1,0.174471,-0.010449,0.099746,0.00630209
244.6,0.0885767,1,0.173936,-0.0104868,0.0993202,0.00632424
244.65,0.0885218,1,0.173402,-0.0105247,0.0988953,0.00634648
244.7,0.0884669,1,0.172869,-0.0105625,0.0984713,0.00636838
244.75,0.088412,1,0.172338,-0.0106004,0.0980483,0.00639029
244.8,0.0883571,1,0.171807,-0.0106382,0.0976262,0.00641236
244.85,0.0883022,1,0.171278,-0.010676,0.097205,0.00643418
244.9,0.0882473,1,0.17075,-0.0107138,0.0967848,0.00645608
244.95,0.0881924,1,0.170224,-0.0107515,0.0963655,0.00647916
245,0.0881376,1,0.169698,-0.0107893,0.0959471,0.00650451
245.05,0.0880827,1,0.169174,-0.0108271,0.0955296,0.00652969
245.1,0.0880279,1,0.168651,-0.0108649,0.0951131,0.00655478
245.15,0.0879731,1,0.168129,-0.0109026,0.0946975,0.00657928
245.2,0.0879182,1,0.167608,-0.0109404,0.0942828,0.00660169
245.25,0.0878634,1,0.167088,-0.0109781,0.093869,0.00662486
245.3,0.0878086,1,0.16657,-0.0110159,0.0934562,0.00664785
245.35,0.0877538,1,0.166052,-0.0110536,0.0930442,0.00667219
245.4,0.0876989,1,0.165536,-0.0110913,0.0926332,0.00669644
245.45,0.0876442,1,0.165021,-0.011129,0.0922231,0.00672171
245.5,0.0875894,1,0.164508,-0.0111667,0.091814,0.0067473
245.55,0.0875346,1,0.163995,-0.0112044,0.0914057,0.00677466
245.6,0.0874798,1,0.163484,-0.0112421,0.0909984,0.00680051
245.65,0.0874251,1,0.162974,-0.0112798,0.0905919,0.00682879
245.7,0.0873703,1,0.162465,-0.0113174,0.0901864,0.00685539
245.75,0.0873156,1,0.161957,-0.0113551,0.0897817,0.00688217
245.8,0.0872608,1,0.16145,-0.0113928,0.0893779,0.00690902
245.85,0.0872061,1,0.160944,-0.0114304,0.088975,0.00693579
245.9,0.0871514,1,0.160439,-0.011468,0.0885729,0.00696248
245.95,0.0870967,1,0.159936,-0.0115057,0.0881717,0.00698925
246,0.0870419,1,0.159433,-0.0115433,0.0877712,0.00701417
246.05,0.0869873,1,0.158931,-0.0115809,0.0873717,0.00703927
246.1,0.0869326,1,0.15843,-0.0116185,0.086973,0.0070647
246.15,0.0868779,1,0.157931,-0.0116561,0.0865752,0.00709012
246.2,0.0868232,1,0.157432,-0.0116937,0.0861782,0.00711572
246.25,0.0867685,1,0.156935,-0.0117313,0.085782,0.00714157
246.3,0.0867139,1,0.156438,-0.0117689,0.0853868,0.00716742
246.35,0.0866592,1,0.155943,-0.0118064,0.0849924,0.00719478
246.4,0.0866046,1,0.155448,-0.011844,0.0845988,0.0072208
246.45,0.08655,1,0.154955,-0.0118815,0.0842061,0.00724714
246.5,0.0864954,1,0.154463,-0.0119191,0.0838143,0.00727367
246.55,0.0864407,1,0.153972,-0.0119566,0.0834233,0.00730035
246.6,0.0863861,1,0.153482,-0.0119941,0.0830332,0.00732704
246.65,0.0863315,1,0.152993,-0.0120317,0.082644,0.00735365
246.7,0.0862769,1,0.152505,-0.0120692,0.0822556,0.00738025
246.75,0.0862223,1,0.152018,-0.0121067,0.081868,0.00740685
246.8,0.0861678,1,0.151532,-0.0121442,0.0814812,0.00743371
246.85,0.0861132,1,0.151047,-0.0121816,0.0810953,0.00746098
246.9,0.0860586,1,0.150563,-0.0122191,0.0807102,0.00748834
246.95,0.0860041,1,0.15008,-0.0122566,0.080326,0.00751562
247,0.0859495,1,0.149598,-0.0122941,0.0799425,0.00754306
247.05,0.085895,1,0.149117,-0.0123315,0.07956,0.00757034
247.1,0.0858405,1,0.148637,-0.0123689,0.0791783,0.00759795
247.15,0.0857859,1,0.148159,-0.0124064,0.0787973,0.00762539
247.2,0.0857315,1,0.147681,-0.0124438,0.0784173,0.007653
247.25,0.0856769,1,0.147204,-0.0124812,0.078038,0.00768069
247.3,0.0856224,1,0.146728,-0.0125186,0.0776595,0.00770864
247.35,0.0855679,1,0.146253,-0.0125561,0.0772818,0.00773642
247.4,0.0855135,1,0.145778,-0.0125935,0.076905,0.00776487
247.45,0.085459,1,0.145305,-0.0126308,0.0765288,0.00779349
247.5,0.0854045,1,0.144833,-0.0126682,0.0761535,0.00782211
247.55,0.0853501,1,0.144361,-0.0127056,0.075779,0.00785072
247.6,0.0852956,1,0.14389,-0.012743,0.0754051,0.00787926
247.65,0.0852412,1,0.143421,-0.0127803,0.0750321,0.00790788
247.7,0.0851867,1,0.142951,-0.0128177,0.0746597,0.0079365
247.75,0.0851323,1,0.142483,-0.012855,0.0742881,0.00796511
247.8,0.0850779,1,0.142016,-0.0128923,0.0739173,0.00799373
247.85,0.0850235,1,0.141549,-0.0129297,0.0735471,0.00802234
247.9,0.0849691,1,0.141083,-0.012967,0.0731776,0.00805096
247.95,0.0849147,1,0.140617,-0.0130043,0.0728089,0.00807958
248,0.0848603,1,0.140153,-0.0130416,0.0724409,0.00810811
248.05,0.0848059,1,0.139689,-0.0130789,0.0720735,0.00813673
248.1,0.0847516,1,0.139226,-0.0131162,0.0717068,0.00816519
248.15,0.0846972,1,0.138764,-0.0131535,0.0713408,0.00819347
248.2,0.0846428,1,0.138302,-0.0131907,0.0709755,0.00822158
248.25,0.0845885,1,0.137841,-0.013228,0.0706109,0.00824945
248.3,0.0845342,1,0.137381,-0.0132652,0.0702469,0.00827714
248.35,0.0844798,1,0.136921,-0.0133025,0.0698836,0.00830467
248.4,0.0844255,1,0.136462,-0.0133397,0.0695209,0.00832455
248.45,0.0843712,1,0.136003,-0.013377,0.0691588,0.00834293
248.5,0.0843169,1,0.135546,-0.0134142,0.0687974,0.00836165
248.55,0.0842626,1,0.135089,-0.0134514,0.0684366,0.00838145
248.6,0.0842083,1,0.134632,-0.0134886,0.0680765,0.00840143
248.65,0.084154,1,0.134176,-0.0135258,0.0677171,0.00842149
248.7,0.0840997,1,0.133721,-0.013563,0.0673583,0.00844163
248.75,0.0840455,1,0.133267,-0.0136002,0.0670001,0.00846185
248.8,0.0839912,1,0.132813,-0.0136373,0.0666425,0.00848216
248.85,0.083937,1,0.13236,-0.0136745,0.0662856,0.00850255
248.9,0.0838828,1,0.131907,-0.0137117,0.0659293,0.00852303
248.95,0.0838285,1,0.131456,-0.0137488,0.0655737,0.0085436
249,0.0837743,1,0.131004,-0.013786,0.0652186,0.00856416
249.05,0.0837201,1,0.130554,-0.0138231,0.0648643,0.00858489
249.1,0.0836659,1,0.130104,-0.0138602,0.0645105,0.00860561
249.15,0.0836116,1,0.129655,-0.0138974,0.0641574,0.00862643
249.2,0.0835575,1,0.129206,-0.0139344,0.0638049,0.00865295
249.25,0.0835033,1,0.128758,-0.0139716,0.063453,0.00867837
249.3,0.0834491,1,0.128311,-0.0140086,0.0631018,0.00870389
249.35,0.0833949,1,0.127864,-0.0140457,0.0627513,0.0087294
249.4,0.0833408,1,0.127418,-0.0140828,0.0624013,0.00875499
249.45,0.0832866,1,0.126972,-0.0141199,0.062052,0.00877656
249.5,0.0832325,1,0.126528,-0.014157,0.0617033,0.00879729
249.55,0.0831783,1,0.126083,-0.014194,0.0613552,0.00881836
249.6,0.0831242,1,0.12564,-0.014231,0.0610077,0.00883959
249.65,0.0830701,1,0.125197,-0.0142681,0.060661,0.00886091
249.7,0.083016,1,0.124755,-0.0143051,0.0603148,0.0088824
249.75,0.0829618,1,0.124313,-0.0143421,0.0599693,0.00890388
249.8,0.0829078,1,0.123872,-0.0143791,0.0596245,0.00892536
249.85,0.0828537,1,0.123432,-0.0144162,0.0592802,0.00894693
249.9,0.0827996,1,0.122993,-0.0144532,0.0589366,0.00896858
249.95,0.0827455,1,0.122554,-0.0144901,0.0585936,0.00899015
250,0.0826915,1,0.122116,-0.0145271,0.0582513,0.00901549
250.05,0.0826374,1,0.121678,-0.0145641,0.0579096,0.00903983
250.1,0.0825833,1,0.121241,-0.0146011,0.0575685,0.00906426
250.15,0.0825293,1,0.120805,-0.014638,0.057228,0.00908868
250.2,0.0824753,1,0.12037,-0.014675,0.0568882,0.00911309
250.25,0.0824213,1,0.119935,-0.0147119,0.056549,0.00913752
250.3,0.0823672,1,0.1195,-0.0147488,0.0562104,0.00915984
250.35,0.0823132,1,0.119067,-0.0147858,0.0558724,0.00918124
250.4,0.0822592,1,0.118633,-0.0148227,0.055535,0.00920298
250.45,0.0822052,1,0.118201,-0.0148596,0.0551983,0.00922488
250.5,0.0821513,1,0.117769,-0.0148965,0.0548622,0.00924695
250.55,0.0820973,1,0.117338,-0.0149334,0.0545266,0.00926902
250.6,0.0820433,1,0.116907,-0.0149703,0.0541918,0.00929119
250.65,0.0819893,1,0.116477,-0.0150072,0.0538575,0.00931334
250.7,0.0819354,1,0.116048,-0.015044,0.0535239,0.00933549
250.75,0.0818815,1,0.11562,-0.0150809,0.0531909,0.00935765
250.8,0.0818275,1,0.115192,-0.0151177,0.0528585,0.0093798
250.85,0.0817736,1,0.114765,-0.0151546,0.0525268,0.00940415
250.9,0.0817196,1,0.114338,-0.0151914,0.0521957,0.00942748
250.95,0.0816657,1,0.113912,-0.0152282,0.0518652,0.00945098
251,0.0816118,1,0.113487,-0.0152651,0.0515353,0.00947455
251.05,0.081558,1,0.113062,-0.0153019,0.0512061,0.00949805
251.1,0.081504,1,0.112638,-0.0153387,0.0508775,0.00952156
251.15,0.0814502,1,0.112215,-0.0153755,0.0505495,0.00954421
251.2,0.0813963,1,0.111792,-0.0154123,0.0502221,0.00956612
251.25,0.0813424,1,0.11137,-0.0154491,0.0498953,0.00958819
251.3,0.0812886,1,0.110949,-0.0154858,0.0495691,0.00961051
251.35,0.0812347,1,0.110528,-0.0155226,0.0492435,0.00963284
251.4,0.0811809,1,0.110108,-0.0155594,0.0489186,0.00965516
251.45,0.0811271,1,0.109688,-0.0155961,0.0485943,0.00967757
251.5,0.0810732,1,0.109269,-0.0156328,0.0482706,0.00969989
251.55,0.0810194,1,0.108851,-0.0156696,0.0479475,0.0097223
251.6,0.0809656,1,0.108434,-0.0157063,0.047625,0.00974596
251.65,0.0809118,1,0.108017,-0.015743,0.0473031,0.0097687
251.7,0.080858,1,0.1076,-0.0157797,0.0469819,0.00979154
251.75,0.0808042,1,0.107185,-0.0158164,0.0466612,0.00981428
251.8,0.0807504,1,0.10677,-0.0158531,0.0463412,0.00983711
251.85,0.0806966,1,0.106355,-0.0158898,0.0460218,0.00986001
251.9,0.0806429,1,0.105942,-0.0159265,0.045703,0.00988217
251.95,0.0805892,1,0.105528,-0.0159632,0.0453848,0.0099045
252,0.0805354,1,0.105116,-0.0159998,0.0450672,0.00992707
252.05,0.0804817,1,0.104704,-0.0160365,0.0447503,0.00994973
252.1,0.0804279,1,0.104293,-0.0160731,0.0444339,0.00997239
252.15,0.0803742,1,0.103883,-0.0161098,0.0441182,0.00999513
252.2,0.0803205,1,0.103473,-0.0161464,0.0438031,0.0100178
252.25,0.0802668,1,0.103064,-0.016183,0.0434886,0.0100404
252.3,0.0802131,1,0.102655,-0.0162196,0.0431747,0.0100631
252.35,0.0801594,1,0.102247,-0.0162562,0.0428614,0.010086
252.4,0.0801057,1,0.10184,-0.0162928,0.0425487,0.010108
252.45,0.080052,1,0.101433,-0.0163294,0.0422367,0.0101301
252.5,0.0799984,1,0.101028,-0.016366,0.0419253,0.0101521
252.55,0.0799447,1,0.100622,-0.0164026,0.0416145,0.0101741
252.6,0.0798911,1,0.100218,-0.0164392,0.0413043,0.0101973
252.65,0.0798374,1,0.0998139,-0.0164757,0.0409947,0.0102197
252.7,0.0797838,1,0.0994106,-0.0165123,0.0406858,0.0102423
252.75,0.0797302,1,0.099008,-0.0165488,0.0403774,0.0102651
252.8,0.0796766,1,0.0986061,-0.0165853,0.0400696,0.0102879
252.85,0.079623,1,0.0982048,-0.0166219,0.0397625,0.0103107
252.9,0.0795693,1,0.0978042,-0.0166584,0.039456,0.0103334
252.95,0.0795158,1,0.0974043,-0.0166949,0.03915,0.0103563
253,0.0794622,1,0.097005,-0.0167314,0.0388447,0.010379
253.05,0.0794086,1,0.0966064,-0.0167679,0.03854,0.0104012
253.1,0.079355,1,0.0962085,-0.0168044,0.038236,0.0104227
253.15,0.0793015,1,0.0958113,-0.0168408,0.0379325,0.0104442
253.2,0.0792479,1,0.0954147,-0.0168773,0.0376297,0.0104657
253.25,0.0791944,1,0.0950188,-0.0169138,0.0373275,0.0104872
253.3,0.0791408,1,0.0946236,-0.0169502,0.0370258,0.0105103
253.35,0.0790873,1,0.0942291,-0.0169867,0.0367249,0.0105328
253.4,0.0790338,1,0.0938353,-0.0170231,0.0364245,0.0105554
253.45,0.0789803,1,0.0934421,-0.0170595,0.0361247,0.0105781
253.5,0.0789267,1,0.0930496,-0.017096,0.0358256,0.010601
253.55,0.0788733,1,0.0926578,-0.0171324,0.035527,0.0106237
253.6,0.0788198,1,0.0922667,-0.0171688,0.0352291,0.0106465
253.65,0.0787663,1,0.0918762,-0.0172052,0.0349318,0.0106692
253.7,0.0787128,1,0.0914865,-0.0172416,0.0346351,0.010692
253.75,0.0786594,1,0.0910974,-0.017278,0.034339,0.0107137
253.8,0.0786059,1,0.090709,-0.0173143,0.0340435,0.0107347
253.85,0.0785524,1,0.0903214,-0.0173507,0.0337487,0.0107557
253.9,0.078499,1,0.0899344,-0.0173871,0.0334544,0.0107767
253.95,0.0784456,1,0.0895482,-0.0174234,0.0331608,0.0107978
254,0.0783922,1,0.0891627,-0.0174598,0.0328678,0.0108208
254.05,0.0783387,1,0.0887778,-0.0174961,0.0325754,0.0108432
254.1,0.0782853,1,0.0883937,-0.0175324,0.0322836,0.0108657
254.15,0.0782319,1,0.0880103,-0.0175687,0.0319925,0.0108883
254.2,0.0781785,1,0.0876275,-0.017605,0.0317019,0.0109111
254.25,0.0781252,1,0.0872455,-0.0176413,0.031412,0.0109338
254.3,0.0780718,1,0.0868641,-0.0176776,0.0311226,0.0109566
254.35,0.0780184,1,0.0864834,-0.0177139,0.0308338,0.0109792
254.4,0.077965,1,0.0861035,-0.0177502,0.0305457,0.0110018
254.45,0.0779117,1,0.0857242,-0.0177865,0.0302582,0.0110244
254.5,0.0778583,1,0.0853457,-0.0178227,0.0299713,0.0110457
254.55,0.077805,1,0.0849679,-0.017859,0.029685,0.0110662
254.6,0.0777517,1,0.0845908,-0.0178952,0.0293993,0.0110867
254.65,0.0776983,1,0.0842144,-0.0179315,0.0291142,0.0111074
254.7,0.0776451,1,0.0838388,-0.0179677,0.0288298,0.011128
254.75,0.0775917,1,0.0834639,-0.0180039,0.028546,0.0111487
254.8,0.0775384,1,0.0830898,-0.0180401,0.0282627,0.0111713
254.85,0.0774852,1,0.0827164,-0.0180763,0.0279802,0.0111933
254.9,0.0774318,1,0.0823437,-0.0181125,0.0276982,0.0112154
254.95,0.0773786,1,0.0819717,-0.0181487,0.0274168,0.0112375
255,0.0773253,1,0.0816005,-0.0181849,0.0271361,0.0112596
255.05,0.0772721,1,0.08123,-0.0182211,0.0268559,0.0112817
255.1,0.0772188,1,0.0808602,-0.0182573,0.0265763,0.0113037
255.15,0.0771656,1,0.0804911,-0.0182934,0.0262974,0.0113248
255.2,0.0771123,1,0.0801228,-0.0183296,0.026019,0.0113453
255.25,0.0770591,1,0.0797552,-0.0183657,0.0257413,0.0113659
255.3,0.0770059,1,0.0793883,-0.0184018,0.0254642,0.0113865
255.35,0.0769527,1,0.0790223,-0.018438,0.0251877,0.0114071
255.4,0.0768995,1,0.0787104,-0.0184741,0.0249118,0.0114293
255.45,0.0768463,1,0.0783991,-0.0185102,0.0246365,0.0114509
255.5,0.0767931,1,0.0780884,-0.0185463,0.0243618,0.0114725
255.55,0.0767399,1,0.0777784,-0.0185824,0.0240878,0.0114943
255.6,0.0766867,1,0.0774688,-0.0186185,0.0238143,0.0115161
255.65,0.0766336,1,0.0771599,-0.0186545,0.0235414,0.0115372
255.7,0.0765804,1,0.0768516,-0.0186906,0.0232692,0.0115585
255.75,0.0765273,1,0.0765438,-0.0187267,0.0229975,0.0115799
255.8,0.0764742,1,0.0762366,-0.0187627,0.0227264,0.0116013
255.85,0.076421,1,0.07593,-0.0187988,0.0224559,0.0116229
255.9,0.0763679,1,0.0756239,-0.0188348,0.022186,0.0116445
255.95,0.0763148,1,0.0753184,-0.0188708,0.0219165,0.0116662
256,0.0762617,1,0.0750134,-0.0189069,0.0216476,0.011688
256.05,0.0762086,1,0.0747089,-0.0189429,0.0213792,0.0117098
256.1,0.0761555,1,0.0744049,-0.0189789,0.0211114,0.0117313
256.15,0.0761024,1,0.0741014,-0.0190149,0.0208441,0.0117539
256.2,0.0760494,1,0.0737985,-0.0190509,0.0205773,0.0117757
256.25,0.0759963,1,0.0734434,-0.0190869,0.0203111,0.0117972
256.3,0.0759432,1,0.0730891,-0.0191228,0.0200455,0.0118196
256.35,0.0759083,1,0.0727534,-0.0191465,0.0197953,0.0118412
256.4,0.0758962,1,0.072441,-0.0191547,0.0195646,0.0118621
256.45,0.0758842,1,0.0721292,-0.0191629,0.0193343,0.011883
256.5,0.0758721,1,0.0718179,-0.0191711,0.0191045,0.011904
256.55,0.07586,1,0.0715072,-0.0191792,0.0188751,0.0119265
256.6,0.075848,1,0.0711971,-0.0191874,0.0186462,0.0119483
256.65,0.0758359,1,0.0708875,-0.0191956,0.0184177,0.0119703
256.7,0.0758238,1,0.0705786,-0.0192038,0.0181898,0.0119923
256.75,0.0758117,1,0.0702702,-0.019212,0.0179623,0.0120142
256.8,0.0757997,1,0.0699624,-0.0192202,0.0177352,0.0120361
256.85,0.0757875,1,0.0696552,-0.0192284,0.0175085,0.0120579
256.9,0.0757755,1,0.0693486,-0.0192365,0.0172824,0.0120792
256.95,0.0757634,1,0.0690425,-0.0192448,0.0170567,0.0120999
257,0.0757513,1,0.068737,-0.0192529,0.0168315,0.0121207
257.05,0.0757392,1,0.0684321,-0.0192612,0.0166067,0.0121416
257.1,0.0757271,1,0.0681277,-0.0192693,0.0163824,0.0121625
257.15,0.075715,1,0.0678239,-0.0192775,0.0161585,0.0121834
257.2,0.0757029,1,0.0675207,-0.0192858,0.0159351,0.0122058
257.25,0.0756908,1,0.0672181,-0.019294,0.0157121,0.0122276
257.3,0.0756787,1,0.066916,-0.0193022,0.0154897,0.0122496
257.35,0.0756666,1,0.0666145,-0.0193104,0.0152677,0.0122716
257.4,0.0756545,1,0.0663136,-0.0193186,0.0150461,0.0122938
257.45,0.0756424,1,0.0660133,-0.0193268,0.014825,0.0123161
257.5,0.0756302,1,0.0657136,-0.019335,0.0146044,0.0123386
257.55,0.0756181,1,0.0654144,-0.0193432,0.0143843,0.012361
257.6,0.075606,1,0.0651158,-0.0193514,0.0141645,0.0123836
257.65,0.0755939,1,0.0648178,-0.0193596,0.0139453,0.0124062
257.7,0.0755818,1,0.0645203,-0.0193679,0.0137265,0.0124287
257.75,0.0755696,1,0.0642234,-0.0193761,0.0135082,0.0124512
257.8,0.0755575,1,0.0639272,-0.0193843,0.0132903,0.0124718
257.85,0.0755454,1,0.0636315,-0.0193925,0.0130729,0.0124917
257.9,0.0755332,1,0.0633363,-0.0194007,0.012856,0.0125118
257.95,0.0755211,1,0.0630417,-0.019409,0.0126394,0.012532
258,0.075509,1,0.0627477,-0.0194172,0.0124234,0.0125521
258.05,0.0754968,1,0.0624542,-0.0194254,0.0122077,0.0125723
258.1,0.0754847,1,0.0621612,-0.0194336,0.0119925,0.0125925
258.15,0.0754725,1,0.0618689,-0.0194418,0.0117777,0.0126126
258.2,0.0754604,1,0.061577,-0.0194501,0.0115634,0.0126355
258.25,0.0754483,1,0.0612858,-0.0194583,0.0113496,0.0126579
258.3,0.0754361,1,0.0609951,-0.0194665,0.0111361,0.0126803
258.35,0.075424,1,0.060705,-0.0194748,0.0109231,0.0127026
258.4,0.0754118,1,0.0604154,-0.019483,0.0107106,0.012725
258.45,0.0753997,1,0.0601265,-0.0194912,0.0104985,0.0127455
258.5,0.0753875,1,0.059838,-0.0194995,0.0102869,0.0127655
258.55,0.0753754,1,0.0595502,-0.0195077,0.0100758,0.0127857
258.6,0.0753633,1,0.059263,-0.0195159,0.00986503,0.0128059
258.65,0.0753511,1,0.0589762,-0.0195241,0.00965472,0.0128262
258.7,0.0753389,1,0.05869,-0.0195324,0.00944483,0.0128464
258.75,0.0753268,1,0.0584043,-0.0195406,0.00923537,0.0128667
258.8,0.0753146,1,0.0581192,-0.0195488,0.00902636,0.0128869
258.85,0.0753025,1,0.0578346,-0.0195571,0.0088178,0.0129071
258.9,0.0752904,1,0.0575506,-0.0195653,0.00860964,0.0129299
258.95,0.0752782,1,0.0572672,-0.0195735,0.00840194,0.012952
259,0.075266,1,0.0569843,-0.0195818,0.00819468,0.0129741
259.05,0.0752539,1,0.0567019,-0.01959,0.00798784,0.0129962
259.1,0.0752417,1,0.0564202,-0.0195982,0.00778146,0.0130184
259.15,0.0752296,1,0.056139,-0.0196064,0.00757552,0.013039
259.2,0.0752174,1,0.0558584,-0.0196147,0.00737002,0.0130591
259.25,0.0752053,1,0.0555783,-0.0196229,0.00716496,0.0130794
259.3,0.0751932,1,0.0552988,-0.0196311,0.00696032,0.0130997
259.35,0.075181,1,0.0550198,-0.0196394,0.00675612,0.01312
259.4,0.0751689,1,0.0547414,-0.0196476,0.00655232,0.0131403
259.45,0.0751567,1,0.0544634,-0.0196558,0.00634895,0.0131606
259.5,0.0751446,1,0.0541861,-0.019664,0.00614601,0.013181
259.55,0.0751324,1,0.0539092,-0.0196723,0.00594351,0.0132013
259.6,0.0751202,1,0.053633,-0.0196805,0.00574142,0.0132238
259.65,0.0751081,1,0.0533572,-0.0196887,0.00553977,0.0132457
259.7,0.075096,1,0.053082,-0.0196969,0.00533853,0.0132676
259.75,0.0750838,1,0.0528074,-0.0197052,0.00513773,0.0132895
259.8,0.0750717,1,0.0525333,-0.0197134,0.00493734,0.0133103
259.85,0.0750596,1,0.0522598,-0.0197216,0.00473738,0.0133304
259.9,0.0750474,1,0.0519869,-0.0197298,0.00453787,0.0133506
259.95,0.0750353,1,0.0517144,-0.019738,0.00433876,0.013371
260,0.0750232,1,0.0514425,-0.0197462,0.00414007,0.0133913
260.05,0.075011,1,0.0511712,-0.0197544,0.0039418,0.0134117
260.1,0.0749989,1,0.0509003,-0.0197627,0.00374395,0.013432
260.15,0.0749868,1,0.05063,-0.0197709,0.00354652,0.0134545
260.2,0.0749746,1,0.0503603,-0.0197791,0.00334951,0.0134762
260.25,0.0749625,1,0.0500911,-0.0197873,0.0031529,0.013498
260.3,0.0749504,1,0.0498224,-0.0197955,0.00295676,0.0135198
260.35,0.0749383,1,0.0495543,-0.0198037,0.00276098,0.0135416
260.4,0.0749262,1,0.0492868,-0.0198119,0.00256565,0.0135624
260.45,0.074914,1,0.0490198,-0.0198201,0.00237073,0.0135825
260.5,0.0749019,1,0.0487533,-0.0198283,0.00217626,0.0136027
260.55,0.0748898,1,0.0484874,-0.0198365,0.0019822,0.0136231
260.6,0.0748777,1,0.048222,-0.0198447,0.00178853,0.0136434
260.65,0.0748656,1,0.0479572,-0.0198529,0.00159527,0.0136638
260.7,0.0748535,1,0.0476928,-0.0198611,0.00140244,0.0136842
260.75,0.0748414,1,0.047429,-0.0198693,0.00121,0.0137045
260.8,0.0748293,1,0.0471657,-0.0198775,0.00101798,0.0137248
260.85,0.0748173,1,0.046903,-0.0198857,0.000826381,0.013747
260.9,0.0748052,1,0.0466408,-0.0198938,0.000635192,0.0137687
260.95,0.0747931,1,0.0463792,-0.019902,0.00044442,0.0137904
261,0.074781,1,0.0461181,-0.0199102,0.000254035,0.013812
261.05,0.074769,1,0.0458575,-0.0199183,6.40824e-05,0.0138327
261.1,0.074757,1,0.0455975,-0.0199265,-0.00012546,0.0138528
261.15,0.0747449,1,0.045338,-0.0199346,-0.000314608,0.0138731
261.2,0.0747329,1,0.045079,-0.0199428,-0.000503339,0.0138934
261.25,0.0747209,1,0.0448206,-0.0199509,-0.000691645,0.0139137
261.3,0.0747089,1,0.0445627,-0.019959,-0.000879578,0.013934
261.35,0.0746968,1,0.0443053,-0.0199672,-0.00106711,0.0139543
261.4,0.0746849,1,0.0440485,-0.0199753,-0.00125421,0.0139765
261.45,0.0746729,1,0.0437921,-0.0199834,-0.00144092,0.013998
261.5,0.0746609,1,0.0435364,-0.0199915,-0.0016272,0.0140196
261.55,0.0746489,1,0.0432812,-0.0199996,-0.00181309,0.0140412
261.6,0.074637,1,0.0430264,-0.0200077,-0.00199857,0.0140619
261.65,0.0746251,1,0.0427723,-0.0200157,-0.00218367,0.0140819
261.7,0.0746131,1,0.0425186,-0.0200238,-0.00236835,0.0141023
261.75,0.0746012,1,0.0422655,-0.0200319,-0.00255261,0.0141226
261.8,0.0745892,1,0.042013,-0.02004,-0.00273647,0.0141429
261.85,0.0745773,1,0.041761,-0.0200481,-0.00291993,0.0141631
261.9,0.0745654,1,0.0415095,-0.0200561,-0.00310299,0.0141833
261.95,0.0745535,1,0.0412585,-0.0200642,-0.00328562,0.0142055
262,0.0745416,1,0.0410081,-0.0200722,-0.00346789,0.0142269
262.05,0.0745297,1,0.0407582,-0.0200803,-0.00364975,0.0142484
262.1,0.0745179,1,0.0405088,-0.0200883,-0.00383122,0.01427
262.15,0.074506,1,0.0402599,-0.0200963,-0.00401228,0.0142916
262.2,0.0744941,1,0.0400116,-0.0201043,-0.00419296,0.0143121
262.25,0.0744823,1,0.0397638,-0.0201124,-0.00437323,0.014332
262.3,0.0744704,1,0.0395166,-0.0201204,-0.00455308,0.0143521
262.35,0.0744586,1,0.0392699,-0.0201284,-0.00472382,0.0143722
262.4,0.0744467,1,0.0390236,-0.0201364,-0.00489417,0.0143923
262.45,0.0744349,1,0.0387779,-0.0201444,-0.00506417,0.0144124
262.5,0.0744231,1,0.0385328,-0.0201524,-0.00523382,0.0144324
262.55,0.0744113,1,0.0382882,-0.0201604,-0.00540308,0.0144546
262.6,0.0743995,1,0.0380441,-0.0201684,-0.00558066,0.014476
262.65,0.0743878,1,0.0378005,-0.0201763,-0.00575783,0.0144975
262.7,0.074376,1,0.0375575,-0.0201843,-0.0059346,0.0145192
262.75,0.0743642,1,0.037315,-0.0201923,-0.00611101,0.0145396
262.8,0.0743525,1,0.037073,-0.0202002,-0.00628701,0.0145595
262.85,0.0743407,1,0.0368315,-0.0202082,-0.00646263,0.0145794
262.9,0.074329,1,0.0365905,-0.0202161,-0.00663785,0.0145995
262.95,0.0743172,1,0.0363501,-0.020224,-0.00681268,0.0146196
263,0.0743055,1,0.0361102,-0.020232,-0.00698715,0.0146395
263.05,0.0742938,1,0.0358708,-0.0202399,-0.00716121,0.0146596
263.1,0.0742821,1,0.0356319,-0.0202478,-0.0073349,0.0146796
263.15,0.0742704,1,0.0353935,-0.0202557,-0.0075082,0.0147016
263.2,0.0742587,1,0.0351556,-0.0202636,-0.00768112,0.014723
263.25,0.074247,1,0.0349183,-0.0202715,-0.00785365,0.0147445
263.3,0.0742353,1,0.0346814,-0.0202795,-0.00802581,0.0147661
263.35,0.0742237,1,0.0344451,-0.0202873,-0.00819759,0.0147877
263.4,0.074212,1,0.0342093,-0.0202952,-0.008369,0.0148094
263.45,0.0742004,1,0.033974,-0.0203031,-0.00854001,0.0148295
263.5,0.0741887,1,0.0337392,-0.020311,-0.00871065,0.0148483
263.55,0.0741771,1,0.033505,-0.0203188,-0.00888091,0.0148681
263.6,0.0741655,1,0.0332712,-0.0203267,-0.00905076,0.0148878
263.65,0.0741539,1,0.0330379,-0.0203345,-0.00922028,0.0149076
263.7,0.0741423,1,0.0328052,-0.0203424,-0.00938939,0.0149273
263.75,0.0741307,1,0.0325729,-0.0203502,-0.00955816,0.014947
263.8,0.0741191,1,0.0323412,-0.020358,-0.00972653,0.0149659
263.85,0.0741075,1,0.0321099,-0.0203659,-0.00989456,0.014988
263.9,0.074096,1,0.0318792,-0.0203737,-0.0100622,0.0150106
263.95,0.0740844,1,0.0316489,-0.0203815,-0.0102294,0.0150339
264,0.0740728,1,0.0314192,-0.0203893,-0.0103963,0.0150576
264.05,0.0740613,1,0.03119,-0.0203971,-0.0105628,0.0150815
264.1,0.0740498,1,0.0309613,-0.0204049,-0.010729,0.0151056
264.15,0.0740383,1,0.0307331,-0.0204127,-0.0108947,0.0151299
264.2,0.0740268,1,0.0305054,-0.0204205,-0.0110602,0.0151541
264.25,0.0740153,1,0.0302782,-0.0204283,-0.0112252,0.0151783
264.3,0.0740038,1,0.0300515,-0.0204361,-0.0113899,0.0152025
264.35,0.0739923,1,0.0298253,-0.0204438,-0.0115542,0.0152265
264.4,0.0739808,1,0.0295996,-0.0204516,-0.0117181,0.0152466
264.45,0.0739693,1,0.0293743,-0.0204593,-0.0118817,0.0152653
264.5,0.0739579,1,0.0291496,-0.0204671,-0.0120448,0.0152841
264.55,0.0739464,1,0.0289252,-0.0204749,-0.0122077,0.0153039
264.6,0.0739349,1,0.0287014,-0.0204826,-0.0123702,0.0153237
264.65,0.0739235,1,0.028478,-0.0204903,-0.0125323,0.0153435
264.7,0.0739121,1,0.0282551,-0.0204981,-0.0126941,0.0153682
264.75,0.0739006,1,0.0280326,-0.0205058,-0.0128556,0.0153922
264.8,0.0738892,1,0.0278106,-0.0205135,-0.0130167,0.0154163
264.85,0.0738778,1,0.027589,-0.0205212,-0.0131774,0.0154405
264.9,0.0738664,1,0.027368,-0.0205289,-0.0133378,0.0154647
264.95,0.073855,1,0.0271474,-0.0205366,-0.0134978,0.0154888
265,0.0738437,1,0.0269273,-0.0205443,-0.0136574,0.0155127
265.05,0.0738323,1,0.0267076,-0.020552,-0.0138167,0.0155372
265.1,0.0738209,1,0.0264884,-0.0205597,-0.0139757,0.0155576
265.15,0.0738095,1,0.0262697,-0.0205674,-0.0141343,0.0155765
265.2,0.0737982,1,0.0260514,-0.0205751,-0.0142925,0.0155963
265.25,0.0737868,1,0.0258336,-0.0205827,-0.0144504,0.0156163
265.3,0.0737755,1,0.0256161,-0.0205904,-0.014608,0.0156365
265.35,0.0737642,1,0.0253991,-0.020598,-0.0147652,0.0156565
265.4,0.0737529,1,0.0251825,-0.0206057,-0.0149221,0.0156767
265.45,0.0737416,1,0.0249663,-0.0206133,-0.0150787,0.0157012
265.5,0.0737303,1,0.0247505,-0.0206209,-0.0152349,0.0157248
265.55,0.073719,1,0.0245352,-0.0206286,-0.0153909,0.0157488
265.6,0.0737077,1,0.0243203,-0.0206362,-0.0155464,0.0157729
265.65,0.0736964,1,0.0241059,-0.0206438,-0.0157017,0.0157971
265.7,0.0736851,1,0.0238919,-0.0206515,-0.0158565,0.0158208
265.75,0.0736739,1,0.0236784,-0.0206591,-0.016011,0.0158447
265.8,0.0736626,1,0.0234654,-0.0206667,-0.0161652,0.0158652
265.85,0.0736514,1,0.0232528,-0.0206743,-0.016319,0.015885
265.9,0.0736401,1,0.0230406,-0.0206819,-0.0164725,0.0159051
265.95,0.0736289,1,0.0228288,-0.0206895,-0.0166257,0.0159252
266,0.0736177,1,0.0226174,-0.020697,-0.0167785,0.0159455
266.05,0.0736065,1,0.0224065,-0.0207046,-0.016931,0.0159658
266.1,0.0735953,1,0.0221959,-0.0207122,-0.0170832,0.015986
266.15,0.0735841,1,0.0221865,-0.0207198,-0.017235,0.0160103
266.2,0.0735729,1,0.0221772,-0.0207273,-0.0173866,0.0160314
266.25,0.0735617,1,0.0221678,-0.0207349,-0.0175377,0.0160515
266.3,0.0735506,1,0.0221584,-0.0207424,-0.0176886,0.016076
266.35,0.0735394,1,0.0221491,-0.0207499,-0.0178391,0.0160996
266.4,0.0735283,1,0.0221397,-0.0207575,-0.0179893,0.0161233
266.45,0.0735171,1,0.0221304,-0.020765,-0.0181392,0.0161472
266.5,0.073506,1,0.022121,-0.0207725,-0.0182888,0.016171
266.55,0.0734948,1,0.0221117,-0.0207801,-0.018438,0.016195
266.6,0.0734837,1,0.0221023,-0.0207876,-0.0185869,0.0162187
266.65,0.0734726,1,0.022093,-0.0207951,-0.0187354,0.0162425
266.7,0.0734615,1,0.0220837,-0.0208026,-0.0188837,0.0162633
266.75,0.0734504,1,0.0220744,-0.0208101,-0.0190316,0.0162834
266.8,0.0734393,1,0.0220651,-0.0208176,-0.0191792,0.0163038
266.85,0.0734282,1,0.0220558,-0.0208251,-0.0193264,0.0163243
266.9,0.0734172,1,0.0220465,-0.0208326,-0.0194734,0.0163449
266.95,0.0734061,1,0.0220372,-0.02084,-0.01962,0.0163658
267,0.0733951,1,0.0220279,-0.0208475,-0.0197664,0.0163867
267.05,0.073384,1,0.0220187,-0.020855,-0.0199124,0.0164078
267.1,0.0733729,1,0.0220094,-0.0208624,-0.0200581,0.016429
267.15,0.0733619,1,0.0220001,-0.0208699,-0.0202035,0.0164503
267.2,0.0733509,1,0.0219909,-0.0208773,-0.0203486,0.0164718
267.25,0.0733399,1,0.0219816,-0.0208848,-0.0204934,0.0164934
267.3,0.0733288,1,0.0219724,-0.0208922,-0.0206379,0.0165151
267.35,0.0733178,1,0.0219632,-0.0208997,-0.0207821,0.016537
267.4,0.0733068,1,0.0219539,-0.0209071,-0.020926,0.0165589
267.45,0.0732958,1,0.0219447,-0.0209145,-0.0210696,0.0165808
267.5,0.0732849,1,0.0219355,-0.020922,-0.0212129,0.0166027
267.55,0.0732739,1,0.0219263,-0.0209294,-0.0213559,0.0166245
267.6,0.0732629,1,0.0219171,-0.0209367,-0.0214986,0.0166476
267.65,0.073252,1,0.0219079,-0.0209441,-0.021641,0.0166702
267.7,0.073241,1,0.0218988,-0.0209515,-0.0217831,0.0166919
267.75,0.0732301,1,0.0218896,-0.0209589,-0.0219248,0.016715
267.8,0.0732192,1,0.0218804,-0.0209663,-0.0220663,0.0167373
267.85,0.0732083,1,0.0218713,-0.0209737,-0.0222074,0.0167597
267.9,0.0731973,1,0.0218621,-0.0209811,-0.0223483,0.0167822
267.95,0.0731864,1,0.0218529,-0.0209884,-0.0224888,0.0168047
268,0.0731756,1,0.0218438,-0.0209958,-0.0226291,0.016827
268.05,0.0731647,1,0.0218347,-0.0210031,-0.022769,0.0168492
268.1,0.0731538,1,0.0218256,-0.0210105,-0.0229087,0.0168707
268.15,0.073143,1,0.0218165,-0.0210178,-0.023048,0.0168924
268.2,0.0731321,1,0.0218074,-0.0210251,-0.023187,0.0169142
268.25,0.0731213,1,0.0217983,-0.0210324,-0.0233257,0.0169361
268.3,0.0731105,1,0.0217892,-0.0210397,-0.0234642,0.016958
268.35,0.0730997,1,0.0217802,-0.021047,-0.0236023,0.0169809
268.4,0.0730889,1,0.0217711,-0.0210543,-0.0237401,0.0170032
268.45,0.0730781,1,0.0217621,-0.0210616,-0.0238777,0.0170256
268.5,0.0730673,1,0.0217531,-0.0210689,-0.0240149,0.0170479
268.55,0.0730566,1,0.021744,-0.0210761,-0.0241518,0.0170704
268.6,0.0730458,1,0.021735,-0.0210834,-0.0242884,0.0170925
268.65,0.0730351,1,0.021726,-0.0210906,-0.0244248,0.017115
268.7,0.0730244,1,0.021717,-0.0210979,-0.0245608,0.0171368
268.75,0.0730137,1,0.021708,-0.0211051,-0.0246965,0.0171587
268.8,0.073003,1,0.0216991,-0.0211123,-0.024832,0.0171807
268.85,0.0729923,1,0.0216901,-0.0211195,-0.0249671,0.0172028
268.9,0.0729816,1,0.0216812,-0.0211267,-0.025102,0.0172248
268.95,0.072971,1,0.0216722,-0.0211339,-0.0252365,0.0172469
269,0.0729603,1,0.0216633,-0.0211411,-0.0253708,0.0172699
269.05,0.0729497,1,0.0216544,-0.0211483,-0.0255048,0.0172922
269.1,0.0729391,1,0.0216455,-0.0211555,-0.0256384,0.0173144
269.15,0.0729285,1,0.0216366,-0.0211626,-0.0257718,0.0173368
269.2,0.0729178,1,0.0216277,-0.0211698,-0.0259049,0.0173592
269.25,0.0729072,1,0.0216188,-0.021177,-0.0260377,0.0173814
269.3,0.0728966,1,0.0216099,-0.0211842,-0.0261703,0.0174039
269.35,0.072886,1,0.0216009,-0.0211913,-0.0263025,0.0174257
269.4,0.0728753,1,0.021592,-0.0211985,-0.0264345,0.0174477
269.45,0.0728647,1,0.0215831,-0.0212057,-0.0265662,0.0174699
269.5,0.0728541,1,0.0215742,-0.0212129,-0.0266977,0.0174921
269.55,0.0728434,1,0.0215653,-0.02122,-0.0268288,0.0175143
269.6,0.0728328,1,0.0215564,-0.0212272,-0.0269597,0.0175373
269.65,0.0728222,1,0.0215474,-0.0212344,-0.0270902,0.0175594
269.7,0.0728116,1,0.0215385,-0.0212416,-0.0272205,0.0175817
269.75,0.0728009,1,0.0215296,-0.0212487,-0.0273506,0.017604
269.8,0.0727903,1,0.0215207,-0.0212559,-0.0274803,0.0176262
269.85,0.0727797,1,0.0215118,-0.0212631,-0.0276098,0.0176484
269.9,0.0727691,1,0.0215029,-0.0212703,-0.0277389,0.017671
269.95,0.0727584,1,0.021494,-0.0212774,-0.0278678,0.0176932
270,0.0727478,1,0.0214851,-0.0212846,-0.0279964,0.0177158
270.05,0.0727372,1,0.0214762,-0.0212918,-0.0281248,0.0177377
270.1,0.0727266,1,0.0214673,-0.0212989,-0.0282528,0.0177598
270.15,0.0727159,1,0.0214583,-0.0213061,-0.0283806,0.0177821
270.2,0.0727053,1,0.0214494,-0.0213133,-0.0285082,0.0178045
270.25,0.0726947,1,0.0214405,-0.0213205,-0.0286354,0.017827
270.3,0.0726841,1,0.0214316,-0.0213276,-0.0287624,0.0178496
270.35,0.0726735,1,0.0214227,-0.0213348,-0.0288891,0.0178721
270.4,0.0726628,1,0.0214138,-0.021342,-0.0290156,0.0178946
270.45,0.0726522,1,0.0214049,-0.0213491,-0.0291418,0.0179172
270.5,0.0726416,1,0.021396,-0.0213563,-0.0292677,0.0179389
270.55,0.0726309,1,0.0213871,-0.0213635,-0.0293933,0.0179609
270.6,0.0726203,1,0.0213782,-0.0213706,-0.0295187,0.017983
270.65,0.0726097,1,0.0213693,-0.0213778,-0.0296438,0.0180051
270.7,0.0725991,1,0.0213604,-0.021385,-0.0297686,0.0180274
270.75,0.0725885,1,0.0213515,-0.0213922,-0.0298931,0.0180497
270.8,0.0725779,1,0.0213426,-0.0213993,-0.0300174,0.0180721
270.85,0.0725672,1,0.0213337,-0.0214065,-0.0301414,0.0180944
270.9,0.0725566,1,0.0213248,-0.0214137,-0.030265,0.0181166
270.95,0.072546,1,0.0213159,-0.0214208,-0.0303885,0.0181393
271,0.0725354,1,0.0213069,-0.021428,-0.0305116,0.0181612
271.05,0.0725248,1,0.021298,-0.0214351,-0.0306345,0.0181834
271.1,0.0725142,1,0.0212891,-0.0214423,-0.0307572,0.0182056
271.15,0.0725035,1,0.0212802,-0.0214495,-0.0308795,0.018228
271.2,0.0724929,1,0.0212713,-0.0214566,-0.0310016,0.0182503
271.25,0.0724823,1,0.0212624,-0.0214638,-0.0311235,0.0182727
271.3,0.0724717,1,0.0212535,-0.021471,-0.0312451,0.0182957
271.35,0.0724611,1,0.0212446,-0.0214781,-0.0313665,0.0183179
271.4,0.0724505,1,0.0212357,-0.0214853,-0.0314876,0.0183402
271.45,0.0724398,1,0.0212268,-0.0214925,-0.0316085,0.0183625
271.5,0.0724292,1,0.0212179,-0.0214996,-0.0317291,0.0183848
271.55,0.0724186,1,0.021209,-0.0215068,-0.0318494,0.018407
271.6,0.072408,1,0.0212002,-0.0215139,-0.0319695,0.0184293
271.65,0.0723974,1,0.0211912,-0.0215211,-0.0320892,0.0184518
271.7,0.0723867,1,0.0211823,-0.0215283,-0.0322088,0.0184744
271.75,0.0723762,1,0.0211734,-0.0215354,-0.032328,0.0184976
271.8,0.0723655,1,0.0211645,-0.0215426,-0.032447,0.0185206
271.85,0.0723549,1,0.0211556,-0.0215497,-0.0325658,0.0185427
271.9,0.0723443,1,0.0211468,-0.0215569,-0.0326843,0.0185651
271.95,0.0723337,1,0.0211378,-0.0215641,-0.0328026,0.0185875
272,0.0723231,1,0.021129,-0.0215712,-0.0329206,0.01861
272.05,0.0723125,1,0.0211201,-0.0215784,-0.0330384,0.0186327
272.1,0.0723019,1,0.0211112,-0.0215855,-0.0331561,0.0186554
272.15,0.0722913,1,0.0211023,-0.0215927,-0.0332734,0.0186781
272.2,0.0722806,1,0.0210934,-0.0215999,-0.0333906,0.0187008
272.25,0.07227,1,0.0210845,-0.021607,-0.0335076,0.0187224
272.3,0.0722594,1,0.0210756,-0.0216142,-0.0336243,0.0187444
272.35,0.0722488,1,0.0210667,-0.0216213,-0.0337407,0.0187664
272.4,0.0722382,1,0.0210578,-0.0216285,-0.033857,0.0187885
272.45,0.0722276,1,0.0210489,-0.0216356,-0.0339729,0.0188106
272.5,0.072217,1,0.02104,-0.0216428,-0.0340887,0.0188327
272.55,0.0722064,1,0.0210311,-0.0216499,-0.0342041,0.0188547
272.6,0.0721958,1,0.0210222,-0.0216571,-0.0343193,0.0188767
272.65,0.0721852,1,0.0210133,-0.0216642,-0.0344343,0.0188997
272.7,0.0721746,1,0.0210044,-0.0216714,-0.034549,0.0189218
272.75,0.0721639,1,0.0209955,-0.0216786,-0.0346634,0.0189442
272.8,0.0721533,1,0.0209866,-0.0216857,-0.0347777,0.0189668
272.85,0.0721427,1,0.0209777,-0.0216929,-0.0348916,0.0189894
272.9,0.0721322,1,0.0209689,-0.0217,-0.0350054,0.0190123
272.95,0.0721215,1,0.02096,-0.0217072,-0.0351189,0.0190351
273,0.0721109,1,0.0209511,-0.0217143,-0.0352321,0.019058
273.05,0.0721003,1,0.0209422,-0.0217215,-0.0353452,0.0190809
273.1,0.0720897,1,0.0209333,-0.0217286,-0.035458,0.0191038
273.15,0.0720791,1,0.0209244,-0.0217358,-0.0355705,0.0191267
273.2,0.0720685,1,0.0209155,-0.0217429,-0.0356829,0.019149
273.25,0.072016,1,0.0208716,-0.0217783,-0.035715,0.0191703
273.3,0.0719636,1,0.0208276,-0.0218137,-0.035747,0.0191919
273.35,0.0719111,1,0.0207836,-0.0218491,-0.0357791,0.0192135
273.4,0.0718587,1,0.0207397,-0.0218844,-0.0358111,0.0192352
273.45,0.0718063,1,0.0206957,-0.0219197,-0.0358432,0.0192567
273.5,0.0717539,1,0.0206518,-0.0219551,-0.0358752,0.0192784
273.55,0.0717014,1,0.0206079,-0.0219904,-0.0359072,0.0193001
273.6,0.071649,1,0.0205639,-0.0220257,-0.0359393,0.0193232
273.65,0.0715966,1,0.02052,-0.022061,-0.0359713,0.0193455
273.7,0.0715442,1,0.0204761,-0.0220964,-0.0360033,0.0193681
273.75,0.0714919,1,0.0204322,-0.0221316,-0.0360353,0.0193908
273.8,0.0714395,1,0.0203883,-0.022167,-0.0360672,0.0194133
273.85,0.0713871,1,0.0203445,-0.0222022,-0.0360992,0.0194358
273.9,0.0713348,1,0.0203006,-0.0222375,-0.0361312,0.0194573
273.95,0.0712824,1,0.0202567,-0.0222728,-0.0361632,0.019479
274,0.0712301,1,0.0202128,-0.022308,-0.0361951,0.0195007
274.05,0.0711777,1,0.020169,-0.0223433,-0.036227,0.0195224
274.1,0.0711254,1,0.0201252,-0.0223785,-0.036259,0.0195441
274.15,0.0710731,1,0.0200813,-0.0224138,-0.0362909,0.0195671
274.2,0.0710208,1,0.0200375,-0.022449,-0.0363228,0.0195893
274.25,0.0709685,1,0.0199937,-0.0224842,-0.0363547,0.0196117
274.3,0.0709162,1,0.0199499,-0.0225194,-0.0363866,0.0196341
274.35,0.0708639,1,0.0199061,-0.0225546,-0.0364185,0.0196566
274.4,0.0708116,1,0.0198623,-0.0225898,-0.0364504,0.0196791
274.45,0.0707594,1,0.0198185,-0.022625,-0.0364823,0.0197015
274.5,0.0707071,1,0.0197747,-0.0226602,-0.0365142,0.019723
274.55,0.0706549,1,0.019731,-0.0226953,-0.0365461,0.0197446
274.6,0.0706026,1,0.0196872,-0.0227305,-0.0365779,0.0197662
274.65,0.0705503,1,0.0196434,-0.0227657,-0.0366098,0.019788
274.7,0.0704981,1,0.0195997,-0.0228008,-0.0366416,0.0198096
274.75,0.0704459,1,0.0195559,-0.0228359,-0.0366734,0.0198314
274.8,0.0703937,1,0.0195122,-0.0228711,-0.0367053,0.0198542
274.85,0.0703415,1,0.0194685,-0.0229062,-0.0367371,0.0198763
274.9,0.0702893,1,0.0194248,-0.0229413,-0.0367689,0.0198985
274.95,0.0702371,1,0.0193811,-0.0229764,-0.0368007,0.0199209
275,0.0701849,1,0.0193374,-0.0230115,-0.0368325,0.0199433
275.05,0.0701327,1,0.0192937,-0.0230466,-0.0368643,0.0199656
275.1,0.0700806,1,0.01925,-0.0230817,-0.036896,0.0199881
275.15,0.0700284,1,0.0192063,-0.0231168,-0.0369278,0.0200095
275.2,0.0699763,1,0.0191627,-0.0231518,-0.0369596,0.0200312
275.25,0.0699241,1,0.019119,-0.0231869,-0.0369913,0.0200528
275.3,0.069872,1,0.0190754,-0.0232219,-0.0370231,0.0200746
275.35,0.0698198,1,0.0190317,-0.023257,-0.0370548,0.0200963
275.4,0.0697678,1,0.0189881,-0.023292,-0.0370865,0.0201181
275.45,0.0697156,1,0.0189445,-0.023327,-0.0371182,0.0201407
275.5,0.0696635,1,0.0189008,-0.0233621,-0.03715,0.0201626
275.55,0.0696114,1,0.0188572,-0.0233971,-0.0371817,0.0201848
275.6,0.0695593,1,0.0188136,-0.0234321,-0.0372134,0.020207
275.65,0.0695073,1,0.01877,-0.0234671,-0.0372451,0.0202292
275.7,0.0694552,1,0.0187265,-0.0235021,-0.0372767,0.0202514
275.75,0.0694031,1,0.0186829,-0.023537,-0.0373084,0.0202736
275.8,0.0693511,1,0.0186393,-0.023572,-0.0373401,0.020296
275.85,0.069299,1,0.0185958,-0.023607,-0.0373717,0.0203175
275.9,0.069247,1,0.0185522,-0.0236419,-0.0374034,0.020339
275.95,0.069195,1,0.0185087,-0.0236769,-0.037435,0.0203606
276,0.069143,1,0.0184651,-0.0237118,-0.0374666,0.0203822
276.05,0.0690909,1,0.0184216,-0.0237467,-0.0374983,0.0204037
276.1,0.0690389,1,0.0183781,-0.0237817,-0.0375299,0.0204264
276.15,0.0689869,1,0.0183345,-0.0238166,-0.0375615,0.0204484
276.2,0.068935,1,0.018291,-0.0238515,-0.0375931,0.0204705
276.25,0.068883,1,0.0182475,-0.0238864,-0.0376247,0.0204928
276.3,0.068831,1,0.0182041,-0.0239213,-0.0376563,0.020515
276.35,0.068779,1,0.0181606,-0.0239562,-0.0376879,0.0205372
276.4,0.0687271,1,0.0181171,-0.023991,-0.0377194,0.0205594
276.45,0.0686751,1,0.0180736,-0.0240259,-0.037751,0.0205808
276.5,0.0686232,1,0.0180302,-0.0240608,-0.0377825,0.0206024
276.55,0.0685712,1,0.0179867,-0.0240956,-0.0378141,0.0206239
276.6,0.0685193,1,0.0179433,-0.0241305,-0.0378456,0.0206454
276.65,0.0684674,1,0.0178999,-0.0241653,-0.0378771,0.020668
276.7,0.0684155,1,0.0178564,-0.0242001,-0.0379087,0.0206899
276.75,0.0683636,1,0.017813,-0.0242349,-0.0379402,0.020712
276.8,0.0683117,1,0.0177696,-0.0242697,-0.0379717,0.0207341
276.85,0.0682598,1,0.0177262,-0.0243045,-0.0380032,0.0207563
276.9,0.0682079,1,0.0176828,-0.0243393,-0.0380347,0.0207784
276.95,0.068156,1,0.0176394,-0.0243741,-0.0380662,0.0208005
277,0.0681042,1,0.017596,-0.0244089,-0.0380976,0.0208219
277.05,0.0680523,1,0.0175527,-0.0244437,-0.0381291,0.0208434
277.1,0.0680005,1,0.0175093,-0.0244785,-0.0381606,0.0208649
277.15,0.0679487,1,0.017466,-0.0245132,-0.038192,0.0208864
277.2,0.0678968,1,0.0174226,-0.0245479,-0.0382234,0.0209078
277.25,0.067845,1,0.0173793,-0.0245827,-0.0382549,0.0209303
277.3,0.0677932,1,0.017336,-0.0246174,-0.0382863,0.0209522
277.35,0.0677414,1,0.0172926,-0.0246521,-0.0383177,0.0209741
277.4,0.0676896,1,0.0172493,-0.0246868,-0.0383491,0.0209961
277.45,0.0676378,1,0.017206,-0.0247216,-0.0383805,0.0210182
277.5,0.067586,1,0.0171627,-0.0247563,-0.0384119,0.0210403
277.55,0.0675342,1,0.0171194,-0.024791,-0.0384433,0.0210624
277.6,0.0674825,1,0.0170761,-0.0248256,-0.0384747,0.0210838
277.65,0.0674307,1,0.0170329,-0.0248603,-0.038506,0.0211052
277.7,0.067379,1,0.0169896,-0.024895,-0.0385374,0.0211267
277.75,0.0673272,1,0.0169463,-0.0249296,-0.0385688,0.0211484
277.8,0.0672755,1,0.0169031,-0.0249643,-0.0386001,0.0211699
277.85,0.0672238,1,0.0168599,-0.0249989,-0.0386314,0.0211916
277.9,0.067172,1,0.0168166,-0.0250336,-0.0386628,0.0212132
277.95,0.0671204,1,0.0167734,-0.0250682,-0.0386941,0.0212354
278,0.0670686,1,0.0167302,-0.0251028,-0.0387254,0.021257
278.05,0.0670169,1,0.016687,-0.0251374,-0.0387567,0.0212786
278.1,0.0669653,1,0.0166438,-0.025172,-0.038788,0.0213004
278.15,0.0669136,1,0.0166006,-0.0252066,-0.0388193,0.0213222
278.2,0.0668619,1,0.0165574,-0.0252412,-0.0388506,0.0213439
278.25,0.0668102,1,0.0165142,-0.0252758,-0.0388818,0.0213662
278.3,0.0667586,1,0.016471,-0.0253103,-0.0389131,0.0213877
278.35,0.0667069,1,0.0164279,-0.0253449,-0.0389444,0.0214094
278.4,0.0666553,1,0.0163847,-0.0253795,-0.0389756,0.021431
278.45,0.0666037,1,0.0163416,-0.025414,-0.0390069,0.0214527
278.5,0.0665521,1,0.0162984,-0.0254486,-0.0390381,0.0214742
278.55,0.0665004,1,0.0162553,-0.0254831,-0.0390693,0.0214964
278.6,0.0664488,1,0.0162122,-0.0255176,-0.0391005,0.0215178
278.65,0.0663972,1,0.0161691,-0.0255521,-0.0391317,0.0215394
278.7,0.0663456,1,0.016126,-0.0255866,-0.0391629,0.021561
278.75,0.0662941,1,0.0160829,-0.0256211,-0.0391941,0.0215827
278.8,0.0662425,1,0.0160398,-0.0256556,-0.0392253,0.0216043
278.85,0.0661909,1,0.0159967,-0.0256901,-0.0392565,0.0216267
278.9,0.0661394,1,0.0159536,-0.0257246,-0.0392877,0.0216482
278.95,0.0660878,1,0.0159106,-0.025759,-0.0393188,0.0216699
279,0.0660363,1,0.0158675,-0.0257935,-0.03935,0.0216916
279.05,0.0659847,1,0.0158245,-0.0258279,-0.0393811,0.0217133
279.1,0.0659332,1,0.0157814,-0.0258624,-0.0394123,0.0217349
279.15,0.0658817,1,0.0157384,-0.0258968,-0.0394434,0.0217568
279.2,0.0658302,1,0.0156953,-0.0259312,-0.0394745,0.0217781
279.25,0.0657787,1,0.0156523,-0.0259657,-0.0395056,0.0217995
279.3,0.0657272,1,0.0156093,-0.0260001,-0.0395367,0.021821
279.35,0.0656757,1,0.0155663,-0.0260345,-0.0395678,0.0218425
279.4,0.0656242,1,0.0155233,-0.0260689,-0.0395989,0.0218639
279.45,0.0655727,1,0.0154804,-0.0261033,-0.03963,0.0218862
279.5,0.0655213,1,0.0154374,-0.0261376,-0.0396611,0.0219079
279.55,0.0654698,1,0.0153944,-0.026172,-0.0396921,0.0219296
279.6,0.0654184,1,0.0153514,-0.0262064,-0.0397232,0.0219514
279.65,0.0653669,1,0.0153085,-0.0262407,-0.0397542,0.0219731
279.7,0.0653155,1,0.0152655,-0.0262751,-0.0397853,0.0219947
279.75,0.0652641,1,0.0152226,-0.0263094,-0.0398163,0.0220166
279.8,0.0652127,1,0.0151797,-0.0263437,-0.0398473,0.0220377
279.85,0.0651613,1,0.0151368,-0.0263781,-0.0398784,0.022059
279.9,0.0651099,1,0.0150938,-0.0264124,-0.0399094,0.0220803
279.95,0.0650585,1,0.0150509,-0.0264467,-0.0399404,0.0221017
280,0.0650071,1,0.015008,-0.026481,-0.0399714,0.0221231
280.05,0.0649557,1,0.0149652,-0.0265153,-0.0400023,0.0221443
280.1,0.0649044,1,0.0149223,-0.0265496,-0.0400333,0.0221666
280.15,0.064853,1,0.0148794,-0.0265838,-0.0400643,0.0221883
280.2,0.0648017,1,0.0148365,-0.0266181,-0.0400953,0.02221
280.25,0.0647503,1,0.0147937,-0.0266524,-0.0401262,0.0222317
280.3,0.064699,1,0.0147508,-0.0266866,-0.0401572,0.0222534
280.35,0.0646476,1,0.014708,-0.0267209,-0.0401881,0.0222751
280.4,0.0645963,1,0.0146652,-0.0267551,-0.040219,0.0222968
280.45,0.064545,1,0.0146223,-0.0267893,-0.0402499,0.0223178
280.5,0.0644937,1,0.0145795,-0.0268235,-0.0402809,0.0223389
280.55,0.0644424,1,0.0145367,-0.0268577,-0.0403118,0.0223601
280.6,0.0643911,1,0.0144939,-0.026892,-0.0403427,0.0223813
280.65,0.0643399,1,0.0144511,-0.0269261,-0.0403735,0.0224024
280.7,0.0642886,1,0.0144083,-0.0269603,-0.0404044,0.0224249
280.75,0.0642373,1,0.0143655,-0.0269945,-0.0404353,0.0224465
280.8,0.0641861,1,0.0143228,-0.0270287,-0.0404662,0.0224682
280.85,0.0641348,1,0.01428,-0.0270628,-0.040497,0.0224901
280.9,0.0640836,1,0.0142372,-0.027097,-0.0405279,0.0225118
280.95,0.0640324,1,0.0141945,-0.0271311,-0.0405587,0.0225335
281,0.0639812,1,0.0141518,-0.0271653,-0.0405895,0.022555
281.05,0.0639299,1,0.014109,-0.0271994,-0.0406204,0.0225759
281.1,0.0638787,1,0.0140663,-0.0272335,-0.0406512,0.022597
281.15,0.0638275,1,0.0140236,-0.0272677,-0.040682,0.022618
281.2,0.0637763,1,0.0139809,-0.0273018,-0.0407128,0.0226392
281.25,0.0637252,1,0.0139382,-0.0273359,-0.0407436,0.0226603
281.3,0.063674,1,0.0138955,-0.0273699,-0.0407744,0.0226813
281.35,0.0636228,1,0.0138528,-0.027404,-0.0408051,0.0227036
281.4,0.0635717,1,0.0138101,-0.0274381,-0.0408359,0.0227252
281.45,0.0635205,1,0.0137675,-0.0274722,-0.0408667,0.0227469
281.5,0.0634694,1,0.0137248,-0.0275062,-0.0408974,0.0227686
281.55,0.0634182,1,0.0136822,-0.0275403,-0.0409282,0.0227903
281.6,0.0633671,1,0.0136395,-0.0275743,-0.0409589,0.0228117
281.65,0.063316,1,0.0135969,-0.0276084,-0.0409896,0.0228326
281.7,0.0632649,1,0.0135543,-0.0276424,-0.0410204,0.0228536
281.75,0.0632138,1,0.0135117,-0.0276764,-0.0410511,0.0228748
281.8,0.0631627,1,0.0134691,-0.0277104,-0.0410818,0.0228959
281.85,0.0631116,1,0.0134264,-0.0277444,-0.0411125,0.0229171
281.9,0.0630605,1,0.0133839,-0.0277784,-0.0411432,0.0229383
281.95,0.0630094,1,0.0133413,-0.0278124,-0.0411738,0.0229594
282,0.0629584,1,0.0132987,-0.0278464,-0.0412045,0.0229815
282.05,0.0629073,1,0.0132561,-0.0278803,-0.0412352,0.0230029
282.1,0.0628563,1,0.0132136,-0.0279143,-0.0412658,0.0230245
282.15,0.0628052,1,0.013171,-0.0279483,-0.0412965,0.0230459
282.2,0.0627542,1,0.0131285,-0.0279822,-0.0413271,0.0230674
282.25,0.0627032,1,0.0130859,-0.0280161,-0.0413578,0.0230889
282.3,0.0626522,1,0.0130434,-0.0280501,-0.0413884,0.0231099
282.35,0.0626012,1,0.0130009,-0.028084,-0.041419,0.0231311
282.4,0.0625502,1,0.0129584,-0.0281179,-0.0414496,0.0231523
282.45,0.0624992,1,0.0129159,-0.0281518,-0.0414802,0.0231736
282.5,0.0624482,1,0.0128734,-0.0281857,-0.0415108,0.0231948
282.55,0.0623972,1,0.0128309,-0.0282196,-0.0415414,0.023216
282.6,0.0623463,1,0.0127884,-0.0282535,-0.041572,0.0232371
282.65,0.0622953,1,0.0127459,-0.0282874,-0.0416025,0.0232591
282.7,0.0622443,1,0.0127034,-0.0283212,-0.0416331,0.0232805
282.75,0.0621934,1,0.012661,-0.0283551,-0.0416637,0.0233019
282.8,0.0621425,1,0.0126185,-0.028389,-0.0416942,0.0233232
282.85,0.0620915,1,0.0125761,-0.0284228,-0.0417247,0.0233445
282.9,0.0620406,1,0.0125337,-0.0284566,-0.0417553,0.023366
282.95,0.0619897,1,0.0124912,-0.0284905,-0.0417858,0.023387
283,0.0619388,1,0.0124488,-0.0285243,-0.0418163,0.0234082
283.05,0.0618879,1,0.0124064,-0.0285581,-0.0418468,0.0234295
283.1,0.061837,1,0.012364,-0.0285919,-0.0418773,0.0234507
283.15,0.0617862,1,0.0123216,-0.0286257,-0.0419078,0.023472
283.2,0.0617353,1,0.0122792,-0.0286595,-0.0419383,0.0234932
283.25,0.0616844,1,0.0122369,-0.0286933,-0.0419688,0.0235143
283.3,0.0616335,1,0.0121945,-0.028727,-0.0419992,0.0235362
283.35,0.0615827,1,0.0121521,-0.0287608,-0.0420297,0.0235573
283.4,0.0615319,1,0.0121098,-0.0287945,-0.0420601,0.0235785
283.45,0.0614811,1,0.0120674,-0.0288283,-0.0420906,0.0235997
283.5,0.0614302,1,0.0120251,-0.028862,-0.042121,0.0236209
283.55,0.0613794,1,0.0119828,-0.0288958,-0.0421514,0.0236425
283.6,0.0613286,1,0.0119404,-0.0289295,-0.0421818,0.0236636
283.65,0.0612778,1,0.0118981,-0.0289632,-0.0422122,0.0236848
283.7,0.061227,1,0.0118558,-0.0289969,-0.0422426,0.023706
283.75,0.0611762,1,0.0118135,-0.0290306,-0.042273,0.0237273
283.8,0.0611255,1,0.0117712,-0.0290643,-0.0423034,0.0237486
283.85,0.0610747,1,0.0117289,-0.029098,-0.0423338,0.0237697
283.9,0.0610239,1,0.0116867,-0.0291317,-0.0423642,0.023791
283.95,0.0609732,1,0.0116444,-0.0291653,-0.0423945,0.0238126
284,0.0609224,1,0.0116021,-0.029199,-0.0424249,0.0238337
284.05,0.0608717,1,0.0115599,-0.0292326,-0.0424552,0.0238548
284.1,0.060821,1,0.0115177,-0.0292663,-0.0424856,0.0238759
284.15,0.0607703,1,0.0114754,-0.0292999,-0.0425159,0.023897
284.2,0.0607196,1,0.0114332,-0.0293335,-0.0425462,0.0239185
284.25,0.0606688,1,0.011391,-0.0293671,-0.0425765,0.0239395
284.3,0.0606182,1,0.0113488,-0.0294008,-0.0426068,0.0239606
284.35,0.0605675,1,0.0113066,-0.0294344,-0.0426371,0.0239818
284.4,0.0605168,1,0.0112644,-0.0294679,-0.0426674,0.024003
284.45,0.0604661,1,0.0112222,-0.0295015,-0.0426977,0.0240243
284.5,0.0604155,1,0.01118,-0.0295351,-0.042728,0.0240455
284.55,0.0603648,1,0.0111378,-0.0295687,-0.0427582,0.0240666
284.6,0.0603141,1,0.0110957,-0.0296023,-0.0427885,0.0240882
284.65,0.0602635,1,0.0110535,-0.0296358,-0.0428187,0.0241092
284.7,0.0602129,1,0.0110535,-0.0296694,-0.042849,0.0241302
284.75,0.0601623,1,0.0110535,-0.0297029,-0.0428792,0.0241512
284.8,0.0601116,1,0.0110535,-0.0297364,-0.0429094,0.024172
284.85,0.0600611,1,0.0110535,-0.0297699,-0.0429397,0.0241936
284.9,0.0600104,1,0.0110535,-0.0298035,-0.0429699,0.0242146
284.95,0.0599599,1,0.0110535,-0.029837,-0.0430001,0.0242358
285,0.0599093,1,0.0110535,-0.0298705,-0.0430303,0.024257
285.05,0.0598587,1,0.0110535,-0.029904,-0.0430605,0.0242784
285.1,0.0598081,1,0.0110535,-0.0299374,-0.0430906,0.0242999
285.15,0.0597576,1,0.0110535,-0.0299709,-0.0431208,0.0243214
285.2,0.0597071,1,0.0110535,-0.0300044,-0.043151,0.0243432
285.25,0.0596565,1,0.0110535,-0.0300378,-0.0431811,0.024365
285.3,0.0596059,1,0.0638144,-0.0300713,-0.0432113,0.0243871
285.35,0.0595554,1,0.0637632,-0.0301047,-0.0432414,0.0244091
285.4,0.0595049,1,0.063712,-0.0301382,-0.0432715,0.0244313
285.45,0.0594544,1,0.0636608,-0.0301716,-0.0433016,0.0244534
285.5,0.0594039,1,0.0636097,-0.030205,-0.0433318,0.0244754
285.55,0.0593534,1,0.0635585,-0.0302384,-0.0433619,0.0244973
285.6,0.0593029,1,0.0635074,-0.0302718,-0.043392,0.0245193
285.65,0.0592524,1,0.0634562,-0.0303052,-0.043422,0.0245402
285.7,0.059202,1,0.0634051,-0.0303386,-0.0434521,0.0245605
285.75,0.0591515,1,0.063354,-0.030372,-0.0434822,0.0245808
285.8,0.0591011,1,0.0633028,-0.0304054,-0.0435123,0.0246011
285.85,0.0590506,1,0.0632518,-0.0304387,-0.0435423,0.0246215
285.9,0.0590002,1,0.0632007,-0.0304721,-0.0435724,0.0246438
285.95,0.0589497,1,0.0631495,-0.0305054,-0.0436024,0.0246655
286,0.0588993,1,0.0630985,-0.0305388,-0.0436324,0.0246874
286.05,0.0588489,1,0.0630474,-0.0305721,-0.0436625,0.0247094
286.1,0.0587985,1,0.0629963,-0.0306054,-0.0436925,0.0247313
286.15,0.0587481,1,0.0629453,-0.0306387,-0.0437225,0.0247532
286.2,0.0586977,1,0.0628942,-0.030672,-0.0437525,0.0247742
286.25,0.0586473,1,0.0628432,-0.0307053,-0.0437825,0.0247946
286.3,0.0585969,1,0.0627921,-0.0307386,-0.0438125,0.024815
286.35,0.0585466,1,0.0627411,-0.0307719,-0.0438425,0.0248354
286.4,0.0584962,1,0.0626901,-0.0308052,-0.0438724,0.0248558
286.45,0.0584459,1,0.0626391,-0.0308385,-0.0439024,0.0248781
286.5,0.0583955,1,0.0625881,-0.0308717,-0.0439323,0.0248999
286.55,0.0583452,1,0.0625371,-0.030905,-0.0439623,0.0249218
286.6,0.0582949,1,0.0624861,-0.0309382,-0.0439922,0.0249438
286.65,0.0582445,1,0.0624351,-0.0309714,-0.0440221,0.0249659
286.7,0.0581942,1,0.0623841,-0.0310047,-0.0440521,0.024987
286.75,0.0581439,1,0.0623332,-0.0310379,-0.044082,0.0250074
286.8,0.0580936,1,0.0622822,-0.0310711,-0.0441119,0.025028
286.85,0.0580434,1,0.0622313,-0.0311043,-0.0441418,0.0250485
286.9,0.0579931,1,0.0621803,-0.0311375,-0.0441717,0.0250689
286.95,0.0579428,1,0.0621294,-0.0311707,-0.0442016,0.0250919
287,0.0578925,1,0.0620785,-0.0312039,-0.0442314,0.0251145
287.05,0.0578423,1,0.0620276,-0.031237,-0.0442613,0.0251374
287.1,0.057792,1,0.0619766,-0.0312702,-0.0442911,0.0251607
287.15,0.0577418,1,0.0619258,-0.0313034,-0.044321,0.0251842
287.2,0.0576916,1,0.0618748,-0.0313365,-0.0443508,0.0252056
287.25,0.0576413,1,0.061824,-0.0313696,-0.0443807,0.025226
287.3,0.0575911,1,0.0617731,-0.0314028,-0.0444105,0.0252467
287.35,0.0575409,1,0.0617222,-0.0314359,-0.0444403,0.0252673
287.4,0.0574907,1,0.0616714,-0.031469,-0.0444701,0.025288
287.45,0.0574405,1,0.0616205,-0.0315021,-0.0444999,0.0253086
287.5,0.0573904,1,0.0615697,-0.0315352,-0.0445297,0.0253294
287.55,0.0573402,1,0.0615188,-0.0315683,-0.0445595,0.0253576
287.6,0.05729,1,0.061468,-0.0316014,-0.0445893,0.0253845
287.65,0.0572399,1,0.0614172,-0.0316345,-0.044619,0.0254095
287.7,0.0571897,1,0.0613664,-0.0316675,-0.0446488,0.0254345
287.75,0.0571396,1,0.0613156,-0.0317006,-0.0446786,0.0254595
287.8,0.0570894,1,0.0612648,-0.0317336,-0.0447083,0.0254844
287.85,0.0570393,1,0.061214,-0.0317667,-0.044738,0.0255092
287.9,0.0569892,1,0.0611632,-0.0317997,-0.0447678,0.0255339
287.95,0.0569391,1,0.0611124,-0.0318327,-0.0447975,0.0255585
288,0.056889,1,0.0610617,-0.0318658,-0.0448272,0.0255829
288.05,0.0568389,1,0.0610109,-0.0318988,-0.0448569,0.0256072
288.1,0.0567888,1,0.0609602,-0.0319318,-0.0448866,0.0256315
288.15,0.0567387,1,0.0609094,-0.0319648,-0.0449163,0.0256556
288.2,0.0566887,1,0.0608587,-0.0319977,-0.044946,0.0256798
288.25,0.0566386,1,0.060808,-0.0320307,-0.0449757,0.0257038
288.3,0.0565885,1,0.0607573,-0.0320637,-0.0450053,0.0257278
288.35,0.0565385,1,0.0607065,-0.0320967,-0.045035,0.0257517
288.4,0.0564884,1,0.0606558,-0.0321296,-0.0450646,0.0257755
288.45,0.0564384,1,0.0606051,-0.0321626,-0.0450943,0.0257993
288.5,0.0563884,1,0.0605545,-0.0321955,-0.0451239,0.0258231
288.55,0.0563384,1,0.0605038,-0.0322284,-0.0451535,0.0258467
288.6,0.0562884,1,0.0604531,-0.0322614,-0.0451831,0.0258704
288.65,0.0562384,1,0.0604025,-0.0322943,-0.0452127,0.025894
288.7,0.0561884,1,0.0603518,-0.0323272,-0.0452423,0.0259175
288.75,0.0561384,1,0.0603011,-0.0323601,-0.0452719,0.0259411
288.8,0.0560884,1,0.0602505,-0.032393,-0.0453015,0.0259646
288.85,0.0560385,1,0.0601999,-0.0324259,-0.0453311,0.025988
288.9,0.0559885,1,0.0601493,-0.0324587,-0.0453607,0.0260114
288.95,0.0559386,1,0.0600987,-0.0324916,-0.0453902,0.0260349
289,0.0558886,1,0.0600481,-0.0325245,-0.0454198,0.0260583
289.05,0.0558387,1,0.0599974,-0.0325573,-0.0454493,0.0260817
289.1,0.0557887,1,0.0599469,-0.0325902,-0.0454789,0.0261052
289.15,0.0557388,1,0.0598963,-0.032623,-0.0455084,0.0261288
289.2,0.0556889,1,0.0598457,-0.0326558,-0.0455379,0.0261524
289.25,0.055639,1,0.0597952,-0.0326886,-0.0455674,0.0261761
289.3,0.0555891,1,0.0597446,-0.0327214,-0.0455969,0.0262001
289.35,0.0555392,1,0.0596941,-0.0327542,-0.0456264,0.0262243
289.4,0.0554893,1,0.0596435,-0.032787,-0.0456559,0.0262488
289.45,0.0554395,1,0.059593,-0.0328198,-0.0456854,0.0262737
289.5,0.0553896,1,0.0595425,-0.0328526,-0.0457149,0.0262989
289.55,0.0553398,1,0.0594919,-0.0328854,-0.0457443,0.0263244
289.6,0.0552899,1,0.0594414,-0.0329181,-0.0457738,0.0263504
289.65,0.0552401,1,0.0593909,-0.0329509,-0.0458033,0.0263766
289.7,0.0551903,1,0.0593405,-0.0329836,-0.0458327,0.0264032
289.75,0.0551404,1,0.05929,-0.0330164,-0.0458621,0.0264299
289.8,0.0550906,1,0.0592395,-0.0330491,-0.0458916,0.026457
289.85,0.0550408,1,0.059189,-0.0330818,-0.045921,0.0264843
289.9,0.054991,1,0.0591385,-0.0331146,-0.0459504,0.0265118
289.95,0.0549412,1,0.0590881,-0.0331473,-0.0459798,0.0265395
290,0.0548914,1,0.0590377,-0.0331799,-0.0460092,0.0265674
290.05,0.0548417,1,0.0589872,-0.0332127,-0.0460386,0.0265953
290.1,0.0547919,1,0.0589368,-0.0332453,-0.0460679,0.0266232
290.15,0.0547422,1,0.0588863,-0.033278,-0.0460973,0.0266511
290.2,0.0546924,1,0.058836,-0.0333107,-0.0461267,0.026679
290.25,0.0546427,1,0.0587856,-0.0333433,-0.046156,0.0267069
290.3,0.0545929,1,0.0587352,-0.033376,-0.0461854,0.0267347
290.35,0.0545432,1,0.0586848,-0.0334086,-0.0462147,0.0267623
290.4,0.0544935,1,0.0586344,-0.0334413,-0.046244,0.02679
290.45,0.0544438,1,0.058584,-0.0334739,-0.0462734,0.0268176
290.5,0.0543941,1,0.0585336,-0.0335065,-0.0463027,0.026845
290.55,0.0543444,1,0.0584833,-0.0335391,-0.046332,0.0268723
290.6,0.0542947,1,0.0584329,-0.0335717,-0.0463613,0.0268996
290.65,0.054245,1,0.0583826,-0.0336043,-0.0463906,0.0269171
290.7,0.0541953,1,0.0583323,-0.0336369,-0.0464198,0.0269341
290.75,0.0541457,1,0.058282,-0.0336695,-0.0464491,0.0269513
290.8,0.054096,1,0.0582316,-0.0337021,-0.0464784,0.0269686
290.85,0.0540464,1,0.0581813,-0.0337346,-0.0465076,0.026986
290.9,0.0539967,1,0.058131,-0.0337672,-0.0465369,0.0270034
290.95,0.0539471,1,0.0580807,-0.0337997,-0.0465661,0.0270208
291,0.0538975,1,0.0580304,-0.0338323,-0.0465954,0.0270384
291.05,0.0538479,1,0.0579802,-0.0338648,-0.0466246,0.0270559
291.1,0.0537983,1,0.0579299,-0.0338973,-0.0466538,0.0270736
291.15,0.0537486,1,0.0578796,-0.0339298,-0.046683,0.0270913
291.2,0.0536991,1,0.0578294,-0.0339623,-0.0467122,0.0271091
291.25,0.0536495,1,0.0577791,-0.0339948,-0.0467414,0.027127
291.3,0.0535999,1,0.0577289,-0.0340273,-0.0467706,0.0271449
291.35,0.0535503,1,0.0576787,-0.0340598,-0.0467998,0.0271628
291.4,0.0535008,1,0.0576285,-0.0340923,-0.0468289,0.0271809
291.45,0.0534512,1,0.0575783,-0.0341247,-0.0468581,0.027199
291.5,0.0534017,1,0.057528,-0.0341572,-0.0468873,0.0272171
291.55,0.0533522,1,0.0574778,-0.0341897,-0.0469164,0.0272352
291.6,0.0533026,1,0.0574277,-0.0342221,-0.0469455,0.0272535
291.65,0.0532531,1,0.0573775,-0.0342545,-0.0469747,0.0272717
291.7,0.0532036,1,0.0573273,-0.034287,-0.0470038,0.02729
291.75,0.0531541,1,0.0572772,-0.0343194,-0.0470329,0.0273083
291.8,0.0531046,1,0.057227,-0.0343518,-0.047062,0.0273266
291.85,0.0530551,1,0.0571769,-0.0343842,-0.0470911,0.0273451
291.9,0.0530056,1,0.0571267,-0.0344166,-0.0471202,0.0273636
291.95,0.0529561,1,0.0570766,-0.034449,-0.0471493,0.027382
292,0.0529067,1,0.0570264,-0.0344813,-0.0471783,0.0274005
292.05,0.0528572,1,0.0569763,-0.0345137,-0.0472074,0.027419
292.1,0.0528078,1,0.0569262,-0.0345461,-0.0472365,0.0274376
292.15,0.0527584,1,0.0568761,-0.0345785,-0.0472655,0.0274562
292.2,0.0527089,1,0.056826,-0.0346108,-0.0472946,0.0274748
292.25,0.0526595,1,0.0567759,-0.0346431,-0.0473236,0.0274934
292.3,0.0526101,1,0.0567259,-0.0346755,-0.0473526,0.0275121
292.35,0.0525607,1,0.0566758,-0.0347078,-0.0473816,0.0275308
292.4,0.0525113,1,0.0566257,-0.0347401,-0.0474106,0.0275562
292.45,0.0524619,1,0.0565757,-0.0347724,-0.0474396,0.0275808
292.5,0.0524125,1,0.0565256,-0.0348047,-0.0474686,0.0276054
292.55,0.0523631,1,0.0564756,-0.034837,-0.0474976,0.0276301
292.6,0.0523138,1,0.0564256,-0.0348693,-0.0475266,0.0276505
292.65,0.0522644,1,0.0563756,-0.0349016,-0.0475556,0.0276693
292.7,0.0522151,1,0.0563255,-0.0349338,-0.0475845,0.027689
292.75,0.0521657,1,0.0562755,-0.0349661,-0.0476135,0.0277089
292.8,0.0521164,1,0.0562255,-0.0349983,-0.0476424,0.0277288
292.85,0.0520671,1,0.0561755,-0.0350306,-0.0476714,0.0277487
292.9,0.0520177,1,0.0561256,-0.0350628,-0.0477003,0.0277686
292.95,0.0519684,1,0.0560756,-0.035095,-0.0477292,0.0277885
293,0.0519191,1,0.0560256,-0.0351273,-0.0477581,0.0278084
293.05,0.0518698,1,0.0559757,-0.0351595,-0.047787,0.027833
293.1,0.0518205,1,0.0559257,-0.0351917,-0.0478159,0.0278569
293.15,0.0517713,1,0.0558758,-0.0352239,-0.0478448,0.0278809
293.2,0.051722,1,0.0558258,-0.0352561,-0.0478737,0.027905
293.25,0.0516727,1,0.0557759,-0.0352882,-0.0479026,0.027929
293.3,0.0516235,1,0.055726,-0.0353204,-0.0479314,0.0279498
293.35,0.0515742,1,0.0556761,-0.0353526,-0.0479603,0.0279698
293.4,0.051525,1,0.0556262,-0.0353847,-0.0479891,0.0279899
293.45,0.0514758,1,0.0555763,-0.0354169,-0.0479891,0.0280101
293.5,0.0514265,1,0.0555264,-0.035449,-0.0479891,0.0280303
293.55,0.0513773,1,0.0554766,-0.0354811,-0.0479891,0.0280506
293.6,0.0513281,1,0.0554267,-0.0355133,-0.0479891,0.0280708
293.65,0.0512789,1,0.0553768,-0.0355454,-0.0479891,0.028091
293.7,0.0512297,1,0.055327,-0.0355775,-0.0479891,0.0281113
293.75,0.0511806,1,0.0552771,-0.0356096,-0.0479891,0.0281352
293.8,0.0511314,1,0.0552273,-0.0356417,-0.0479891,0.0281582
293.85,0.0510822,1,0.0551775,-0.0356738,-0.0479891,0.0281814
293.9,0.0510331,1,0.0551276,-0.0357058,-0.0479891,0.0282047
293.95,0.0509839,1,0.0550778,-0.0357379,-0.0479891,0.0282278
294,0.0509348,1,0.055028,-0.03577,-0.0479891,0.0282489
294.05,0.0508856,1,0.0549782,-0.035802,-0.0038562,0.0282693
294.1,0.0508365,1,0.0549285,-0.035834,-0.00389543,0.0282897
294.15,0.0507874,1,0.0548787,-0.0358661,-0.00393462,0.0283102
294.2,0.0507383,1,0.0548289,-0.0358981,-0.00397383,0.0283308
294.25,0.0506892,1,0.0547791,-0.0359301,-0.00401301,0.0283513
294.3,0.0506401,1,0.0547294,-0.0359621,-0.0040522,0.0283718
294.35,0.050591,1,0.0546796,-0.0359941,-0.00409137,0.0283925
294.4,0.0505419,1,0.0546299,-0.0360261,-0.00413054,0.0284151
294.45,0.0504929,1,0.0545802,-0.0360581,-0.00416971,0.0284372
294.5,0.0504438,1,0.0545304,-0.0360901,-0.00420884,0.0284593
294.55,0.0503947,1,0.0544807,-0.0361221,-0.00424799,0.0284814
294.6,0.0503457,1,0.054431,-0.036154,-0.00428711,0.0285035
294.65,0.0502966,1,0.0543813,-0.036186,-0.00432625,0.0285247
294.7,0.0502476,1,0.0543316,-0.0362179,-0.00436535,0.0285454
294.75,0.0501986,1,0.0542819,-0.0362499,-0.00440448,0.0285661
294.8,0.0501496,1,0.0542322,-0.0362818,-0.00444359,0.0285868
294.85,0.0501006,1,0.0541826,-0.0363137,-0.00448266,0.0286076
294.9,0.0500516,1,0.0541329,-0.0363457,-0.00452176,0.0286283
294.95,0.0500026,1,0.0540833,-0.0363776,-0.00456084,0.0286504
295,0.0499536,1,0.0540336,-0.0364095,-0.00459991,0.0286718
295.05,0.0499046,1,0.053984,-0.0364413,-0.00463895,0.0286933
295.1,0.0498556,1,0.0539344,-0.0364732,-0.00467803,0.0287149
295.15,0.0498067,1,0.0538847,-0.0365051,-0.00471707,0.0287364
295.2,0.0497577,1,0.0538351,-0.036537,-0.0047561,0.0287579
295.25,0.0497088,1,0.0537855,-0.0365688,-0.00479514,0.0287786
295.3,0.0496599,1,0.0537359,-0.0366007,-0.00483416,0.0287995
295.35,0.0496109,1,0.0536863,-0.0366325,-0.00487317,0.0288203
295.4,0.049562,1,0.0536368,-0.0366644,-0.00491218,0.0288412
295.45,0.0495131,1,0.0535872,-0.0366962,-0.00495118,0.028863
295.5,0.0494642,1,0.0535376,-0.036728,-0.00499018,0.0288843
295.55,0.0494153,1,0.0534881,-0.0367598,-0.00502914,0.0289056
295.6,0.0493664,1,0.0534385,-0.0367916,-0.00506813,0.0289269
295.65,0.0493176,1,0.053389,-0.0368234,-0.00510709,0.0289482
295.7,0.0492687,1,0.0533394,-0.0368552,-0.00514605,0.0289698
295.75,0.0492198,1,0.0532899,-0.036887,-0.00518502,0.0289908
295.8,0.0491709,1,0.0532404,-0.0369188,-0.00522394,0.0290117
295.85,0.0491221,1,0.0531909,-0.0369505,-0.00526288,0.0290328
295.9,0.0490733,1,0.0531414,-0.0369823,-0.0053018,0.0290538
295.95,0.0490244,1,0.0530919,-0.037014,-0.00534073,0.0290749
296,0.0489756,1,0.0530424,-0.0370458,-0.00537963,0.0290962
296.05,0.0489268,1,0.0529929,-0.0370775,-0.00541854,0.0291171
296.1,0.048878,1,0.0529435,-0.0371092,-0.00545744,0.029138
296.15,0.0488292,1,0.052894,-0.0371409,-0.00549631,0.029159
296.2,0.0487804,1,0.0528445,-0.0371726,-0.00553521,0.02918
296.25,0.0487316,1,0.0527951,-0.0372043,-0.00557406,0.0292009
296.3,0.0486828,1,0.0527457,-0.037236,-0.00561294,0.0292218
296.35,0.0486341,1,0.0526962,-0.0372677,-0.00565177,0.0292435
296.4,0.0485853,1,0.0526468,-0.0372994,-0.00569063,0.0292644
296.45,0.0485366,1,0.0525974,-0.0373311,-0.00572947,0.0292855
296.5,0.0484878,1,0.052548,-0.0373627,-0.00576829,0.0293065
296.55,0.0484391,1,0.0524986,-0.0373944,-0.00580712,0.0293275
296.6,0.0483904,1,0.0524492,-0.037426,-0.00584593,0.0293486
296.65,0.0483417,1,0.0523999,-0.0374576,-0.00588474,0.0293692
296.7,0.048293,1,0.0523505,-0.0374893,-0.00592352,0.0293898
296.75,0.0482442,1,0.0523011,-0.0375209,-0.00596233,0.0294104
296.8,0.0481956,1,0.0522517,-0.0375525,-0.00600112,0.0294309
296.85,0.0481469,1,0.0522024,-0.0375841,-0.00603989,0.0294514
296.9,0.0480982,1,0.0521531,-0.0376157,-0.00607866,0.0294719
296.95,0.0480495,1,0.0521038,-0.0376473,-0.0061174,0.0294936
297,0.0480008,1,0.0520544,-0.0376789,-0.00615616,0.0295147
297.05,0.0479522,1,0.0520051,-0.0377104,-0.00619489,0.0295358
297.1,0.0479035,1,0.0519558,-0.037742,-0.00623364,0.0295568
297.15,0.0478549,1,0.0519065,-0.0377735,-0.00627237,0.029578
297.2,0.0478063,1,0.0518572,-0.0378051,-0.00631108,0.0295985
297.25,0.0477577,1,0.0518079,-0.0378366,-0.0063498,0.0296185
297.3,0.047709,1,0.0517586,-0.0378682,-0.00638849,0.0296387
297.35,0.0476604,1,0.0517094,-0.0378997,-0.0064272,0.0296588
297.4,0.0476118,1,0.0516601,-0.0379312,-0.00646587,0.0296789
297.45,0.0475632,1,0.0516108,-0.0379627,-0.00650455,0.029699
297.5,0.0475147,1,0.0515616,-0.0379942,-0.00654323,0.029719
297.55,0.0474661,1,0.0515124,-0.0380257,-0.00658188,0.0297407
297.6,0.0474175,1,0.0514631,-0.0380572,-0.00662055,0.0297618
297.65,0.047369,1,0.0514139,-0.0380887,-0.00665918,0.029783
297.7,0.0473204,1,0.0513647,-0.0381201,-0.00669783,0.0298041
297.75,0.0472719,1,0.0513155,-0.0381516,-0.00673644,0.0298244
297.8,0.0472233,1,0.0512663,-0.038183,-0.00677508,0.0298442
297.85,0.0471748,1,0.0512171,-0.0382145,-0.0068137,0.0298641
297.9,0.0471263,1,0.0511679,-0.0382459,-0.0068523,0.029884
297.95,0.0470778,1,0.0511188,-0.0382773,-0.0068909,0.0299039
298,0.0470293,1,0.0510696,-0.0383088,-0.00692948,0.0299238
298.05,0.0469808,1,0.0510205,-0.0383402,-0.00696808,0.0299437
298.1,0.0469323,1,0.0509713,-0.0383716,-0.00700664,0.0299635
298.15,0.0468838,1,0.0509221,-0.038403,-0.00704522,0.0299852
298.2,0.0468353,1,0.050873,-0.0384344,-0.00708378,0.0300063
298.25,0.0467869,1,0.0508239,-0.0384657,-0.00712231,0.0300275
298.3,0.0467384,1,0.0507748,-0.0384971,-0.00716086,0.0300486
298.35,0.04669,1,0.0507257,-0.0385285,-0.00719939,0.0300687
298.4,0.0466415,1,0.0506766,-0.0385598,-0.00723793,0.0300875
298.45,0.0465931,1,0.0506274,-0.0385912,-0.00727643,0.0301072
298.5,0.0465447,1,0.0505784,-0.0386225,-0.00731495,0.030127
298.55,0.0464963,1,0.0505293,-0.0386538,-0.00735346,0.0301467
298.6,0.0464479,1,0.0504803,-0.0386852,-0.00739194,0.0301664
298.65,0.0463995,1,0.0504312,-0.0387165,-0.00743044,0.0301853
298.7,0.0463511,1,0.0503821,-0.0387478,-0.00746891,0.0302042
298.75,0.0463027,1,0.0503331,-0.0387791,-0.00750738,0.0302258
298.8,0.0462543,1,0.050284,-0.0388104,-0.00754584,0.0302469
298.85,0.0462059,1,0.050235,-0.0388417,-0.0075843,0.0302681
298.9,0.0461576,1,0.050186,-0.0388729,-0.00762276,0.0302892
298.95,0.0461092,1,0.050137,-0.0389042,-0.00766118,0.0303092
299,0.0460609,1,0.050088,-0.0389355,-0.00769962,0.0303278
299.05,0.0460126,1,0.050039,-0.0389667,-0.00773803,0.0303466
299.1,0.0459642,1,0.04999,-0.038998,-0.00777645,0.0303654
299.15,0.0459159,1,0.049941,-0.0390292,-0.00781485,0.0303851
299.2,0.0458676,1,0.049892,-0.0390604,-0.00785325,0.030405
299.25,0.0458193,0.999867,0.0498431,-0.0390604,-0.00789165,0.0304247
299.3,0.045771,0.999734,0.0497941,0.00692318,-0.00793002,0.0304444
299.35,0.045771,0.999602,0.0497452,0.00688183,-0.0079684,0.0304642
299.4,0.101096,0.999469,0.0497452,0.00684048,-0.00800676,0.0304839
299.45,0.101039,0.999336,0.10529,0.00679915,-0.00804514,0.0305026
299.5,0.100983,0.999204,0.105233,0.00675782,-0.00804514,0.0305242
299.55,0.100926,0.999204,0.105176,0.0067165,0.0426831,0.0305441
299.6,0.100869,0.999284,0.105119,0.00667518,0.0426353,0.0305656
299.65,0.100813,0.999151,0.105119,0.00663386,0.0425876,0.0305866
299.7,0.100756,0.999018,0.162582,0.00659259,0.0425398,0.0306075
299.75,0.100699,0.999018,0.162517,0.00655128,0.0424921,0.0306262
299.8,0.100643,0.999018,0.162453,0.00651,0.0424443,0.0306444
299.85,0.100643,0.998984,0.162388,0.00646873,0.0423966,0.0306626
299.9,0.158019,0.998851,0.162323,0.00642747,0.0423489,0.030681
299.95,0.157955,0.998719,0.162258,0.00638621,0.0423489,0.0306994
300,0.157891,0.998586,0.162194,0.00634495,0.0974736,0.0307177
300.05,0.157827,0.998454,0.162194,0.00630371,0.0974174,0.0307359
300.1,0.157762,0.998321,0.162194,0.00626247,0.0973612,0.0307542
300.15,0.157698,0.998188,0.219973,0.00622126,0.097305,0.0307724
300.2,0.157634,0.998056,0.219901,0.00622126,0.0972488,0.0307905
300.25,0.15757,0.998056,0.219829,0.0585171,0.0971927,0.0308086
300.3,0.157506,0.998056,0.219758,0.0584668,0.0971365,0.0309383
300.35,0.157441,0.99825,0.219686,0.0584164,0.0970803,0.0309582
300.4,0.157377,0.998118,0.219615,0.0583661,0.0970803,0.030964
300.45,0.157313,0.997985,0.219543,0.0583157,0.15438,0.0309849
300.5,0.157249,0.997853,0.219543,0.0582654,0.154316,0.0311149
300.55,0.157185,0.99772,0.219543,0.0582151,0.154253,0.0311207
300.6,0.157121,0.997588,0.27647,0.0581648,0.154189,0.0312507
300.65,0.157056,0.997588,0.276392,0.0581145,0.154125,0.0312696
300.7,0.156992,0.997829,0.276314,0.0580642,0.154061,0.0312754
300.75,0.156992,0.997696,0.276237,0.0580139,0.153998,0.0312935
300.8,0.214797,0.997564,0.276159,0.0579636,0.153934,0.0313115
300.85,0.214726,0.997431,0.276159,0.0579134,0.15387,0.0313296
300.9,0.214655,0.997298,0.331392,0.0578631,0.153806,0.0314592
300.95,0.214584,0.997166,0.331308,0.0578129,0.153806,0.0314789
301,0.214513,0.997034,0.331225,0.0577626,0.211621,0.0314978
301.05,0.214442,0.997034,0.331142,0.0577124,0.211551,0.0315176
301.1,0.214371,0.99733,0.331059,0.0576622,0.21148,0.0315374
301.15,0.2143,0.997198,0.330976,0.0576622,0.211409,0.0315573
301.2,0.214229,0.997065,0.330893,0.0576622,0.211339,0.0315773
301.25,0.214158,0.996933,0.330893,0.113608,0.211268,0.0315831
301.3,0.214087,0.9968,0.383859,0.11355,0.211198,0.0317127
301.35,0.214016,0.9968,0.383771,0.113492,0.211127,0.0317327
301.4,0.213946,0.996987,0.383683,0.113433,0.211127,0.0317527
301.45,0.213875,0.996855,0.383595,0.113375,0.268239,0.0317726
301.5,0.213875,0.996723,0.383507,0.113316,0.268162,0.0317784
301.55,0.270928,0.99659,0.383507,0.113258,0.268085,0.0317991
301.6,0.270851,0.996458,0.383507,0.113199,0.268008,0.0319293
301.65,0.270774,0.996325,0.43382,0.113141,0.267932,0.0319491
301.7,0.270697,0.996325,0.433727,0.113083,0.267855,0.031969
301.75,0.27062,0.99656,0.433635,0.113024,0.267855,0.0319889
301.8,0.270543,0.996427,0.433543,0.112966,0.267855,0.0320089
301.85,0.270466,0.996295,0.43345,0.112907,0.323381,0.0320288
301.9,0.270389,0.996163,0.43345,0.112849,0.323298,0.0320488
301.95,0.270312,0.99603,0.480883,0.112791,0.323216,0.0320686
302,0.270235,0.99603,0.480787,0.112732,0.323134,0.0320885
302.05,0.270158,0.996427,0.48069,0.112674,0.323051,0.0321084
302.1,0.270081,0.996294,0.48069,0.112616,0.322969,0.0321283
302.15,0.270004,0.996162,0.48069,0.112557,0.322887,0.0321341
302.2,0.269927,0.996029,0.525119,0.112499,0.322805,0.0322642
302.25,0.26985,0.995897,0.525019,0.112441,0.322805,0.0322701
302.3,0.269773,0.995897,0.524919,0.112383,0.376139,0.0324
302.35,0.269696,0.995897,0.524819,0.112324,0.376052,0.0324189
302.4,0.269619,0.996175,0.524719,0.112266,0.375965,0.0324387
302.45,0.325084,0.996042,0.524619,0.112208,0.375878,0.0324445
302.5,0.325001,0.99591,0.524519,0.112208,0.37579,0.0324653
302.55,0.324919,0.995777,0.524519,0.169789,0.375703,0.0325953
302.6,0.324836,0.995645,0.524519,0.169723,0.375616,0.032615
302.65,0.324754,0.995645,0.565948,0.169657,0.375529,0.0326339
302.7,0.324672,0.995645,0.565845,0.169592,0.375441,0.0326537
302.75,0.324589,0.995948,0.565742,0.169526,0.375441,0.0326734
302.8,0.324507,0.995815,0.565639,0.16946,0.375441,0.0326932
302.85,0.324424,0.995683,0.565535,0.169395,0.426188,0.0327121
302.9,0.324342,0.995683,0.565432,0.169329,0.426096,0.0327318
302.95,0.32426,0.996114,0.565432,0.169263,0.426004,0.0327515
303,0.324177,0.995982,0.565432,0.169198,0.425913,0.0327574
303.05,0.324095,0.995849,0.603894,0.169132,0.425821,0.0328872
303.1,0.324012,0.995849,0.603788,0.169066,0.425729,0.032906
303.15,0.32393,0.996132,0.603682,0.169001,0.425729,0.0329248
303.2,0.323848,0.995999,0.603576,0.168935,0.473628,0.0329305
303.25,0.323765,0.995867,0.603576,0.16887,0.473532,0.0329514
303.3,0.323683,0.995734,0.603576,0.168804,0.473436,0.0329724
303.35,0.323601,0.995602,0.63914,0.168738,0.473341,0.0329934
303.4,0.323601,0.99547,0.639031,0.168673,0.473245,0.0330145
303.45,0.3769,0.99547,0.638922,0.168607,0.473149,0.033144
303.5,0.376812,0.99547,0.638814,0.168542,0.473053,0.0331624
303.55,0.376725,0.995922,0.638705,0.168476,0.472958,0.0331811
303.6,0.376638,0.99579,0.638705,0.168411,0.472862,0.0331996
303.65,0.37655,0.995657,0.638705,0.168345,0.472766,0.0332182
303.7,0.376463,0.995525,0.671497,0.16828,0.47267,0.0332368
303.75,0.376376,0.995393,0.671386,0.168214,0.47267,0.0332553
303.8,0.376288,0.99526,0.671275,0.168149,0.516747,0.0332738
303.85,0.376201,0.99526,0.671164,0.168083,0.515632,0.0332923
303.9,0.376114,0.99526,0.671053,0.168018,0.514518,0.0333108
303.95,0.376027,0.995601,0.671053,0.167952,0.513406,0.0333293
304,0.375939,0.995469,0.671053,0.167887,0.512294,0.0333478
304.05,0.375852,0.995337,0.701211,0.167821,0.511182,0.0333536
304.1,0.375765,0.995337,0.701098,0.167821,0.510072,0.033483
304.15,0.375678,0.99567,0.700985,0.167821,0.508963,0.0335014
304.2,0.37559,0.995538,0.700872,0.167821,0.507854,0.0335199
304.25,0.375503,0.995405,0.700872,0.225562,0.506747,0.0335382
304.3,0.375416,0.995273,0.700872,0.22549,0.505641,0.033544
304.35,0.375329,0.99514,0.728538,0.225418,0.504535,0.0335653
304.4,0.375242,0.995008,0.728423,0.225346,0.503529,0.0335865
304.45,0.375154,0.994876,0.728308,0.225274,0.502524,0.0336077
304.5,0.375067,0.994744,0.728193,0.225202,0.501519,0.033737
304.55,0.37498,0.994611,0.728078,0.225129,0.500516,0.0337553
304.6,0.374893,0.994479,0.727962,0.225057,0.499513,0.0337736
304.65,0.374806,0.994346,0.727847,0.224985,0.498512,0.0337921
304.7,0.374718,0.994346,0.727732,0.224913,0.497415,0.0338106
304.75,0.374631,0.994779,0.727617,0.224841,0.496319,0.0338291
304.8,0.374544,0.994646,0.727502,0.224769,0.495321,0.0338477
304.85,0.374457,0.994514,0.727387,0.224697,0.494324,0.0338662
304.9,0.37437,0.994382,0.727272,0.224625,0.493328,0.0338848
304.95,0.374283,0.99425,0.727157,0.224553,0.492333,0.0338906
305,0.374196,0.994117,0.727042,0.224481,0.491338,0.0339166
305.05,0.374109,0.993985,0.726927,0.224409,0.490344,0.0339427
305.1,0.374022,0.993853,0.726812,0.224337,0.489351,0.0339689
305.15,0.373934,0.99372,0.726697,0.224265,0.488359,0.0339949
305.2,0.373847,0.993588,0.726582,0.224193,0.487368,0.034021
305.25,0.37376,0.993456,0.726467,0.224121,0.486379,0.0340469
305.3,0.373673,0.993323,0.726467,0.224049,0.48539,0.0340727
305.35,0.373586,0.993191,0.751947,0.223977,0.484403,0.0340984
305.4,0.373499,0.993059,0.75183,0.223905,0.483417,0.034124
305.45,0.373412,0.992927,0.751713,0.223833,0.482433,0.0341496
305.5,0.373325,0.992795,0.751597,0.223761,0.481449,0.034175
305.55,0.373238,0.992662,0.75148,0.223689,0.480466,0.0342004
305.6,0.373151,0.99253,0.751363,0.223617,0.479485,0.0342257
305.65,0.373064,0.992398,0.751247,0.223545,0.478505,0.0342509
305.7,0.372977,0.992266,0.75113,0.223473,0.477526,0.034276
305.75,0.37289,0.992133,0.751013,0.223401,0.476548,0.0343009
305.8,0.372803,0.992001,0.750897,0.223329,0.475571,0.0343259
305.85,0.372716,0.992001,0.75078,0.223257,0.474596,0.0343456
305.9,0.372629,0.992001,0.750663,0.223185,0.473525,0.0343639
305.95,0.372542,0.992668,0.750547,0.223113,0.472457,0.0343824
306,0.372455,0.992535,0.75043,0.223041,0.471485,0.0344011
306.05,0.372368,0.992403,0.750313,0.22297,0.470515,0.0344199
306.1,0.372282,0.992271,0.750197,0.222898,0.469545,0.0344387
306.15,0.372195,0.992139,0.75008,0.222826,0.468577,0.0344575
306.2,0.372108,0.992007,0.749963,0.222754,0.467611,0.0344764
306.25,0.372021,0.991875,0.749847,0.222682,0.466645,0.0344961
306.3,0.371934,0.991742,0.74973,0.22261,0.465681,0.0345212
306.35,0.371847,0.99161,0.749614,0.222538,0.464717,0.0345456
306.4,0.37176,0.991478,0.749497,0.222466,0.463755,0.03457
306.45,0.371673,0.991346,0.74938,0.222395,0.462794,0.0345945
306.5,0.371586,0.991214,0.749264,0.222323,0.461835,0.0346189
306.55,0.3715,0.991082,0.749147,0.222251,0.460877,0.0346432
306.6,0.422454,0.99095,0.749031,0.222179,0.459825,0.0346636
306.65,0.422363,0.990818,0.748914,0.222107,0.45887,0.0346834
306.7,0.422272,0.990685,0.748798,0.222036,0.457915,0.0347035
306.75,0.42218,0.990553,0.748681,0.221964,0.456962,0.0347236
306.8,0.422089,0.990421,0.748565,0.221892,0.456011,0.034744
306.85,0.421997,0.990289,0.748448,0.22182,0.45506,0.0347643
306.9,0.421906,0.990157,0.748332,0.221749,0.454111,0.0347846
306.95,0.421815,0.990025,0.748215,0.221677,0.453163,0.034805
307,0.421723,0.989893,0.748099,0.221605,0.452216,0.0348254
307.05,0.421632,0.989761,0.747982,0.221533,0.45127,0.0348499
307.1,0.421541,0.989629,0.747866,0.221462,0.450325,0.0348711
307.15,0.421449,0.989497,0.747749,0.22139,0.449382,0.0348957
307.2,0.421358,0.989365,0.747633,0.221318,0.44844,0.0349195
307.25,0.421267,0.989233,0.746123,0.221247,0.447499,0.0349434
307.3,0.421175,0.989101,0.744616,0.221175,0.44656,0.0349672
307.35,0.421084,0.988969,0.743112,0.221103,0.445622,0.0349909
307.4,0.420999,0.988846,0.741617,0.221036,0.444686,0.035012
307.45,0.420908,0.988714,0.740116,0.220965,0.443751,0.0350364
307.5,0.420831,0.988603,0.738636,0.220905,0.442817,0.0350578
307.55,0.42074,0.988471,0.737139,0.220833,0.441884,0.0350785
307.6,0.420671,0.988372,0.735673,0.220779,0.440953,0.0350993
307.65,0.42058,0.98824,0.73418,0.220707,0.440023,0.0351203
307.7,0.420518,0.98815,0.732804,0.220659,0.439095,0.0351413
307.75,0.420426,0.988018,0.731431,0.220587,0.438168,0.0351623
307.8,0.420371,0.987938,0.730058,0.220543,0.437242,0.0351834
307.85,0.420279,0.987806,0.728688,0.220472,0.436317,0.0352074
307.9,0.420188,0.987674,0.727318,0.2204,0.435394,0.0352305
307.95,0.420097,0.987542,0.725836,0.220329,0.434472,0.0352538
308,0.420006,0.98741,0.724355,0.220257,0.433551,0.035277
308.05,0.419914,0.987278,0.722875,0.220185,0.432631,0.0352987
308.1,0.419864,0.987205,0.72145,0.220146,0.431713,0.0353196
308.15,0.419773,0.987074,0.719974,0.220074,0.430796,0.0353435
308.2,0.419728,0.987008,0.718558,0.220039,0.42988,0.0353655
308.25,0.419637,0.986876,0.717086,0.219968,0.428966,0.0353895
308.3,0.419596,0.986818,0.71568,0.219936,0.428052,0.0354127
308.35,0.419505,0.986686,0.714212,0.219864,0.427141,0.0354359
308.4,0.419468,0.986686,0.712815,0.219835,0.42623,0.0354593
308.45,0.419377,0.986686,0.711351,0.219764,0.425321,0.0354809
308.5,0.419344,0.986686,0.710003,0.219738,0.424414,0.0355052
308.55,0.419253,0.987882,0.708658,0.219666,0.423508,0.0355287
308.6,0.419162,0.98775,0.707314,0.219595,0.422603,0.0355522
308.65,0.419132,0.987707,0.705972,0.219572,0.4217,0.0355759
308.7,0.419041,0.987575,0.704632,0.2195,0.420798,0.0355995
308.75,0.419015,0.987536,0.703294,0.219479,0.419898,0.0356231
308.8,0.418924,0.987404,0.701958,0.219408,0.418998,0.0356445
308.85,0.4189,0.98737,0.700623,0.219389,0.4181,0.0356653
308.9,0.418808,0.987238,0.69929,0.219318,0.417204,0.0356863
308.95,0.418717,0.987106,0.697845,0.219246,0.416308,0.0357076
309,0.418626,0.986974,0.696402,0.219175,0.415414,0.0357288
309.05,0.418605,0.986943,0.695047,0.219158,0.414521,0.0357501
309.1,0.418514,0.986811,0.693607,0.219086,0.41363,0.0357715
309.15,0.418494,0.986783,0.692258,0.219071,0.412739,0.0357928
309.2,0.418403,0.986651,0.690822,0.219,0.41185,0.0358142
309.25,0.418385,0.986624,0.689477,0.218985,0.410962,0.0358357
309.3,0.418294,0.986493,0.688044,0.218914,0.410075,0.0358595
309.35,0.418275,0.986466,0.686702,0.218899,0.40919,0.0358824
309.4,0.418184,0.986334,0.685273,0.218828,0.408305,0.0359055
309.45,0.418166,0.986308,0.683935,0.218813,0.407422,0.0359287
309.5,0.418075,0.986176,0.682509,0.218742,0.406541,0.035952
309.55,0.418056,0.986149,0.681174,0.218728,0.40566,0.0359754
309.6,0.417965,0.986017,0.679863,0.218656,0.40478,0.0359988
309.65,0.417947,0.98599,0.678554,0.218642,0.403902,0.0360221
309.7,0.417856,0.985859,0.677246,0.21857,0.403025,0.0360454
309.75,0.417838,0.985832,0.67594,0.218556,0.402149,0.0360672
309.8,0.417747,0.9857,0.674635,0.218485,0.401275,0.0360883
309.85,0.417728,0.985674,0.673332,0.21847,0.400402,0.0361096
309.9,0.417637,0.985542,0.672031,0.218399,0.399529,0.036131
309.95,0.417619,0.985515,0.67073,0.218384,0.398659,0.0361526
310,0.417528,0.985383,0.669432,0.218313,0.397789,0.0361741
310.05,0.417509,0.985357,0.668134,0.218299,0.39692,0.0361957
310.1,0.417418,0.985225,0.666839,0.218227,0.396053,0.0362173
310.15,0.4174,0.985198,0.665545,0.218213,0.395187,0.036239
310.2,0.417309,0.985067,0.664252,0.218141,0.394322,0.0362625
310.25,0.417291,0.98504,0.662961,0.218127,0.393459,0.0362854
310.3,0.4172,0.984908,0.661671,0.218056,0.392596,0.0363083
310.35,0.417181,0.984882,0.660383,0.218041,0.391735,0.0363313
310.4,0.41709,0.98475,0.659096,0.21797,0.390875,0.0363541
310.45,0.417072,0.984723,0.657811,0.217956,0.390016,0.0363764
310.5,0.416981,0.984592,0.656528,0.217884,0.389158,0.0363979
310.55,0.416963,0.984565,0.655246,0.21787,0.388302,0.0364197
310.6,0.416872,0.984433,0.653966,0.217799,0.387447,0.0364416
310.65,0.416853,0.984407,0.652687,0.217784,0.386593,0.0364635
310.7,0.416762,0.984275,0.65141,0.217713,0.38574,0.0364855
310.75,0.416744,0.984248,0.650134,0.217698,0.384888,0.0365075
310.8,0.416653,0.984117,0.64886,0.217627,0.384038,0.0365308
310.85,0.416635,0.98409,0.647587,0.217613,0.383188,0.0365533
310.9,0.416544,0.983958,0.646316,0.217541,0.38234,0.036576
310.95,0.416525,0.983932,0.645046,0.217527,0.381493,0.0365987
311,0.416434,0.9838,0.643778,0.217456,0.380648,0.0366214
311.05,0.416416,0.983773,0.642511,0.217441,0.379803,0.0366439
311.1,0.416325,0.983642,0.641246,0.21737,0.37896,0.0366665
311.15,0.416307,0.983615,0.639982,0.217356,0.378118,0.0366884
311.2,0.416216,0.983483,0.63872,0.217284,0.377277,0.0367104
311.25,0.416198,0.983457,0.63746,0.21727,0.376437,0.0367326
311.3,0.416107,0.983325,0.636201,0.217199,0.375598,0.0367548
311.35,0.416088,0.983298,0.634943,0.217184,0.374761,0.0367772
311.4,0.415998,0.983167,0.633579,0.217113,0.373924,0.0367994
311.45,0.415979,0.98314,0.632324,0.217099,0.373089,0.0368225
311.5,0.415888,0.983009,0.631071,0.217028,0.372255,0.0368448
311.55,0.41587,0.982982,0.62982,0.217013,0.371422,0.0368672
311.6,0.415779,0.98285,0.62857,0.216942,0.37059,0.0368897
311.65,0.415761,0.982824,0.627322,0.216928,0.36976,0.0369121
311.7,0.41567,0.982692,0.626075,0.216856,0.368931,0.0369344
311.75,0.415652,0.982666,0.62483,0.216842,0.368102,0.0369573
311.8,0.415561,0.982534,0.623586,0.216771,0.367275,0.0369793
311.85,0.415542,0.982507,0.622344,0.216756,0.36645,0.0370017
311.9,0.415452,0.982376,0.621103,0.216685,0.365625,0.0370241
311.95,0.415433,0.982349,0.619864,0.216671,0.364801,0.0370465
312,0.415342,0.982218,0.61852,0.2166,0.363979,0.0370689
312.05,0.415324,0.982191,0.617285,0.216585,0.363158,0.0370919
312.1,0.415233,0.982059,0.616051,0.216514,0.362338,0.037114
312.15,0.415215,0.982033,0.614819,0.2165,0.36152,0.0371364
312.2,0.415124,0.981901,0.613588,0.216429,0.360703,0.0371588
312.25,0.415106,0.981875,0.612359,0.216414,0.359886,0.0371812
312.3,0.415015,0.981743,0.611132,0.216343,0.359071,0.0372034
312.35,0.414997,0.981717,0.609906,0.216329,0.358258,0.0372263
312.4,0.414906,0.981585,0.608682,0.216258,0.357445,0.0372485
312.45,0.414888,0.981559,0.60746,0.216243,0.356634,0.0372708
312.5,0.414797,0.981427,0.606239,0.216172,0.355823,0.0372933
312.55,0.414779,0.9814,0.604998,0.216158,0.355014,0.0373158
312.6,0.414688,0.981269,0.60378,0.216087,0.354206,0.0373384
312.65,0.414669,0.981242,0.602542,0.216072,0.353399,0.0373612
312.7,0.414579,0.981111,0.601328,0.216001,0.352594,0.0373833
312.75,0.41456,0.981084,0.600093,0.215987,0.351789,0.0374055
312.8,0.41447,0.980953,0.598882,0.215916,0.350986,0.0374278
312.85,0.414451,0.980926,0.597651,0.215901,0.350184,0.03745
312.9,0.414361,0.980795,0.596443,0.21583,0.349383,0.0374721
312.95,0.414342,0.980768,0.595216,0.215816,0.348584,0.0374951
313,0.414252,0.980637,0.594011,0.215745,0.347785,0.0375175
313.05,0.414233,0.98061,0.592787,0.21573,0.346988,0.0375399
313.1,0.414143,0.980479,0.591586,0.215659,0.346192,0.0375624
313.15,0.414124,0.980452,0.590365,0.215645,0.345397,0.037585
313.2,0.414034,0.98032,0.589167,0.215574,0.344603,0.0376077
313.25,0.414015,0.980294,0.587949,0.21556,0.343811,0.0376304
313.3,0.413925,0.980162,0.586754,0.215488,0.343019,0.0376523
313.35,0.413906,0.980136,0.585539,0.215474,0.342229,0.0376744
313.4,0.413816,0.980005,0.584347,0.215403,0.34144,0.0376965
313.45,0.413797,0.979978,0.583136,0.215389,0.340652,0.0377186
313.5,0.413707,0.979846,0.581948,0.215318,0.339865,0.0377406
313.55,0.413688,0.97982,0.58074,0.215303,0.339079,0.0377637
313.6,0.413598,0.979689,0.579554,0.215232,0.338295,0.0377861
313.65,0.413579,0.979662,0.57835,0.215218,0.337512,0.0378087
313.7,0.413489,0.979662,0.577168,0.215147,0.336729,0.0378314
313.75,0.41347,0.979662,0.575967,0.215133,0.335948,0.0378542
313.8,0.41338,0.979662,0.574788,0.215062,0.335169,0.0378771
313.85,0.413361,0.979662,0.57359,0.215047,0.33439,0.0378999
313.9,0.413271,0.979662,0.572414,0.214976,0.333612,0.0379224
313.95,0.413252,0.979662,0.571219,0.214962,0.332836,0.0379441
314,0.413162,0.979662,0.570047,0.214891,0.33206,0.0379659
314.05,0.413144,0.979662,0.568855,0.214877,0.331286,0.0379879
314.1,0.413053,0.981556,0.567582,0.214806,0.330513,0.0380096
314.15,0.412962,0.981424,0.566415,0.214735,0.329741,0.0380313
314.2,0.412944,0.981398,0.565249,0.21472,0.32897,0.0380546
314.25,0.412853,0.981266,0.564085,0.214649,0.328201,0.0380773
314.3,0.412835,0.981239,0.562923,0.214635,0.327433,0.0381002
314.35,0.412745,0.981108,0.561762,0.214564,0.326665,0.0381232
314.4,0.412726,0.981081,0.560603,0.21455,0.325899,0.0381463
314.45,0.412636,0.98095,0.559445,0.214479,0.325134,0.0381694
314.5,0.412617,0.980923,0.558289,0.214465,0.32437,0.0381924
314.55,0.412527,0.980792,0.557134,0.214394,0.323608,0.0382155
314.6,0.412509,0.980765,0.555981,0.214379,0.322846,0.0382378
314.65,0.412418,0.980634,0.554727,0.214308,0.322085,0.0382593
314.7,0.4124,0.980607,0.553577,0.214294,0.321326,0.0382808
314.75,0.412309,0.980476,0.552429,0.214223,0.320567,0.0383025
314.8,0.412291,0.980449,0.551282,0.214209,0.31981,0.0383241
314.85,0.4122,0.980318,0.550137,0.214138,0.319054,0.0383456
314.9,0.412182,0.980291,0.548993,0.214124,0.318299,0.0383671
314.95,0.412091,0.98016,0.547851,0.214053,0.317545,0.0383907
315,0.412073,0.980133,0.546711,0.214038,0.316792,0.0384135
315.05,0.411983,0.980002,0.545572,0.213967,0.31604,0.0384365
315.1,0.411964,0.979975,0.544414,0.213953,0.31529,0.0384596
315.15,0.411874,0.979843,0.543278,0.213882,0.31454,0.0384828
315.2,0.411856,0.979817,0.542124,0.213868,0.313791,0.0385061
315.25,0.411765,0.979686,0.540991,0.213797,0.313044,0.0385293
315.3,0.411747,0.979659,0.539839,0.213783,0.312298,0.0385514
315.35,0.411656,0.979527,0.538709,0.213712,0.311552,0.0385727
315.4,0.411638,0.979501,0.53756,0.213698,0.310808,0.0385941
315.45,0.411548,0.97937,0.536434,0.213627,0.310065,0.0386155
315.5,0.411529,0.979343,0.535289,0.213612,0.309323,0.0386368
315.55,0.411439,0.979212,0.534165,0.213542,0.308582,0.0386581
315.6,0.411348,0.97908,0.532943,0.213471,0.307842,0.0386819
315.65,0.41133,0.979054,0.531823,0.213456,0.307104,0.0387048
315.7,0.41124,0.978922,0.530705,0.213386,0.306366,0.0387281
315.75,0.411221,0.978896,0.529588,0.213371,0.30563,0.0387513
315.8,0.411131,0.978764,0.528473,0.213301,0.304894,0.0387748
315.85,0.411113,0.978738,0.527359,0.213286,0.30416,0.0387982
315.9,0.411022,0.978606,0.526247,0.213215,0.303427,0.0388218
315.95,0.411004,0.97858,0.525136,0.213201,0.302694,0.0388453
316,0.410914,0.978449,0.524027,0.21313,0.301963,0.038867
316.05,0.410895,0.978422,0.522919,0.213116,0.301233,0.038888
316.1,0.410805,0.978291,0.521713,0.213045,0.300504,0.0389092
316.15,0.410787,0.978264,0.520609,0.213031,0.299776,0.0389302
316.2,0.410696,0.978133,0.519506,0.21296,0.29905,0.0389512
316.25,0.410678,0.978106,0.518405,0.212946,0.298324,0.0389722
316.3,0.410588,0.977975,0.517306,0.212875,0.2976,0.0389962
316.35,0.410569,0.977948,0.516208,0.212861,0.296876,0.0390193
316.4,0.410479,0.977817,0.515112,0.21279,0.296154,0.0390428
316.45,0.410461,0.977791,0.514018,0.212776,0.295433,0.0390663
316.5,0.41037,0.977659,0.512925,0.212705,0.294713,0.0390899
316.55,0.410352,0.977633,0.511814,0.212691,0.293994,0.0391138
316.6,0.410262,0.977501,0.510724,0.21262,0.293276,0.0391377
316.65,0.410243,0.977475,0.509616,0.212606,0.292559,0.0391617
316.7,0.410153,0.977344,0.50853,0.212535,0.291843,0.0391856
316.75,0.410135,0.977317,0.507425,0.212521,0.291129,0.0392095
316.8,0.410045,0.977186,0.506342,0.21245,0.290415,0.0392308
316.85,0.410026,0.977159,0.505241,0.212436,0.289703,0.0392513
316.9,0.409936,0.977028,0.504161,0.212365,0.288992,0.039272
316.95,0.409918,0.977001,0.503062,0.212351,0.288281,0.0392928
317,0.409827,0.97687,0.501986,0.21228,0.287572,0.0393135
317.05,0.409809,0.976844,0.500891,0.212266,0.286864,0.0393342
317.1,0.409719,0.976712,0.499818,0.212195,0.286157,0.0393547
317.15,0.409701,0.976686,0.498727,0.212181,0.285452,0.0393754
317.2,0.40961,0.976555,0.497657,0.21211,0.284747,0.0393996
317.25,0.409592,0.976528,0.496569,0.212096,0.284043,0.0394231
317.3,0.409502,0.976397,0.495502,0.212025,0.283341,0.0394468
317.35,0.409484,0.97637,0.494418,0.212011,0.282639,0.0394705
317.4,0.409393,0.976239,0.493355,0.21194,0.281939,0.0394944
317.45,0.409375,0.976213,0.492273,0.211926,0.28124,0.0395184
317.5,0.409285,0.976081,0.491213,0.211855,0.280542,0.0395423
317.55,0.409267,0.976055,0.490135,0.211841,0.279845,0.0395635
317.6,0.409176,0.975924,0.489078,0.211771,0.279149,0.039584
317.65,0.409158,0.975897,0.488003,0.211756,0.278454,0.0396046
317.7,0.409068,0.975766,0.486949,0.211686,0.27776,0.0396253
317.75,0.40905,0.975739,0.485878,0.211671,0.277067,0.0396459
317.8,0.408959,0.975608,0.484828,0.211601,0.276375,0.0396666
317.85,0.408941,0.975582,0.48376,0.211586,0.275685,0.0396871
317.9,0.408851,0.975451,0.482713,0.211516,0.274996,0.0397078
317.95,0.408833,0.975424,0.481649,0.211502,0.274307,0.0397319
318,0.408742,0.975293,0.480605,0.211431,0.27362,0.0397554
318.05,0.408724,0.975266,0.479544,0.211417,0.272934,0.039779
318.1,0.408634,0.975135,0.478504,0.211346,0.272249,0.0398027
318.15,0.408616,0.975109,0.477446,0.211332,0.271565,0.0398265
318.2,0.408525,0.974978,0.476409,0.211261,0.270882,0.0398504
318.25,0.408507,0.974951,0.475354,0.211247,0.2702,0.0398741
318.3,0.408417,0.97482,0.47432,0.211177,0.269519,0.0398953
318.35,0.408399,0.974793,0.473269,0.211162,0.26884,0.0399159
318.4,0.408309,0.974662,0.472238,0.211092,0.268161,0.0399365
318.45,0.40829,0.974636,0.47119,0.211078,0.267483,0.0399574
318.5,0.4082,0.974505,0.470163,0.211007,0.266807,0.0399781
318.55,0.408182,0.974478,0.469118,0.210993,0.266132,0.0399987
318.6,0.408092,0.974347,0.468095,0.210922,0.265457,0.0400194
318.65,0.408074,0.974321,0.467053,0.210908,0.264784,0.04004
318.7,0.407984,0.97419,0.466033,0.210837,0.264112,0.0400641
318.75,0.407965,0.974163,0.464995,0.210823,0.263441,0.0400874
318.8,0.407875,0.974032,0.463978,0.210753,0.262771,0.0401109
318.85,0.407857,0.974005,0.462944,0.210738,0.262103,0.0401344
318.9,0.407767,0.973875,0.46193,0.210668,0.261435,0.040158
318.95,0.407749,0.973848,0.460899,0.210654,0.260768,0.0401816
319,0.407658,0.973717,0.459888,0.210583,0.260102,0.040203
319.05,0.40764,0.97369,0.45886,0.210569,0.259438,0.0402236
319.1,0.40755,0.973559,0.457853,0.210498,0.258774,0.0402443
319.15,0.407532,0.973533,0.456828,0.210484,0.258112,0.040265
319.2,0.407442,0.973402,0.455824,0.210414,0.25745,0.0402857
319.25,0.407424,0.973375,0.454803,0.210399,0.25679,0.0403063
319.3,0.407334,0.973244,0.453802,0.210329,0.256131,0.040327
319.35,0.407315,0.973218,0.452785,0.210315,0.255473,0.040351
319.4,0.407225,0.973087,0.451787,0.210244,0.254816,0.0403742
319.45,0.407207,0.97306,0.450773,0.21023,0.25416,0.0403976
319.5,0.407117,0.97306,0.449779,0.21016,0.253505,0.0404212
319.55,0.407099,0.97306,0.448768,0.210145,0.252851,0.0404449
319.6,0.407009,0.97306,0.447777,0.210075,0.252198,0.0404685
319.65,0.40699,0.97306,0.446769,0.210061,0.251546,0.0404923
319.7,0.4069,0.97306,0.445781,0.20999,0.250896,0.0405159
319.75,0.406882,0.97306,0.444776,0.209976,0.250246,0.0405371
319.8,0.406792,0.97306,0.443791,0.209906,0.249597,0.0405575
319.85,0.406774,0.97306,0.44279,0.209891,0.248949,0.0405781
319.9,0.406684,0.975608,0.441716,0.209821,0.248303,0.0405988
319.95,0.406594,0.975477,0.440736,0.209751,0.247657,0.0406194
320,0.406504,0.975346,0.439758,0.20968,0.247013,0.0406399
320.05,0.406414,0.975214,0.438782,0.20961,0.246369,0.0406605
320.1,0.406396,0.975188,0.437808,0.209596,0.245727,0.040681
320.15,0.406306,0.975057,0.436835,0.209525,0.245086,0.040705
320.2,0.406288,0.975031,0.435864,0.209511,0.244445,0.0407282
320.25,0.406198,0.974899,0.434894,0.209441,0.243806,0.0407516
320.3,0.406179,0.974873,0.433926,0.209426,0.243168,0.0407752
320.35,0.406089,0.974742,0.43296,0.209356,0.24253,0.0407989
320.4,0.406071,0.974715,0.431995,0.209342,0.241894,0.0408226
320.45,0.405981,0.974584,0.43094,0.209272,0.241259,0.0408465
320.5,0.405963,0.974558,0.429978,0.209257,0.240625,0.0408704
320.55,0.405873,0.974427,0.429018,0.209187,0.239992,0.0408944
320.6,0.405855,0.9744,0.42806,0.209173,0.239359,0.0409183
320.65,0.405765,0.974269,0.427103,0.209102,0.238728,0.0409422
320.7,0.405747,0.974242,0.426148,0.209088,0.238098,0.040963
320.75,0.405657,0.974111,0.425194,0.209018,0.237469,0.0409831
320.8,0.405639,0.974085,0.424242,0.209004,0.236841,0.0410035
320.85,0.405549,0.973954,0.423292,0.208933,0.236214,0.0410239
320.9,0.405531,0.973927,0.422343,0.208919,0.235588,0.0410445
320.95,0.405441,0.973796,0.421396,0.208849,0.234963,0.0410653
321,0.405422,0.97377,0.420432,0.208835,0.23434,0.0410864
321.05,0.405332,0.973639,0.419488,0.208764,0.233717,0.0411076
321.1,0.405314,0.973612,0.418527,0.20875,0.233095,0.041129
321.15,0.405224,0.973481,0.417587,0.20868,0.232474,0.0411506
321.2,0.405206,0.973455,0.41663,0.208666,0.231855,0.0411723
321.25,0.405116,0.973324,0.415692,0.208595,0.231236,0.0411942
321.3,0.405098,0.973297,0.414738,0.208581,0.230618,0.0412162
321.35,0.405008,0.973166,0.413804,0.208511,0.230002,0.0412383
321.4,0.40499,0.973139,0.412853,0.208497,0.229386,0.0412603
321.45,0.4049,0.973009,0.411922,0.208427,0.228772,0.0412823
321.5,0.404882,0.972982,0.410975,0.208412,0.228159,0.0413042
321.55,0.404792,0.972851,0.410047,0.208342,0.227546,0.0413261
321.6,0.404774,0.972824,0.409122,0.208328,0.226935,0.0413479
321.65,0.404684,0.972693,0.408108,0.208258,0.226325,0.0413697
321.7,0.404666,0.972667,0.407185,0.208243,0.225716,0.0413914
321.75,0.404576,0.972536,0.406265,0.208173,0.225107,0.0414132
321.8,0.404558,0.97251,0.405346,0.208159,0.2245,0.0414356
321.85,0.404468,0.972379,0.404429,0.208089,0.223894,0.0414573
321.9,0.40445,0.972352,0.403513,0.208075,0.223289,0.0414792
321.95,0.40436,0.972221,0.402599,0.208005,0.222685,0.0415011
322,0.404342,0.972195,0.401686,0.20799,0.222082,0.0415231
322.05,0.404252,0.972064,0.400775,0.20792,0.22148,0.0415451
322.1,0.404234,0.972037,0.399866,0.207906,0.220879,0.0415675
322.15,0.404144,0.971906,0.398869,0.207836,0.220279,0.0415891
322.2,0.404126,0.97188,0.397963,0.207822,0.219679,0.0416108
322.25,0.404036,0.971749,0.397058,0.207751,0.219082,0.0416326
322.3,0.404018,0.971722,0.396156,0.207737,0.218485,0.0416542
322.35,0.403928,0.971591,0.395254,0.207667,0.217889,0.0416759
322.4,0.40391,0.971565,0.394355,0.207653,0.217294,0.0416983
322.45,0.40382,0.971434,0.393457,0.207583,0.2167,0.0417201
322.5,0.403802,0.971408,0.392561,0.207569,0.216107,0.041742
322.55,0.403712,0.971277,0.391666,0.207498,0.215515,0.041764
322.6,0.403694,0.97125,0.390773,0.207484,0.214924,0.0417861
322.65,0.403605,0.971119,0.389881,0.207414,0.214334,0.0418082
322.7,0.403586,0.971093,0.388974,0.2074,0.213745,0.0418303
322.75,0.403497,0.970962,0.388085,0.20733,0.213157,0.0418523
322.8,0.403479,0.970936,0.387181,0.207316,0.21257,0.0418745
322.85,0.403389,0.970805,0.386295,0.207246,0.211984,0.0418959
322.9,0.403371,0.970778,0.385394,0.207231,0.211399,0.0419174
322.95,0.403281,0.970647,0.384512,0.207161,0.210816,0.0419389
323,0.403263,0.970621,0.383632,0.207147,0.210233,0.0419604
323.05,0.403173,0.97049,0.382665,0.207077,0.209651,0.0419829
323.1,0.403155,0.970464,0.381789,0.207063,0.20907,0.0420047
323.15,0.403065,0.970333,0.380913,0.206993,0.20849,0.0420266
323.2,0.403047,0.970306,0.38004,0.206979,0.207911,0.0420486
323.25,0.402957,0.970176,0.379167,0.206909,0.207333,0.0420707
323.3,0.402939,0.970149,0.378297,0.206894,0.206757,0.0420928
323.35,0.40285,0.970018,0.377428,0.206824,0.206181,0.0421148
323.4,0.402832,0.969992,0.376561,0.20681,0.205606,0.0421368
323.45,0.402742,0.969861,0.375695,0.20674,0.205032,0.0421581
323.5,0.402724,0.969834,0.374831,0.206726,0.204459,0.0421796
323.55,0.402634,0.969704,0.373968,0.206656,0.203887,0.0422011
323.6,0.402575,0.969617,0.373108,0.20661,0.203316,0.0422225
323.65,0.402555,0.969588,0.372248,0.206594,0.202746,0.0422438
323.7,0.402534,0.969558,0.371391,0.206578,0.202178,0.0422662
323.75,0.402514,0.969528,0.370535,0.206562,0.20161,0.0422877
323.8,0.402494,0.969499,0.36968,0.206546,0.201043,0.0423096
323.85,0.402473,0.969469,0.368808,0.20653,0.200477,0.0423314
323.9,0.402453,0.969439,0.367937,0.206514,0.199912,0.0423532
323.95,0.402432,0.969409,0.367068,0.206498,0.199348,0.042375
324,0.402412,0.969379,0.3662,0.206482,0.198786,0.0423968
324.05,0.402391,0.96935,0.365334,0.206466,0.198224,0.0424187
324.1,0.402371,0.96932,0.36447,0.206451,0.197663,0.04244
324.15,0.402351,0.96929,0.363607,0.206435,0.197103,0.0424613
324.2,0.40233,0.96926,0.362746,0.206419,0.196544,0.0424827
324.25,0.40231,0.969231,0.361887,0.206403,0.195986,0.042504
324.3,0.402289,0.969201,0.36103,0.206387,0.195429,0.0425253
324.35,0.402269,0.969171,0.360174,0.206371,0.194873,0.0425472
324.4,0.402249,0.969141,0.359319,0.206355,0.194318,0.0425684
324.45,0.402228,0.969111,0.358466,0.206339,0.193765,0.0425896
324.5,0.402208,0.969082,0.357615,0.206323,0.193212,0.0426109
324.55,0.402187,0.969052,0.356766,0.206307,0.19266,0.0426322
324.6,0.402167,0.969022,0.355938,0.206291,0.192109,0.0426534
324.65,0.402146,0.968992,0.355111,0.206275,0.191559,0.0426745
324.7,0.402126,0.968962,0.354286,0.206259,0.19101,0.0426955
324.75,0.402105,0.968933,0.353462,0.206243,0.190462,0.0427173
324.8,0.402085,0.968903,0.35264,0.206227,0.189915,0.0427385
324.85,0.402065,0.968873,0.35182,0.206211,0.189369,0.0427597
324.9,0.402044,0.968843,0.351001,0.206195,0.188824,0.042781
324.95,0.402024,0.968813,0.350184,0.206179,0.18828,0.0428022
325,0.402003,0.968783,0.349369,0.206163,0.187737,0.0428233
325.05,0.401983,0.968754,0.348536,0.206147,0.187195,0.0428439
325.1,0.401962,0.968724,0.347704,0.206131,0.186654,0.0428646
325.15,0.401942,0.968724,0.346874,0.206115,0.186114,0.0428853
325.2,0.401922,0.968724,0.346046,0.206099,0.185575,0.0429059
325.25,0.401901,0.968724,0.345219,0.206084,0.185037,0.0429265
325.3,0.401881,0.968724,0.344394,0.206068,0.1845,0.042947
325.35,0.401861,0.968724,0.34357,0.206052,0.183964,0.0429688
325.4,0.40184,0.971801,0.342749,0.206036,0.183429,0.0429898
325.45,0.40182,0.971772,0.341929,0.20602,0.182894,0.0430111
325.5,0.401799,0.971742,0.34111,0.206004,0.182361,0.0430322
325.55,0.401779,0.971712,0.340293,0.205988,0.181829,0.043053
325.6,0.401759,0.971683,0.339478,0.205972,0.181298,0.0430733
325.65,0.401738,0.971653,0.338665,0.205956,0.180768,0.0430936
325.7,0.401718,0.971623,0.337872,0.205941,0.180238,0.0431139
325.75,0.401698,0.971593,0.33708,0.205925,0.17971,0.0431342
325.8,0.401678,0.971564,0.33629,0.205909,0.179183,0.0431544
325.85,0.401657,0.971534,0.335502,0.205893,0.178657,0.0431746
325.9,0.401637,0.971504,0.334715,0.205877,0.178131,0.0431963
325.95,0.401617,0.971475,0.33393,0.205861,0.177607,0.0432174
326,0.401597,0.971445,0.333147,0.205846,0.177083,0.0432386
326.05,0.401576,0.971416,0.332346,0.20583,0.176561,0.0432597
326.1,0.401556,0.971386,0.331547,0.205814,0.17604,0.0432801
326.15,0.401536,0.971357,0.330749,0.205798,0.175519,0.0432999
326.2,0.401516,0.971327,0.329953,0.205782,0.175,0.0433198
326.25,0.401495,0.971298,0.329159,0.205767,0.174481,0.0433397
326.3,0.401475,0.971268,0.328366,0.205751,0.173964,0.0433596
326.35,0.401455,0.971238,0.327575,0.205735,0.173447,0.0433795
326.4,0.401435,0.971209,0.326786,0.205719,0.172931,0.0433994
326.45,0.401415,0.97118,0.325998,0.205704,0.172417,0.0434192
326.5,0.401395,0.97115,0.325212,0.205688,0.171903,0.0434409
326.55,0.401374,0.971121,0.324427,0.205672,0.17139,0.043462
326.6,0.401354,0.971091,0.323644,0.205656,0.170879,0.0434831
326.65,0.401334,0.971062,0.322863,0.205641,0.170368,0.0435042
326.7,0.401314,0.971033,0.322101,0.205625,0.169858,0.0435243
326.75,0.401294,0.971003,0.321342,0.205609,0.169349,0.043543
326.8,0.401274,0.970974,0.320583,0.205594,0.168841,0.0435618
326.85,0.401254,0.970944,0.319827,0.205578,0.168334,0.0435806
326.9,0.401234,0.970915,0.319072,0.205562,0.167828,0.0435993
326.95,0.401214,0.970886,0.318318,0.205547,0.167323,0.0436181
327,0.401194,0.970857,0.317566,0.205531,0.166819,0.0436367
327.05,0.401174,0.970827,0.316815,0.205516,0.166316,0.0436554
327.1,0.401154,0.970798,0.316048,0.2055,0.165814,0.0436741
327.15,0.401134,0.970769,0.315282,0.205484,0.165313,0.0436957
327.2,0.401114,0.970739,0.314518,0.205469,0.164813,0.0437168
327.25,0.401094,0.97071,0.313756,0.205453,0.164313,0.0437385
327.3,0.401074,0.970681,0.312995,0.205437,0.163815,0.0437618
327.35,0.401054,0.970652,0.312236,0.205422,0.163318,0.0437895
327.4,0.401034,0.970623,0.311478,0.205406,0.162821,0.043816
327.45,0.401014,0.970594,0.310722,0.205391,0.162326,0.0438428
327.5,0.400994,0.970564,0.309968,0.205375,0.161831,0.0438695
327.55,0.400974,0.970535,0.309215,0.20536,0.161338,0.0438963
327.6,0.400954,0.970506,0.308463,0.205344,0.160845,0.0439207
327.65,0.400934,0.970477,0.307713,0.205328,0.160354,0.0439427
327.7,0.400914,0.970448,0.306965,0.205313,0.159863,0.0439645
327.75,0.400894,0.970419,0.306218,0.205297,0.159373,0.0439869
327.8,0.400875,0.97039,0.305472,0.205282,0.158884,0.0440088
327.85,0.400855,0.970361,0.304728,0.205266,0.158396,0.0440309
327.9,0.400835,0.970332,0.303985,0.205251,0.157909,0.0440529
327.95,0.400815,0.970303,0.303244,0.205236,0.157423,0.0440767
328,0.400795,0.970274,0.302504,0.20522,0.156938,0.0441043
328.05,0.400776,0.970245,0.301766,0.205205,0.156454,0.0441308
328.1,0.400756,0.970216,0.30103,0.205189,0.155971,0.0441575
328.15,0.400736,0.970187,0.300295,0.205174,0.155489,0.0441842
328.2,0.400716,0.970158,0.299561,0.205158,0.155007,0.044211
328.25,0.400696,0.97013,0.298829,0.205143,0.154527,0.0442378
328.3,0.400677,0.970101,0.298099,0.205128,0.154047,0.0442644
328.35,0.400657,0.970072,0.29737,0.205112,0.153569,0.0442877
328.4,0.400637,0.970043,0.296642,0.205097,0.153091,0.0443091
328.45,0.400618,0.970014,0.295916,0.205081,0.152614,0.044331
328.5,0.400598,0.969985,0.295191,0.205066,0.152138,0.0443527
328.55,0.400578,0.969957,0.294468,0.205051,0.151663,0.0443751
328.6,0.400559,0.969928,0.293747,0.205035,0.151189,0.0443975
328.65,0.400539,0.969899,0.293026,0.20502,0.150716,0.0444199
328.7,0.400519,0.96987,0.292308,0.205004,0.150244,0.0444424
328.75,0.400499,0.969842,0.29159,0.204989,0.149773,0.0444698
328.8,0.40048,0.969813,0.290875,0.204974,0.149303,0.0444962
328.85,0.40046,0.969784,0.290161,0.204958,0.148833,0.0445229
328.9,0.400441,0.969756,0.289465,0.204943,0.148365,0.0445496
328.95,0.400421,0.969727,0.288772,0.204928,0.147897,0.0445763
329,0.400401,0.969698,0.288079,0.204913,0.147431,0.0446033
329.05,0.400382,0.96967,0.287388,0.204897,0.146965,0.04463
329.1,0.400362,0.969641,0.286699,0.204882,0.1465,0.0446567
329.15,0.400343,0.969612,0.286011,0.204867,0.146036,0.0446799
329.2,0.400323,0.969584,0.285324,0.204851,0.145573,0.0447019
329.25,0.400304,0.969555,0.284639,0.204836,0.145111,0.0447237
329.3,0.400284,0.969527,0.283956,0.204821,0.14465,0.0447462
329.35,0.400264,0.969498,0.283273,0.204806,0.14419,0.0447679
329.4,0.400245,0.96947,0.282592,0.20479,0.14373,0.0447897
329.45,0.400225,0.969441,0.281912,0.204775,0.143272,0.0448117
329.5,0.400206,0.969413,0.281234,0.20476,0.142814,0.0448335
329.55,0.400187,0.969384,0.280557,0.204745,0.142358,0.044859
329.6,0.400167,0.969356,0.279882,0.20473,0.141902,0.0448864
329.65,0.400148,0.969327,0.279208,0.204714,0.141447,0.0449125
329.7,0.400128,0.969299,0.278535,0.204699,0.140993,0.044939
329.75,0.400109,0.96927,0.277864,0.204684,0.14054,0.0449657
329.8,0.400089,0.969242,0.277194,0.204669,0.140088,0.0449923
329.85,0.40007,0.969213,0.276526,0.204654,0.139636,0.0450191
329.9,0.400051,0.969185,0.275859,0.204639,0.139186,0.045046
329.95,0.400031,0.969157,0.275193,0.204624,0.138736,0.0450726
330,0.400012,0.969129,0.274529,0.204608,0.138288,0.0450992
330.05,0.399992,0.9691,0.273866,0.204593,0.13784,0.045124
330.1,0.399973,0.969072,0.273205,0.204578,0.137393,0.0451461
330.15,0.399954,0.969044,0.272545,0.204563,0.136947,0.0451685
330.2,0.399934,0.969015,0.271886,0.204548,0.136502,0.0451904
330.25,0.399915,0.968987,0.271229,0.204533,0.136058,0.0452129
330.3,0.399896,0.968959,0.270573,0.204518,0.135615,0.0452352
330.35,0.399877,0.968931,0.269918,0.204503,0.135172,0.0452565
330.4,0.399857,0.968903,0.269264,0.204488,0.13473,0.0452794
330.45,0.399838,0.968874,0.268612,0.204473,0.13429,0.0453065
330.5,0.399819,0.968846,0.267962,0.204458,0.13385,0.0453325
330.55,0.399799,0.968818,0.267312,0.204443,0.133411,0.0453587
330.6,0.39978,0.96879,0.266664,0.204428,0.132973,0.0453852
330.65,0.399761,0.968762,0.266017,0.204413,0.132536,0.0454116
330.7,0.399742,0.968734,0.265372,0.204398,0.132099,0.0454381
330.75,0.399723,0.968706,0.264728,0.204383,0.131664,0.0454647
330.8,0.399703,0.968678,0.264086,0.204368,0.131229,0.045491
330.85,0.399684,0.968678,0.263445,0.204353,0.130795,0.0455173
330.9,0.399665,0.968678,0.262805,0.204338,0.130363,0.04554
330.95,0.399646,0.968678,0.262167,0.204323,0.129931,0.0455624
331,0.399627,0.968678,0.26153,0.204308,0.129499,0.0455842
331.05,0.399608,0.968678,0.260878,0.204293,0.129069,0.0456067
331.1,0.399589,0.971762,0.260227,0.204278,0.12864,0.0456286
331.15,0.399569,0.971734,0.259594,0.204263,0.128211,0.0456515
331.2,0.39955,0.971706,0.258963,0.204248,0.127784,0.0456734
331.25,0.399531,0.971678,0.258332,0.204233,0.127357,0.0456954
331.3,0.399512,0.97165,0.257703,0.204219,0.126931,0.0457231
331.35,0.399493,0.971622,0.257076,0.204204,0.126506,0.0457486
331.4,0.399474,0.971594,0.25645,0.204189,0.126082,0.0457743
331.45,0.399455,0.971566,0.255825,0.204174,0.125658,0.0458003
331.5,0.399436,0.971538,0.255201,0.204159,0.125236,0.0458262
331.55,0.399417,0.971511,0.254579,0.204145,0.124814,0.045852
331.6,0.399398,0.971483,0.253959,0.20413,0.124393,0.0458779
331.65,0.39938,0.971455,0.25334,0.204115,0.123974,0.0459045
331.7,0.399361,0.971428,0.252722,0.2041,0.123555,0.0459272
331.75,0.399342,0.9714,0.252105,0.204085,0.123136,0.045949
331.8,0.399323,0.971372,0.25149,0.204071,0.122719,0.0459706
331.85,0.399304,0.971345,0.250876,0.204056,0.122303,0.0459933
331.9,0.399285,0.971317,0.250263,0.204041,0.121887,0.046015
331.95,0.399266,0.97129,0.249652,0.204027,0.121472,0.0460379
332,0.399248,0.971262,0.249041,0.204012,0.121058,0.0460599
332.05,0.399229,0.971235,0.248432,0.203997,0.120645,0.0460818
332.1,0.39921,0.971207,0.247825,0.203983,0.120233,0.0461038
332.15,0.399191,0.97118,0.247218,0.203968,0.119821,0.0461305
332.2,0.399173,0.971153,0.246613,0.203954,0.119411,0.0461553
332.25,0.399154,0.971125,0.246009,0.203939,0.119001,0.0461804
332.3,0.399136,0.971098,0.245407,0.203925,0.118592,0.0462055
332.35,0.399117,0.971071,0.244806,0.20391,0.118184,0.0462308
332.4,0.399098,0.971043,0.244206,0.203896,0.117777,0.0462561
332.45,0.39908,0.971016,0.243608,0.203881,0.11737,0.0462814
332.5,0.399061,0.970989,0.243011,0.203867,0.116965,0.0463067
332.55,0.399043,0.970962,0.242415,0.203852,0.11656,0.0463318
332.6,0.399024,0.970935,0.24182,0.203838,0.116156,0.046358
332.65,0.399006,0.970908,0.241227,0.203823,0.115753,0.0463805
332.7,0.398987,0.970881,0.240635,0.203809,0.115351,0.0464028
332.75,0.398969,0.970854,0.240045,0.203794,0.11495,0.0464251
332.8,0.39895,0.970827,0.239456,0.20378,0.114549,0.0464463
332.85,0.398932,0.9708,0.238867,0.203766,0.114149,0.0464688
332.9,0.398914,0.970773,0.238281,0.203751,0.11375,0.0464912
332.95,0.398895,0.970746,0.237695,0.203737,0.113352,0.0465129
333,0.398877,0.970719,0.23711,0.203723,0.112955,0.0465349
333.05,0.398859,0.970692,0.236527,0.203708,0.112558,0.0465569
333.1,0.39884,0.970665,0.235945,0.203694,0.112163,0.0465784
333.15,0.398822,0.970639,0.235364,0.20368,0.111768,0.0465999
333.2,0.398804,0.970612,0.234784,0.203666,0.111374,0.0466215
333.25,0.398785,0.970585,0.234205,0.203651,0.11098,0.0466431
333.3,0.398767,0.970558,0.233628,0.203637,0.110588,0.0466649
333.35,0.398749,0.970532,0.233052,0.203623,0.110196,0.0466868
333.4,0.398731,0.970505,0.232476,0.203609,0.109805,0.0467091
333.45,0.398713,0.970478,0.231902,0.203595,0.109415,0.0467315
333.5,0.398694,0.970452,0.231329,0.20358,0.109025,0.0467546
333.55,0.398676,0.970425,0.230758,0.203566,0.108636,0.0467779
333.6,0.398658,0.970398,0.230187,0.203552,0.108249,0.0468012
333.65,0.39864,0.970372,0.229618,0.203538,0.107862,0.0468245
333.7,0.398622,0.970345,0.22905,0.203524,0.107475,0.0468479
333.75,0.398604,0.970319,0.228484,0.20351,0.10709,0.0468705
333.8,0.398586,0.970293,0.227918,0.203496,0.106705,0.0468931
333.85,0.398568,0.970266,0.227354,0.203482,0.106322,0.0469159
333.9,0.39855,0.97024,0.226791,0.203468,0.105939,0.0469386
333.95,0.398532,0.970213,0.22623,0.203453,0.105556,0.0469614
334,0.398514,0.970187,0.225669,0.203439,0.105175,0.0469841
334.05,0.398496,0.97016,0.22511,0.203425,0.104794,0.0470067
334.1,0.398477,0.970134,0.224552,0.203411,0.104415,0.0470292
334.15,0.39846,0.970107,0.223995,0.203397,0.104036,0.0470522
334.2,0.398441,0.970081,0.22344,0.203383,0.103657,0.0470781
334.25,0.398423,0.970055,0.222886,0.203369,0.10328,0.0471007
334.3,0.398405,0.970028,0.222332,0.203355,0.102903,0.0471221
334.35,0.398387,0.970002,0.221781,0.203341,0.102527,0.0471438
334.4,0.398369,0.969975,0.22123,0.203327,0.102152,0.0471655
334.45,0.398351,0.969949,0.22068,0.203313,0.101778,0.0471875
334.5,0.398333,0.969922,0.220132,0.203299,0.101405,0.0472093
334.55,0.398315,0.969896,0.219584,0.203284,0.101032,0.0472311
334.6,0.398297,0.969869,0.219038,0.20327,0.10066,0.0472529
334.65,0.398279,0.969843,0.218493,0.203256,0.100288,0.0472747
334.7,0.398261,0.969817,0.217949,0.203242,0.099918,0.0472971
334.75,0.398243,0.96979,0.217407,0.203228,0.0995483,0.0473212
334.8,0.398225,0.969764,0.216865,0.203214,0.0991794,0.0473462
334.85,0.398207,0.969737,0.216325,0.2032,0.0988113,0.0473688
334.9,0.398189,0.969711,0.215786,0.203186,0.0984439,0.0473919
334.95,0.398171,0.969684,0.215248,0.203172,0.0980774,0.0474153
335,0.398153,0.969658,0.214711,0.203158,0.0977115,0.0474385
335.05,0.398135,0.969632,0.214176,0.203144,0.0973465,0.0474615
335.1,0.398117,0.969605,0.213641,0.20313,0.0969822,0.0474847
335.15,0.398099,0.969579,0.213108,0.203116,0.0966187,0.0475114
335.2,0.398081,0.969552,0.212576,0.203102,0.0962559,0.0475365
335.25,0.398063,0.969526,0.212045,0.203087,0.0958939,0.0475617
335.3,0.398044,0.969499,0.211515,0.203073,0.0955327,0.0475875
335.35,0.398026,0.969473,0.210987,0.203059,0.0951722,0.0476154
335.4,0.398008,0.969447,0.210459,0.203045,0.0948124,0.0476428
335.45,0.39799,0.96942,0.209933,0.203031,0.0944534,0.0476681
335.5,0.397972,0.969394,0.209407,0.203017,0.0940952,0.0476941
335.55,0.397954,0.969367,0.208883,0.203003,0.0937375,0.047721
335.6,0.397936,0.969341,0.20836,0.202989,0.0933806,0.0477438
335.65,0.397918,0.969314,0.207837,0.202975,0.0930244,0.0477679
335.7,0.3979,0.969288,0.207316,0.202961,0.0926689,0.0477914
335.75,0.397882,0.969261,0.206795,0.202947,0.092314,0.0478154
335.8,0.397864,0.969235,0.206276,0.202933,0.0919599,0.0478402
335.85,0.397846,0.969209,0.205757,0.202919,0.0916064,0.0478651
335.9,0.397828,0.969182,0.20524,0.202905,0.0912537,0.04789
335.95,0.39781,0.969156,0.204723,0.20289,0.0909017,0.0479151
336,0.397792,0.969129,0.204208,0.202876,0.0905503,0.0479416
336.05,0.397774,0.969103,0.203694,0.202862,0.0901997,0.0479702
336.1,0.397756,0.969077,0.20318,0.202848,0.0898498,0.0479973
336.15,0.397738,0.96905,0.202668,0.202834,0.0895006,0.0480244
336.2,0.39772,0.969024,0.202157,0.20282,0.0891521,0.0480518
336.25,0.397702,0.968997,0.201647,0.202806,0.0888043,0.048079
336.3,0.397684,0.968971,0.201138,0.202792,0.0884573,0.0481055
336.35,0.397666,0.968944,0.20063,0.202778,0.0881109,0.0481296
336.4,0.397648,0.968918,0.200123,0.202764,0.0877651,0.0481538
336.45,0.39763,0.968891,0.199617,0.20275,0.0874202,0.0481824
336.5,0.397612,0.968865,0.199111,0.202736,0.0870759,0.0482089
336.55,0.397594,0.968839,0.198607,0.202722,0.0867322,0.0482335
336.6,0.397576,0.968812,0.198104,0.202708,0.0863893,0.0482585
336.65,0.397557,0.968786,0.197602,0.202694,0.086047,0.0482836
336.7,0.39754,0.968786,0.1971,0.202679,0.0857053,0.0483087
336.75,0.397521,0.968786,0.1966,0.202665,0.0853643,0.0483344
336.8,0.397503,0.968786,0.1961,0.202651,0.0850239,0.0483625
336.85,0.397485,0.968786,0.195602,0.202637,0.0846843,0.0483892
336.9,0.397467,0.97186,0.19509,0.202623,0.0843454,0.048416
336.95,0.397449,0.971834,0.194594,0.202609,0.0840071,0.0484431
337,0.397431,0.971808,0.194099,0.202595,0.0836696,0.0484702
337.05,0.397413,0.971781,0.193604,0.202581,0.0833328,0.0484988
337.1,0.397395,0.971755,0.193112,0.202567,0.0829968,0.0485258
337.15,0.397377,0.971728,0.19262,0.202553,0.0826615,0.0485529
337.2,0.397359,0.971702,0.192129,0.202539,0.0823268,0.0485801
337.25,0.397341,0.971675,0.191638,0.202525,0.0819928,0.0486069
337.3,0.397323,0.971649,0.191149,0.202511,0.0816594,0.0486339
337.35,0.397305,0.971622,0.190661,0.202497,0.0813267,0.0486618
337.4,0.397287,0.971596,0.19016,0.202483,0.0809946,0.0486896
337.45,0.397269,0.971569,0.189659,0.202469,0.0806632,0.0487173
337.5,0.397251,0.971543,0.18916,0.202454,0.0803324,0.048745
337.55,0.397233,0.971516,0.188662,0.20244,0.0800023,0.0487729
337.6,0.397215,0.97149,0.188165,0.202426,0.0796729,0.048801
337.65,0.397197,0.971463,0.187669,0.202412,0.0793442,0.0488289
337.7,0.397179,0.971437,0.187173,0.202398,0.0790161,0.0488568
337.75,0.397161,0.971411,0.186679,0.202384,0.0786887,0.048885
337.8,0.397143,0.971384,0.186186,0.20237,0.0783619,0.0489134
337.85,0.397125,0.971358,0.185693,0.202356,0.0780358,0.0489418
337.9,0.397107,0.971331,0.185202,0.202342,0.0777103,0.0489704
337.95,0.397089,0.971305,0.184711,0.202328,0.0773854,0.0489989
338,0.397071,0.971278,0.184221,0.202314,0.0770612,0.0490275
338.05,0.397053,0.971252,0.183732,0.2023,0.0767376,0.0490515
338.1,0.397035,0.971225,0.183244,0.202286,0.0764146,0.0490801
338.15,0.397017,0.971199,0.182757,0.202272,0.0760921,0.0491087
338.2,0.396999,0.971172,0.18227,0.202258,0.0757703,0.0491373
338.25,0.396981,0.971146,0.181784,0.202244,0.0754491,0.0491659
338.3,0.396981,0.97112,0.181299,0.20223,0.0751284,0.0491946
338.35,0.446623,0.971093,0.180815,0.202216,0.0748084,0.0492232
338.4,0.446604,0.971067,0.180332,0.202201,0.0744889,0.0492517
338.45,0.446586,0.97104,0.179849,0.202187,0.07417,0.0492803
338.5,0.446567,0.971014,0.179368,0.202173,0.0738516,0.0493089
338.55,0.446548,0.970987,0.178887,0.202159,0.0735339,0.0493376
338.6,0.446529,0.970961,0.178406,0.202145,0.0732166,0.0493662
338.65,0.44651,0.970934,0.177927,0.202131,0.0728999,0.0493948
338.7,0.446491,0.970908,0.177448,0.202117,0.0725838,0.0494234
338.75,0.446472,0.970881,0.176969,0.202103,0.0722682,0.049452
338.8,0.446453,0.970855,0.176492,0.202089,0.0719531,0.0494805
338.85,0.446434,0.970829,0.176015,0.202075,0.0716386,0.0495088
338.9,0.446415,0.970802,0.175538,0.202061,0.0713246,0.049537
338.95,0.446397,0.970776,0.175063,0.202047,0.071011,0.0495648
339,0.446378,0.970749,0.174587,0.202033,0.070698,0.0495927
339.05,0.446359,0.970723,0.174113,0.202019,0.0703856,0.0496126
339.1,0.44634,0.970696,0.173639,0.202005,0.0700736,0.0496308
339.15,0.446321,0.97067,0.173166,0.201991,0.0697621,0.0496493
339.2,0.446302,0.970643,0.172693,0.201977,0.0694511,0.049668
339.25,0.446283,0.970617,0.172221,0.201963,0.0691406,0.0496878
339.3,0.446264,0.970591,0.17175,0.201949,0.0688306,0.0497077
339.35,0.446245,0.970564,0.171279,0.201935,0.0685211,0.0497276
339.4,0.446227,0.970538,0.170809,0.201921,0.0682122,0.0497477
339.45,0.446208,0.970511,0.17034,0.201906,0.0679037,0.0497677
339.5,0.446189,0.970485,0.169871,0.201892,0.0675957,0.049788
339.55,0.44617,0.970458,0.169402,0.201878,0.0672881,0.0498082
339.6,0.446151,0.970432,0.168935,0.201864,0.0669811,0.0498285
339.65,0.446132,0.970405,0.168467,0.20185,0.0666745,0.0498489
339.7,0.446113,0.970379,0.168001,0.201836,0.0663685,0.0498693
339.75,0.446094,0.970352,0.167535,0.201822,0.0660628,0.0498899
339.8,0.446075,0.970326,0.167069,0.201808,0.0657577,0.0499104
339.85,0.446057,0.970299,0.166604,0.201794,0.0654531,0.0499311
339.9,0.446038,0.970273,0.16614,0.20178,0.065149,0.0499518
339.95,0.446019,0.970247,0.165676,0.201766,0.0648453,0.0499725
340,0.446,0.97022,0.165213,0.201752,0.0645421,0.0499933
340.05,0.445981,0.970194,0.164751,0.201738,0.0642394,0.0500196
340.1,0.445962,0.970167,0.164289,0.201724,0.0639372,0.0500449
340.15,0.445943,0.970141,0.163827,0.20171,0.0636355,0.0500702
340.2,0.445924,0.970114,0.163367,0.201696,0.0633343,0.0500956
340.25,0.445905,0.970088,0.162906,0.201682,0.0630336,0.0501212
340.3,0.445887,0.970062,0.162447,0.201668,0.0627334,0.0501467
340.35,0.445868,0.970035,0.161988,0.201654,0.0624337,0.0501722
340.4,0.445849,0.970009,0.16153,0.20164,0.0621344,0.0501934
340.45,0.44583,0.969982,0.161072,0.201626,0.0618357,0.0502139
340.5,0.445811,0.969956,0.160615,0.201612,0.0615375,0.0502346
340.55,0.445792,0.969929,0.160158,0.201598,0.0612397,0.0502556
340.6,0.445773,0.969903,0.159703,0.201584,0.0609424,0.0502766
340.65,0.445754,0.969877,0.159247,0.201569,0.0606456,0.0502976
340.7,0.445735,0.96985,0.158793,0.201555,0.0603493,0.0503188
340.75,0.445717,0.969824,0.158338,0.201541,0.0600535,0.0503399
340.8,0.445698,0.969797,0.157885,0.201527,0.0597581,0.0503612
340.85,0.445679,0.969771,0.157432,0.201513,0.0594632,0.0503824
340.9,0.44566,0.969744,0.156979,0.201499,0.0591688,0.0504036
340.95,0.445641,0.969718,0.156527,0.201485,0.0588749,0.0504249
341,0.445622,0.969691,0.156076,0.201471,0.0585815,0.0504464
341.05,0.445603,0.969665,0.155625,0.201457,0.0582885,0.0504714
341.1,0.445584,0.969639,0.155175,0.201443,0.057996,0.0504954
341.15,0.445566,0.969612,0.154726,0.201429,0.057704,0.0505196
341.2,0.445547,0.969586,0.154277,0.201415,0.0574125,0.0505438
341.25,0.445528,0.969559,0.153828,0.201401,0.0571214,0.050568
341.3,0.445509,0.969533,0.15338,0.201387,0.0568309,0.0505923
341.35,0.44549,0.969507,0.152933,0.201373,0.0565408,0.0506141
341.4,0.445471,0.96948,0.152486,0.201359,0.0562512,0.0506352
341.45,0.445452,0.969453,0.15204,0.201345,0.0559621,0.0506565
341.5,0.445433,0.969427,0.151595,0.201331,0.0556734,0.0506779
341.55,0.445415,0.969401,0.15115,0.201317,0.0553853,0.0506995
341.6,0.445396,0.969374,0.150706,0.201303,0.0550976,0.050721
341.65,0.445377,0.969348,0.150262,0.201289,0.0548104,0.0507426
341.7,0.445358,0.969321,0.149819,0.201275,0.0545237,0.0507642
341.75,0.445339,0.969295,0.149376,0.201261,0.0542375,0.0507858
341.8,0.44532,0.969268,0.148934,0.201247,0.0539518,0.0508075
341.85,0.445301,0.969242,0.148493,0.201233,0.0536665,0.0508317
341.9,0.445282,0.969216,0.148052,0.201219,0.0533817,0.0508551
341.95,0.445263,0.969189,0.147612,0.201205,0.0530974,0.0508785
342,0.445245,0.969163,0.147172,0.201191,0.0528136,0.050902
342.05,0.445226,0.969136,0.146733,0.201177,0.0525303,0.0509254
342.1,0.445207,0.96911,0.146295,0.201163,0.0522475,0.0509489
342.15,0.445188,0.969083,0.145857,0.201148,0.0519651,0.050971
342.2,0.445169,0.969057,0.14542,0.201134,0.0516833,0.0509924
342.25,0.44515,0.96903,0.144984,0.20112,0.0514019,0.0510141
342.3,0.445131,0.969004,0.144548,0.201106,0.051121,0.0510358
342.35,0.445112,0.968978,0.144112,0.201092,0.0508406,0.0510577
342.4,0.445094,0.968951,0.143678,0.201078,0.0505607,0.0510795
342.45,0.445075,0.968925,0.143244,0.201064,0.0502812,0.0511013
342.5,0.445056,0.968898,0.14281,0.20105,0.0500023,0.0511231
342.55,0.445037,0.968872,0.142377,0.201036,0.0497238,0.051145
342.6,0.445018,0.968872,0.141945,0.201022,0.0494458,0.0511668
342.65,0.444999,0.968872,0.141513,0.201022,0.0491683,0.0511904
342.7,0.44498,0.968872,0.141082,0.201022,0.0488912,0.0512132
342.75,0.444961,0.968872,0.140652,0.201022,0.0486147,0.0512359
342.8,0.444943,0.968872,0.140222,0.201022,0.0483386,0.0512586
342.85,0.444924,0.968872,0.139793,0.201022,0.0480631,0.0512813
342.9,0.444905,0.971938,0.139364,0.201022,0.047788,0.0513038
342.95,0.444886,0.971912,0.138936,0.258391,0.0475134,0.0513255
343,0.444867,0.971885,0.138508,0.258375,0.0472393,0.0513474
343.05,0.444848,0.971859,0.138082,0.25836,0.0469656,0.0513694
343.1,0.444755,0.971728,0.137606,0.258285,0.0466924,0.0513916
343.15,0.444662,0.971597,0.137132,0.258209,0.0464198,0.0514137
343.2,0.444568,0.971597,0.136658,0.258133,0.0460993,0.051436
343.25,0.444475,0.974289,0.136185,0.258057,0.0457794,0.0514582
343.3,0.444382,0.974158,0.135774,0.257982,0.0454601,0.0514804
343.35,0.444288,0.974027,0.135364,0.257906,0.0451414,0.0515026
343.4,0.444195,0.974027,0.134893,0.25783,0.0448234,0.0515248
343.45,0.444102,0.976479,0.134423,0.257755,0.044506,0.0515476
343.5,0.444008,0.976479,0.133953,0.257679,0.0441892,0.0515695
343.55,0.443915,0.976479,0.133484,0.257603,0.0438731,0.0515915
343.6,0.443822,0.978689,0.133016,0.257528,0.0435576,0.0516135
343.65,0.443728,0.978557,0.13261,0.257452,0.0432427,0.0516354
343.7,0.443635,0.978426,0.132205,0.257377,0.0429285,0.0516581
343.75,0.443542,0.978294,0.131739,0.257301,0.0426626,0.0516801
343.8,0.443449,0.978294,0.131274,0.257225,0.0423973,0.0517023
343.85,0.443356,0.978294,0.130809,0.25715,0.0421324,0.0517246
343.9,0.443262,0.978294,0.130346,0.257074,0.0418203,0.0517468
343.95,0.443169,0.980324,0.129883,0.256999,0.0415089,0.0517691
344,0.443076,0.980324,0.129421,0.256923,0.0411981,0.0517913
344.05,0.442983,0.982152,0.12896,0.256848,0.0408879,0.0518136
344.1,0.442889,0.98202,0.12856,0.256772,0.0405784,0.0518359
344.15,0.442796,0.981889,0.128161,0.256696,0.0402695,0.0518574
344.2,0.442703,0.981757,0.127762,0.256621,0.0399612,0.0518791
344.25,0.44261,0.981757,0.127304,0.256545,0.0396535,0.0519007
344.3,0.442517,0.981757,0.126846,0.25647,0.0393465,0.0519222
344.35,0.442424,0.983443,0.126389,0.256394,0.0390401,0.0519449
344.4,0.44233,0.983443,0.125933,0.256319,0.0387343,0.0519669
344.45,0.442237,0.983443,0.125478,0.256243,0.0384291,0.051989
344.5,0.442144,0.984961,0.125023,0.256168,0.0381246,0.0520113
344.55,0.442051,0.984961,0.12457,0.256092,0.0378207,0.0520335
344.6,0.441958,0.986328,0.124117,0.256017,0.0375174,0.0520557
344.65,0.441865,0.986197,0.123724,0.255941,0.0372147,0.0520779
344.7,0.441772,0.986065,0.123333,0.255866,0.0369127,0.0521001
344.75,0.441679,0.986065,0.122882,0.255791,0.0366112,0.0521221
344.8,0.441586,0.987323,0.122432,0.255715,0.0363104,0.0521433
344.85,0.441492,0.987191,0.121983,0.25564,0.0360569,0.0521645
344.9,0.441399,0.987059,0.121534,0.255564,0.0358038,0.0521858
344.95,0.441399,0.986927,0.121087,0.255489,0.0355047,0.0522071
345,0.488345,0.986795,0.12064,0.255413,0.0352062,0.0522296
345.05,0.488248,0.986795,0.120194,0.255338,0.0349083,0.0522514
345.1,0.488151,0.98798,0.119749,0.255263,0.0346111,0.0522734
345.15,0.488054,0.98798,0.119305,0.255187,0.0343145,0.0522954
345.2,0.487957,0.989047,0.11892,0.255112,0.0340184,0.0523176
345.25,0.48786,0.988915,0.118537,0.255037,0.033723,0.0523397
345.3,0.487763,0.988783,0.118153,0.254961,0.0334282,0.0523617
345.35,0.487666,0.988783,0.117712,0.254886,0.0331341,0.0523837
345.4,0.487569,0.988783,0.117271,0.25481,0.0328405,0.0524057
345.45,0.487472,0.98977,0.116831,0.254735,0.0325476,0.0524274
345.5,0.487375,0.98977,0.116392,0.25466,0.0322552,0.0524483
345.55,0.487278,0.990659,0.115954,0.254584,0.0319635,0.0524693
345.6,0.487181,0.990659,0.115517,0.254509,0.0316724,0.0524903
345.65,0.487084,0.991459,0.11508,0.254434,0.0313819,0.0525113
345.7,0.486987,0.991459,0.114645,0.254359,0.0310921,0.0525335
345.75,0.48689,0.991459,0.11421,0.254283,0.0308028,0.0525552
345.8,0.486793,0.992179,0.113776,0.254208,0.0305142,0.052577
345.85,0.486697,0.992179,0.113401,0.254133,0.0302262,0.0525989
345.9,0.4866,0.992828,0.113027,0.254057,0.0299389,0.0526208
345.95,0.486503,0.992696,0.112653,0.253982,0.0296521,0.0526428
346,0.486406,0.992563,0.11228,0.253907,0.0293659,0.0526648
346.05,0.486309,0.992563,0.11185,0.253832,0.0290804,0.0526868
346.1,0.486212,0.993174,0.11142,0.253756,0.0287954,0.0527087
346.15,0.486115,0.993174,0.110991,0.253681,0.0285111,0.0527306
346.2,0.486019,0.993174,0.110563,0.253606,0.0282273,0.0527525
346.25,0.485922,0.993723,0.110136,0.253531,0.0279442,0.0527736
346.3,0.485825,0.993723,0.10971,0.253456,0.0276616,0.0527941
346.35,0.485728,0.994218,0.109284,0.25338,0.0274249,0.0528147
346.4,0.485631,0.994218,0.10886,0.253305,0.0271886,0.0528354
346.45,0.485535,0.994218,0.108436,0.25323,0.0269077,0.052856
346.5,0.485438,0.994218,0.108013,0.253155,0.0266275,0.0528768
346.55,0.485341,0.994663,0.107591,0.25308,0.0263479,0.0528987
346.6,0.485244,0.994663,0.10717,0.253005,0.0260689,0.05292
346.65,0.485147,0.995064,0.106749,0.252929,0.0257905,0.0529414
346.7,0.485051,0.995064,0.10633,0.252854,0.0255127,0.0529629
346.75,0.484954,0.995064,0.105911,0.252779,0.0252355,0.0529844
346.8,0.484857,0.995424,0.10555,0.252704,0.0249589,0.0530059
346.85,0.484761,0.995292,0.10519,0.252629,0.0246829,0.0530274
346.9,0.484664,0.99516,0.104831,0.252554,0.0244075,0.0530488
346.95,0.484567,0.99516,0.104415,0.252479,0.0241326,0.0530701
347,0.48447,0.99516,0.104,0.252404,0.0238584,0.0530913
347.05,0.484374,0.995643,0.103586,0.252329,0.0235848,0.0531118
347.1,0.484277,0.995643,0.103172,0.252254,0.0233118,0.0531323
347.15,0.48418,0.996078,0.10276,0.252178,0.0230393,0.0531528
347.2,0.484084,0.996078,0.102348,0.252103,0.0227675,0.0531733
347.25,0.483987,0.99647,0.101937,0.252028,0.0224963,0.0531948
347.3,0.48389,0.99647,0.101527,0.251953,0.0222256,0.0532159
347.35,0.483794,0.99647,0.101118,0.251878,0.0219556,0.053237
347.4,0.483697,0.996823,0.10071,0.251803,0.0216862,0.0532581
347.45,0.4836,0.996823,0.100302,0.251728,0.0214174,0.0532793
347.5,0.483504,0.996823,0.0998958,0.251653,0.0211491,0.0533003
347.55,0.483407,0.99714,0.0994899,0.251578,0.0208814,0.0533213
347.6,0.483311,0.99714,0.0990849,0.251503,0.0206143,0.0533423
347.65,0.483214,0.997426,0.0986807,0.251428,0.0203478,0.0533632
347.7,0.483117,0.997426,0.0982773,0.251353,0.0200819,0.0533841
347.75,0.483021,0.997683,0.0978747,0.251278,0.0198166,0.0534051
347.8,0.482924,0.997683,0.097473,0.251203,0.0195518,0.0534256
347.85,0.482828,0.997683,0.0970721,0.251128,0.0192877,0.053446
347.9,0.482731,0.997915,0.0966721,0.251053,0.0190241,0.0534664
347.95,0.482635,0.997915,0.0962729,0.250978,0.0187611,0.0534881
348,0.482538,0.997915,0.0958746,0.250904,0.0184987,0.0535096
348.05,0.482442,0.998123,0.0954771,0.250829,0.0182369,0.0535307
348.1,0.482345,0.998123,0.0951363,0.250754,0.0179757,0.0535513
348.15,0.482248,0.998123,0.0947962,0.250679,0.017715,0.0535732
348.2,0.482152,0.998311,0.0944568,0.250604,0.017455,0.0535945
348.25,0.482056,0.998311,0.094118,0.250529,0.0171955,0.0536151
348.3,0.481959,0.998311,0.0937799,0.250454,0.0169366,0.0536356
348.35,0.481862,0.998311,0.0933868,0.250379,0.0166782,0.0536578
348.4,0.481766,0.998311,0.0929945,0.250304,0.0164204,0.0536793
348.45,0.48167,0.99848,0.092603,0.25023,0.0161632,0.0537011
348.5,0.481573,0.99848,0.0922123,0.250155,0.0159066,0.053722
348.55,0.481477,0.998632,0.0918225,0.25008,0.0156505,0.0537442
348.6,0.48138,0.998632,0.0914334,0.250005,0.0153949,0.0537656
348.65,0.481284,0.998769,0.0910452,0.24993,0.01514,0.0537867
348.7,0.481187,0.998769,0.0906577,0.249855,0.0148856,0.0538087
348.75,0.481091,0.998891,0.0902711,0.249781,0.0146317,0.0538299
348.8,0.480994,0.998891,0.0898852,0.249706,0.0143785,0.0538504
348.85,0.480898,0.999002,0.0895001,0.249631,0.0141257,0.0538709
348.9,0.480802,0.999002,0.0891158,0.249556,0.0138735,0.0538915
348.95,0.480705,0.999102,0.0887322,0.249481,0.0136219,0.0539136
349,0.480609,0.999102,0.0883494,0.249407,0.0133708,0.053935
349.05,0.480513,0.999192,0.0879674,0.249332,0.0131202,0.0539566
349.1,0.480426,0.999192,0.0875915,0.249264,0.0128743,0.0539781
349.15,0.480329,0.999273,0.0872111,0.24919,0.0126249,0.0539996
349.2,0.480251,0.999273,0.0868417,0.249129,0.0123839,0.0540211
349.25,0.480155,0.999345,0.0864629,0.249054,0.0121356,0.0540425
349.3,0.480084,0.999345,0.0860995,0.249,0.0118992,0.0540634
349.35,0.479988,0.999411,0.0857222,0.248925,0.0116519,0.0540838
349.4,0.479924,0.999411,0.0853643,0.248876,0.0114197,0.0541042
349.45,0.479828,0.99947,0.0849885,0.248801,0.0111735,0.0541248
349.5,0.479771,0.99947,0.0846355,0.248757,0.010945,0.0541454
349.55,0.479675,0.999523,0.0842612,0.248682,0.0106998,0.0541658
349.6,0.479624,0.999523,0.0839129,0.248642,0.0104748,0.0541863
349.65,0.479527,0.99957,0.08354,0.248568,0.0102307,0.0542068
349.7,0.479481,0.99957,0.0831961,0.248532,0.0100089,0.0542272
349.75,0.479385,0.999613,0.0828246,0.248457,0.00976583,0.0542492
349.8,0.479343,0.999613,0.0824847,0.248425,0.00954706,0.0542702
349.85,0.479247,0.999652,0.0821148,0.248425,0.00930501,0.0542924
349.9,0.47921,0.999652,0.0817786,0.248425,0.00908903,0.0543139
349.95,0.479113,0.999687,0.0814102,0.248425,0.00884797,0.0543354
350,0.47908,0.999687,0.0810775,0.248425,0.00863457,0.0543569
350.05,0.478983,0.999718,0.0807104,0.248425,0.00839452,0.0543784
350.1,0.478953,0.999718,0.0803809,0.248425,0.00818346,0.0543992
350.15,0.478857,0.999718,0.0800153,0.248425,0.00794438,0.0544194
350.2,0.478761,0.999718,0.0796504,0.304579,0.00770583,0.0544397
350.25,0.478664,0.999746,0.0792863,0.304499,0.00746781,0.05446
350.3,0.478637,0.999746,0.0789613,0.304476,0.00726001,0.0544803
350.35,0.478541,0.999746,0.0785986,0.304396,0.00702298,0.0545024
350.4,0.478516,0.999772,0.0782764,0.304375,0.00681726,0.0545238
350.45,0.47842,0.999772,0.0779151,0.304295,0.00658122,0.0545445
350.5,0.478398,0.999794,0.0775957,0.304276,0.0063775,0.0545645
350.55,0.478302,0.999794,0.0772358,0.304196,0.00614245,0.0545848
350.6,0.478282,0.999815,0.0769189,0.304179,0.00594056,0.0546069
350.65,0.478186,0.999815,0.0765605,0.304099,0.00570647,0.0546284
350.7,0.478167,0.999833,0.0762559,0.304083,0.00550567,0.0546501
350.75,0.47807,0.999833,0.0759519,0.304002,0.00527255,0.0546717
350.8,0.478051,0.99985,0.0756484,0.303986,0.00507265,0.0546921
350.85,0.477955,0.99985,0.0753456,0.303905,0.00484052,0.0547144
350.9,0.477935,0.999865,0.0750434,0.303889,0.00464152,0.0547349
350.95,0.477839,0.999865,0.0747418,0.303809,0.00441036,0.0547548
351,0.47782,0.999879,0.0744408,0.303793,0.00421225,0.054777
351.05,0.477724,0.999879,0.0741404,0.303712,0.00398201,0.0547986
351.1,0.477704,0.999891,0.0738404,0.303696,0.00378475,0.0548204
351.15,0.477608,0.999891,0.0735412,0.303616,0.00355547,0.0548422
351.2,0.477589,0.999901,0.0732425,0.303599,0.00335911,0.054864
351.25,0.477493,0.999901,0.0728918,0.303519,0.00313077,0.0548842
351.3,0.477473,0.999911,0.0725944,0.303503,0.00293535,0.054903
351.35,0.477377,0.999911,0.0722976,0.303422,0.00270798,0.0549228
351.4,0.477357,0.99992,0.0720013,0.303406,0.00252163,0.0549425
351.45,0.477261,0.99992,0.0717057,0.303326,0.00233567,0.0549623
351.5,0.477242,0.999928,0.0714107,0.30331,0.00215008,0.0549821
351.55,0.477146,0.999928,0.0711162,0.303229,0.00196489,0.0550019
351.6,0.477127,0.999935,0.0708224,0.303213,0.0017801,0.0550242
351.65,0.47703,0.999935,0.0704769,0.303133,0.00159568,0.055046
351.7,0.477011,0.999942,0.0701843,0.303117,0.00141166,0.0550678
351.75,0.476915,0.999942,0.0698923,0.303036,0.0011878,0.0550898
351.8,0.476895,0.999948,0.0696009,0.30302,0.00100462,0.0551119
351.85,0.476799,0.999948,0.06931,0.30294,0.000821821,0.0551341
351.9,0.47678,0.999953,0.0690198,0.302924,0.000639401,0.0551564
351.95,0.476684,0.999953,0.0686782,0.302843,0.000457384,0.0551787
352,0.476665,0.999958,0.0683892,0.302827,0.000275739,0.0552012
352.05,0.476568,0.999958,0.0681007,0.302747,9.4451e-05,0.0552236
352.1,0.476549,0.999962,0.0678129,0.30273,-9.45032e-05,0.055246
352.15,0.476453,0.999962,0.0675256,0.30265,-0.000314951,0.0552646
352.2,0.476434,0.999966,0.0672285,0.302634,-0.000494994,0.0552828
352.25,0.476338,0.999966,0.0668907,0.302554,-0.000674643,0.0553012
352.3,0.476318,0.999969,0.0666053,0.302538,-0.000853918,0.0553196
352.35,0.476222,0.999969,0.0663205,0.302457,-0.00103283,0.055338
352.4,0.476203,0.999972,0.0660361,0.302441,-0.00121137,0.0553565
352.45,0.476107,0.999972,0.0657009,0.302361,-0.00142923,0.0553748
352.5,0.476087,0.999975,0.0654179,0.302345,-0.00160695,0.0553933
352.55,0.475991,0.999975,0.0651353,0.302264,-0.0017843,0.0554117
352.6,0.475972,0.999977,0.0648534,0.302248,-0.00196125,0.0554301
352.65,0.475876,0.999977,0.0645207,0.302168,-0.00213783,0.0554486
352.7,0.475857,0.99998,0.06424,0.302152,-0.00231406,0.055467
352.75,0.475761,0.99998,0.0639599,0.302072,-0.00252939,0.0554896
352.8,0.475741,0.999982,0.0636803,0.302055,-0.00270479,0.0555117
352.85,0.475645,0.999982,0.0633503,0.301975,-0.00287981,0.0555339
352.9,0.475626,0.999983,0.0630719,0.301959,-0.00305445,0.0555561
352.95,0.47553,0.999983,0.0627942,0.301879,-0.00322874,0.0555748
353,0.475511,0.999985,0.0625171,0.301863,-0.00341056,0.0555931
353.05,0.475415,0.999985,0.0621896,0.301782,-0.00362332,0.0556115
353.1,0.475395,0.999987,0.0619138,0.301766,-0.00379637,0.05563
353.15,0.475299,0.999987,0.0616384,0.301686,-0.00396905,0.0556484
353.2,0.47528,0.999988,0.0613636,0.30167,-0.0041414,0.0556669
353.25,0.475184,0.999988,0.0610387,0.30159,-0.00431336,0.0556853
353.3,0.475165,0.999989,0.0607651,0.301573,-0.00449285,0.0557037
353.35,0.475069,0.999989,0.0604921,0.301493,-0.00470313,0.0557222
353.4,0.475049,0.99999,0.0602197,0.301477,-0.00487389,0.0557447
353.45,0.474953,0.99999,0.0598972,0.301397,-0.00504432,0.0557667
353.5,0.474934,0.999991,0.059626,0.301381,-0.00521439,0.0557887
353.55,0.474838,0.999991,0.0593553,0.301301,-0.00542297,0.0558108
353.6,0.474819,0.999992,0.0590853,0.301285,-0.00559221,0.0558295
353.65,0.474723,0.999992,0.0587654,0.301204,-0.0057611,0.0558478
353.7,0.474703,0.999993,0.0584966,0.301188,-0.00592959,0.0558662
353.75,0.474608,0.999993,0.0582283,0.301108,-0.00609775,0.0558847
353.8,0.474588,0.999993,0.0579606,0.301092,-0.00627336,0.055903
353.85,0.474492,0.999993,0.0576432,0.301012,-0.00647947,0.0559215
353.9,0.474473,0.999994,0.0573766,0.300996,-0.00664647,0.05594
353.95,0.474377,0.999994,0.0571106,0.300915,-0.00681311,0.0559583
354,0.474358,0.999995,0.0568351,0.300899,-0.00697941,0.0559768
354.05,0.474262,0.999995,0.0565202,0.300819,-0.00714533,0.0559992
354.1,0.474242,0.999995,0.056256,0.300803,-0.00731868,0.0560211
354.15,0.474147,0.999995,0.0559923,0.300723,-0.00752237,0.0560431
354.2,0.474127,0.999995,0.0557292,0.300707,-0.00768714,0.0560651
354.25,0.474031,0.999995,0.0554168,0.300627,-0.00785157,0.0560838
354.3,0.474012,0.999996,0.0551549,0.300611,-0.00801563,0.0561021
354.35,0.473916,0.999996,0.0548936,0.300531,-0.00821764,0.0561205
354.4,0.473897,0.999996,0.0546228,0.300514,-0.00838093,0.0561389
354.45,0.473801,0.999996,0.0543129,0.300434,-0.00854386,0.0561573
354.5,0.473782,0.999997,0.0540533,0.300418,-0.00870647,0.0561757
354.55,0.473686,0.999997,0.0537942,0.300338,-0.00886869,0.0561941
354.6,0.473666,0.999997,0.0535356,0.300322,-0.00903831,0.0562125
354.65,0.473571,0.999997,0.0532282,0.300242,-0.00923795,0.0562309
354.7,0.473551,0.999997,0.0529708,0.300226,-0.00939907,0.0562492
354.75,0.473456,0.999997,0.052714,0.300146,-0.00955985,0.0562716
354.8,0.473436,0.999998,0.0524578,0.300129,-0.00972028,0.0562934
354.85,0.47334,0.999998,0.0521527,0.30005,-0.00991834,0.0563152
354.9,0.473321,0.999998,0.0518976,0.300033,-0.010078,0.0563371
354.95,0.473225,0.999998,0.0516431,0.299953,-0.0102373,0.0563558
355,0.473206,0.999998,0.0513792,0.299937,-0.0103963,0.056374
355.05,0.47311,0.999998,0.0510766,0.299857,-0.0105549,0.0563924
355.1,0.473091,0.999998,0.0508238,0.299841,-0.0107208,0.0564108
355.15,0.472995,0.999998,0.0505716,0.299761,-0.0109165,0.0564292
355.2,0.472976,0.999998,0.0503199,0.299745,-0.011074,0.0564476
355.25,0.47288,0.999998,0.0500197,0.299665,-0.0112312,0.056466
355.3,0.472861,0.999998,0.0497691,0.299649,-0.0113881,0.0564909
355.35,0.472765,0.999998,0.0495191,0.299569,-0.0115446,0.0565147
355.4,0.472746,0.999998,0.0492695,0.299553,-0.0117083,0.0565392
355.45,0.47265,0.999998,0.0489717,0.299473,-0.0119017,0.0565634
355.5,0.472631,0.999999,0.0487234,0.299457,-0.0120571,0.0565822
355.55,0.472535,0.999999,0.0484755,0.299377,-0.0122122,0.0566004
355.6,0.472516,0.999999,0.0482183,0.299361,-0.012367,0.0566188
355.65,0.47242,0.999999,0.0479228,0.299281,-0.0125588,0.0566434
355.7,0.4724,0.999999,0.0476766,0.299264,-0.0127129,0.0566678
355.75,0.472305,0.999999,0.0474309,0.299184,-0.0128666,0.0566876
355.8,0.472285,0.999999,0.0471857,0.299168,-0.01302,0.0567124
355.85,0.47219,0.999999,0.0468925,0.299088,-0.013173,0.0567365
355.9,0.47217,0.999999,0.0466483,0.299072,-0.0133333,0.0567607
355.95,0.472075,0.999999,0.0464046,0.298992,-0.0135229,0.0567795
356,0.472055,0.999999,0.0461614,0.298976,-0.013675,0.0568043
356.05,0.47196,0.999999,0.0458703,0.298896,-0.0138268,0.0568241
356.1,0.47194,0.999999,0.045628,0.29888,-0.0139783,0.0568425
356.15,0.471845,0.999999,0.0453863,0.2988,-0.0141295,0.056861
356.2,0.471825,0.999999,0.045145,0.298784,-0.0142878,0.0568794
356.25,0.47173,0.999999,0.0448559,0.298704,-0.0144384,0.0568979
356.3,0.47171,0.999999,0.0446156,0.298688,-0.0145886,0.0569164
356.35,0.471615,0.999999,0.0443758,0.298608,-0.0147386,0.056941
356.4,0.471595,0.999999,0.0441268,0.298592,-0.0148882,0.0569652
356.45,0.4715,0.999999,0.04384,0.298512,-0.0150743,0.0569889
356.5,0.471481,0.999999,0.0436017,0.298496,-0.0152232,0.0570132
356.55,0.471385,0.999999,0.043364,0.298416,-0.0153718,0.0570373
356.6,0.471366,1,0.0431266,0.2984,-0.0155201,0.0570572
356.65,0.47127,1,0.042842,0.29832,-0.0156681,0.0570821
356.7,0.471251,1,0.0426057,0.298304,-0.0158231,0.0571022
356.75,0.471155,1,0.0423699,0.298224,-0.0160071,0.0571209
356.8,0.471136,1,0.0421346,0.298208,-0.0161541,0.0571396
356.85,0.47104,1,0.041852,0.298128,-0.0163008,0.0571583
356.9,0.471021,1,0.0416176,0.298112,-0.0164472,0.0571771
356.95,0.470925,1,0.0413836,0.298033,-0.0165932,0.0572016
357,0.470906,1,0.0411502,0.298016,-0.0167464,0.0572254
357.05,0.47081,1,0.0408697,0.297937,-0.0169283,0.0572492
357.1,0.470791,1,0.0406372,0.297921,-0.0170734,0.0572733
357.15,0.470696,1,0.0404052,0.297841,-0.0172182,0.0572974
357.2,0.470676,1,0.0401736,0.297825,-0.0173626,0.0573211
357.25,0.470581,1,0.0398952,0.297745,-0.0175432,0.0573413
357.3,0.470562,1,0.0396646,0.297729,-0.0176869,0.0573601
357.35,0.470466,1,0.0394344,0.297649,-0.0178305,0.0573799
357.4,0.470447,1,0.0392047,0.297633,-0.0179736,0.0573999
357.45,0.470351,1,0.0389283,0.297553,-0.0181166,0.0574199
357.5,0.470332,1,0.0386996,0.297537,-0.0182665,0.0574399
357.55,0.470236,1,0.0384712,0.297457,-0.0184449,0.05746
357.6,0.470217,1,0.0382339,0.297441,-0.0185868,0.05748
357.65,0.470121,1,0.0379594,0.297361,-0.0187285,0.0575001
357.7,0.470102,1,0.0377325,0.297345,-0.0188698,0.0575202
357.75,0.470007,1,0.037506,0.297266,-0.0190109,0.0575402
357.8,0.469987,1,0.03728,0.297249,-0.0191589,0.0575645
357.85,0.469892,1,0.0370076,0.29717,-0.0193353,0.0575876
357.9,0.469873,1,0.0370076,0.297154,-0.0194754,0.057611
357.95,0.469777,1,0.0370076,0.297074,-0.0196152,0.0576346
358,0.469758,1,0.0370076,0.297058,-0.0197547,0.0576583
358.05,0.469662,1,0.0370076,0.296978,-0.0198939,0.0576821
358.1,0.469643,1,0.0370076,0.296962,-0.0200401,0.0577027
358.15,0.469548,1,0.0370076,0.296882,-0.0202144,0.0577227
358.2,0.469528,1,0.0370076,0.296866,-0.0203526,0.0577429
358.25,0.469433,1,0.0370076,0.296787,-0.0204906,0.0577632
358.3,0.469414,1,0.0370076,0.29677,-0.0206283,0.0577836
358.35,0.469318,1,0.0370076,0.296691,-0.0207657,0.057804
358.4,0.469299,1,0.0370076,0.296675,-0.02091,0.0578244
358.45,0.469203,1,0.0370076,0.296595,-0.0210824,0.0578484
358.5,0.469184,1,0.0370076,0.296579,-0.0212189,0.0578718
358.55,0.469089,1,0.0370076,0.296499,-0.021355,0.0578952
358.6,0.469069,1,0.0370076,0.296483,-0.021491,0.0579187
358.65,0.468974,1,0.0370076,0.296403,-0.0216266,0.057942
358.7,0.468955,1,0.0370076,0.296387,-0.021769,0.0579629
358.75,0.468859,1,0.0370076,0.296308,-0.0219394,0.0579869
358.8,0.46884,1,0.0370076,0.296292,-0.0220741,0.0580082
358.85,0.468745,1,0.0370076,0.296212,-0.0222085,0.0580286
358.9,0.468725,1,0.0370076,0.296196,-0.0223426,0.0580492
358.95,0.46863,1,0.0370076,0.296116,-0.0224764,0.0580699
359,0.468611,1,0.0370076,0.2961,-0.0226171,0.0580906
359.05,0.468611,1,0.0370076,0.296021,-0.0227856,0.0581112
359.1,0.513911,1,0.0370076,0.296005,-0.0229187,0.0581348
359.15,0.513812,1,0.0370076,0.295925,-0.0230514,0.0581578
359.2,0.513792,1,0.0370076,0.295909,-0.0231839,0.0581807
359.25,0.513693,1,0.0370076,0.295829,-0.023316,0.0582039
359.3,0.513672,1,0.0370076,0.295813,-0.023455,0.0582271
359.35,0.513573,1,0.0370076,0.295734,-0.0236216,0.0582502
359.4,0.513554,1,0.0370076,0.295718,-0.0237529,0.0582715
359.45,0.513454,1,0.0370076,0.295638,-0.0238839,0.0582921
359.5,0.513434,1,0.0370076,0.295622,-0.0240146,0.0583128
359.55,0.513335,1,0.0370076,0.295542,-0.0241451,0.0583337
359.6,0.513315,1,0.0370076,0.295526,-0.0242823,0.0583546
359.65,0.513216,1,0.0370076,0.295447,-0.024447,0.0583755
359.7,0.513196,1,0.0370076,0.295431,-0.0245766,0.0583965
359.75,0.513097,1,0.0370076,0.295351,-0.024706,0.0584174
359.8,0.513077,1,0.0370076,0.295335,-0.0248351,0.0584411
359.85,0.512978,1,0.0370076,0.295256,-0.0249639,0.058464
359.9,0.512958,1,0.0370076,0.29524,-0.0250994,0.058487
359.95,0.512859,1,0.0370076,0.29516,-0.0252623,0.0585101
360,0.512839,1,0.0370076,0.295144,-0.0253902,0.0585337
360.05,0.51274,1,0.0370076,0.295064,-0.0255179,0.0585564
360.1,0.51272,1,0.0370076,0.295048,-0.0256452,0.0585778
360.15,0.512621,1,0.0370076,0.294969,-0.0257723,0.0585986
360.2,0.512601,1,0.0370076,0.294953,-0.0259061,0.0586196
360.25,0.512502,1,0.0370076,0.294873,-0.0260671,0.0586408
360.3,0.512482,1,0.0370076,0.294857,-0.0261933,0.0586619
360.35,0.512383,1,0.0370076,0.294778,-0.0263193,0.0586832
360.4,0.512363,1,0.0370076,0.294762,-0.026445,0.0587043
360.45,0.512264,1,0.0370076,0.294682,-0.0265705,0.0587277
360.5,0.512244,1,0.0370076,0.294666,-0.0267026,0.0587504
360.55,0.512145,1,0.0370076,0.294587,-0.0268617,0.0587733
360.6,0.512125,1,0.0370076,0.294571,-0.0269864,0.0587961
360.65,0.512026,1,0.0370076,0.294491,-0.0271107,0.058819
360.7,0.512006,1,0.0370076,0.294475,-0.0272348,0.058842
360.75,0.511907,1,0.0370076,0.294396,-0.0273586,0.0588652
360.8,0.511887,1,0.0370076,0.29438,-0.0274822,0.0588869
360.85,0.511788,1,0.0370076,0.2943,-0.0276395,0.0589079
360.9,0.511768,1,0.0370076,0.294284,-0.0277624,0.0589291
360.95,0.511669,1,0.0370076,0.294205,-0.0278851,0.0589505
361,0.511649,1,0.0370076,0.294189,-0.0280076,0.058972
361.05,0.51155,1,0.0370076,0.294109,-0.0281298,0.0589936
361.1,0.511531,1,0.0370076,0.294093,-0.0282586,0.0590152
361.15,0.511432,1,0.0370076,0.294014,-0.0284141,0.0590367
361.2,0.511412,1,0.0370076,0.293998,-0.0285354,0.0590583
361.25,0.511313,1,0.0370076,0.293919,-0.0286565,0.0590813
361.3,0.511293,1,0.0370076,0.293902,-0.0287774,0.0591039
361.35,0.511194,1,0.0370076,0.293823,-0.028898,0.0591265
361.4,0.511174,1,0.0370076,0.293807,-0.0290251,0.0591493
361.45,0.511075,1,0.0370076,0.293728,-0.0291788,0.0591721
361.5,0.511055,1,0.0370076,0.293712,-0.0292986,0.0591949
361.55,0.510956,1,0.0370076,0.293632,-0.029418,0.0592175
361.6,0.510936,1,0.0370076,0.293616,-0.0295372,0.0592404
361.65,0.510837,1,0.0370076,0.293537,-0.0296561,0.0592626
361.7,0.510817,1,0.0370076,0.293521,-0.0297748,0.059284
361.75,0.510718,1,0.0370076,0.293442,-0.0299267,0.0593056
361.8,0.510698,1,0.0370076,0.293425,-0.0300448,0.0593275
361.85,0.5106,1,0.0370076,0.293346,-0.0301626,0.0593494
361.9,0.51058,1,0.0370076,0.29333,-0.0302802,0.0593713
361.95,0.510481,1,0.0370076,0.293251,-0.0303976,0.0593933
362,0.510461,1,0.0370076,0.293235,-0.0305215,0.0594152
362.05,0.510362,1,0.0370076,0.293155,-0.0306716,0.0594384
362.1,0.510342,1,0.0370076,0.293139,-0.0307882,0.0594606
362.15,0.510243,1,0.0370076,0.29306,-0.0309045,0.0594832
362.2,0.510223,1,0.0370076,0.293044,-0.0310206,0.059506
362.25,0.510124,1,0.0370076,0.292965,-0.0311364,0.059529
362.3,0.510105,1,0.0370076,0.292949,-0.0312519,0.059552
362.35,0.510006,1,0.0370076,0.292869,-0.0314004,0.0595751
362.4,0.509986,1,0.0370076,0.292854,-0.0315154,0.0595984
362.45,0.509887,1,0.0370076,0.292774,-0.0316302,0.0596216
362.5,0.509867,1,0.0370076,0.292758,-0.0317447,0.0596451
362.55,0.509768,1,0.0370076,0.292679,-0.031859,0.0596686
362.6,0.509748,1,0.0370076,0.292663,-0.0319797,0.0596922
362.65,0.50965,1,0.0370076,0.292584,-0.0321265,0.0597158
362.7,0.50963,1,0.0370076,0.292568,-0.03224,0.0597393
362.75,0.509531,1,0.0370076,0.292488,-0.0323532,0.0597627
362.8,0.509511,1,0.0370076,0.292472,-0.0324662,0.0597861
362.85,0.509412,1,0.0370076,0.292393,-0.032579,0.0598094
362.9,0.509392,1,0.0370076,0.292377,-0.0326915,0.0598313
362.95,0.509293,1,0.0370076,0.292298,-0.0328366,0.0598526
363,0.509273,1,0.0370076,0.292282,-0.0329486,0.059874
363.05,0.509175,1,0.0370076,0.292203,-0.0330603,0.0598956
363.1,0.509155,1,0.0370076,0.292187,-0.0331719,0.0599173
363.15,0.509056,1,0.0370076,0.292108,-0.0332832,0.0599391
363.2,0.509036,1,0.0370076,0.292091,-0.0334008,0.0599609
363.25,0.508937,1,0.0370076,0.292012,-0.0335443,0.0599827
363.3,0.508918,1,0.0370076,0.291996,-0.0336548,0.0600046
363.35,0.508819,1,0.0370076,0.291917,-0.0337651,0.0600264
363.4,0.508799,1,0.0370076,0.291901,-0.0338752,0.0600483
363.45,0.5087,1,0.0370076,0.291822,-0.0339851,0.0600719
363.5,0.50868,1,0.0370076,0.291806,-0.0340947,0.0600947
363.55,0.508582,1,0.0370076,0.291727,-0.0342365,0.0601176
363.6,0.508562,1,0.0370076,0.291711,-0.0343456,0.0601405
363.65,0.508463,1,0.0370076,0.291632,-0.0344544,0.0601635
363.7,0.508443,1,0.0370076,0.291616,-0.034563,0.0601865
363.75,0.508344,1,0.0370076,0.291536,-0.0346714,0.0602095
363.8,0.508324,1,0.0370076,0.29152,-0.0347795,0.0602324
363.85,0.508226,1,0.0370076,0.291441,-0.0349196,0.0602554
363.9,0.508206,1,0.0370076,0.291425,-0.0350272,0.0602779
363.95,0.508107,1,0.0370076,0.291346,-0.0351345,0.0602997
364,0.508087,1,0.0370076,0.29133,-0.0352417,0.0603218
364.05,0.507989,1,0.0370076,0.291251,-0.0353485,0.0603439
364.1,0.507969,1,0.0370076,0.291235,-0.0354617,0.0603663
364.15,0.50787,1,0.0370076,0.291156,-0.0355682,0.0603885
364.2,0.50785,1,0.0370076,0.29114,-0.0356809,0.0604107
364.25,0.507752,1,0.0370076,0.291061,-0.035819,0.060433
364.3,0.507732,1,0.0370076,0.291045,-0.0359247,0.0604564
364.35,0.507633,1,0.0370076,0.290966,-0.0360302,0.060479
364.4,0.507613,1,0.0370076,0.29095,-0.0361356,0.0605016
364.45,0.507515,1,0.0370076,0.290871,-0.0362407,0.0605243
364.5,0.507495,1,0.0370076,0.290855,-0.0363455,0.060547
364.55,0.507396,1,0.0370076,0.290776,-0.0364821,0.0605696
364.6,0.507376,1,0.0370076,0.29076,-0.0365864,0.0605923
364.65,0.507278,1,0.0370076,0.290681,-0.0365864,0.060615
364.7,0.507258,1,0.0370076,0.290665,-0.0365864,0.0606369
364.75,0.507159,1,0.0370076,0.290586,-0.0365864,0.0606591
364.8,0.507139,1,0.0370076,0.29057,-0.0365864,0.0606814
364.85,0.507041,1,0.0370076,0.290491,-0.0365864,0.0607038
364.9,0.507021,1,0.0370076,0.290475,-0.0365864,0.0607261
364.95,0.506922,1,0.0370076,0.290396,-0.0365864,0.0607484
365,0.506902,1,0.0370076,0.29038,-0.0365864,0.0607708
365.05,0.506804,1,0.0370076,0.290301,-0.0365864,0.0607938
365.1,0.506784,1,0.0370076,0.290285,-0.0365864,0.0608162
365.15,0.506685,1,0.0370076,0.290206,-0.0365864,0.0608385
365.2,0.506665,1,0.0370076,0.29019,-0.0365864,0.060861
365.25,0.506567,1,0.0370076,0.290111,-0.0365864,0.0608834
365.3,0.506547,1,0.0370076,0.290095,-0.0365864,0.0609059
365.35,0.506449,1,0.0370076,0.290016,-0.0365864,0.0609284
365.4,0.506428,1,0.0370076,0.29,-0.0365864,0.0609508
365.45,0.50633,1,0.0370076,0.289921,-0.0365864,0.0609735
365.5,0.50631,1,0.0370076,0.289905,-0.0365864,0.0609954
365.55,0.506212,1,0.0370076,0.289826,-0.0365864,0.0610176
365.6,0.506192,1,0.0370076,0.28981,-0.0365864,0.0610398
365.65,0.506093,1,0.0370076,0.289731,-0.0365864,0.0610621
365.7,0.506073,1,0.0370076,0.289715,-0.0365864,0.0610843
365.75,0.505975,1,0.0370076,0.289636,-0.0365864,0.0611065
365.8,0.505955,1,0.0370076,0.28962,-0.0365864,0.0611288
365.85,0.505857,1,0.0370076,0.289541,-0.0365864,0.0611518
365.9,0.505837,1,0.0370076,0.289525,-0.0365864,0.0611739
365.95,0.505738,1,0.0370076,0.289446,-0.0365864,0.061196
366,0.505718,1,0.0370076,0.28943,-0.0365864,0.0612183
366.05,0.50562,1,0.0370076,0.289351,-0.0365864,0.0612406
366.1,0.5056,1,0.0370076,0.289335,-0.0365864,0.0612629
366.15,0.505502,1,0.0370076,0.289256,-0.0365864,0.0612851
366.2,0.505482,1,0.0370076,0.289241,-0.0365864,0.0613078
366.25,0.505383,1,0.0370076,0.289162,-0.0365864,0.0613296
366.3,0.505363,1,0.0370076,0.289146,-0.0365864,0.0613517
366.35,0.505265,1,0.0370076,0.289067,-0.0365864,0.0613738
366.4,0.505245,1,0.0370076,0.289051,-0.0365864,0.061396
366.45,0.505147,1,0.0370076,0.288972,-0.0365864,0.0614182
366.5,0.505127,1,0.0370076,0.288956,-0.0365864,0.0614411
366.55,0.505028,1,0.0370076,0.288877,-0.0365864,0.061463
366.6,0.505009,1,0.0370076,0.288861,-0.0365864,0.0614852
366.65,0.50491,1,0.0370076,0.288782,-0.0365864,0.0615075
366.7,0.50489,1,0.0370076,0.288766,-0.0365864,0.0615296
366.75,0.504792,1,0.0370076,0.288687,-0.0365864,0.0615518
366.8,0.504772,1,0.0370076,0.288672,-0.0365864,0.0615744
366.85,0.504674,1,0.0370076,0.288593,-0.0365864,0.0615963
366.9,0.504654,1,0.0370076,0.288577,-0.0365864,0.0616183
366.95,0.504555,1,0.0370076,0.288498,-0.0365864,0.0616405
367,0.504536,1,0.0370076,0.288482,-0.0365864,0.0616627
367.05,0.504437,1,0.0370076,0.288403,-0.0365864,0.0616848
367.1,0.504417,1,0.0370076,0.288387,-0.0365864,0.0617069
367.15,0.504319,1,0.0370076,0.288308,-0.0365864,0.0617296
367.2,0.504299,1,0.0370076,0.288292,-0.0365864,0.0617515
367.25,0.504201,1,0.0370076,0.288214,-0.0365864,0.0617735
367.3,0.504181,1,0.0370076,0.288198,-0.0365864,0.0617956
367.35,0.504083,1,0.0370076,0.288119,-0.0365864,0.0618175
367.4,0.504063,1,0.0370076,0.288103,-0.0365864,0.0618395
367.45,0.503964,1,0.0370076,0.288024,-0.0365864,0.0618621
367.5,0.503945,1,0.0370076,0.288008,-0.0365864,0.061884
367.55,0.503846,1,0.0370076,0.28793,-0.0365864,0.0619061
367.6,0.503826,1,0.0370076,0.287914,-0.0365864,0.0619282
367.65,0.503728,1,0.0370076,0.287835,-0.0365864,0.0619503
367.7,0.503708,1,0.0370076,0.287819,-0.0365864,0.0619724
367.75,0.50361,1,0.0370076,0.28774,-0.0365864,0.061995
367.8,0.50359,1,0.0370076,0.287724,-0.0365864,0.0620168
367.85,0.503492,1,0.0370076,0.287646,-0.0365864,0.0620387
367.9,0.503472,1,0.0370076,0.28763,-0.0365864,0.0620606
367.95,0.503374,1,0.0370076,0.287551,-0.0365864,0.0620825
368,0.503354,1,0.0370076,0.287535,-0.0365864,0.062105
368.05,0.503256,1,0.0370076,0.287456,-0.0365864,0.0621268
368.1,0.503236,1,0.0370076,0.28744,-0.0365864,0.0621488
368.15,0.503138,1,0.0370076,0.287362,-0.0365864,0.0621709
368.2,0.503118,1,0.0370076,0.287346,-0.0365864,0.0621929
368.25,0.50302,1,0.0370076,0.287267,-0.0365864,0.0622149
368.3,0.503,1,0.0370076,0.287251,-0.0365864,0.0622374
368.35,0.502901,1,0.0370076,0.287172,-0.0365864,0.0622592
368.4,0.502882,1,0.0370076,0.287156,-0.0365864,0.0622809
368.45,0.502783,1,0.0370076,0.287078,-0.0365864,0.0623027
368.5,0.502764,1,0.0370076,0.287062,-0.0365864,0.0623244
368.55,0.502665,1,0.0370076,0.286983,-0.0365864,0.0623463
368.6,0.502646,1,0.0370076,0.286967,-0.0365864,0.0623687
368.65,0.502547,1,0.0370076,0.286889,-0.0365864,0.0623902
368.7,0.502483,1,0.0370076,0.286837,-0.0365864,0.0624121
368.75,0.502384,1,0.0370076,0.286758,-0.0365864,0.0624339
368.8,0.502362,1,0.0370076,0.28674,-0.0365864,0.0624556
368.85,0.502264,1,0.0917988,0.286662,-0.0365864,0.0624777
368.9,0.502166,1,0.0917435,0.286583,-0.0365864,0.0625001
368.95,0.502068,1,0.0916881,0.286504,0.00986315,0.0625218
369,0.50197,1,0.0916327,0.286426,0.00982121,0.0625436
369.05,0.501871,1,0.0915773,0.286347,0.00977933,0.0625653
369.1,0.501849,1,0.0915648,0.286329,0.00976981,0.062587
369.15,0.501751,1,0.0915095,0.286251,0.00972792,0.0626098
369.2,0.501729,1,0.0914969,0.286233,0.00971841,0.0626318
369.25,0.501631,1,0.0914415,0.286154,0.00967655,0.0626541
369.3,0.501609,1,0.091429,0.286136,0.00966705,0.0626763
369.35,0.501511,1,0.0913737,0.286058,0.00962517,0.0626986
369.4,0.501488,1,0.0913612,0.28604,0.00961567,0.0627207
369.45,0.50139,1,0.0913058,0.285961,0.00957382,0.0627431
369.5,0.501368,1,0.0912933,0.285944,0.00956434,0.0627647
369.55,0.50127,1,0.091238,0.285865,0.00952249,0.0627863
369.6,0.501248,1,0.0912255,0.285847,0.00951301,0.0628079
369.65,0.50115,1,0.0911702,0.285769,0.00947117,0.0628297
369.7,0.501128,1,0.0911577,0.285751,0.00946172,0.0628513
369.75,0.501029,1,0.0911024,0.285672,0.00941987,0.0628739
369.8,0.501007,1,0.0910899,0.285655,0.00941044,0.0628957
369.85,0.500909,1,0.0910346,0.285576,0.00936859,0.0629177
369.9,0.500887,1,0.0910222,0.285558,0.00935916,0.0629398
369.95,0.500789,1,0.0909669,0.28548,0.00931733,0.0629618
370,0.500767,1,0.0909544,0.285462,0.00930791,0.0629836
370.05,0.500669,1,0.0908992,0.285384,0.00926611,0.0630061
370.1,0.500647,1,0.0908867,0.285366,0.00925668,0.0630276
370.15,0.500549,1,0.0908315,0.285287,0.00921487,0.0630493
370.2,0.500527,1,0.090819,0.28527,0.00920547,0.0630711
370.25,0.500429,1,0.0907638,0.285191,0.00916366,0.0630929
370.3,0.500407,1,0.0907514,0.285174,0.00915428,0.0631147
370.35,0.500309,1,0.0906961,0.285095,0.0091125,0.0631364
370.4,0.500287,1,0.0906837,0.285077,0.0091031,0.0631582
370.45,0.500189,1,0.0906285,0.284999,0.00906134,0.0631804
370.5,0.500167,1,0.0906161,0.284981,0.00905194,0.0632019
370.55,0.500069,1,0.0905609,0.284903,0.0090102,0.0632236
370.6,0.500047,1,0.0905485,0.284885,0.0090008,0.0632453
370.65,0.499949,1,0.0904933,0.284807,0.00895906,0.063267
370.7,0.499927,1,0.0904809,0.284789,0.0089497,0.0632885
370.75,0.499829,1,0.0904257,0.284711,0.00890797,0.0633102
370.8,0.499807,1,0.0904133,0.284693,0.00889859,0.0633325
370.85,0.499709,1,0.0903581,0.284615,0.00885685,0.0633542
370.9,0.499687,1,0.0903457,0.284597,0.00884751,0.0633758
370.95,0.499589,1,0.0902906,0.284519,0.0088058,0.0633976
371,0.499567,1,0.0902782,0.284501,0.00879645,0.0634193
371.05,0.499469,1,0.0902231,0.284423,0.00875474,0.063441
371.1,0.499447,1,0.0902107,0.284405,0.00874539,0.063463
371.15,0.49935,1,0.0901555,0.284327,0.00870371,0.0634843
371.2,0.499328,1,0.0901433,0.284309,0.0086944,0.0635057
371.25,0.49923,1,0.0900881,0.284231,0.00865268,0.0635272
371.3,0.499208,1,0.0900758,0.284213,0.00864337,0.0635485
371.35,0.49911,1,0.0900206,0.284135,0.00860167,0.0635699
371.4,0.499088,1,0.0900083,0.284117,0.00859239,0.0635911
371.45,0.49899,1,0.0899532,0.284039,0.0085507,0.0636134
371.5,0.498968,1,0.0899409,0.284022,0.00854142,0.0636351
371.55,0.49887,1,0.0898858,0.283943,0.00849974,0.0636568
371.6,0.498849,1,0.0898735,0.283926,0.00849047,0.0636785
371.65,0.498751,1,0.0898184,0.283847,0.00844879,0.0637003
371.7,0.498729,1,0.0898061,0.28383,0.00843953,0.063722
371.75,0.498631,1,0.089751,0.283752,0.00839787,0.0637438
371.8,0.498609,1,0.0897388,0.283734,0.00838862,0.0637653
371.85,0.498512,1,0.0896837,0.283656,0.00834697,0.0637862
371.9,0.49849,1,0.0896714,0.283638,0.00833772,0.0638072
371.95,0.498392,1,0.0896163,0.28356,0.00829608,0.0638282
372,0.49837,1,0.0896041,0.283543,0.00828683,0.0638492
372.05,0.498272,1,0.089549,0.283464,0.00824522,0.0638701
372.1,0.498251,1,0.0895368,0.283447,0.00823599,0.063891
372.15,0.498153,1,0.0894817,0.283369,0.00819437,0.0639134
372.2,0.498131,1,0.0894695,0.283351,0.00818515,0.063935
372.25,0.498033,1,0.0894145,0.283273,0.00814354,0.0639568
372.3,0.498012,1,0.0894023,0.283256,0.00813434,0.0639785
372.35,0.497914,1,0.0893473,0.283177,0.00809276,0.0640003
372.4,0.497892,1,0.0893351,0.28316,0.00808356,0.0640215
372.45,0.497794,1,0.08928,0.283082,0.00804196,0.0640422
372.5,0.497773,1,0.0892679,0.283064,0.0080328,0.0640629
372.55,0.497675,1,0.0892128,0.282986,0.00799122,0.0640837
372.6,0.497653,1,0.0892007,0.282969,0.00798204,0.0641045
372.65,0.497556,1,0.0891457,0.282891,0.00794047,0.0641253
372.7,0.497534,1,0.0891336,0.282873,0.00793131,0.064146
372.75,0.497436,1,0.0890785,0.282795,0.00788975,0.0641683
372.8,0.497415,1,0.0890664,0.282778,0.00788061,0.0641899
372.85,0.497317,1,0.0890114,0.282699,0.00783905,0.0642116
372.9,0.497295,1,0.0889993,0.282682,0.00782991,0.0642334
372.95,0.497198,1,0.0889444,0.282604,0.00778839,0.064255
373,0.497176,1,0.0889323,0.282587,0.00777926,0.0642767
373.05,0.497078,1,0.0888773,0.282509,0.00773774,0.0642978
373.1,0.497057,1,0.0888652,0.282491,0.00772862,0.0643183
373.15,0.496959,1,0.0888103,0.282413,0.00768711,0.0643388
373.2,0.496938,1,0.0887982,0.282396,0.00767799,0.0643595
373.25,0.49684,1,0.0887432,0.282318,0.0076365,0.0643801
373.3,0.496819,1,0.0887312,0.282301,0.00762741,0.0644008
373.35,0.496721,1,0.0886763,0.282223,0.00758591,0.0644213
373.4,0.496699,1,0.0886642,0.282205,0.00757684,0.0644419
373.45,0.496602,1,0.0886093,0.282127,0.00753538,0.0644642
373.5,0.496581,1,0.0885973,0.28211,0.00752629,0.0644858
373.55,0.496483,1,0.0885423,0.282032,0.00748481,0.0645074
373.6,0.496461,1,0.0885304,0.282015,0.00747576,0.0645292
373.65,0.496364,1,0.0884755,0.281937,0.00743432,0.0645508
373.7,0.496343,1,0.0884635,0.28192,0.00742527,0.0645717
373.75,0.496245,1,0.0884086,0.281842,0.00738381,0.064592
373.8,0.496223,1,0.0883966,0.281824,0.00737479,0.0646125
373.85,0.496126,1,0.0883417,0.281746,0.00733336,0.0646331
373.9,0.496105,1,0.0883298,0.281729,0.00732434,0.0646536
373.95,0.496007,1,0.0882749,0.281651,0.0072829,0.0646742
374,0.495986,1,0.088263,0.281634,0.0072739,0.0646947
374.05,0.495888,1,0.0882081,0.281556,0.00723249,0.0647152
374.1,0.495867,1,0.0881962,0.281539,0.00722349,0.0647373
374.15,0.495769,1,0.0881413,0.281461,0.0071821,0.0647588
374.2,0.495748,1,0.0881295,0.281444,0.0071731,0.0647804
374.25,0.495651,1,0.0880746,0.281366,0.00713171,0.0648019
374.3,0.495629,1,0.0880627,0.281349,0.00712275,0.0648228
374.35,0.495532,1,0.0880079,0.281271,0.00708136,0.0648431
374.4,0.495511,1,0.087996,0.281254,0.00707242,0.0648635
374.45,0.495413,1,0.0879412,0.281176,0.00703102,0.0648841
374.5,0.495392,1,0.0879293,0.281159,0.00702208,0.0649046
374.55,0.495294,1,0.0878745,0.281081,0.00698071,0.064925
374.6,0.495273,1,0.0878627,0.281064,0.00697179,0.0649454
374.65,0.495176,1,0.0878079,0.280986,0.00693042,0.0649658
374.7,0.495155,1,0.0877961,0.280969,0.00692152,0.0649878
374.75,0.495057,1,0.0877412,0.280891,0.00688016,0.0650092
374.8,0.495036,1,0.0877294,0.280874,0.00687127,0.0650306
374.85,0.494939,1,0.0876746,0.280796,0.00682991,0.065052
374.9,0.494918,1,0.0876629,0.28078,0.00682101,0.0650734
374.95,0.49482,1,0.0876081,0.280702,0.00677969,0.0650942
375,0.494799,1,0.0875963,0.280685,0.0067708,0.0651143
375.05,0.494702,1,0.0875415,0.280607,0.00672949,0.0651346
375.1,0.494681,1,0.0875298,0.28059,0.00672062,0.065155
375.15,0.494583,1,0.087475,0.280512,0.0066793,0.0651754
375.2,0.494562,1,0.0874633,0.280495,0.00667045,0.0651958
375.25,0.494465,1,0.0874085,0.280417,0.00662914,0.0652161
375.3,0.494444,1,0.0873968,0.280401,0.0066203,0.0652365
375.35,0.494346,1,0.087342,0.280323,0.006579,0.0652568
375.4,0.494325,1,0.0873303,0.280306,0.00657017,0.065277
375.45,0.494228,1,0.0872756,0.280228,0.0065289,0.0652989
375.5,0.494207,1,0.0872639,0.280211,0.00652008,0.0653201
375.55,0.49411,1,0.0872092,0.280133,0.00647879,0.0653414
375.6,0.494089,1,0.0871975,0.280117,0.00647,0.0653626
375.65,0.493991,1,0.0871428,0.280039,0.00642872,0.0653832
375.7,0.49397,1,0.0871311,0.280022,0.00641993,0.0654032
375.75,0.493873,1,0.0870764,0.279944,0.00637867,0.0654235
375.8,0.493852,1,0.0870648,0.279927,0.00636987,0.0654437
375.85,0.493755,1,0.08701,0.279849,0.00632864,0.0654638
375.9,0.493734,1,0.0869984,0.279833,0.00631988,0.065484
375.95,0.493637,1,0.0869437,0.279755,0.00627862,0.0655041
376,0.493616,1,0.0869321,0.279738,0.00626986,0.065526
376.05,0.493519,1,0.0868774,0.27966,0.00622865,0.0655471
376.1,0.493498,1,0.0868658,0.279644,0.00621988,0.0655684
376.15,0.4934,1,0.0868111,0.279566,0.00617867,0.0655896
376.2,0.49338,1,0.0867996,0.279549,0.00616993,0.06561
376.25,0.493282,1,0.0867449,0.279471,0.00612871,0.06563
376.3,0.493262,1,0.0867333,0.279455,0.00612,0.0656501
376.35,0.493164,1,0.0866787,0.279377,0.00607879,0.0656701
376.4,0.493144,1,0.0866671,0.279361,0.00607008,0.0656903
376.45,0.493046,1,0.0866125,0.279283,0.0060289,0.0657103
376.5,0.493026,1,0.0866009,0.279266,0.00602019,0.0657303
376.55,0.492928,1,0.0865463,0.279188,0.00597902,0.0657504
376.6,0.492908,1,0.0865348,0.279172,0.00597034,0.0657703
376.65,0.49281,1,0.0864801,0.279094,0.00592916,0.065792
376.7,0.49279,1,0.0864686,0.279078,0.00592048,0.0658131
376.75,0.492692,1,0.086414,0.279,0.00587933,0.0658343
376.8,0.492672,1,0.0864025,0.278983,0.00587066,0.0658554
376.85,0.492575,1,0.0863479,0.278906,0.00582951,0.0658757
376.9,0.492554,1,0.0863364,0.278889,0.00582086,0.0658955
376.95,0.492457,1,0.0862818,0.278811,0.00577971,0.0659155
377,0.492436,1,0.0862704,0.278795,0.00577107,0.0659356
377.05,0.492339,1,0.0862158,0.278717,0.00572993,0.0659556
377.1,0.492319,1,0.0862043,0.278701,0.00572129,0.0659758
377.15,0.492221,1,0.0861498,0.278623,0.00568018,0.0659959
377.2,0.492201,1,0.0861383,0.278607,0.00567155,0.0660161
377.25,0.492103,1,0.0860837,0.278529,0.00563043,0.0660362
377.3,0.492083,1,0.0860723,0.278512,0.00562182,0.0660563
377.35,0.491986,1,0.0860177,0.278435,0.00558072,0.0660764
377.4,0.491965,1,0.0860063,0.278418,0.00557212,0.0660965
377.45,0.491868,1,0.0859518,0.278341,0.00553104,0.0661164
377.5,0.491848,1,0.0859404,0.278324,0.00552243,0.0661378
377.55,0.49175,1,0.0858858,0.278247,0.00548136,0.0661587
377.6,0.49173,1,0.0858744,0.27823,0.00547276,0.0661796
377.65,0.491633,1,0.0858199,0.278152,0.0054317,0.0662004
377.7,0.491612,1,0.0858085,0.278136,0.00542313,0.0662208
377.75,0.491515,1,0.085754,0.278058,0.00538206,0.0662406
377.8,0.491495,1,0.0857427,0.278042,0.00537349,0.0662606
377.85,0.491398,1,0.0856882,0.277965,0.00533246,0.0662807
377.9,0.491377,1,0.0856768,0.277948,0.0053239,0.0663007
377.95,0.49128,1,0.0856223,0.277871,0.00528286,0.0663209
378,0.49126,1,0.085611,0.277854,0.00527433,0.0663412
378.05,0.491163,1,0.0855565,0.277777,0.0052333,0.0663614
378.1,0.491142,1,0.0855452,0.277761,0.00522476,0.0663817
378.15,0.491045,1,0.0854907,0.277683,0.00518375,0.066402
378.2,0.491025,1,0.0854794,0.277667,0.00517524,0.0664222
378.25,0.490928,1,0.0854249,0.277589,0.00513422,0.0664425
378.3,0.490908,1,0.0854136,0.277573,0.00512573,0.0664626
378.35,0.49081,1,0.0853592,0.277495,0.00508472,0.0664828
378.4,0.49079,1,0.0853479,0.277479,0.00507623,0.0665029
378.45,0.490693,1,0.0852935,0.277401,0.00503524,0.066523
378.5,0.490673,1,0.0852822,0.277385,0.00502677,0.066544
378.55,0.490576,1,0.0852278,0.277308,0.00498579,0.0665646
378.6,0.490556,1,0.0852165,0.277292,0.00497733,0.0665851
378.65,0.490459,1,0.0851621,0.277214,0.00493635,0.0666057
378.7,0.490438,1,0.0851509,0.277198,0.00492791,0.0666261
378.75,0.490341,1,0.0850965,0.27712,0.00488693,0.0666459
378.8,0.490321,1,0.0850853,0.277104,0.00487852,0.0666658
378.85,0.490224,1,0.0850309,0.277027,0.00483756,0.0666858
378.9,0.490204,1,0.0850197,0.277011,0.00482915,0.0667057
378.95,0.490107,1,0.0849653,0.276933,0.00478819,0.0667255
379,0.490087,1,0.0849541,0.276917,0.0047798,0.0667453
379.05,0.48999,1,0.0848997,0.276839,0.00473885,0.0667664
379.1,0.48997,1,0.0848886,0.276823,0.00473049,0.0667871
379.15,0.489873,1,0.0848342,0.276746,0.00468954,0.0668078
379.2,0.489853,1,0.0848231,0.27673,0.00468119,0.0668284
379.25,0.489756,1,0.0847687,0.276652,0.00464026,0.0668485
379.3,0.489736,1,0.0847576,0.276636,0.00463192,0.0668672
379.35,0.489639,1,0.0847033,0.276559,0.004591,0.066886
379.4,0.489619,1,0.0846922,0.276543,0.00458267,0.0669049
379.45,0.489522,1,0.0846379,0.276465,0.00454178,0.0669237
379.5,0.489502,1,0.0846268,0.27645,0.00453345,0.0669425
379.55,0.489405,1,0.0845725,0.276372,0.00449256,0.0669613
379.6,0.489385,1,0.0845614,0.276356,0.00448425,0.06698
379.65,0.489288,1,0.0845071,0.276279,0.00444336,0.0669987
379.7,0.489269,1,0.084496,0.276263,0.00443506,0.0670173
379.75,0.489172,1,0.0844417,0.276185,0.0043942,0.0670359
379.8,0.489152,1,0.0844307,0.27617,0.00438591,0.067057
379.85,0.489055,1,0.0843764,0.276092,0.00434505,0.0670777
379.9,0.489035,1,0.0843654,0.276076,0.00433679,0.0670984
379.95,0.488938,1,0.0843111,0.275999,0.00429592,0.0671192
380,0.488918,1,0.0843001,0.275983,0.00428767,0.0672492
380.05,0.488821,1,0.0842458,0.275906,0.00424684,0.0672691
380.1,0.488802,1,0.0842348,0.27589,0.00423858,0.0672889
380.15,0.488705,1,0.0841806,0.275812,0.00419775,0.0673087
380.2,0.488685,1,0.0841696,0.275797,0.0041895,0.0673275
380.25,0.488588,1,0.0841153,0.275719,0.00414866,0.0673457
380.3,0.488568,1,0.0841043,0.275703,0.00414043,0.0673634
380.35,0.488471,1,0.0840501,0.275626,0.00409961,0.0673811
380.4,0.488452,1,0.0840391,0.27561,0.00409137,0.0673869
380.45,0.488355,1,0.0839849,0.275533,0.00405056,0.0674069
380.5,0.488335,1,0.0839739,0.275517,0.00404231,0.0674277
380.55,0.488238,1,0.0839196,0.27544,0.00400154,0.0674489
380.6,0.488219,1,0.0839087,0.275424,0.00399328,0.0674704
380.65,0.488122,1,0.0838544,0.275346,0.0039525,0.0674919
380.7,0.488102,1,0.0838435,0.275331,0.00394425,0.0675138
380.75,0.488005,1,0.0837893,0.275253,0.00390349,0.0675355
380.8,0.487985,1,0.0837783,0.275238,0.00389524,0.0675572
380.85,0.487888,1,0.0837241,0.27516,0.00385447,0.067579
380.9,0.487869,1,0.0837131,0.275144,0.00384624,0.0676006
380.95,0.487772,1,0.0836589,0.275067,0.00380548,0.067622
381,0.487752,1,0.083648,0.275051,0.00379726,0.0676432
381.05,0.487655,1,0.0835938,0.274974,0.00375651,0.0676645
381.1,0.487636,1,0.0835828,0.274958,0.00374826,0.0676856
381.15,0.487539,1,0.0835286,0.274881,0.00370754,0.0677066
381.2,0.487519,1,0.0835177,0.274865,0.0036993,0.0677275
381.25,0.487422,1,0.0834635,0.274788,0.00365859,0.0677483
381.3,0.487403,1,0.0834525,0.274772,0.00365034,0.0677689
381.35,0.487306,1,0.0833984,0.274695,0.00360962,0.0677894
381.4,0.487286,1,0.0833874,0.274679,0.00360141,0.0678096
381.45,0.487189,1,0.0833333,0.274602,0.00356069,0.0678296
381.5,0.48717,1,0.0833223,0.274586,0.00355248,0.0678493
381.55,0.487073,1,0.0832682,0.274509,0.00351178,0.0678682
381.6,0.487053,1,0.0832573,0.274493,0.00350355,0.0678869
381.65,0.486956,1,0.0832031,0.274415,0.00346287,0.0679054
381.7,0.486937,1,0.0831921,0.2744,0.00345464,0.067924
381.75,0.48684,1,0.083138,0.274322,0.00341397,0.0680538
381.8,0.48682,1,0.0831271,0.274307,0.00340574,0.0680737
381.85,0.486723,1,0.083073,0.274229,0.00336508,0.0680926
381.9,0.486704,1,0.083062,0.274214,0.00335685,0.0681111
381.95,0.486607,1,0.0830079,0.274136,0.00331618,0.0681292
382,0.486587,1,0.082997,0.274121,0.00330799,0.068147
382.05,0.48649,1,0.0829429,0.274043,0.00326733,0.0681643
382.1,0.486471,1,0.0829319,0.274028,0.00325912,0.0681701
382.15,0.486374,1,0.0828778,0.27395,0.00321848,0.0681876
382.2,0.486354,1,0.0828669,0.273935,0.00321026,0.0682054
382.25,0.486257,1,0.0828128,0.273858,0.00316964,0.0682232
382.3,0.486238,1,0.0828019,0.273842,0.00316142,0.0682412
382.35,0.486141,1,0.0827478,0.273764,0.00312081,0.0682592
382.4,0.486121,1,0.0827369,0.273749,0.00311259,0.0682774
382.45,0.486025,1,0.0826828,0.273672,0.00307197,0.0682955
382.5,0.486005,1,0.0826719,0.273656,0.00306378,0.0683137
382.55,0.485908,1,0.0826178,0.273579,0.00302317,0.0683319
382.6,0.485889,1,0.0826069,0.273563,0.00301497,0.0683504
382.65,0.485792,1,0.0825529,0.273486,0.00297438,0.0683689
382.7,0.485772,1,0.082542,0.27347,0.00296617,0.0683877
382.75,0.485675,1,0.0824879,0.273393,0.0029256,0.0684064
382.8,0.485656,1,0.082477,0.273377,0.00291739,0.0684252
382.85,0.485559,1,0.082423,0.2733,0.00287683,0.0684451
382.9,0.48554,1,0.0824121,0.273284,0.00286862,0.0684649
382.95,0.485443,1,0.0823581,0.273207,0.00282808,0.0684847
383,0.485423,1,0.0823471,0.273191,0.00281987,0.0685047
383.05,0.485326,1,0.0822931,0.273114,0.0027793,0.0685247
383.1,0.485307,1,0.0822822,0.273098,0.00277112,0.0685448
383.15,0.48521,1,0.0822282,0.273021,0.00273057,0.0685647
383.2,0.485191,1,0.0822173,0.273006,0.00272238,0.0685848
383.25,0.485094,1,0.0821633,0.272928,0.00268185,0.0686048
383.3,0.485074,1,0.0821524,0.272913,0.00267365,0.0686249
383.35,0.484978,1,0.0820984,0.272836,0.00263313,0.0686449
383.4,0.484958,1,0.0820875,0.27282,0.00262494,0.0686649
383.45,0.484861,1,0.0820336,0.272743,0.00258444,0.0686849
383.5,0.484842,1,0.0820226,0.272727,0.00257624,0.0687049
383.55,0.484745,1,0.0819687,0.27265,0.00253573,0.0687249
383.6,0.484725,1,0.0819578,0.272634,0.00252756,0.0687448
383.65,0.484629,1,0.0819038,0.272557,0.00248704,0.0687647
383.7,0.484609,1,0.0818929,0.272542,0.00247888,0.0687846
383.75,0.484512,1,0.081839,0.272464,0.00243838,0.0688044
383.8,0.484493,1,0.0818281,0.272449,0.00243019,0.0688242
383.85,0.484396,1,0.0817742,0.272371,0.00238973,0.068844
383.9,0.484377,1,0.0817632,0.272356,0.00238155,0.0688637
383.95,0.48428,1,0.0817094,0.272279,0.00234108,0.0688835
384,0.48426,1,0.0816984,0.272263,0.00233291,0.0689023
384.05,0.484164,1,0.0816445,0.272186,0.00229245,0.0689212
384.1,0.484144,1,0.0816336,0.27217,0.00228427,0.06894
384.15,0.484048,1,0.0815798,0.272093,0.00224382,0.0689587
384.2,0.484028,1,0.0815689,0.272078,0.00223565,0.0689775
384.25,0.483931,1,0.081515,0.272,0.00219521,0.0689963
384.3,0.483912,1,0.0815041,0.271985,0.00218705,0.069015
384.35,0.483815,1,0.0814502,0.271908,0.00214661,0.0690337
384.4,0.483796,1,0.0814393,0.271892,0.00213844,0.0690524
384.45,0.483699,1,0.0813854,0.271815,0.00209802,0.069071
384.5,0.48368,1,0.0813745,0.271799,0.00208986,0.0690897
384.55,0.483583,1,0.0813207,0.271722,0.00204946,0.0691084
384.6,0.483563,1,0.0813098,0.271707,0.00204129,0.069127
384.65,0.483467,1,0.081256,0.27163,0.00200088,0.0691456
384.7,0.483447,1,0.0812451,0.271614,0.00199273,0.0692758
384.75,0.483351,1,0.0811912,0.271537,0.00195232,0.0692962
384.8,0.483331,1,0.0811803,0.271521,0.00194418,0.0693165
384.85,0.483234,1,0.0811265,0.271444,0.00190379,0.0693367
384.9,0.483215,1,0.0811157,0.271429,0.00189562,0.0693568
384.95,0.483118,1,0.0810618,0.271352,0.00185525,0.0693768
385,0.483099,1,0.0810509,0.271336,0.0018471,0.0693967
385.05,0.483002,1,0.0809971,0.271259,0.00180674,0.0694165
385.1,0.482983,1,0.0809862,0.271243,0.00179859,0.0694354
385.15,0.482886,1,0.0809324,0.271166,0.00175825,0.0694541
385.2,0.482867,1,0.0809215,0.271151,0.00175008,0.0694727
385.25,0.48277,1,0.0808678,0.271074,0.00170973,0.0694912
385.3,0.482751,1,0.0808569,0.271058,0.00170159,0.0695093
385.35,0.482654,1,0.0808031,0.270981,0.00166125,0.0695273
385.4,0.482635,1,0.0807922,0.270966,0.00165311,0.0695451
385.45,0.482538,1,0.0807384,0.270889,0.00161278,0.0695627
385.5,0.526925,1,0.0807276,0.270873,0.00160462,0.0695685
385.55,0.526824,1,0.0806738,0.270796,0.00156432,0.0695855
385.6,0.526804,1,0.080663,0.27078,0.00155617,0.0696026
385.65,0.526704,1,0.0806092,0.270703,0.00151587,0.0696197
385.7,0.526684,1,0.0805983,0.270688,0.00150773,0.0696368
385.75,0.526584,1,0.0805446,0.270611,0.00146742,0.0696538
385.8,0.526563,1,0.0805337,0.270595,0.00145929,0.0696708
385.85,0.526463,1,0.08048,0.270518,0.001419,0.0696878
385.9,0.526443,1,0.0804691,0.270503,0.00141087,0.0697047
385.95,0.526343,1,0.0804154,0.270426,0.00137059,0.0697214
386,0.526323,1,0.0804046,0.27041,0.00136244,0.0697382
386.05,0.526223,1,0.0803508,0.270333,0.00132219,0.0697548
386.1,0.526203,1,0.08034,0.270318,0.00131405,0.0697714
386.15,0.526102,1,0.0802863,0.270241,0.00127381,0.0698994
386.2,0.526082,1,0.0802754,0.270225,0.00126566,0.0699168
386.25,0.525982,1,0.0802217,0.270148,0.00122543,0.0699226
386.3,0.525962,1,0.0802109,0.270133,0.00121729,0.0699395
386.35,0.525862,1,0.0801572,0.270056,0.00117704,0.0699564
386.4,0.525842,1,0.0801463,0.27004,0.00116892,0.0699734
386.45,0.525742,1,0.0800926,0.269963,0.00112869,0.0699901
386.5,0.525721,1,0.0800818,0.269948,0.00112057,0.0701182
386.55,0.525621,1,0.0800281,0.269871,0.00108034,0.0701356
386.6,0.525601,1,0.0800173,0.269855,0.00107221,0.0701531
386.65,0.525501,1,0.0799636,0.269778,0.00103202,0.0701708
386.7,0.525481,1,0.0799528,0.269763,0.00102388,0.0701767
386.75,0.525381,1,0.0798991,0.269686,0.0009837,0.0701938
386.8,0.525361,1,0.0798883,0.26967,0.000975572,0.0702111
386.85,0.525261,1,0.0798346,0.269593,0.000935368,0.0702283
386.9,0.52524,1,0.0798238,0.269578,0.000927269,0.0702455
386.95,0.52514,1,0.0797702,0.269501,0.000887074,0.0702625
387,0.52512,1,0.0797594,0.269485,0.000878975,0.0703908
387.05,0.52502,1,0.0797057,0.269408,0.000838786,0.0704086
387.1,0.525,1,0.0796949,0.269393,0.000830673,0.0704263
387.15,0.5249,1,0.0796413,0.269316,0.000790529,0.0704442
387.2,0.52488,1,0.0796304,0.2693,0.000782393,0.07045
387.25,0.52478,1,0.0795768,0.269224,0.000742257,0.0704673
387.3,0.524759,1,0.079566,0.269208,0.000734136,0.0704848
387.35,0.52466,1,0.0795124,0.269131,0.000694014,0.0705023
387.4,0.524639,1,0.0795016,0.269116,0.000685886,0.0705197
387.45,0.524539,1,0.079448,0.269039,0.000645749,0.070537
387.5,0.524519,1,0.0794372,0.269023,0.00063765,0.0706656
387.55,0.524419,1,0.0793836,0.268947,0.000597529,0.0706834
387.6,0.524399,1,0.0793728,0.268931,0.00058943,0.0707011
387.65,0.524299,1,0.0793192,0.268854,0.000549316,0.0707189
387.7,0.524279,1,0.0793084,0.268839,0.000541203,0.0707367
387.75,0.524179,1,0.0792548,0.268762,0.000501111,0.0707545
387.8,0.524159,1,0.079244,0.268746,0.000492997,0.0707726
387.85,0.524059,1,0.0791905,0.26867,0.000452921,0.0707906
387.9,0.524039,1,0.0791796,0.268654,0.000444807,0.0708088
387.95,0.523939,1,0.0791261,0.268577,0.000404716,0.0708271
388,0.523918,1,0.0791153,0.268562,0.000396624,0.0708453
388.05,0.523819,1,0.0790617,0.268485,0.000356548,0.0708635
388.1,0.523798,1,0.0790509,0.268469,0.000348471,0.0708815
388.15,0.523699,1,0.0789974,0.268393,0.000308394,0.0708995
388.2,0.523678,1,0.0789866,0.268377,0.000300288,0.0709173
388.25,0.523578,1,0.0789331,0.2683,0.000260249,0.0709349
388.3,0.523558,1,0.0789223,0.268285,0.00025215,0.0709524
388.35,0.523458,1,0.0788688,0.268208,0.000212111,0.0709699
388.4,0.523438,1,0.078858,0.268193,0.000204012,0.0709872
388.45,0.523338,1,0.0788045,0.268116,0.000163987,0.0710045
388.5,0.523318,1,0.0787937,0.2681,0.000155896,0.0710218
388.55,0.523218,1,0.0787402,0.268024,0.000115864,0.0710392
388.6,0.523198,1,0.0787294,0.268008,0.000107788,0.0710567
388.65,0.523098,1,0.0786759,0.267931,6.7763e-05,0.0710741
388.7,0.523078,1,0.0786651,0.267916,5.96866e-05,0.0710917
388.75,0.522978,1,0.0786117,0.267839,1.9677e-05,0.0711094
388.8,0.522958,1,0.0786009,0.267824,1.15782e-05,0.0711275
388.85,0.522858,1,0.0785474,0.267747,-2.84016e-05,0.0711456
388.9,0.522838,1,0.0785366,0.267731,-3.64929e-05,0.0711639
388.95,0.522738,1,0.0784832,0.267655,-7.64579e-05,0.0711698
389,0.522718,1,0.0784724,0.267639,-8.45566e-05,0.0711873
389.05,0.522618,1,0.078419,0.267563,-0.000124536,0.071205
389.1,0.522598,1,0.0784081,0.267547,-0.000132605,0.0712228
389.15,0.522498,1,0.0783547,0.26747,-0.000172585,0.0712407
389.2,0.522478,1,0.0783439,0.267455,-0.000180639,0.0712586
389.25,0.522378,1,0.0782905,0.267378,-0.000220612,0.0712766
389.3,0.522358,1,0.0782797,0.267363,-0.000228688,0.0712947
389.35,0.522258,1,0.0782264,0.267286,-0.000268631,0.0713129
389.4,0.522238,1,0.0782155,0.267271,-0.000276707,0.071331
389.45,0.522138,1,0.0781622,0.267194,-0.000316635,0.0713492
389.5,0.522118,1,0.0781514,0.267178,-0.000324719,0.0713675
389.55,0.522019,1,0.078098,0.267102,-0.000364624,0.0713858
389.6,0.521998,1,0.0780872,0.267086,-0.000372693,0.0714043
389.65,0.521899,1,0.0780338,0.26701,-0.000412636,0.0714226
389.7,0.521879,1,0.078023,0.266994,-0.000420682,0.0714412
389.75,0.521779,1,0.0779697,0.266918,-0.000460602,0.0714597
389.8,0.521759,1,0.0779589,0.266902,-0.000468656,0.0714782
389.85,0.521659,1,0.0779055,0.266825,-0.000508554,0.0714968
389.9,0.521639,1,0.0778948,0.26681,-0.000516638,0.0715154
389.95,0.521539,1,0.0778414,0.266733,-0.000556514,0.071534
390,0.521519,1,0.0778306,0.266718,-0.000564583,0.0715526
390.05,0.521419,1,0.0777773,0.266641,-0.000604451,0.0715713
390.1,0.521399,1,0.0777665,0.266626,-0.000612512,0.0715899
390.15,0.521299,1,0.0777132,0.266549,-0.000652395,0.0716085
390.2,0.521279,1,0.0777024,0.266534,-0.000660442,0.0716273
390.25,0.52118,1,0.0776491,0.266457,-0.00070031,0.0716459
390.3,0.521159,1,0.0776384,0.266442,-0.000708349,0.0716645
390.35,0.52106,1,0.077585,0.266365,-0.000748217,0.0716832
390.4,0.521039,1,0.0775743,0.26635,-0.000756271,0.0717017
390.45,0.52094,1,0.077521,0.266273,-0.000796095,0.0717203
390.5,0.52092,1,0.0775102,0.266258,-0.000804156,0.071739
390.55,0.52082,1,0.0774569,0.266181,-0.000843979,0.0717575
390.6,0.5208,1,0.0774461,0.266166,-0.000852041,0.0717761
390.65,0.5207,1,0.0773929,0.266089,-0.000891849,0.0717947
390.7,0.52068,1,0.0773821,0.266074,-0.000899903,0.0718132
390.75,0.52058,1,0.0773289,0.265997,-0.000939727,0.0719432
390.8,0.52056,1,0.0773181,0.265982,-0.000947759,0.0719635
390.85,0.520461,1,0.0772648,0.265905,-0.000987567,0.0719838
390.9,0.520441,1,0.077254,0.26589,-0.000995599,0.072004
390.95,0.520341,1,0.0772008,0.265813,-0.0010354,0.0720242
391,0.520321,1,0.0771901,0.265798,-0.00104345,0.0720444
391.05,0.520221,1,0.0771368,0.265721,-0.00108323,0.0720645
391.1,0.520201,1,0.077126,0.265706,-0.00109128,0.0720846
391.15,0.520101,1,0.0770728,0.265629,-0.00113104,0.0721046
391.2,0.520081,1,0.077062,0.265614,-0.00113908,0.0721246
391.25,0.520059,0.998192,0.07705,0.265596,-0.00114812,0.0721446
391.3,0.520036,0.996385,0.0770379,0.265579,-0.00115715,0.0721645
391.35,0.520013,0.994579,0.0770258,0.265562,-0.00116619,0.0721843
391.4,0.519991,0.992775,0.0770137,0.265544,-0.00117524,0.0722041
391.45,0.519968,0.990971,0.0770015,0.265527,-0.00118428,0.0722229
391.5,0.519945,0.989169,0.0769895,0.26551,-0.00119333,0.0722417
391.55,0.519923,0.987368,0.0769773,0.265492,-0.00120237,0.0722602
391.6,0.5199,0.985568,0.0769653,0.265475,-0.00121141,0.0722787
391.65,0.519877,0.983769,0.0769532,0.265457,-0.00122046,0.072297
391.7,0.519855,0.981971,0.076941,0.26544,-0.00122951,0.0723153
391.75,0.519832,0.980174,0.0769289,0.265423,-0.00123856,0.0723333
391.8,0.519809,0.978378,0.0769168,0.265405,-0.00124762,0.0723511
391.85,0.519787,0.976583,0.0769047,0.265388,-0.00125668,0.0723686
391.9,0.519764,0.97479,0.0768926,0.26537,-0.00126573,0.0723744
391.95,0.519741,0.972997,0.0768804,0.265353,-0.00127478,0.0723912
392,0.519719,0.971206,0.0768683,0.265335,-0.00128384,0.0724085
392.05,0.519696,0.969416,0.0768562,0.265318,-0.0012929,0.0724259
392.1,0.519673,0.967628,0.0768441,0.265301,-0.00130197,0.0724433
392.15,0.519651,0.965842,0.0768319,0.265283,-0.00131102,0.0724608
392.2,0.519628,0.964058,0.0768198,0.265266,-0.00132007,0.0724782
392.25,0.519605,0.962276,0.0768077,0.265248,-0.00132912,0.0724957
392.3,0.519583,0.960497,0.0767956,0.265231,-0.00133815,0.0725131
392.35,0.51956,0.958719,0.0767835,0.265214,-0.00134721,0.0725306
392.4,0.519537,0.956943,0.0767714,0.265196,-0.00135624,0.0725481
392.45,0.519515,0.95517,0.0767593,0.265179,-0.00136527,0.0725655
392.5,0.519492,0.953398,0.0767472,0.265161,-0.0013743,0.0725832
392.55,0.519469,0.951628,0.0767351,0.265144,-0.00138333,0.0726009
392.6,0.519447,0.949861,0.0767231,0.265127,-0.00139237,0.0726188
392.65,0.519424,0.948095,0.076711,0.265109,-0.00140139,0.0726368
392.7,0.519401,0.946332,0.0766989,0.265092,-0.00141039,0.0726549
392.75,0.519379,0.944571,0.0766868,0.265075,-0.0014194,0.072673
392.8,0.519356,0.942812,0.0766748,0.265057,-0.00142842,0.0727006
392.85,0.519334,0.941055,0.0766627,0.26504,-0.00143743,0.0727204
392.9,0.519311,0.939299,0.0766507,0.265023,-0.00144644,0.0727482
392.95,0.519289,0.937547,0.0766386,0.265005,-0.00145543,0.072775
393,0.519266,0.935796,0.0766266,0.264988,-0.00146442,0.0728018
393.05,0.519244,0.934048,0.0766145,0.264971,-0.00147341,0.0728288
393.1,0.519221,0.932303,0.0766025,0.264953,-0.0014824,0.0728556
393.15,0.519198,0.93056,0.0765905,0.264936,-0.00149137,0.0728824
393.2,0.519176,0.92882,0.0765785,0.264919,-0.00150034,0.0729091
393.25,0.519154,0.927083,0.0765665,0.264902,-0.00150931,0.0729357
393.3,0.519131,0.925348,0.0765545,0.264884,-0.00151825,0.0729621
393.35,0.519109,0.923616,0.0765425,0.264867,-0.00152722,0.0729786
393.4,0.519086,0.921885,0.0765305,0.26485,-0.00153617,0.0730055
393.45,0.519064,0.920156,0.0765185,0.264833,-0.00154512,0.0730316
393.5,0.519041,0.91843,0.0765066,0.264815,-0.00155406,0.0730483
393.55,0.519019,0.916706,0.0764946,0.264798,-0.00156298,0.0730749
393.6,0.518997,0.914984,0.0764826,0.264781,-0.00157193,0.0731008
393.65,0.518974,0.913265,0.0764707,0.264764,-0.00158086,0.0731171
393.7,0.518952,0.911548,0.0764587,0.264747,-0.00158978,0.0731341
393.75,0.518929,0.909834,0.0764468,0.26473,-0.00159868,0.0731511
393.8,0.518907,0.908123,0.0764349,0.264712,-0.0016076,0.0731681
393.85,0.518885,0.906414,0.076423,0.264695,-0.00161648,0.0731849
393.9,0.518863,0.904708,0.076411,0.264678,-0.00162538,0.0732017
393.95,0.51884,0.903004,0.0763991,0.264661,-0.00163429,0.0732278
394,0.518818,0.901301,0.0763872,0.264644,-0.00164317,0.0732444
394.05,0.518796,0.899601,0.0763753,0.264627,-0.00165205,0.0732611
394.1,0.518773,0.897903,0.0763634,0.26461,-0.00166093,0.0732776
394.15,0.518751,0.896207,0.0763516,0.264593,-0.0016698,0.0732941
394.2,0.518729,0.894514,0.0763397,0.264575,-0.00167868,0.0733107
394.25,0.518707,0.892823,0.0763278,0.264558,-0.00168754,0.073327
394.3,0.518684,0.891134,0.0763159,0.264541,-0.0016964,0.0733434
394.35,0.518662,0.889447,0.0763041,0.264524,-0.00170526,0.0733598
394.4,0.51864,0.887762,0.0762922,0.264507,-0.00171411,0.0733763
394.45,0.518618,0.886079,0.0762803,0.26449,-0.00172296,0.073393
394.5,0.518596,0.884399,0.0762685,0.264473,-0.0017318,0.0734097
394.55,0.518573,0.88272,0.0762567,0.264456,-0.00174066,0.0734266
394.6,0.518551,0.881044,0.0762448,0.264439,-0.00174949,0.0734434
394.65,0.518529,0.87937,0.076233,0.264422,-0.00175833,0.0734604
394.7,0.518507,0.877697,0.0762211,0.264405,-0.00176717,0.0734775
394.75,0.518485,0.876027,0.0762094,0.264388,-0.001776,0.0735027
394.8,0.518462,0.874359,0.0761975,0.264371,-0.00178482,0.0735272
394.85,0.51844,0.872693,0.0761857,0.264354,-0.00179362,0.0735518
394.9,0.518418,0.871029,0.0761739,0.264337,-0.00180246,0.0735764
394.95,0.518396,0.869367,0.0761621,0.26432,-0.00181127,0.0735942
395,0.518374,0.867707,0.0761503,0.264303,-0.00182006,0.0736115
395.05,0.518352,0.86605,0.0761385,0.264286,-0.00182887,0.073629
395.1,0.51833,0.864395,0.0761267,0.264269,-0.00183766,0.0736467
395.15,0.518308,0.862742,0.076115,0.264252,-0.00184645,0.0736645
395.2,0.518286,0.861092,0.0761032,0.264235,-0.00185524,0.0736824
395.25,0.518264,0.859443,0.0760914,0.264218,-0.00186402,0.0737005
395.3,0.518242,0.857797,0.0760797,0.264202,-0.00187282,0.0737187
395.35,0.51822,0.856152,0.0760679,0.264185,-0.00188158,0.073737
395.4,0.518198,0.85451,0.0760561,0.264168,-0.00189035,0.0737555
395.45,0.518176,0.85287,0.0760444,0.264151,-0.00189912,0.073774
395.5,0.518154,0.851232,0.0760327,0.264134,-0.00190789,0.0737927
395.55,0.518132,0.849596,0.0760209,0.264117,-0.00191665,0.0738172
395.6,0.51811,0.847962,0.0760092,0.2641,-0.00192539,0.0738412
395.65,0.518088,0.84633,0.0759975,0.264083,-0.00193414,0.0738651
395.7,0.518066,0.844701,0.0759858,0.264067,-0.00194289,0.0738889
395.75,0.518044,0.843073,0.0759741,0.26405,-0.00195163,0.0739127
395.8,0.518022,0.841448,0.0759623,0.264033,-0.00196037,0.0739332
395.85,0.518,0.839825,0.0759507,0.264016,-0.0019691,0.073953
395.9,0.517978,0.838205,0.075939,0.263999,-0.00197785,0.0739732
395.95,0.517956,0.836586,0.0759273,0.263982,-0.00198657,0.0739937
396,0.517934,0.83497,0.0759156,0.263966,-0.00199527,0.0740145
396.05,0.517912,0.833356,0.0759039,0.263949,-0.002004,0.0740354
396.1,0.51789,0.831744,0.0758922,0.263932,-0.00201269,0.0740565
396.15,0.517869,0.830134,0.0758806,0.263915,-0.00202142,0.0740777
396.2,0.517847,0.828527,0.0758689,0.263898,-0.00203011,0.074099
396.25,0.517825,0.826921,0.0758573,0.263882,-0.00203878,0.0741203
396.3,0.517803,0.825318,0.0758456,0.263865,-0.00204749,0.0741442
396.35,0.517781,0.823717,0.075834,0.263848,-0.00205617,0.0741673
396.4,0.517759,0.822118,0.0758224,0.263848,-0.00206485,0.0741905
396.45,0.517738,0.820521,0.0758107,0.263848,-0.00207353,0.0742138
396.5,0.517716,0.818926,0.0757991,0.263848,-0.00208221,0.074237
396.55,0.517694,0.817334,0.0757875,0.263848,-0.00209089,0.0742601
396.6,0.517672,0.815744,0.0757759,0.319574,-0.00209954,0.074283
396.65,0.517651,0.814156,0.0757643,0.319556,-0.00210819,0.0743062
396.7,0.517629,0.81257,0.0757527,0.319538,-0.00211686,0.0743286
396.75,0.517607,0.810987,0.0757411,0.319521,-0.00212549,0.0743512
396.8,0.517586,0.809405,0.0757295,0.319503,-0.00213414,0.0743741
396.85,0.517564,0.807826,0.0757179,0.319485,-0.00214278,0.0743972
396.9,0.517542,0.806249,0.0757064,0.319467,-0.00215141,0.0744206
396.95,0.51752,0.804674,0.0756948,0.319449,-0.00216003,0.0744439
397,0.517499,0.803101,0.0756833,0.319431,-0.00216866,0.0744673
397.05,0.517477,0.801531,0.0756718,0.319413,-0.00217727,0.0744907
397.1,0.517455,0.799962,0.0756602,0.319396,-0.00218588,0.0745141
397.15,0.517434,0.798396,0.0756487,0.319378,-0.00219449,0.0745366
397.2,0.517412,0.796832,0.0756371,0.31936,-0.0022031,0.0745593
397.25,0.517391,0.79527,0.0756256,0.319342,-0.00221171,0.074582
397.3,0.517369,0.793709,0.0756141,0.319324,-0.0022203,0.0746049
397.35,0.517347,0.792152,0.0756025,0.319306,-0.00222889,0.0746276
397.4,0.517326,0.790596,0.075591,0.319289,-0.00223748,0.0746501
397.45,0.517304,0.789042,0.0755796,0.319271,-0.00224607,0.0746727
397.5,0.517283,0.787491,0.075568,0.319253,-0.00225464,0.0746972
397.55,0.517261,0.785942,0.0755566,0.319235,-0.00226321,0.0747208
397.6,0.51724,0.784394,0.0755451,0.319218,-0.00227177,0.0747449
397.65,0.517218,0.782849,0.0755336,0.3192,-0.00228035,0.074769
397.7,0.517197,0.781307,0.0755221,0.319182,-0.00228892,0.0747934
397.75,0.517175,0.779766,0.0755107,0.319164,-0.00229745,0.074818
397.8,0.517154,0.778227,0.0754992,0.319147,-0.002306,0.0748428
397.85,0.517132,0.776691,0.0754878,0.319129,-0.00231455,0.0748675
397.9,0.517111,0.775157,0.0754763,0.319111,-0.00232309,0.0748922
397.95,0.517089,0.773624,0.0754649,0.319094,-0.00233162,0.0749151
398,0.517068,0.772094,0.0754535,0.319076,-0.00234016,0.0749371
398.05,0.517046,0.770567,0.075442,0.319058,-0.00234869,0.0749594
398.1,0.517025,0.769041,0.0754306,0.319041,-0.00235721,0.0749818
398.15,0.517003,0.767517,0.0754192,0.319023,-0.00236572,0.0750042
398.2,0.516982,0.765995,0.0754078,0.319005,-0.00237423,0.0750265
398.25,0.516961,0.764476,0.0753964,0.318988,-0.00238274,0.0750487
398.3,0.516939,0.762958,0.075385,0.31897,-0.00239124,0.075071
398.35,0.516918,0.761443,0.0753736,0.318953,-0.00239974,0.0750931
398.4,0.516897,0.759929,0.0753622,0.318935,-0.00240823,0.0751154
398.45,0.516875,0.758418,0.0753508,0.318917,-0.00241672,0.075141
398.5,0.516854,0.756909,0.0753394,0.3189,-0.0024252,0.0751658
398.55,0.516833,0.755402,0.0753281,0.318882,-0.00243369,0.0751909
398.6,0.516811,0.753897,0.0753167,0.318865,-0.00244216,0.075216
398.65,0.51679,0.752394,0.0753053,0.318847,-0.00245062,0.0752412
398.7,0.516769,0.750894,0.075294,0.31883,-0.00245909,0.0752665
398.75,0.516748,0.749395,0.0752827,0.318812,-0.00246756,0.0752917
398.8,0.516726,0.747899,0.0752713,0.318795,-0.00247601,0.0753168
398.85,0.516705,0.746405,0.07526,0.318777,-0.00248446,0.075344
398.9,0.516684,0.744913,0.0752487,0.318759,-0.0024929,0.0753675
398.95,0.516662,0.743422,0.0752374,0.318742,-0.00250135,0.0753903
399,0.516641,0.741934,0.075226,0.318725,-0.00250977,0.0754129
399.05,0.51662,0.740448,0.0752148,0.318707,-0.00251821,0.0754355
399.1,0.516599,0.738965,0.0752034,0.31869,-0.00252662,0.0754586
399.15,0.516578,0.737483,0.0751922,0.318672,-0.00253506,0.0754814
399.2,0.516557,0.736003,0.0751809,0.318655,-0.00254347,0.0755058
399.25,0.516535,0.734525,0.0751696,0.318637,-0.00255188,0.0755326
399.3,0.516514,0.73305,0.0751583,0.31862,-0.00256028,0.0755587
399.35,0.516493,0.731576,0.0751471,0.318602,-0.00256869,0.0755831
399.4,0.516472,0.730105,0.0751358,0.318585,-0.00257709,0.0756077
399.45,0.516451,0.728636,0.0751246,0.318568,-0.00258548,0.0756327
399.5,0.51643,0.727169,0.0751133,0.31855,-0.00259387,0.0756578
399.55,0.516409,0.725704,0.0751021,0.318533,-0.00260223,0.0756831
399.6,0.516388,0.724242,0.0750909,0.318516,-0.00261061,0.0757084
399.65,0.516367,0.722782,0.0750796,0.318498,-0.00261898,0.0757337
399.7,0.516346,0.721324,0.0750684,0.318481,-0.00262735,0.0757589
399.75,0.516325,0.719869,0.0750572,0.318463,-0.0026357,0.075784
399.8,0.516304,0.718415,0.075046,0.318446,-0.00264407,0.075809
399.85,0.516282,0.716963,0.0750348,0.318429,-0.00265242,0.0758343
399.9,0.516262,0.715514,0.0750236,0.318412,-0.00266074,0.0758609
399.95,0.51624,0.714066,0.0750124,0.318394,-0.00266909,0.0758849
400,0.516219,0.712621,0.0750013,0.318377,-0.00267742,0.0759092
400.05,0.516199,0.711178,0.0749901,0.31836,-0.00268574,0.0759329
400.1,0.516178,0.709736,0.0749789,0.318343,-0.00269406,0.0759568
400.15,0.516157,0.708297,0.0749678,0.318325,-0.0027024,0.0759809
400.2,0.516136,0.70686,0.0749566,0.318308,-0.00271071,0.0760052
400.25,0.516115,0.705425,0.0749455,0.318291,-0.00271901,0.0760303
400.3,0.516094,0.703992,0.0749344,0.318274,-0.00272731,0.0760566
400.35,0.516073,0.702561,0.0749232,0.318256,-0.00273562,0.0760828
400.4,0.516052,0.701133,0.0749121,0.318239,-0.0027439,0.0761068
400.45,0.516031,0.699706,0.074901,0.318222,-0.00275219,0.0761313
400.5,0.516011,0.698282,0.0748899,0.318205,-0.00276047,0.0761561
400.55,0.51599,0.69686,0.0748788,0.318188,-0.00276875,0.0761809
400.6,0.515969,0.695439,0.0748677,0.31817,-0.00277703,0.0762058
400.65,0.515948,0.694021,0.0748566,0.318153,-0.0027853,0.0762308
400.7,0.515927,0.692605,0.0748455,0.318136,-0.00279356,0.0762557
400.75,0.515907,0.691191,0.0748344,0.318119,-0.00280182,0.0762806
400.8,0.515886,0.689779,0.0748234,0.318102,-0.00281006,0.0763054
400.85,0.515865,0.688369,0.0748123,0.318085,-0.00281832,0.0763301
400.9,0.515844,0.68696,0.0748013,0.318068,-0.00282656,0.0763552
400.95,0.515823,0.685554,0.0747902,0.318051,-0.00283479,0.0763812
401,0.515803,0.68415,0.0747792,0.318034,-0.00284304,0.0764077
401.05,0.515782,0.682748,0.0747681,0.318017,-0.00285126,0.0764338
401.1,0.515761,0.681347,0.0747571,0.317999,-0.0028595,0.0764583
401.15,0.515741,0.679949,0.0747461,0.317982,-0.00286771,0.0764869
401.2,0.51572,0.678553,0.0747351,0.317965,-0.00287593,0.0765125
401.25,0.515699,0.677159,0.074724,0.317948,-0.00288412,0.0765361
401.3,0.515679,0.675767,0.074713,0.317931,-0.00289234,0.0765598
401.35,0.515658,0.674378,0.074702,0.317914,-0.00290054,0.0765837
401.4,0.515637,0.67299,0.0746911,0.317897,-0.00290873,0.076608
401.45,0.515617,0.671605,0.0746801,0.31788,-0.00291691,0.0766329
401.5,0.515596,0.670222,0.0746691,0.317863,-0.00292508,0.0766585
401.55,0.515575,0.668841,0.0746581,0.317846,-0.00293326,0.0766868
401.6,0.515555,0.667463,0.0746472,0.317829,-0.00294143,0.0767123
401.65,0.515534,0.666086,0.0746362,0.317812,-0.00294958,0.0767368
401.7,0.515514,0.664711,0.0746253,0.317796,-0.00295776,0.0767612
401.75,0.515493,0.663338,0.0746143,0.317779,-0.00296591,0.0767855
401.8,0.515473,0.661967,0.0746034,0.317762,-0.00297406,0.0768099
401.85,0.515452,0.660598,0.0745925,0.317745,-0.00298219,0.0768346
401.9,0.515432,0.65923,0.0745816,0.317728,-0.00299035,0.0768597
401.95,0.515411,0.657865,0.0745706,0.317711,-0.00299848,0.076886
402,0.515391,0.656501,0.0745598,0.317694,-0.00300663,0.076914
402.05,0.51537,0.65514,0.0745488,0.317677,-0.00301474,0.0769399
402.1,0.51535,0.65378,0.0745379,0.31766,-0.00302287,0.0769634
402.15,0.515329,0.652423,0.0745379,0.317644,-0.003031,0.0769863
402.2,0.515309,0.651068,0.0745379,0.317627,-0.00303911,0.0770083
402.25,0.515289,0.649714,0.0745379,0.31761,-0.00304722,0.0770303
402.3,0.515268,0.648363,0.0745379,0.317593,-0.00305531,0.0770524
402.35,0.515248,0.647015,0.131234,0.317576,-0.00306339,0.0770751
402.4,0.515227,0.645668,0.131221,0.31756,-0.0030715,0.0770983
402.45,0.515207,0.644323,0.131209,0.317543,-0.00307957,0.0771216
402.5,0.515187,0.64298,0.131196,0.317526,-0.00308766,0.0771454
402.55,0.515166,0.641639,0.131184,0.317509,-0.00309575,0.0771705
402.6,0.515146,0.6403,0.131171,0.317492,-0.00310382,0.0771978
402.65,0.515126,0.638963,0.131159,0.317476,-0.00311188,0.0772218
402.7,0.515105,0.637628,0.131146,0.317459,-0.00311992,0.0772453
402.75,0.515085,0.636295,0.131134,0.317442,-0.00312798,0.0772689
402.8,0.515065,0.634964,0.131121,0.317426,-0.00313603,0.0772923
402.85,0.515044,0.633635,0.131109,0.317409,-0.00314407,0.077316
402.9,0.515024,0.632308,0.131097,0.317392,-0.00315212,0.0773401
402.95,0.515004,0.630982,0.131084,0.317375,-0.00316016,0.0773656
403,0.514984,0.629659,0.131072,0.317359,-0.00316819,0.0773904
403.05,0.514964,0.628338,0.131059,0.317342,-0.0031762,0.0774128
403.1,0.514943,0.627019,0.131047,0.317326,-0.00318423,0.0774345
403.15,0.514923,0.625701,0.131035,0.317309,-0.00319225,0.0774562
403.2,0.514903,0.624386,0.131022,0.317292,-0.00320026,0.0774779
403.25,0.514883,0.623072,0.13101,0.317276,-0.00320828,0.0774997
403.3,0.514863,0.621761,0.130997,0.317259,-0.00321626,0.0775215
403.35,0.514842,0.620452,0.130985,0.317242,-0.00322426,0.0775434
403.4,0.514822,0.619145,0.130973,0.317226,-0.00323224,0.0775652
403.45,0.514802,0.61784,0.13096,0.317209,-0.00324024,0.0775872
403.5,0.514782,0.616537,0.130948,0.317193,-0.00324822,0.0776096
403.55,0.514762,0.615236,0.130936,0.317176,-0.00325618,0.0776318
403.6,0.514742,0.613936,0.130923,0.31716,-0.00326416,0.0776589
403.65,0.514722,0.612639,0.130911,0.317143,-0.00327212,0.0776815
403.7,0.514702,0.611344,0.130899,0.317127,-0.00328007,0.0777041
403.75,0.514682,0.61005,0.130887,0.31711,-0.00328803,0.0777266
403.8,0.514662,0.608759,0.130874,0.317093,-0.00329596,0.0777494
403.85,0.514642,0.607469,0.130862,0.317077,-0.00330392,0.0777731
403.9,0.514621,0.606182,0.13085,0.317061,-0.00331186,0.0777948
403.95,0.514602,0.604897,0.130837,0.317044,-0.00331981,0.0778166
404,0.514581,0.603613,0.130825,0.317027,-0.00332776,0.0778386
404.05,0.514561,0.602332,0.130813,0.317011,-0.00333571,0.0778606
404.1,0.514541,0.601052,0.130801,0.316994,-0.00334366,0.0778826
404.15,0.514521,0.599774,0.130788,0.316978,-0.00335159,1.5
404.2,0.514521,0.598499,0.130788,0.316978,-0.00335159,1.5
404.25,0.514521,0.597225,0.130788,0.316978,-0.00335159,1.5
404.3,0.514521,0.595953,0.130788,0.316978,-0.00335159,1.5
404.35,0.514521,0.594683,0.130788,0.316978,-0.00335159,1.5
404.4,0.514521,0.593415,0.130788,0.316978,-0.00335159,1.5
404.45,0.514521,0.592149,0.130788,0.316978,-0.00335159,1.5
404.5,0.514521,0.590885,0.130788,0.316978,-0.00335159,1.5
404.55,0.514521,0.589623,0.130788,0.316978,-0.00335159,1.5
404.6,0.514521,0.588363,0.130788,0.316978,-0.00335159,1.5
404.65,0.514521,0.587105,0.130788,0.316978,-0.00335159,1.5
404.7,0.514521,0.585849,0.130788,0.316978,-0.00335159,1.5
404.75,0.514521,0.584594,0.130788,0.316978,-0.00335159,1.5
404.8,0.514521,0.583342,0.130788,0.316978,-0.00335159,1.5
404.85,0.514521,0.582091,0.130788,0.316978,-0.00335159,1.5
404.9,0.514521,0.580843,0.130788,0.316978,-0.00335159,1.5
404.95,0.514521,0.579596,0.130788,0.316978,-0.00335159,1.5
405,0.514521,0.578351,0.130788,0.316978,-0.00335159,1.5
405.05,0.514521,0.577108,0.130788,0.316978,-0.00335159,1.5
405.1,0.514521,0.575867,0.130788,0.316978,-0.00335159,1.5
405.15,0.514521,0.574629,0.130788,0.316978,-0.00335159,1.5
405.2,0.514521,0.573392,0.130788,0.316978,-0.00335159,1.5
405.25,0.514521,0.572157,0.130788,0.316978,-0.00335159,1.5
405.3,0.514521,0.570924,0.130788,0.316978,-0.00335159,1.5
405.35,0.514521,0.569693,0.130788,0.316978,-0.00335159,1.5
405.4,0.514521,0.568464,0.130788,0.316978,-0.00335159,1.5
405.45,0.514521,0.567237,0.130788,0.316978,-0.00335159,1.5
405.5,0.514521,0.566012,0.130788,0.316978,-0.00335159,1.5
405.55,0.514521,0.564788,0.130788,0.316978,-0.00335159,1.5
405.6,0.514521,0.563567,0.130788,0.316978,-0.00335159,1.5
405.65,0.514521,0.562348,0.130788,0.316978,-0.00335159,1.5
405.7,0.514521,0.56113,0.130788,0.316978,-0.00335159,1.5
405.75,0.514521,0.559914,0.130788,0.316978,-0.00335159,1.5
405.8,0.514521,0.558701,0.130788,0.316978,-0.00335159,1.5
405.85,0.514521,0.557489,0.130788,0.316978,-0.00335159,1.5
405.9,0.514521,0.556279,0.130788,0.316978,-0.00335159,1.5
405.95,0.514521,0.555071,0.130788,0.316978,-0.00335159,1.5
406,0.514521,0.553865,0.130788,0.316978,-0.00335159,1.5
406.05,0.514521,0.552661,0.130788,0.316978,-0.00335159,1.5
406.1,0.514521,0.551459,0.130788,0.316978,-0.00335159,1.5
406.15,0.514521,0.550259,0.130788,0.316978,-0.00335159,1.5
406.2,0.514521,0.54906,0.130788,0.316978,-0.00335159,1.5
406.25,0.514521,0.547864,0.130788,0.316978,-0.00335159,1.5
406.3,0.514521,0.546669,0.130788,0.316978,-0.00335159,1.5
406.35,0.514521,0.545476,0.130788,0.316978,-0.00335159,1.5
406.4,0.514521,0.544285,0.130788,0.316978,-0.00335159,1.5
406.45,0.514521,0.543096,0.130788,0.316978,-0.00335159,1.5
406.5,0.514521,0.541909,0.130788,0.316978,-0.00335159,1.5
406.55,0.514521,0.540724,0.130788,0.316978,-0.00335159,1.5
406.6,0.514521,0.539541,0.130788,0.316978,-0.00335159,1.5
406.65,0.514521,0.538359,0.130788,0.316978,-0.00335159,1.5
406.7,0.514521,0.53718,0.130788,0.316978,-0.00335159,1.5
406.75,0.514521,0.536002,0.130788,0.316978,-0.00335159,1.5
406.8,0.514521,0.534826,0.130788,0.316978,-0.00335159,1.5
406.85,0.514521,0.533652,0.130788,0.316978,-0.00335159,1.5
406.9,0.514521,0.53248,0.130788,0.316978,-0.00335159,1.5
406.95,0.514521,0.53131,0.130788,0.316978,-0.00335159,1.5
407,0.514521,0.530142,0.130788,0.316978,-0.00335159,1.5
407.05,0.514521,0.528975,0.130788,0.316978,-0.00335159,1.5
407.1,0.514521,0.527811,0.130788,0.316978,-0.00335159,1.5
407.15,0.514521,0.526648,0.130788,0.316978,-0.00335159,1.5
407.2,0.514521,0.525487,0.130788,0.316978,-0.00335159,1.5
407.25,0.514521,0.524328,0.130788,0.316978,-0.00335159,1.5
407.3,0.514521,0.523171,0.130788,0.316978,-0.00335159,1.5
407.35,0.514521,0.522016,0.130788,0.316978,-0.00335159,1.5
407.4,0.514521,0.520862,0.130788,0.316978,-0.00335159,1.5
407.45,0.514521,0.519711,0.130788,0.316978,-0.00335159,1.5
407.5,0.514521,0.518561,0.130788,0.316978,-0.00335159,1.5
407.55,0.514521,0.517414,0.130788,0.316978,-0.00335159,1.5
407.6,0.514521,0.516268,0.130788,0.316978,-0.00335159,1.5
407.65,0.514521,0.515124,0.130788,0.316978,-0.00335159,1.5
407.7,0.514521,0.513982,0.130788,0.316978,-0.00335159,1.5
407.75,0.514521,0.512841,0.130788,0.316978,-0.00335159,1.5
407.8,0.514521,0.511703,0.130788,0.316978,-0.00335159,1.5
407.85,0.514521,0.510566,0.130788,0.316978,-0.00335159,1.5
407.9,0.514521,0.509432,0.130788,0.316978,-0.00335159,1.5
407.95,0.514521,0.508299,0.130788,0.316978,-0.00335159,1.5
408,0.514521,0.507168,0.130788,0.316978,-0.00335159,1.5
408.05,0.514521,0.506039,0.130788,0.316978,-0.00335159,1.5
408.1,0.514521,0.504912,0.130788,0.316978,-0.00335159,1.5
408.15,0.514521,0.503786,0.130788,0.316978,-0.00335159,1.5
408.2,0.514521,0.502663,0.130788,0.316978,-0.00335159,1.5
408.25,0.514521,0.501541,0.130788,0.316978,-0.00335159,1.5
408.3,0.514521,0.500422,0.130788,0.316978,-0.00335159,1.5
408.35,0.514521,0.499304,0.130788,0.316978,-0.00335159,1.5
408.4,0.514521,0.498188,0.130788,0.316978,-0.00335159,1.5
408.45,0.514521,0.497074,0.130788,0.316978,-0.00335159,1.5
408.5,0.514521,0.495962,0.130788,0.316978,-0.00335159,1.5
408.55,0.514521,0.494851,0.130788,0.316978,-0.00335159,1.5
408.6,0.514521,0.493743,0.130788,0.316978,-0.00335159,1.5
408.65,0.514521,0.492636,0.130788,0.316978,-0.00335159,1.5
408.7,0.514521,0.491531,0.130788,0.316978,-0.00335159,1.5
408.75,0.514521,0.490428,0.130788,0.316978,-0.00335159,1.5
408.8,0.514521,0.489327,0.130788,0.316978,-0.00335159,1.5
408.85,0.514521,0.488228,0.130788,0.316978,-0.00335159,1.5
408.9,0.514521,0.48713,0.130788,0.316978,-0.00335159,1.5
408.95,0.514521,0.486035,0.130788,0.316978,-0.00335159,1.5
409,0.514521,0.484941,0.130788,0.316978,-0.00335159,1.5
409.05,0.514521,0.483849,0.130788,0.316978,-0.00335159,1.5
409.1,0.514521,0.482759,0.130788,0.316978,-0.00335159,1.5
409.15,0.514521,0.481671,0.130788,0.316978,-0.00335159,1.5
409.2,0.514521,0.480584,0.130788,0.316978,-0.00335159,1.5
409.25,0.514521,0.4795,0.130788,0.316978,-0.00335159,1.5
409.3,0.514521,0.478417,0.130788,0.316978,-0.00335159,1.5
409.35,0.514521,0.477336,0.130788,0.316978,-0.00335159,1.5
409.4,0.514521,0.476257,0.130788,0.316978,-0.00335159,1.5
409.45,0.514521,0.47518,0.130788,0.316978,-0.00335159,1.5
409.5,0.514521,0.474104,0.130788,0.316978,-0.00335159,1.5
409.55,0.514521,0.473031,0.130788,0.316978,-0.00335159,1.5
409.6,0.514521,0.471959,0.130788,0.316978,-0.00335159,1.5
409.65,0.514521,0.470889,0.130788,0.316978,-0.00335159,1.5
409.7,0.514521,0.469821,0.130788,0.316978,-0.00335159,1.5
409.75,0.514521,0.468755,0.130788,0.316978,-0.00335159,1.5
409.8,0.514521,0.46769,0.130788,0.316978,-0.00335159,1.5
409.85,0.514521,0.466628,0.130788,0.316978,-0.00335159,1.5
409.9,0.514521,0.465567,0.130788,0.316978,-0.00335159,1.5
409.95,0.514521,0.464508,0.130788,0.316978,-0.00335159,1.5
410,0.514521,0.463451,0.130788,0.316978,-0.00335159,1.5
410.05,0.514521,0.462395,0.130788,0.316978,-0.00335159,1.5
410.1,0.514521,0.461342,0.130788,0.316978,-0.00335159,1.5
410.15,0.514521,0.46029,0.130788,0.316978,-0.00335159,1.5
410.2,0.514521,0.45924,0.130788,0.316978,-0.00335159,1.5
410.25,0.514521,0.458192,0.130788,0.316978,-0.00335159,1.5
410.3,0.514521,0.457145,0.130788,0.316978,-0.00335159,1.5
410.35,0.514521,0.456101,0.130788,0.316978,-0.00335159,1.5
410.4,0.514521,0.455058,0.130788,0.316978,-0.00335159,1.5
410.45,0.514521,0.454017,0.130788,0.316978,-0.00335159,1.5
410.5,0.514521,0.452977,0.130788,0.316978,-0.00335159,1.5
410.55,0.514521,0.451939,0.130788,0.316978,-0.00335159,1.5
410.6,0.514521,0.450904,0.130788,0.316978,-0.00335159,1.5
410.65,0.514521,0.449869,0.130788,0.316978,-0.00335159,1.5
410.7,0.514521,0.448837,0.130788,0.316978,-0.00335159,1.5
410.75,0.514521,0.447806,0.130788,0.316978,-0.00335159,1.5
410.8,0.514521,0.446777,0.130788,0.316978,-0.00335159,1.5
410.85,0.514521,0.445751,0.130788,0.316978,-0.00335159,1.5
410.9,0.514521,0.444725,0.130788,0.316978,-0.00335159,1.5
410.95,0.514521,0.443702,0.130788,0.316978,-0.00335159,1.5
411,0.514521,0.44268,0.130788,0.316978,-0.00335159,1.5
411.05,0.514521,0.44166,0.130788,0.316978,-0.00335159,1.5
411.1,0.514521,0.440642,0.130788,0.316978,-0.00335159,1.5
411.15,0.514521,0.439626,0.130788,0.316978,-0.00335159,1.5
411.2,0.514521,0.438611,0.130788,0.316978,-0.00335159,1.5
411.25,0.514521,0.437598,0.130788,0.316978,-0.00335159,1.5
411.3,0.514521,0.436587,0.130788,0.316978,-0.00335159,1.5
411.35,0.514521,0.435577,0.130788,0.316978,-0.00335159,1.5
411.4,0.514521,0.43457,0.130788,0.316978,-0.00335159,1.5
411.45,0.514521,0.433564,0.130788,0.316978,-0.00335159,1.5
411.5,0.514521,0.43256,0.130788,0.316978,-0.00335159,1.5
411.55,0.514521,0.431558,0.130788,0.316978,-0.00335159,1.5
411.6,0.514521,0.430557,0.130788,0.316978,-0.00335159,1.5
411.65,0.514521,0.429558,0.130788,0.316978,-0.00335159,1.5
411.7,0.514521,0.428561,0.130788,0.316978,-0.00335159,1.5
411.75,0.514521,0.427566,0.130788,0.316978,-0.00335159,1.5
411.8,0.514521,0.426572,0.130788,0.316978,-0.00335159,1.5
411.85,0.514521,0.42558,0.130788,0.316978,-0.00335159,1.5
411.9,0.514521,0.42459,0.130788,0.316978,-0.00335159,1.5
411.95,0.514521,0.423602,0.130788,0.316978,-0.00335159,1.5
412,0.514521,0.422616,0.130788,0.316978,-0.00335159,1.5
412.05,0.514521,0.421631,0.130788,0.316978,-0.00335159,1.5
412.1,0.514521,0.420648,0.130788,0.316978,-0.00335159,1.5
412.15,0.514521,0.419666,0.130788,0.316978,-0.00335159,1.5
412.2,0.514521,0.418687,0.130788,0.316978,-0.00335159,1.5
412.25,0.514521,0.417709,0.130788,0.316978,-0.00335159,1.5
412.3,0.514521,0.416733,0.130788,0.316978,-0.00335159,1.5
412.35,0.514521,0.415758,0.130788,0.316978,-0.00335159,1.5
412.4,0.514521,0.414786,0.130788,0.316978,-0.00335159,1.5
412.45,0.514521,0.413815,0.130788,0.316978,-0.00335159,1.5
412.5,0.514521,0.412845,0.130788,0.316978,-0.00335159,1.5
412.55,0.514521,0.411878,0.130788,0.316978,-0.00335159,1.5
412.6,0.514521,0.410912,0.130788,0.316978,-0.00335159,1.5
412.65,0.514521,0.409948,0.130788,0.316978,-0.00335159,1.5
412.7,0.514521,0.408986,0.130788,0.316978,-0.00335159,1.5
412.75,0.514521,0.408025,0.130788,0.316978,-0.00335159,1.5
412.8,0.514521,0.407066,0.130788,0.316978,-0.00335159,1.5
412.85,0.514521,0.406109,0.130788,0.316978,-0.00335159,1.5
412.9,0.514521,0.405153,0.130788,0.316978,-0.00335159,1.5
412.95,0.514521,0.4042,0.130788,0.316978,-0.00335159,1.5
413,0.514521,0.403248,0.130788,0.316978,-0.00335159,1.5
413.05,0.514521,0.402297,0.130788,0.316978,-0.00335159,1.5
413.1,0.514521,0.401349,0.130788,0.316978,-0.00335159,1.5
413.15,0.514521,0.400402,0.130788,0.316978,-0.00335159,1.5
413.2,0.514521,0.399457,0.130788,0.316978,-0.00335159,1.5
413.25,0.514521,0.398513,0.130788,0.316978,-0.00335159,1.5
413.3,0.514521,0.397571,0.130788,0.316978,-0.00335159,1.5
413.35,0.514521,0.396631,0.130788,0.316978,-0.00335159,1.5
413.4,0.514521,0.395693,0.130788,0.316978,-0.00335159,1.5
413.45,0.514521,0.394756,0.130788,0.316978,-0.00335159,1.5
413.5,0.514521,0.393821,0.130788,0.316978,-0.00335159,1.5
413.55,0.514521,0.392888,0.130788,0.316978,-0.00335159,1.5
413.6,0.514521,0.391956,0.130788,0.316978,-0.00335159,1.5
413.65,0.514521,0.391026,0.130788,0.316978,-0.00335159,1.5
413.7,0.514521,0.390097,0.130788,0.316978,-0.00335159,1.5
413.75,0.514521,0.389171,0.130788,0.316978,-0.00335159,1.5
413.8,0.514521,0.388246,0.130788,0.316978,-0.00335159,1.5
413.85,0.514521,0.387323,0.130788,0.316978,-0.00335159,1.5
413.9,0.514521,0.386401,0.130788,0.316978,-0.00335159,1.5
413.95,0.514521,0.385481,0.130788,0.316978,-0.00335159,1.5
414,0.514521,0.384563,0.130788,0.316978,-0.00335159,1.5
414.05,0.514521,0.383647,0.130788,0.316978,-0.00335159,1.5
414.1,0.514521,0.382732,0.130788,0.316978,-0.00335159,1.5
414.15,0.514521,0.381819,0.130788,0.316978,-0.00335159,1.5
414.2,0.514521,0.380907,0.130788,0.316978,-0.00335159,1.5
414.25,0.514521,0.379997,0.130788,0.316978,-0.00335159,1.5
414.3,0.514521,0.379089,0.130788,0.316978,-0.00335159,1.5
414.35,0.514521,0.378182,0.130788,0.316978,-0.00335159,1.5
414.4,0.514521,0.377277,0.130788,0.316978,-0.00335159,1.5
414.45,0.514521,0.376374,0.130788,0.316978,-0.00335159,1.5
414.5,0.514521,0.375473,0.130788,0.316978,-0.00335159,1.5
414.55,0.514521,0.374573,0.130788,0.316978,-0.00335159,1.5
414.6,0.514521,0.373675,0.130788,0.316978,-0.00335159,1.5
414.65,0.514521,0.372778,0.130788,0.316978,-0.00335159,1.5
414.7,0.514521,0.371883,0.130788,0.316978,-0.00335159,1.5
414.75,0.514521,0.37099,0.130788,0.316978,-0.00335159,1.5
414.8,0.514521,0.370098,0.130788,0.316978,-0.00335159,1.5
414.85,0.514521,0.369208,0.130788,0.316978,-0.00335159,1.5
414.9,0.514521,0.368319,0.130788,0.316978,-0.00335159,1.5
414.95,0.514521,0.367433,0.130788,0.316978,-0.00335159,1.5
415,0.514521,0.366548,0.130788,0.316978,-0.00335159,1.5
415.05,0.514521,0.365664,0.130788,0.316978,-0.00335159,1.5
415.1,0.514521,0.364782,0.130788,0.316978,-0.00335159,1.5
415.15,0.514521,0.363902,0.130788,0.316978,-0.00335159,1.5
415.2,0.514521,0.363024,0.130788,0.316978,-0.00335159,1.5
415.25,0.514521,0.362147,0.130788,0.316978,-0.00335159,1.5
415.3,0.514521,0.361271,0.130788,0.316978,-0.00335159,1.5
415.35,0.514521,0.360398,0.130788,0.316978,-0.00335159,1.5
415.4,0.514521,0.359525,0.130788,0.316978,-0.00335159,1.5
415.45,0.514521,0.358655,0.130788,0.316978,-0.00335159,1.5
415.5,0.514521,0.357786,0.130788,0.316978,-0.00335159,1.5
415.55,0.514521,0.356919,0.130788,0.316978,-0.00335159,1.5
415.6,0.514521,0.356053,0.130788,0.316978,-0.00335159,1.5
415.65,0.514521,0.355189,0.130788,0.316978,-0.00335159,1.5
415.7,0.514521,0.354327,0.130788,0.316978,-0.00335159,1.5
415.75,0.514521,0.353466,0.130788,0.316978,-0.00335159,1.5
415.8,0.514521,0.352607,0.130788,0.316978,-0.00335159,1.5
415.85,0.514521,0.35175,0.130788,0.316978,-0.00335159,1.5
415.9,0.514521,0.350894,0.130788,0.316978,-0.00335159,1.5
415.95,0.514521,0.350039,0.130788,0.316978,-0.00335159,1.5
416,0.514521,0.349187,0.130788,0.316978,-0.00335159,1.5
416.05,0.514521,0.348335,0.130788,0.316978,-0.00335159,1.5
416.1,0.514521,0.347486,0.130788,0.316978,-0.00335159,1.5
416.15,0.514521,0.346638,0.130788,0.316978,-0.00335159,1.5
416.2,0.514521,0.345792,0.130788,0.316978,-0.00335159,1.5
416.25,0.514521,0.344947,0.130788,0.316978,-0.00335159,1.5
416.3,0.514521,0.344104,0.130788,0.316978,-0.00335159,1.5
416.35,0.514521,0.343262,0.130788,0.316978,-0.00335159,1.5
416.4,0.514521,0.342422,0.130788,0.316978,-0.00335159,1.5
416.45,0.514521,0.341584,0.130788,0.316978,-0.00335159,1.5
416.5,0.514521,0.340747,0.130788,0.316978,-0.00335159,1.5
416.55,0.514521,0.339912,0.130788,0.316978,-0.00335159,1.5
416.6,0.514521,0.339078,0.130788,0.316978,-0.00335159,1.5
416.65,0.514521,0.338246,0.130788,0.316978,-0.00335159,1.5
416.7,0.514521,0.337416,0.130788,0.316978,-0.00335159,1.5
416.75,0.514521,0.336587,0.130788,0.316978,-0.00335159,1.5
416.8,0.514521,0.335759,0.130788,0.316978,-0.00335159,1.5
416.85,0.514521,0.334934,0.130788,0.316978,-0.00335159,1.5
416.9,0.514521,0.334109,0.130788,0.316978,-0.00335159,1.5
416.95,0.514521,0.333287,0.130788,0.316978,-0.00335159,1.5
417,0.514521,0.332466,0.130788,0.316978,-0.00335159,1.5
417.05,0.514521,0.331646,0.130788,0.316978,-0.00335159,1.5
417.1,0.514521,0.330828,0.130788,0.316978,-0.00335159,1.5
417.15,0.514521,0.330012,0.130788,0.316978,-0.00335159,1.5
417.2,0.514521,0.329197,0.130788,0.316978,-0.00335159,1.5
417.25,0.514521,0.328384,0.130788,0.316978,-0.00335159,1.5
417.3,0.514521,0.327572,0.130788,0.316978,-0.00335159,1.5
417.35,0.514521,0.326761,0.130788,0.316978,-0.00335159,1.5
417.4,0.514521,0.325953,0.130788,0.316978,-0.00335159,1.5
417.45,0.514521,0.325146,0.130788,0.316978,-0.00335159,1.5
417.5,0.514521,0.32434,0.130788,0.316978,-0.00335159,1.5
417.55,0.514521,0.323536,0.130788,0.316978,-0.00335159,1.5
417.6,0.514521,0.322734,0.130788,0.316978,-0.00335159,1.5
417.65,0.514521,0.321933,0.130788,0.316978,-0.00335159,1.5
417.7,0.514521,0.321133,0.130788,0.316978,-0.00335159,1.5
417.75,0.514521,0.320336,0.130788,0.316978,-0.00335159,1.5
417.8,0.514521,0.319539,0.130788,0.316978,-0.00335159,1.5
417.85,0.514521,0.318744,0.130788,0.316978,-0.00335159,1.5
417.9,0.514521,0.317951,0.130788,0.316978,-0.00335159,1.5
417.95,0.514521,0.317159,0.130788,0.316978,-0.00335159,1.5
418,0.514521,0.316369,0.130788,0.316978,-0.00335159,1.5
418.05,0.514521,0.31558,0.130788,0.316978,-0.00335159,1.5
418.1,0.514521,0.314793,0.130788,0.316978,-0.00335159,1.5
418.15,0.514521,0.314007,0.130788,0.316978,-0.00335159,1.5
418.2,0.514521,0.313223,0.130788,0.316978,-0.00335159,1.5
418.25,0.514521,0.31244,0.130788,0.316978,-0.00335159,1.5
418.3,0.514521,0.311659,0.130788,0.316978,-0.00335159,1.5
418.35,0.514521,0.31088,0.130788,0.316978,-0.00335159,1.5
418.4,0.514521,0.310101,0.130788,0.316978,-0.00335159,1.5
418.45,0.514521,0.309325,0.130788,0.316978,-0.00335159,1.5
418.5,0.514521,0.308549,0.130788,0.316978,-0.00335159,1.5
418.55,0.514521,0.307776,0.130788,0.316978,-0.00335159,1.5
418.6,0.514521,0.307003,0.130788,0.316978,-0.00335159,1.5
418.65,0.514521,0.306233,0.130788,0.316978,-0.00335159,1.5
418.7,0.514521,0.305463,0.130788,0.316978,-0.00335159,1.5
418.75,0.514521,0.304696,0.130788,0.316978,-0.00335159,1.5
418.8,0.514521,0.303929,0.130788,0.316978,-0.00335159,1.5
418.85,0.514521,0.303165,0.130788,0.316978,-0.00335159,1.5
418.9,0.514521,0.302401,0.130788,0.316978,-0.00335159,1.5
418.95,0.514521,0.30164,0.130788,0.316978,-0.00335159,1.5
419,0.514521,0.300879,0.130788,0.316978,-0.00335159,1.5
419.05,0.514521,0.300121,0.130788,0.316978,-0.00335159,1.5
419.1,0.514521,0.299363,0.130788,0.316978,-0.00335159,1.5
419.15,0.514521,0.298607,0.130788,0.316978,-0.00335159,1.5
419.2,0.514521,0.297853,0.130788,0.316978,-0.00335159,1.5
419.25,0.514521,0.2971,0.130788,0.316978,-0.00335159,1.5
419.3,0.514521,0.296348,0.130788,0.316978,-0.00335159,1.5
419.35,0.514521,0.295598,0.130788,0.316978,-0.00335159,1.5
419.4,0.514521,0.29485,0.130788,0.316978,-0.00335159,1.5
419.45,0.514521,0.294103,0.130788,0.316978,-0.00335159,1.5
419.5,0.514521,0.293357,0.130788,0.316978,-0.00335159,1.5
419.55,0.514521,0.292613,0.130788,0.316978,-0.00335159,1.5
419.6,0.514521,0.29187,0.130788,0.316978,-0.00335159,1.5
419.65,0.514521,0.291129,0.130788,0.316978,-0.00335159,1.5
419.7,0.514521,0.290389,0.130788,0.316978,-0.00335159,1.5
419.75,0.514521,0.289651,0.130788,0.316978,-0.00335159,1.5
419.8,0.514521,0.288914,0.130788,0.316978,-0.00335159,1.5
419.85,0.514521,0.288179,0.130788,0.316978,-0.00335159,1.5
419.9,0.514521,0.287445,0.130788,0.316978,-0.00335159,1.5
419.95,0.514521,0.286712,0.130788,0.316978,-0.00335159,1.5
420,0.514521,0.285981,0.130788,0.316978,-0.00335159,1.5
420.05,0.514521,0.285251,0.130788,0.316978,-0.00335159,1.5
420.1,0.514521,0.284523,0.130788,0.316978,-0.00335159,1.5
420.15,0.514521,0.283796,0.130788,0.316978,-0.00335159,1.5
420.2,0.514521,0.283071,0.130788,0.316978,-0.00335159,1.5
420.25,0.514521,0.282347,0.130788,0.316978,-0.00335159,1.5
420.3,0.514521,0.281624,0.130788,0.316978,-0.00335159,1.5
420.35,0.514521,0.280903,0.130788,0.316978,-0.00335159,1.5
420.4,0.514521,0.280183,0.130788,0.316978,-0.00335159,1.5
420.45,0.514521,0.279465,0.130788,0.316978,-0.00335159,1.5
420.5,0.514521,0.278748,0.130788,0.316978,-0.00335159,1.5
420.55,0.514521,0.278032,0.130788,0.316978,-0.00335159,1.5
420.6,0.514521,0.277318,0.130788,0.316978,-0.00335159,1.5
420.65,0.514521,0.276606,0.130788,0.316978,-0.00335159,1.5
420.7,0.514521,0.275894,0.130788,0.316978,-0.00335159,1.5
420.75,0.514521,0.275184,0.130788,0.316978,-0.00335159,1.5
420.8,0.514521,0.274476,0.130788,0.316978,-0.00335159,1.5
420.85,0.514521,0.273769,0.130788,0.316978,-0.00335159,1.5
420.9,0.514521,0.273063,0.130788,0.316978,-0.00335159,1.5
420.95,0.514521,0.272359,0.130788,0.316978,-0.00335159,1.5
421,0.514521,0.271656,0.130788,0.316978,-0.00335159,1.5
421.05,0.514521,0.270955,0.130788,0.316978,-0.00335159,1.5
421.1,0.514521,0.270255,0.130788,0.316978,-0.00335159,1.5
421.15,0.514521,0.269556,0.130788,0.316978,-0.00335159,1.5
421.2,0.514521,0.268859,0.130788,0.316978,-0.00335159,1.5
421.25,0.514521,0.268163,0.130788,0.316978,-0.00335159,1.5
421.3,0.514521,0.267468,0.130788,0.316978,-0.00335159,1.5
421.35,0.514521,0.266775,0.130788,0.316978,-0.00335159,1.5
421.4,0.514521,0.266083,0.130788,0.316978,-0.00335159,1.5
421.45,0.514521,0.265393,0.130788,0.316978,-0.00335159,1.5
421.5,0.514521,0.264704,0.130788,0.316978,-0.00335159,1.5
421.55,0.514521,0.264016,0.130788,0.316978,-0.00335159,1.5
421.6,0.514521,0.26333,0.130788,0.316978,-0.00335159,1.5
421.65,0.514521,0.262645,0.130788,0.316978,-0.00335159,1.5
421.7,0.514521,0.261961,0.130788,0.316978,-0.00335159,1.5
421.75,0.514521,0.261279,0.130788,0.316978,-0.00335159,1.5
421.8,0.514521,0.260598,0.130788,0.316978,-0.00335159,1.5
421.85,0.514521,0.259919,0.130788,0.316978,-0.00335159,1.5
421.9,0.514521,0.25924,0.130788,0.316978,-0.00335159,1.5
421.95,0.514521,0.258564,0.130788,0.316978,-0.00335159,1.5
422,0.514521,0.257888,0.130788,0.316978,-0.00335159,1.5
422.05,0.514521,0.257214,0.130788,0.316978,-0.00335159,1.5
422.1,0.514521,0.256541,0.130788,0.316978,-0.00335159,1.5
422.15,0.514521,0.255869,0.130788,0.316978,-0.00335159,1.5
422.2,0.514521,0.255199,0.130788,0.316978,-0.00335159,1.5
422.25,0.514521,0.25453,0.130788,0.316978,-0.00335159,1.5
422.3,0.514521,0.253863,0.130788,0.316978,-0.00335159,1.5
422.35,0.514521,0.253196,0.130788,0.316978,-0.00335159,1.5
422.4,0.514521,0.252531,0.130788,0.316978,-0.00335159,1.5
422.45,0.514521,0.251867,0.130788,0.316978,-0.00335159,1.5
422.5,0.514521,0.251205,0.130788,0.316978,-0.00335159,1.5
422.55,0.514521,0.250544,0.130788,0.316978,-0.00335159,1.5
422.6,0.514521,0.249884,0.130788,0.316978,-0.00335159,1.5
422.65,0.514521,0.249225,0.130788,0.316978,-0.00335159,1.5
422.7,0.514521,0.248568,0.130788,0.316978,-0.00335159,1.5
422.75,0.514521,0.247912,0.130788,0.316978,-0.00335159,1.5
422.8,0.514521,0.247257,0.130788,0.316978,-0.00335159,1.5
422.85,0.514521,0.246603,0.130788,0.316978,-0.00335159,1.5
422.9,0.514521,0.245951,0.130788,0.316978,-0.00335159,1.5
422.95,0.514521,0.2453,0.130788,0.316978,-0.00335159,1.5
423,0.514521,0.24465,0.130788,0.316978,-0.00335159,1.5
423.05,0.514521,0.244001,0.130788,0.316978,-0.00335159,1.5
423.1,0.514521,0.243354,0.130788,0.316978,-0.00335159,1.5
423.15,0.514521,0.242707,0.130788,0.316978,-0.00335159,1.5
423.2,0.514521,0.242062,0.130788,0.316978,-0.00335159,1.5
423.25,0.514521,0.241418,0.130788,0.316978,-0.00335159,1.5
423.3,0.514521,0.240776,0.130788,0.316978,-0.00335159,1.5
423.35,0.514521,0.240135,0.130788,0.316978,-0.00335159,1.5
423.4,0.514521,0.239494,0.130788,0.316978,-0.00335159,1.5
423.45,0.514521,0.238855,0.130788,0.316978,-0.00335159,1.5
423.5,0.514521,0.238218,0.130788,0.316978,-0.00335159,1.5
423.55,0.514521,0.237581,0.130788,0.316978,-0.00335159,1.5
423.6,0.514521,0.236946,0.130788,0.316978,-0.00335159,1.5
423.65,0.514521,0.236312,0.130788,0.316978,-0.00335159,1.5
423.7,0.514521,0.235679,0.130788,0.316978,-0.00335159,1.5
423.75,0.514521,0.235047,0.130788,0.316978,-0.00335159,1.5
423.8,0.514521,0.234416,0.130788,0.316978,-0.00335159,1.5
423.85,0.514521,0.233787,0.130788,0.316978,-0.00335159,1.5
423.9,0.514521,0.233159,0.130788,0.316978,-0.00335159,1.5
423.95,0.514521,0.232532,0.130788,0.316978,-0.00335159,1.5
424,0.514521,0.231906,0.130788,0.316978,-0.00335159,1.5
424.05,0.514521,0.231281,0.130788,0.316978,-0.00335159,1.5
424.1,0.514521,0.230658,0.130788,0.316978,-0.00335159,1.5
424.15,0.514521,0.230035,0.130788,0.316978,-0.00335159,1.5
424.2,0.514521,0.229414,0.130788,0.316978,-0.00335159,1.5
424.25,0.514521,0.228794,0.130788,0.316978,-0.00335159,1.5
424.3,0.514521,0.228176,0.130788,0.316978,-0.00335159,1.5
424.35,0.514521,0.227558,0.130788,0.316978,-0.00335159,1.5
424.4,0.514521,0.226942,0.130788,0.316978,-0.00335159,1.5
424.45,0.514521,0.226326,0.130788,0.316978,-0.00335159,1.5
424.5,0.514521,0.225712,0.130788,0.316978,-0.00335159,1.5
424.55,0.514521,0.225099,0.130788,0.316978,-0.00335159,1.5
424.6,0.514521,0.224488,0.130788,0.316978,-0.00335159,1.5
424.65,0.514521,0.223877,0.130788,0.316978,-0.00335159,1.5
424.7,0.514521,0.223268,0.130788,0.316978,-0.00335159,1.5
424.75,0.514521,0.222659,0.130788,0.316978,-0.00335159,1.5
424.8,0.514521,0.222052,0.130788,0.316978,-0.00335159,1.5
424.85,0.514521,0.221446,0.130788,0.316978,-0.00335159,1.5
424.9,0.514521,0.220841,0.130788,0.316978,-0.00335159,1.5
424.95,0.514521,0.220237,0.130788,0.316978,-0.00335159,1.5
425,0.514521,0.219635,0.130788,0.316978,-0.00335159,1.5
425.05,0.514521,0.219033,0.130788,0.316978,-0.00335159,1.5
425.1,0.514521,0.218433,0.130788,0.316978,-0.00335159,1.5
425.15,0.514521,0.217833,0.130788,0.316978,-0.00335159,1.5
425.2,0.514521,0.217235,0.130788,0.316978,-0.00335159,1.5
425.25,0.514521,0.216638,0.130788,0.316978,-0.00335159,1.5
425.3,0.514521,0.216042,0.130788,0.316978,-0.00335159,1.5
425.35,0.514521,0.215447,0.130788,0.316978,-0.00335159,1.5
425.4,0.514521,0.214854,0.130788,0.316978,-0.00335159,1.5
425.45,0.514521,0.214261,0.130788,0.316978,-0.00335159,1.5
425.5,0.514521,0.21367,0.130788,0.316978,-0.00335159,1.5
425.55,0.514521,0.213079,0.130788,0.316978,-0.00335159,1.5
425.6,0.514521,0.21249,0.130788,0.316978,-0.00335159,1.5
425.65,0.514521,0.211902,0.130788,0.316978,-0.00335159,1.5
425.7,0.514521,0.211315,0.130788,0.316978,-0.00335159,1.5
425.75,0.514521,0.210729,0.130788,0.316978,-0.00335159,1.5
425.8,0.514521,0.210144,0.130788,0.316978,-0.00335159,1.5
425.85,0.514521,0.209561,0.130788,0.316978,-0.00335159,1.5
425.9,0.514521,0.208978,0.130788,0.316978,-0.00335159,1.5
425.95,0.514521,0.208397,0.130788,0.316978,-0.00335159,1.5
426,0.514521,0.207816,0.130788,0.316978,-0.00335159,1.5
426.05,0.514521,0.207237,0.130788,0.316978,-0.00335159,1.5
426.1,0.514521,0.206659,0.130788,0.316978,-0.00335159,1.5
426.15,0.514521,0.206081,0.130788,0.316978,-0.00335159,1.5
426.2,0.514521,0.205505,0.130788,0.316978,-0.00335159,1.5
426.25,0.514521,0.204931,0.130788,0.316978,-0.00335159,1.5
426.3,0.514521,0.204357,0.130788,0.316978,-0.00335159,1.5
426.35,0.514521,0.203784,0.130788,0.316978,-0.00335159,1.5
426.4,0.514521,0.203212,0.130788,0.316978,-0.00335159,1.5
426.45,0.514521,0.202642,0.130788,0.316978,-0.00335159,1.5
426.5,0.514521,0.202072,0.130788,0.316978,-0.00335159,1.5
426.55,0.514521,0.201504,0.130788,0.316978,-0.00335159,1.5
426.6,0.514521,0.200936,0.130788,0.316978,-0.00335159,1.5
426.65,0.514521,0.20037,0.130788,0.316978,-0.00335159,1.5
426.7,0.514521,0.199805,0.130788,0.316978,-0.00335159,1.5
426.75,0.514521,0.199241,0.130788,0.316978,-0.00335159,1.5
426.8,0.514521,0.198677,0.130788,0.316978,-0.00335159,1.5
426.85,0.514521,0.198115,0.130788,0.316978,-0.00335159,1.5
426.9,0.514521,0.197554,0.130788,0.316978,-0.00335159,1.5
426.95,0.514521,0.196994,0.130788,0.316978,-0.00335159,1.5
427,0.514521,0.196435,0.130788,0.316978,-0.00335159,1.5
427.05,0.514521,0.195877,0.130788,0.316978,-0.00335159,1.5
427.1,0.514521,0.19532,0.130788,0.316978,-0.00335159,1.5
427.15,0.514521,0.194764,0.130788,0.316978,-0.00335159,1.5
427.2,0.514521,0.194209,0.130788,0.316978,-0.00335159,1.5
427.25,0.514521,0.193655,0.130788,0.316978,-0.00335159,1.5
427.3,0.514521,0.193102,0.130788,0.316978,-0.00335159,1.5
427.35,0.514521,0.19255,0.130788,0.316978,-0.00335159,1.5
427.4,0.514521,0.191999,0.130788,0.316978,-0.00335159,1.5
427.45,0.514521,0.191449,0.130788,0.316978,-0.00335159,1.5
427.5,0.514521,0.190899,0.130788,0.316978,-0.00335159,1.5
427.55,0.514521,0.190351,0.130788,0.316978,-0.00335159,1.5
427.6,0.514521,0.189804,0.130788,0.316978,-0.00335159,1.5
427.65,0.514521,0.189257,0.130788,0.316978,-0.00335159,1.5
427.7,0.514521,0.188712,0.130788,0.316978,-0.00335159,1.5
427.75,0.514521,0.188168,0.130788,0.316978,-0.00335159,1.5
427.8,0.514521,0.187624,0.130788,0.316978,-0.00335159,1.5
427.85,0.514521,0.187081,0.130788,0.316978,-0.00335159,1.5
427.9,0.514521,0.18654,0.130788,0.316978,-0.00335159,1.5
427.95,0.514521,0.185999,0.130788,0.316978,-0.00335159,1.5
428,0.514521,0.185459,0.130788,0.316978,-0.00335159,1.5
428.05,0.514521,0.184921,0.130788,0.316978,-0.00335159,1.5
428.1,0.514521,0.184383,0.130788,0.316978,-0.00335159,1.5
428.15,0.514521,0.183846,0.130788,0.316978,-0.00335159,1.5
428.2,0.514521,0.18331,0.130788,0.316978,-0.00335159,1.5
428.25,0.514521,0.182775,0.130788,0.316978,-0.00335159,1.5
428.3,0.514521,0.182241,0.130788,0.316978,-0.00335159,1.5
428.35,0.514521,0.181708,0.130788,0.316978,-0.00335159,1.5
428.4,0.514521,0.181176,0.130788,0.316978,-0.00335159,1.5
428.45,0.514521,0.180645,0.130788,0.316978,-0.00335159,1.5
428.5,0.514521,0.180115,0.130788,0.316978,-0.00335159,1.5
428.55,0.514521,0.179586,0.130788,0.316978,-0.00335159,1.5
428.6,0.514521,0.179058,0.130788,0.316978,-0.00335159,1.5
428.65,0.514521,0.17853,0.130788,0.316978,-0.00335159,1.5
428.7,0.514521,0.178004,0.130788,0.316978,-0.00335159,1.5
428.75,0.514521,0.177479,0.130788,0.316978,-0.00335159,1.5
428.8,0.514521,0.176955,0.130788,0.316978,-0.00335159,1.5
428.85,0.514521,0.176432,0.130788,0.316978,-0.00335159,1.5
428.9,0.514521,0.175909,0.130788,0.316978,-0.00335159,1.5
428.95,0.514521,0.175388,0.130788,0.316978,-0.00335159,1.5
429,0.514521,0.174868,0.130788,0.316978,-0.00335159,1.5
429.05,0.514521,0.174349,0.130788,0.316978,-0.00335159,1.5
429.1,0.514521,0.173831,0.130788,0.316978,-0.00335159,1.5
429.15,0.514521,0.173314,0.130788,0.316978,-0.00335159,1.5
429.2,0.514521,0.172798,0.130788,0.316978,-0.00335159,1.5
429.25,0.514521,0.172283,0.130788,0.316978,-0.00335159,1.5
429.3,0.514521,0.171769,0.130788,0.316978,-0.00335159,1.5
429.35,0.514521,0.171256,0.130788,0.316978,-0.00335159,1.5
429.4,0.514521,0.170744,0.130788,0.316978,-0.00335159,1.5
429.45,0.514521,0.170233,0.130788,0.316978,-0.00335159,1.5
429.5,0.514521,0.169723,0.130788,0.316978,-0.00335159,1.5
429.55,0.514521,0.169215,0.130788,0.316978,-0.00335159,1.5
429.6,0.514521,0.168707,0.130788,0.316978,-0.00335159,1.5
429.65,0.514521,0.1682,0.130788,0.316978,-0.00335159,1.5
429.7,0.514521,0.167695,0.130788,0.316978,-0.00335159,1.5
429.75,0.514521,0.16719,0.130788,0.316978,-0.00335159,1.5
429.8,0.514521,0.166687,0.130788,0.316978,-0.00335159,1.5
429.85,0.514521,0.166184,0.130788,0.316978,-0.00335159,1.5
429.9,0.514521,0.165683,0.130788,0.316978,-0.00335159,1.5
429.95,0.514521,0.165182,0.130788,0.316978,-0.00335159,1.5
430,0.514521,0.164683,0.130788,0.316978,-0.00335159,1.5
430.05,0.514521,0.164184,0.130788,0.316978,-0.00335159,1.5
430.1,0.514521,0.163687,0.130788,0.316978,-0.00335159,1.5
430.15,0.514521,0.16319,0.130788,0.316978,-0.00335159,1.5
430.2,0.514521,0.162695,0.130788,0.316978,-0.00335159,1.5
430.25,0.514521,0.1622,0.130788,0.316978,-0.00335159,1.5
430.3,0.514521,0.161707,0.130788,0.316978,-0.00335159,1.5
430.35,0.514521,0.161215,0.130788,0.316978,-0.00335159,1.5
430.4,0.514521,0.160723,0.130788,0.316978,-0.00335159,1.5
430.45,0.514521,0.160232,0.130788,0.316978,-0.00335159,1.5
430.5,0.514521,0.159743,0.130788,0.316978,-0.00335159,1.5
430.55,0.514521,0.159254,0.130788,0.316978,-0.00335159,1.5
430.6,0.514521,0.158767,0.130788,0.316978,-0.00335159,1.5
430.65,0.514521,0.15828,0.130788,0.316978,-0.00335159,1.5
430.7,0.514521,0.157794,0.130788,0.316978,-0.00335159,1.5
430.75,0.514521,0.157309,0.130788,0.316978,-0.00335159,1.5
430.8,0.514521,0.156825,0.130788,0.316978,-0.00335159,1.5
430.85,0.514521,0.156342,0.130788,0.316978,-0.00335159,1.5
430.9,0.514521,0.155861,0.130788,0.316978,-0.00335159,1.5
430.95,0.514521,0.15538,0.130788,0.316978,-0.00335159,1.5
431,0.514521,0.1549,0.130788,0.316978,-0.00335159,1.5
431.05,0.514521,0.154421,0.130788,0.316978,-0.00335159,1.5
431.1,0.514521,0.153942,0.130788,0.316978,-0.00335159,1.5
431.15,0.514521,0.153465,0.130788,0.316978,-0.00335159,1.5
431.2,0.514521,0.152989,0.130788,0.316978,-0.00335159,1.5
431.25,0.514521,0.152513,0.130788,0.316978,-0.00335159,1.5
431.3,0.514521,0.152039,0.130788,0.316978,-0.00335159,1.5
431.35,0.514521,0.151565,0.130788,0.316978,-0.00335159,1.5
431.4,0.514521,0.151093,0.130788,0.316978,-0.00335159,1.5
431.45,0.514521,0.150621,0.130788,0.316978,-0.00335159,1.5
431.5,0.514521,0.15015,0.130788,0.316978,-0.00335159,1.5
431.55,0.514521,0.149681,0.130788,0.316978,-0.00335159,1.5
431.6,0.514521,0.149212,0.130788,0.316978,-0.00335159,1.5
431.65,0.514521,0.148744,0.130788,0.316978,-0.00335159,1.5
431.7,0.514521,0.148277,0.130788,0.316978,-0.00335159,1.5
431.75,0.514521,0.147811,0.130788,0.316978,-0.00335159,1.5
431.8,0.514521,0.147346,0.130788,0.316978,-0.00335159,1.5
431.85,0.514521,0.146882,0.130788,0.316978,-0.00335159,1.5
431.9,0.514521,0.146419,0.130788,0.316978,-0.00335159,1.5
431.95,0.514521,0.145956,0.130788,0.316978,-0.00335159,1.5
432,0.514521,0.145495,0.130788,0.316978,-0.00335159,1.5
432.05,0.514521,0.145035,0.130788,0.316978,-0.00335159,1.5
432.1,0.514521,0.144575,0.130788,0.316978,-0.00335159,1.5
432.15,0.514521,0.144117,0.130788,0.316978,-0.00335159,1.5
432.2,0.514521,0.14366,0.130788,0.316978,-0.00335159,1.5
432.25,0.514521,0.143203,0.130788,0.316978,-0.00335159,1.5
432.3,0.514521,0.142747,0.130788,0.316978,-0.00335159,1.5
432.35,0.514521,0.142293,0.130788,0.316978,-0.00335159,1.5
432.4,0.514521,0.141839,0.130788,0.316978,-0.00335159,1.5
432.45,0.514521,0.141386,0.130788,0.316978,-0.00335159,1.5
432.5,0.514521,0.140934,0.130788,0.316978,-0.00335159,1.5
432.55,0.514521,0.140483,0.130788,0.316978,-0.00335159,1.5
432.6,0.514521,0.140033,0.130788,0.316978,-0.00335159,1.5
432.65,0.514521,0.139583,0.130788,0.316978,-0.00335159,1.5
432.7,0.514521,0.139135,0.130788,0.316978,-0.00335159,1.5
432.75,0.514521,0.138687,0.130788,0.316978,-0.00335159,1.5
432.8,0.514521,0.138241,0.130788,0.316978,-0.00335159,1.5
432.85,0.514521,0.137795,0.130788,0.316978,-0.00335159,1.5
432.9,0.514521,0.13735,0.130788,0.316978,-0.00335159,1.5
432.95,0.514521,0.136906,0.130788,0.316978,-0.00335159,1.5
433,0.514521,0.136463,0.130788,0.316978,-0.00335159,1.5
433.05,0.514521,0.13602,0.130788,0.316978,-0.00335159,1.5
433.1,0.514521,0.135579,0.130788,0.316978,-0.00335159,1.5
433.15,0.514521,0.135138,0.130788,0.316978,-0.00335159,1.5
433.2,0.514521,0.134698,0.130788,0.316978,-0.00335159,1.5
433.25,0.514521,0.134259,0.130788,0.316978,-0.00335159,1.5
433.3,0.514521,0.13382,0.130788,0.316978,-0.00335159,1.5
433.35,0.514521,0.133383,0.130788,0.316978,-0.00335159,1.5
433.4,0.514521,0.132946,0.130788,0.316978,-0.00335159,1.5
433.45,0.514521,0.13251,0.130788,0.316978,-0.00335159,1.5
433.5,0.514521,0.132075,0.130788,0.316978,-0.00335159,1.5
433.55,0.514521,0.131641,0.130788,0.316978,-0.00335159,1.5
433.6,0.514521,0.131207,0.130788,0.316978,-0.00335159,1.5
433.65,0.514521,0.130774,0.130788,0.316978,-0.00335159,1.5
433.7,0.514521,0.130342,0.130788,0.316978,-0.00335159,1.5
433.75,0.514521,0.12991,0.130788,0.316978,-0.00335159,1.5
433.8,0.514521,0.12948,0.130788,0.316978,-0.00335159,1.5
433.85,0.514521,0.12905,0.130788,0.316978,-0.00335159,1.5
433.9,0.514521,0.128621,0.130788,0.316978,-0.00335159,1.5
433.95,0.514521,0.128192,0.130788,0.316978,-0.00335159,1.5
434,0.514521,0.127765,0.130788,0.316978,-0.00335159,1.5
434.05,0.514521,0.127338,0.130788,0.316978,-0.00335159,1.5
434.1,0.514521,0.126911,0.130788,0.316978,-0.00335159,1.5
434.15,0.514521,0.126486,0.130788,0.316978,-0.00335159,1.5
434.2,0.514521,0.126061,0.130788,0.316978,-0.00335159,1.5
434.25,0.514521,0.125637,0.130788,0.316978,-0.00335159,1.5
434.3,0.514521,0.125214,0.130788,0.316978,-0.00335159,1.5
434.35,0.514521,0.124791,0.130788,0.316978,-0.00335159,1.5
434.4,0.514521,0.124369,0.130788,0.316978,-0.00335159,1.5
434.45,0.514521,0.123948,0.130788,0.316978,-0.00335159,1.5
434.5,0.514521,0.123528,0.130788,0.316978,-0.00335159,1.5
434.55,0.514521,0.123108,0.130788,0.316978,-0.00335159,1.5
434.6,0.514521,0.122689,0.130788,0.316978,-0.00335159,1.5
434.65,0.514521,0.122271,0.130788,0.316978,-0.00335159,1.5
434.7,0.514521,0.121853,0.130788,0.316978,-0.00335159,1.5
434.75,0.514521,0.121436,0.130788,0.316978,-0.00335159,1.5
434.8,0.514521,0.12102,0.130788,0.316978,-0.00335159,1.5
434.85,0.514521,0.120605,0.130788,0.316978,-0.00335159,1.5
434.9,0.514521,0.12019,0.130788,0.316978,-0.00335159,1.5
434.95,0.514521,0.119776,0.130788,0.316978,-0.00335159,1.5
435,0.514521,0.119363,0.130788,0.316978,-0.00335159,1.5
435.05,0.514521,0.118951,0.130788,0.316978,-0.00335159,1.5
435.1,0.514521,0.118539,0.130788,0.316978,-0.00335159,1.5
435.15,0.514521,0.118128,0.130788,0.316978,-0.00335159,1.5
435.2,0.514521,0.117718,0.130788,0.316978,-0.00335159,1.5
435.25,0.514521,0.117308,0.130788,0.316978,-0.00335159,1.5
435.3,0.514521,0.116899,0.130788,0.316978,-0.00335159,1.5
435.35,0.514521,0.116491,0.130788,0.316978,-0.00335159,1.5
435.4,0.514521,0.116084,0.130788,0.316978,-0.00335159,1.5
435.45,0.514521,0.115677,0.130788,0.316978,-0.00335159,1.5
435.5,0.514521,0.115271,0.130788,0.316978,-0.00335159,1.5
435.55,0.514521,0.114866,0.130788,0.316978,-0.00335159,1.5
435.6,0.514521,0.114461,0.130788,0.316978,-0.00335159,1.5
435.65,0.514521,0.114058,0.130788,0.316978,-0.00335159,1.5
435.7,0.514521,0.113655,0.130788,0.316978,-0.00335159,1.5
435.75,0.514521,0.113252,0.130788,0.316978,-0.00335159,1.5
435.8,0.514521,0.11285,0.130788,0.316978,-0.00335159,1.5
435.85,0.514521,0.112449,0.130788,0.316978,-0.00335159,1.5
435.9,0.514521,0.112049,0.130788,0.316978,-0.00335159,1.5
435.95,0.514521,0.11165,0.130788,0.316978,-0.00335159,1.5
436,0.514521,0.111251,0.130788,0.316978,-0.00335159,1.5
436.05,0.514521,0.110853,0.130788,0.316978,-0.00335159,1.5
436.1,0.514521,0.110455,0.130788,0.316978,-0.00335159,1.5
436.15,0.514521,0.110059,0.130788,0.316978,-0.00335159,1.5
436.2,0.514521,0.109663,0.130788,0.316978,-0.00335159,1.5
436.25,0.514521,0.109267,0.130788,0.316978,-0.00335159,1.5
436.3,0.514521,0.108873,0.130788,0.316978,-0.00335159,1.5
436.35,0.514521,0.108479,0.130788,0.316978,-0.00335159,1.5
436.4,0.514521,0.108086,0.130788,0.316978,-0.00335159,1.5
436.45,0.514521,0.107693,0.130788,0.316978,-0.00335159,1.5
436.5,0.514521,0.107301,0.130788,0.316978,-0.00335159,1.5
436.55,0.514521,0.10691,0.130788,0.316978,-0.00335159,1.5
436.6,0.514521,0.10652,0.130788,0.316978,-0.00335159,1.5
436.65,0.514521,0.10613,0.130788,0.316978,-0.00335159,1.5
436.7,0.514521,0.105741,0.130788,0.316978,-0.00335159,1.5
436.75,0.514521,0.105352,0.130788,0.316978,-0.00335159,1.5
436.8,0.514521,0.104965,0.130788,0.316978,-0.00335159,1.5
436.85,0.514521,0.104578,0.130788,0.316978,-0.00335159,1.5
436.9,0.514521,0.104192,0.130788,0.316978,-0.00335159,1.5
436.95,0.514521,0.103806,0.130788,0.316978,-0.00335159,1.5
437,0.514521,0.103421,0.130788,0.316978,-0.00335159,1.5
437.05,0.514521,0.103037,0.130788,0.316978,-0.00335159,1.5
437.1,0.514521,0.102654,0.130788,0.316978,-0.00335159,1.5
437.15,0.514521,0.102271,0.130788,0.316978,-0.00335159,1.5
437.2,0.514521,0.101889,0.130788,0.316978,-0.00335159,1.5
437.25,0.514521,0.101507,0.130788,0.316978,-0.00335159,1.5
437.3,0.514521,0.101126,0.130788,0.316978,-0.00335159,1.5
437.35,0.514521,0.100746,0.130788,0.316978,-0.00335159,1.5
437.4,0.514521,0.100367,0.130788,0.316978,-0.00335159,1.5
437.45,0.514521,0.0999882,0.130788,0.316978,-0.00335159,1.5
437.5,0.514521,0.0996101,0.130788,0.316978,-0.00335159,1.5
437.55,0.514521,0.0992327,0.130788,0.316978,-0.00335159,1.5
437.6,0.514521,0.098856,0.130788,0.316978,-0.00335159,1.5
437.65,0.514521,0.09848,0.130788,0.316978,-0.00335159,1.5
437.7,0.514521,0.0981046,0.130788,0.316978,-0.00335159,1.5
437.75,0.514521,0.09773,0.130788,0.316978,-0.00335159,1.5
437.8,0.514521,0.097356,0.130788,0.316978,-0.00335159,1.5
437.85,0.514521,0.0969827,0.130788,0.316978,-0.00335159,1.5
437.9,0.514521,0.0966101,0.130788,0.316978,-0.00335159,1.5
437.95,0.514521,0.0962381,0.130788,0.316978,-0.00335159,1.5
438,0.514521,0.0958669,0.130788,0.316978,-0.00335159,1.5
438.05,0.514521,0.0954963,0.130788,0.316978,-0.00335159,1.5
438.1,0.514521,0.0951264,0.130788,0.316978,-0.00335159,1.5
438.15,0.514521,0.0947572,0.130788,0.316978,-0.00335159,1.5
438.2,0.514521,0.0943886,0.130788,0.316978,-0.00335159,1.5
438.25,0.514521,0.0940207,0.130788,0.316978,-0.00335159,1.5
438.3,0.514521,0.0936535,0.130788,0.316978,-0.00335159,1.5
438.35,0.514521,0.093287,0.130788,0.316978,-0.00335159,1.5
438.4,0.514521,0.0929211,0.130788,0.316978,-0.00335159,1.5
438.45,0.514521,0.0925559,0.130788,0.316978,-0.00335159,1.5
438.5,0.514521,0.0921914,0.130788,0.316978,-0.00335159,1.5
438.55,0.514521,0.0918275,0.130788,0.316978,-0.00335159,1.5
438.6,0.514521,0.0914644,0.130788,0.316978,-0.00335159,1.5
438.65,0.514521,0.0911019,0.130788,0.316978,-0.00335159,1.5
438.7,0.514521,0.09074,0.130788,0.316978,-0.00335159,1.5
438.75,0.514521,0.0903789,0.130788,0.316978,-0.00335159,1.5
438.8,0.514521,0.0900183,0.130788,0.316978,-0.00335159,1.5
438.85,0.514521,0.0896585,0.130788,0.316978,-0.00335159,1.5
438.9,0.514521,0.0892993,0.130788,0.316978,-0.00335159,1.5
438.95,0.514521,0.0889408,0.130788,0.316978,-0.00335159,1.5
439,0.514521,0.088583,0.130788,0.316978,-0.00335159,1.5
439.05,0.514521,0.0882258,0.130788,0.316978,-0.00335159,1.5
439.1,0.514521,0.0878692,0.130788,0.316978,-0.00335159,1.5
439.15,0.514521,0.0875134,0.130788,0.316978,-0.00335159,1.5
439.2,0.514521,0.0871582,0.130788,0.316978,-0.00335159,1.5
439.25,0.514521,0.0868036,0.130788,0.316978,-0.00335159,1.5
439.3,0.514521,0.0864498,0.130788,0.316978,-0.00335159,1.5
439.35,0.514521,0.0860965,0.130788,0.316978,-0.00335159,1.5
439.4,0.514521,0.085744,0.130788,0.316978,-0.00335159,1.5
439.45,0.514521,0.0853921,0.130788,0.316978,-0.00335159,1.5
439.5,0.514521,0.0850408,0.130788,0.316978,-0.00335159,1.5
439.55,0.514521,0.0846903,0.130788,0.316978,-0.00335159,1.5
439.6,0.514521,0.0843404,0.130788,0.316978,-0.00335159,1.5
439.65,0.514521,0.0839911,0.130788,0.316978,-0.00335159,1.5
439.7,0.514521,0.0836425,0.130788,0.316978,-0.00335159,1.5
439.75,0.514521,0.0832946,0.130788,0.316978,-0.00335159,1.5
439.8,0.514521,0.0829473,0.130788,0.316978,-0.00335159,1.5
439.85,0.514521,0.0826006,0.130788,0.316978,-0.00335159,1.5
439.9,0.514521,0.0822546,0.130788,0.316978,-0.00335159,1.5
439.95,0.514521,0.0819093,0.130788,0.316978,-0.00335159,1.5
440,0.514521,0.0815646,0.130788,0.316978,-0.00335159,1.5
440.05,0.514521,0.0812205,0.130788,0.316978,-0.00335159,1.5
440.1,0.514521,0.0808771,0.130788,0.316978,-0.00335159,1.5
440.15,0.514521,0.0805344,0.130788,0.316978,-0.00335159,1.5
440.2,0.514521,0.0801923,0.130788,0.316978,-0.00335159,1.5
440.25,0.514521,0.0798508,0.130788,0.316978,-0.00335159,1.5
440.3,0.514521,0.07951,0.130788,0.316978,-0.00335159,1.5
440.35,0.514521,0.0791698,0.130788,0.316978,-0.00335159,1.5
440.4,0.514521,0.0788303,0.130788,0.316978,-0.00335159,1.5
440.45,0.514521,0.0784914,0.130788,0.316978,-0.00335159,1.5
440.5,0.514521,0.0781532,0.130788,0.316978,-0.00335159,1.5
440.55,0.514521,0.0778156,0.130788,0.316978,-0.00335159,1.5
440.6,0.514521,0.0774787,0.130788,0.316978,-0.00335159,1.5
440.65,0.514521,0.0771424,0.130788,0.316978,-0.00335159,1.5
440.7,0.514521,0.0768067,0.130788,0.316978,-0.00335159,1.5
440.75,0.514521,0.0764717,0.130788,0.316978,-0.00335159,1.5
440.8,0.514521,0.0761373,0.130788,0.316978,-0.00335159,1.5
440.85,0.514521,0.0758035,0.130788,0.316978,-0.00335159,1.5
440.9,0.514521,0.0754704,0.130788,0.316978,-0.00335159,1.5
440.95,0.514521,0.0751379,0.130788,0.316978,-0.00335159,1.5
441,0.514521,0.0748061,0.130788,0.316978,-0.00335159,1.5
441.05,0.514521,0.0744749,0.130788,0.316978,-0.00335159,1.5
441.1,0.514521,0.0741443,0.130788,0.316978,-0.00335159,1.5
441.15,0.514521,0.0738143,0.130788,0.316978,-0.00335159,1.5
441.2,0.514521,0.073485,0.130788,0.316978,-0.00335159,1.5
441.25,0.514521,0.0731563,0.130788,0.316978,-0.00335159,1.5
441.3,0.514521,0.0728282,0.130788,0.316978,-0.00335159,1.5
441.35,0.514521,0.0725008,0.130788,0.316978,-0.00335159,1.5
441.4,0.514521,0.072174,0.130788,0.316978,-0.00335159,1.5
441.45,0.514521,0.0718478,0.130788,0.316978,-0.00335159,1.5
441.5,0.514521,0.0715222,0.130788,0.316978,-0.00335159,1.5
441.55,0.514521,0.0711973,0.130788,0.316978,-0.00335159,1.5
441.6,0.514521,0.070873,0.130788,0.316978,-0.00335159,1.5
441.65,0.514521,0.0705494,0.130788,0.316978,-0.00335159,1.5
441.7,0.514521,0.0702263,0.130788,0.316978,-0.00335159,1.5
441.75,0.514521,0.0699039,0.130788,0.316978,-0.00335159,1.5
441.8,0.514521,0.0695821,0.130788,0.316978,-0.00335159,1.5
441.85,0.514521,0.0692609,0.130788,0.316978,-0.00335159,1.5
441.9,0.514521,0.0689404,0.130788,0.316978,-0.00335159,1.5
441.95,0.514521,0.0686204,0.130788,0.316978,-0.00335159,1.5
442,0.514521,0.0683011,0.130788,0.316978,-0.00335159,1.5
442.05,0.514521,0.0679824,0.130788,0.316978,-0.00335159,1.5
442.1,0.514521,0.0676643,0.130788,0.316978,-0.00335159,1.5
442.15,0.514521,0.0673468,0.130788,0.316978,-0.00335159,1.5
442.2,0.514521,0.0670299,0.130788,0.316978,-0.00335159,1.5
442.25,0.514521,0.0667136,0.130788,0.316978,-0.00335159,1.5
442.3,0.514521,0.066398,0.130788,0.316978,-0.00335159,1.5
442.35,0.514521,0.066083,0.130788,0.316978,-0.00335159,1.5
442.4,0.514521,0.0657685,0.130788,0.316978,-0.00335159,1.5
442.45,0.514521,0.0654547,0.130788,0.316978,-0.00335159,1.5
442.5,0.514521,0.0651415,0.130788,0.316978,-0.00335159,1.5
442.55,0.514521,0.0648289,0.130788,0.316978,-0.00335159,1.5
442.6,0.514521,0.0645169,0.130788,0.316978,-0.00335159,1.5
442.65,0.514521,0.0642055,0.130788,0.316978,-0.00335159,1.5
442.7,0.514521,0.0638947,0.130788,0.316978,-0.00335159,1.5
442.75,0.514521,0.0635845,0.130788,0.316978,-0.00335159,1.5
442.8,0.514521,0.063275,0.130788,0.316978,-0.00335159,1.5
442.85,0.514521,0.062966,0.130788,0.316978,-0.00335159,1.5
442.9,0.514521,0.0626577,0.130788,0.316978,-0.00335159,1.5
442.95,0.514521,0.0623499,0.130788,0.316978,-0.00335159,1.5
443,0.514521,0.0620428,0.130788,0.316978,-0.00335159,1.5
443.05,0.514521,0.0617363,0.130788,0.316978,-0.00335159,1.5
443.1,0.514521,0.0614303,0.130788,0.316978,-0.00335159,1.5
443.15,0.514521,0.061125,0.130788,0.316978,-0.00335159,1.5
443.2,0.514521,0.0608202,0.130788,0.316978,-0.00335159,1.5
443.25,0.514521,0.060516,0.130788,0.316978,-0.00335159,1.5
443.3,0.514521,0.0602125,0.130788,0.316978,-0.00335159,1.5
443.35,0.514521,0.0599095,0.130788,0.316978,-0.00335159,1.5
443.4,0.514521,0.0596072,0.130788,0.316978,-0.00335159,1.5
443.45,0.514521,0.0593054,0.130788,0.316978,-0.00335159,1.5
443.5,0.514521,0.0590042,0.130788,0.316978,-0.00335159,1.5
443.55,0.514521,0.0587036,0.130788,0.316978,-0.00335159,1.5
443.6,0.514521,0.0584037,0.130788,0.316978,-0.00335159,1.5
443.65,0.514521,0.0581043,0.130788,0.316978,-0.00335159,1.5
443.7,0.514521,0.0578055,0.130788,0.316978,-0.00335159,1.5
443.75,0.514521,0.0575073,0.130788,0.316978,-0.00335159,1.5
443.8,0.514521,0.0572097,0.130788,0.316978,-0.00335159,1.5
443.85,0.514521,0.0569126,0.130788,0.316978,-0.00335159,1.5
443.9,0.514521,0.0566162,0.130788,0.316978,-0.00335159,1.5
443.95,0.514521,0.0563203,0.130788,0.316978,-0.00335159,1.5
444,0.514521,0.0560251,0.130788,0.316978,-0.00335159,1.5
444.05,0.514521,0.0557304,0.130788,0.316978,-0.00335159,1.5
444.1,0.514521,0.0554363,0.130788,0.316978,-0.00335159,1.5
444.15,0.514521,0.0551428,0.130788,0.316978,-0.00335159,1.5
444.2,0.514521,0.0548499,0.130788,0.316978,-0.00335159,1.5
444.25,0.514521,0.0545576,0.130788,0.316978,-0.00335159,1.5
444.3,0.514521,0.0542659,0.130788,0.316978,-0.00335159,1.5
444.35,0.514521,0.0539747,0.130788,0.316978,-0.00335159,1.5
444.4,0.514521,0.0536841,0.130788,0.316978,-0.00335159,1.5
444.45,0.514521,0.0533941,0.130788,0.316978,-0.00335159,1.5
444.5,0.514521,0.0531046,0.130788,0.316978,-0.00335159,1.5
444.55,0.514521,0.0528158,0.130788,0.316978,-0.00335159,1.5
444.6,0.514521,0.0525275,0.130788,0.316978,-0.00335159,1.5
444.65,0.514521,0.0522397,0.130788,0.316978,-0.00335159,1.5
444.7,0.514521,0.0519525,0.130788,0.316978,-0.00335159,1.5
444.75,0.514521,0.0516659,0.130788,0.316978,-0.00335159,1.5
444.8,0.514521,0.0513799,0.130788,0.316978,-0.00335159,1.5
444.85,0.514521,0.0510944,0.130788,0.316978,-0.00335159,1.5
444.9,0.514521,0.0508095,0.130788,0.316978,-0.00335159,1.5
444.95,0.514521,0.0505252,0.130788,0.316978,-0.00335159,1.5
445,0.514521,0.0502414,0.130788,0.316978,-0.00335159,1.5
445.05,0.514521,0.0499582,0.130788,0.316978,-0.00335159,1.5
445.1,0.514521,0.0496756,0.130788,0.316978,-0.00335159,1.5
445.15,0.514521,0.0493935,0.130788,0.316978,-0.00335159,1.5
445.2,0.514521,0.049112,0.130788,0.316978,-0.00335159,1.5
445.25,0.514521,0.0488311,0.130788,0.316978,-0.00335159,1.5
445.3,0.514521,0.0485507,0.130788,0.316978,-0.00335159,1.5
445.35,0.514521,0.048271,0.130788,0.316978,-0.00335159,1.5
445.4,0.514521,0.0479917,0.130788,0.316978,-0.00335159,1.5
445.45,0.514521,0.0477131,0.130788,0.316978,-0.00335159,1.5
445.5,0.514521,0.047435,0.130788,0.316978,-0.00335159,1.5
445.55,0.514521,0.0471574,0.130788,0.316978,-0.00335159,1.5
445.6,0.514521,0.0468804,0.130788,0.316978,-0.00335159,1.5
445.65,0.514521,0.046604,0.130788,0.316978,-0.00335159,1.5
445.7,0.514521,0.046328,0.130788,0.316978,-0.00335159,1.5
445.75,0.514521,0.0460526,0.130788,0.316978,-0.00335159,1.5
445.8,0.514521,0.0457778,0.130788,0.316978,-0.00335159,1.5
445.85,0.514521,0.0455035,0.130788,0.316978,-0.00335159,1.5
445.9,0.514521,0.0452298,0.130788,0.316978,-0.00335159,1.5
445.95,0.514521,0.0449566,0.130788,0.316978,-0.00335159,1.5
446,0.514521,0.044684,0.130788,0.316978,-0.00335159,1.5
446.05,0.514521,0.044412,0.130788,0.316978,-0.00335159,1.5
446.1,0.514521,0.0441405,0.130788,0.316978,-0.00335159,1.5
446.15,0.514521,0.0438695,0.130788,0.316978,-0.00335159,1.5
446.2,0.514521,0.0435991,0.130788,0.316978,-0.00335159,1.5
446.25,0.514521,0.0433292,0.130788,0.316978,-0.00335159,1.5
446.3,0.514521,0.0430598,0.130788,0.316978,-0.00335159,1.5
446.35,0.514521,0.042791,0.130788,0.316978,-0.00335159,1.5
446.4,0.514521,0.0425228,0.130788,0.316978,-0.00335159,1.5
446.45,0.514521,0.0422551,0.130788,0.316978,-0.00335159,1.5
446.5,0.514521,0.0419878,0.130788,0.316978,-0.00335159,1.5
446.55,0.514521,0.0417212,0.130788,0.316978,-0.00335159,1.5
446.6,0.514521,0.0414551,0.130788,0.316978,-0.00335159,1.5
446.65,0.514521,0.0411895,0.130788,0.316978,-0.00335159,1.5
446.7,0.514521,0.0409244,0.130788,0.316978,-0.00335159,1.5
446.75,0.514521,0.0406599,0.130788,0.316978,-0.00335159,1.5
446.8,0.514521,0.0403959,0.130788,0.316978,-0.00335159,1.5
446.85,0.514521,0.0401325,0.130788,0.316978,-0.00335159,1.5
446.9,0.514521,0.0398696,0.130788,0.316978,-0.00335159,1.5
446.95,0.514521,0.0396072,0.130788,0.316978,-0.00335159,1.5
447,0.514521,0.0393454,0.130788,0.316978,-0.00335159,1.5
447.05,0.514521,0.039084,0.130788,0.316978,-0.00335159,1.5
447.1,0.514521,0.0388233,0.130788,0.316978,-0.00335159,1.5
447.15,0.514521,0.038563,0.130788,0.316978,-0.00335159,1.5
447.2,0.514521,0.0383034,0.130788,0.316978,-0.00335159,1.5
447.25,0.514521,0.0380442,0.130788,0.316978,-0.00335159,1.5
447.3,0.514521,0.0377856,0.130788,0.316978,-0.00335159,1.5
447.35,0.514521,0.0375275,0.130788,0.316978,-0.00335159,1.5
447.4,0.514521,0.0372699,0.130788,0.316978,-0.00335159,1.5
447.45,0.514521,0.0370129,0.130788,0.316978,-0.00335159,1.5
447.5,0.514521,0.0367564,0.130788,0.316978,-0.00335159,1.5
447.55,0.514521,0.0365004,0.130788,0.316978,-0.00335159,1.5
447.6,0.514521,0.0362449,0.130788,0.316978,-0.00335159,1.5
447.65,0.514521,0.03599,0.130788,0.316978,-0.00335159,1.5
447.7,0.514521,0.0357356,0.130788,0.316978,-0.00335159,1.5
447.75,0.514521,0.0354817,0.130788,0.316978,-0.00335159,1.5
447.8,0.514521,0.0352283,0.130788,0.316978,-0.00335159,1.5
447.85,0.514521,0.0349755,0.130788,0.316978,-0.00335159,1.5
447.9,0.514521,0.0347232,0.130788,0.316978,-0.00335159,1.5
447.95,0.514521,0.0344714,0.130788,0.316978,-0.00335159,1.5
448,0.514521,0.0342201,0.130788,0.316978,-0.00335159,1.5
448.05,0.514521,0.0339693,0.130788,0.316978,-0.00335159,1.5
448.1,0.514521,0.0337191,0.130788,0.316978,-0.00335159,1.5
448.15,0.514521,0.0334693,0.130788,0.316978,-0.00335159,1.5
448.2,0.514521,0.0332201,0.130788,0.316978,-0.00335159,1.5
448.25,0.514521,0.0329714,0.130788,0.316978,-0.00335159,1.5
448.3,0.514521,0.0327232,0.130788,0.316978,-0.00335159,1.5
448.35,0.514521,0.0324756,0.130788,0.316978,-0.00335159,1.5
448.4,0.514521,0.0322284,0.130788,0.316978,-0.00335159,1.5
448.45,0.514521,0.0319818,0.130788,0.316978,-0.00335159,1.5
448.5,0.514521,0.0317357,0.130788,0.316978,-0.00335159,1.5
448.55,0.514521,0.0314901,0.130788,0.316978,-0.00335159,1.5
448.6,0.514521,0.031245,0.130788,0.316978,-0.00335159,1.5
448.65,0.514521,0.0310004,0.130788,0.316978,-0.00335159,1.5
448.7,0.514521,0.0307562,0.130788,0.316978,-0.00335159,1.5
448.75,0.514521,0.0305126,0.130788,0.316978,-0.00335159,1.5
448.8,0.514521,0.0302696,0.130788,0.316978,-0.00335159,1.5
448.85,0.514521,0.030027,0.130788,0.316978,-0.00335159,1.5
448.9,0.514521,0.0297849,0.130788,0.316978,-0.00335159,1.5
448.95,0.514521,0.0295433,0.130788,0.316978,-0.00335159,1.5
449,0.514521,0.0293023,0.130788,0.316978,-0.00335159,1.5
449.05,0.514521,0.0290617,0.130788,0.316978,-0.00335159,1.5
449.1,0.514521,0.0288216,0.130788,0.316978,-0.00335159,1.5
449.15,0.514521,0.0285821,0.130788,0.316978,-0.00335159,1.5
449.2,0.514521,0.028343,0.130788,0.316978,-0.00335159,1.5
449.25,0.514521,0.0281045,0.130788,0.316978,-0.00335159,1.5
449.3,0.514521,0.0278664,0.130788,0.316978,-0.00335159,1.5
449.35,0.514521,0.0276288,0.130788,0.316978,-0.00335159,1.5
449.4,0.514521,0.0273918,0.130788,0.316978,-0.00335159,1.5
449.45,0.514521,0.0271552,0.130788,0.316978,-0.00335159,1.5
449.5,0.514521,0.0269191,0.130788,0.316978,-0.00335159,1.5
449.55,0.514521,0.0266835,0.130788,0.316978,-0.00335159,1.5
449.6,0.514521,0.0264484,0.130788,0.316978,-0.00335159,1.5
449.65,0.514521,0.0262138,0.130788,0.316978,-0.00335159,1.5
449.7,0.514521,0.0259797,0.130788,0.316978,-0.00335159,1.5
449.75,0.514521,0.025746,0.130788,0.316978,-0.00335159,1.5
449.8,0.514521,0.0255129,0.130788,0.316978,-0.00335159,1.5
449.85,0.514521,0.0252803,0.130788,0.316978,-0.00335159,1.5
449.9,0.514521,0.0250481,0.130788,0.316978,-0.00335159,1.5
449.95,0.514521,0.0248164,0.130788,0.316978,-0.00335159,1.5
450,0.514521,0.0245853,0.130788,0.316978,-0.00335159,1.5
450.05,0.514521,0.0243546,0.130788,0.316978,-0.00335159,1.5
450.1,0.514521,0.0241244,0.130788,0.316978,-0.00335159,1.5
450.15,0.514521,0.0238946,0.130788,0.316978,-0.00335159,1.5
450.2,0.514521,0.0236654,0.130788,0.316978,-0.00335159,1.5
450.25,0.514521,0.0234366,0.130788,0.316978,-0.00335159,1.5
450.3,0.514521,0.0232083,0.130788,0.316978,-0.00335159,1.5
450.35,0.514521,0.0229805,0.130788,0.316978,-0.00335159,1.5
450.4,0.514521,0.0227532,0.130788,0.316978,-0.00335159,1.5
450.45,0.514521,0.0225263,0.130788,0.316978,-0.00335159,1.5
450.5,0.514521,0.0222999,0.130788,0.316978,-0.00335159,1.5
450.55,0.514521,0.022074,0.130788,0.316978,-0.00335159,1.5
450.6,0.514521,0.0218486,0.130788,0.316978,-0.00335159,1.5
450.65,0.514521,0.0216237,0.130788,0.316978,-0.00335159,1.5
450.7,0.514521,0.0213992,0.130788,0.316978,-0.00335159,1.5
450.75,0.514521,0.0211752,0.130788,0.316978,-0.00335159,1.5
450.8,0.514521,0.0209517,0.130788,0.316978,-0.00335159,1.5
450.85,0.514521,0.0207287,0.130788,0.316978,-0.00335159,1.5
450.9,0.514521,0.0205061,0.130788,0.316978,-0.00335159,1.5
450.95,0.514521,0.0202839,0.130788,0.316978,-0.00335159,1.5
451,0.514521,0.0200623,0.130788,0.316978,-0.00335159,1.5
451.05,0.514521,0.0198411,0.130788,0.316978,-0.00335159,1.5
451.1,0.514521,0.0196203,0.130788,0.316978,-0.00335159,1.5
451.15,0.514521,0.0194001,0.130788,0.316978,-0.00335159,1.5
451.2,0.514521,0.0191803,0.130788,0.316978,-0.00335159,1.5
451.25,0.514521,0.0189609,0.130788,0.316978,-0.00335159,1.5
451.3,0.514521,0.0187421,0.130788,0.316978,-0.00335159,1.5
451.35,0.514521,0.0185237,0.130788,0.316978,-0.00335159,1.5
451.4,0.514521,0.0183057,0.130788,0.316978,-0.00335159,1.5
451.45,0.514521,0.0180882,0.130788,0.316978,-0.00335159,1.5
451.5,0.514521,0.0178712,0.130788,0.316978,-0.00335159,1.5
451.55,0.514521,0.0176546,0.130788,0.316978,-0.00335159,1.5
451.6,0.514521,0.0174384,0.130788,0.316978,-0.00335159,1.5
451.65,0.514521,0.0172228,0.130788,0.316978,-0.00335159,1.5
451.7,0.514521,0.0170075,0.130788,0.316978,-0.00335159,1.5
451.75,0.514521,0.0167928,0.130788,0.316978,-0.00335159,1.5
451.8,0.514521,0.0165784,0.130788,0.316978,-0.00335159,1.5
451.85,0.514521,0.0163646,0.130788,0.316978,-0.00335159,1.5
451.9,0.514521,0.0161512,0.130788,0.316978,-0.00335159,1.5
451.95,0.514521,0.0159382,0.130788,0.316978,-0.00335159,1.5
452,0.514521,0.0157257,0.130788,0.316978,-0.00335159,1.5
452.05,0.514521,0.0155136,0.130788,0.316978,-0.00335159,1.5
452.1,0.514521,0.015302,0.130788,0.316978,-0.00335159,1.5
452.15,0.514521,0.0150908,0.130788,0.316978,-0.00335159,1.5
452.2,0.514521,0.0148801,0.130788,0.316978,-0.00335159,1.5
452.25,0.514521,0.0146698,0.130788,0.316978,-0.00335159,1.5
452.3,0.514521,0.0144599,0.130788,0.316978,-0.00335159,1.5
452.35,0.514521,0.0142505,0.130788,0.316978,-0.00335159,1.5
452.4,0.514521,0.0140415,0.130788,0.316978,-0.00335159,1.5
452.45,0.514521,0.013833,0.130788,0.316978,-0.00335159,1.5
452.5,0.514521,0.0136249,0.130788,0.316978,-0.00335159,1.5
452.55,0.514521,0.0134173,0.130788,0.316978,-0.00335159,1.5
452.6,0.514521,0.0132101,0.130788,0.316978,-0.00335159,1.5
452.65,0.514521,0.0130034,0.130788,0.316978,-0.00335159,1.5
452.7,0.514521,0.012797,0.130788,0.316978,-0.00335159,1.5
452.75,0.514521,0.0125911,0.130788,0.316978,-0.00335159,1.5
452.8,0.514521,0.0123857,0.130788,0.316978,-0.00335159,1.5
452.85,0.514521,0.0121806,0.130788,0.316978,-0.00335159,1.5
452.9,0.514521,0.011976,0.130788,0.316978,-0.00335159,1.5
452.95,0.514521,0.0117719,0.130788,0.316978,-0.00335159,1.5
453,0.514521,0.0115681,0.130788,0.316978,-0.00335159,1.5
453.05,0.514521,0.0113648,0.130788,0.316978,-0.00335159,1.5
453.1,0.514521,0.011162,0.130788,0.316978,-0.00335159,1.5
453.15,0.514521,0.0109595,0.130788,0.316978,-0.00335159,1.5
453.2,0.514521,0.0107575,0.130788,0.316978,-0.00335159,1.5
453.25,0.514521,0.0105559,0.130788,0.316978,-0.00335159,1.5
453.3,0.514521,0.0103547,0.130788,0.316978,-0.00335159,1.5
453.35,0.514521,0.010154,0.130788,0.316978,-0.00335159,1.5
453.4,0.514521,0.00995364,0.130788,0.316978,-0.00335159,1.5
453.45,0.514521,0.00975373,0.130788,0.316978,-0.00335159,1.5
453.5,0.514521,0.00955427,0.130788,0.316978,-0.00335159,1.5
453.55,0.514521,0.00935522,0.130788,0.316978,-0.00335159,1.5
453.6,0.514521,0.00915661,0.130788,0.316978,-0.00335159,1.5
453.65,0.514521,0.00895839,0.130788,0.316978,-0.00335159,1.5
453.7,0.514521,0.00876059,0.130788,0.316978,-0.00335159,1.5
453.75,0.514521,0.0085632,0.130788,0.316978,-0.00335159,1.5
453.8,0.514521,0.00836621,0.130788,0.316978,-0.00335159,1.5
453.85,0.514521,0.00816967,0.130788,0.316978,-0.00335159,1.5
453.9,0.514521,0.0079735,0.130788,0.316978,-0.00335159,1.5
453.95,0.514521,0.00777775,0.130788,0.316978,-0.00335159,1.5
454,0.514521,0.00758242,0.130788,0.316978,-0.00335159,1.5
454.05,0.514521,0.00738749,0.130788,0.316978,-0.00335159,1.5
454.1,0.514521,0.00719296,0.130788,0.316978,-0.00335159,1.5
454.15,0.514521,0.00699885,0.130788,0.316978,-0.00335159,1.5
454.2,0.514521,0.00680518,0.130788,0.316978,-0.00335159,1.5
454.25,0.514521,0.0066119,0.130788,0.316978,-0.00335159,1.5
454.3,0.514521,0.00641905,0.130788,0.316978,-0.00335159,1.5
454.35,0.514521,0.00622657,0.130788,0.316978,-0.00335159,1.5
454.4,0.514521,0.00603453,0.130788,0.316978,-0.00335159,1.5
454.45,0.514521,0.00584287,0.130788,0.316978,-0.00335159,1.5
454.5,0.514521,0.0056516,0.130788,0.316978,-0.00335159,1.5
454.55,0.514521,0.00546075,0.130788,0.316978,-0.00335159,1.5
454.6,0.514521,0.00527029,0.130788,0.316978,-0.00335159,1.5
454.65,0.514521,0.0050802,0.130788,0.316978,-0.00335159,1.5
454.7,0.514521,0.00489055,0.130788,0.316978,-0.00335159,1.5
454.75,0.514521,0.00470126,0.130788,0.316978,-0.00335159,1.5
454.8,0.514521,0.00451236,0.130788,0.316978,-0.00335159,1.5
454.85,0.514521,0.00432387,0.130788,0.316978,-0.00335159,1.5
454.9,0.514521,0.00413575,0.130788,0.316978,-0.00335159,1.5
454.95,0.514521,0.00394804,0.130788,0.316978,-0.00335159,1.5
455,0.514521,0.00376073,0.130788,0.316978,-0.00335159,1.5
455.05,0.514521,0.0035738,0.130788,0.316978,-0.00335159,1.5
455.1,0.514521,0.00338726,0.130788,0.316978,-0.00335159,1.5
455.15,0.514521,0.00320113,0.130788,0.316978,-0.00335159,1.5
455.2,0.514521,0.00301535,0.130788,0.316978,-0.00335159,1.5
455.25,0.514521,0.00282999,0.130788,0.316978,-0.00335159,1.5
455.3,0.514521,0.00264499,0.130788,0.316978,-0.00335159,1.5
455.35,0.514521,0.00246041,0.130788,0.316978,-0.00335159,1.5
455.4,0.514521,0.00227623,0.130788,0.316978,-0.00335159,1.5
455.45,0.514521,0.00209243,0.130788,0.316978,-0.00335159,1.5
455.5,0.514521,0.00190899,0.130788,0.316978,-0.00335159,1.5
455.55,0.514521,0.00172596,0.130788,0.316978,-0.00335159,1.5
455.6,0.514521,0.00154329,0.130788,0.316978,-0.00335159,1.5
455.65,0.514521,0.00136102,0.130788,0.316978,-0.00335159,1.5
455.7,0.514521,0.00117913,0.130788,0.316978,-0.00335159,1.5
455.75,0.514521,0.00099761,0.130788,0.316978,-0.00335159,1.5
455.8,0.514521,0.000816457,0.130788,0.316978,-0.00335159,1.5
455.85,0.514521,0.000635698,0.130788,0.316978,-0.00335159,1.5
455.9,0.514521,0.000455327,0.130788,0.316978,-0.00335159,1.5
455.95,0.514521,0.000275306,0.130788,0.316978,-0.00335159,1.5
456,0.514521,9.56655e-05,0.130788,0.316978,-0.00335159,1.5
456.05,0.514521,-8.35955e-05,0.130788,0.316978,-0.00335159,1.5
456.1,0.514521,-0.000262469,0.130788,0.316978,-0.00335159,1.5
456.15,0.514521,-0.00044097,0.130788,0.316978,-0.00335159,1.5
456.2,0.514521,-0.000619084,0.130788,0.316978,-0.00335159,1.5
456.25,0.514521,-0.00079684,0.130788,0.316978,-0.00335159,1.5
456.3,0.514521,-0.000974201,0.130788,0.316978,-0.00335159,1.5
456.35,0.514521,-0.00115121,0.130788,0.316978,-0.00335159,1.5
456.4,0.514521,-0.00132783,0.130788,0.316978,-0.00335159,1.5
456.45,0.514521,-0.00150408,0.130788,0.316978,-0.00335159,1.5
456.5,0.514521,-0.00167996,0.130788,0.316978,-0.00335159,1.5
456.55,0.514521,-0.00185549,0.130788,0.316978,-0.00335159,1.5
456.6,0.514521,-0.00203064,0.130788,0.316978,-0.00335159,1.5
456.65,0.514521,-0.00220542,0.130788,0.316978,-0.00335159,1.5
456.7,0.514521,-0.00237983,0.130788,0.316978,-0.00335159,1.5
456.75,0.514521,-0.0025539,0.130788,0.316978,-0.00335159,1.5
456.8,0.514521,-0.00272761,0.130788,0.316978,-0.00335159,1.5
456.85,0.514521,-0.00290094,0.130788,0.316978,-0.00335159,1.5
456.9,0.514521,-0.00307391,0.130788,0.316978,-0.00335159,1.5
456.95,0.514521,-0.00324652,0.130788,0.316978,-0.00335159,1.5
457,0.514521,-0.00341877,0.130788,0.316978,-0.00335159,1.5
457.05,0.514521,-0.00359066,0.130788,0.316978,-0.00335159,1.5
457.1,0.514521,-0.00376218,0.130788,0.316978,-0.00335159,1.5
457.15,0.514521,-0.00393331,0.130788,0.316978,-0.00335159,1.5
457.2,0.514521,-0.00410405,0.130788,0.316978,-0.00335159,1.5
457.25,0.514521,-0.00427436,0.130788,0.316978,-0.00335159,1.5
457.3,0.514521,-0.00444427,0.130788,0.316978,-0.00335159,1.5
457.35,0.514521,-0.00461376,0.130788,0.316978,-0.00335159,1.5
457.4,0.514521,-0.0047829,0.130788,0.316978,-0.00335159,1.5
457.45,0.514521,-0.00495169,0.130788,0.316978,-0.00335159,1.5
457.5,0.514521,-0.00512007,0.130788,0.316978,-0.00335159,1.5
457.55,0.514521,-0.00528805,0.130788,0.316978,-0.00335159,1.5
457.6,0.514521,-0.00545563,0.130788,0.316978,-0.00335159,1.5
457.65,0.514521,-0.00562279,0.130788,0.316978,-0.00335159,1.5
457.7,0.514521,-0.00578954,0.130788,0.316978,-0.00335159,1.5
457.75,0.514521,-0.00595591,0.130788,0.316978,-0.00335159,1.5
457.8,0.514521,-0.00612187,0.130788,0.316978,-0.00335159,1.5
457.85,0.514521,-0.0062874,0.130788,0.316978,-0.00335159,1.5
457.9,0.514521,-0.00645256,0.130788,0.316978,-0.00335159,1.5
457.95,0.514521,-0.00661731,0.130788,0.316978,-0.00335159,1.5
458,0.514521,-0.00678166,0.130788,0.316978,-0.00335159,1.5
458.05,0.514521,-0.00694562,0.130788,0.316978,-0.00335159,1.5
458.1,0.514521,-0.00710919,0.130788,0.316978,-0.00335159,1.5
458.15,0.514521,-0.00727236,0.130788,0.316978,-0.00335159,1.5
458.2,0.514521,-0.00743514,0.130788,0.316978,-0.00335159,1.5
458.25,0.514521,-0.00759753,0.130788,0.316978,-0.00335159,1.5
458.3,0.514521,-0.00775953,0.130788,0.316978,-0.00335159,1.5
458.35,0.514521,-0.00792116,0.130788,0.316978,-0.00335159,1.5
458.4,0.514521,-0.00808239,0.130788,0.316978,-0.00335159,1.5
458.45,0.514521,-0.00824324,0.130788,0.316978,-0.00335159,1.5
458.5,0.514521,-0.00840369,0.130788,0.316978,-0.00335159,1.5
458.55,0.514521,-0.00856377,0.130788,0.316978,-0.00335159,1.5
458.6,0.514521,-0.00872348,0.130788,0.316978,-0.00335159,1.5
458.65,0.514521,-0.00888281,0.130788,0.316978,-0.00335159,1.5
458.7,0.514521,-0.00904176,0.130788,0.316978,-0.00335159,1.5
458.75,0.514521,-0.00920033,0.130788,0.316978,-0.00335159,1.5
458.8,0.514521,-0.00935853,0.130788,0.316978,-0.00335159,1.5
458.85,0.514521,-0.00951638,0.130788,0.316978,-0.00335159,1.5
458.9,0.514521,-0.00967386,0.130788,0.316978,-0.00335159,1.5
458.95,0.514521,-0.00983098,0.130788,0.316978,-0.00335159,1.5
459,0.514521,-0.00998772,0.130788,0.316978,-0.00335159,1.5
459.05,0.514521,-0.0101441,0.130788,0.316978,-0.00335159,1.5
459.1,0.514521,-0.0103001,0.130788,0.316978,-0.00335159,1.5
459.15,0.514521,-0.0104557,0.130788,0.316978,-0.00335159,1.5
459.2,0.514521,-0.0106109,0.130788,0.316978,-0.00335159,1.5
459.25,0.514521,-0.0107658,0.130788,0.316978,-0.00335159,1.5
459.3,0.514521,-0.0109203,0.130788,0.316978,-0.00335159,1.5
459.35,0.514521,-0.0110745,0.130788,0.316978,-0.00335159,1.5
459.4,0.514521,-0.0112283,0.130788,0.316978,-0.00335159,1.5
459.45,0.514521,-0.0113817,0.130788,0.316978,-0.00335159,1.5
459.5,0.514521,-0.0115348,0.130788,0.316978,-0.00335159,1.5
459.55,0.514521,-0.0116874,0.130788,0.316978,-0.00335159,1.5
459.6,0.514521,-0.0118398,0.130788,0.316978,-0.00335159,1.5
459.65,0.514521,-0.0119917,0.130788,0.316978,-0.00335159,1.5
459.7,0.514521,-0.0121433,0.130788,0.316978,-0.00335159,1.5
459.75,0.514521,-0.0122946,0.130788,0.316978,-0.00335159,1.5
459.8,0.514521,-0.0124455,0.130788,0.316978,-0.00335159,1.5
459.85,0.514521,-0.012596,0.130788,0.316978,-0.00335159,1.5
459.9,0.514521,-0.0127462,0.130788,0.316978,-0.00335159,1.5
459.95,0.514521,-0.012896,0.130788,0.316978,-0.00335159,1.5
460,0.514521,-0.0130455,0.130788,0.316978,-0.00335159,1.5
460.05,0.514521,-0.0131946,0.130788,0.316978,-0.00335159,1.5
460.1,0.514521,-0.0133434,0.130788,0.316978,-0.00335159,1.5
460.15,0.514521,-0.0134918,0.130788,0.316978,-0.00335159,1.5
460.2,0.514521,-0.0136399,0.130788,0.316978,-0.00335159,1.5
460.25,0.514521,-0.0137876,0.130788,0.316978,-0.00335159,1.5
460.3,0.514521,-0.0139349,0.130788,0.316978,-0.00335159,1.5
460.35,0.514521,-0.0140819,0.130788,0.316978,-0.00335159,1.5
460.4,0.514521,-0.0142286,0.130788,0.316978,-0.00335159,1.5
460.45,0.514521,-0.0143749,0.130788,0.316978,-0.00335159,1.5
460.5,0.514521,-0.0145209,0.130788,0.316978,-0.00335159,1.5
460.55,0.514521,-0.0146665,0.130788,0.316978,-0.00335159,1.5
460.6,0.514521,-0.0148118,0.130788,0.316978,-0.00335159,1.5
460.65,0.514521,-0.0149568,0.130788,0.316978,-0.00335159,1.5
460.7,0.514521,-0.0151014,0.130788,0.316978,-0.00335159,1.5
460.75,0.514521,-0.0152456,0.130788,0.316978,-0.00335159,1.5
460.8,0.514521,-0.0153896,0.130788,0.316978,-0.00335159,1.5
460.85,0.514521,-0.0155331,0.130788,0.316978,-0.00335159,1.5
460.9,0.514521,-0.0156764,0.130788,0.316978,-0.00335159,1.5
460.95,0.514521,-0.0158193,0.130788,0.316978,-0.00335159,1.5
461,0.514521,-0.0159618,0.130788,0.316978,-0.00335159,1.5
461.05,0.514521,-0.016104,0.130788,0.316978,-0.00335159,1.5
461.1,0.514521,-0.0162459,0.130788,0.316978,-0.00335159,1.5
461.15,0.514521,-0.0163874,0.130788,0.316978,-0.00335159,1.5
461.2,0.514521,-0.0165286,0.130788,0.316978,-0.00335159,1.5
461.25,0.514521,-0.0166695,0.130788,0.316978,-0.00335159,1.5
461.3,0.514521,-0.01681,0.130788,0.316978,-0.00335159,1.5
461.35,0.514521,-0.0169502,0.130788,0.316978,-0.00335159,1.5
461.4,0.514521,-0.0170901,0.130788,0.316978,-0.00335159,1.5
461.45,0.514521,-0.0172296,0.130788,0.316978,-0.00335159,1.5
461.5,0.514521,-0.0173688,0.130788,0.316978,-0.00335159,1.5
461.55,0.514521,-0.0175076,0.130788,0.316978,-0.00335159,1.5
461.6,0.514521,-0.0176461,0.130788,0.316978,-0.00335159,1.5
461.65,0.514521,-0.0177843,0.130788,0.316978,-0.00335159,1.5
461.7,0.514521,-0.0179222,0.130788,0.316978,-0.00335159,1.5
461.75,0.514521,-0.0180597,0.130788,0.316978,-0.00335159,1.5
461.8,0.514521,-0.0181969,0.130788,0.316978,-0.00335159,1.5
461.85,0.514521,-0.0183337,0.130788,0.316978,-0.00335159,1.5
461.9,0.514521,-0.0184703,0.130788,0.316978,-0.00335159,1.5
461.95,0.514521,-0.0186065,0.130788,0.316978,-0.00335159,1.5
462,0.514521,-0.0187423,0.130788,0.316978,-0.00335159,1.5
462.05,0.514521,-0.0188778,0.130788,0.316978,-0.00335159,1.5
462.1,0.514521,-0.019013,0.130788,0.316978,-0.00335159,1.5
462.15,0.514521,-0.0191479,0.130788,0.316978,-0.00335159,1.5
462.2,0.514521,-0.0192824,0.130788,0.316978,-0.00335159,1.5
462.25,0.514521,-0.0194166,0.130788,0.316978,-0.00335159,1.5
462.3,0.514521,-0.0195505,0.130788,0.316978,-0.00335159,1.5
462.35,0.514521,-0.0196841,0.130788,0.316978,-0.00335159,1.5
462.4,0.514521,-0.0198173,0.130788,0.316978,-0.00335159,1.5
462.45,0.514521,-0.0199502,0.130788,0.316978,-0.00335159,1.5
462.5,0.514521,-0.0200828,0.130788,0.316978,-0.00335159,1.5
462.55,0.514521,-0.020215,0.130788,0.316978,-0.00335159,1.5
462.6,0.514521,-0.0203469,0.130788,0.316978,-0.00335159,1.5
462.65,0.514521,-0.0204785,0.130788,0.316978,-0.00335159,1.5
462.7,0.514521,-0.0206097,0.130788,0.316978,-0.00335159,1.5
462.75,0.514521,-0.0207407,0.130788,0.316978,-0.00335159,1.5
462.8,0.514521,-0.0208713,0.130788,0.316978,-0.00335159,1.5
462.85,0.514521,-0.0210015,0.130788,0.316978,-0.00335159,1.5
462.9,0.514521,-0.0211315,0.130788,0.316978,-0.00335159,1.5
462.95,0.514521,-0.0212611,0.130788,0.316978,-0.00335159,1.5
463,0.514521,-0.0212611,0.130788,0.316978,-0.00335159,1.5
463.05,0.514521,-0.0212611,0.130788,0.316978,-0.00335159,1.5
463.1,0.514521,-0.0212611,0.130788,0.316978,-0.00335159,1.5
463.15,0.514521,-0.0212611,0.130788,0.316978,-0.00335159,1.5
463.2,0.514521,-0.0212611,0.130788,0.316978,-0.00335159,1.5
463.25,0.514521,-0.0212611,0.130788,0.316978,-0.00335159,1.5
463.3,0.514521,-0.0212611,0.130788,0.316978,-0.00335159,1.5
463.35,0.514521,-0.0212611,0.130788,0.316978,-0.00335159,1.5
463.4,0.514521,-0.0212611,0.130788,0.316978,-0.00335159,1.5
463.45,0.514521,-0.0212611,0.130788,0.316978,-0.00335159,1.5
463.5,0.514521,-0.0212611,0.130788,0.316978,-0.00335159,1.5
463.55,0.514521,-0.0212611,0.130788,0.316978,-0.00335159,1.5
463.6,0.514521,-0.0212611,0.130788,0.316978,-0.00335159,1.5
463.65,0.514521,-0.0212611,0.130788,0.316978,-0.00335159,1.5
463.7,0.514521,-0.0212611,0.130788,0.316978,-0.00335159,1.5
463.75,0.514521,-0.0212611,0.130788,0.316978,-0.00335159,1.5
463.8,0.514521,-0.0212611,0.130788,0.316978,-0.00335159,1.5
463.85,0.514521,-0.0212611,0.130788,0.316978,-0.00335159,1.5
463.9,0.514521,-0.0212611,0.130788,0.316978,-0.00335159,1.5
463.95,0.514521,-0.0212611,0.130788,0.316978,-0.00335159,1.5
464,0.514521,-0.0212611,0.130788,0.316978,-0.00335159,1.5
464.05,0.514521,-0.0212611,0.130788,0.316978,-0.00335159,1.5
464.1,0.514521,-0.0212611,0.130788,0.316978,-0.00335159,1.5
464.15,0.514521,-0.0212611,0.130788,0.316978,-0.00335159,1.5
464.2,0.514521,-0.0212611,0.130788,0.316978,-0.00335159,1.5
464.25,0.514521,-0.0212611,0.130788,0.316978,-0.00335159,1.5
464.3,0.514521,-0.0212611,0.130788,0.316978,-0.00335159,1.5
464.35,0.514521,-0.0212611,0.130788,0.316978,-0.00335159,1.5
464.4,0.514521,-0.0212611,0.130788,0.316978,-0.00335159,1.5
464.45,0.514521,-0.0212611,0.130788,0.316978,-0.00335159,1.5
464.5,0.514521,-0.0212611,0.130788,0.316978,-0.00335159,1.5
464.55,0.514521,-0.0212611,0.130788,0.316978,-0.00335159,1.5
464.6,0.514521,-0.0212611,0.130788,0.316978,-0.00335159,1.5
464.65,0.514521,-0.0212611,0.130788,0.316978,-0.00335159,1.5
464.7,0.514521,-0.0212611,0.130788,0.316978,-0.00335159,1.5
464.75,0.514521,-0.0212611,0.130788,0.316978,-0.00335159,1.5
464.8,0.514521,-0.0212611,0.130788,0.316978,-0.00335159,1.5
464.85,0.514521,-0.0212611,0.130788,0.316978,-0.00335159,1.5
464.9,0.514521,-0.0212611,0.130788,0.316978,-0.00335159,1.5
464.95,0.514521,-0.0212611,0.130788,0.316978,-0.00335159,1.5
465,0.514521,-0.0212611,0.130788,0.316978,-0.00335159,1.5
465.05,0.514521,-0.0212611,0.130788,0.316978,-0.00335159,1.5
465.1,0.514521,-0.0212611,0.130788,0.316978,-0.00335159,1.5
465.15,0.514521,-0.0212611,0.130788,0.316978,-0.00335159,1.5
465.2,0.514521,-0.0212611,0.130788,0.316978,-0.00335159,1.5
465.25,0.514521,-0.0212611,0.130788,0.316978,-0.00335159,1.5
465.3,0.514521,-0.0212611,0.130788,0.316978,-0.00335159,1.5
465.35,0.514521,-0.0212611,0.130788,0.316978,-0.00335159,1.5
465.4,0.514521,-0.0212611,0.130788,0.316978,-0.00335159,1.5
465.45,0.514521,-0.0212611,0.130788,0.316978,-0.00335159,1.5
465.5,0.514521,-0.0212611,0.130788,0.316978,-0.00335159,1.5
465.55,0.514521,-0.0212611,0.130788,0.316978,-0.00335159,1.5
465.6,0.514521,-0.0212611,0.130788,0.316978,-0.00335159,1.5
465.65,0.514521,-0.0212611,0.130788,0.316978,-0.00335159,1.5
465.7,0.514521,-0.0212611,0.130788,0.316978,-0.00335159,1.5
465.75,0.514521,-0.0212611,0.130788,0.316978,-0.00335159,1.5
465.8,0.514521,-0.0212611,0.130788,0.316978,-0.00335159,1.5
465.85,0.514521,-0.0212611,0.130788,0.316978,-0.00335159,1.5
465.9,0.514521,-0.0212611,0.130788,0.316978,-0.00335159,1.5
465.95,0.514521,-0.0212611,0.130788,0.316978,-0.00335159,1.5
466,0.514521,-0.0212611,0.130788,0.316978,-0.00335159,1.5
466.05,0.514521,-0.0212611,0.130788,0.316978,-0.00335159,1.5
466.1,0.514521,-0.0212611,0.130788,0.316978,-0.00335159,1.5
466.15,0.514521,-0.0212611,0.130788,0.316978,-0.00335159,1.5
466.2,0.514521,-0.0212611,0.130788,0.316978,-0.00335159,1.5
466.25,0.514521,-0.0212611,0.130788,0.316978,-0.00335159,1.5
466.3,0.514521,-0.0212611,0.130788,0.316978,-0.00335159,1.5
466.35,0.514521,-0.0212611,0.130788,0.316978,-0.00335159,1.5
466.4,0.514521,-0.0212611,0.130788,0.316978,-0.00335159,1.5
466.45,0.514521,-0.0212611,0.130788,0.316978,-0.00335159,1.5
466.5,0.514521,-0.0212611,0.130788,0.316978,-0.00335159,1.5
466.55,0.514521,-0.0212611,0.130788,0.316978,-0.00335159,1.5
466.6,0.514521,-0.0212611,0.130788,0.316978,-0.00335159,1.5
466.65,0.514521,-0.0212611,0.130788,0.316978,-0.00335159,1.5
466.7,0.514521,-0.0212611,0.130788,0.316978,-0.00335159,1.5
466.75,0.514521,-0.0212611,0.130788,0.316978,-0.00335159,1.5
466.8,0.514521,-0.0212611,0.130788,0.316978,-0.00335159,1.5
466.85,0.514521,-0.0212611,0.130788,0.316978,-0.00335159,1.5
466.9,0.514521,-0.0212611,0.130788,0.316978,-0.00335159,1.5
466.95,0.514521,-0.0212611,0.130788,0.316978,-0.00335159,1.5
467,0.514521,-0.0212611,0.130788,0.316978,-0.00335159,1.5
467.05,0.514521,-0.0212611,0.130788,0.316978,-0.00335159,1.5
467.1,0.514521,-0.0212611,0.130788,0.316978,-0.00335159,1.5
467.15,0.514521,-0.0212611,0.130788,0.316978,-0.00335159,1.5
467.2,0.514521,-0.0212611,0.130788,0.316978,-0.00335159,1.5
467.25,0.514521,-0.0212611,0.130788,0.316978,-0.00335159,1.5
467.3,0.514521,-0.0212611,0.130788,0.316978,-0.00335159,1.5
467.35,0.514521,-0.0212611,0.130788,0.316978,-0.00335159,1.5
467.4,0.514521,-0.0212611,0.130788,0.316978,-0.00335159,1.5
467.45,0.514521,-0.0212611,0.130788,0.316978,-0.00335159,1.5
467.5,0.514521,-0.0212611,0.130788,0.316978,-0.00335159,1.5
467.55,0.514521,-0.0212611,0.130788,0.316978,-0.00335159,1.5
467.6,0.514521,-0.0212611,0.130788,0.316978,-0.00335159,1.5
467.65,0.514521,-0.0212611,0.130788,0.316978,-0.00335159,1.5
467.7,0.514521,-0.0212611,0.130788,0.316978,-0.00335159,1.5
467.75,0.514521,-0.0212611,0.130788,0.316978,-0.00335159,1.5
467.8,0.514521,-0.0212611,0.130788,0.316978,-0.00335159,1.5
467.85,0.514521,-0.0212611,0.130788,0.316978,-0.00335159,1.5
467.9,0.514521,-0.0212611,0.130788,0.316978,-0.00335159,1.5
467.95,0.514521,-0.0212611,0.130788,0.316978,-0.00335159,1.5
468,0.514521,-0.0212611,0.130788,0.316978,-0.00335159,1.5
468.05,0.514521,-0.0212611,0.130788,0.316978,-0.00335159,1.5
468.1,0.514521,-0.0212611,0.130788,0.316978,-0.00335159,1.5
468.15,0.514521,-0.0212611,0.130788,0.316978,-0.00335159,1.5
468.2,0.514521,-0.0212611,0.130788,0.316978,-0.00335159,1.5
468.25,0.514521,-0.0212611,0.130788,0.316978,-0.00335159,1.5
468.3,0.514521,-0.0212611,0.130788,0.316978,-0.00335159,1.5
468.35,0.514521,-0.0212611,0.130788,0.316978,-0.00335159,1.5
468.4,0.514521,-0.0212611,0.130788,0.316978,-0.00335159,1.5
468.45,0.514521,-0.0212611,0.130788,0.316978,-0.00335159,1.5
468.5,0.514521,-0.0212611,0.130788,0.316978,-0.00335159,1.5
468.55,0.514521,-0.0212611,0.130788,0.316978,-0.00335159,1.5
468.6,0.514521,-0.0212611,0.130788,0.316978,-0.00335159,1.5
468.65,0.514521,-0.0212611,0.130788,0.316978,-0.00335159,1.5
468.7,0.514521,-0.0212611,0.130788,0.316978,-0.00335159,1.5
468.75,0.514521,-0.0212611,0.130788,0.316978,-0.00335159,1.5
468.8,0.514521,-0.0212611,0.130788,0.316978,-0.00335159,1.5
468.85,0.514521,-0.0212611,0.130788,0.316978,-0.00335159,1.5
468.9,0.514521,-0.0212611,0.130788,0.316978,-0.00335159,1.5
468.95,0.514521,-0.0212611,0.130788,0.316978,-0.00335159,1.5
469,0.514521,-0.0212611,0.130788,0.316978,-0.00335159,1.5
469.05,0.514521,-0.0212611,0.130788,0.316978,-0.00335159,1.5
469.1,0.514521,-0.0212611,0.130788,0.316978,-0.00335159,1.5
469.15,0.514521,-0.0212611,0.130788,0.316978,-0.00335159,1.5
469.2,0.514521,-0.0212611,0.130788,0.316978,-0.00335159,1.5
469.25,0.514521,-0.0212611,0.130788,0.316978,-0.00335159,1.5
469.3,0.514521,-0.0212611,0.130788,0.316978,-0.00335159,1.5
469.35,0.514521,-0.0212611,0.130788,0.316978,-0.00335159,1.5
469.4,0.514521,-0.0212611,0.130788,0.316978,-0.00335159,1.5
469.45,0.514521,-0.0212611,0.130788,0.316978,-0.00335159,1.5
469.5,0.514521,-0.0212611,0.130788,0.316978,-0.00335159,1.5
469.55,0.514521,-0.0212611,0.130788,0.316978,-0.00335159,1.5
469.6,0.514521,-0.0212611,0.130788,0.316978,-0.00335159,1.5
469.65,0.514521,-0.0212611,0.130788,0.316978,-0.00335159,1.5
469.7,0.514521,-0.0212611,0.130788,0.316978,-0.00335159,1.5
469.75,0.514521,-0.0212611,0.130788,0.316978,-0.00335159,1.5
469.8,0.514521,-0.0212611,0.130788,0.316978,-0.00335159,1.5
469.85,0.514521,-0.0212611,0.130788,0.316978,-0.00335159,1.5
469.9,0.514521,-0.0212611,0.130788,0.316978,-0.00335159,1.5
469.95,0.514521,-0.0212611,0.130788,0.316978,-0.00335159,1.5
470,0.514521,-0.0212611,0.130788,0.316978,-0.00335159,1.5
470.05,0.514521,-0.0212611,0.130788,0.316978,-0.00335159,1.5
470.1,0.514521,-0.0212611,0.130788,0.316978,-0.00335159,1.5
470.15,0.514521,-0.0212611,0.130788,0.316978,-0.00335159,1.5
470.2,0.514521,-0.0212611,0.130788,0.316978,-0.00335159,1.5
470.25,0.514521,-0.0212611,0.130788,0.316978,-0.00335159,1.5
470.3,0.514521,-0.0212611,0.130788,0.316978,-0.00335159,1.5
470.35,0.514521,-0.0212611,0.130788,0.316978,-0.00335159,1.5
470.4,0.514521,-0.0212611,0.130788,0.316978,-0.00335159,1.5
470.45,0.514521,-0.0212611,0.130788,0.316978,-0.00335159,1.5
470.5,0.514521,-0.0212611,0.130788,0.316978,-0.00335159,1.5
470.55,0.514521,-0.0212611,0.130788,0.316978,-0.00335159,1.5
470.6,0.514521,-0.0212611,0.130788,0.316978,-0.00335159,1.5
470.65,0.514521,-0.0212611,0.130788,0.316978,-0.00335159,1.5
470.7,0.514521,-0.0212611,0.130788,0.316978,-0.00335159,1.5
470.75,0.514521,-0.0212611,0.130788,0.316978,-0.00335159,1.5
470.8,0.514521,-0.0212611,0.130788,0.316978,-0.00335159,1.5
470.85,0.514521,-0.0212611,0.130788,0.316978,-0.00335159,1.5
470.9,0.514521,-0.0212611,0.130788,0.316978,-0.00335159,1.5
470.95,0.514521,-0.0212611,0.130788,0.316978,-0.00335159,1.5
471,0.514521,-0.0212611,0.130788,0.316978,-0.00335159,1.5
471.05,0.514521,-0.0212611,0.130788,0.316978,-0.00335159,1.5
471.1,0.514521,-0.0212611,0.130788,0.316978,-0.00335159,1.5
471.15,0.514521,-0.0212611,0.130788,0.316978,-0.00335159,1.5
471.2,0.514521,-0.0212611,0.130788,0.316978,-0.00335159,1.5
471.25,0.514521,-0.0212611,0.130788,0.316978,-0.00335159,1.5
471.3,0.514521,-0.0212611,0.130788,0.316978,-0.00335159,1.5
471.35,0.514521,-0.0212611,0.130788,0.316978,-0.00335159,1.5
471.4,0.514521,-0.0212611,0.130788,0.316978,-0.00335159,1.5
471.45,0.514521,-0.0212611,0.130788,0.316978,-0.00335159,1.5
471.5,0.514521,-0.0212611,0.130788,0.316978,-0.00335159,1.5
471.55,0.514521,-0.0212611,0.130788,0.316978,-0.00335159,1.5
471.6,0.514521,-0.0212611,0.130788,0.316978,-0.00335159,1.5
471.65,0.514521,-0.0212611,0.130788,0.316978,-0.00335159,1.5
471.7,0.514521,-0.0212611,0.130788,0.316978,-0.00335159,1.5
471.75,0.514521,-0.0212611,0.130788,0.316978,-0.00335159,1.5
471.8,0.514521,-0.0212611,0.130788,0.316978,-0.00335159,1.5
471.85,0.514521,-0.0212611,0.130788,0.316978,-0.00335159,1.5
471.9,0.514521,-0.0212611,0.130788,0.316978,-0.00335159,1.5
471.95,0.514521,-0.0212611,0.130788,0.316978,-0.00335159,1.5
472,0.514521,-0.0212611,0.130788,0.316978,-0.00335159,1.5
472.05,0.514521,-0.0212611,0.130788,0.316978,-0.00335159,1.5
472.1,0.514521,-0.0212611,0.130788,0.316978,-0.00335159,1.5
472.15,0.514521,-0.0212611,0.130788,0.316978,-0.00335159,1.5
472.2,0.514521,-0.0212611,0.130788,0.316978,-0.00335159,1.5
472.25,0.514521,-0.0212611,0.130788,0.316978,-0.00335159,1.5
472.3,0.514521,-0.0212611,0.130788,0.316978,-0.00335159,1.5
472.35,0.514521,-0.0212611,0.130788,0.316978,-0.00335159,1.5
472.4,0.514521,-0.0212611,0.130788,0.316978,-0.00335159,1.5
472.45,0.514521,-0.0212611,0.130788,0.316978,-0.00335159,1.5
472.5,0.514521,-0.0212611,0.130788,0.316978,-0.00335159,1.5
472.55,0.514521,-0.0212611,0.130788,0.316978,-0.00335159,1.5
472.6,0.514521,-0.0212611,0.130788,0.316978,-0.00335159,1.5
472.65,0.514521,-0.0212611,0.130788,0.316978,-0.00335159,1.5
472.7,0.514521,-0.0212611,0.130788,0.316978,-0.00335159,1.5
472.75,0.514521,-0.0212611,0.130788,0.316978,-0.00335159,1.5
472.8,0.514521,-0.0212611,0.130788,0.316978,-0.00335159,1.5
472.85,0.514521,-0.0212611,0.130788,0.316978,-0.00335159,1.5
472.9,0.514521,-0.0212611,0.130788,0.316978,-0.00335159,1.5
472.95,0.514521,-0.0212611,0.130788,0.316978,-0.00335159,1.5
473,0.514521,-0.0212611,0.130788,0.316978,-0.00335159,1.5
473.05,0.514521,-0.0212611,0.130788,0.316978,-0.00335159,1.5
473.1,0.514521,-0.0212611,0.130788,0.316978,-0.00335159,1.5
473.15,0.514521,-0.0212611,0.130788,0.316978,-0.00335159,1.5
473.2,0.514521,-0.0212611,0.130788,0.316978,-0.00335159,1.5
473.25,0.514521,-0.0212611,0.130788,0.316978,-0.00335159,1.5
473.3,0.514521,-0.0212611,0.130788,0.316978,-0.00335159,1.5
473.35,0.514521,-0.0212611,0.130788,0.316978,-0.00335159,1.5
473.4,0.514521,-0.0212611,0.130788,0.316978,-0.00335159,1.5
473.45,0.514521,-0.0212611,0.130788,0.316978,-0.00335159,1.5
473.5,0.514521,-0.0212611,0.130788,0.316978,-0.00335159,1.5
473.55,0.514521,-0.0212611,0.130788,0.316978,-0.00335159,1.5
473.6,0.514521,-0.0212611,0.130788,0.316978,-0.00335159,1.5
473.65,0.514521,-0.0212611,0.130788,0.316978,-0.00335159,1.5
473.7,0.514521,-0.0212611,0.130788,0.316978,-0.00335159,1.5
473.75,0.514521,-0.0212611,0.130788,0.316978,-0.00335159,1.5
473.8,0.514521,-0.0212611,0.130788,0.316978,-0.00335159,1.5
473.85,0.514521,-0.0212611,0.130788,0.316978,-0.00335159,1.5
473.9,0.514521,-0.0212611,0.130788,0.316978,-0.00335159,1.5
473.95,0.514521,-0.0212611,0.130788,0.316978,-0.00335159,1.5
474,0.514521,-0.0212611,0.130788,0.316978,-0.00335159,1.5
474.05,0.514521,-0.0212611,0.130788,0.316978,-0.00335159,1.5
474.1,0.514521,-0.0212611,0.130788,0.316978,-0.00335159,1.5
474.15,0.514521,-0.0212611,0.130788,0.316978,-0.00335159,1.5
474.2,0.514521,-0.0212611,0.130788,0.316978,-0.00335159,1.5
474.25,0.514521,-0.0212611,0.130788,0.316978,-0.00335159,1.5
474.3,0.514521,-0.0212611,0.130788,0.316978,-0.00335159,1.5
474.35,0.514521,-0.0212611,0.130788,0.316978,-0.00335159,1.5
474.4,0.514521,-0.0212611,0.130788,0.316978,-0.00335159,1.5
474.45,0.514521,-0.0212611,0.130788,0.316978,-0.00335159,1.5
474.5,0.514521,-0.0212611,0.130788,0.316978,-0.00335159,1.5
474.55,0.514521,-0.0212611,0.130788,0.316978,-0.00335159,1.5
474.6,0.514521,-0.0212611,0.130788,0.316978,-0.00335159,1.5
474.65,0.514521,-0.0212611,0.130788,0.316978,-0.00335159,1.5
474.7,0.514521,-0.0212611,0.130788,0.316978,-0.00335159,1.5
474.75,0.514521,-0.0212611,0.130788,0.316978,-0.00335159,1.5
474.8,0.514521,-0.0212611,0.130788,0.316978,-0.00335159,1.5
474.85,0.514521,-0.0212611,0.130788,0.316978,-0.00335159,1.5
474.9,0.514521,-0.0212611,0.130788,0.316978,-0.00335159,1.5
474.95,0.514521,-0.0212611,0.130788,0.316978,-0.00335159,1.5
475,0.514521,-0.0212611,0.130788,0.316978,-0.00335159,1.5
475.05,0.514521,-0.0212611,0.130788,0.316978,-0.00335159,1.5
475.1,0.514521,-0.0212611,0.130788,0.316978,-0.00335159,1.5
475.15,0.514521,-0.0212611,0.130788,0.316978,-0.00335159,1.5
475.2,0.514521,-0.0212611,0.130788,0.316978,-0.00335159,1.5
475.25,0.514521,-0.0212611,0.130788,0.316978,-0.00335159,1.5
475.3,0.514521,-0.0212611,0.130788,0.316978,-0.00335159,1.5
475.35,0.514521,-0.0212611,0.130788,0.316978,-0.00335159,1.5
475.4,0.514521,-0.0212611,0.130788,0.316978,-0.00335159,1.5
475.45,0.514521,-0.0212611,0.130788,0.316978,-0.00335159,1.5
475.5,0.514521,-0.0212611,0.130788,0.316978,-0.00335159,1.5
475.55,0.514521,-0.0212611,0.130788,0.316978,-0.00335159,1.5
475.6,0.514521,-0.0212611,0.130788,0.316978,-0.00335159,1.5
475.65,0.514521,-0.0212611,0.130788,0.316978,-0.00335159,1.5
475.7,0.514521,-0.0212611,0.130788,0.316978,-0.00335159,1.5
475.75,0.514521,-0.0212611,0.130788,0.316978,-0.00335159,1.5
475.8,0.514521,-0.0212611,0.130788,0.316978,-0.00335159,1.5
475.85,0.514521,-0.0212611,0.130788,0.316978,-0.00335159,1.5
475.9,0.514521,-0.0212611,0.130788,0.316978,-0.00335159,1.5
475.95,0.514521,-0.0212611,0.130788,0.316978,-0.00335159,1.5
476,0.514521,-0.0212611,0.130788,0.316978,-0.00335159,1.5
476.05,0.514521,-0.0212611,0.130788,0.316978,-0.00335159,1.5
476.1,0.514521,-0.0212611,0.130788,0.316978,-0.00335159,1.5
476.15,0.514521,-0.0212611,0.130788,0.316978,-0.00335159,1.5
476.2,0.514521,-0.0212611,0.130788,0.316978,-0.00335159,1.5
476.25,0.514521,-0.0212611,0.130788,0.316978,-0.00335159,1.5
476.3,0.514521,-0.0212611,0.130788,0.316978,-0.00335159,1.5
476.35,0.514521,-0.0212611,0.130788,0.316978,-0.00335159,1.5
476.4,0.514521,-0.0212611,0.130788,0.316978,-0.00335159,1.5
476.45,0.514521,-0.0212611,0.130788,0.316978,-0.00335159,1.5
476.5,0.514521,-0.0212611,0.130788,0.316978,-0.00335159,1.5
476.55,0.514521,-0.0212611,0.130788,0.316978,-0.00335159,1.5
476.6,0.514521,-0.0212611,0.130788,0.316978,-0.00335159,1.5
476.65,0.514521,-0.0212611,0.130788,0.316978,-0.00335159,1.5
476.7,0.514521,-0.0212611,0.130788,0.316978,-0.00335159,1.5
476.75,0.514521,-0.0212611,0.130788,0.316978,-0.00335159,1.5
476.8,0.514521,-0.0212611,0.130788,0.316978,-0.00335159,1.5
476.85,0.514521,-0.0212611,0.130788,0.316978,-0.00335159,1.5
476.9,0.514521,-0.0212611,0.130788,0.316978,-0.00335159,1.5
476.95,0.514521,-0.0212611,0.130788,0.316978,-0.00335159,1.5
477,0.514521,-0.0212611,0.130788,0.316978,-0.00335159,1.5
477.05,0.514521,-0.0212611,0.130788,0.316978,-0.00335159,1.5
477.1,0.514521,-0.0212611,0.130788,0.316978,-0.00335159,1.5
477.15,0.514521,-0.0212611,0.130788,0.316978,-0.00335159,1.5
477.2,0.514521,-0.0212611,0.130788,0.316978,-0.00335159,1.5
477.25,0.514521,-0.0212611,0.130788,0.316978,-0.00335159,1.5
477.3,0.514521,-0.0212611,0.130788,0.316978,-0.00335159,1.5
477.35,0.514521,-0.0212611,0.130788,0.316978,-0.00335159,1.5
477.4,0.514521,-0.0212611,0.130788,0.316978,-0.00335159,1.5
477.45,0.514521,-0.0212611,0.130788,0.316978,-0.00335159,1.5
477.5,0.514521,-0.0212611,0.130788,0.316978,-0.00335159,1.5
477.55,0.514521,-0.0212611,0.130788,0.316978,-0.00335159,1.5
477.6,0.514521,-0.0212611,0.130788,0.316978,-0.00335159,1.5
477.65,0.514521,-0.0212611,0.130788,0.316978,-0.00335159,1.5
477.7,0.514521,-0.0212611,0.130788,0.316978,-0.00335159,1.5
477.75,0.514521,-0.0212611,0.130788,0.316978,-0.00335159,1.5
477.8,0.514521,-0.0212611,0.130788,0.316978,-0.00335159,1.5
477.85,0.514521,-0.0212611,0.130788,0.316978,-0.00335159,1.5
477.9,0.514521,-0.0212611,0.130788,0.316978,-0.00335159,1.5
477.95,0.514521,-0.0213905,0.130788,0.316978,-0.00335159,1.5
478,0.514521,-0.0215197,0.130788,0.316978,-0.00335159,1.5
478.05,0.514521,-0.0216487,0.130788,0.316978,-0.00335159,1.5
478.1,0.514521,-0.0217775,0.130788,0.316978,-0.00335159,1.5
478.15,0.514521,-0.0219062,0.130788,0.316978,-0.00335159,1.5
478.2,0.514521,-0.0220346,0.130788,0.316978,-0.00335159,1.5
478.25,0.514521,-0.0221629,0.130788,0.316978,-0.00335159,1.5
478.3,0.514521,-0.022291,0.130788,0.316978,-0.00335159,1.5
478.35,0.514521,-0.0224189,0.130788,0.316978,-0.00335159,1.5
478.4,0.514521,-0.0225466,0.130788,0.316978,-0.00335159,1.5
478.45,0.514521,-0.0226742,0.130788,0.316978,-0.00335159,1.5
478.5,0.514521,-0.0228015,0.130788,0.316978,-0.00335159,1.5
478.55,0.514521,-0.0229287,0.130788,0.316978,-0.00335159,1.5
478.6,0.514521,-0.0230556,0.130788,0.316978,-0.00335159,1.5
478.65,0.514521,-0.0231824,0.130788,0.316978,-0.00335159,1.5
478.7,0.514521,-0.023309,0.130788,0.316978,-0.00335159,1.5
478.75,0.514521,-0.0234354,0.130788,0.316978,-0.00335159,1.5
478.8,0.514521,-0.0235616,0.130788,0.316978,-0.00335159,1.5
478.85,0.514521,-0.0236877,0.130788,0.316978,-0.00335159,1.5
478.9,0.514521,-0.0238136,0.130788,0.316978,-0.00335159,1.5
478.95,0.514521,-0.0239394,0.130788,0.316978,-0.00335159,1.5
479,0.514521,-0.024065,0.130788,0.316978,-0.00335159,1.5
479.05,0.514521,-0.0241904,0.130788,0.316978,-0.00335159,1.5
479.1,0.514521,-0.0243156,0.130788,0.316978,-0.00335159,1.5
479.15,0.514521,-0.0244408,0.130788,0.316978,-0.00335159,1.5
479.2,0.514521,-0.0245657,0.130788,0.316978,-0.00335159,1.5
479.25,0.514521,-0.0246905,0.130788,0.316978,-0.00335159,1.5
479.3,0.514521,-0.0248151,0.130788,0.316978,-0.00335159,1.5
479.35,0.514521,-0.0249396,0.130788,0.316978,-0.00335159,1.5
479.4,0.514521,-0.0250638,0.130788,0.316978,-0.00335159,1.5
479.45,0.514521,-0.025188,0.130788,0.316978,-0.00335159,1.5
479.5,0.514521,-0.025312,0.130788,0.316978,-0.00335159,1.5
479.55,0.514521,-0.0254358,0.130788,0.316978,-0.00335159,1.5
479.6,0.514521,-0.0255595,0.130788,0.316978,-0.00335159,1.5
479.65,0.514521,-0.025683,0.130788,0.316978,-0.00335159,1.5
479.7,0.514521,-0.0258063,0.130788,0.316978,-0.00335159,1.5
479.75,0.514521,-0.0259295,0.130788,0.316978,-0.00335159,1.5
479.8,0.514521,-0.0260525,0.130788,0.316978,-0.00335159,1.5
479.85,0.514521,-0.0261754,0.130788,0.316978,-0.00335159,1.5
479.9,0.514521,-0.0262981,0.130788,0.316978,-0.00335159,1.5
479.95,0.514521,-0.0264206,0.130788,0.316978,-0.00335159,1.5
480,0.514521,-0.026543,0.130788,0.316978,-0.00335159,1.5
480.05,0.514521,-0.0266653,0.130788,0.316978,-0.00335159,1.5
480.1,0.514521,-0.0267873,0.130788,0.316978,-0.00335159,1.5
480.15,0.514521,-0.0269092,0.130788,0.316978,-0.00335159,1.5
480.2,0.514521,-0.027031,0.130788,0.316978,-0.00335159,1.5
480.25,0.514521,-0.0271526,0.130788,0.316978,-0.00335159,1.5
480.3,0.514521,-0.027274,0.130788,0.316978,-0.00335159,1.5
480.35,0.514521,-0.0273953,0.130788,0.316978,-0.00335159,1.5
480.4,0.514521,-0.0275164,0.130788,0.316978,-0.00335159,1.5
480.45,0.514521,-0.0276373,0.130788,0.316978,-0.00335159,1.5
480.5,0.514521,-0.0277581,0.130788,0.316978,-0.00335159,1.5
480.55,0.514521,-0.0278787,0.130788,0.316978,-0.00335159,1.5
480.6,0.514521,-0.0279992,0.130788,0.316978,-0.00335159,1.5
480.65,0.514521,-0.0281195,0.130788,0.316978,-0.00335159,1.5
480.7,0.514521,-0.0282397,0.130788,0.316978,-0.00335159,1.5
480.75,0.514521,-0.0283596,0.130788,0.316978,-0.00335159,1.5
480.8,0.514521,-0.0284794,0.130788,0.316978,-0.00335159,1.5
480.85,0.514521,-0.0285991,0.130788,0.316978,-0.00335159,1.5
480.9,0.514521,-0.0287186,0.130788,0.316978,-0.00335159,1.5
480.95,0.514521,-0.0288379,0.130788,0.316978,-0.00335159,1.5
481,0.514521,-0.0289571,0.130788,0.316978,-0.00335159,1.5
481.05,0.514521,-0.0290761,0.130788,0.316978,-0.00335159,1.5
481.1,0.514521,-0.0291949,0.130788,0.316978,-0.00335159,1.5
481.15,0.514521,-0.0293136,0.130788,0.316978,-0.00335159,1.5
481.2,0.514521,-0.0294321,0.130788,0.316978,-0.00335159,1.5
481.25,0.514521,-0.0295504,0.130788,0.316978,-0.00335159,1.5
481.3,0.514521,-0.0296686,0.130788,0.316978,-0.00335159,1.5
481.35,0.514521,-0.0297866,0.130788,0.316978,-0.00335159,1.5
481.4,0.514521,-0.0299044,0.130788,0.316978,-0.00335159,1.5
481.45,0.514521,-0.030022,0.130788,0.316978,-0.00335159,1.5
481.5,0.514521,-0.0301395,0.130788,0.316978,-0.00335159,1.5
481.55,0.514521,-0.0302569,0.130788,0.316978,-0.00335159,1.5
481.6,0.514521,-0.030374,0.130788,0.316978,-0.00335159,1.5
481.65,0.514521,-0.030491,0.130788,0.316978,-0.00335159,1.5
481.7,0.514521,-0.0306078,0.130788,0.316978,-0.00335159,1.5
481.75,0.514521,-0.0307244,0.130788,0.316978,-0.00335159,1.5
481.8,0.514521,-0.0308408,0.130788,0.316978,-0.00335159,1.5
481.85,0.514521,-0.0309571,0.130788,0.316978,-0.00335159,1.5
481.9,0.514521,-0.0310732,0.130788,0.316978,-0.00335159,1.5
481.95,0.514521,-0.0311891,0.130788,0.316978,-0.00335159,1.5
482,0.514521,-0.0313049,0.130788,0.316978,-0.00335159,1.5
482.05,0.514521,-0.0314204,0.130788,0.316978,-0.00335159,1.5
482.1,0.514521,-0.0315358,0.130788,0.316978,-0.00335159,1.5
482.15,0.514521,-0.031651,0.130788,0.316978,-0.00335159,1.5
482.2,0.514521,-0.0317659,0.130788,0.316978,-0.00335159,1.5
482.25,0.514521,-0.0318807,0.130788,0.316978,-0.00335159,1.5
482.3,0.514521,-0.0319953,0.130788,0.316978,-0.00335159,1.5
482.35,0.514521,-0.0321097,0.130788,0.316978,-0.00335159,1.5
482.4,0.514521,-0.032224,0.130788,0.316978,-0.00335159,1.5
482.45,0.514521,-0.032338,0.130788,0.316978,-0.00335159,1.5
482.5,0.514521,-0.0324518,0.130788,0.316978,-0.00335159,1.5
482.55,0.514521,-0.0325654,0.130788,0.316978,-0.00335159,1.5
482.6,0.514521,-0.0326789,0.130788,0.316978,-0.00335159,1.5
482.65,0.514521,-0.0327921,0.130788,0.316978,-0.00335159,1.5
482.7,0.514521,-0.0329052,0.130788,0.316978,-0.00335159,1.5
482.75,0.514521,-0.033018,0.130788,0.316978,-0.00335159,1.5
482.8,0.514521,-0.0331306,0.130788,0.316978,-0.00335159,1.5
482.85,0.514521,-0.0332431,0.130788,0.316978,-0.00335159,1.5
482.9,0.514521,-0.0333553,0.130788,0.316978,-0.00335159,1.5
482.95,0.514521,-0.0334673,0.130788,0.316978,-0.00335159,1.5
483,0.514521,-0.0335792,0.130788,0.316978,-0.00335159,1.5
483.05,0.514521,-0.0336908,0.130788,0.316978,-0.00335159,1.5
483.1,0.514521,-0.0338022,0.130788,0.316978,-0.00335159,1.5
483.15,0.514521,-0.0339135,0.130788,0.316978,-0.00335159,1.5
483.2,0.514521,-0.0340245,0.130788,0.316978,-0.00335159,1.5
483.25,0.514521,-0.0341353,0.130788,0.316978,-0.00335159,1.5
483.3,0.514521,-0.0342459,0.130788,0.316978,-0.00335159,1.5
483.35,0.514521,-0.0343563,0.130788,0.316978,-0.00335159,1.5
483.4,0.514521,-0.0344665,0.130788,0.316978,-0.00335159,1.5
483.45,0.514521,-0.0345764,0.130788,0.316978,-0.00335159,1.5
483.5,0.514521,-0.0346862,0.130788,0.316978,-0.00335159,1.5
483.55,0.514521,-0.0347957,0.130788,0.316978,-0.00335159,1.5
483.6,0.514521,-0.0349051,0.130788,0.316978,-0.00335159,1.5
483.65,0.514521,-0.0350142,0.130788,0.316978,-0.00335159,1.5
483.7,0.514521,-0.0351231,0.130788,0.316978,-0.00335159,1.5
483.75,0.514521,-0.0352318,0.130788,0.316978,-0.00335159,1.5
483.8,0.514521,-0.0353403,0.130788,0.316978,-0.00335159,1.5
483.85,0.514521,-0.0354486,0.130788,0.316978,-0.00335159,1.5
483.9,0.514521,-0.0355566,0.130788,0.316978,-0.00335159,1.5
483.95,0.514521,-0.0356645,0.130788,0.316978,-0.00335159,1.5
484,0.514521,-0.0357721,0.130788,0.316978,-0.00335159,1.5
484.05,0.514521,-0.0358795,0.130788,0.316978,-0.00335159,1.5
484.1,0.514521,-0.0359867,0.130788,0.316978,-0.00335159,1.5
484.15,0.514521,-0.0360937,0.130788,0.316978,-0.00335159,1.5
484.2,0.514521,-0.0362004,0.130788,0.316978,-0.00335159,1.5
484.25,0.514521,-0.036307,0.130788,0.316978,-0.00335159,1.5
484.3,0.514521,-0.0364133,0.130788,0.316978,-0.00335159,1.5
484.35,0.514521,-0.0365194,0.130788,0.316978,-0.00335159,1.5
484.4,0.514521,-0.0366253,0.130788,0.316978,-0.00335159,1.5
484.45,0.514521,-0.036731,0.130788,0.316978,-0.00335159,1.5
484.5,0.514521,-0.0368365,0.130788,0.316978,-0.00335159,1.5
484.55,0.514521,-0.0369417,0.130788,0.316978,-0.00335159,1.5
484.6,0.514521,-0.0370467,0.130788,0.316978,-0.00335159,1.5
484.65,0.514521,-0.0371515,0.130788,0.316978,-0.00335159,1.5
484.7,0.514521,-0.0372561,0.130788,0.316978,-0.00335159,1.5
484.75,0.514521,-0.0373605,0.130788,0.316978,-0.00335159,1.5
484.8,0.514521,-0.0374646,0.130788,0.316978,-0.00335159,1.5
484.85,0.514521,-0.0375685,0.130788,0.316978,-0.00335159,1.5
484.9,0.514521,-0.0376723,0.130788,0.316978,-0.00335159,1.5
484.95,0.514521,-0.0377757,0.130788,0.316978,-0.00335159,1.5
485,0.514521,-0.037879,0.130788,0.316978,-0.00335159,1.5
485.05,0.514521,-0.0379821,0.130788,0.316978,-0.00335159,1.5
485.1,0.514521,-0.0380849,0.130788,0.316978,-0.00335159,1.5
485.15,0.514521,-0.0381876,0.130788,0.316978,-0.00335159,1.5
485.2,0.514521,-0.03829,0.130788,0.316978,-0.00335159,1.5
485.25,0.514521,-0.0383922,0.130788,0.316978,-0.00335159,1.5
485.3,0.514521,-0.0384942,0.130788,0.316978,-0.00335159,1.5
485.35,0.514521,-0.038596,0.130788,0.316978,-0.00335159,1.5
485.4,0.514521,-0.0386975,0.130788,0.316978,-0.00335159,1.5
485.45,0.514521,-0.0387989,0.130788,0.316978,-0.00335159,1.5
485.5,0.514521,-0.0389001,0.130788,0.316978,-0.00335159,1.5
485.55,0.514521,-0.039001,0.130788,0.316978,-0.00335159,1.5
485.6,0.514521,-0.0391018,0.130788,0.316978,-0.00335159,1.5
485.65,0.514521,-0.0392023,0.130788,0.316978,-0.00335159,1.5
485.7,0.514521,-0.0393026,0.130788,0.316978,-0.00335159,1.5
485.75,0.514521,-0.0394027,0.130788,0.316978,-0.00335159,1.5
485.8,0.514521,-0.0395026,0.130788,0.316978,-0.00335159,1.5
485.85,0.514521,-0.0396024,0.130788,0.316978,-0.00335159,1.5
485.9,0.514521,-0.0397018,0.130788,0.316978,-0.00335159,1.5
485.95,0.514521,-0.0398011,0.130788,0.316978,-0.00335159,1.5
486,0.514521,-0.0399002,0.130788,0.316978,-0.00335159,1.5
486.05,0.514521,-0.039999,0.130788,0.316978,-0.00335159,1.5
486.1,0.514521,-0.0400975,0.130788,0.316978,-0.00335159,1.5
486.15,0.514521,-0.0400975,0.130788,0.316978,-0.00335159,1.5
486.2,0.514521,-0.0400975,0.130788,0.316978,-0.00335159,1.5
486.25,0.514521,-0.0400975,0.130788,0.316978,-0.00335159,1.5
486.3,0.514521,-0.0400975,0.130788,0.316978,-0.00335159,1.5
486.35,0.514521,-0.0400975,0.130788,0.316978,-0.00335159,1.5
486.4,0.514521,-0.0400975,0.130788,0.316978,-0.00335159,1.5
486.45,0.514521,-0.0400975,0.130788,0.316978,-0.00335159,1.5
486.5,0.514521,-0.0400975,0.130788,0.316978,-0.00335159,1.5
486.55,0.514521,-0.0400975,0.130788,0.316978,-0.00335159,1.5
486.6,0.514521,-0.0400975,0.130788,0.316978,-0.00335159,1.5
486.65,0.514521,-0.0400975,0.130788,0.316978,-0.00335159,1.5
486.7,0.514521,-0.0400975,0.130788,0.316978,-0.00335159,1.5
486.75,0.514521,-0.0400975,0.130788,0.316978,-0.00335159,1.5
486.8,0.514521,-0.0400975,0.130788,0.316978,-0.00335159,1.5
486.85,0.514521,-0.0400975,0.130788,0.316978,-0.00335159,1.5
486.9,0.514521,-0.0400975,0.130788,0.316978,-0.00335159,1.5
486.95,0.514521,-0.0400975,0.130788,0.316978,-0.00335159,1.5
487,0.514521,-0.0400975,0.130788,0.316978,-0.00335159,1.5
487.05,0.514521,-0.0400975,0.130788,0.316978,-0.00335159,1.5
487.1,0.514521,-0.0400975,0.130788,0.316978,-0.00335159,1.5
487.15,0.514521,-0.0400975,0.130788,0.316978,-0.00335159,1.5
487.2,0.514521,-0.0400975,0.130788,0.316978,-0.00335159,1.5
487.25,0.514521,-0.0400975,0.130788,0.316978,-0.00335159,1.5
487.3,0.514521,-0.0400975,0.130788,0.316978,-0.00335159,1.5
487.35,0.514521,-0.0400975,0.130788,0.316978,-0.00335159,1.5
487.4,0.514521,-0.0400975,0.130788,0.316978,-0.00335159,1.5
487.45,0.514521,-0.0400975,0.130788,0.316978,-0.00335159,1.5
487.5,0.514521,-0.0400975,0.130788,0.316978,-0.00335159,1.5
487.55,0.514521,-0.0400975,0.130788,0.316978,-0.00335159,1.5
487.6,0.514521,-0.0400975,0.130788,0.316978,-0.00335159,1.5
487.65,0.514521,-0.0400975,0.130788,0.316978,-0.00335159,1.5
487.7,0.514521,-0.0400975,0.130788,0.316978,-0.00335159,1.5
487.75,0.514521,-0.0400975,0.130788,0.316978,-0.00335159,1.5
487.8,0.514521,-0.0400975,0.130788,0.316978,-0.00335159,1.5
487.85,0.514521,-0.0400975,0.130788,0.316978,-0.00335159,1.5
487.9,0.514521,-0.0400975,0.130788,0.316978,-0.00335159,1.5
487.95,0.514521,-0.0400975,0.130788,0.316978,-0.00335159,1.5
488,0.514521,-0.0400975,0.130788,0.316978,-0.00335159,1.5
488.05,0.514521,-0.0400975,0.130788,0.316978,-0.00335159,1.5
488.1,0.514521,-0.0400975,0.130788,0.316978,-0.00335159,1.5
488.15,0.514521,-0.0400975,0.130788,0.316978,-0.00335159,1.5
488.2,0.514521,-0.0400975,0.130788,0.316978,-0.00335159,1.5
488.25,0.514521,-0.0400975,0.130788,0.316978,-0.00335159,1.5
488.3,0.514521,-0.0400975,0.130788,0.316978,-0.00335159,1.5
488.35,0.514521,-0.0400975,0.130788,0.316978,-0.00335159,1.5
488.4,0.514521,-0.0400975,0.130788,0.316978,-0.00335159,1.5
488.45,0.514521,-0.0400975,0.130788,0.316978,-0.00335159,1.5
488.5,0.514521,-0.0400975,0.130788,0.316978,-0.00335159,1.5
488.55,0.514521,-0.0400975,0.130788,0.316978,-0.00335159,1.5
488.6,0.514521,-0.0400975,0.130788,0.316978,-0.00335159,1.5
488.65,0.514521,-0.0400975,0.130788,0.316978,-0.00335159,1.5
488.7,0.514521,-0.0400975,0.130788,0.316978,-0.00335159,1.5
488.75,0.514521,-0.0400975,0.130788,0.316978,-0.00335159,1.5
488.8,0.514521,-0.0400975,0.130788,0.316978,-0.00335159,1.5
488.85,0.514521,-0.0400975,0.130788,0.316978,-0.00335159,1.5
488.9,0.514521,-0.0400975,0.130788,0.316978,-0.00335159,1.5
488.95,0.514521,-0.0400975,0.130788,0.316978,-0.00335159,1.5
489,0.514521,-0.0400975,0.130788,0.316978,-0.00335159,1.5
489.05,0.514521,-0.0400975,0.130788,0.316978,-0.00335159,1.5
489.1,0.514521,-0.0400975,0.130788,0.316978,-0.00335159,1.5
489.15,0.514521,-0.0400975,0.130788,0.316978,-0.00335159,1.5
489.2,0.514521,-0.0400975,0.130788,0.316978,-0.00335159,1.5
489.25,0.514521,-0.0400975,0.130788,0.316978,-0.00335159,1.5
489.3,0.514521,-0.0400975,0.130788,0.316978,-0.00335159,1.5
489.35,0.514521,-0.0400975,0.130788,0.316978,-0.00335159,1.5
489.4,0.514521,-0.0400975,0.130788,0.316978,-0.00335159,1.5
489.45,0.514521,-0.0400975,0.130788,0.316978,-0.00335159,1.5
489.5,0.514521,-0.0400975,0.130788,0.316978,-0.00335159,1.5
489.55,0.514521,-0.0400975,0.130788,0.316978,-0.00335159,1.5
489.6,0.514521,-0.0400975,0.130788,0.316978,-0.00335159,1.5
489.65,0.514521,-0.0400975,0.130788,0.316978,-0.00335159,1.5
489.7,0.514521,-0.0400975,0.130788,0.316978,-0.00335159,1.5
489.75,0.514521,-0.0400975,0.130788,0.316978,-0.00335159,1.5
489.8,0.514521,-0.0400975,0.130788,0.316978,-0.00335159,1.5
489.85,0.514521,-0.0400975,0.130788,0.316978,-0.00335159,1.5
489.9,0.514521,-0.0400975,0.130788,0.316978,-0.00335159,1.5
489.95,0.514521,-0.0400975,0.130788,0.316978,-0.00335159,1.5
490,0.514521,-0.0400975,0.130788,0.316978,-0.00335159,1.5
490.05,0.514521,-0.0400975,0.130788,0.316978,-0.00335159,1.5
490.1,0.514521,-0.0400975,0.130788,0.316978,-0.00335159,1.5
490.15,0.514521,-0.0400975,0.130788,0.316978,-0.00335159,1.5
490.2,0.514521,-0.0400975,0.130788,0.316978,-0.00335159,1.5
490.25,0.514521,-0.0400975,0.130788,0.316978,-0.00335159,1.5
490.3,0.514521,-0.0400975,0.130788,0.316978,-0.00335159,1.5
490.35,0.514521,-0.0400975,0.130788,0.316978,-0.00335159,1.5
490.4,0.514521,-0.0400975,0.130788,0.316978,-0.00335159,1.5
490.45,0.514521,-0.0400975,0.130788,0.316978,-0.00335159,1.5
490.5,0.514521,-0.0400975,0.130788,0.316978,-0.00335159,1.5
490.55,0.514521,-0.0400975,0.130788,0.316978,-0.00335159,1.5
490.6,0.514521,-0.0400975,0.130788,0.316978,-0.00335159,1.5
490.65,0.514521,-0.0400975,0.130788,0.316978,-0.00335159,1.5
490.7,0.514521,-0.0400975,0.130788,0.316978,-0.00335159,1.5
490.75,0.514521,-0.0400975,0.130788,0.316978,-0.00335159,1.5
490.8,0.514521,-0.0400975,0.130788,0.316978,-0.00335159,1.5
490.85,0.514521,-0.0400975,0.130788,0.316978,-0.00335159,1.5
490.9,0.514521,-0.0400975,0.130788,0.316978,-0.00335159,1.5
490.95,0.514521,-0.0400975,0.130788,0.316978,-0.00335159,1.5
491,0.514521,-0.0400975,0.130788,0.316978,-0.00335159,1.5
491.05,0.514521,-0.0400975,0.130788,0.316978,-0.00335159,1.5
491.1,0.514521,-0.0400975,0.130788,0.316978,-0.00335159,1.5
491.15,0.514521,-0.0400975,0.130788,0.316978,-0.00335159,1.5
491.2,0.514521,-0.0400975,0.130788,0.316978,-0.00335159,1.5
491.25,0.514521,-0.0400975,0.130788,0.316978,-0.00335159,1.5
491.3,0.514521,-0.0400975,0.130788,0.316978,-0.00335159,1.5
491.35,0.514521,-0.0400975,0.130788,0.316978,-0.00335159,1.5
491.4,0.514521,-0.0400975,0.130788,0.316978,-0.00335159,1.5
491.45,0.514521,-0.0400975,0.130788,0.316978,-0.00335159,1.5
491.5,0.514521,-0.0400975,0.130788,0.316978,-0.00335159,1.5
491.55,0.514521,-0.0400975,0.130788,0.316978,-0.00335159,1.5
491.6,0.514521,-0.0400975,0.130788,0.316978,-0.00335159,1.5
491.65,0.514521,-0.0400975,0.130788,0.316978,-0.00335159,1.5
491.7,0.514521,-0.0400975,0.130788,0.316978,-0.00335159,1.5
491.75,0.514521,-0.0400975,0.130788,0.316978,-0.00335159,1.5
491.8,0.514521,-0.0400975,0.130788,0.316978,-0.00335159,1.5
491.85,0.514521,-0.0400975,0.130788,0.316978,-0.00335159,1.5
491.9,0.514521,-0.0400975,0.130788,0.316978,-0.00335159,1.5
491.95,0.514521,-0.0400975,0.130788,0.316978,-0.00335159,1.5
492,0.514521,-0.0400975,0.130788,0.316978,-0.00335159,1.5
492.05,0.514521,-0.0400975,0.130788,0.316978,-0.00335159,1.5
492.1,0.514521,-0.0400975,0.130788,0.316978,-0.00335159,1.5
492.15,0.514521,-0.0400975,0.130788,0.316978,-0.00335159,1.5
492.2,0.514521,-0.0400975,0.130788,0.316978,-0.00335159,1.5
492.25,0.514521,-0.0400975,0.130788,0.316978,-0.00335159,1.5
492.3,0.514521,-0.0400975,0.130788,0.316978,-0.00335159,1.5
492.35,0.514521,-0.0400975,0.130788,0.316978,-0.00335159,1.5
492.4,0.514521,-0.0400975,0.130788,0.316978,-0.00335159,1.5
492.45,0.514521,-0.0400975,0.130788,0.316978,-0.00335159,1.5
492.5,0.514521,-0.0400975,0.130788,0.316978,-0.00335159,1.5
492.55,0.514521,-0.0400975,0.130788,0.316978,-0.00335159,1.5
492.6,0.514521,-0.0400975,0.130788,0.316978,-0.00335159,1.5
492.65,0.514521,-0.0400975,0.130788,0.316978,-0.00335159,1.5
492.7,0.514521,-0.0400975,0.130788,0.316978,-0.00335159,1.5
492.75,0.514521,-0.0400975,0.130788,0.316978,-0.00335159,1.5
492.8,0.514521,-0.0400975,0.130788,0.316978,-0.00335159,1.5
492.85,0.514521,-0.0400975,0.130788,0.316978,-0.00335159,1.5
492.9,0.514521,-0.0400975,0.130788,0.316978,-0.00335159,1.5
492.95,0.514521,-0.0400975,0.130788,0.316978,-0.00335159,1.5
493,0.514521,-0.0400975,0.130788,0.316978,-0.00335159,1.5
493.05,0.514521,-0.0400975,0.130788,0.316978,-0.00335159,1.5
493.1,0.514521,-0.0400975,0.130788,0.316978,-0.00335159,1.5
493.15,0.514521,-0.0400975,0.130788,0.316978,-0.00335159,1.5
493.2,0.514521,-0.0400975,0.130788,0.316978,-0.00335159,1.5
493.25,0.514521,-0.0400975,0.130788,0.316978,-0.00335159,1.5
493.3,0.514521,-0.0400975,0.130788,0.316978,-0.00335159,1.5
493.35,0.514521,-0.0400975,0.130788,0.316978,-0.00335159,1.5
493.4,0.514521,-0.0400975,0.130788,0.316978,-0.00335159,1.5
493.45,0.514521,-0.0400975,0.130788,0.316978,-0.00335159,1.5
493.5,0.514521,-0.0400975,0.130788,0.316978,-0.00335159,1.5
493.55,0.514521,-0.0400975,0.130788,0.316978,-0.00335159,1.5
493.6,0.514521,-0.0400975,0.130788,0.316978,-0.00335159,1.5
493.65,0.514521,-0.0400975,0.130788,0.316978,-0.00335159,1.5
493.7,0.514521,-0.0400975,0.130788,0.316978,-0.00335159,1.5
493.75,0.514521,-0.0400975,0.130788,0.316978,-0.00335159,1.5
493.8,0.514521,-0.0400975,0.130788,0.316978,-0.00335159,1.5
493.85,0.514521,-0.0400975,0.130788,0.316978,-0.00335159,1.5
493.9,0.514521,-0.0400975,0.130788,0.316978,-0.00335159,1.5
493.95,0.514521,-0.0400975,0.130788,0.316978,-0.00335159,1.5
494,0.514521,-0.0400975,0.130788,0.316978,-0.00335159,1.5
494.05,0.514521,-0.0400975,0.130788,0.316978,-0.00335159,1.5
494.1,0.514521,-0.0400975,0.130788,0.316978,-0.00335159,1.5
494.15,0.514521,-0.0400975,0.130788,0.316978,-0.00335159,1.5
494.2,0.514521,-0.0400975,0.130788,0.316978,-0.00335159,1.5
494.25,0.514521,-0.0400975,0.130788,0.316978,-0.00335159,1.5
494.3,0.514521,-0.0400975,0.130788,0.316978,-0.00335159,1.5
494.35,0.514521,-0.0400975,0.130788,0.316978,-0.00335159,1.5
494.4,0.514521,-0.0400975,0.130788,0.316978,-0.00335159,1.5
494.45,0.514521,-0.0400975,0.130788,0.316978,-0.00335159,1.5
494.5,0.514521,-0.0400975,0.130788,0.316978,-0.00335159,1.5
494.55,0.514521,-0.0400975,0.130788,0.316978,-0.00335159,1.5
494.6,0.514521,-0.0400975,0.130788,0.316978,-0.00335159,1.5
494.65,0.514521,-0.0400975,0.130788,0.316978,-0.00335159,1.5
494.7,0.514521,-0.0400975,0.130788,0.316978,-0.00335159,1.5
494.75,0.514521,-0.0400975,0.130788,0.316978,-0.00335159,1.5
494.8,0.514521,-0.0400975,0.130788,0.316978,-0.00335159,1.5
494.85,0.514521,-0.0400975,0.130788,0.316978,-0.00335159,1.5
494.9,0.514521,-0.0400975,0.130788,0.316978,-0.00335159,1.5
494.95,0.514521,-0.0400975,0.130788,0.316978,-0.00335159,1.5
495,0.514521,-0.0400975,0.130788,0.316978,-0.00335159,1.5
495.05,0.514521,-0.0400975,0.130788,0.316978,-0.00335159,1.5
495.1,0.514521,-0.0400975,0.130788,0.316978,-0.00335159,1.5
495.15,0.514521,-0.0400975,0.130788,0.316978,-0.00335159,1.5
495.2,0.514521,-0.0400975,0.130788,0.316978,-0.00335159,1.5
495.25,0.514521,-0.0400975,0.130788,0.316978,-0.00335159,1.5
495.3,0.514521,-0.0400975,0.130788,0.316978,-0.00335159,1.5
495.35,0.514521,-0.0400975,0.130788,0.316978,-0.00335159,1.5
495.4,0.514521,-0.0400975,0.130788,0.316978,-0.00335159,1.5
495.45,0.514521,-0.0400975,0.130788,0.316978,-0.00335159,1.5
495.5,0.514521,-0.0400975,0.130788,0.316978,-0.00335159,1.5
495.55,0.514521,-0.0400975,0.130788,0.316978,-0.00335159,1.5
495.6,0.514521,-0.0400975,0.130788,0.316978,-0.00335159,1.5
495.65,0.514521,-0.0400975,0.130788,0.316978,-0.00335159,1.5
495.7,0.514521,-0.0400975,0.130788,0.316978,-0.00335159,1.5
495.75,0.514521,-0.0400975,0.130788,0.316978,-0.00335159,1.5
495.8,0.514521,-0.0400975,0.130788,0.316978,-0.00335159,1.5
495.85,0.514521,-0.0400975,0.130788,0.316978,-0.00335159,1.5
495.9,0.514521,-0.0400975,0.130788,0.316978,-0.00335159,1.5
495.95,0.514521,-0.0400975,0.130788,0.316978,-0.00335159,1.5
496,0.514521,-0.0400975,0.130788,0.316978,-0.00335159,1.5
496.05,0.514521,-0.0400975,0.130788,0.316978,-0.00335159,1.5
496.1,0.514521,-0.0400975,0.130788,0.316978,-0.00335159,1.5
496.15,0.514521,-0.0400975,0.130788,0.316978,-0.00335159,1.5
496.2,0.514521,-0.0400975,0.130788,0.316978,-0.00335159,1.5
496.25,0.514521,-0.0400975,0.130788,0.316978,-0.00335159,1.5
496.3,0.514521,-0.0400975,0.130788,0.316978,-0.00335159,1.5
496.35,0.514521,-0.0400975,0.130788,0.316978,-0.00335159,1.5
496.4,0.514521,-0.0400975,0.130788,0.316978,-0.00335159,1.5
496.45,0.514521,-0.0400975,0.130788,0.316978,-0.00335159,1.5
496.5,0.514521,-0.0400975,0.130788,0.316978,-0.00335159,1.5
496.55,0.514521,-0.0400975,0.130788,0.316978,-0.00335159,1.5
496.6,0.514521,-0.0400975,0.130788,0.316978,-0.00335159,1.5
496.65,0.514521,-0.0400975,0.130788,0.316978,-0.00335159,1.5
496.7,0.514521,-0.0400975,0.130788,0.316978,-0.00335159,1.5
496.75,0.514521,-0.0400975,0.130788,0.316978,-0.00335159,1.5
496.8,0.514521,-0.0400975,0.130788,0.316978,-0.00335159,1.5
496.85,0.514521,-0.0400975,0.130788,0.316978,-0.00335159,1.5
496.9,0.514521,-0.0400975,0.130788,0.316978,-0.00335159,1.5
496.95,0.514521,-0.0400975,0.130788,0.316978,-0.00335159,1.5
497,0.514521,-0.0400975,0.130788,0.316978,-0.00335159,1.5
497.05,0.514521,-0.0400975,0.130788,0.316978,-0.00335159,1.5
497.1,0.514521,-0.0400975,0.130788,0.316978,-0.00335159,1.5
497.15,0.514521,-0.0400975,0.130788,0.316978,-0.00335159,1.5
497.2,0.514521,-0.0400975,0.130788,0.316978,-0.00335159,1.5
497.25,0.514521,-0.0400975,0.130788,0.316978,-0.00335159,1.5
497.3,0.514521,-0.0400975,0.130788,0.316978,-0.00335159,1.5
497.35,0.514521,-0.0400975,0.130788,0.316978,-0.00335159,1.5
497.4,0.514521,-0.0400975,0.130788,0.316978,-0.00335159,1.5
497.45,0.514521,-0.0400975,0.130788,0.316978,-0.00335159,1.5
497.5,0.514521,-0.0400975,0.130788,0.316978,-0.00335159,1.5
497.55,0.514521,-0.0400975,0.130788,0.316978,-0.00335159,1.5
497.6,0.514521,-0.0400975,0.130788,0.316978,-0.00335159,1.5
497.65,0.514521,-0.0400975,0.130788,0.316978,-0.00335159,1.5
497.7,0.514521,-0.0400975,0.130788,0.316978,-0.00335159,1.5
497.75,0.514521,-0.0400975,0.130788,0.316978,-0.00335159,1.5
497.8,0.514521,-0.0400975,0.130788,0.316978,-0.00335159,1.5
497.85,0.514521,-0.0400975,0.130788,0.316978,-0.00335159,1.5
497.9,0.514521,-0.0400975,0.130788,0.316978,-0.00335159,1.5
497.95,0.514521,-0.0400975,0.130788,0.316978,-0.00335159,1.5
498,0.514521,-0.0400975,0.130788,0.316978,-0.00335159,1.5
498.05,0.514521,-0.0400975,0.130788,0.316978,-0.00335159,1.5
498.1,0.514521,-0.0400975,0.130788,0.316978,-0.00335159,1.5
498.15,0.514521,-0.0400975,0.130788,0.316978,-0.00335159,1.5
498.2,0.514521,-0.0400975,0.130788,0.316978,-0.00335159,1.5
498.25,0.514521,-0.0400975,0.130788,0.316978,-0.00335159,1.5
498.3,0.514521,-0.0400975,0.130788,0.316978,-0.00335159,1.5
498.35,0.514521,-0.0400975,0.130788,0.316978,-0.00335159,1.5
498.4,0.514521,-0.0400975,0.130788,0.316978,-0.00335159,1.5
498.45,0.514521,-0.0400975,0.130788,0.316978,-0.00335159,1.5
498.5,0.514521,-0.0400975,0.130788,0.316978,-0.00335159,1.5
498.55,0.514521,-0.0400975,0.130788,0.316978,-0.00335159,1.5
498.6,0.514521,-0.0400975,0.130788,0.316978,-0.00335159,1.5
498.65,0.514521,-0.0400975,0.130788,0.316978,-0.00335159,1.5
498.7,0.514521,-0.0400975,0.130788,0.316978,-0.00335159,1.5
498.75,0.514521,-0.0400975,0.130788,0.316978,-0.00335159,1.5
498.8,0.514521,-0.0400975,0.130788,0.316978,-0.00335159,1.5
498.85,0.514521,-0.0400975,0.130788,0.316978,-0.00335159,1.5
498.9,0.514521,-0.0400975,0.130788,0.316978,-0.00335159,1.5
498.95,0.514521,-0.0400975,0.130788,0.316978,-0.00335159,1.5
499,0.514521,-0.0400975,0.130788,0.316978,-0.00335159,1.5
499.05,0.514521,-0.0400975,0.130788,0.316978,-0.00335159,1.5
499.1,0.514521,-0.0400975,0.130788,0.316978,-0.00335159,1.5
499.15,0.514521,-0.0400975,0.130788,0.316978,-0.00335159,1.5
499.2,0.514521,-0.0400975,0.130788,0.316978,-0.00335159,1.5
499.25,0.514521,-0.0400975,0.130788,0.316978,-0.00335159,1.5
499.3,0.514521,-0.0400975,0.130788,0.316978,-0.00335159,1.5
499.35,0.514521,-0.0400975,0.130788,0.316978,-0.00335159,1.5
499.4,0.514521,-0.0400975,0.130788,0.316978,-0.00335159,1.5
499.45,0.514521,-0.0400975,0.130788,0.316978,-0.00335159,1.5
499.5,0.514521,-0.0400975,0.130788,0.316978,-0.00335159,1.5
499.55,0.514521,-0.0400975,0.130788,0.316978,-0.00335159,1.5
499.6,0.514521,-0.0400975,0.130788,0.316978,-0.00335159,1.5
499.65,0.514521,-0.0400975,0.130788,0.316978,-0.00335159,1.5
499.7,0.514521,-0.0400975,0.130788,0.316978,-0.00335159,1.5
499.75,0.514521,-0.0400975,0.130788,0.316978,-0.00335159,1.5
499.8,0.514521,-0.0400975,0.130788,0.316978,-0.00335159,1.5
499.85,0.514521,-0.0400975,0.130788,0.316978,-0.00335159,1.5
499.9,0.514521,-0.0400975,0.130788,0.316978,-0.00335159,1.5
499.95,0.514521,-0.0400975,0.130788,0.316978,-0.00335159,1.5
500,0.514521,-0.0400975,0.130788,0.316978,-0.00335159,1.5
500.05,0.514521,-0.0400975,0.130788,0.316978,-0.00335159,1.5
500.1,0.514521,-0.0400975,0.130788,0.316978,-0.00335159,1.5
500.15,0.514521,-0.0400975,0.130788,0.316978,-0.00335159,1.5
500.2,0.514521,-0.0400975,0.130788,0.316978,-0.00335159,1.5
500.25,0.514521,-0.0400975,0.130788,0.316978,-0.00335159,1.5
500.3,0.514521,-0.0400975,0.130788,0.316978,-0.00335159,1.5
500.35,0.514521,-0.0400975,0.130788,0.316978,-0.00335159,1.5
500.4,0.514521,-0.0400975,0.130788,0.316978,-0.00335159,1.5
500.45,0.514521,-0.0400975,0.130788,0.316978,-0.00335159,1.5
500.5,0.514521,-0.0400975,0.130788,0.316978,-0.00335159,1.5
500.55,0.514521,-0.0400975,0.130788,0.316978,-0.00335159,1.5
500.6,0.514521,-0.0400975,0.130788,0.316978,-0.00335159,1.5
500.65,0.514521,-0.0400975,0.130788,0.316978,-0.00335159,1.5
500.7,0.514521,-0.0400975,0.130788,0.316978,-0.00335159,1.5
500.75,0.514521,-0.0400975,0.130788,0.316978,-0.00335159,1.5
500.8,0.514521,-0.0400975,0.130788,0.316978,-0.00335159,1.5
500.85,0.514521,-0.0400975,0.130788,0.316978,-0.00335159,1.5
500.9,0.514521,-0.0400975,0.130788,0.316978,-0.00335159,1.5
500.95,0.514521,-0.0400975,0.130788,0.316978,-0.00335159,1.5
501,0.514521,-0.0400975,0.130788,0.316978,-0.00335159,1.5
501.05,0.514521,-0.0400975,0.130788,0.316978,-0.00335159,1.5
501.1,0.514521,-0.0400975,0.130788,0.316978,-0.00335159,1.5
501.15,0.514521,-0.0400975,0.130788,0.316978,-0.00335159,1.5
501.2,0.514521,-0.0400975,0.130788,0.316978,-0.00335159,1.5
501.25,0.514521,-0.0400975,0.130788,0.316978,-0.00335159,1.5
501.3,0.514521,-0.0400975,0.130788,0.316978,-0.00335159,1.5
501.35,0.514521,-0.0400975,0.130788,0.316978,-0.00335159,1.5
501.4,0.514521,-0.0400975,0.130788,0.316978,-0.00335159,1.5
501.45,0.514521,-0.0400975,0.130788,0.316978,-0.00335159,1.5
501.5,0.514521,-0.0400975,0.130788,0.316978,-0.00335159,1.5
501.55,0.514521,-0.0400975,0.130788,0.316978,-0.00335159,1.5
501.6,0.514521,-0.0400975,0.130788,0.316978,-0.00335159,1.5
501.65,0.514521,-0.0400975,0.130788,0.316978,-0.00335159,1.5
501.7,0.514521,-0.0400975,0.130788,0.316978,-0.00335159,1.5
501.75,0.514521,-0.0400975,0.130788,0.316978,-0.00335159,1.5
501.8,0.514521,-0.0400975,0.130788,0.316978,-0.00335159,1.5
501.85,0.514521,-0.0400975,0.130788,0.316978,-0.00335159,1.5
501.9,0.514521,-0.0400975,0.130788,0.316978,-0.00335159,1.5
501.95,0.514521,-0.0400975,0.130788,0.316978,-0.00335159,1.5
502,0.514521,-0.0400975,0.130788,0.316978,-0.00335159,1.5
502.05,0.514521,-0.0400975,0.130788,0.316978,-0.00335159,1.5
502.1,0.514521,-0.0400975,0.130788,0.316978,-0.00335159,1.5
502.15,0.514521,-0.0400975,0.130788,0.316978,-0.00335159,1.5
502.2,0.514521,-0.0400975,0.130788,0.316978,-0.00335159,1.5
502.25,0.514521,-0.0400975,0.130788,0.316978,-0.00335159,1.5
502.3,0.514521,-0.0400975,0.130788,0.316978,-0.00335159,1.5
502.35,0.514521,-0.0400975,0.130788,0.316978,-0.00335159,1.5
502.4,0.514521,-0.0400975,0.130788,0.316978,-0.00335159,1.5
502.45,0.514521,-0.0400975,0.130788,0.316978,-0.00335159,1.5
502.5,0.514521,-0.0400975,0.130788,0.316978,-0.00335159,1.5
502.55,0.514521,-0.0400975,0.130788,0.316978,-0.00335159,1.5
502.6,0.514521,-0.0400975,0.130788,0.316978,-0.00335159,1.5
502.65,0.514521,-0.0400975,0.130788,0.316978,-0.00335159,1.5
502.7,0.514521,-0.0400975,0.130788,0.316978,-0.00335159,1.5
502.75,0.514521,-0.0400975,0.130788,0.316978,-0.00335159,1.5
502.8,0.514521,-0.0400975,0.130788,0.316978,-0.00335159,1.5
502.85,0.514521,-0.0400975,0.130788,0.316978,-0.00335159,1.5
502.9,0.514521,-0.0400975,0.130788,0.316978,-0.00335159,1.5
502.95,0.514521,-0.0400975,0.130788,0.316978,-0.00335159,1.5
503,0.514521,-0.0400975,0.130788,0.316978,-0.00335159,1.5
503.05,0.514521,-0.0400975,0.130788,0.316978,-0.00335159,1.5
503.1,0.514521,-0.0400975,0.130788,0.316978,-0.00335159,1.5
503.15,0.514521,-0.0400975,0.130788,0.316978,-0.00335159,1.5
503.2,0.514521,-0.0400975,0.130788,0.316978,-0.00335159,1.5
503.25,0.514521,-0.0400975,0.130788,0.316978,-0.00335159,1.5
503.3,0.514521,-0.0400975,0.130788,0.316978,-0.00335159,1.5
503.35,0.514521,-0.0400975,0.130788,0.316978,-0.00335159,1.5
503.4,0.514521,-0.0400975,0.130788,0.316978,-0.00335159,1.5
503.45,0.514521,-0.0400975,0.130788,0.316978,-0.00335159,1.5
503.5,0.514521,-0.0400975,0.130788,0.316978,-0.00335159,1.5
503.55,0.514521,-0.0400975,0.130788,0.316978,-0.00335159,1.5
503.6,0.514521,-0.0400975,0.130788,0.316978,-0.00335159,1.5
503.65,0.514521,-0.0400975,0.130788,0.316978,-0.00335159,1.5
503.7,0.514521,-0.0400975,0.130788,0.316978,-0.00335159,1.5
503.75,0.514521,-0.0400975,0.130788,0.316978,-0.00335159,1.5
503.8,0.514521,-0.0400975,0.130788,0.316978,-0.00335159,1.5
503.85,0.514521,-0.0400975,0.130788,0.316978,-0.00335159,1.5
503.9,0.514521,-0.0400975,0.130788,0.316978,-0.00335159,1.5
503.95,0.514521,-0.0400975,0.130788,0.316978,-0.00335159,1.5
504,0.514521,-0.0400975,0.130788,0.316978,-0.00335159,1.5
504.05,0.514521,-0.0400975,0.130788,0.316978,-0.00335159,1.5
504.1,0.514521,-0.0400975,0.130788,0.316978,-0.00335159,1.5
504.15,0.514521,-0.0400975,0.130788,0.316978,-0.00335159,1.5
504.2,0.514521,-0.0400975,0.130788,0.316978,-0.00335159,1.5
504.25,0.514521,-0.0400975,0.130788,0.316978,-0.00335159,1.5
504.3,0.514521,-0.0400975,0.130788,0.316978,-0.00335159,1.5
504.35,0.514521,-0.0400975,0.130788,0.316978,-0.00335159,1.5
504.4,0.514521,-0.0400975,0.130788,0.316978,-0.00335159,1.5
504.45,0.514521,-0.0400975,0.130788,0.316978,-0.00335159,1.5
504.5,0.514521,-0.0400975,0.130788,0.316978,-0.00335159,1.5
504.55,0.514521,-0.0400975,0.130788,0.316978,-0.00335159,1.5
504.6,0.514521,-0.0400975,0.130788,0.316978,-0.00335159,1.5
504.65,0.514521,-0.0400975,0.130788,0.316978,-0.00335159,1.5
504.7,0.514521,-0.0400975,0.130788,0.316978,-0.00335159,1.5
504.75,0.514521,-0.0400975,0.130788,0.316978,-0.00335159,1.5
504.8,0.514521,-0.0400975,0.130788,0.316978,-0.00335159,1.5
504.85,0.514521,-0.0400975,0.130788,0.316978,-0.00335159,1.5
504.9,0.514521,-0.0400975,0.130788,0.316978,-0.00335159,1.5
504.95,0.514521,-0.0400975,0.130788,0.316978,-0.00335159,1.5
505,0.514521,-0.0400975,0.130788,0.316978,-0.00335159,1.5
505.05,0.514521,-0.0400975,0.130788,0.316978,-0.00335159,1.5
505.1,0.514521,-0.0400975,0.130788,0.316978,-0.00335159,1.5
505.15,0.514521,-0.0400975,0.130788,0.316978,-0.00335159,1.5
505.2,0.514521,-0.0400975,0.130788,0.316978,-0.00335159,1.5
505.25,0.514521,-0.0400975,0.130788,0.316978,-0.00335159,1.5
505.3,0.514521,-0.0400975,0.130788,0.316978,-0.00335159,1.5
505.35,0.514521,-0.0400975,0.130788,0.316978,-0.00335159,1.5
505.4,0.514521,-0.0400975,0.130788,0.316978,-0.00335159,1.5
505.45,0.514521,-0.0400975,0.130788,0.316978,-0.00335159,1.5
505.5,0.514521,-0.0400975,0.130788,0.316978,-0.00335159,1.5
505.55,0.514521,-0.0400975,0.130788,0.316978,-0.00335159,1.5
505.6,0.514521,-0.0400975,0.130788,0.316978,-0.00335159,1.5
505.65,0.514521,-0.0400975,0.130788,0.316978,-0.00335159,1.5
505.7,0.514521,-0.0400975,0.130788,0.316978,-0.00335159,1.5
505.75,0.514521,-0.0400975,0.130788,0.316978,-0.00335159,1.5
505.8,0.514521,-0.0400975,0.130788,0.316978,-0.00335159,1.5
505.85,0.514521,-0.0400975,0.130788,0.316978,-0.00335159,1.5
505.9,0.514521,-0.0400975,0.130788,0.316978,-0.00335159,1.5
505.95,0.514521,-0.0400975,0.130788,0.316978,-0.00335159,1.5
506,0.514521,-0.0400975,0.130788,0.316978,-0.00335159,1.5
506.05,0.514521,-0.0400975,0.130788,0.316978,-0.00335159,1.5
506.1,0.514521,-0.0400975,0.130788,0.316978,-0.00335159,1.5
506.15,0.514521,-0.0400975,0.130788,0.316978,-0.00335159,1.5
506.2,0.514521,-0.0400975,0.130788,0.316978,-0.00335159,1.5
506.25,0.514521,-0.0400975,0.130788,0.316978,-0.00335159,1.5
506.3,0.514521,-0.0400975,0.130788,0.316978,-0.00335159,1.5
506.35,0.514521,-0.0400975,0.130788,0.316978,-0.00335159,1.5
506.4,0.514521,-0.0400975,0.130788,0.316978,-0.00335159,1.5
506.45,0.514521,-0.0400975,0.130788,0.316978,-0.00335159,1.5
506.5,0.514521,-0.0400975,0.130788,0.316978,-0.00335159,1.5
506.55,0.514521,-0.0400975,0.130788,0.316978,-0.00335159,1.5
506.6,0.514521,-0.0400975,0.130788,0.316978,-0.00335159,1.5
506.65,0.514521,-0.0400975,0.130788,0.316978,-0.00335159,1.5
506.7,0.514521,-0.0400975,0.130788,0.316978,-0.00335159,1.5
506.75,0.514521,-0.0400975,0.130788,0.316978,-0.00335159,1.5
506.8,0.514521,-0.0400975,0.130788,0.316978,-0.00335159,1.5
506.85,0.514521,-0.0400975,0.130788,0.316978,-0.00335159,1.5
506.9,0.514521,-0.0400975,0.130788,0.316978,-0.00335159,1.5
506.95,0.514521,-0.0400975,0.130788,0.316978,-0.00335159,1.5
507,0.514521,-0.0400975,0.130788,0.316978,-0.00335159,1.5
507.05,0.514521,-0.0400975,0.130788,0.316978,-0.00335159,1.5
507.1,0.514521,-0.0400975,0.130788,0.316978,-0.00335159,1.5
507.15,0.514521,-0.0400975,0.130788,0.316978,-0.00335159,1.5
507.2,0.514521,-0.0400975,0.130788,0.316978,-0.00335159,1.5
507.25,0.514521,-0.0400975,0.130788,0.316978,-0.00335159,1.5
507.3,0.514521,-0.0400975,0.130788,0.316978,-0.00335159,1.5
507.35,0.514521,-0.0400975,0.130788,0.316978,-0.00335159,1.5
507.4,0.514521,-0.0400975,0.130788,0.316978,-0.00335159,1.5
507.45,0.514521,-0.0400975,0.130788,0.316978,-0.00335159,1.5
507.5,0.514521,-0.0400975,0.130788,0.316978,-0.00335159,1.5
507.55,0.514521,-0.0400975,0.130788,0.316978,-0.00335159,1.5
507.6,0.514521,-0.0400975,0.130788,0.316978,-0.00335159,1.5
507.65,0.514521,-0.0400975,0.130788,0.316978,-0.00335159,1.5
507.7,0.514521,-0.0400975,0.130788,0.316978,-0.00335159,1.5
507.75,0.514521,-0.0400975,0.130788,0.316978,-0.00335159,1.5
507.8,0.514521,-0.0400975,0.130788,0.316978,-0.00335159,1.5
507.85,0.514521,-0.0400975,0.130788,0.316978,-0.00335159,1.5
507.9,0.514521,-0.0400975,0.130788,0.316978,-0.00335159,1.5
507.95,0.514521,-0.0400975,0.130788,0.316978,-0.00335159,1.5
508,0.514521,-0.0400975,0.130788,0.316978,-0.00335159,1.5
508.05,0.514521,-0.0400975,0.130788,0.316978,-0.00335159,1.5
508.1,0.514521,-0.0400975,0.130788,0.316978,-0.00335159,1.5
508.15,0.514521,-0.0400975,0.130788,0.316978,-0.00335159,1.5
508.2,0.514521,-0.0400975,0.130788,0.316978,-0.00335159,1.5
508.25,0.514521,-0.0400975,0.130788,0.316978,-0.00335159,1.5
508.3,0.514521,-0.0400975,0.130788,0.316978,-0.00335159,1.5
508.35,0.514521,-0.0400975,0.130788,0.316978,-0.00335159,1.5
508.4,0.514521,-0.0400975,0.130788,0.316978,-0.00335159,1.5
508.45,0.514521,-0.0400975,0.130788,0.316978,-0.00335159,1.5
508.5,0.514521,-0.0400975,0.130788,0.316978,-0.00335159,1.5
508.55,0.514521,-0.0400975,0.130788,0.316978,-0.00335159,1.5
508.6,0.514521,-0.0400975,0.130788,0.316978,-0.00335159,1.5
508.65,0.514521,-0.0400975,0.130788,0.316978,-0.00335159,1.5
508.7,0.514521,-0.0400975,0.130788,0.316978,-0.00335159,1.5
508.75,0.514521,-0.0400975,0.130788,0.316978,-0.00335159,1.5
508.8,0.514521,-0.0400975,0.130788,0.316978,-0.00335159,1.5
508.85,0.514521,-0.0400975,0.130788,0.316978,-0.00335159,1.5
508.9,0.514521,-0.0400975,0.130788,0.316978,-0.00335159,1.5
508.95,0.514521,-0.0400975,0.130788,0.316978,-0.00335159,1.5
509,0.514521,-0.0400975,0.130788,0.316978,-0.00335159,1.5
509.05,0.514521,-0.0400975,0.130788,0.316978,-0.00335159,1.5
509.1,0.514521,-0.0400975,0.130788,0.316978,-0.00335159,1.5
509.15,0.514521,-0.0400975,0.130788,0.316978,-0.00335159,1.5
509.2,0.514521,-0.0400975,0.130788,0.316978,-0.00335159,1.5
509.25,0.514521,-0.0400975,0.130788,0.316978,-0.00335159,1.5
509.3,0.514521,-0.0400975,0.130788,0.316978,-0.00335159,1.5
509.35,0.514521,-0.0400975,0.130788,0.316978,-0.00335159,1.5
509.4,0.514521,-0.0400975,0.130788,0.316978,-0.00335159,1.5
509.45,0.514521,-0.0400975,0.130788,0.316978,-0.00335159,1.5
509.5,0.514521,-0.0400975,0.130788,0.316978,-0.00335159,1.5
509.55,0.514521,-0.0400975,0.130788,0.316978,-0.00335159,1.5
509.6,0.514521,-0.0400975,0.130788,0.316978,-0.00335159,1.5
509.65,0.514521,-0.0400975,0.130788,0.316978,-0.00335159,1.5
509.7,0.514521,-0.0400975,0.130788,0.316978,-0.00335159,1.5
509.75,0.514521,-0.0400975,0.130788,0.316978,-0.00335159,1.5
509.8,0.514521,-0.0400975,0.130788,0.316978,-0.00335159,1.5
509.85,0.514521,-0.0400975,0.130788,0.316978,-0.00335159,1.5
509.9,0.514521,-0.0400975,0.130788,0.316978,-0.00335159,1.5
509.95,0.514521,-0.0400975,0.130788,0.316978,-0.00335159,1.5
510,0.514521,-0.0400975,0.130788,0.316978,-0.00335159,1.5
510.05,0.514521,-0.0400975,0.130788,0.316978,-0.00335159,1.5
510.1,0.514521,-0.0400975,0.130788,0.316978,-0.00335159,1.5
510.15,0.514521,-0.0400975,0.130788,0.316978,-0.00335159,1.5
510.2,0.514521,-0.0400975,0.130788,0.316978,-0.00335159,1.5
510.25,0.514521,-0.0400975,0.130788,0.316978,-0.00335159,1.5
510.3,0.514521,-0.0400975,0.130788,0.316978,-0.00335159,1.5
510.35,0.514521,-0.0400975,0.130788,0.316978,-0.00335159,1.5
510.4,0.514521,-0.0400975,0.130788,0.316978,-0.00335159,1.5
510.45,0.514521,-0.0400975,0.130788,0.316978,-0.00335159,1.5
510.5,0.514521,-0.0400975,0.130788,0.316978,-0.00335159,1.5
510.55,0.514521,-0.0400975,0.130788,0.316978,-0.00335159,1.5
510.6,0.514521,-0.0400975,0.130788,0.316978,-0.00335159,1.5
510.65,0.514521,-0.0400975,0.130788,0.316978,-0.00335159,1.5
510.7,0.514521,-0.0400975,0.130788,0.316978,-0.00335159,1.5
510.75,0.514521,-0.0400975,0.130788,0.316978,-0.00335159,1.5
510.8,0.514521,-0.0400975,0.130788,0.316978,-0.00335159,1.5
510.85,0.514521,-0.0400975,0.130788,0.316978,-0.00335159,1.5
510.9,0.514521,-0.0400975,0.130788,0.316978,-0.00335159,1.5
510.95,0.514521,-0.0400975,0.130788,0.316978,-0.00335159,1.5
511,0.514521,-0.0400975,0.130788,0.316978,-0.00335159,1.5
511.05,0.514521,-0.0400975,0.130788,0.316978,-0.00335159,1.5
511.1,0.514521,-0.0400975,0.130788,0.316978,-0.00335159,1.5
511.15,0.514521,-0.0400975,0.130788,0.316978,-0.00335159,1.5
511.2,0.514521,-0.0400975,0.130788,0.316978,-0.00335159,1.5
511.25,0.514521,-0.0400975,0.130788,0.316978,-0.00335159,1.5
511.3,0.514521,-0.0400975,0.130788,0.316978,-0.00335159,1.5
511.35,0.514521,-0.0400975,0.130788,0.316978,-0.00335159,1.5
511.4,0.514521,-0.0400975,0.130788,0.316978,-0.00335159,1.5
511.45,0.514521,-0.0400975,0.130788,0.316978,-0.00335159,1.5
511.5,0.514521,-0.0400975,0.130788,0.316978,-0.00335159,1.5
511.55,0.514521,-0.0400975,0.130788,0.316978,-0.00335159,1.5
511.6,0.514521,-0.0400975,0.130788,0.316978,-0.00335159,1.5
511.65,0.514521,-0.0400975,0.130788,0.316978,-0.00335159,1.5
511.7,0.514521,-0.0400975,0.130788,0.316978,-0.00335159,1.5
511.75,0.514521,-0.0400975,0.130788,0.316978,-0.00335159,1.5
511.8,0.514521,-0.0400975,0.130788,0.316978,-0.00335159,1.5
511.85,0.514521,-0.0400975,0.130788,0.316978,-0.00335159,1.5
511.9,0.514521,-0.0400975,0.130788,0.316978,-0.00335159,1.5
511.95,0.514521,-0.0400975,0.130788,0.316978,-0.00335159,1.5
512,0.514521,-0.0400975,0.130788,0.316978,-0.00335159,1.5
512.05,0.514521,-0.0400975,0.130788,0.316978,-0.00335159,1.5
512.1,0.514521,-0.0400975,0.130788,0.316978,-0.00335159,1.5
512.15,0.514521,-0.0400975,0.130788,0.316978,-0.00335159,1.5
512.2,0.514521,-0.0400975,0.130788,0.316978,-0.00335159,1.5
512.25,0.514521,-0.0400975,0.130788,0.316978,-0.00335159,1.5
512.3,0.514521,-0.0400975,0.130788,0.316978,-0.00335159,1.5
512.35,0.514521,-0.0400975,0.130788,0.316978,-0.00335159,1.5
512.4,0.514521,-0.0400975,0.130788,0.316978,-0.00335159,1.5
512.45,0.514521,-0.0400975,0.130788,0.316978,-0.00335159,1.5
512.5,0.514521,-0.0400975,0.130788,0.316978,-0.00335159,1.5
512.55,0.514521,-0.0400975,0.130788,0.316978,-0.00335159,1.5
512.6,0.514521,-0.0400975,0.130788,0.316978,-0.00335159,1.5
512.65,0.514521,-0.0400975,0.130788,0.316978,-0.00335159,1.5
512.7,0.514521,-0.0400975,0.130788,0.316978,-0.00335159,1.5
512.75,0.514521,-0.0400975,0.130788,0.316978,-0.00335159,1.5
512.8,0.514521,-0.0400975,0.130788,0.316978,-0.00335159,1.5
512.85,0.514521,-0.0400975,0.130788,0.316978,-0.00335159,1.5
512.9,0.514521,-0.0400975,0.130788,0.316978,-0.00335159,1.5
512.95,0.514521,-0.0400975,0.130788,0.316978,-0.00335159,1.5
513,0.514521,-0.0400975,0.130788,0.316978,-0.00335159,1.5
513.05,0.514521,-0.0400975,0.130788,0.316978,-0.00335159,1.5
513.1,0.514521,-0.0400975,0.130788,0.316978,-0.00335159,1.5
513.15,0.514521,-0.0400975,0.130788,0.316978,-0.00335159,1.5
513.2,0.514521,-0.0400975,0.130788,0.316978,-0.00335159,1.5
513.25,0.514521,-0.0400975,0.130788,0.316978,-0.00335159,1.5
513.3,0.514521,-0.0400975,0.130788,0.316978,-0.00335159,1.5
513.35,0.514521,-0.0400975,0.130788,0.316978,-0.00335159,1.5
513.4,0.514521,-0.0400975,0.130788,0.316978,-0.00335159,1.5
513.45,0.514521,-0.0400975,0.130788,0.316978,-0.00335159,1.5
513.5,0.514521,-0.0400975,0.130788,0.316978,-0.00335159,1.5
513.55,0.514521,-0.0400975,0.130788,0.316978,-0.00335159,1.5
513.6,0.514521,-0.0400975,0.130788,0.316978,-0.00335159,1.5
513.65,0.514521,-0.0400975,0.130788,0.316978,-0.00335159,1.5
513.7,0.514521,-0.0400975,0.130788,0.316978,-0.00335159,1.5
513.75,0.514521,-0.0400975,0.130788,0.316978,-0.00335159,1.5
513.8,0.514521,-0.0400975,0.130788,0.316978,-0.00335159,1.5
513.85,0.514521,-0.0400975,0.130788,0.316978,-0.00335159,1.5
513.9,0.514521,-0.0400975,0.130788,0.316978,-0.00335159,1.5
513.95,0.514521,-0.0400975,0.130788,0.316978,-0.00335159,1.5
514,0.514521,-0.0400975,0.130788,0.316978,-0.00335159,1.5
514.05,0.514521,-0.0400975,0.130788,0.316978,-0.00335159,1.5
514.1,0.514521,-0.0400975,0.130788,0.316978,-0.00335159,1.5
514.15,0.514521,-0.0400975,0.130788,0.316978,-0.00335159,1.5
514.2,0.514521,-0.0400975,0.130788,0.316978,-0.00335159,1.5
514.25,0.514521,-0.0400975,0.130788,0.316978,-0.00335159,1.5
514.3,0.514521,-0.0400975,0.130788,0.316978,-0.00335159,1.5
514.35,0.514521,-0.0400975,0.130788,0.316978,-0.00335159,1.5
514.4,0.514521,-0.0400975,0.130788,0.316978,-0.00335159,1.5
514.45,0.514521,-0.0400975,0.130788,0.316978,-0.00335159,1.5
514.5,0.514521,-0.0400975,0.130788,0.316978,-0.00335159,1.5
514.55,0.514521,-0.0400975,0.130788,0.316978,-0.00335159,1.5
514.6,0.514521,-0.0400975,0.130788,0.316978,-0.00335159,1.5
514.65,0.514521,-0.0400975,0.130788,0.316978,-0.00335159,1.5
514.7,0.514521,-0.0400975,0.130788,0.316978,-0.00335159,1.5
514.75,0.514521,-0.0400975,0.130788,0.316978,-0.00335159,1.5
514.8,0.514521,-0.0400975,0.130788,0.316978,-0.00335159,1.5
514.85,0.514521,-0.0400975,0.130788,0.316978,-0.00335159,1.5
514.9,0.514521,-0.0400975,0.130788,0.316978,-0.00335159,1.5
514.95,0.514521,-0.0400975,0.130788,0.316978,-0.00335159,1.5
515,0.514521,-0.0400975,0.130788,0.316978,-0.00335159,1.5
515.05,0.514521,-0.0400975,0.130788,0.316978,-0.00335159,1.5
515.1,0.514521,-0.0400975,0.130788,0.316978,-0.00335159,1.5
515.15,0.514521,-0.0400975,0.130788,0.316978,-0.00335159,1.5
515.2,0.514521,-0.0400975,0.130788,0.316978,-0.00335159,1.5
515.25,0.514521,-0.0400975,0.130788,0.316978,-0.00335159,1.5
515.3,0.514521,-0.0400975,0.130788,0.316978,-0.00335159,1.5
515.35,0.514521,-0.0400975,0.130788,0.316978,-0.00335159,1.5
515.4,0.514521,-0.0400975,0.130788,0.316978,-0.00335159,1.5
515.45,0.514521,-0.0400975,0.130788,0.316978,-0.00335159,1.5
515.5,0.514521,-0.0400975,0.130788,0.316978,-0.00335159,1.5
515.55,0.514521,-0.0400975,0.130788,0.316978,-0.00335159,1.5
515.6,0.514521,-0.0400975,0.130788,0.316978,-0.00335159,1.5
515.65,0.514521,-0.0400975,0.130788,0.316978,-0.00335159,1.5
515.7,0.514521,-0.0400975,0.130788,0.316978,-0.00335159,1.5
515.75,0.514521,-0.0400975,0.130788,0.316978,-0.00335159,1.5
515.8,0.514521,-0.0400975,0.130788,0.316978,-0.00335159,1.5
515.85,0.514521,-0.0400975,0.130788,0.316978,-0.00335159,1.5
515.9,0.514521,-0.0400975,0.130788,0.316978,-0.00335159,1.5
515.95,0.514521,-0.0400975,0.130788,0.316978,-0.00335159,1.5
516,0.514521,-0.0400975,0.130788,0.316978,-0.00335159,1.5
516.05,0.514521,-0.0400975,0.130788,0.316978,-0.00335159,1.5
516.1,0.514521,-0.0400975,0.130788,0.316978,-0.00335159,1.5
516.15,0.514521,-0.0400975,0.130788,0.316978,-0.00335159,1.5
516.2,0.514521,-0.0400975,0.130788,0.316978,-0.00335159,1.5
516.25,0.514521,-0.0400975,0.130788,0.316978,-0.00335159,1.5
516.3,0.514521,-0.0400975,0.130788,0.316978,-0.00335159,1.5
516.35,0.514521,-0.0400975,0.130788,0.316978,-0.00335159,1.5
516.4,0.514521,-0.0400975,0.130788,0.316978,-0.00335159,1.5
516.45,0.514521,-0.0400975,0.130788,0.316978,-0.00335159,1.5
516.5,0.514521,-0.0400975,0.130788,0.316978,-0.00335159,1.5
516.55,0.514521,-0.0400975,0.130788,0.316978,-0.00335159,1.5
516.6,0.514521,-0.0400975,0.130788,0.316978,-0.00335159,1.5
516.65,0.514521,-0.0400975,0.130788,0.316978,-0.00335159,1.5
516.7,0.514521,-0.0400975,0.130788,0.316978,-0.00335159,1.5
516.75,0.514521,-0.0400975,0.130788,0.316978,-0.00335159,1.5
516.8,0.514521,-0.0400975,0.130788,0.316978,-0.00335159,1.5
516.85,0.514521,-0.0400975,0.130788,0.316978,-0.00335159,1.5
516.9,0.514521,-0.0400975,0.130788,0.316978,-0.00335159,1.5
516.95,0.514521,-0.0400975,0.130788,0.316978,-0.00335159,1.5
517,0.514521,-0.0400975,0.130788,0.316978,-0.00335159,1.5
517.05,0.514521,-0.0400975,0.130788,0.316978,-0.00335159,1.5
517.1,0.514521,-0.0400975,0.130788,0.316978,-0.00335159,1.5
517.15,0.514521,-0.0400975,0.130788,0.316978,-0.00335159,1.5
517.2,0.514521,-0.0400975,0.130788,0.316978,-0.00335159,1.5
517.25,0.514521,-0.0400975,0.130788,0.316978,-0.00335159,1.5
517.3,0.514521,-0.0400975,0.130788,0.316978,-0.00335159,1.5
517.35,0.514521,-0.0400975,0.130788,0.316978,-0.00335159,1.5
517.4,0.514521,-0.0400975,0.130788,0.316978,-0.00335159,1.5
517.45,0.514521,-0.0400975,0.130788,0.316978,-0.00335159,1.5
517.5,0.514521,-0.0400975,0.130788,0.316978,-0.00335159,1.5
517.55,0.514521,-0.0400975,0.130788,0.316978,-0.00335159,1.5
517.6,0.514521,-0.0400975,0.130788,0.316978,-0.00335159,1.5
517.65,0.514521,-0.0400975,0.130788,0.316978,-0.00335159,1.5
517.7,0.514521,-0.0400975,0.130788,0.316978,-0.00335159,1.5
517.75,0.514521,-0.0400975,0.130788,0.316978,-0.00335159,1.5
517.8,0.514521,-0.0400975,0.130788,0.316978,-0.00335159,1.5
517.85,0.514521,-0.0400975,0.130788,0.316978,-0.00335159,1.5
517.9,0.514521,-0.0400975,0.130788,0.316978,-0.00335159,1.5
517.95,0.514521,-0.0400975,0.130788,0.316978,-0.00335159,1.5
518,0.514521,-0.0400975,0.130788,0.316978,-0.00335159,1.5
518.05,0.514521,-0.0400975,0.130788,0.316978,-0.00335159,1.5
518.1,0.514521,-0.0400975,0.130788,0.316978,-0.00335159,1.5
518.15,0.514521,-0.0400975,0.130788,0.316978,-0.00335159,1.5
518.2,0.514521,-0.0400975,0.130788,0.316978,-0.00335159,1.5
518.25,0.514521,-0.0400975,0.130788,0.316978,-0.00335159,1.5
518.3,0.514521,-0.0400975,0.130788,0.316978,-0.00335159,1.5
518.35,0.514521,-0.0400975,0.130788,0.316978,-0.00335159,1.5
518.4,0.514521,-0.0400975,0.130788,0.316978,-0.00335159,1.5
518.45,0.514521,-0.0400975,0.130788,0.316978,-0.00335159,1.5
518.5,0.514521,-0.0400975,0.130788,0.316978,-0.00335159,1.5
518.55,0.514521,-0.0400975,0.130788,0.316978,-0.00335159,1.5
518.6,0.514521,-0.0400975,0.130788,0.316978,-0.00335159,1.5
518.65,0.514521,-0.0400975,0.130788,0.316978,-0.00335159,1.5
518.7,0.514521,-0.0400975,0.130788,0.316978,-0.00335159,1.5
518.75,0.514521,-0.0400975,0.130788,0.316978,-0.00335159,1.5
518.8,0.514521,-0.0400975,0.130788,0.316978,-0.00335159,1.5
518.85,0.514521,-0.0400975,0.130788,0.316978,-0.00335159,1.5
518.9,0.514521,-0.0400975,0.130788,0.316978,-0.00335159,1.5
518.95,0.514521,-0.0400975,0.130788,0.316978,-0.00335159,1.5
519,0.514521,-0.0400975,0.130788,0.316978,-0.00335159,1.5
519.05,0.514521,-0.0400975,0.130788,0.316978,-0.00335159,1.5
519.1,0.514521,-0.0400975,0.130788,0.316978,-0.00335159,1.5
519.15,0.514521,-0.0400975,0.130788,0.316978,-0.00335159,1.5
519.2,0.514521,-0.0400975,0.130788,0.316978,-0.00335159,1.5
519.25,0.514521,-0.0400975,0.130788,0.316978,-0.00335159,1.5
519.3,0.514521,-0.0400975,0.130788,0.316978,-0.00335159,1.5
519.35,0.514521,-0.0400975,0.130788,0.316978,-0.00335159,1.5
519.4,0.514521,-0.0400975,0.130788,0.316978,-0.00335159,1.5
519.45,0.514521,-0.0400975,0.130788,0.316978,-0.00335159,1.5
519.5,0.514521,-0.0400975,0.130788,0.316978,-0.00335159,1.5
519.55,0.514521,-0.0400975,0.130788,0.316978,-0.00335159,1.5
519.6,0.514521,-0.0400975,0.130788,0.316978,-0.00335159,1.5
519.65,0.514521,-0.0400975,0.130788,0.316978,-0.00335159,1.5
519.7,0.514521,-0.0400975,0.130788,0.316978,-0.00335159,1.5
519.75,0.514521,-0.0400975,0.130788,0.316978,-0.00335159,1.5
519.8,0.514521,-0.0400975,0.130788,0.316978,-0.00335159,1.5
519.85,0.514521,-0.0400975,0.130788,0.316978,-0.00335159,1.5
519.9,0.514521,-0.0400975,0.130788,0.316978,-0.00335159,1.5
519.95,0.514521,-0.0400975,0.130788,0.316978,-0.00335159,1.5
520,0.514521,-0.0400975,0.130788,0.316978,-0.00335159,1.5
520.05,0.514521,-0.0400975,0.130788,0.316978,-0.00335159,1.5
520.1,0.514521,-0.0400975,0.130788,0.316978,-0.00335159,1.5
520.15,0.514521,-0.0400975,0.130788,0.316978,-0.00335159,1.5
520.2,0.514521,-0.0400975,0.130788,0.316978,-0.00335159,1.5
520.25,0.514521,-0.0400975,0.130788,0.316978,-0.00335159,1.5
520.3,0.514521,-0.0400975,0.130788,0.316978,-0.00335159,1.5
520.35,0.514521,-0.0400975,0.130788,0.316978,-0.00335159,1.5
520.4,0.514521,-0.0400975,0.130788,0.316978,-0.00335159,1.5
520.45,0.514521,-0.0400975,0.130788,0.316978,-0.00335159,1.5
520.5,0.514521,-0.0400975,0.130788,0.316978,-0.00335159,1.5
520.55,0.514521,-0.0400975,0.130788,0.316978,-0.00335159,1.5
520.6,0.514521,-0.0400975,0.130788,0.316978,-0.00335159,1.5
520.65,0.514521,-0.0400975,0.130788,0.316978,-0.00335159,1.5
520.7,0.514521,-0.0400975,0.130788,0.316978,-0.00335159,1.5
520.75,0.514521,-0.0400975,0.130788,0.316978,-0.00335159,1.5
520.8,0.514521,-0.0400975,0.130788,0.316978,-0.00335159,1.5
520.85,0.514521,-0.0400975,0.130788,0.316978,-0.00335159,1.5
520.9,0.514521,-0.0400975,0.130788,0.316978,-0.00335159,1.5
520.95,0.514521,-0.0400975,0.130788,0.316978,-0.00335159,1.5
521,0.514521,-0.0400975,0.130788,0.316978,-0.00335159,1.5
521.05,0.514521,-0.0400975,0.130788,0.316978,-0.00335159,1.5
521.1,0.514521,-0.0400975,0.130788,0.316978,-0.00335159,1.5
521.15,0.514521,-0.0400975,0.130788,0.316978,-0.00335159,1.5
521.2,0.514521,-0.0400975,0.130788,0.316978,-0.00335159,1.5
521.25,0.514521,-0.0400975,0.130788,0.316978,-0.00335159,1.5
521.3,0.514521,-0.0400975,0.130788,0.316978,-0.00335159,1.5
521.35,0.514521,-0.0400975,0.130788,0.316978,-0.00335159,1.5
521.4,0.514521,-0.0400975,0.130788,0.316978,-0.00335159,1.5
521.45,0.514521,-0.0400975,0.130788,0.316978,-0.00335159,1.5
521.5,0.514521,-0.0400975,0.130788,0.316978,-0.00335159,1.5
521.55,0.514521,-0.0400975,0.130788,0.316978,-0.00335159,1.5
521.6,0.514521,-0.0400975,0.130788,0.316978,-0.00335159,1.5
521.65,0.514521,-0.0400975,0.130788,0.316978,-0.00335159,1.5
521.7,0.514521,-0.0400975,0.130788,0.316978,-0.00335159,1.5
521.75,0.514521,-0.0400975,0.130788,0.316978,-0.00335159,1.5
521.8,0.514521,-0.0400975,0.130788,0.316978,-0.00335159,1.5
521.85,0.514521,-0.0400975,0.130788,0.316978,-0.00335159,1.5
521.9,0.514521,-0.0400975,0.130788,0.316978,-0.00335159,1.5
521.95,0.514521,-0.0400975,0.130788,0.316978,-0.00335159,1.5
522,0.514521,-0.0400975,0.130788,0.316978,-0.00335159,1.5
522.05,0.514521,-0.0400975,0.130788,0.316978,-0.00335159,1.5
522.1,0.514521,-0.0400975,0.130788,0.316978,-0.00335159,1.5
522.15,0.514521,-0.0400975,0.130788,0.316978,-0.00335159,1.5
522.2,0.514521,-0.0400975,0.130788,0.316978,-0.00335159,1.5
522.25,0.514521,-0.0400975,0.130788,0.316978,-0.00335159,1.5
522.3,0.514521,-0.0400975,0.130788,0.316978,-0.00335159,1.5
522.35,0.514521,-0.0400975,0.130788,0.316978,-0.00335159,1.5
522.4,0.514521,-0.0400975,0.130788,0.316978,-0.00335159,1.5
522.45,0.514521,-0.0400975,0.130788,0.316978,-0.00335159,1.5
522.5,0.514521,-0.0400975,0.130788,0.316978,-0.00335159,1.5
522.55,0.514521,-0.0400975,0.130788,0.316978,-0.00335159,1.5
522.6,0.514521,-0.0400975,0.130788,0.316978,-0.00335159,1.5
522.65,0.514521,-0.0400975,0.130788,0.316978,-0.00335159,1.5
522.7,0.514521,-0.0400975,0.130788,0.316978,-0.00335159,1.5
522.75,0.514521,-0.0400975,0.130788,0.316978,-0.00335159,1.5
522.8,0.514521,-0.0400975,0.130788,0.316978,-0.00335159,1.5
522.85,0.514521,-0.0400975,0.130788,0.316978,-0.00335159,1.5
522.9,0.514521,-0.0400975,0.130788,0.316978,-0.00335159,1.5
522.95,0.514521,-0.0400975,0.130788,0.316978,-0.00335159,1.5
523,0.514521,-0.0400975,0.130788,0.316978,-0.00335159,1.5
523.05,0.514521,-0.0400975,0.130788,0.316978,-0.00335159,1.5
523.1,0.514521,-0.0400975,0.130788,0.316978,-0.00335159,1.5
523.15,0.514521,-0.0400975,0.130788,0.316978,-0.00335159,1.5
523.2,0.514521,-0.0400975,0.130788,0.316978,-0.00335159,1.5
523.25,0.514521,-0.0400975,0.130788,0.316978,-0.00335159,1.5
523.3,0.514521,-0.0400975,0.130788,0.316978,-0.00335159,1.5
523.35,0.514521,-0.0400975,0.130788,0.316978,-0.00335159,1.5
523.4,0.514521,-0.0400975,0.130788,0.316978,-0.00335159,1.5
523.45,0.514521,-0.0400975,0.130788,0.316978,-0.00335159,1.5
523.5,0.514521,-0.0400975,0.130788,0.316978,-0.00335159,1.5
523.55,0.514521,-0.0400975,0.130788,0.316978,-0.00335159,1.5
523.6,0.514521,-0.0400975,0.130788,0.316978,-0.00335159,1.5
523.65,0.514521,-0.0400975,0.130788,0.316978,-0.00335159,1.5
523.7,0.514521,-0.0400975,0.130788,0.316978,-0.00335159,1.5
523.75,0.514521,-0.0400975,0.130788,0.316978,-0.00335159,1.5
523.8,0.514521,-0.0400975,0.130788,0.316978,-0.00335159,1.5
523.85,0.514521,-0.0400975,0.130788,0.316978,-0.00335159,1.5
523.9,0.514521,-0.0400975,0.130788,0.316978,-0.00335159,1.5
523.95,0.514521,-0.0400975,0.130788,0.316978,-0.00335159,1.5
524,0.514521,-0.0400975,0.130788,0.316978,-0.00335159,1.5
524.05,0.514521,-0.0400975,0.130788,0.316978,-0.00335159,1.5
524.1,0.514521,-0.0400975,0.130788,0.316978,-0.00335159,1.5
524.15,0.514521,-0.0400975,0.130788,0.316978,-0.00335159,1.5
524.2,0.514521,-0.0400975,0.130788,0.316978,-0.00335159,1.5
524.25,0.514521,-0.0400975,0.130788,0.316978,-0.00335159,1.5
524.3,0.514521,-0.0400975,0.130788,0.316978,-0.00335159,1.5
524.35,0.514521,-0.0400975,0.130788,0.316978,-0.00335159,1.5
524.4,0.514521,-0.0400975,0.130788,0.316978,-0.00335159,1.5
524.45,0.514521,-0.0400975,0.130788,0.316978,-0.00335159,1.5
524.5,0.514521,-0.0400975,0.130788,0.316978,-0.00335159,1.5
524.55,0.514521,-0.0400975,0.130788,0.316978,-0.00335159,1.5
524.6,0.514521,-0.0400975,0.130788,0.316978,-0.00335159,1.5
524.65,0.514521,-0.0400975,0.130788,0.316978,-0.00335159,1.5
524.7,0.514521,-0.0400975,0.130788,0.316978,-0.00335159,1.5
524.75,0.514521,-0.0400975,0.130788,0.316978,-0.00335159,1.5
524.8,0.514521,-0.0400975,0.130788,0.316978,-0.00335159,1.5
524.85,0.514521,-0.0400975,0.130788,0.316978,-0.00335159,1.5
524.9,0.514521,-0.0400975,0.130788,0.316978,-0.00335159,1.5
524.95,0.514521,-0.0400975,0.130788,0.316978,-0.00335159,1.5
525,0.514521,-0.0400975,0.130788,0.316978,-0.00335159,1.5
525.05,0.514521,-0.0400975,0.130788,0.316978,-0.00335159,1.5
525.1,0.514521,-0.0400975,0.130788,0.316978,-0.00335159,1.5
525.15,0.514521,-0.0400975,0.130788,0.316978,-0.00335159,1.5
525.2,0.514521,-0.0400975,0.130788,0.316978,-0.00335159,1.5
525.25,0.514521,-0.0400975,0.130788,0.316978,-0.00335159,1.5
525.3,0.514521,-0.0400975,0.130788,0.316978,-0.00335159,1.5
525.35,0.514521,-0.0400975,0.130788,0.316978,-0.00335159,1.5
525.4,0.514521,-0.0400975,0.130788,0.316978,-0.00335159,1.5
525.45,0.514521,-0.0400975,0.130788,0.316978,-0.00335159,1.5
525.5,0.514521,-0.0400975,0.130788,0.316978,-0.00335159,1.5
525.55,0.514521,-0.0400975,0.130788,0.316978,-0.00335159,1.5
525.6,0.514521,-0.0400975,0.130788,0.316978,-0.00335159,1.5
525.65,0.514521,-0.0400975,0.130788,0.316978,-0.00335159,1.5
525.7,0.514521,-0.0400975,0.130788,0.316978,-0.00335159,1.5
525.75,0.514521,-0.0400975,0.130788,0.316978,-0.00335159,1.5
525.8,0.514521,-0.0400975,0.130788,0.316978,-0.00335159,1.5
525.85,0.514521,-0.0400975,0.130788,0.316978,-0.00335159,1.5
525.9,0.514521,-0.0400975,0.130788,0.316978,-0.00335159,1.5
525.95,0.514521,-0.0400975,0.130788,0.316978,-0.00335159,1.5
526,0.514521,-0.0400975,0.130788,0.316978,-0.00335159,1.5
526.05,0.514521,-0.0400975,0.130788,0.316978,-0.00335159,1.5
526.1,0.514521,-0.0400975,0.130788,0.316978,-0.00335159,1.5
526.15,0.514521,-0.0400975,0.130788,0.316978,-0.00335159,1.5
526.2,0.514521,-0.0400975,0.130788,0.316978,-0.00335159,1.5
526.25,0.514521,-0.0400975,0.130788,0.316978,-0.00335159,1.5
526.3,0.514521,-0.0400975,0.130788,0.316978,-0.00335159,1.5
526.35,0.514521,-0.0400975,0.130788,0.316978,-0.00335159,1.5
526.4,0.514521,-0.0400975,0.130788,0.316978,-0.00335159,1.5
526.45,0.514521,-0.0400975,0.130788,0.316978,-0.00335159,1.5
526.5,0.514521,-0.0400975,0.130788,0.316978,-0.00335159,1.5
526.55,0.514521,-0.0400975,0.130788,0.316978,-0.00335159,1.5
526.6,0.514521,-0.0400975,0.130788,0.316978,-0.00335159,1.5
526.65,0.514521,-0.0400975,0.130788,0.316978,-0.00335159,1.5
526.7,0.514521,-0.0400975,0.130788,0.316978,-0.00335159,1.5
526.75,0.514521,-0.0400975,0.130788,0.316978,-0.00335159,1.5
526.8,0.514521,-0.0400975,0.130788,0.316978,-0.00335159,1.5
526.85,0.514521,-0.0400975,0.130788,0.316978,-0.00335159,1.5
526.9,0.514521,-0.0400975,0.130788,0.316978,-0.00335159,1.5
526.95,0.514521,-0.0400975,0.130788,0.316978,-0.00335159,1.5
527,0.514521,-0.0400975,0.130788,0.316978,-0.00335159,1.5
527.05,0.514521,-0.0400975,0.130788,0.316978,-0.00335159,1.5
527.1,0.514521,-0.0400975,0.130788,0.316978,-0.00335159,1.5
527.15,0.514521,-0.0400975,0.130788,0.316978,-0.00335159,1.5
527.2,0.514521,-0.0400975,0.130788,0.316978,-0.00335159,1.5
527.25,0.514521,-0.0400975,0.130788,0.316978,-0.00335159,1.5
527.3,0.514521,-0.0400975,0.130788,0.316978,-0.00335159,1.5
527.35,0.514521,-0.0400975,0.130788,0.316978,-0.00335159,1.5
527.4,0.514521,-0.0400975,0.130788,0.316978,-0.00335159,1.5
527.45,0.514521,-0.0400975,0.130788,0.316978,-0.00335159,1.5
527.5,0.514521,-0.0400975,0.130788,0.316978,-0.00335159,1.5
527.55,0.514521,-0.0400975,0.130788,0.316978,-0.00335159,1.5
527.6,0.514521,-0.0400975,0.130788,0.316978,-0.00335159,1.5
527.65,0.514521,-0.0400975,0.130788,0.316978,-0.00335159,1.5
527.7,0.514521,-0.0400975,0.130788,0.316978,-0.00335159,1.5
527.75,0.514521,-0.0400975,0.130788,0.316978,-0.00335159,1.5
527.8,0.514521,-0.0400975,0.130788,0.316978,-0.00335159,1.5
527.85,0.514521,-0.0400975,0.130788,0.316978,-0.00335159,1.5
527.9,0.514521,-0.0400975,0.130788,0.316978,-0.00335159,1.5
527.95,0.514521,-0.0400975,0.130788,0.316978,-0.00335159,1.5
528,0.514521,-0.0400975,0.130788,0.316978,-0.00335159,1.5
528.05,0.514521,-0.0400975,0.130788,0.316978,-0.00335159,1.5
528.1,0.514521,-0.0400975,0.130788,0.316978,-0.00335159,1.5
528.15,0.514521,-0.0400975,0.130788,0.316978,-0.00335159,1.5
528.2,0.514521,-0.0400975,0.130788,0.316978,-0.00335159,1.5
528.25,0.514521,-0.0400975,0.130788,0.316978,-0.00335159,1.5
528.3,0.514521,-0.0400975,0.130788,0.316978,-0.00335159,1.5
528.35,0.514521,-0.0400975,0.130788,0.316978,-0.00335159,1.5
528.4,0.514521,-0.0400975,0.130788,0.316978,-0.00335159,1.5
528.45,0.514521,-0.0400975,0.130788,0.316978,-0.00335159,1.5
528.5,0.514521,-0.0400975,0.130788,0.316978,-0.00335159,1.5
528.55,0.514521,-0.0400975,0.130788,0.316978,-0.00335159,1.5
528.6,0.514521,-0.0400975,0.130788,0.316978,-0.00335159,1.5
528.65,0.514521,-0.0400975,0.130788,0.316978,-0.00335159,1.5
528.7,0.514521,-0.0400975,0.130788,0.316978,-0.00335159,1.5
528.75,0.514521,-0.0400975,0.130788,0.316978,-0.00335159,1.5
528.8,0.514521,-0.0400975,0.130788,0.316978,-0.00335159,1.5
528.85,0.514521,-0.0400975,0.130788,0.316978,-0.00335159,1.5
528.9,0.514521,-0.0400975,0.130788,0.316978,-0.00335159,1.5
528.95,0.514521,-0.0400975,0.130788,0.316978,-0.00335159,1.5
529,0.514521,-0.0400975,0.130788,0.316978,-0.00335159,1.5
529.05,0.514521,-0.0400975,0.130788,0.316978,-0.00335159,1.5
529.1,0.514521,-0.0400975,0.130788,0.316978,-0.00335159,1.5
529.15,0.514521,-0.0400975,0.130788,0.316978,-0.00335159,1.5
529.2,0.514521,-0.0400975,0.130788,0.316978,-0.00335159,1.5
529.25,0.514521,-0.0400975,0.130788,0.316978,-0.00335159,1.5
529.3,0.514521,-0.0400975,0.130788,0.316978,-0.00335159,1.5
529.35,0.514521,-0.0400975,0.130788,0.316978,-0.00335159,1.5
529.4,0.514521,-0.0400975,0.130788,0.316978,-0.00335159,1.5
529.45,0.514521,-0.0400975,0.130788,0.316978,-0.00335159,1.5
529.5,0.514521,-0.0400975,0.130788,0.316978,-0.00335159,1.5
529.55,0.514521,-0.0400975,0.130788,0.316978,-0.00335159,1.5
529.6,0.514521,-0.0400975,0.130788,0.316978,-0.00335159,1.5
529.65,0.514521,-0.0400975,0.130788,0.316978,-0.00335159,1.5
529.7,0.514521,-0.0400975,0.130788,0.316978,-0.00335159,1.5
529.75,0.514521,-0.0400975,0.130788,0.316978,-0.00335159,1.5
529.8,0.514521,-0.0400975,0.130788,0.316978,-0.00335159,1.5
529.85,0.514521,-0.0400975,0.130788,0.316978,-0.00335159,1.5
529.9,0.514521,-0.0400975,0.130788,0.316978,-0.00335159,1.5
529.95,0.514521,-0.0400975,0.130788,0.316978,-0.00335159,1.5
530,0.514521,-0.0400975,0.130788,0.316978,-0.00335159,1.5
530.05,0.514521,-0.0400975,0.130788,0.316978,-0.00335159,1.5
530.1,0.514521,-0.0400975,0.130788,0.316978,-0.00335159,1.5
530.15,0.514521,-0.0400975,0.130788,0.316978,-0.00335159,1.5
530.2,0.514521,-0.0400975,0.130788,0.316978,-0.00335159,1.5
530.25,0.514521,-0.0400975,0.130788,0.316978,-0.00335159,1.5
530.3,0.514521,-0.0400975,0.130788,0.316978,-0.00335159,1.5
530.35,0.514521,-0.0400975,0.130788,0.316978,-0.00335159,1.5
530.4,0.514521,-0.0400975,0.130788,0.316978,-0.00335159,1.5
530.45,0.514521,-0.0400975,0.130788,0.316978,-0.00335159,1.5
530.5,0.514521,-0.0400975,0.130788,0.316978,-0.00335159,1.5
530.55,0.514521,-0.0400975,0.130788,0.316978,-0.00335159,1.5
530.6,0.514521,-0.0400975,0.130788,0.316978,-0.00335159,1.5
530.65,0.514521,-0.0400975,0.130788,0.316978,-0.00335159,1.5
530.7,0.514521,-0.0400975,0.130788,0.316978,-0.00335159,1.5
530.75,0.514521,-0.0400975,0.130788,0.316978,-0.00335159,1.5
530.8,0.514521,-0.0400975,0.130788,0.316978,-0.00335159,1.5
530.85,0.514521,-0.0400975,0.130788,0.316978,-0.00335159,1.5
530.9,0.514521,-0.0400975,0.130788,0.316978,-0.00335159,1.5
530.95,0.514521,-0.0400975,0.130788,0.316978,-0.00335159,1.5
531,0.514521,-0.0400975,0.130788,0.316978,-0.00335159,1.5
531.05,0.514521,-0.0400975,0.130788,0.316978,-0.00335159,1.5
531.1,0.514521,-0.0400975,0.130788,0.316978,-0.00335159,1.5
531.15,0.514521,-0.0400975,0.130788,0.316978,-0.00335159,1.5
531.2,0.514521,-0.0400975,0.130788,0.316978,-0.00335159,1.5
531.25,0.514521,-0.0400975,0.130788,0.316978,-0.00335159,1.5
531.3,0.514521,-0.0400975,0.130788,0.316978,-0.00335159,1.5
531.35,0.514521,-0.0400975,0.130788,0.316978,-0.00335159,1.5
531.4,0.514521,-0.0400975,0.130788,0.316978,-0.00335159,1.5
531.45,0.514521,-0.0400975,0.130788,0.316978,-0.00335159,1.5
531.5,0.514521,-0.0400975,0.130788,0.316978,-0.00335159,1.5
531.55,0.514521,-0.0400975,0.130788,0.316978,-0.00335159,1.5
531.6,0.514521,-0.0400975,0.130788,0.316978,-0.00335159,1.5
531.65,0.514521,-0.0400975,0.130788,0.316978,-0.00335159,1.5
531.7,0.514521,-0.0400975,0.130788,0.316978,-0.00335159,1.5
531.75,0.514521,-0.0400975,0.130788,0.316978,-0.00335159,1.5
531.8,0.514521,-0.0400975,0.130788,0.316978,-0.00335159,1.5
531.85,0.514521,-0.0400975,0.130788,0.316978,-0.00335159,1.5
531.9,0.514521,-0.0400975,0.130788,0.316978,-0.00335159,1.5
531.95,0.514521,-0.0400975,0.130788,0.316978,-0.00335159,1.5
532,0.514521,-0.0400975,0.130788,0.316978,-0.00335159,1.5
532.05,0.514521,-0.0400975,0.130788,0.316978,-0.00335159,1.5
532.1,0.514521,-0.0400975,0.130788,0.316978,-0.00335159,1.5
532.15,0.514521,-0.0400975,0.130788,0.316978,-0.00335159,1.5
532.2,0.514521,-0.0400975,0.130788,0.316978,-0.00335159,1.5
532.25,0.514521,-0.0400975,0.130788,0.316978,-0.00335159,1.5
532.3,0.514521,-0.0400975,0.130788,0.316978,-0.00335159,1.5
532.35,0.514521,-0.0400975,0.130788,0.316978,-0.00335159,1.5
532.4,0.514521,-0.0400975,0.130788,0.316978,-0.00335159,1.5
532.45,0.514521,-0.0400975,0.130788,0.316978,-0.00335159,1.5
532.5,0.514521,-0.0400975,0.130788,0.316978,-0.00335159,1.5
532.55,0.514521,-0.0400975,0.130788,0.316978,-0.00335159,1.5
532.6,0.514521,-0.0400975,0.130788,0.316978,-0.00335159,1.5
532.65,0.514521,-0.0400975,0.130788,0.316978,-0.00335159,1.5
532.7,0.514521,-0.0400975,0.130788,0.316978,-0.00335159,1.5
532.75,0.514521,-0.0400975,0.130788,0.316978,-0.00335159,1.5
532.8,0.514521,-0.0400975,0.130788,0.316978,-0.00335159,1.5
532.85,0.514521,-0.0400975,0.130788,0.316978,-0.00335159,1.5
532.9,0.514521,-0.0400975,0.130788,0.316978,-0.00335159,1.5
532.95,0.514521,-0.0400975,0.130788,0.316978,-0.00335159,1.5
533,0.514521,-0.0400975,0.130788,0.316978,-0.00335159,1.5
533.05,0.514521,-0.0400975,0.130788,0.316978,-0.00335159,1.5
533.1,0.514521,-0.0400975,0.130788,0.316978,-0.00335159,1.5
533.15,0.514521,-0.0400975,0.130788,0.316978,-0.00335159,1.5
533.2,0.514521,-0.0400975,0.130788,0.316978,-0.00335159,1.5
533.25,0.514521,-0.0400975,0.130788,0.316978,-0.00335159,1.5
533.3,0.514521,-0.0400975,0.130788,0.316978,-0.00335159,1.5
533.35,0.514521,-0.0400975,0.130788,0.316978,-0.00335159,1.5
533.4,0.514521,-0.0400975,0.130788,0.316978,-0.00335159,1.5
533.45,0.514521,-0.0400975,0.130788,0.316978,-0.00335159,1.5
533.5,0.514521,-0.0400975,0.130788,0.316978,-0.00335159,1.5
533.55,0.514521,-0.0400975,0.130788,0.316978,-0.00335159,1.5
533.6,0.514521,-0.0400975,0.130788,0.316978,-0.00335159,1.5
533.65,0.514521,-0.0400975,0.130788,0.316978,-0.00335159,1.5
533.7,0.514521,-0.0400975,0.130788,0.316978,-0.00335159,1.5
533.75,0.514521,-0.0400975,0.130788,0.316978,-0.00335159,1.5
533.8,0.514521,-0.0400975,0.130788,0.316978,-0.00335159,1.5
533.85,0.514521,-0.0400975,0.130788,0.316978,-0.00335159,1.5
533.9,0.514521,-0.0400975,0.130788,0.316978,-0.00335159,1.5
533.95,0.514521,-0.0400975,0.130788,0.316978,-0.00335159,1.5
534,0.514521,-0.0400975,0.130788,0.316978,-0.00335159,1.5
534.05,0.514521,-0.0400975,0.130788,0.316978,-0.00335159,1.5
534.1,0.514521,-0.0400975,0.130788,0.316978,-0.00335159,1.5
534.15,0.514521,-0.0400975,0.130788,0.316978,-0.00335159,1.5
534.2,0.514521,-0.0400975,0.130788,0.316978,-0.00335159,1.5
534.25,0.514521,-0.0400975,0.130788,0.316978,-0.00335159,1.5
534.3,0.514521,-0.0400975,0.130788,0.316978,-0.00335159,1.5
534.35,0.514521,-0.0400975,0.130788,0.316978,-0.00335159,1.5
534.4,0.514521,-0.0400975,0.130788,0.316978,-0.00335159,1.5
534.45,0.514521,-0.0400975,0.130788,0.316978,-0.00335159,1.5
534.5,0.514521,-0.0400975,0.130788,0.316978,-0.00335159,1.5
534.55,0.514521,-0.0400975,0.130788,0.316978,-0.00335159,1.5
534.6,0.514521,-0.0400975,0.130788,0.316978,-0.00335159,1.5
534.65,0.514521,-0.0400975,0.130788,0.316978,-0.00335159,1.5
534.7,0.514521,-0.0400975,0.130788,0.316978,-0.00335159,1.5
534.75,0.514521,-0.0400975,0.130788,0.316978,-0.00335159,1.5
534.8,0.514521,-0.0400975,0.130788,0.316978,-0.00335159,1.5
534.85,0.514521,-0.0400975,0.130788,0.316978,-0.00335159,1.5
534.9,0.514521,-0.0400975,0.130788,0.316978,-0.00335159,1.5
534.95,0.514521,-0.0400975,0.130788,0.316978,-0.00335159,1.5
535,0.514521,-0.0400975,0.130788,0.316978,-0.00335159,1.5
535.05,0.514521,-0.0400975,0.130788,0.316978,-0.00335159,1.5
535.1,0.514521,-0.0400975,0.130788,0.316978,-0.00335159,1.5
535.15,0.514521,-0.0400975,0.130788,0.316978,-0.00335159,1.5
535.2,0.514521,-0.0400975,0.130788,0.316978,-0.00335159,1.5
535.25,0.514521,-0.0400975,0.130788,0.316978,-0.00335159,1.5
535.3,0.514521,-0.0400975,0.130788,0.316978,-0.00335159,1.5
535.35,0.514521,-0.0400975,0.130788,0.316978,-0.00335159,1.5
535.4,0.514521,-0.0400975,0.130788,0.316978,-0.00335159,1.5
535.45,0.514521,-0.0400975,0.130788,0.316978,-0.00335159,1.5
535.5,0.514521,-0.0400975,0.130788,0.316978,-0.00335159,1.5
535.55,0.514521,-0.0400975,0.130788,0.316978,-0.00335159,1.5
535.6,0.514521,-0.0400975,0.130788,0.316978,-0.00335159,1.5
535.65,0.514521,-0.0400975,0.130788,0.316978,-0.00335159,1.5
535.7,0.514521,-0.0400975,0.130788,0.316978,-0.00335159,1.5
535.75,0.514521,-0.0400975,0.130788,0.316978,-0.00335159,1.5
535.8,0.514521,-0.0400975,0.130788,0.316978,-0.00335159,1.5
535.85,0.514521,-0.0400975,0.130788,0.316978,-0.00335159,1.5
535.9,0.514521,-0.0400975,0.130788,0.316978,-0.00335159,1.5
535.95,0.514521,-0.0400975,0.130788,0.316978,-0.00335159,1.5
536,0.514521,-0.0400975,0.130788,0.316978,-0.00335159,1.5
536.05,0.514521,-0.0400975,0.130788,0.316978,-0.00335159,1.5
536.1,0.514521,-0.0400975,0.130788,0.316978,-0.00335159,1.5
536.15,0.514521,-0.0400975,0.130788,0.316978,-0.00335159,1.5
536.2,0.514521,-0.0400975,0.130788,0.316978,-0.00335159,1.5
536.25,0.514521,-0.0400975,0.130788,0.316978,-0.00335159,1.5
536.3,0.514521,-0.0400975,0.130788,0.316978,-0.00335159,1.5
536.35,0.514521,-0.0400975,0.130788,0.316978,-0.00335159,1.5
536.4,0.514521,-0.0400975,0.130788,0.316978,-0.00335159,1.5
536.45,0.514521,-0.0400975,0.130788,0.316978,-0.00335159,1.5
536.5,0.514521,-0.0400975,0.130788,0.316978,-0.00335159,1.5
536.55,0.514521,-0.0400975,0.130788,0.316978,-0.00335159,1.5
536.6,0.514521,-0.0400975,0.130788,0.316978,-0.00335159,1.5
536.65,0.514521,-0.0400975,0.130788,0.316978,-0.00335159,1.5
536.7,0.514521,-0.0400975,0.130788,0.316978,-0.00335159,1.5
536.75,0.514521,-0.0400975,0.130788,0.316978,-0.00335159,1.5
536.8,0.514521,-0.0400975,0.130788,0.316978,-0.00335159,1.5
536.85,0.514521,-0.0400975,0.130788,0.316978,-0.00335159,1.5
536.9,0.514521,-0.0400975,0.130788,0.316978,-0.00335159,1.5
536.95,0.514521,-0.0400975,0.130788,0.316978,-0.00335159,1.5
537,0.514521,-0.0400975,0.130788,0.316978,-0.00335159,1.5
537.05,0.514521,-0.0400975,0.130788,0.316978,-0.00335159,1.5
537.1,0.514521,-0.0400975,0.130788,0.316978,-0.00335159,1.5
537.15,0.514521,-0.0400975,0.130788,0.316978,-0.00335159,1.5
537.2,0.514521,-0.0400975,0.130788,0.316978,-0.00335159,1.5
537.25,0.514521,-0.0400975,0.130788,0.316978,-0.00335159,1.5
537.3,0.514521,-0.0400975,0.130788,0.316978,-0.00335159,1.5
537.35,0.514521,-0.0400975,0.130788,0.316978,-0.00335159,1.5
537.4,0.514521,-0.0400975,0.130788,0.316978,-0.00335159,1.5
537.45,0.514521,-0.0400975,0.130788,0.316978,-0.00335159,1.5
537.5,0.514521,-0.0400975,0.130788,0.316978,-0.00335159,1.5
537.55,0.514521,-0.0400975,0.130788,0.316978,-0.00335159,1.5
537.6,0.514521,-0.0400975,0.130788,0.316978,-0.00335159,1.5
537.65,0.514521,-0.0400975,0.130788,0.316978,-0.00335159,1.5
537.7,0.514521,-0.0400975,0.130788,0.316978,-0.00335159,1.5
537.75,0.514521,-0.0400975,0.130788,0.316978,-0.00335159,1.5
537.8,0.514521,-0.0400975,0.130788,0.316978,-0.00335159,1.5
537.85,0.514521,-0.0400975,0.130788,0.316978,-0.00335159,1.5
537.9,0.514521,-0.0400975,0.130788,0.316978,-0.00335159,1.5
537.95,0.514521,-0.0400975,0.130788,0.316978,-0.00335159,1.5
538,0.514521,-0.0400975,0.130788,0.316978,-0.00335159,1.5
538.05,0.514521,-0.0400975,0.130788,0.316978,-0.00335159,1.5
538.1,0.514521,-0.0400975,0.130788,0.316978,-0.00335159,1.5
538.15,0.514521,-0.0400975,0.130788,0.316978,-0.00335159,1.5
538.2,0.514521,-0.0400975,0.130788,0.316978,-0.00335159,1.5
538.25,0.514521,-0.0400975,0.130788,0.316978,-0.00335159,1.5
538.3,0.514521,-0.0400975,0.130788,0.316978,-0.00335159,1.5
538.35,0.514521,-0.0400975,0.130788,0.316978,-0.00335159,1.5
538.4,0.514521,-0.0400975,0.130788,0.316978,-0.00335159,1.5
538.45,0.514521,-0.0400975,0.130788,0.316978,-0.00335159,1.5
538.5,0.514521,-0.0400975,0.130788,0.316978,-0.00335159,1.5
538.55,0.514521,-0.0400975,0.130788,0.316978,-0.00335159,1.5
538.6,0.514521,-0.0400975,0.130788,0.316978,-0.00335159,1.5
538.65,0.514521,-0.0400975,0.130788,0.316978,-0.00335159,1.5
538.7,0.514521,-0.0400975,0.130788,0.316978,-0.00335159,1.5
538.75,0.514521,-0.0400975,0.130788,0.316978,-0.00335159,1.5
538.8,0.514521,-0.0400975,0.130788,0.316978,-0.00335159,1.5
538.85,0.514521,-0.0400975,0.130788,0.316978,-0.00335159,1.5
538.9,0.514521,-0.0400975,0.130788,0.316978,-0.00335159,1.5
538.95,0.514521,-0.0400975,0.130788,0.316978,-0.00335159,1.5
539,0.514521,-0.0400975,0.130788,0.316978,-0.00335159,1.5
539.05,0.514521,-0.0400975,0.130788,0.316978,-0.00335159,1.5
539.1,0.514521,-0.0400975,0.130788,0.316978,-0.00335159,1.5
539.15,0.514521,-0.0400975,0.130788,0.316978,-0.00335159,1.5
539.2,0.514521,-0.0400975,0.130788,0.316978,-0.00335159,1.5
539.25,0.514521,-0.0400975,0.130788,0.316978,-0.00335159,1.5
539.3,0.514521,-0.0400975,0.130788,0.316978,-0.00335159,1.5
539.35,0.514521,-0.0400975,0.130788,0.316978,-0.00335159,1.5
539.4,0.514521,-0.0400975,0.130788,0.316978,-0.00335159,1.5
539.45,0.514521,-0.0400975,0.130788,0.316978,-0.00335159,1.5
539.5,0.514521,-0.0400975,0.130788,0.316978,-0.00335159,1.5
539.55,0.514521,-0.0400975,0.130788,0.316978,-0.00335159,1.5
539.6,0.514521,-0.0400975,0.130788,0.316978,-0.00335159,1.5
539.65,0.514521,-0.0400975,0.130788,0.316978,-0.00335159,1.5
539.7,0.514521,-0.0400975,0.130788,0.316978,-0.00335159,1.5
539.75,0.514521,-0.0400975,0.130788,0.316978,-0.00335159,1.5
539.8,0.514521,-0.0400975,0.130788,0.316978,-0.00335159,1.5
539.85,0.514521,-0.0400975,0.130788,0.316978,-0.00335159,1.5
539.9,0.514521,-0.0400975,0.130788,0.316978,-0.00335159,1.5
539.95,0.514521,-0.0400975,0.130788,0.316978,-0.00335159,1.5
540,0.514521,-0.0400975,0.130788,0.316978,-0.00335159,1.5
540.05,0.514521,-0.0400975,0.130788,0.316978,-0.00335159,1.5
540.1,0.514521,-0.0400975,0.130788,0.316978,-0.00335159,1.5
540.15,0.514521,-0.0400975,0.130788,0.316978,-0.00335159,1.5
540.2,0.514521,-0.0400975,0.130788,0.316978,-0.00335159,1.5
540.25,0.514521,-0.0400975,0.130788,0.316978,-0.00335159,1.5
540.3,0.514521,-0.0400975,0.130788,0.316978,-0.00335159,1.5
540.35,0.514521,-0.0400975,0.130788,0.316978,-0.00335159,1.5
540.4,0.514521,-0.0400975,0.130788,0.316978,-0.00335159,1.5
540.45,0.514521,-0.0400975,0.130788,0.316978,-0.00335159,1.5
540.5,0.514521,-0.0400975,0.130788,0.316978,-0.00335159,1.5
540.55,0.514521,-0.0400975,0.130788,0.316978,-0.00335159,1.5
540.6,0.514521,-0.0400975,0.130788,0.316978,-0.00335159,1.5
540.65,0.514521,-0.0400975,0.130788,0.316978,-0.00335159,1.5
540.7,0.514521,-0.0400975,0.130788,0.316978,-0.00335159,1.5
540.75,0.514521,-0.0400975,0.130788,0.316978,-0.00335159,1.5
540.8,0.514521,-0.0400975,0.130788,0.316978,-0.00335159,1.5
540.85,0.514521,-0.0400975,0.130788,0.316978,-0.00335159,1.5
540.9,0.514521,-0.0400975,0.130788,0.316978,-0.00335159,1.5
540.95,0.514521,-0.0400975,0.130788,0.316978,-0.00335159,1.5
541,0.514521,-0.0400975,0.130788,0.316978,-0.00335159,1.5
541.05,0.514521,-0.0400975,0.130788,0.316978,-0.00335159,1.5
541.1,0.514521,-0.0400975,0.130788,0.316978,-0.00335159,1.5
541.15,0.514521,-0.0400975,0.130788,0.316978,-0.00335159,1.5
541.2,0.514521,-0.0400975,0.130788,0.316978,-0.00335159,1.5
541.25,0.514521,-0.0400975,0.130788,0.316978,-0.00335159,1.5
541.3,0.514521,-0.0400975,0.130788,0.316978,-0.00335159,1.5
541.35,0.514521,-0.0400975,0.130788,0.316978,-0.00335159,1.5
541.4,0.514521,-0.0400975,0.130788,0.316978,-0.00335159,1.5
541.45,0.514521,-0.0400975,0.130788,0.316978,-0.00335159,1.5
541.5,0.514521,-0.0400975,0.130788,0.316978,-0.00335159,1.5
541.55,0.514521,-0.0400975,0.130788,0.316978,-0.00335159,1.5
541.6,0.514521,-0.0400975,0.130788,0.316978,-0.00335159,1.5
541.65,0.514521,-0.0400975,0.130788,0.316978,-0.00335159,1.5
541.7,0.514521,-0.0400975,0.130788,0.316978,-0.00335159,1.5
541.75,0.514521,-0.0400975,0.130788,0.316978,-0.00335159,1.5
541.8,0.514521,-0.0400975,0.130788,0.316978,-0.00335159,1.5
541.85,0.514521,-0.0400975,0.130788,0.316978,-0.00335159,1.5
541.9,0.514521,-0.0400975,0.130788,0.316978,-0.00335159,1.5
541.95,0.514521,-0.0400975,0.130788,0.316978,-0.00335159,1.5
542,0.514521,-0.0400975,0.130788,0.316978,-0.00335159,1.5
542.05,0.514521,-0.0400975,0.130788,0.316978,-0.00335159,1.5
542.1,0.514521,-0.0400975,0.130788,0.316978,-0.00335159,1.5
542.15,0.514521,-0.0400975,0.130788,0.316978,-0.00335159,1.5
542.2,0.514521,-0.0400975,0.130788,0.316978,-0.00335159,1.5
542.25,0.514521,-0.0400975,0.130788,0.316978,-0.00335159,1.5
542.3,0.514521,-0.0400975,0.130788,0.316978,-0.00335159,1.5
542.35,0.514521,-0.0400975,0.130788,0.316978,-0.00335159,1.5
542.4,0.514521,-0.0400975,0.130788,0.316978,-0.00335159,1.5
542.45,0.514521,-0.0400975,0.130788,0.316978,-0.00335159,1.5
542.5,0.514521,-0.0400975,0.130788,0.316978,-0.00335159,1.5
542.55,0.514521,-0.0400975,0.130788,0.316978,-0.00335159,1.5
542.6,0.514521,-0.0400975,0.130788,0.316978,-0.00335159,1.5
542.65,0.514521,-0.0400975,0.130788,0.316978,-0.00335159,1.5
542.7,0.514521,-0.0400975,0.130788,0.316978,-0.00335159,1.5
542.75,0.514521,-0.0400975,0.130788,0.316978,-0.00335159,1.5
542.8,0.514521,-0.0400975,0.130788,0.316978,-0.00335159,1.5
542.85,0.514521,-0.0400975,0.130788,0.316978,-0.00335159,1.5
542.9,0.514521,-0.0400975,0.130788,0.316978,-0.00335159,1.5
542.95,0.514521,-0.0400975,0.130788,0.316978,-0.00335159,1.5
543,0.514521,-0.0400975,0.130788,0.316978,-0.00335159,1.5
543.05,0.514521,-0.0400975,0.130788,0.316978,-0.00335159,1.5
543.1,0.514521,-0.0400975,0.130788,0.316978,-0.00335159,1.5
543.15,0.514521,-0.0400975,0.130788,0.316978,-0.00335159,1.5
543.2,0.514521,-0.0400975,0.130788,0.316978,-0.00335159,1.5
543.25,0.514521,-0.0400975,0.130788,0.316978,-0.00335159,1.5
543.3,0.514521,-0.0400975,0.130788,0.316978,-0.00335159,1.5
543.35,0.514521,-0.0400975,0.130788,0.316978,-0.00335159,1.5
543.4,0.514521,-0.0400975,0.130788,0.316978,-0.00335159,1.5
543.45,0.514521,-0.0400975,0.130788,0.316978,-0.00335159,1.5
543.5,0.514521,-0.0400975,0.130788,0.316978,-0.00335159,1.5
543.55,0.514521,-0.0400975,0.130788,0.316978,-0.00335159,1.5
543.6,0.514521,-0.0400975,0.130788,0.316978,-0.00335159,1.5
543.65,0.514521,-0.0400975,0.130788,0.316978,-0.00335159,1.5
543.7,0.514521,-0.0400975,0.130788,0.316978,-0.00335159,1.5
543.75,0.514521,-0.0400975,0.130788,0.316978,-0.00335159,1.5
543.8,0.514521,-0.0400975,0.130788,0.316978,-0.00335159,1.5
543.85,0.514521,-0.0400975,0.130788,0.316978,-0.00335159,1.5
543.9,0.514521,-0.0400975,0.130788,0.316978,-0.00335159,1.5
543.95,0.514521,-0.0400975,0.130788,0.316978,-0.00335159,1.5
544,0.514521,-0.0400975,0.130788,0.316978,-0.00335159,1.5
544.05,0.514521,-0.0400975,0.130788,0.316978,-0.00335159,1.5
544.1,0.514521,-0.0400975,0.130788,0.316978,-0.00335159,1.5
544.15,0.514521,-0.0400975,0.130788,0.316978,-0.00335159,1.5
544.2,0.514521,-0.0400975,0.130788,0.316978,-0.00335159,1.5
544.25,0.514521,-0.0400975,0.130788,0.316978,-0.00335159,1.5
544.3,0.514521,-0.0400975,0.130788,0.316978,-0.00335159,1.5
544.35,0.514521,-0.0400975,0.130788,0.316978,-0.00335159,1.5
544.4,0.514521,-0.0400975,0.130788,0.316978,-0.00335159,1.5
544.45,0.514521,-0.0400975,0.130788,0.316978,-0.00335159,1.5
544.5,0.514521,-0.0400975,0.130788,0.316978,-0.00335159,1.5
544.55,0.514521,-0.0400975,0.130788,0.316978,-0.00335159,1.5
544.6,0.514521,-0.0400975,0.130788,0.316978,-0.00335159,1.5
544.65,0.514521,-0.0400975,0.130788,0.316978,-0.00335159,1.5
544.7,0.514521,-0.0400975,0.130788,0.316978,-0.00335159,1.5
544.75,0.514521,-0.0400975,0.130788,0.316978,-0.00335159,1.5
544.8,0.514521,-0.0400975,0.130788,0.316978,-0.00335159,1.5
544.85,0.514521,-0.0400975,0.130788,0.316978,-0.00335159,1.5
544.9,0.514521,-0.0400975,0.130788,0.316978,-0.00335159,1.5
544.95,0.514521,-0.0400975,0.130788,0.316978,-0.00335159,1.5
545,0.514521,-0.0400975,0.130788,0.316978,-0.00335159,1.5
545.05,0.514521,-0.0400975,0.130788,0.316978,-0.00335159,1.5
545.1,0.514521,-0.0400975,0.130788,0.316978,-0.00335159,1.5
545.15,0.514521,-0.0400975,0.130788,0.316978,-0.00335159,1.5
545.2,0.514521,-0.0400975,0.130788,0.316978,-0.00335159,1.5
545.25,0.514521,-0.0400975,0.130788,0.316978,-0.00335159,1.5
545.3,0.514521,-0.0400975,0.130788,0.316978,-0.00335159,1.5
545.35,0.514521,-0.0400975,0.130788,0.316978,-0.00335159,1.5
545.4,0.514521,-0.0400975,0.130788,0.316978,-0.00335159,1.5
545.45,0.514521,-0.0400975,0.130788,0.316978,-0.00335159,1.5
545.5,0.514521,-0.0400975,0.130788,0.316978,-0.00335159,1.5
545.55,0.514521,-0.0400975,0.130788,0.316978,-0.00335159,1.5
545.6,0.514521,-0.0400975,0.130788,0.316978,-0.00335159,1.5
545.65,0.514521,-0.0400975,0.130788,0.316978,-0.00335159,1.5
545.7,0.514521,-0.0400975,0.130788,0.316978,-0.00335159,1.5
545.75,0.514521,-0.0400975,0.130788,0.316978,-0.00335159,1.5
545.8,0.514521,-0.0400975,0.130788,0.316978,-0.00335159,1.5
545.85,0.514521,-0.0400975,0.130788,0.316978,-0.00335159,1.5
545.9,0.514521,-0.0400975,0.130788,0.316978,-0.00335159,1.5
545.95,0.514521,-0.0400975,0.130788,0.316978,-0.00335159,1.5
546,0.514521,-0.0400975,0.130788,0.316978,-0.00335159,1.5
546.05,0.514521,-0.0400975,0.130788,0.316978,-0.00335159,1.5
546.1,0.514521,-0.0400975,0.130788,0.316978,-0.00335159,1.5
546.15,0.514521,-0.0400975,0.130788,0.316978,-0.00335159,1.5
546.2,0.514521,-0.0400975,0.130788,0.316978,-0.00335159,1.5
546.25,0.514521,-0.0400975,0.130788,0.316978,-0.00335159,1.5
546.3,0.514521,-0.0400975,0.130788,0.316978,-0.00335159,1.5
546.35,0.514521,-0.0400975,0.130788,0.316978,-0.00335159,1.5
546.4,0.514521,-0.0400975,0.130788,0.316978,-0.00335159,1.5
546.45,0.514521,-0.0400975,0.130788,0.316978,-0.00335159,1.5
546.5,0.514521,-0.0400975,0.130788,0.316978,-0.00335159,1.5
546.55,0.514521,-0.0400975,0.130788,0.316978,-0.00335159,1.5
546.6,0.514521,-0.0400975,0.130788,0.316978,-0.00335159,1.5
546.65,0.514521,-0.0400975,0.130788,0.316978,-0.00335159,1.5
546.7,0.514521,-0.0400975,0.130788,0.316978,-0.00335159,1.5
546.75,0.514521,-0.0400975,0.130788,0.316978,-0.00335159,1.5
546.8,0.514521,-0.0400975,0.130788,0.316978,-0.00335159,1.5
546.85,0.514521,-0.0400975,0.130788,0.316978,-0.00335159,1.5
546.9,0.514521,-0.0400975,0.130788,0.316978,-0.00335159,1.5
546.95,0.514521,-0.0400975,0.130788,0.316978,-0.00335159,1.5
547,0.514521,-0.0400975,0.130788,0.316978,-0.00335159,1.5
547.05,0.514521,-0.0400975,0.130788,0.316978,-0.00335159,1.5
547.1,0.514521,-0.0400975,0.130788,0.316978,-0.00335159,1.5
547.15,0.514521,-0.0400975,0.130788,0.316978,-0.00335159,1.5
547.2,0.514521,-0.0400975,0.130788,0.316978,-0.00335159,1.5
547.25,0.514521,-0.0400975,0.130788,0.316978,-0.00335159,1.5
547.3,0.514521,-0.0400975,0.130788,0.316978,-0.00335159,1.5
547.35,0.514521,-0.0400975,0.130788,0.316978,-0.00335159,1.5
547.4,0.514521,-0.0400975,0.130788,0.316978,-0.00335159,1.5
547.45,0.514521,-0.0400975,0.130788,0.316978,-0.00335159,1.5
547.5,0.514521,-0.0400975,0.130788,0.316978,-0.00335159,1.5
547.55,0.514521,-0.0400975,0.130788,0.316978,-0.00335159,1.5
547.6,0.514521,-0.0400975,0.130788,0.316978,-0.00335159,1.5
547.65,0.514521,-0.0400975,0.130788,0.316978,-0.00335159,1.5
547.7,0.514521,-0.0400975,0.130788,0.316978,-0.00335159,1.5
547.75,0.514521,-0.0400975,0.130788,0.316978,-0.00335159,1.5
547.8,0.514521,-0.0400975,0.130788,0.316978,-0.00335159,1.5
547.85,0.514521,-0.0400975,0.130788,0.316978,-0.00335159,1.5
547.9,0.514521,-0.0400975,0.130788,0.316978,-0.00335159,1.5
547.95,0.514521,-0.0400975,0.130788,0.316978,-0.00335159,1.5
548,0.514521,-0.0400975,0.130788,0.316978,-0.00335159,1.5
548.05,0.514521,-0.0400975,0.130788,0.316978,-0.00335159,1.5
548.1,0.514521,-0.0400975,0.130788,0.316978,-0.00335159,1.5
548.15,0.514521,-0.0400975,0.130788,0.316978,-0.00335159,1.5
548.2,0.514521,-0.0400975,0.130788,0.316978,-0.00335159,1.5
548.25,0.514521,-0.0400975,0.130788,0.316978,-0.00335159,1.5
548.3,0.514521,-0.0400975,0.130788,0.316978,-0.00335159,1.5
548.35,0.514521,-0.0400975,0.130788,0.316978,-0.00335159,1.5
548.4,0.514521,-0.0400975,0.130788,0.316978,-0.00335159,1.5
548.45,0.514521,-0.0400975,0.130788,0.316978,-0.00335159,1.5
548.5,0.514521,-0.0400975,0.130788,0.316978,-0.00335159,1.5
548.55,0.514521,-0.0400975,0.130788,0.316978,-0.00335159,1.5
548.6,0.514521,-0.0400975,0.130788,0.316978,-0.00335159,1.5
548.65,0.514521,-0.0400975,0.130788,0.316978,-0.00335159,1.5
548.7,0.514521,-0.0400975,0.130788,0.316978,-0.00335159,1.5
548.75,0.514521,-0.0400975,0.130788,0.316978,-0.00335159,1.5
548.8,0.514521,-0.0400975,0.130788,0.316978,-0.00335159,1.5
548.85,0.514521,-0.0400975,0.130788,0.316978,-0.00335159,1.5
548.9,0.514521,-0.0400975,0.130788,0.316978,-0.00335159,1.5
548.95,0.514521,-0.0400975,0.130788,0.316978,-0.00335159,1.5
549,0.514521,-0.0400975,0.130788,0.316978,-0.00335159,1.5
549.05,0.514521,-0.0400975,0.130788,0.316978,-0.00335159,1.5
549.1,0.514521,-0.0400975,0.130788,0.316978,-0.00335159,1.5
549.15,0.514521,-0.0400975,0.130788,0.316978,-0.00335159,1.5
549.2,0.514521,-0.0400975,0.130788,0.316978,-0.00335159,1.5
549.25,0.514521,-0.0400975,0.130788,0.316978,-0.00335159,1.5
549.3,0.514521,-0.0400975,0.130788,0.316978,-0.00335159,1.5
549.35,0.514521,-0.0400975,0.130788,0.316978,-0.00335159,1.5
549.4,0.514521,-0.0400975,0.130788,0.316978,-0.00335159,1.5
549.45,0.514521,-0.0400975,0.130788,0.316978,-0.00335159,1.5
549.5,0.514521,-0.0400975,0.130788,0.316978,-0.00335159,1.5
549.55,0.514521,-0.0400975,0.130788,0.316978,-0.00335159,1.5
549.6,0.514521,-0.0400975,0.130788,0.316978,-0.00335159,1.5
549.65,0.514521,-0.0400975,0.130788,0.316978,-0.00335159,1.5
549.7,0.514521,-0.0400975,0.130788,0.316978,-0.00335159,1.5
549.75,0.514521,-0.0400975,0.130788,0.316978,-0.00335159,1.5
549.8,0.514521,-0.0400975,0.130788,0.316978,-0.00335159,1.5
549.85,0.514521,-0.0400975,0.130788,0.316978,-0.00335159,1.5
549.9,0.514521,-0.0400975,0.130788,0.316978,-0.00335159,1.5
549.95,0.514521,-0.0400975,0.130788,0.316978,-0.00335159,1.5
550,0.514521,-0.0400975,0.130788,0.316978,-0.00335159,1.5
550.05,0.514521,-0.0400975,0.130788,0.316978,-0.00335159,1.5
550.1,0.514521,-0.0400975,0.130788,0.316978,-0.00335159,1.5
550.15,0.514521,-0.0400975,0.130788,0.316978,-0.00335159,1.5
550.2,0.514521,-0.0400975,0.130788,0.316978,-0.00335159,1.5
550.25,0.514521,-0.0400975,0.130788,0.316978,-0.00335159,1.5
550.3,0.514521,-0.0400975,0.130788,0.316978,-0.00335159,1.5
550.35,0.514521,-0.0400975,0.130788,0.316978,-0.00335159,1.5
550.4,0.514521,-0.0400975,0.130788,0.316978,-0.00335159,1.5
550.45,0.514521,-0.0400975,0.130788,0.316978,-0.00335159,1.5
550.5,0.514521,-0.0400975,0.130788,0.316978,-0.00335159,1.5
550.55,0.514521,-0.0400975,0.130788,0.316978,-0.00335159,1.5
550.6,0.514521,-0.0400975,0.130788,0.316978,-0.00335159,1.5
550.65,0.514521,-0.0400975,0.130788,0.316978,-0.00335159,1.5
550.7,0.514521,-0.0400975,0.130788,0.316978,-0.00335159,1.5
550.75,0.514521,-0.0400975,0.130788,0.316978,-0.00335159,1.5
550.8,0.514521,-0.0400975,0.130788,0.316978,-0.00335159,1.5
550.85,0.514521,-0.0400975,0.130788,0.316978,-0.00335159,1.5
550.9,0.514521,-0.0400975,0.130788,0.316978,-0.00335159,1.5
550.95,0.514521,-0.0400975,0.130788,0.316978,-0.00335159,1.5
551,0.514521,-0.0400975,0.130788,0.316978,-0.00335159,1.5
551.05,0.514521,-0.0400975,0.130788,0.316978,-0.00335159,1.5
551.1,0.514521,-0.0400975,0.130788,0.316978,-0.00335159,1.5
551.15,0.514521,-0.0400975,0.130788,0.316978,-0.00335159,1.5
551.2,0.514521,-0.0400975,0.130788,0.316978,-0.00335159,1.5
551.25,0.514521,-0.0400975,0.130788,0.316978,-0.00335159,1.5
551.3,0.514521,-0.0400975,0.130788,0.316978,-0.00335159,1.5
551.35,0.514521,-0.0400975,0.130788,0.316978,-0.00335159,1.5
551.4,0.514521,-0.0400975,0.130788,0.316978,-0.00335159,1.5
551.45,0.514521,-0.0400975,0.130788,0.316978,-0.00335159,1.5
551.5,0.514521,-0.0400975,0.130788,0.316978,-0.00335159,1.5
551.55,0.514521,-0.0400975,0.130788,0.316978,-0.00335159,1.5
551.6,0.514521,-0.0400975,0.130788,0.316978,-0.00335159,1.5
551.65,0.514521,-0.0400975,0.130788,0.316978,-0.00335159,1.5
551.7,0.514521,-0.0400975,0.130788,0.316978,-0.00335159,1.5
551.75,0.514521,-0.0400975,0.130788,0.316978,-0.00335159,1.5
551.8,0.514521,-0.0400975,0.130788,0.316978,-0.00335159,1.5
551.85,0.514521,-0.0400975,0.130788,0.316978,-0.00335159,1.5
551.9,0.514521,-0.0400975,0.130788,0.316978,-0.00335159,1.5
551.95,0.514521,-0.0400975,0.130788,0.316978,-0.00335159,1.5
552,0.514521,-0.0400975,0.130788,0.316978,-0.00335159,1.5
552.05,0.514521,-0.0400975,0.130788,0.316978,-0.00335159,1.5
552.1,0.514521,-0.0400975,0.130788,0.316978,-0.00335159,1.5
552.15,0.514521,-0.0400975,0.130788,0.316978,-0.00335159,1.5
552.2,0.514521,-0.0400975,0.130788,0.316978,-0.00335159,1.5
552.25,0.514521,-0.0400975,0.130788,0.316978,-0.00335159,1.5
552.3,0.514521,-0.0400975,0.130788,0.316978,-0.00335159,1.5
552.35,0.514521,-0.0400975,0.130788,0.316978,-0.00335159,1.5
552.4,0.514521,-0.0400975,0.130788,0.316978,-0.00335159,1.5
552.45,0.514521,-0.0400975,0.130788,0.316978,-0.00335159,1.5
552.5,0.514521,-0.0400975,0.130788,0.316978,-0.00335159,1.5
552.55,0.514521,-0.0400975,0.130788,0.316978,-0.00335159,1.5
552.6,0.514521,-0.0400975,0.130788,0.316978,-0.00335159,1.5
552.65,0.514521,-0.0400975,0.130788,0.316978,-0.00335159,1.5
552.7,0.514521,-0.0400975,0.130788,0.316978,-0.00335159,1.5
552.75,0.514521,-0.0400975,0.130788,0.316978,-0.00335159,1.5
552.8,0.514521,-0.0400975,0.130788,0.316978,-0.00335159,1.5
552.85,0.514521,-0.0400975,0.130788,0.316978,-0.00335159,1.5
552.9,0.514521,-0.0400975,0.130788,0.316978,-0.00335159,1.5
552.95,0.514521,-0.0400975,0.130788,0.316978,-0.00335159,1.5
553,0.514521,-0.0400975,0.130788,0.316978,-0.00335159,1.5
553.05,0.514521,-0.0400975,0.130788,0.316978,-0.00335159,1.5
553.1,0.514521,-0.0400975,0.130788,0.316978,-0.00335159,1.5
553.15,0.514521,-0.0400975,0.130788,0.316978,-0.00335159,1.5
553.2,0.514521,-0.0400975,0.130788,0.316978,-0.00335159,1.5
553.25,0.514521,-0.0400975,0.130788,0.316978,-0.00335159,1.5
553.3,0.514521,-0.0400975,0.130788,0.316978,-0.00335159,1.5
553.35,0.514521,-0.0400975,0.130788,0.316978,-0.00335159,1.5
553.4,0.514521,-0.0400975,0.130788,0.316978,-0.00335159,1.5
553.45,0.514521,-0.0400975,0.130788,0.316978,-0.00335159,1.5
553.5,0.514521,-0.0400975,0.130788,0.316978,-0.00335159,1.5
553.55,0.514521,-0.0400975,0.130788,0.316978,-0.00335159,1.5
553.6,0.514521,-0.0400975,0.130788,0.316978,-0.00335159,1.5
553.65,0.514521,-0.0400975,0.130788,0.316978,-0.00335159,1.5
553.7,0.514521,-0.0400975,0.130788,0.316978,-0.00335159,1.5
553.75,0.514521,-0.0400975,0.130788,0.316978,-0.00335159,1.5
553.8,0.514521,-0.0400975,0.130788,0.316978,-0.00335159,1.5
553.85,0.514521,-0.0400975,0.130788,0.316978,-0.00335159,1.5
553.9,0.514521,-0.0400975,0.130788,0.316978,-0.00335159,1.5
553.95,0.514521,-0.0400975,0.130788,0.316978,-0.00335159,1.5
554,0.514521,-0.0400975,0.130788,0.316978,-0.00335159,1.5
554.05,0.514521,-0.0400975,0.130788,0.316978,-0.00335159,1.5
554.1,0.514521,-0.0400975,0.130788,0.316978,-0.00335159,1.5
554.15,0.514521,-0.0400975,0.130788,0.316978,-0.00335159,1.5
554.2,0.514521,-0.0400975,0.130788,0.316978,-0.00335159,1.5
554.25,0.514521,-0.0400975,0.130788,0.316978,-0.00335159,1.5
554.3,0.514521,-0.0400975,0.130788,0.316978,-0.00335159,1.5
554.35,0.514521,-0.0400975,0.130788,0.316978,-0.00335159,1.5
554.4,0.514521,-0.0400975,0.130788,0.316978,-0.00335159,1.5
554.45,0.514521,-0.0400975,0.130788,0.316978,-0.00335159,1.5
554.5,0.514521,-0.0400975,0.130788,0.316978,-0.00335159,1.5
554.55,0.514521,-0.0400975,0.130788,0.316978,-0.00335159,1.5
554.6,0.514521,-0.0400975,0.130788,0.316978,-0.00335159,1.5
554.65,0.514521,-0.0400975,0.130788,0.316978,-0.00335159,1.5
554.7,0.514521,-0.0400975,0.130788,0.316978,-0.00335159,1.5
554.75,0.514521,-0.0400975,0.130788,0.316978,-0.00335159,1.5
554.8,0.514521,-0.0400975,0.130788,0.316978,-0.00335159,1.5
554.85,0.514521,-0.0400975,0.130788,0.316978,-0.00335159,1.5
554.9,0.514521,-0.0400975,0.130788,0.316978,-0.00335159,1.5
554.95,0.514521,-0.0400975,0.130788,0.316978,-0.00335159,1.5
555,0.514521,-0.0400975,0.130788,0.316978,-0.00335159,1.5
555.05,0.514521,-0.0400975,0.130788,0.316978,-0.00335159,1.5
555.1,0.514521,-0.0400975,0.130788,0.316978,-0.00335159,1.5
555.15,0.514521,-0.0400975,0.130788,0.316978,-0.00335159,1.5
555.2,0.514521,-0.0400975,0.130788,0.316978,-0.00335159,1.5
555.25,0.514521,-0.0400975,0.130788,0.316978,-0.00335159,1.5
555.3,0.514521,-0.0400975,0.130788,0.316978,-0.00335159,1.5
555.35,0.514521,-0.0400975,0.130788,0.316978,-0.00335159,1.5
555.4,0.514521,-0.0400975,0.130788,0.316978,-0.00335159,1.5
555.45,0.514521,-0.0400975,0.130788,0.316978,-0.00335159,1.5
555.5,0.514521,-0.0400975,0.130788,0.316978,-0.00335159,1.5
555.55,0.514521,-0.0400975,0.130788,0.316978,-0.00335159,1.5
555.6,0.514521,-0.0400975,0.130788,0.316978,-0.00335159,1.5
555.65,0.514521,-0.0400975,0.130788,0.316978,-0.00335159,1.5
555.7,0.514521,-0.0400975,0.130788,0.316978,-0.00335159,1.5
555.75,0.514521,-0.0400975,0.130788,0.316978,-0.00335159,1.5
555.8,0.514521,-0.0400975,0.130788,0.316978,-0.00335159,1.5
555.85,0.514521,-0.0400975,0.130788,0.316978,-0.00335159,1.5
555.9,0.514521,-0.0400975,0.130788,0.316978,-0.00335159,1.5
555.95,0.514521,-0.0400975,0.130788,0.316978,-0.00335159,1.5
556,0.514521,-0.0400975,0.130788,0.316978,-0.00335159,1.5
556.05,0.514521,-0.0400975,0.130788,0.316978,-0.00335159,1.5
556.1,0.514521,-0.0400975,0.130788,0.316978,-0.00335159,1.5
556.15,0.514521,-0.0400975,0.130788,0.316978,-0.00335159,1.5
556.2,0.514521,-0.0400975,0.130788,0.316978,-0.00335159,1.5
556.25,0.514521,-0.0400975,0.130788,0.316978,-0.00335159,1.5
556.3,0.514521,-0.0400975,0.130788,0.316978,-0.00335159,1.5
556.35,0.514521,-0.0400975,0.130788,0.316978,-0.00335159,1.5
556.4,0.514521,-0.0400975,0.130788,0.316978,-0.00335159,1.5
556.45,0.514521,-0.0400975,0.130788,0.316978,-0.00335159,1.5
556.5,0.514521,-0.0400975,0.130788,0.316978,-0.00335159,1.5
556.55,0.514521,-0.0400975,0.130788,0.316978,-0.00335159,1.5
556.6,0.514521,-0.0400975,0.130788,0.316978,-0.00335159,1.5
556.65,0.514521,-0.0400975,0.130788,0.316978,-0.00335159,1.5
556.7,0.514521,-0.0400975,0.130788,0.316978,-0.00335159,1.5
556.75,0.514521,-0.0400975,0.130788,0.316978,-0.00335159,1.5
556.8,0.514521,-0.0400975,0.130788,0.316978,-0.00335159,1.5
556.85,0.514521,-0.0400975,0.130788,0.316978,-0.00335159,1.5
556.9,0.514521,-0.0400975,0.130788,0.316978,-0.00335159,1.5
556.95,0.514521,-0.0400975,0.130788,0.316978,-0.00335159,1.5
557,0.514521,-0.0400975,0.130788,0.316978,-0.00335159,1.5
557.05,0.514521,-0.0400975,0.130788,0.316978,-0.00335159,1.5
557.1,0.514521,-0.0400975,0.130788,0.316978,-0.00335159,1.5
557.15,0.514521,-0.0400975,0.130788,0.316978,-0.00335159,1.5
557.2,0.514521,-0.0400975,0.130788,0.316978,-0.00335159,1.5
557.25,0.514521,-0.0400975,0.130788,0.316978,-0.00335159,1.5
557.3,0.514521,-0.0400975,0.130788,0.316978,-0.00335159,1.5
557.35,0.514521,-0.0400975,0.130788,0.316978,-0.00335159,1.5
557.4,0.514521,-0.0400975,0.130788,0.316978,-0.00335159,1.5
557.45,0.514521,-0.0400975,0.130788,0.316978,-0.00335159,1.5
557.5,0.514521,-0.0400975,0.130788,0.316978,-0.00335159,1.5
557.55,0.514521,-0.0400975,0.130788,0.316978,-0.00335159,1.5
557.6,0.514521,-0.0400975,0.130788,0.316978,-0.00335159,1.5
557.65,0.514521,-0.0400975,0.130788,0.316978,-0.00335159,1.5
557.7,0.514521,-0.0400975,0.130788,0.316978,-0.00335159,1.5
557.75,0.514521,-0.0400975,0.130788,0.316978,-0.00335159,1.5
557.8,0.514521,-0.0400975,0.130788,0.316978,-0.00335159,1.5
557.85,0.514521,-0.0400975,0.130788,0.316978,-0.00335159,1.5
557.9,0.514521,-0.0400975,0.130788,0.316978,-0.00335159,1.5
557.95,0.514521,-0.0400975,0.130788,0.316978,-0.00335159,1.5
558,0.514521,-0.0400975,0.130788,0.316978,-0.00335159,1.5
558.05,0.514521,-0.0400975,0.130788,0.316978,-0.00335159,1.5
558.1,0.514521,-0.0400975,0.130788,0.316978,-0.00335159,1.5
558.15,0.514521,-0.0400975,0.130788,0.316978,-0.00335159,1.5
558.2,0.514521,-0.0400975,0.130788,0.316978,-0.00335159,1.5
558.25,0.514521,-0.0400975,0.130788,0.316978,-0.00335159,1.5
558.3,0.514521,-0.0400975,0.130788,0.316978,-0.00335159,1.5
558.35,0.514521,-0.0400975,0.130788,0.316978,-0.00335159,1.5
558.4,0.514521,-0.0400975,0.130788,0.316978,-0.00335159,1.5
558.45,0.514521,-0.040196,0.130788,0.316978,-0.00335159,1.5
558.5,0.514521,-0.0402943,0.130788,0.316978,-0.00335159,1.5
558.55,0.514521,-0.0403924,0.130788,0.316978,-0.00335159,1.5
558.6,0.514521,-0.0404904,0.130788,0.316978,-0.00335159,1.5
558.65,0.514521,-0.0405883,0.130788,0.316978,-0.00335159,1.5
558.7,0.514521,-0.040686,0.130788,0.316978,-0.00335159,1.5
558.75,0.514521,-0.0407835,0.130788,0.316978,-0.00335159,1.5
558.8,0.514521,-0.0408809,0.130788,0.316978,-0.00335159,1.5
558.85,0.514521,-0.0409782,0.130788,0.316978,-0.00335159,1.5
558.9,0.514521,-0.0410753,0.130788,0.316978,-0.00335159,1.5
558.95,0.514521,-0.0411722,0.130788,0.316978,-0.00335159,1.5
559,0.514521,-0.041269,0.130788,0.316978,-0.00335159,1.5
559.05,0.514521,-0.0413657,0.130788,0.316978,-0.00335159,1.5
559.1,0.514521,-0.0414622,0.130788,0.316978,-0.00335159,1.5
559.15,0.514521,-0.0415586,0.130788,0.316978,-0.00335159,1.5
559.2,0.514521,-0.0416548,0.130788,0.316978,-0.00335159,1.5
559.25,0.514521,-0.0417509,0.130788,0.316978,-0.00335159,1.5
559.3,0.514521,-0.0418468,0.130788,0.316978,-0.00335159,1.5
559.35,0.514521,-0.0419426,0.130788,0.316978,-0.00335159,1.5
559.4,0.514521,-0.0420382,0.130788,0.316978,-0.00335159,1.5
559.45,0.514521,-0.0421337,0.130788,0.316978,-0.00335159,1.5
559.5,0.514521,-0.042229,0.130788,0.316978,-0.00335159,1.5
559.55,0.514521,-0.0423242,0.130788,0.316978,-0.00335159,1.5
559.6,0.514521,-0.0424193,0.130788,0.316978,-0.00335159,1.5
559.65,0.514521,-0.0425142,0.130788,0.316978,-0.00335159,1.5
559.7,0.514521,-0.042609,0.130788,0.316978,-0.00335159,1.5
559.75,0.514521,-0.0427035,0.130788,0.316978,-0.00335159,1.5
559.8,0.514521,-0.042798,0.130788,0.316978,-0.00335159,1.5
559.85,0.514521,-0.0428922,0.130788,0.316978,-0.00335159,1.5
559.9,0.514521,-0.0429863,0.130788,0.316978,-0.00335159,1.5
559.95,0.514521,-0.0430802,0.130788,0.316978,-0.00335159,1.5
560,0.514521,-0.043174,0.130788,0.316978,-0.00335159,1.5
560.05,0.514521,-0.0432675,0.130788,0.316978,-0.00335159,1.5
560.1,0.514521,-0.0433609,0.130788,0.316978,-0.00335159,1.5
560.15,0.514521,-0.0434541,0.130788,0.316978,-0.00335159,1.5
560.2,0.514521,-0.0435471,0.130788,0.316978,-0.00335159,1.5
560.25,0.514521,-0.04364,0.130788,0.316978,-0.00335159,1.5
560.3,0.514521,-0.0437326,0.130788,0.316978,-0.00335159,1.5
560.35,0.514521,-0.0438251,0.130788,0.316978,-0.00335159,1.5
560.4,0.514521,-0.0438251,0.130788,0.316978,-0.00335159,1.5
560.45,0.514521,-0.0438251,0.130788,0.316978,-0.00335159,1.5
560.5,0.514521,-0.0438251,0.130788,0.316978,-0.00335159,1.5
560.55,0.514521,-0.0438251,0.130788,0.316978,-0.00335159,1.5
560.6,0.514521,-0.0438251,0.130788,0.316978,-0.00335159,1.5
560.65,0.514521,-0.0438251,0.130788,0.316978,-0.00335159,1.5
560.7,0.514521,-0.0438251,0.130788,0.316978,-0.00335159,1.5
560.75,0.514521,-0.0438251,0.130788,0.316978,-0.00335159,1.5
560.8,0.514521,-0.0438251,0.130788,0.316978,-0.00335159,1.5
560.85,0.514521,-0.0438251,0.130788,0.316978,-0.00335159,1.5
560.9,0.514521,-0.0438251,0.130788,0.316978,-0.00335159,1.5
560.95,0.514521,-0.0438251,0.130788,0.316978,-0.00335159,1.5
561,0.514521,-0.0438251,0.130788,0.316978,-0.00335159,1.5
561.05,0.514521,-0.0438251,0.130788,0.316978,-0.00335159,1.5
561.1,0.514521,-0.0438251,0.130788,0.316978,-0.00335159,1.5
561.15,0.514521,-0.0438251,0.130788,0.316978,-0.00335159,1.5
561.2,0.514521,-0.0438251,0.130788,0.316978,-0.00335159,1.5
561.25,0.514521,-0.0438251,0.130788,0.316978,-0.00335159,1.5
561.3,0.514521,-0.0438251,0.130788,0.316978,-0.00335159,1.5
561.35,0.514521,-0.0438251,0.130788,0.316978,-0.00335159,1.5
561.4,0.514521,-0.0438251,0.130788,0.316978,-0.00335159,1.5
561.45,0.514521,-0.0438251,0.130788,0.316978,-0.00335159,1.5
561.5,0.514521,-0.0438251,0.130788,0.316978,-0.00335159,1.5
561.55,0.514521,-0.0438251,0.130788,0.316978,-0.00335159,1.5
561.6,0.514521,-0.0438251,0.130788,0.316978,-0.00335159,1.5
561.65,0.514521,-0.0438251,0.130788,0.316978,-0.00335159,1.5
561.7,0.514521,-0.0438251,0.130788,0.316978,-0.00335159,1.5
561.75,0.514521,-0.0438251,0.130788,0.316978,-0.00335159,1.5
561.8,0.514521,-0.0438251,0.130788,0.316978,-0.00335159,1.5
561.85,0.514521,-0.0438251,0.130788,0.316978,-0.00335159,1.5
561.9,0.514521,-0.0438251,0.130788,0.316978,-0.00335159,1.5
561.95,0.514521,-0.0438251,0.130788,0.316978,-0.00335159,1.5
562,0.514521,-0.0438251,0.130788,0.316978,-0.00335159,1.5
562.05,0.514521,-0.0438251,0.130788,0.316978,-0.00335159,1.5
562.1,0.514521,-0.0438251,0.130788,0.316978,-0.00335159,1.5
562.15,0.514521,-0.0438251,0.130788,0.316978,-0.00335159,1.5
562.2,0.514521,-0.0438251,0.130788,0.316978,-0.00335159,1.5
562.25,0.514521,-0.0438251,0.130788,0.316978,-0.00335159,1.5
562.3,0.514521,-0.0438251,0.130788,0.316978,-0.00335159,1.5
562.35,0.514521,-0.0438251,0.130788,0.316978,-0.00335159,1.5
562.4,0.514521,-0.0438251,0.130788,0.316978,-0.00335159,1.5
562.45,0.514521,-0.0438251,0.130788,0.316978,-0.00335159,1.5
562.5,0.514521,-0.0438251,0.130788,0.316978,-0.00335159,1.5
562.55,0.514521,-0.0438251,0.130788,0.316978,-0.00335159,1.5
562.6,0.514521,-0.0438251,0.130788,0.316978,-0.00335159,1.5
562.65,0.514521,-0.0438251,0.130788,0.316978,-0.00335159,1.5
562.7,0.514521,-0.0438251,0.130788,0.316978,-0.00335159,1.5
562.75,0.514521,-0.0438251,0.130788,0.316978,-0.00335159,1.5
562.8,0.514521,-0.0438251,0.130788,0.316978,-0.00335159,1.5
562.85,0.514521,-0.0438251,0.130788,0.316978,-0.00335159,1.5
562.9,0.514521,-0.0438251,0.130788,0.316978,-0.00335159,1.5
562.95,0.514521,-0.0438251,0.130788,0.316978,-0.00335159,1.5
563,0.514521,-0.0438251,0.130788,0.316978,-0.00335159,1.5
563.05,0.514521,-0.0438251,0.130788,0.316978,-0.00335159,1.5
563.1,0.514521,-0.0438251,0.130788,0.316978,-0.00335159,1.5
563.15,0.514521,-0.0438251,0.130788,0.316978,-0.00335159,1.5
563.2,0.514521,-0.0438251,0.130788,0.316978,-0.00335159,1.5
563.25,0.514521,-0.0438251,0.130788,0.316978,-0.00335159,1.5
563.3,0.514521,-0.0438251,0.130788,0.316978,-0.00335159,1.5
563.35,0.514521,-0.0438251,0.130788,0.316978,-0.00335159,1.5
563.4,0.514521,-0.0438251,0.130788,0.316978,-0.00335159,1.5
563.45,0.514521,-0.0438251,0.130788,0.316978,-0.00335159,1.5
563.5,0.514521,-0.0438251,0.130788,0.316978,-0.00335159,1.5
563.55,0.514521,-0.0438251,0.130788,0.316978,-0.00335159,1.5
563.6,0.514521,-0.0438251,0.130788,0.316978,-0.00335159,1.5
563.65,0.514521,-0.0438251,0.130788,0.316978,-0.00335159,1.5
563.7,0.514521,-0.0438251,0.130788,0.316978,-0.00335159,1.5
563.75,0.514521,-0.0438251,0.130788,0.316978,-0.00335159,1.5
563.8,0.514521,-0.0438251,0.130788,0.316978,-0.00335159,1.5
563.85,0.514521,-0.0438251,0.130788,0.316978,-0.00335159,1.5
563.9,0.514521,-0.0438251,0.130788,0.316978,-0.00335159,1.5
563.95,0.514521,-0.0438251,0.130788,0.316978,-0.00335159,1.5
564,0.514521,-0.0438251,0.130788,0.316978,-0.00335159,1.5
564.05,0.514521,-0.0438251,0.130788,0.316978,-0.00335159,1.5
564.1,0.514521,-0.0438251,0.130788,0.316978,-0.00335159,1.5
564.15,0.514521,-0.0438251,0.130788,0.316978,-0.00335159,1.5
564.2,0.514521,-0.0438251,0.130788,0.316978,-0.00335159,1.5
564.25,0.514521,-0.0438251,0.130788,0.316978,-0.00335159,1.5
564.3,0.514521,-0.0438251,0.130788,0.316978,-0.00335159,1.5
564.35,0.514521,-0.0438251,0.130788,0.316978,-0.00335159,1.5
564.4,0.514521,-0.0438251,0.130788,0.316978,-0.00335159,1.5
564.45,0.514521,-0.0438251,0.130788,0.316978,-0.00335159,1.5
564.5,0.514521,-0.0438251,0.130788,0.316978,-0.00335159,1.5
564.55,0.514521,-0.0438251,0.130788,0.316978,-0.00335159,1.5
564.6,0.514521,-0.0438251,0.130788,0.316978,-0.00335159,1.5
564.65,0.514521,-0.0438251,0.130788,0.316978,-0.00335159,1.5
564.7,0.514521,-0.0438251,0.130788,0.316978,-0.00335159,1.5
564.75,0.514521,-0.0438251,0.130788,0.316978,-0.00335159,1.5
564.8,0.514521,-0.0438251,0.130788,0.316978,-0.00335159,1.5
564.85,0.514521,-0.0438251,0.130788,0.316978,-0.00335159,1.5
564.9,0.514521,-0.0438251,0.130788,0.316978,-0.00335159,1.5
564.95,0.514521,-0.0438251,0.130788,0.316978,-0.00335159,1.5
565,0.514521,-0.0438251,0.130788,0.316978,-0.00335159,1.5
565.05,0.514521,-0.0438251,0.130788,0.316978,-0.00335159,1.5
565.1,0.514521,-0.0438251,0.130788,0.316978,-0.00335159,1.5
565.15,0.514521,-0.0438251,0.130788,0.316978,-0.00335159,1.5
565.2,0.514521,-0.0438251,0.130788,0.316978,-0.00335159,1.5
565.25,0.514521,-0.0438251,0.130788,0.316978,-0.00335159,1.5
565.3,0.514521,-0.0438251,0.130788,0.316978,-0.00335159,1.5
565.35,0.514521,-0.0438251,0.130788,0.316978,-0.00335159,1.5
565.4,0.514521,-0.0438251,0.130788,0.316978,-0.00335159,1.5
565.45,0.514521,-0.0438251,0.130788,0.316978,-0.00335159,1.5
565.5,0.514521,-0.0438251,0.130788,0.316978,-0.00335159,1.5
565.55,0.514521,-0.0438251,0.130788,0.316978,-0.00335159,1.5
565.6,0.514521,-0.0438251,0.130788,0.316978,-0.00335159,1.5
565.65,0.514521,-0.0438251,0.130788,0.316978,-0.00335159,1.5
565.7,0.514521,-0.0438251,0.130788,0.316978,-0.00335159,1.5
565.75,0.514521,-0.0438251,0.130788,0.316978,-0.00335159,1.5
565.8,0.514521,-0.0438251,0.130788,0.316978,-0.00335159,1.5
565.85,0.514521,-0.0438251,0.130788,0.316978,-0.00335159,1.5
565.9,0.514521,-0.0438251,0.130788,0.316978,-0.00335159,1.5
565.95,0.514521,-0.0438251,0.130788,0.316978,-0.00335159,1.5
566,0.514521,-0.0438251,0.130788,0.316978,-0.00335159,1.5
566.05,0.514521,-0.0438251,0.130788,0.316978,-0.00335159,1.5
566.1,0.514521,-0.0438251,0.130788,0.316978,-0.00335159,1.5
566.15,0.514521,-0.0438251,0.130788,0.316978,-0.00335159,1.5
566.2,0.514521,-0.0438251,0.130788,0.316978,-0.00335159,1.5
566.25,0.514521,-0.0438251,0.130788,0.316978,-0.00335159,1.5
566.3,0.514521,-0.0438251,0.130788,0.316978,-0.00335159,1.5
566.35,0.514521,-0.0438251,0.130788,0.316978,-0.00335159,1.5
566.4,0.514521,-0.0438251,0.130788,0.316978,-0.00335159,1.5
566.45,0.514521,-0.0438251,0.130788,0.316978,-0.00335159,1.5
566.5,0.514521,-0.0438251,0.130788,0.316978,-0.00335159,1.5
566.55,0.514521,-0.0438251,0.130788,0.316978,-0.00335159,1.5
566.6,0.514521,-0.0438251,0.130788,0.316978,-0.00335159,1.5
566.65,0.514521,-0.0438251,0.130788,0.316978,-0.00335159,1.5
566.7,0.514521,-0.0438251,0.130788,0.316978,-0.00335159,1.5
566.75,0.514521,-0.0438251,0.130788,0.316978,-0.00335159,1.5
566.8,0.514521,-0.0438251,0.130788,0.316978,-0.00335159,1.5
566.85,0.514521,-0.0438251,0.130788,0.316978,-0.00335159,1.5
566.9,0.514521,-0.0438251,0.130788,0.316978,-0.00335159,1.5
566.95,0.514521,-0.0438251,0.130788,0.316978,-0.00335159,1.5
567,0.514521,-0.0438251,0.130788,0.316978,-0.00335159,1.5
567.05,0.514521,-0.0438251,0.130788,0.316978,-0.00335159,1.5
567.1,0.514521,-0.0438251,0.130788,0.316978,-0.00335159,1.5
567.15,0.514521,-0.0438251,0.130788,0.316978,-0.00335159,1.5
567.2,0.514521,-0.0438251,0.130788,0.316978,-0.00335159,1.5
567.25,0.514521,-0.0438251,0.130788,0.316978,-0.00335159,1.5
567.3,0.514521,-0.0438251,0.130788,0.316978,-0.00335159,1.5
567.35,0.514521,-0.0438251,0.130788,0.316978,-0.00335159,1.5
567.4,0.514521,-0.0438251,0.130788,0.316978,-0.00335159,1.5
567.45,0.514521,-0.0438251,0.130788,0.316978,-0.00335159,1.5
567.5,0.514521,-0.0438251,0.130788,0.316978,-0.00335159,1.5
567.55,0.514521,-0.0438251,0.130788,0.316978,-0.00335159,1.5
567.6,0.514521,-0.0438251,0.130788,0.316978,-0.00335159,1.5
567.65,0.514521,-0.0438251,0.130788,0.316978,-0.00335159,1.5
567.7,0.514521,-0.0438251,0.130788,0.316978,-0.00335159,1.5
567.75,0.514521,-0.0438251,0.130788,0.316978,-0.00335159,1.5
567.8,0.514521,-0.0438251,0.130788,0.316978,-0.00335159,1.5
567.85,0.514521,-0.0438251,0.130788,0.316978,-0.00335159,1.5
567.9,0.514521,-0.0438251,0.130788,0.316978,-0.00335159,1.5
567.95,0.514521,-0.0438251,0.130788,0.316978,-0.00335159,1.5
568,0.514521,-0.0438251,0.130788,0.316978,-0.00335159,1.5
568.05,0.514521,-0.0438251,0.130788,0.316978,-0.00335159,1.5
568.1,0.514521,-0.0438251,0.130788,0.316978,-0.00335159,1.5
568.15,0.514521,-0.0438251,0.130788,0.316978,-0.00335159,1.5
568.2,0.514521,-0.0438251,0.130788,0.316978,-0.00335159,1.5
568.25,0.514521,-0.0438251,0.130788,0.316978,-0.00335159,1.5
568.3,0.514521,-0.0438251,0.130788,0.316978,-0.00335159,1.5
568.35,0.514521,-0.0438251,0.130788,0.316978,-0.00335159,1.5
568.4,0.514521,-0.0438251,0.130788,0.316978,-0.00335159,1.5
568.45,0.514521,-0.0438251,0.130788,0.316978,-0.00335159,1.5
568.5,0.514521,-0.0438251,0.130788,0.316978,-0.00335159,1.5
568.55,0.514521,-0.0438251,0.130788,0.316978,-0.00335159,1.5
568.6,0.514521,-0.0438251,0.130788,0.316978,-0.00335159,1.5
568.65,0.514521,-0.0438251,0.130788,0.316978,-0.00335159,1.5
568.7,0.514521,-0.0438251,0.130788,0.316978,-0.00335159,1.5
568.75,0.514521,-0.0438251,0.130788,0.316978,-0.00335159,1.5
568.8,0.514521,-0.0438251,0.130788,0.316978,-0.00335159,1.5
568.85,0.514521,-0.0438251,0.130788,0.316978,-0.00335159,1.5
568.9,0.514521,-0.0438251,0.130788,0.316978,-0.00335159,1.5
568.95,0.514521,-0.0438251,0.130788,0.316978,-0.00335159,1.5
569,0.514521,-0.0438251,0.130788,0.316978,-0.00335159,1.5
569.05,0.514521,-0.0438251,0.130788,0.316978,-0.00335159,1.5
569.1,0.514521,-0.0438251,0.130788,0.316978,-0.00335159,1.5
569.15,0.514521,-0.0438251,0.130788,0.316978,-0.00335159,1.5
569.2,0.514521,-0.0438251,0.130788,0.316978,-0.00335159,1.5
569.25,0.514521,-0.0438251,0.130788,0.316978,-0.00335159,1.5
569.3,0.514521,-0.0438251,0.130788,0.316978,-0.00335159,1.5
569.35,0.514521,-0.0438251,0.130788,0.316978,-0.00335159,1.5
569.4,0.514521,-0.0438251,0.130788,0.316978,-0.00335159,1.5
569.45,0.514521,-0.0438251,0.130788,0.316978,-0.00335159,1.5
569.5,0.514521,-0.0438251,0.130788,0.316978,-0.00335159,1.5
569.55,0.514521,-0.0438251,0.130788,0.316978,-0.00335159,1.5
569.6,0.514521,-0.0438251,0.130788,0.316978,-0.00335159,1.5
569.65,0.514521,-0.0438251,0.130788,0.316978,-0.00335159,1.5
569.7,0.514521,-0.0438251,0.130788,0.316978,-0.00335159,1.5
569.75,0.514521,-0.0438251,0.130788,0.316978,-0.00335159,1.5
569.8,0.514521,-0.0438251,0.130788,0.316978,-0.00335159,1.5
569.85,0.514521,-0.0438251,0.130788,0.316978,-0.00335159,1.5
569.9,0.514521,-0.0438251,0.130788,0.316978,-0.00335159,1.5
569.95,0.514521,-0.0438251,0.130788,0.316978,-0.00335159,1.5
570,0.514521,-0.0438251,0.130788,0.316978,-0.00335159,1.5
570.05,0.514521,-0.0438251,0.130788,0.316978,-0.00335159,1.5
570.1,0.514521,-0.0438251,0.130788,0.316978,-0.00335159,1.5
570.15,0.514521,-0.0438251,0.130788,0.316978,-0.00335159,1.5
570.2,0.514521,-0.0438251,0.130788,0.316978,-0.00335159,1.5
570.25,0.514521,-0.0438251,0.130788,0.316978,-0.00335159,1.5
570.3,0.514521,-0.0438251,0.130788,0.316978,-0.00335159,1.5
570.35,0.514521,-0.0438251,0.130788,0.316978,-0.00335159,1.5
570.4,0.514521,-0.0438251,0.130788,0.316978,-0.00335159,1.5
570.45,0.514521,-0.0438251,0.130788,0.316978,-0.00335159,1.5
570.5,0.514521,-0.0438251,0.130788,0.316978,-0.00335159,1.5
570.55,0.514521,-0.0438251,0.130788,0.316978,-0.00335159,1.5
570.6,0.514521,-0.0438251,0.130788,0.316978,-0.00335159,1.5
570.65,0.514521,-0.0438251,0.130788,0.316978,-0.00335159,1.5
570.7,0.514521,-0.0438251,0.130788,0.316978,-0.00335159,1.5
570.75,0.514521,-0.0438251,0.130788,0.316978,-0.00335159,1.5
570.8,0.514521,-0.0438251,0.130788,0.316978,-0.00335159,1.5
570.85,0.514521,-0.0438251,0.130788,0.316978,-0.00335159,1.5
570.9,0.514521,-0.0438251,0.130788,0.316978,-0.00335159,1.5
570.95,0.514521,-0.0438251,0.130788,0.316978,-0.00335159,1.5
571,0.514521,-0.0438251,0.130788,0.316978,-0.00335159,1.5
571.05,0.514521,-0.0438251,0.130788,0.316978,-0.00335159,1.5
571.1,0.514521,-0.0438251,0.130788,0.316978,-0.00335159,1.5
571.15,0.514521,-0.0438251,0.130788,0.316978,-0.00335159,1.5
571.2,0.514521,-0.0438251,0.130788,0.316978,-0.00335159,1.5
571.25,0.514521,-0.0438251,0.130788,0.316978,-0.00335159,1.5
571.3,0.514521,-0.0438251,0.130788,0.316978,-0.00335159,1.5
571.35,0.514521,-0.0438251,0.130788,0.316978,-0.00335159,1.5
571.4,0.514521,-0.0438251,0.130788,0.316978,-0.00335159,1.5
571.45,0.514521,-0.0438251,0.130788,0.316978,-0.00335159,1.5
571.5,0.514521,-0.0438251,0.130788,0.316978,-0.00335159,1.5
571.55,0.514521,-0.0438251,0.130788,0.316978,-0.00335159,1.5
571.6,0.514521,-0.0438251,0.130788,0.316978,-0.00335159,1.5
571.65,0.514521,-0.0438251,0.130788,0.316978,-0.00335159,1.5
571.7,0.514521,-0.0438251,0.130788,0.316978,-0.00335159,1.5
571.75,0.514521,-0.0438251,0.130788,0.316978,-0.00335159,1.5
571.8,0.514521,-0.0438251,0.130788,0.316978,-0.00335159,1.5
571.85,0.514521,-0.0438251,0.130788,0.316978,-0.00335159,1.5
571.9,0.514521,-0.0438251,0.130788,0.316978,-0.00335159,1.5
571.95,0.514521,-0.0438251,0.130788,0.316978,-0.00335159,1.5
572,0.514521,-0.0438251,0.130788,0.316978,-0.00335159,1.5
572.05,0.514521,-0.0438251,0.130788,0.316978,-0.00335159,1.5
572.1,0.514521,-0.0438251,0.130788,0.316978,-0.00335159,1.5
572.15,0.514521,-0.0438251,0.130788,0.316978,-0.00335159,1.5
572.2,0.514521,-0.0438251,0.130788,0.316978,-0.00335159,1.5
572.25,0.514521,-0.0438251,0.130788,0.316978,-0.00335159,1.5
572.3,0.514521,-0.0438251,0.130788,0.316978,-0.00335159,1.5
572.35,0.514521,-0.0438251,0.130788,0.316978,-0.00335159,1.5
572.4,0.514521,-0.0438251,0.130788,0.316978,-0.00335159,1.5
572.45,0.514521,-0.0438251,0.130788,0.316978,-0.00335159,1.5
572.5,0.514521,-0.0438251,0.130788,0.316978,-0.00335159,1.5
572.55,0.514521,-0.0438251,0.130788,0.316978,-0.00335159,1.5
572.6,0.514521,-0.0438251,0.130788,0.316978,-0.00335159,1.5
572.65,0.514521,-0.0438251,0.130788,0.316978,-0.00335159,1.5
572.7,0.514521,-0.0438251,0.130788,0.316978,-0.00335159,1.5
572.75,0.514521,-0.0438251,0.130788,0.316978,-0.00335159,1.5
572.8,0.514521,-0.0438251,0.130788,0.316978,-0.00335159,1.5
572.85,0.514521,-0.0438251,0.130788,0.316978,-0.00335159,1.5
572.9,0.514521,-0.0438251,0.130788,0.316978,-0.00335159,1.5
572.95,0.514521,-0.0438251,0.130788,0.316978,-0.00335159,1.5
573,0.514521,-0.0438251,0.130788,0.316978,-0.00335159,1.5
573.05,0.514521,-0.0438251,0.130788,0.316978,-0.00335159,1.5
573.1,0.514521,-0.0438251,0.130788,0.316978,-0.00335159,1.5
573.15,0.514521,-0.0438251,0.130788,0.316978,-0.00335159,1.5
573.2,0.514521,-0.0438251,0.130788,0.316978,-0.00335159,1.5
573.25,0.514521,-0.0438251,0.130788,0.316978,-0.00335159,1.5
573.3,0.514521,-0.0438251,0.130788,0.316978,-0.00335159,1.5
573.35,0.514521,-0.0438251,0.130788,0.316978,-0.00335159,1.5
573.4,0.514521,-0.0438251,0.130788,0.316978,-0.00335159,1.5
573.45,0.514521,-0.0438251,0.130788,0.316978,-0.00335159,1.5
573.5,0.514521,-0.0438251,0.130788,0.316978,-0.00335159,1.5
573.55,0.514521,-0.0438251,0.130788,0.316978,-0.00335159,1.5
573.6,0.514521,-0.0438251,0.130788,0.316978,-0.00335159,1.5
573.65,0.514521,-0.0438251,0.130788,0.316978,-0.00335159,1.5
573.7,0.514521,-0.0438251,0.130788,0.316978,-0.00335159,1.5
573.75,0.514521,-0.0438251,0.130788,0.316978,-0.00335159,1.5
573.8,0.514521,-0.0438251,0.130788,0.316978,-0.00335159,1.5
573.85,0.514521,-0.0438251,0.130788,0.316978,-0.00335159,1.5
573.9,0.514521,-0.0438251,0.130788,0.316978,-0.00335159,1.5
573.95,0.514521,-0.0438251,0.130788,0.316978,-0.00335159,1.5
574,0.514521,-0.0438251,0.130788,0.316978,-0.00335159,1.5
574.05,0.514521,-0.0438251,0.130788,0.316978,-0.00335159,1.5
574.1,0.514521,-0.0438251,0.130788,0.316978,-0.00335159,1.5
574.15,0.514521,-0.0438251,0.130788,0.316978,-0.00335159,1.5
574.2,0.514521,-0.0438251,0.130788,0.316978,-0.00335159,1.5
574.25,0.514521,-0.0438251,0.130788,0.316978,-0.00335159,1.5
574.3,0.514521,-0.0438251,0.130788,0.316978,-0.00335159,1.5
574.35,0.514521,-0.0438251,0.130788,0.316978,-0.00335159,1.5
574.4,0.514521,-0.0438251,0.130788,0.316978,-0.00335159,1.5
574.45,0.514521,-0.0438251,0.130788,0.316978,-0.00335159,1.5
574.5,0.514521,-0.0438251,0.130788,0.316978,-0.00335159,1.5
574.55,0.514521,-0.0438251,0.130788,0.316978,-0.00335159,1.5
574.6,0.514521,-0.0438251,0.130788,0.316978,-0.00335159,1.5
574.65,0.514521,-0.0438251,0.130788,0.316978,-0.00335159,1.5
574.7,0.514521,-0.0438251,0.130788,0.316978,-0.00335159,1.5
574.75,0.514521,-0.0438251,0.130788,0.316978,-0.00335159,1.5
574.8,0.514521,-0.0438251,0.130788,0.316978,-0.00335159,1.5
574.85,0.514521,-0.0438251,0.130788,0.316978,-0.00335159,1.5
574.9,0.514521,-0.0438251,0.130788,0.316978,-0.00335159,1.5
574.95,0.514521,-0.0438251,0.130788,0.316978,-0.00335159,1.5
575,0.514521,-0.0438251,0.130788,0.316978,-0.00335159,1.5
575.05,0.514521,-0.0438251,0.130788,0.316978,-0.00335159,1.5
575.1,0.514521,-0.0438251,0.130788,0.316978,-0.00335159,1.5
575.15,0.514521,-0.0438251,0.130788,0.316978,-0.00335159,1.5
575.2,0.514521,-0.0438251,0.130788,0.316978,-0.00335159,1.5
575.25,0.514521,-0.0438251,0.130788,0.316978,-0.00335159,1.5
575.3,0.514521,-0.0438251,0.130788,0.316978,-0.00335159,1.5
575.35,0.514521,-0.0438251,0.130788,0.316978,-0.00335159,1.5
575.4,0.514521,-0.0438251,0.130788,0.316978,-0.00335159,1.5
575.45,0.514521,-0.0438251,0.130788,0.316978,-0.00335159,1.5
575.5,0.514521,-0.0438251,0.130788,0.316978,-0.00335159,1.5
575.55,0.514521,-0.0438251,0.130788,0.316978,-0.00335159,1.5
575.6,0.514521,-0.0438251,0.130788,0.316978,-0.00335159,1.5
575.65,0.514521,-0.0438251,0.130788,0.316978,-0.00335159,1.5
575.7,0.514521,-0.0438251,0.130788,0.316978,-0.00335159,1.5
575.75,0.514521,-0.0438251,0.130788,0.316978,-0.00335159,1.5
575.8,0.514521,-0.0438251,0.130788,0.316978,-0.00335159,1.5
575.85,0.514521,-0.0438251,0.130788,0.316978,-0.00335159,1.5
575.9,0.514521,-0.0438251,0.130788,0.316978,-0.00335159,1.5
575.95,0.514521,-0.0438251,0.130788,0.316978,-0.00335159,1.5
576,0.514521,-0.0438251,0.130788,0.316978,-0.00335159,1.5
576.05,0.514521,-0.0438251,0.130788,0.316978,-0.00335159,1.5
576.1,0.514521,-0.0438251,0.130788,0.316978,-0.00335159,1.5
576.15,0.514521,-0.0438251,0.130788,0.316978,-0.00335159,1.5
576.2,0.514521,-0.0438251,0.130788,0.316978,-0.00335159,1.5
576.25,0.514521,-0.0438251,0.130788,0.316978,-0.00335159,1.5
576.3,0.514521,-0.0438251,0.130788,0.316978,-0.00335159,1.5
576.35,0.514521,-0.0438251,0.130788,0.316978,-0.00335159,1.5
576.4,0.514521,-0.0438251,0.130788,0.316978,-0.00335159,1.5
576.45,0.514521,-0.0438251,0.130788,0.316978,-0.00335159,1.5
576.5,0.514521,-0.0438251,0.130788,0.316978,-0.00335159,1.5
576.55,0.514521,-0.0438251,0.130788,0.316978,-0.00335159,1.5
576.6,0.514521,-0.0438251,0.130788,0.316978,-0.00335159,1.5
576.65,0.514521,-0.0438251,0.130788,0.316978,-0.00335159,1.5
576.7,0.514521,-0.0438251,0.130788,0.316978,-0.00335159,1.5
576.75,0.514521,-0.0438251,0.130788,0.316978,-0.00335159,1.5
576.8,0.514521,-0.0438251,0.130788,0.316978,-0.00335159,1.5
576.85,0.514521,-0.0438251,0.130788,0.316978,-0.00335159,1.5
576.9,0.514521,-0.0438251,0.130788,0.316978,-0.00335159,1.5
576.95,0.514521,-0.0438251,0.130788,0.316978,-0.00335159,1.5
577,0.514521,-0.0438251,0.130788,0.316978,-0.00335159,1.5
577.05,0.514521,-0.0438251,0.130788,0.316978,-0.00335159,1.5
577.1,0.514521,-0.0438251,0.130788,0.316978,-0.00335159,1.5
577.15,0.514521,-0.0438251,0.130788,0.316978,-0.00335159,1.5
577.2,0.514521,-0.0438251,0.130788,0.316978,-0.00335159,1.5
577.25,0.514521,-0.0438251,0.130788,0.316978,-0.00335159,1.5
577.3,0.514521,-0.0438251,0.130788,0.316978,-0.00335159,1.5
577.35,0.514521,-0.0438251,0.130788,0.316978,-0.00335159,1.5
577.4,0.514521,-0.0438251,0.130788,0.316978,-0.00335159,1.5
577.45,0.514521,-0.0438251,0.130788,0.316978,-0.00335159,1.5
577.5,0.514521,-0.0438251,0.130788,0.316978,-0.00335159,1.5
577.55,0.514521,-0.0438251,0.130788,0.316978,-0.00335159,1.5
577.6,0.514521,-0.0438251,0.130788,0.316978,-0.00335159,1.5
577.65,0.514521,-0.0438251,0.130788,0.316978,-0.00335159,1.5
577.7,0.514521,-0.0438251,0.130788,0.316978,-0.00335159,1.5
577.75,0.514521,-0.0438251,0.130788,0.316978,-0.00335159,1.5
577.8,0.514521,-0.0438251,0.130788,0.316978,-0.00335159,1.5
577.85,0.514521,-0.0438251,0.130788,0.316978,-0.00335159,1.5
577.9,0.514521,-0.0438251,0.130788,0.316978,-0.00335159,1.5
577.95,0.514521,-0.0438251,0.130788,0.316978,-0.00335159,1.5
578,0.514521,-0.0438251,0.130788,0.316978,-0.00335159,1.5
578.05,0.514521,-0.0438251,0.130788,0.316978,-0.00335159,1.5
578.1,0.514521,-0.0438251,0.130788,0.316978,-0.00335159,1.5
578.15,0.514521,-0.0438251,0.130788,0.316978,-0.00335159,1.5
578.2,0.514521,-0.0438251,0.130788,0.316978,-0.00335159,1.5
578.25,0.514521,-0.0438251,0.130788,0.316978,-0.00335159,1.5
578.3,0.514521,-0.0438251,0.130788,0.316978,-0.00335159,1.5
578.35,0.514521,-0.0438251,0.130788,0.316978,-0.00335159,1.5
578.4,0.514521,-0.0438251,0.130788,0.316978,-0.00335159,1.5
578.45,0.514521,-0.0438251,0.130788,0.316978,-0.00335159,1.5
578.5,0.514521,-0.0438251,0.130788,0.316978,-0.00335159,1.5
578.55,0.514521,-0.0438251,0.130788,0.316978,-0.00335159,1.5
578.6,0.514521,-0.0438251,0.130788,0.316978,-0.00335159,1.5
578.65,0.514521,-0.0438251,0.130788,0.316978,-0.00335159,1.5
578.7,0.514521,-0.0438251,0.130788,0.316978,-0.00335159,1.5
578.75,0.514521,-0.0438251,0.130788,0.316978,-0.00335159,1.5
578.8,0.514521,-0.0438251,0.130788,0.316978,-0.00335159,1.5
578.85,0.514521,-0.0438251,0.130788,0.316978,-0.00335159,1.5
578.9,0.514521,-0.0438251,0.130788,0.316978,-0.00335159,1.5
578.95,0.514521,-0.0438251,0.130788,0.316978,-0.00335159,1.5
579,0.514521,-0.0438251,0.130788,0.316978,-0.00335159,1.5
579.05,0.514521,-0.0438251,0.130788,0.316978,-0.00335159,1.5
579.1,0.514521,-0.0438251,0.130788,0.316978,-0.00335159,1.5
579.15,0.514521,-0.0438251,0.130788,0.316978,-0.00335159,1.5
579.2,0.514521,-0.0438251,0.130788,0.316978,-0.00335159,1.5
579.25,0.514521,-0.0438251,0.130788,0.316978,-0.00335159,1.5
579.3,0.514521,-0.0438251,0.130788,0.316978,-0.00335159,1.5
579.35,0.514521,-0.0438251,0.130788,0.316978,-0.00335159,1.5
579.4,0.514521,-0.0438251,0.130788,0.316978,-0.00335159,1.5
579.45,0.514521,-0.0438251,0.130788,0.316978,-0.00335159,1.5
579.5,0.514521,-0.0438251,0.130788,0.316978,-0.00335159,1.5
579.55,0.514521,-0.0438251,0.130788,0.316978,-0.00335159,1.5
579.6,0.514521,-0.0438251,0.130788,0.316978,-0.00335159,1.5
579.65,0.514521,-0.0438251,0.130788,0.316978,-0.00335159,1.5
579.7,0.514521,-0.0438251,0.130788,0.316978,-0.00335159,1.5
579.75,0.514521,-0.0438251,0.130788,0.316978,-0.00335159,1.5
579.8,0.514521,-0.0438251,0.130788,0.316978,-0.00335159,1.5
579.85,0.514521,-0.0438251,0.130788,0.316978,-0.00335159,1.5
579.9,0.514521,-0.0438251,0.130788,0.316978,-0.00335159,1.5
579.95,0.514521,-0.0438251,0.130788,0.316978,-0.00335159,1.5
580,0.514521,-0.0438251,0.130788,0.316978,-0.00335159,1.5
580.05,0.514521,-0.0438251,0.130788,0.316978,-0.00335159,1.5
580.1,0.514521,-0.0438251,0.130788,0.316978,-0.00335159,1.5
580.15,0.514521,-0.0438251,0.130788,0.316978,-0.00335159,1.5
580.2,0.514521,-0.0438251,0.130788,0.316978,-0.00335159,1.5
580.25,0.514521,-0.0438251,0.130788,0.316978,-0.00335159,1.5
580.3,0.514521,-0.0438251,0.130788,0.316978,-0.00335159,1.5
580.35,0.514521,-0.0438251,0.130788,0.316978,-0.00335159,1.5
580.4,0.514521,-0.0438251,0.130788,0.316978,-0.00335159,1.5
580.45,0.514521,-0.0438251,0.130788,0.316978,-0.00335159,1.5
580.5,0.514521,-0.0438251,0.130788,0.316978,-0.00335159,1.5
580.55,0.514521,-0.0438251,0.130788,0.316978,-0.00335159,1.5
580.6,0.514521,-0.0438251,0.130788,0.316978,-0.00335159,1.5
580.65,0.514521,-0.0438251,0.130788,0.316978,-0.00335159,1.5
580.7,0.514521,-0.0438251,0.130788,0.316978,-0.00335159,1.5
580.75,0.514521,-0.0438251,0.130788,0.316978,-0.00335159,1.5
580.8,0.514521,-0.0438251,0.130788,0.316978,-0.00335159,1.5
580.85,0.514521,-0.0438251,0.130788,0.316978,-0.00335159,1.5
580.9,0.514521,-0.0438251,0.130788,0.316978,-0.00335159,1.5
580.95,0.514521,-0.0438251,0.130788,0.316978,-0.00335159,1.5
581,0.514521,-0.0438251,0.130788,0.316978,-0.00335159,1.5
581.05,0.514521,-0.0438251,0.130788,0.316978,-0.00335159,1.5
581.1,0.514521,-0.0438251,0.130788,0.316978,-0.00335159,1.5
581.15,0.514521,-0.0438251,0.130788,0.316978,-0.00335159,1.5
581.2,0.514521,-0.0438251,0.130788,0.316978,-0.00335159,1.5
581.25,0.514521,-0.0438251,0.130788,0.316978,-0.00335159,1.5
581.3,0.514521,-0.0438251,0.130788,0.316978,-0.00335159,1.5
581.35,0.514521,-0.0438251,0.130788,0.316978,-0.00335159,1.5
581.4,0.514521,-0.0438251,0.130788,0.316978,-0.00335159,1.5
581.45,0.514521,-0.0438251,0.130788,0.316978,-0.00335159,1.5
581.5,0.514521,-0.0438251,0.130788,0.316978,-0.00335159,1.5
581.55,0.514521,-0.0438251,0.130788,0.316978,-0.00335159,1.5
581.6,0.514521,-0.0438251,0.130788,0.316978,-0.00335159,1.5
581.65,0.514521,-0.0438251,0.130788,0.316978,-0.00335159,1.5
581.7,0.514521,-0.0438251,0.130788,0.316978,-0.00335159,1.5
581.75,0.514521,-0.0438251,0.130788,0.316978,-0.00335159,1.5
581.8,0.514521,-0.0438251,0.130788,0.316978,-0.00335159,1.5
581.85,0.514521,-0.0438251,0.130788,0.316978,-0.00335159,1.5
581.9,0.514521,-0.0438251,0.130788,0.316978,-0.00335159,1.5
581.95,0.514521,-0.0438251,0.130788,0.316978,-0.00335159,1.5
582,0.514521,-0.0438251,0.130788,0.316978,-0.00335159,1.5
582.05,0.514521,-0.0438251,0.130788,0.316978,-0.00335159,1.5
582.1,0.514521,-0.0438251,0.130788,0.316978,-0.00335159,1.5
582.15,0.514521,-0.0438251,0.130788,0.316978,-0.00335159,1.5
582.2,0.514521,-0.0438251,0.130788,0.316978,-0.00335159,1.5
582.25,0.514521,-0.0438251,0.130788,0.316978,-0.00335159,1.5
582.3,0.514521,-0.0438251,0.130788,0.316978,-0.00335159,1.5
582.35,0.514521,-0.0438251,0.130788,0.316978,-0.00335159,1.5
582.4,0.514521,-0.0438251,0.130788,0.316978,-0.00335159,1.5
582.45,0.514521,-0.0438251,0.130788,0.316978,-0.00335159,1.5
582.5,0.514521,-0.0438251,0.130788,0.316978,-0.00335159,1.5
582.55,0.514521,-0.0438251,0.130788,0.316978,-0.00335159,1.5
582.6,0.514521,-0.0438251,0.130788,0.316978,-0.00335159,1.5
582.65,0.514521,-0.0438251,0.130788,0.316978,-0.00335159,1.5
582.7,0.514521,-0.0438251,0.130788,0.316978,-0.00335159,1.5
582.75,0.514521,-0.0438251,0.130788,0.316978,-0.00335159,1.5
582.8,0.514521,-0.0438251,0.130788,0.316978,-0.00335159,1.5
582.85,0.514521,-0.0438251,0.130788,0.316978,-0.00335159,1.5
582.9,0.514521,-0.0438251,0.130788,0.316978,-0.00335159,1.5
582.95,0.514521,-0.0438251,0.130788,0.316978,-0.00335159,1.5
583,0.514521,-0.0438251,0.130788,0.316978,-0.00335159,1.5
583.05,0.514521,-0.0438251,0.130788,0.316978,-0.00335159,1.5
583.1,0.514521,-0.0438251,0.130788,0.316978,-0.00335159,1.5
583.15,0.514521,-0.0438251,0.130788,0.316978,-0.00335159,1.5
583.2,0.514521,-0.0438251,0.130788,0.316978,-0.00335159,1.5
583.25,0.514521,-0.0438251,0.130788,0.316978,-0.00335159,1.5
583.3,0.514521,-0.0438251,0.130788,0.316978,-0.00335159,1.5
583.35,0.514521,-0.0438251,0.130788,0.316978,-0.00335159,1.5
583.4,0.514521,-0.0438251,0.130788,0.316978,-0.00335159,1.5
583.45,0.514521,-0.0438251,0.130788,0.316978,-0.00335159,1.5
583.5,0.514521,-0.0438251,0.130788,0.316978,-0.00335159,1.5
583.55,0.514521,-0.0438251,0.130788,0.316978,-0.00335159,1.5
583.6,0.514521,-0.0438251,0.130788,0.316978,-0.00335159,1.5
583.65,0.514521,-0.0438251,0.130788,0.316978,-0.00335159,1.5
583.7,0.514521,-0.0438251,0.130788,0.316978,-0.00335159,1.5
583.75,0.514521,-0.0438251,0.130788,0.316978,-0.00335159,1.5
583.8,0.514521,-0.0438251,0.130788,0.316978,-0.00335159,1.5
583.85,0.514521,-0.0438251,0.130788,0.316978,-0.00335159,1.5
583.9,0.514521,-0.0438251,0.130788,0.316978,-0.00335159,1.5
583.95,0.514521,-0.0438251,0.130788,0.316978,-0.00335159,1.5
584,0.514521,-0.0438251,0.130788,0.316978,-0.00335159,1.5
584.05,0.514521,-0.0438251,0.130788,0.316978,-0.00335159,1.5
584.1,0.514521,-0.0438251,0.130788,0.316978,-0.00335159,1.5
584.15,0.514521,-0.0438251,0.130788,0.316978,-0.00335159,1.5
584.2,0.514521,-0.0438251,0.130788,0.316978,-0.00335159,1.5
584.25,0.514521,-0.0438251,0.130788,0.316978,-0.00335159,1.5
584.3,0.514521,-0.0438251,0.130788,0.316978,-0.00335159,1.5
584.35,0.514521,-0.0438251,0.130788,0.316978,-0.00335159,1.5
584.4,0.514521,-0.0438251,0.130788,0.316978,-0.00335159,1.5
584.45,0.514521,-0.0438251,0.130788,0.316978,-0.00335159,1.5
584.5,0.514521,-0.0438251,0.130788,0.316978,-0.00335159,1.5
584.55,0.514521,-0.0438251,0.130788,0.316978,-0.00335159,1.5
584.6,0.514521,-0.0438251,0.130788,0.316978,-0.00335159,1.5
584.65,0.514521,-0.0438251,0.130788,0.316978,-0.00335159,1.5
584.7,0.514521,-0.0438251,0.130788,0.316978,-0.00335159,1.5
584.75,0.514521,-0.0438251,0.130788,0.316978,-0.00335159,1.5
584.8,0.514521,-0.0438251,0.130788,0.316978,-0.00335159,1.5
584.85,0.514521,-0.0438251,0.130788,0.316978,-0.00335159,1.5
584.9,0.514521,-0.0438251,0.130788,0.316978,-0.00335159,1.5
584.95,0.514521,-0.0438251,0.130788,0.316978,-0.00335159,1.5
585,0.514521,-0.0438251,0.130788,0.316978,-0.00335159,1.5
585.05,0.514521,-0.0438251,0.130788,0.316978,-0.00335159,1.5
585.1,0.514521,-0.0438251,0.130788,0.316978,-0.00335159,1.5
585.15,0.514521,-0.0438251,0.130788,0.316978,-0.00335159,1.5
585.2,0.514521,-0.0438251,0.130788,0.316978,-0.00335159,1.5
585.25,0.514521,-0.0438251,0.130788,0.316978,-0.00335159,1.5
585.3,0.514521,-0.0438251,0.130788,0.316978,-0.00335159,1.5
585.35,0.514521,-0.0438251,0.130788,0.316978,-0.00335159,1.5
585.4,0.514521,-0.0438251,0.130788,0.316978,-0.00335159,1.5
585.45,0.514521,-0.0438251,0.130788,0.316978,-0.00335159,1.5
585.5,0.514521,-0.0438251,0.130788,0.316978,-0.00335159,1.5
585.55,0.514521,-0.0438251,0.130788,0.316978,-0.00335159,1.5
585.6,0.514521,-0.0438251,0.130788,0.316978,-0.00335159,1.5
585.65,0.514521,-0.0438251,0.130788,0.316978,-0.00335159,1.5
585.7,0.514521,-0.0438251,0.130788,0.316978,-0.00335159,1.5
585.75,0.514521,-0.0438251,0.130788,0.316978,-0.00335159,1.5
585.8,0.514521,-0.0438251,0.130788,0.316978,-0.00335159,1.5
585.85,0.514521,-0.0438251,0.130788,0.316978,-0.00335159,1.5
585.9,0.514521,-0.0438251,0.130788,0.316978,-0.00335159,1.5
585.95,0.514521,-0.0438251,0.130788,0.316978,-0.00335159,1.5
586,0.514521,-0.0438251,0.130788,0.316978,-0.00335159,1.5
586.05,0.514521,-0.0438251,0.130788,0.316978,-0.00335159,1.5
586.1,0.514521,-0.0438251,0.130788,0.316978,-0.00335159,1.5
586.15,0.514521,-0.0438251,0.130788,0.316978,-0.00335159,1.5
586.2,0.514521,-0.0438251,0.130788,0.316978,-0.00335159,1.5
586.25,0.514521,-0.0438251,0.130788,0.316978,-0.00335159,1.5
586.3,0.514521,-0.0438251,0.130788,0.316978,-0.00335159,1.5
586.35,0.514521,-0.0438251,0.130788,0.316978,-0.00335159,1.5
586.4,0.514521,-0.0438251,0.130788,0.316978,-0.00335159,1.5
586.45,0.514521,-0.0438251,0.130788,0.316978,-0.00335159,1.5
586.5,0.514521,-0.0438251,0.130788,0.316978,-0.00335159,1.5
586.55,0.514521,-0.0438251,0.130788,0.316978,-0.00335159,1.5
586.6,0.514521,-0.0438251,0.130788,0.316978,-0.00335159,1.5
586.65,0.514521,-0.0438251,0.130788,0.316978,-0.00335159,1.5
586.7,0.514521,-0.0438251,0.130788,0.316978,-0.00335159,1.5
586.75,0.514521,-0.0438251,0.130788,0.316978,-0.00335159,1.5
586.8,0.514521,-0.0438251,0.130788,0.316978,-0.00335159,1.5
586.85,0.514521,-0.0438251,0.130788,0.316978,-0.00335159,1.5
586.9,0.514521,-0.0438251,0.130788,0.316978,-0.00335159,1.5
586.95,0.514521,-0.0438251,0.130788,0.316978,-0.00335159,1.5
587,0.514521,-0.0438251,0.130788,0.316978,-0.00335159,1.5
587.05,0.514521,-0.0438251,0.130788,0.316978,-0.00335159,1.5
587.1,0.514521,-0.0438251,0.130788,0.316978,-0.00335159,1.5
587.15,0.514521,-0.0438251,0.130788,0.316978,-0.00335159,1.5
587.2,0.514521,-0.0438251,0.130788,0.316978,-0.00335159,1.5
587.25,0.514521,-0.0438251,0.130788,0.316978,-0.00335159,1.5
587.3,0.514521,-0.0438251,0.130788,0.316978,-0.00335159,1.5
587.35,0.514521,-0.0438251,0.130788,0.316978,-0.00335159,1.5
587.4,0.514521,-0.0438251,0.130788,0.316978,-0.00335159,1.5
587.45,0.514521,-0.0438251,0.130788,0.316978,-0.00335159,1.5
587.5,0.514521,-0.0438251,0.130788,0.316978,-0.00335159,1.5
587.55,0.514521,-0.0438251,0.130788,0.316978,-0.00335159,1.5
587.6,0.514521,-0.0438251,0.130788,0.316978,-0.00335159,1.5
587.65,0.514521,-0.0438251,0.130788,0.316978,-0.00335159,1.5
587.7,0.514521,-0.0438251,0.130788,0.316978,-0.00335159,1.5
587.75,0.514521,-0.0438251,0.130788,0.316978,-0.00335159,1.5
587.8,0.514521,-0.0438251,0.130788,0.316978,-0.00335159,1.5
587.85,0.514521,-0.0438251,0.130788,0.316978,-0.00335159,1.5
587.9,0.514521,-0.0438251,0.130788,0.316978,-0.00335159,1.5
587.95,0.514521,-0.0438251,0.130788,0.316978,-0.00335159,1.5
588,0.514521,-0.0438251,0.130788,0.316978,-0.00335159,1.5
588.05,0.514521,-0.0438251,0.130788,0.316978,-0.00335159,1.5
588.1,0.514521,-0.0438251,0.130788,0.316978,-0.00335159,1.5
588.15,0.514521,-0.0438251,0.130788,0.316978,-0.00335159,1.5
588.2,0.514521,-0.0438251,0.130788,0.316978,-0.00335159,1.5
588.25,0.514521,-0.0438251,0.130788,0.316978,-0.00335159,1.5
588.3,0.514521,-0.0438251,0.130788,0.316978,-0.00335159,1.5
588.35,0.514521,-0.0438251,0.130788,0.316978,-0.00335159,1.5
588.4,0.514521,-0.0438251,0.130788,0.316978,-0.00335159,1.5
588.45,0.514521,-0.0438251,0.130788,0.316978,-0.00335159,1.5
588.5,0.514521,-0.0438251,0.130788,0.316978,-0.00335159,1.5
588.55,0.514521,-0.0438251,0.130788,0.316978,-0.00335159,1.5
588.6,0.514521,-0.0438251,0.130788,0.316978,-0.00335159,1.5
588.65,0.514521,-0.0438251,0.130788,0.316978,-0.00335159,1.5
588.7,0.514521,-0.0438251,0.130788,0.316978,-0.00335159,1.5
588.75,0.514521,-0.0438251,0.130788,0.316978,-0.00335159,1.5
588.8,0.514521,-0.0438251,0.130788,0.316978,-0.00335159,1.5
588.85,0.514521,-0.0438251,0.130788,0.316978,-0.00335159,1.5
588.9,0.514521,-0.0438251,0.130788,0.316978,-0.00335159,1.5
588.95,0.514521,-0.0438251,0.130788,0.316978,-0.00335159,1.5
589,0.514521,-0.0438251,0.130788,0.316978,-0.00335159,1.5
589.05,0.514521,-0.0438251,0.130788,0.316978,-0.00335159,1.5
589.1,0.514521,-0.0438251,0.130788,0.316978,-0.00335159,1.5
589.15,0.514521,-0.0438251,0.130788,0.316978,-0.00335159,1.5
589.2,0.514521,-0.0438251,0.130788,0.316978,-0.00335159,1.5
589.25,0.514521,-0.0438251,0.130788,0.316978,-0.00335159,1.5
589.3,0.514521,-0.0438251,0.130788,0.316978,-0.00335159,1.5
589.35,0.514521,-0.0438251,0.130788,0.316978,-0.00335159,1.5
589.4,0.514521,-0.0438251,0.130788,0.316978,-0.00335159,1.5
589.45,0.514521,-0.0438251,0.130788,0.316978,-0.00335159,1.5
589.5,0.514521,-0.0438251,0.130788,0.316978,-0.00335159,1.5
589.55,0.514521,-0.0438251,0.130788,0.316978,-0.00335159,1.5
589.6,0.514521,-0.0438251,0.130788,0.316978,-0.00335159,1.5
589.65,0.514521,-0.0438251,0.130788,0.316978,-0.00335159,1.5
589.7,0.514521,-0.0438251,0.130788,0.316978,-0.00335159,1.5
589.75,0.514521,-0.0438251,0.130788,0.316978,-0.00335159,1.5
589.8,0.514521,-0.0438251,0.130788,0.316978,-0.00335159,1.5
589.85,0.514521,-0.0438251,0.130788,0.316978,-0.00335159,1.5
589.9,0.514521,-0.0438251,0.130788,0.316978,-0.00335159,1.5
589.95,0.514521,-0.0438251,0.130788,0.316978,-0.00335159,1.5
590,0.514521,-0.0438251,0.130788,0.316978,-0.00335159,1.5
590.05,0.514521,-0.0438251,0.130788,0.316978,-0.00335159,1.5
590.1,0.514521,-0.0438251,0.130788,0.316978,-0.00335159,1.5
590.15,0.514521,-0.0438251,0.130788,0.316978,-0.00335159,1.5
590.2,0.514521,-0.0438251,0.130788,0.316978,-0.00335159,1.5
590.25,0.514521,-0.0438251,0.130788,0.316978,-0.00335159,1.5
590.3,0.514521,-0.0438251,0.130788,0.316978,-0.00335159,1.5
590.35,0.514521,-0.0438251,0.130788,0.316978,-0.00335159,1.5
590.4,0.514521,-0.0438251,0.130788,0.316978,-0.00335159,1.5
590.45,0.514521,-0.0438251,0.130788,0.316978,-0.00335159,1.5
590.5,0.514521,-0.0438251,0.130788,0.316978,-0.00335159,1.5
590.55,0.514521,-0.0438251,0.130788,0.316978,-0.00335159,1.5
590.6,0.514521,-0.0438251,0.130788,0.316978,-0.00335159,1.5
590.65,0.514521,-0.0438251,0.130788,0.316978,-0.00335159,1.5
590.7,0.514521,-0.0438251,0.130788,0.316978,-0.00335159,1.5
590.75,0.514521,-0.0438251,0.130788,0.316978,-0.00335159,1.5
590.8,0.514521,-0.0438251,0.130788,0.316978,-0.00335159,1.5
590.85,0.514521,-0.0438251,0.130788,0.316978,-0.00335159,1.5
590.9,0.514521,-0.0438251,0.130788,0.316978,-0.00335159,1.5
590.95,0.514521,-0.0438251,0.130788,0.316978,-0.00335159,1.5
591,0.514521,-0.0438251,0.130788,0.316978,-0.00335159,1.5
591.05,0.514521,-0.0438251,0.130788,0.316978,-0.00335159,1.5
591.1,0.514521,-0.0438251,0.130788,0.316978,-0.00335159,1.5
591.15,0.514521,-0.0438251,0.130788,0.316978,-0.00335159,1.5
591.2,0.514521,-0.0438251,0.130788,0.316978,-0.00335159,1.5
591.25,0.514521,-0.0438251,0.130788,0.316978,-0.00335159,1.5
591.3,0.514521,-0.0438251,0.130788,0.316978,-0.00335159,1.5
591.35,0.514521,-0.0438251,0.130788,0.316978,-0.00335159,1.5
591.4,0.514521,-0.0438251,0.130788,0.316978,-0.00335159,1.5
591.45,0.514521,-0.0438251,0.130788,0.316978,-0.00335159,1.5
591.5,0.514521,-0.0438251,0.130788,0.316978,-0.00335159,1.5
591.55,0.514521,-0.0438251,0.130788,0.316978,-0.00335159,1.5
591.6,0.514521,-0.0438251,0.130788,0.316978,-0.00335159,1.5
591.65,0.514521,-0.0438251,0.130788,0.316978,-0.00335159,1.5
591.7,0.514521,-0.0438251,0.130788,0.316978,-0.00335159,1.5
591.75,0.514521,-0.0438251,0.130788,0.316978,-0.00335159,1.5
591.8,0.514521,-0.0438251,0.130788,0.316978,-0.00335159,1.5
591.85,0.514521,-0.0438251,0.130788,0.316978,-0.00335159,1.5
591.9,0.514521,-0.0438251,0.130788,0.316978,-0.00335159,1.5
591.95,0.514521,-0.0438251,0.130788,0.316978,-0.00335159,1.5
592,0.514521,-0.0438251,0.130788,0.316978,-0.00335159,1.5
592.05,0.514521,-0.0438251,0.130788,0.316978,-0.00335159,1.5
592.1,0.514521,-0.0438251,0.130788,0.316978,-0.00335159,1.5
592.15,0.514521,-0.0438251,0.130788,0.316978,-0.00335159,1.5
592.2,0.514521,-0.0438251,0.130788,0.316978,-0.00335159,1.5
592.25,0.514521,-0.0438251,0.130788,0.316978,-0.00335159,1.5
592.3,0.514521,-0.0438251,0.130788,0.316978,-0.00335159,1.5
592.35,0.514521,-0.0438251,0.130788,0.316978,-0.00335159,1.5
592.4,0.514521,-0.0438251,0.130788,0.316978,-0.00335159,1.5
592.45,0.514521,-0.0438251,0.130788,0.316978,-0.00335159,1.5
592.5,0.514521,-0.0438251,0.130788,0.316978,-0.00335159,1.5
592.55,0.514521,-0.0438251,0.130788,0.316978,-0.00335159,1.5
592.6,0.514521,-0.0438251,0.130788,0.316978,-0.00335159,1.5
592.65,0.514521,-0.0438251,0.130788,0.316978,-0.00335159,1.5
592.7,0.514521,-0.0438251,0.130788,0.316978,-0.00335159,1.5
592.75,0.514521,-0.0438251,0.130788,0.316978,-0.00335159,1.5
592.8,0.514521,-0.0438251,0.130788,0.316978,-0.00335159,1.5
592.85,0.514521,-0.0438251,0.130788,0.316978,-0.00335159,1.5
592.9,0.514521,-0.0438251,0.130788,0.316978,-0.00335159,1.5
592.95,0.514521,-0.0438251,0.130788,0.316978,-0.00335159,1.5
593,0.514521,-0.0438251,0.130788,0.316978,-0.00335159,1.5
593.05,0.514521,-0.0438251,0.130788,0.316978,-0.00335159,1.5
593.1,0.514521,-0.0438251,0.130788,0.316978,-0.00335159,1.5
593.15,0.514521,-0.0438251,0.130788,0.316978,-0.00335159,1.5
593.2,0.514521,-0.0438251,0.130788,0.316978,-0.00335159,1.5
593.25,0.514521,-0.0438251,0.130788,0.316978,-0.00335159,1.5
593.3,0.514521,-0.0438251,0.130788,0.316978,-0.00335159,1.5
593.35,0.514521,-0.0438251,0.130788,0.316978,-0.00335159,1.5
593.4,0.514521,-0.0438251,0.130788,0.316978,-0.00335159,1.5
593.45,0.514521,-0.0438251,0.130788,0.316978,-0.00335159,1.5
593.5,0.514521,-0.0438251,0.130788,0.316978,-0.00335159,1.5
593.55,0.514521,-0.0438251,0.130788,0.316978,-0.00335159,1.5
593.6,0.514521,-0.0438251,0.130788,0.316978,-0.00335159,1.5
593.65,0.514521,-0.0438251,0.130788,0.316978,-0.00335159,1.5
593.7,0.514521,-0.0438251,0.130788,0.316978,-0.00335159,1.5
593.75,0.514521,-0.0438251,0.130788,0.316978,-0.00335159,1.5
593.8,0.514521,-0.0438251,0.130788,0.316978,-0.00335159,1.5
593.85,0.514521,-0.0438251,0.130788,0.316978,-0.00335159,1.5
593.9,0.514521,-0.0438251,0.130788,0.316978,-0.00335159,1.5
593.95,0.514521,-0.0438251,0.130788,0.316978,-0.00335159,1.5
594,0.514521,-0.0438251,0.130788,0.316978,-0.00335159,1.5
594.05,0.514521,-0.0438251,0.130788,0.316978,-0.00335159,1.5
594.1,0.514521,-0.0438251,0.130788,0.316978,-0.00335159,1.5
594.15,0.514521,-0.0438251,0.130788,0.316978,-0.00335159,1.5
594.2,0.514521,-0.0438251,0.130788,0.316978,-0.00335159,1.5
594.25,0.514521,-0.0438251,0.130788,0.316978,-0.00335159,1.5
594.3,0.514521,-0.0438251,0.130788,0.316978,-0.00335159,1.5
594.35,0.514521,-0.0438251,0.130788,0.316978,-0.00335159,1.5
594.4,0.514521,-0.0438251,0.130788,0.316978,-0.00335159,1.5
594.45,0.514521,-0.0438251,0.130788,0.316978,-0.00335159,1.5
594.5,0.514521,-0.0438251,0.130788,0.316978,-0.00335159,1.5
594.55,0.514521,-0.0438251,0.130788,0.316978,-0.00335159,1.5
594.6,0.514521,-0.0438251,0.130788,0.316978,-0.00335159,1.5
594.65,0.514521,-0.0438251,0.130788,0.316978,-0.00335159,1.5
594.7,0.514521,-0.0438251,0.130788,0.316978,-0.00335159,1.5
594.75,0.514521,-0.0438251,0.130788,0.316978,-0.00335159,1.5
594.8,0.514521,-0.0438251,0.130788,0.316978,-0.00335159,1.5
594.85,0.514521,-0.0438251,0.130788,0.316978,-0.00335159,1.5
594.9,0.514521,-0.0438251,0.130788,0.316978,-0.00335159,1.5
594.95,0.514521,-0.0438251,0.130788,0.316978,-0.00335159,1.5
595,0.514521,-0.0438251,0.130788,0.316978,-0.00335159,1.5
595.05,0.514521,-0.0438251,0.130788,0.316978,-0.00335159,1.5
595.1,0.514521,-0.0438251,0.130788,0.316978,-0.00335159,1.5
595.15,0.514521,-0.0438251,0.130788,0.316978,-0.00335159,1.5
595.2,0.514521,-0.0438251,0.130788,0.316978,-0.00335159,1.5
595.25,0.514521,-0.0438251,0.130788,0.316978,-0.00335159,1.5
595.3,0.514521,-0.0438251,0.130788,0.316978,-0.00335159,1.5
595.35,0.514521,-0.0438251,0.130788,0.316978,-0.00335159,1.5
595.4,0.514521,-0.0438251,0.130788,0.316978,-0.00335159,1.5
595.45,0.514521,-0.0438251,0.130788,0.316978,-0.00335159,1.5
595.5,0.514521,-0.0438251,0.130788,0.316978,-0.00335159,1.5
595.55,0.514521,-0.0438251,0.130788,0.316978,-0.00335159,1.5
595.6,0.514521,-0.0438251,0.130788,0.316978,-0.00335159,1.5
595.65,0.514521,-0.0438251,0.130788,0.316978,-0.00335159,1.5
595.7,0.514521,-0.0438251,0.130788,0.316978,-0.00335159,1.5
595.75,0.514521,-0.0438251,0.130788,0.316978,-0.00335159,1.5
595.8,0.514521,-0.0438251,0.130788,0.316978,-0.00335159,1.5
595.85,0.514521,-0.0438251,0.130788,0.316978,-0.00335159,1.5
595.9,0.514521,-0.0438251,0.130788,0.316978,-0.00335159,1.5
595.95,0.514521,-0.0438251,0.130788,0.316978,-0.00335159,1.5
596,0.514521,-0.0438251,0.130788,0.316978,-0.00335159,1.5
596.05,0.514521,-0.0438251,0.130788,0.316978,-0.00335159,1.5
596.1,0.514521,-0.0438251,0.130788,0.316978,-0.00335159,1.5
596.15,0.514521,-0.0438251,0.130788,0.316978,-0.00335159,1.5
596.2,0.514521,-0.0438251,0.130788,0.316978,-0.00335159,1.5
596.25,0.514521,-0.0438251,0.130788,0.316978,-0.00335159,1.5
596.3,0.514521,-0.0438251,0.130788,0.316978,-0.00335159,1.5
596.35,0.514521,-0.0438251,0.130788,0.316978,-0.00335159,1.5
596.4,0.514521,-0.0438251,0.130788,0.316978,-0.00335159,1.5
596.45,0.514521,-0.0438251,0.130788,0.316978,-0.00335159,1.5
596.5,0.514521,-0.0438251,0.130788,0.316978,-0.00335159,1.5
596.55,0.514521,-0.0438251,0.130788,0.316978,-0.00335159,1.5
596.6,0.514521,-0.0438251,0.130788,0.316978,-0.00335159,1.5
596.65,0.514521,-0.0438251,0.130788,0.316978,-0.00335159,1.5
596.7,0.514521,-0.0438251,0.130788,0.316978,-0.00335159,1.5
596.75,0.514521,-0.0438251,0.130788,0.316978,-0.00335159,1.5
596.8,0.514521,-0.0438251,0.130788,0.316978,-0.00335159,1.5
596.85,0.514521,-0.0438251,0.130788,0.316978,-0.00335159,1.5
596.9,0.514521,-0.0438251,0.130788,0.316978,-0.00335159,1.5
596.95,0.514521,-0.0438251,0.130788,0.316978,-0.00335159,1.5
597,0.514521,-0.0438251,0.130788,0.316978,-0.00335159,1.5
597.05,0.514521,-0.0438251,0.130788,0.316978,-0.00335159,1.5
597.1,0.514521,-0.0438251,0.130788,0.316978,-0.00335159,1.5
597.15,0.514521,-0.0438251,0.130788,0.316978,-0.00335159,1.5
597.2,0.514521,-0.0438251,0.130788,0.316978,-0.00335159,1.5
597.25,0.514521,-0.0438251,0.130788,0.316978,-0.00335159,1.5
597.3,0.514521,-0.0438251,0.130788,0.316978,-0.00335159,1.5
597.35,0.514521,-0.0438251,0.130788,0.316978,-0.00335159,1.5
597.4,0.514521,-0.0438251,0.130788,0.316978,-0.00335159,1.5
597.45,0.514521,-0.0438251,0.130788,0.316978,-0.00335159,1.5
597.5,0.514521,-0.0438251,0.130788,0.316978,-0.00335159,1.5
597.55,0.514521,-0.0438251,0.130788,0.316978,-0.00335159,1.5
597.6,0.514521,-0.0438251,0.130788,0.316978,-0.00335159,1.5
597.65,0.514521,-0.0438251,0.130788,0.316978,-0.00335159,1.5
597.7,0.514521,-0.0438251,0.130788,0.316978,-0.00335159,1.5
597.75,0.514521,-0.0438251,0.130788,0.316978,-0.00335159,1.5
597.8,0.514521,-0.0438251,0.130788,0.316978,-0.00335159,1.5
597.85,0.514521,-0.0438251,0.130788,0.316978,-0.00335159,1.5
597.9,0.514521,-0.0438251,0.130788,0.316978,-0.00335159,1.5
597.95,0.514521,-0.0438251,0.130788,0.316978,-0.00335159,1.5
598,0.514521,-0.0438251,0.130788,0.316978,-0.00335159,1.5
598.05,0.514521,-0.0438251,0.130788,0.316978,-0.00335159,1.5
598.1,0.514521,-0.0438251,0.130788,0.316978,-0.00335159,1.5
598.15,0.514521,-0.0438251,0.130788,0.316978,-0.00335159,1.5
598.2,0.514521,-0.0438251,0.130788,0.316978,-0.00335159,1.5
598.25,0.514521,-0.0438251,0.130788,0.316978,-0.00335159,1.5
598.3,0.514521,-0.0438251,0.130788,0.316978,-0.00335159,1.5
598.35,0.514521,-0.0438251,0.130788,0.316978,-0.00335159,1.5
598.4,0.514521,-0.0438251,0.130788,0.316978,-0.00335159,1.5
598.45,0.514521,-0.0438251,0.130788,0.316978,-0.00335159,1.5
598.5,0.514521,-0.0438251,0.130788,0.316978,-0.00335159,1.5
598.55,0.514521,-0.0438251,0.130788,0.316978,-0.00335159,1.5
598.6,0.514521,-0.0438251,0.130788,0.316978,-0.00335159,1.5
598.65,0.514521,-0.0438251,0.130788,0.316978,-0.00335159,1.5
598.7,0.514521,-0.0438251,0.130788,0.316978,-0.00335159,1.5
598.75,0.514521,-0.0438251,0.130788,0.316978,-0.00335159,1.5
598.8,0.514521,-0.0438251,0.130788,0.316978,-0.00335159,1.5
598.85,0.514521,-0.0438251,0.130788,0.316978,-0.00335159,1.5
598.9,0.514521,-0.0438251,0.130788,0.316978,-0.00335159,1.5
598.95,0.514521,-0.0438251,0.130788,0.316978,-0.00335159,1.5
599,0.514521,-0.0438251,0.130788,0.316978,-0.00335159,1.5
599.05,0.514521,-0.0438251,0.130788,0.316978,-0.00335159,1.5
599.1,0.514521,-0.0438251,0.130788,0.316978,-0.00335159,1.5
599.15,0.514521,-0.0438251,0.130788,0.316978,-0.00335159,1.5
599.2,0.514521,-0.0438251,0.130788,0.316978,-0.00335159,1.5
599.25,0.514521,-0.0438251,0.130788,0.316978,-0.00335159,1.5
599.3,0.514521,-0.0438251,0.130788,0.316978,-0.00335159,1.5
599.35,0.514521,-0.0438251,0.130788,0.316978,-0.00335159,1.5
599.4,0.514521,-0.0438251,0.130788,0.316978,-0.00335159,1.5
599.45,0.514521,-0.0438251,0.130788,0.316978,-0.00335159,1.5
599.5,0.514521,-0.0438251,0.130788,0.316978,-0.00335159,1.5
599.55,0.514521,-0.0438251,0.130788,0.316978,-0.00335159,1.5
599.6,0.514521,-0.0438251,0.130788,0.316978,-0.00335159,1.5
599.65,0.514521,-0.0438251,0.130788,0.316978,-0.00335159,1.5
599.7,0.514521,-0.0438251,0.130788,0.316978,-0.00335159,1.5
599.75,0.514521,-0.0438251,0.130788,0.316978,-0.00335159,1.5
599.8,0.514521,-0.0438251,0.130788,0.316978,-0.00335159,1.5
599.85,0.514521,-0.0438251,0.130788,0.316978,-0.00335159,1.5
599.9,0.514521,-0.0438251,0.130788,0.316978,-0.00335159,1.5
599.95,0.514521,-0.0438251,0.130788,0.316978,-0.00335159,1.5
600,0.514521,-0.0438251,0.130788,0.316978,-0.00335159,1.5
600.05,0.514521,-0.0438251,0.130788,0.316978,-0.00335159,1.5
600.1,0.514521,-0.0438251,0.130788,0.316978,-0.00335159,1.5
600.15,0.514521,-0.0438251,0.130788,0.316978,-0.00335159,1.5
600.2,0.514521,-0.0438251,0.130788,0.316978,-0.00335159,1.5
600.25,0.514521,-0.0438251,0.130788,0.316978,-0.00335159,1.5
600.3,0.514521,-0.0438251,0.130788,0.316978,-0.00335159,1.5
600.35,0.514521,-0.0438251,0.130788,0.316978,-0.00335159,1.5
600.4,0.514521,-0.0438251,0.130788,0.316978,-0.00335159,1.5
600.45,0.514521,-0.0438251,0.130788,0.316978,-0.00335159,1.5
600.5,0.514521,-0.0438251,0.130788,0.316978,-0.00335159,1.5
600.55,0.514521,-0.0438251,0.130788,0.316978,-0.00335159,1.5
600.6,0.514521,-0.0438251,0.130788,0.316978,-0.00335159,1.5
600.65,0.514521,-0.0438251,0.130788,0.316978,-0.00335159,1.5
600.7,0.514521,-0.0438251,0.130788,0.316978,-0.00335159,1.5
600.75,0.514521,-0.0438251,0.130788,0.316978,-0.00335159,1.5
600.8,0.514521,-0.0438251,0.130788,0.316978,-0.00335159,1.5
600.85,0.514521,-0.0438251,0.130788,0.316978,-0.00335159,1.5
600.9,0.514521,-0.0438251,0.130788,0.316978,-0.00335159,1.5
600.95,0.514521,-0.0438251,0.130788,0.316978,-0.00335159,1.5
601,0.514521,-0.0438251,0.130788,0.316978,-0.00335159,1.5
601.05,0.514521,-0.0438251,0.130788,0.316978,-0.00335159,1.5
601.1,0.514521,-0.0438251,0.130788,0.316978,-0.00335159,1.5
601.15,0.514521,-0.0438251,0.130788,0.316978,-0.00335159,1.5
601.2,0.514521,-0.0438251,0.130788,0.316978,-0.00335159,1.5
601.25,0.514521,-0.0438251,0.130788,0.316978,-0.00335159,1.5
601.3,0.514521,-0.0438251,0.130788,0.316978,-0.00335159,1.5
601.35,0.514521,-0.0438251,0.130788,0.316978,-0.00335159,1.5
601.4,0.514521,-0.0438251,0.130788,0.316978,-0.00335159,1.5
601.45,0.514521,-0.0438251,0.130788,0.316978,-0.00335159,1.5
601.5,0.514521,-0.0438251,0.130788,0.316978,-0.00335159,1.5
601.55,0.514521,-0.0438251,0.130788,0.316978,-0.00335159,1.5
601.6,0.514521,-0.0438251,0.130788,0.316978,-0.00335159,1.5
601.65,0.514521,-0.0438251,0.130788,0.316978,-0.00335159,1.5
601.7,0.514521,-0.0438251,0.130788,0.316978,-0.00335159,1.5
601.75,0.514521,-0.0438251,0.130788,0.316978,-0.00335159,1.5
601.8,0.514521,-0.0438251,0.130788,0.316978,-0.00335159,1.5
601.85,0.514521,-0.0438251,0.130788,0.316978,-0.00335159,1.5
601.9,0.514521,-0.0438251,0.130788,0.316978,-0.00335159,1.5
601.95,0.514521,-0.0438251,0.130788,0.316978,-0.00335159,1.5
602,0.514521,-0.0438251,0.130788,0.316978,-0.00335159,1.5
602.05,0.514521,-0.0438251,0.130788,0.316978,-0.00335159,1.5
602.1,0.514521,-0.0438251,0.130788,0.316978,-0.00335159,1.5
602.15,0.514521,-0.0438251,0.130788,0.316978,-0.00335159,1.5
602.2,0.514521,-0.0438251,0.130788,0.316978,-0.00335159,1.5
602.25,0.514521,-0.0438251,0.130788,0.316978,-0.00335159,1.5
602.3,0.514521,-0.0438251,0.130788,0.316978,-0.00335159,1.5
602.35,0.514521,-0.0438251,0.130788,0.316978,-0.00335159,1.5
602.4,0.514521,-0.0438251,0.130788,0.316978,-0.00335159,1.5
602.45,0.514521,-0.0438251,0.130788,0.316978,-0.00335159,1.5
602.5,0.514521,-0.0438251,0.130788,0.316978,-0.00335159,1.5
602.55,0.514521,-0.0438251,0.130788,0.316978,-0.00335159,1.5
602.6,0.514521,-0.0438251,0.130788,0.316978,-0.00335159,1.5
602.65,0.514521,-0.0438251,0.130788,0.316978,-0.00335159,1.5
602.7,0.514521,-0.0438251,0.130788,0.316978,-0.00335159,1.5
602.75,0.514521,-0.0438251,0.130788,0.316978,-0.00335159,1.5
602.8,0.514521,-0.0438251,0.130788,0.316978,-0.00335159,1.5
602.85,0.514521,-0.0438251,0.130788,0.316978,-0.00335159,1.5
602.9,0.514521,-0.0438251,0.130788,0.316978,-0.00335159,1.5
602.95,0.514521,-0.0438251,0.130788,0.316978,-0.00335159,1.5
603,0.514521,-0.0438251,0.130788,0.316978,-0.00335159,1.5
603.05,0.514521,-0.0438251,0.130788,0.316978,-0.00335159,1.5
603.1,0.514521,-0.0438251,0.130788,0.316978,-0.00335159,1.5
603.15,0.514521,-0.0438251,0.130788,0.316978,-0.00335159,1.5
603.2,0.514521,-0.0438251,0.130788,0.316978,-0.00335159,1.5
603.25,0.514521,-0.0438251,0.130788,0.316978,-0.00335159,1.5
603.3,0.514521,-0.0438251,0.130788,0.316978,-0.00335159,1.5
603.35,0.514521,-0.0438251,0.130788,0.316978,-0.00335159,1.5
603.4,0.514521,-0.0438251,0.130788,0.316978,-0.00335159,1.5
603.45,0.514521,-0.0438251,0.130788,0.316978,-0.00335159,1.5
603.5,0.514521,-0.0438251,0.130788,0.316978,-0.00335159,1.5
603.55,0.514521,-0.0438251,0.130788,0.316978,-0.00335159,1.5
603.6,0.514521,-0.0438251,0.130788,0.316978,-0.00335159,1.5
603.65,0.514521,-0.0438251,0.130788,0.316978,-0.00335159,1.5
603.7,0.514521,-0.0438251,0.130788,0.316978,-0.00335159,1.5
603.75,0.514521,-0.0438251,0.130788,0.316978,-0.00335159,1.5
603.8,0.514521,-0.0438251,0.130788,0.316978,-0.00335159,1.5
603.85,0.514521,-0.0438251,0.130788,0.316978,-0.00335159,1.5
603.9,0.514521,-0.0438251,0.130788,0.316978,-0.00335159,1.5
603.95,0.514521,-0.0438251,0.130788,0.316978,-0.00335159,1.5
604,0.514521,-0.0438251,0.130788,0.316978,-0.00335159,1.5
604.05,0.514521,-0.0438251,0.130788,0.316978,-0.00335159,1.5
604.1,0.514521,-0.0438251,0.130788,0.316978,-0.00335159,1.5
604.15,0.514521,-0.0438251,0.130788,0.316978,-0.00335159,1.5
604.2,0.514521,-0.0438251,0.130788,0.316978,-0.00335159,1.5
604.25,0.514521,-0.0438251,0.130788,0.316978,-0.00335159,1.5
604.3,0.514521,-0.0438251,0.130788,0.316978,-0.00335159,1.5
604.35,0.514521,-0.0438251,0.130788,0.316978,-0.00335159,1.5
604.4,0.514521,-0.0438251,0.130788,0.316978,-0.00335159,1.5
604.45,0.514521,-0.0438251,0.130788,0.316978,-0.00335159,1.5
604.5,0.514521,-0.0438251,0.130788,0.316978,-0.00335159,1.5
604.55,0.514521,-0.0438251,0.130788,0.316978,-0.00335159,1.5
604.6,0.514521,-0.0438251,0.130788,0.316978,-0.00335159,1.5
604.65,0.514521,-0.0438251,0.130788,0.316978,-0.00335159,1.5
604.7,0.514521,-0.0438251,0.130788,0.316978,-0.00335159,1.5
604.75,0.514521,-0.0438251,0.130788,0.316978,-0.00335159,1.5
604.8,0.514521,-0.0438251,0.130788,0.316978,-0.00335159,1.5
604.85,0.514521,-0.0438251,0.130788,0.316978,-0.00335159,1.5
604.9,0.514521,-0.0438251,0.130788,0.316978,-0.00335159,1.5
604.95,0.514521,-0.0438251,0.130788,0.316978,-0.00335159,1.5
605,0.514521,-0.0438251,0.130788,0.316978,-0.00335159,1.5
605.05,0.514521,-0.0438251,0.130788,0.316978,-0.00335159,1.5
605.1,0.514521,-0.0438251,0.130788,0.316978,-0.00335159,1.5
605.15,0.514521,-0.0438251,0.130788,0.316978,-0.00335159,1.5
605.2,0.514521,-0.0438251,0.130788,0.316978,-0.00335159,1.5
605.25,0.514521,-0.0438251,0.130788,0.316978,-0.00335159,1.5
605.3,0.514521,-0.0438251,0.130788,0.316978,-0.00335159,1.5
605.35,0.514521,-0.0438251,0.130788,0.316978,-0.00335159,1.5
605.4,0.514521,-0.0438251,0.130788,0.316978,-0.00335159,1.5
605.45,0.514521,-0.0438251,0.130788,0.316978,-0.00335159,1.5
605.5,0.514521,-0.0438251,0.130788,0.316978,-0.00335159,1.5
605.55,0.514521,-0.0438251,0.130788,0.316978,-0.00335159,1.5
605.6,0.514521,-0.0438251,0.130788,0.316978,-0.00335159,1.5
605.65,0.514521,-0.0438251,0.130788,0.316978,-0.00335159,1.5
605.7,0.514521,-0.0438251,0.130788,0.316978,-0.00335159,1.5
605.75,0.514521,-0.0438251,0.130788,0.316978,-0.00335159,1.5
605.8,0.514521,-0.0438251,0.130788,0.316978,-0.00335159,1.5
605.85,0.514521,-0.0438251,0.130788,0.316978,-0.00335159,1.5
605.9,0.514521,-0.0438251,0.130788,0.316978,-0.00335159,1.5
605.95,0.514521,-0.0438251,0.130788,0.316978,-0.00335159,1.5
606,0.514521,-0.0438251,0.130788,0.316978,-0.00335159,1.5
606.05,0.514521,-0.0438251,0.130788,0.316978,-0.00335159,1.5
606.1,0.514521,-0.0438251,0.130788,0.316978,-0.00335159,1.5
606.15,0.514521,-0.0438251,0.130788,0.316978,-0.00335159,1.5
606.2,0.514521,-0.0438251,0.130788,0.316978,-0.00335159,1.5
606.25,0.514521,-0.0438251,0.130788,0.316978,-0.00335159,1.5
606.3,0.514521,-0.0438251,0.130788,0.316978,-0.00335159,1.5
606.35,0.514521,-0.0438251,0.130788,0.316978,-0.00335159,1.5
606.4,0.514521,-0.0438251,0.130788,0.316978,-0.00335159,1.5
606.45,0.514521,-0.0438251,0.130788,0.316978,-0.00335159,1.5
606.5,0.514521,-0.0438251,0.130788,0.316978,-0.00335159,1.5
606.55,0.514521,-0.0438251,0.130788,0.316978,-0.00335159,1.5
606.6,0.514521,-0.0438251,0.130788,0.316978,-0.00335159,1.5
606.65,0.514521,-0.0438251,0.130788,0.316978,-0.00335159,1.5
606.7,0.514521,-0.0438251,0.130788,0.316978,-0.00335159,1.5
606.75,0.514521,-0.0438251,0.130788,0.316978,-0.00335159,1.5
606.8,0.514521,-0.0438251,0.130788,0.316978,-0.00335159,1.5
606.85,0.514521,-0.0438251,0.130788,0.316978,-0.00335159,1.5
606.9,0.514521,-0.0438251,0.130788,0.316978,-0.00335159,1.5
606.95,0.514521,-0.0438251,0.130788,0.316978,-0.00335159,1.5
607,0.514521,-0.0438251,0.130788,0.316978,-0.00335159,1.5
607.05,0.514521,-0.0438251,0.130788,0.316978,-0.00335159,1.5
607.1,0.514521,-0.0438251,0.130788,0.316978,-0.00335159,1.5
607.15,0.514521,-0.0438251,0.130788,0.316978,-0.00335159,1.5
607.2,0.514521,-0.0438251,0.130788,0.316978,-0.00335159,1.5
607.25,0.514521,-0.0438251,0.130788,0.316978,-0.00335159,1.5
607.3,0.514521,-0.0438251,0.130788,0.316978,-0.00335159,1.5
607.35,0.514521,-0.0438251,0.130788,0.316978,-0.00335159,1.5
607.4,0.514521,-0.0438251,0.130788,0.316978,-0.00335159,1.5
607.45,0.514521,-0.0438251,0.130788,0.316978,-0.00335159,1.5
607.5,0.514521,-0.0438251,0.130788,0.316978,-0.00335159,1.5
607.55,0.514521,-0.0438251,0.130788,0.316978,-0.00335159,1.5
607.6,0.514521,-0.0438251,0.130788,0.316978,-0.00335159,1.5
607.65,0.514521,-0.0438251,0.130788,0.316978,-0.00335159,1.5
607.7,0.514521,-0.0438251,0.130788,0.316978,-0.00335159,1.5
607.75,0.514521,-0.0438251,0.130788,0.316978,-0.00335159,1.5
607.8,0.514521,-0.0438251,0.130788,0.316978,-0.00335159,1.5
607.85,0.514521,-0.0438251,0.130788,0.316978,-0.00335159,1.5
607.9,0.514521,-0.0438251,0.130788,0.316978,-0.00335159,1.5
607.95,0.514521,-0.0438251,0.130788,0.316978,-0.00335159,1.5
608,0.514521,-0.0438251,0.130788,0.316978,-0.00335159,1.5
608.05,0.514521,-0.0438251,0.130788,0.316978,-0.00335159,1.5
608.1,0.514521,-0.0438251,0.130788,0.316978,-0.00335159,1.5
608.15,0.514521,-0.0438251,0.130788,0.316978,-0.00335159,1.5
608.2,0.514521,-0.0438251,0.130788,0.316978,-0.00335159,1.5
608.25,0.514521,-0.0438251,0.130788,0.316978,-0.00335159,1.5
608.3,0.514521,-0.0438251,0.130788,0.316978,-0.00335159,1.5
608.35,0.514521,-0.0438251,0.130788,0.316978,-0.00335159,1.5
608.4,0.514521,-0.0438251,0.130788,0.316978,-0.00335159,1.5
608.45,0.514521,-0.0438251,0.130788,0.316978,-0.00335159,1.5
608.5,0.514521,-0.0438251,0.130788,0.316978,-0.00335159,1.5
608.55,0.514521,-0.0438251,0.130788,0.316978,-0.00335159,1.5
608.6,0.514521,-0.0438251,0.130788,0.316978,-0.00335159,1.5
608.65,0.514521,-0.0438251,0.130788,0.316978,-0.00335159,1.5
608.7,0.514521,-0.0438251,0.130788,0.316978,-0.00335159,1.5
608.75,0.514521,-0.0438251,0.130788,0.316978,-0.00335159,1.5
608.8,0.514521,-0.0438251,0.130788,0.316978,-0.00335159,1.5
608.85,0.514521,-0.0438251,0.130788,0.316978,-0.00335159,1.5
608.9,0.514521,-0.0438251,0.130788,0.316978,-0.00335159,1.5
608.95,0.514521,-0.0438251,0.130788,0.316978,-0.00335159,1.5
609,0.514521,-0.0438251,0.130788,0.316978,-0.00335159,1.5
609.05,0.514521,-0.0438251,0.130788,0.316978,-0.00335159,1.5
609.1,0.514521,-0.0438251,0.130788,0.316978,-0.00335159,1.5
609.15,0.514521,-0.0438251,0.130788,0.316978,-0.00335159,1.5
609.2,0.514521,-0.0438251,0.130788,0.316978,-0.00335159,1.5
609.25,0.514521,-0.0438251,0.130788,0.316978,-0.00335159,1.5
609.3,0.514521,-0.0438251,0.130788,0.316978,-0.00335159,1.5
609.35,0.514521,-0.0438251,0.130788,0.316978,-0.00335159,1.5
609.4,0.514521,-0.0438251,0.130788,0.316978,-0.00335159,1.5
609.45,0.514521,-0.0438251,0.130788,0.316978,-0.00335159,1.5
609.5,0.514521,-0.0438251,0.130788,0.316978,-0.00335159,1.5
609.55,0.514521,-0.0438251,0.130788,0.316978,-0.00335159,1.5
609.6,0.514521,-0.0438251,0.130788,0.316978,-0.00335159,1.5
609.65,0.514521,-0.0438251,0.130788,0.316978,-0.00335159,1.5
609.7,0.514521,-0.0438251,0.130788,0.316978,-0.00335159,1.5
609.75,0.514521,-0.0438251,0.130788,0.316978,-0.00335159,1.5
609.8,0.514521,-0.0438251,0.130788,0.316978,-0.00335159,1.5
609.85,0.514521,-0.0438251,0.130788,0.316978,-0.00335159,1.5
609.9,0.514521,-0.0438251,0.130788,0.316978,-0.00335159,1.5
609.95,0.514521,-0.0438251,0.130788,0.316978,-0.00335159,1.5
610,0.514521,-0.0438251,0.130788,0.316978,-0.00335159,1.5
610.05,0.514521,-0.0438251,0.130788,0.316978,-0.00335159,1.5
610.1,0.514521,-0.0438251,0.130788,0.316978,-0.00335159,1.5
610.15,0.514521,-0.0438251,0.130788,0.316978,-0.00335159,1.5
610.2,0.514521,-0.0438251,0.130788,0.316978,-0.00335159,1.5
610.25,0.514521,-0.0438251,0.130788,0.316978,-0.00335159,1.5
610.3,0.514521,-0.0438251,0.130788,0.316978,-0.00335159,1.5
610.35,0.514521,-0.0438251,0.130788,0.316978,-0.00335159,1.5
610.4,0.514521,-0.0438251,0.130788,0.316978,-0.00335159,1.5
610.45,0.514521,-0.0438251,0.130788,0.316978,-0.00335159,1.5
610.5,0.514521,-0.0438251,0.130788,0.316978,-0.00335159,1.5
610.55,0.514521,-0.0438251,0.130788,0.316978,-0.00335159,1.5
610.6,0.514521,-0.0438251,0.130788,0.316978,-0.00335159,1.5
610.65,0.514521,-0.0438251,0.130788,0.316978,-0.00335159,1.5
610.7,0.514521,-0.0438251,0.130788,0.316978,-0.00335159,1.5
610.75,0.514521,-0.0438251,0.130788,0.316978,-0.00335159,1.5
610.8,0.514521,-0.0438251,0.130788,0.316978,-0.00335159,1.5
610.85,0.514521,-0.0438251,0.130788,0.316978,-0.00335159,1.5
610.9,0.514521,-0.0438251,0.130788,0.316978,-0.00335159,1.5
610.95,0.514521,-0.0438251,0.130788,0.316978,-0.00335159,1.5
611,0.514521,-0.0438251,0.130788,0.316978,-0.00335159,1.5
611.05,0.514521,-0.0438251,0.130788,0.316978,-0.00335159,1.5
611.1,0.514521,-0.0438251,0.130788,0.316978,-0.00335159,1.5
611.15,0.514521,-0.0438251,0.130788,0.316978,-0.00335159,1.5
611.2,0.514521,-0.0438251,0.130788,0.316978,-0.00335159,1.5
611.25,0.514521,-0.0438251,0.130788,0.316978,-0.00335159,1.5
611.3,0.514521,-0.0438251,0.130788,0.316978,-0.00335159,1.5
611.35,0.514521,-0.0438251,0.130788,0.316978,-0.00335159,1.5
611.4,0.514521,-0.0438251,0.130788,0.316978,-0.00335159,1.5
611.45,0.514521,-0.0438251,0.130788,0.316978,-0.00335159,1.5
611.5,0.514521,-0.0438251,0.130788,0.316978,-0.00335159,1.5
611.55,0.514521,-0.0438251,0.130788,0.316978,-0.00335159,1.5
611.6,0.514521,-0.0438251,0.130788,0.316978,-0.00335159,1.5
611.65,0.514521,-0.0438251,0.130788,0.316978,-0.00335159,1.5
611.7,0.514521,-0.0438251,0.130788,0.316978,-0.00335159,1.5
611.75,0.514521,-0.0438251,0.130788,0.316978,-0.00335159,1.5
611.8,0.514521,-0.0438251,0.130788,0.316978,-0.00335159,1.5
611.85,0.514521,-0.0438251,0.130788,0.316978,-0.00335159,1.5
611.9,0.514521,-0.0438251,0.130788,0.316978,-0.00335159,1.5
611.95,0.514521,-0.0438251,0.130788,0.316978,-0.00335159,1.5
612,0.514521,-0.0438251,0.130788,0.316978,-0.00335159,1.5
612.05,0.514521,-0.0438251,0.130788,0.316978,-0.00335159,1.5
612.1,0.514521,-0.0438251,0.130788,0.316978,-0.00335159,1.5
612.15,0.514521,-0.0438251,0.130788,0.316978,-0.00335159,1.5
612.2,0.514521,-0.0438251,0.130788,0.316978,-0.00335159,1.5
612.25,0.514521,-0.0438251,0.130788,0.316978,-0.00335159,1.5
612.3,0.514521,-0.0438251,0.130788,0.316978,-0.00335159,1.5
612.35,0.514521,-0.0438251,0.130788,0.316978,-0.00335159,1.5
612.4,0.514521,-0.0438251,0.130788,0.316978,-0.00335159,1.5
612.45,0.514521,-0.0438251,0.130788,0.316978,-0.00335159,1.5
612.5,0.514521,-0.0438251,0.130788,0.316978,-0.00335159,1.5
612.55,0.514521,-0.0438251,0.130788,0.316978,-0.00335159,1.5
612.6,0.514521,-0.0438251,0.130788,0.316978,-0.00335159,1.5
612.65,0.514521,-0.0438251,0.130788,0.316978,-0.00335159,1.5
612.7,0.514521,-0.0438251,0.130788,0.316978,-0.00335159,1.5
612.75,0.514521,-0.0438251,0.130788,0.316978,-0.00335159,1.5
612.8,0.514521,-0.0438251,0.130788,0.316978,-0.00335159,1.5
612.85,0.514521,-0.0438251,0.130788,0.316978,-0.00335159,1.5
612.9,0.514521,-0.0438251,0.130788,0.316978,-0.00335159,1.5
612.95,0.514521,-0.0438251,0.130788,0.316978,-0.00335159,1.5
613,0.514521,-0.0438251,0.130788,0.316978,-0.00335159,1.5
613.05,0.514521,-0.0438251,0.130788,0.316978,-0.00335159,1.5
613.1,0.514521,-0.0438251,0.130788,0.316978,-0.00335159,1.5
613.15,0.514521,-0.0438251,0.130788,0.316978,-0.00335159,1.5
613.2,0.514521,-0.0438251,0.130788,0.316978,-0.00335159,1.5
613.25,0.514521,-0.0438251,0.130788,0.316978,-0.00335159,1.5
613.3,0.514521,-0.0438251,0.130788,0.316978,-0.00335159,1.5
613.35,0.514521,-0.0438251,0.130788,0.316978,-0.00335159,1.5
613.4,0.514521,-0.0438251,0.130788,0.316978,-0.00335159,1.5
613.45,0.514521,-0.0438251,0.130788,0.316978,-0.00335159,1.5
613.5,0.514521,-0.0438251,0.130788,0.316978,-0.00335159,1.5
613.55,0.514521,-0.0438251,0.130788,0.316978,-0.00335159,1.5
613.6,0.514521,-0.0438251,0.130788,0.316978,-0.00335159,1.5
613.65,0.514521,-0.0438251,0.130788,0.316978,-0.00335159,1.5
613.7,0.514521,-0.0438251,0.130788,0.316978,-0.00335159,1.5
613.75,0.514521,-0.0438251,0.130788,0.316978,-0.00335159,1.5
613.8,0.514521,-0.0438251,0.130788,0.316978,-0.00335159,1.5
613.85,0.514521,-0.0438251,0.130788,0.316978,-0.00335159,1.5
613.9,0.514521,-0.0438251,0.130788,0.316978,-0.00335159,1.5
613.95,0.514521,-0.0438251,0.130788,0.316978,-0.00335159,1.5
614,0.514521,-0.0438251,0.130788,0.316978,-0.00335159,1.5
614.05,0.514521,-0.0438251,0.130788,0.316978,-0.00335159,1.5
614.1,0.514521,-0.0438251,0.130788,0.316978,-0.00335159,1.5
614.15,0.514521,-0.0438251,0.130788,0.316978,-0.00335159,1.5
614.2,0.514521,-0.0438251,0.130788,0.316978,-0.00335159,1.5
614.25,0.514521,-0.0438251,0.130788,0.316978,-0.00335159,1.5
614.3,0.514521,-0.0438251,0.130788,0.316978,-0.00335159,1.5
614.35,0.514521,-0.0438251,0.130788,0.316978,-0.00335159,1.5
614.4,0.514521,-0.0438251,0.130788,0.316978,-0.00335159,1.5
614.45,0.514521,-0.0438251,0.130788,0.316978,-0.00335159,1.5
614.5,0.514521,-0.0438251,0.130788,0.316978,-0.00335159,1.5
614.55,0.514521,-0.0438251,0.130788,0.316978,-0.00335159,1.5
614.6,0.514521,-0.0438251,0.130788,0.316978,-0.00335159,1.5
614.65,0.514521,-0.0438251,0.130788,0.316978,-0.00335159,1.5
614.7,0.514521,-0.0438251,0.130788,0.316978,-0.00335159,1.5
614.75,0.514521,-0.0438251,0.130788,0.316978,-0.00335159,1.5
614.8,0.514521,-0.0438251,0.130788,0.316978,-0.00335159,1.5
614.85,0.514521,-0.0438251,0.130788,0.316978,-0.00335159,1.5
614.9,0.514521,-0.0438251,0.130788,0.316978,-0.00335159,1.5
614.95,0.514521,-0.0438251,0.130788,0.316978,-0.00335159,1.5
615,0.514521,-0.0438251,0.130788,0.316978,-0.00335159,1.5
615.05,0.514521,-0.0438251,0.130788,0.316978,-0.00335159,1.5
615.1,0.514521,-0.0438251,0.130788,0.316978,-0.00335159,1.5
615.15,0.514521,-0.0438251,0.130788,0.316978,-0.00335159,1.5
615.2,0.514521,-0.0438251,0.130788,0.316978,-0.00335159,1.5
615.25,0.514521,-0.0438251,0.130788,0.316978,-0.00335159,1.5
615.3,0.514521,-0.0438251,0.130788,0.316978,-0.00335159,1.5
615.35,0.514521,-0.0438251,0.130788,0.316978,-0.00335159,1.5
615.4,0.514521,-0.0438251,0.130788,0.316978,-0.00335159,1.5
615.45,0.514521,-0.0438251,0.130788,0.316978,-0.00335159,1.5
615.5,0.514521,-0.0438251,0.130788,0.316978,-0.00335159,1.5
615.55,0.514521,-0.0438251,0.130788,0.316978,-0.00335159,1.5
615.6,0.514521,-0.0438251,0.130788,0.316978,-0.00335159,1.5
615.65,0.514521,-0.0438251,0.130788,0.316978,-0.00335159,1.5
615.7,0.514521,-0.0438251,0.130788,0.316978,-0.00335159,1.5
615.75,0.514521,-0.0438251,0.130788,0.316978,-0.00335159,1.5
615.8,0.514521,-0.0438251,0.130788,0.316978,-0.00335159,1.5
615.85,0.514521,-0.0438251,0.130788,0.316978,-0.00335159,1.5
615.9,0.514521,-0.0438251,0.130788,0.316978,-0.00335159,1.5
615.95,0.514521,-0.0438251,0.130788,0.316978,-0.00335159,1.5
616,0.514521,-0.0438251,0.130788,0.316978,-0.00335159,1.5
616.05,0.514521,-0.0438251,0.130788,0.316978,-0.00335159,1.5
616.1,0.514521,-0.0438251,0.130788,0.316978,-0.00335159,1.5
616.15,0.514521,-0.0438251,0.130788,0.316978,-0.00335159,1.5
616.2,0.514521,-0.0438251,0.130788,0.316978,-0.00335159,1.5
616.25,0.514521,-0.0438251,0.130788,0.316978,-0.00335159,1.5
616.3,0.514521,-0.0438251,0.130788,0.316978,-0.00335159,1.5
616.35,0.514521,-0.0438251,0.130788,0.316978,-0.00335159,1.5
616.4,0.514521,-0.0438251,0.130788,0.316978,-0.00335159,1.5
616.45,0.514521,-0.0438251,0.130788,0.316978,-0.00335159,1.5
616.5,0.514521,-0.0438251,0.130788,0.316978,-0.00335159,1.5
616.55,0.514521,-0.0438251,0.130788,0.316978,-0.00335159,1.5
616.6,0.514521,-0.0438251,0.130788,0.316978,-0.00335159,1.5
616.65,0.514521,-0.0438251,0.130788,0.316978,-0.00335159,1.5
616.7,0.514521,-0.0438251,0.130788,0.316978,-0.00335159,1.5
616.75,0.514521,-0.0438251,0.130788,0.316978,-0.00335159,1.5
616.8,0.514521,-0.0438251,0.130788,0.316978,-0.00335159,1.5
616.85,0.514521,-0.0438251,0.130788,0.316978,-0.00335159,1.5
616.9,0.514521,-0.0438251,0.130788,0.316978,-0.00335159,1.5
616.95,0.514521,-0.0438251,0.130788,0.316978,-0.00335159,1.5
617,0.514521,-0.0438251,0.130788,0.316978,-0.00335159,1.5
617.05,0.514521,-0.0438251,0.130788,0.316978,-0.00335159,1.5
617.1,0.514521,-0.0438251,0.130788,0.316978,-0.00335159,1.5
617.15,0.514521,-0.0438251,0.130788,0.316978,-0.00335159,1.5
617.2,0.514521,-0.0438251,0.130788,0.316978,-0.00335159,1.5
617.25,0.514521,-0.0438251,0.130788,0.316978,-0.00335159,1.5
617.3,0.514521,-0.0438251,0.130788,0.316978,-0.00335159,1.5
617.35,0.514521,-0.0438251,0.130788,0.316978,-0.00335159,1.5
617.4,0.514521,-0.0438251,0.130788,0.316978,-0.00335159,1.5
617.45,0.514521,-0.0438251,0.130788,0.316978,-0.00335159,1.5
617.5,0.514521,-0.0438251,0.130788,0.316978,-0.00335159,1.5
617.55,0.514521,-0.0438251,0.130788,0.316978,-0.00335159,1.5
617.6,0.514521,-0.0438251,0.130788,0.316978,-0.00335159,1.5
617.65,0.514521,-0.0438251,0.130788,0.316978,-0.00335159,1.5
617.7,0.514521,-0.0438251,0.130788,0.316978,-0.00335159,1.5
617.75,0.514521,-0.0438251,0.130788,0.316978,-0.00335159,1.5
617.8,0.514521,-0.0438251,0.130788,0.316978,-0.00335159,1.5
617.85,0.514521,-0.0438251,0.130788,0.316978,-0.00335159,1.5
617.9,0.514521,-0.0438251,0.130788,0.316978,-0.00335159,1.5
617.95,0.514521,-0.0438251,0.130788,0.316978,-0.00335159,1.5
618,0.514521,-0.0438251,0.130788,0.316978,-0.00335159,1.5
618.05,0.514521,-0.0438251,0.130788,0.316978,-0.00335159,1.5
618.1,0.514521,-0.0438251,0.130788,0.316978,-0.00335159,1.5
618.15,0.514521,-0.0438251,0.130788,0.316978,-0.00335159,1.5
618.2,0.514521,-0.0438251,0.130788,0.316978,-0.00335159,1.5
618.25,0.514521,-0.0438251,0.130788,0.316978,-0.00335159,1.5
618.3,0.514521,-0.0438251,0.130788,0.316978,-0.00335159,1.5
618.35,0.514521,-0.0438251,0.130788,0.316978,-0.00335159,1.5
618.4,0.514521,-0.0438251,0.130788,0.316978,-0.00335159,1.5
618.45,0.514521,-0.0438251,0.130788,0.316978,-0.00335159,1.5
618.5,0.514521,-0.0438251,0.130788,0.316978,-0.00335159,1.5
618.55,0.514521,-0.0438251,0.130788,0.316978,-0.00335159,1.5
618.6,0.514521,-0.0438251,0.130788,0.316978,-0.00335159,1.5
618.65,0.514521,-0.0438251,0.130788,0.316978,-0.00335159,1.5
618.7,0.514521,-0.0438251,0.130788,0.316978,-0.00335159,1.5
618.75,0.514521,-0.0438251,0.130788,0.316978,-0.00335159,1.5
618.8,0.514521,-0.0438251,0.130788,0.316978,-0.00335159,1.5
618.85,0.514521,-0.0438251,0.130788,0.316978,-0.00335159,1.5
618.9,0.514521,-0.0438251,0.130788,0.316978,-0.00335159,1.5
618.95,0.514521,-0.0438251,0.130788,0.316978,-0.00335159,1.5
619,0.514521,-0.0438251,0.130788,0.316978,-0.00335159,1.5
619.05,0.514521,-0.0438251,0.130788,0.316978,-0.00335159,1.5
619.1,0.514521,-0.0438251,0.130788,0.316978,-0.00335159,1.5
619.15,0.514521,-0.0438251,0.130788,0.316978,-0.00335159,1.5
619.2,0.514521,-0.0438251,0.130788,0.316978,-0.00335159,1.5
619.25,0.514521,-0.0438251,0.130788,0.316978,-0.00335159,1.5
619.3,0.514521,-0.0438251,0.130788,0.316978,-0.00335159,1.5
619.35,0.514521,-0.0438251,0.130788,0.316978,-0.00335159,1.5
619.4,0.514521,-0.0438251,0.130788,0.316978,-0.00335159,1.5
619.45,0.514521,-0.0438251,0.130788,0.316978,-0.00335159,1.5
619.5,0.514521,-0.0438251,0.130788,0.316978,-0.00335159,1.5
619.55,0.514521,-0.0438251,0.130788,0.316978,-0.00335159,1.5
619.6,0.514521,-0.0438251,0.130788,0.316978,-0.00335159,1.5
619.65,0.514521,-0.0438251,0.130788,0.316978,-0.00335159,1.5
619.7,0.514521,-0.0438251,0.130788,0.316978,-0.00335159,1.5
619.75,0.514521,-0.0438251,0.130788,0.316978,-0.00335159,1.5
619.8,0.514521,-0.0438251,0.130788,0.316978,-0.00335159,1.5
619.85,0.514521,-0.0438251,0.130788,0.316978,-0.00335159,1.5
619.9,0.514521,-0.0438251,0.130788,0.316978,-0.00335159,1.5
619.95,0.514521,-0.0438251,0.130788,0.316978,-0.00335159,1.5
620,0.514521,-0.0438251,0.130788,0.316978,-0.00335159,1.5
620.05,0.514521,-0.0438251,0.130788,0.316978,-0.00335159,1.5
620.1,0.514521,-0.0438251,0.130788,0.316978,-0.00335159,1.5
620.15,0.514521,-0.0438251,0.130788,0.316978,-0.00335159,1.5
620.2,0.514521,-0.0438251,0.130788,0.316978,-0.00335159,1.5
620.25,0.514521,-0.0438251,0.130788,0.316978,-0.00335159,1.5
620.3,0.514521,-0.0438251,0.130788,0.316978,-0.00335159,1.5
620.35,0.514521,-0.0438251,0.130788,0.316978,-0.00335159,1.5
620.4,0.514521,-0.0438251,0.130788,0.316978,-0.00335159,1.5
620.45,0.514521,-0.0438251,0.130788,0.316978,-0.00335159,1.5
620.5,0.514521,-0.0438251,0.130788,0.316978,-0.00335159,1.5
620.55,0.514521,-0.0438251,0.130788,0.316978,-0.00335159,1.5
620.6,0.514521,-0.0438251,0.130788,0.316978,-0.00335159,1.5
620.65,0.514521,-0.0438251,0.130788,0.316978,-0.00335159,1.5
620.7,0.514521,-0.0438251,0.130788,0.316978,-0.00335159,1.5
620.75,0.514521,-0.0438251,0.130788,0.316978,-0.00335159,1.5
620.8,0.514521,-0.0438251,0.130788,0.316978,-0.00335159,1.5
620.85,0.514521,-0.0438251,0.130788,0.316978,-0.00335159,1.5
620.9,0.514521,-0.0438251,0.130788,0.316978,-0.00335159,1.5
620.95,0.514521,-0.0438251,0.130788,0.316978,-0.00335159,1.5
621,0.514521,-0.0438251,0.130788,0.316978,-0.00335159,1.5
621.05,0.514521,-0.0438251,0.130788,0.316978,-0.00335159,1.5
621.1,0.514521,-0.0438251,0.130788,0.316978,-0.00335159,1.5
621.15,0.514521,-0.0438251,0.130788,0.316978,-0.00335159,1.5
621.2,0.514521,-0.0438251,0.130788,0.316978,-0.00335159,1.5
621.25,0.514521,-0.0438251,0.130788,0.316978,-0.00335159,1.5
621.3,0.514521,-0.0438251,0.130788,0.316978,-0.00335159,1.5
621.35,0.514521,-0.0438251,0.130788,0.316978,-0.00335159,1.5
621.4,0.514521,-0.0438251,0.130788,0.316978,-0.00335159,1.5
621.45,0.514521,-0.0438251,0.130788,0.316978,-0.00335159,1.5
621.5,0.514521,-0.0438251,0.130788,0.316978,-0.00335159,1.5
621.55,0.514521,-0.0438251,0.130788,0.316978,-0.00335159,1.5
621.6,0.514521,-0.0438251,0.130788,0.316978,-0.00335159,1.5
621.65,0.514521,-0.0438251,0.130788,0.316978,-0.00335159,1.5
621.7,0.514521,-0.0438251,0.130788,0.316978,-0.00335159,1.5
621.75,0.514521,-0.0438251,0.130788,0.316978,-0.00335159,1.5
621.8,0.514521,-0.0438251,0.130788,0.316978,-0.00335159,1.5
621.85,0.514521,-0.0438251,0.130788,0.316978,-0.00335159,1.5
621.9,0.514521,-0.0438251,0.130788,0.316978,-0.00335159,1.5
621.95,0.514521,-0.0438251,0.130788,0.316978,-0.00335159,1.5
622,0.514521,-0.0438251,0.130788,0.316978,-0.00335159,1.5
622.05,0.514521,-0.0438251,0.130788,0.316978,-0.00335159,1.5
622.1,0.514521,-0.0438251,0.130788,0.316978,-0.00335159,1.5
622.15,0.514521,-0.0438251,0.130788,0.316978,-0.00335159,1.5
622.2,0.514521,-0.0438251,0.130788,0.316978,-0.00335159,1.5
622.25,0.514521,-0.0438251,0.130788,0.316978,-0.00335159,1.5
622.3,0.514521,-0.0438251,0.130788,0.316978,-0.00335159,1.5
622.35,0.514521,-0.0438251,0.130788,0.316978,-0.00335159,1.5
622.4,0.514521,-0.0438251,0.130788,0.316978,-0.00335159,1.5
622.45,0.514521,-0.0438251,0.130788,0.316978,-0.00335159,1.5
622.5,0.514521,-0.0438251,0.130788,0.316978,-0.00335159,1.5
622.55,0.514521,-0.0438251,0.130788,0.316978,-0.00335159,1.5
622.6,0.514521,-0.0438251,0.130788,0.316978,-0.00335159,1.5
622.65,0.514521,-0.0438251,0.130788,0.316978,-0.00335159,1.5
622.7,0.514521,-0.0438251,0.130788,0.316978,-0.00335159,1.5
622.75,0.514521,-0.0438251,0.130788,0.316978,-0.00335159,1.5
622.8,0.514521,-0.0438251,0.130788,0.316978,-0.00335159,1.5
622.85,0.514521,-0.0438251,0.130788,0.316978,-0.00335159,1.5
622.9,0.514521,-0.0438251,0.130788,0.316978,-0.00335159,1.5
622.95,0.514521,-0.0438251,0.130788,0.316978,-0.00335159,1.5
623,0.514521,-0.0438251,0.130788,0.316978,-0.00335159,1.5
623.05,0.514521,-0.0438251,0.130788,0.316978,-0.00335159,1.5
623.1,0.514521,-0.0438251,0.130788,0.316978,-0.00335159,1.5
623.15,0.514521,-0.0438251,0.130788,0.316978,-0.00335159,1.5
623.2,0.514521,-0.0438251,0.130788,0.316978,-0.00335159,1.5
623.25,0.514521,-0.0438251,0.130788,0.316978,-0.00335159,1.5
623.3,0.514521,-0.0438251,0.130788,0.316978,-0.00335159,1.5
623.35,0.514521,-0.0438251,0.130788,0.316978,-0.00335159,1.5
623.4,0.514521,-0.0438251,0.130788,0.316978,-0.00335159,1.5
623.45,0.514521,-0.0438251,0.130788,0.316978,-0.00335159,1.5
623.5,0.514521,-0.0438251,0.130788,0.316978,-0.00335159,1.5
623.55,0.514521,-0.0438251,0.130788,0.316978,-0.00335159,1.5
623.6,0.514521,-0.0438251,0.130788,0.316978,-0.00335159,1.5
623.65,0.514521,-0.0438251,0.130788,0.316978,-0.00335159,1.5
623.7,0.514521,-0.0438251,0.130788,0.316978,-0.00335159,1.5
623.75,0.514521,-0.0438251,0.130788,0.316978,-0.00335159,1.5
623.8,0.514521,-0.0438251,0.130788,0.316978,-0.00335159,1.5
623.85,0.514521,-0.0438251,0.130788,0.316978,-0.00335159,1.5
623.9,0.514521,-0.0438251,0.130788,0.316978,-0.00335159,1.5
623.95,0.514521,-0.0438251,0.130788,0.316978,-0.00335159,1.5
624,0.514521,-0.0438251,0.130788,0.316978,-0.00335159,1.5
624.05,0.514521,-0.0438251,0.130788,0.316978,-0.00335159,1.5
624.1,0.514521,-0.0438251,0.130788,0.316978,-0.00335159,1.5
624.15,0.514521,-0.0438251,0.130788,0.316978,-0.00335159,1.5
624.2,0.514521,-0.0438251,0.130788,0.316978,-0.00335159,1.5
624.25,0.514521,-0.0438251,0.130788,0.316978,-0.00335159,1.5
624.3,0.514521,-0.0438251,0.130788,0.316978,-0.00335159,1.5
624.35,0.514521,-0.0438251,0.130788,0.316978,-0.00335159,1.5
624.4,0.514521,-0.0438251,0.130788,0.316978,-0.00335159,1.5
624.45,0.514521,-0.0438251,0.130788,0.316978,-0.00335159,1.5
624.5,0.514521,-0.0438251,0.130788,0.316978,-0.00335159,1.5
624.55,0.514521,-0.0438251,0.130788,0.316978,-0.00335159,1.5
624.6,0.514521,-0.0438251,0.130788,0.316978,-0.00335159,1.5
624.65,0.514521,-0.0438251,0.130788,0.316978,-0.00335159,1.5
624.7,0.514521,-0.0438251,0.130788,0.316978,-0.00335159,1.5
624.75,0.514521,-0.0438251,0.130788,0.316978,-0.00335159,1.5
624.8,0.514521,-0.0438251,0.130788,0.316978,-0.00335159,1.5
624.85,0.514521,-0.0438251,0.130788,0.316978,-0.00335159,1.5
624.9,0.514521,-0.0438251,0.130788,0.316978,-0.00335159,1.5
624.95,0.514521,-0.0438251,0.130788,0.316978,-0.00335159,1.5
625,0.514521,-0.0438251,0.130788,0.316978,-0.00335159,1.5
625.05,0.514521,-0.0438251,0.130788,0.316978,-0.00335159,1.5
625.1,0.514521,-0.0438251,0.130788,0.316978,-0.00335159,1.5
625.15,0.514521,-0.0438251,0.130788,0.316978,-0.00335159,1.5
625.2,0.514521,-0.0438251,0.130788,0.316978,-0.00335159,1.5
625.25,0.514521,-0.0438251,0.130788,0.316978,-0.00335159,1.5
625.3,0.514521,-0.0438251,0.130788,0.316978,-0.00335159,1.5
625.35,0.514521,-0.0438251,0.130788,0.316978,-0.00335159,1.5
625.4,0.514521,-0.0438251,0.130788,0.316978,-0.00335159,1.5
625.45,0.514521,-0.0438251,0.130788,0.316978,-0.00335159,1.5
625.5,0.514521,-0.0438251,0.130788,0.316978,-0.00335159,1.5
625.55,0.514521,-0.0438251,0.130788,0.316978,-0.00335159,1.5
625.6,0.514521,-0.0438251,0.130788,0.316978,-0.00335159,1.5
625.65,0.514521,-0.0438251,0.130788,0.316978,-0.00335159,1.5
625.7,0.514521,-0.0438251,0.130788,0.316978,-0.00335159,1.5
625.75,0.514521,-0.0438251,0.130788,0.316978,-0.00335159,1.5
625.8,0.514521,-0.0438251,0.130788,0.316978,-0.00335159,1.5
625.85,0.514521,-0.0438251,0.130788,0.316978,-0.00335159,1.5
625.9,0.514521,-0.0438251,0.130788,0.316978,-0.00335159,1.5
625.95,0.514521,-0.0438251,0.130788,0.316978,-0.00335159,1.5
626,0.514521,-0.0438251,0.130788,0.316978,-0.00335159,1.5
626.05,0.514521,-0.0438251,0.130788,0.316978,-0.00335159,1.5
626.1,0.514521,-0.0438251,0.130788,0.316978,-0.00335159,1.5
626.15,0.514521,-0.0438251,0.130788,0.316978,-0.00335159,1.5
626.2,0.514521,-0.0438251,0.130788,0.316978,-0.00335159,1.5
626.25,0.514521,-0.0438251,0.130788,0.316978,-0.00335159,1.5
626.3,0.514521,-0.0438251,0.130788,0.316978,-0.00335159,1.5
626.35,0.514521,-0.0438251,0.130788,0.316978,-0.00335159,1.5
626.4,0.514521,-0.0438251,0.130788,0.316978,-0.00335159,1.5
626.45,0.514521,-0.0438251,0.130788,0.316978,-0.00335159,1.5
626.5,0.514521,-0.0438251,0.130788,0.316978,-0.00335159,1.5
626.55,0.514521,-0.0438251,0.130788,0.316978,-0.00335159,1.5
626.6,0.514521,-0.0438251,0.130788,0.316978,-0.00335159,1.5
626.65,0.514521,-0.0438251,0.130788,0.316978,-0.00335159,1.5
626.7,0.514521,-0.0438251,0.130788,0.316978,-0.00335159,1.5
626.75,0.514521,-0.0438251,0.130788,0.316978,-0.00335159,1.5
626.8,0.514521,-0.0438251,0.130788,0.316978,-0.00335159,1.5
626.85,0.514521,-0.0438251,0.130788,0.316978,-0.00335159,1.5
626.9,0.514521,-0.0438251,0.130788,0.316978,-0.00335159,1.5
626.95,0.514521,-0.0438251,0.130788,0.316978,-0.00335159,1.5
627,0.514521,-0.0438251,0.130788,0.316978,-0.00335159,1.5
627.05,0.514521,-0.0438251,0.130788,0.316978,-0.00335159,1.5
627.1,0.514521,-0.0438251,0.130788,0.316978,-0.00335159,1.5
627.15,0.514521,-0.0438251,0.130788,0.316978,-0.00335159,1.5
627.2,0.514521,-0.0438251,0.130788,0.316978,-0.00335159,1.5
627.25,0.514521,-0.0438251,0.130788,0.316978,-0.00335159,1.5
627.3,0.514521,-0.0438251,0.130788,0.316978,-0.00335159,1.5
627.35,0.514521,-0.0438251,0.130788,0.316978,-0.00335159,1.5
627.4,0.514521,-0.0438251,0.130788,0.316978,-0.00335159,1.5
627.45,0.514521,-0.0438251,0.130788,0.316978,-0.00335159,1.5
627.5,0.514521,-0.0438251,0.130788,0.316978,-0.00335159,1.5
627.55,0.514521,-0.0438251,0.130788,0.316978,-0.00335159,1.5
627.6,0.514521,-0.0438251,0.130788,0.316978,-0.00335159,1.5
627.65,0.514521,-0.0438251,0.130788,0.316978,-0.00335159,1.5
627.7,0.514521,-0.0438251,0.130788,0.316978,-0.00335159,1.5
627.75,0.514521,-0.0438251,0.130788,0.316978,-0.00335159,1.5
627.8,0.514521,-0.0438251,0.130788,0.316978,-0.00335159,1.5
627.85,0.514521,-0.0438251,0.130788,0.316978,-0.00335159,1.5
627.9,0.514521,-0.0438251,0.130788,0.316978,-0.00335159,1.5
627.95,0.514521,-0.0438251,0.130788,0.316978,-0.00335159,1.5
628,0.514521,-0.0438251,0.130788,0.316978,-0.00335159,1.5
628.05,0.514521,-0.0438251,0.130788,0.316978,-0.00335159,1.5
628.1,0.514521,-0.0438251,0.130788,0.316978,-0.00335159,1.5
628.15,0.514521,-0.0438251,0.130788,0.316978,-0.00335159,1.5
628.2,0.514521,-0.0438251,0.130788,0.316978,-0.00335159,1.5
628.25,0.514521,-0.0438251,0.130788,0.316978,-0.00335159,1.5
628.3,0.514521,-0.0438251,0.130788,0.316978,-0.00335159,1.5
628.35,0.514521,-0.0438251,0.130788,0.316978,-0.00335159,1.5
628.4,0.514521,-0.0438251,0.130788,0.316978,-0.00335159,1.5
628.45,0.514521,-0.0438251,0.130788,0.316978,-0.00335159,1.5
628.5,0.514521,-0.0438251,0.130788,0.316978,-0.00335159,1.5
628.55,0.514521,-0.0438251,0.130788,0.316978,-0.00335159,1.5
628.6,0.514521,-0.0438251,0.130788,0.316978,-0.00335159,1.5
628.65,0.514521,-0.0438251,0.130788,0.316978,-0.00335159,1.5
628.7,0.514521,-0.0438251,0.130788,0.316978,-0.00335159,1.5
628.75,0.514521,-0.0438251,0.130788,0.316978,-0.00335159,1.5
628.8,0.514521,-0.0438251,0.130788,0.316978,-0.00335159,1.5
628.85,0.514521,-0.0438251,0.130788,0.316978,-0.00335159,1.5
628.9,0.514521,-0.0438251,0.130788,0.316978,-0.00335159,1.5
628.95,0.514521,-0.0438251,0.130788,0.316978,-0.00335159,1.5
629,0.514521,-0.0438251,0.130788,0.316978,-0.00335159,1.5
629.05,0.514521,-0.0438251,0.130788,0.316978,-0.00335159,1.5
629.1,0.514521,-0.0438251,0.130788,0.316978,-0.00335159,1.5
629.15,0.514521,-0.0438251,0.130788,0.316978,-0.00335159,1.5
629.2,0.514521,-0.0438251,0.130788,0.316978,-0.00335159,1.5
629.25,0.514521,-0.0438251,0.130788,0.316978,-0.00335159,1.5
629.3,0.514521,-0.0438251,0.130788,0.316978,-0.00335159,1.5
629.35,0.514521,-0.0438251,0.130788,0.316978,-0.00335159,1.5
629.4,0.514521,-0.0438251,0.130788,0.316978,-0.00335159,1.5
629.45,0.514521,-0.0438251,0.130788,0.316978,-0.00335159,1.5
629.5,0.514521,-0.0438251,0.130788,0.316978,-0.00335159,1.5
629.55,0.514521,-0.0438251,0.130788,0.316978,-0.00335159,1.5
629.6,0.514521,-0.0438251,0.130788,0.316978,-0.00335159,1.5
629.65,0.514521,-0.0438251,0.130788,0.316978,-0.00335159,1.5
629.7,0.514521,-0.0438251,0.130788,0.316978,-0.00335159,1.5
629.75,0.514521,-0.0438251,0.130788,0.316978,-0.00335159,1.5
629.8,0.514521,-0.0438251,0.130788,0.316978,-0.00335159,1.5
629.85,0.514521,-0.0438251,0.130788,0.316978,-0.00335159,1.5
629.9,0.514521,-0.0438251,0.130788,0.316978,-0.00335159,1.5
629.95,0.514521,-0.0438251,0.130788,0.316978,-0.00335159,1.5
630,0.514521,-0.0438251,0.130788,0.316978,-0.00335159,1.5
630.05,0.514521,-0.0438251,0.130788,0.316978,-0.00335159,1.5
630.1,0.514521,-0.0438251,0.130788,0.316978,-0.00335159,1.5
630.15,0.514521,-0.0438251,0.130788,0.316978,-0.00335159,1.5
630.2,0.514521,-0.0438251,0.130788,0.316978,-0.00335159,1.5
630.25,0.514521,-0.0438251,0.130788,0.316978,-0.00335159,1.5
630.3,0.514521,-0.0438251,0.130788,0.316978,-0.00335159,1.5
630.35,0.514521,-0.0438251,0.130788,0.316978,-0.00335159,1.5
630.4,0.514521,-0.0438251,0.130788,0.316978,-0.00335159,1.5
630.45,0.514521,-0.0438251,0.130788,0.316978,-0.00335159,1.5
630.5,0.514521,-0.0438251,0.130788,0.316978,-0.00335159,1.5
630.55,0.514521,-0.0438251,0.130788,0.316978,-0.00335159,1.5
630.6,0.514521,-0.0438251,0.130788,0.316978,-0.00335159,1.5
630.65,0.514521,-0.0438251,0.130788,0.316978,-0.00335159,1.5
630.7,0.514521,-0.0438251,0.130788,0.316978,-0.00335159,1.5
630.75,0.514521,-0.0438251,0.130788,0.316978,-0.00335159,1.5
630.8,0.514521,-0.0438251,0.130788,0.316978,-0.00335159,1.5
630.85,0.514521,-0.0438251,0.130788,0.316978,-0.00335159,1.5
630.9,0.514521,-0.0438251,0.130788,0.316978,-0.00335159,1.5
630.95,0.514521,-0.0438251,0.130788,0.316978,-0.00335159,1.5
631,0.514521,-0.0438251,0.130788,0.316978,-0.00335159,1.5
631.05,0.514521,-0.0438251,0.130788,0.316978,-0.00335159,1.5
631.1,0.514521,-0.0438251,0.130788,0.316978,-0.00335159,1.5
631.15,0.514521,-0.0438251,0.130788,0.316978,-0.00335159,1.5
631.2,0.514521,-0.0438251,0.130788,0.316978,-0.00335159,1.5
631.25,0.514521,-0.0438251,0.130788,0.316978,-0.00335159,1.5
631.3,0.514521,-0.0438251,0.130788,0.316978,-0.00335159,1.5
631.35,0.514521,-0.0438251,0.130788,0.316978,-0.00335159,1.5
631.4,0.514521,-0.0438251,0.130788,0.316978,-0.00335159,1.5
631.45,0.514521,-0.0438251,0.130788,0.316978,-0.00335159,1.5
631.5,0.514521,-0.0438251,0.130788,0.316978,-0.00335159,1.5
631.55,0.514521,-0.0438251,0.130788,0.316978,-0.00335159,1.5
631.6,0.514521,-0.0438251,0.130788,0.316978,-0.00335159,1.5
631.65,0.514521,-0.0438251,0.130788,0.316978,-0.00335159,1.5
631.7,0.514521,-0.0438251,0.130788,0.316978,-0.00335159,1.5
631.75,0.514521,-0.0438251,0.130788,0.316978,-0.00335159,1.5
631.8,0.514521,-0.0438251,0.130788,0.316978,-0.00335159,1.5
631.85,0.514521,-0.0438251,0.130788,0.316978,-0.00335159,1.5
631.9,0.514521,-0.0438251,0.130788,0.316978,-0.00335159,1.5
631.95,0.514521,-0.0438251,0.130788,0.316978,-0.00335159,1.5
632,0.514521,-0.0438251,0.130788,0.316978,-0.00335159,1.5
632.05,0.514521,-0.0438251,0.130788,0.316978,-0.00335159,1.5
632.1,0.514521,-0.0438251,0.130788,0.316978,-0.00335159,1.5
632.15,0.514521,-0.0438251,0.130788,0.316978,-0.00335159,1.5
632.2,0.514521,-0.0438251,0.130788,0.316978,-0.00335159,1.5
632.25,0.514521,-0.0438251,0.130788,0.316978,-0.00335159,1.5
632.3,0.514521,-0.0438251,0.130788,0.316978,-0.00335159,1.5
632.35,0.514521,-0.0438251,0.130788,0.316978,-0.00335159,1.5
632.4,0.514521,-0.0438251,0.130788,0.316978,-0.00335159,1.5
632.45,0.514521,-0.0438251,0.130788,0.316978,-0.00335159,1.5
632.5,0.514521,-0.0438251,0.130788,0.316978,-0.00335159,1.5
632.55,0.514521,-0.0438251,0.130788,0.316978,-0.00335159,1.5
632.6,0.514521,-0.0438251,0.130788,0.316978,-0.00335159,1.5
632.65,0.514521,-0.0438251,0.130788,0.316978,-0.00335159,1.5
632.7,0.514521,-0.0438251,0.130788,0.316978,-0.00335159,1.5
632.75,0.514521,-0.0438251,0.130788,0.316978,-0.00335159,1.5
632.8,0.514521,-0.0438251,0.130788,0.316978,-0.00335159,1.5
632.85,0.514521,-0.0438251,0.130788,0.316978,-0.00335159,1.5
632.9,0.514521,-0.0438251,0.130788,0.316978,-0.00335159,1.5
632.95,0.514521,-0.0438251,0.130788,0.316978,-0.00335159,1.5
633,0.514521,-0.0438251,0.130788,0.316978,-0.00335159,1.5
633.05,0.514521,-0.0438251,0.130788,0.316978,-0.00335159,1.5
633.1,0.514521,-0.0438251,0.130788,0.316978,-0.00335159,1.5
633.15,0.514521,-0.0438251,0.130788,0.316978,-0.00335159,1.5
633.2,0.514521,-0.0438251,0.130788,0.316978,-0.00335159,1.5
633.25,0.514521,-0.0438251,0.130788,0.316978,-0.00335159,1.5
633.3,0.514521,-0.0438251,0.130788,0.316978,-0.00335159,1.5
633.35,0.514521,-0.0438251,0.130788,0.316978,-0.00335159,1.5
633.4,0.514521,-0.0438251,0.130788,0.316978,-0.00335159,1.5
633.45,0.514521,-0.0438251,0.130788,0.316978,-0.00335159,1.5
633.5,0.514521,-0.0438251,0.130788,0.316978,-0.00335159,1.5
633.55,0.514521,-0.0438251,0.130788,0.316978,-0.00335159,1.5
633.6,0.514521,-0.0438251,0.130788,0.316978,-0.00335159,1.5
633.65,0.514521,-0.0438251,0.130788,0.316978,-0.00335159,1.5
633.7,0.514521,-0.0438251,0.130788,0.316978,-0.00335159,1.5
633.75,0.514521,-0.0438251,0.130788,0.316978,-0.00335159,1.5
633.8,0.514521,-0.0438251,0.130788,0.316978,-0.00335159,1.5
633.85,0.514521,-0.0438251,0.130788,0.316978,-0.00335159,1.5
633.9,0.514521,-0.0438251,0.130788,0.316978,-0.00335159,1.5
633.95,0.514521,-0.0438251,0.130788,0.316978,-0.00335159,1.5
634,0.514521,-0.0438251,0.130788,0.316978,-0.00335159,1.5
634.05,0.514521,-0.0438251,0.130788,0.316978,-0.00335159,1.5
634.1,0.514521,-0.0438251,0.130788,0.316978,-0.00335159,1.5
634.15,0.514521,-0.0438251,0.130788,0.316978,-0.00335159,1.5
634.2,0.514521,-0.0438251,0.130788,0.316978,-0.00335159,1.5
634.25,0.514521,-0.0438251,0.130788,0.316978,-0.00335159,1.5
634.3,0.514521,-0.0438251,0.130788,0.316978,-0.00335159,1.5
634.35,0.514521,-0.0438251,0.130788,0.316978,-0.00335159,1.5
634.4,0.514521,-0.0438251,0.130788,0.316978,-0.00335159,1.5
634.45,0.514521,-0.0438251,0.130788,0.316978,-0.00335159,1.5
634.5,0.514521,-0.0438251,0.130788,0.316978,-0.00335159,1.5
634.55,0.514521,-0.0438251,0.130788,0.316978,-0.00335159,1.5
634.6,0.514521,-0.0438251,0.130788,0.316978,-0.00335159,1.5
634.65,0.514521,-0.0438251,0.130788,0.316978,-0.00335159,1.5
634.7,0.514521,-0.0438251,0.130788,0.316978,-0.00335159,1.5
634.75,0.514521,-0.0438251,0.130788,0.316978,-0.00335159,1.5
634.8,0.514521,-0.0438251,0.130788,0.316978,-0.00335159,1.5
634.85,0.514521,-0.0438251,0.130788,0.316978,-0.00335159,1.5
634.9,0.514521,-0.0438251,0.130788,0.316978,-0.00335159,1.5
634.95,0.514521,-0.0438251,0.130788,0.316978,-0.00335159,1.5
635,0.514521,-0.0438251,0.130788,0.316978,-0.00335159,1.5
635.05,0.514521,-0.0438251,0.130788,0.316978,-0.00335159,1.5
635.1,0.514521,-0.0438251,0.130788,0.316978,-0.00335159,1.5
635.15,0.514521,-0.0438251,0.130788,0.316978,-0.00335159,1.5
635.2,0.514521,-0.0438251,0.130788,0.316978,-0.00335159,1.5
635.25,0.514521,-0.0438251,0.130788,0.316978,-0.00335159,1.5
635.3,0.514521,-0.0438251,0.130788,0.316978,-0.00335159,1.5
635.35,0.514521,-0.0438251,0.130788,0.316978,-0.00335159,1.5
635.4,0.514521,-0.0438251,0.130788,0.316978,-0.00335159,1.5
635.45,0.514521,-0.0438251,0.130788,0.316978,-0.00335159,1.5
635.5,0.514521,-0.0438251,0.130788,0.316978,-0.00335159,1.5
635.55,0.514521,-0.0438251,0.130788,0.316978,-0.00335159,1.5
635.6,0.514521,-0.0438251,0.130788,0.316978,-0.00335159,1.5
635.65,0.514521,-0.0438251,0.130788,0.316978,-0.00335159,1.5
635.7,0.514521,-0.0438251,0.130788,0.316978,-0.00335159,1.5
635.75,0.514521,-0.0438251,0.130788,0.316978,-0.00335159,1.5
635.8,0.514521,-0.0438251,0.130788,0.316978,-0.00335159,1.5
635.85,0.514521,-0.0438251,0.130788,0.316978,-0.00335159,1.5
635.9,0.514521,-0.0438251,0.130788,0.316978,-0.00335159,1.5
635.95,0.514521,-0.0438251,0.130788,0.316978,-0.00335159,1.5
636,0.514521,-0.0438251,0.130788,0.316978,-0.00335159,1.5
636.05,0.514521,-0.0438251,0.130788,0.316978,-0.00335159,1.5
636.1,0.514521,-0.0438251,0.130788,0.316978,-0.00335159,1.5
636.15,0.514521,-0.0438251,0.130788,0.316978,-0.00335159,1.5
636.2,0.514521,-0.0438251,0.130788,0.316978,-0.00335159,1.5
636.25,0.514521,-0.0438251,0.130788,0.316978,-0.00335159,1.5
636.3,0.514521,-0.0438251,0.130788,0.316978,-0.00335159,1.5
636.35,0.514521,-0.0438251,0.130788,0.316978,-0.00335159,1.5
636.4,0.514521,-0.0438251,0.130788,0.316978,-0.00335159,1.5
636.45,0.514521,-0.0438251,0.130788,0.316978,-0.00335159,1.5
636.5,0.514521,-0.0438251,0.130788,0.316978,-0.00335159,1.5
636.55,0.514521,-0.0438251,0.130788,0.316978,-0.00335159,1.5
636.6,0.514521,-0.0438251,0.130788,0.316978,-0.00335159,1.5
636.65,0.514521,-0.0438251,0.130788,0.316978,-0.00335159,1.5
636.7,0.514521,-0.0438251,0.130788,0.316978,-0.00335159,1.5
636.75,0.514521,-0.0438251,0.130788,0.316978,-0.00335159,1.5
636.8,0.514521,-0.0438251,0.130788,0.316978,-0.00335159,1.5
636.85,0.514521,-0.0438251,0.130788,0.316978,-0.00335159,1.5
636.9,0.514521,-0.0438251,0.130788,0.316978,-0.00335159,1.5
636.95,0.514521,-0.0438251,0.130788,0.316978,-0.00335159,1.5
637,0.514521,-0.0438251,0.130788,0.316978,-0.00335159,1.5
637.05,0.514521,-0.0438251,0.130788,0.316978,-0.00335159,1.5
637.1,0.514521,-0.0438251,0.130788,0.316978,-0.00335159,1.5
637.15,0.514521,-0.0438251,0.130788,0.316978,-0.00335159,1.5
637.2,0.514521,-0.0438251,0.130788,0.316978,-0.00335159,1.5
637.25,0.514521,-0.0438251,0.130788,0.316978,-0.00335159,1.5
637.3,0.514521,-0.0438251,0.130788,0.316978,-0.00335159,1.5
637.35,0.514521,-0.0438251,0.130788,0.316978,-0.00335159,1.5
637.4,0.514521,-0.0438251,0.130788,0.316978,-0.00335159,1.5
637.45,0.514521,-0.0438251,0.130788,0.316978,-0.00335159,1.5
637.5,0.514521,-0.0438251,0.130788,0.316978,-0.00335159,1.5
637.55,0.514521,-0.0438251,0.130788,0.316978,-0.00335159,1.5
637.6,0.514521,-0.0438251,0.130788,0.316978,-0.00335159,1.5
637.65,0.514521,-0.0438251,0.130788,0.316978,-0.00335159,1.5
637.7,0.514521,-0.0438251,0.130788,0.316978,-0.00335159,1.5
637.75,0.514521,-0.0438251,0.130788,0.316978,-0.00335159,1.5
637.8,0.514521,-0.0438251,0.130788,0.316978,-0.00335159,1.5
637.85,0.514521,-0.0438251,0.130788,0.316978,-0.00335159,1.5
637.9,0.514521,-0.0438251,0.130788,0.316978,-0.00335159,1.5
637.95,0.514521,-0.0438251,0.130788,0.316978,-0.00335159,1.5
638,0.514521,-0.0438251,0.130788,0.316978,-0.00335159,1.5
638.05,0.514521,-0.0438251,0.130788,0.316978,-0.00335159,1.5
638.1,0.514521,-0.0438251,0.130788,0.316978,-0.00335159,1.5
638.15,0.514521,-0.0438251,0.130788,0.316978,-0.00335159,1.5
638.2,0.514521,-0.0438251,0.130788,0.316978,-0.00335159,1.5
638.25,0.514521,-0.0438251,0.130788,0.316978,-0.00335159,1.5
638.3,0.514521,-0.0438251,0.130788,0.316978,-0.00335159,1.5
638.35,0.514521,-0.0438251,0.130788,0.316978,-0.00335159,1.5
638.4,0.514521,-0.0438251,0.130788,0.316978,-0.00335159,1.5
638.45,0.514521,-0.0438251,0.130788,0.316978,-0.00335159,1.5
638.5,0.514521,-0.0438251,0.130788,0.316978,-0.00335159,1.5
638.55,0.514521,-0.0438251,0.130788,0.316978,-0.00335159,1.5
638.6,0.514521,-0.0438251,0.130788,0.316978,-0.00335159,1.5
638.65,0.514521,-0.0438251,0.130788,0.316978,-0.00335159,1.5
638.7,0.514521,-0.0438251,0.130788,0.316978,-0.00335159,1.5
638.75,0.514521,-0.0438251,0.130788,0.316978,-0.00335159,1.5
638.8,0.514521,-0.0438251,0.130788,0.316978,-0.00335159,1.5
638.85,0.514521,-0.0438251,0.130788,0.316978,-0.00335159,1.5
638.9,0.514521,-0.0438251,0.130788,0.316978,-0.00335159,1.5
638.95,0.514521,-0.0438251,0.130788,0.316978,-0.00335159,1.5
639,0.514521,-0.0438251,0.130788,0.316978,-0.00335159,1.5
639.05,0.514521,-0.0438251,0.130788,0.316978,-0.00335159,1.5
639.1,0.514521,-0.0438251,0.130788,0.316978,-0.00335159,1.5
639.15,0.514521,-0.0438251,0.130788,0.316978,-0.00335159,1.5
639.2,0.514521,-0.0438251,0.130788,0.316978,-0.00335159,1.5
639.25,0.514521,-0.0438251,0.130788,0.316978,-0.00335159,1.5
639.3,0.514521,-0.0438251,0.130788,0.316978,-0.00335159,1.5
639.35,0.514521,-0.0438251,0.130788,0.316978,-0.00335159,1.5
639.4,0.514521,-0.0438251,0.130788,0.316978,-0.00335159,1.5
639.45,0.514521,-0.0438251,0.130788,0.316978,-0.00335159,1.5
639.5,0.514521,-0.0438251,0.130788,0.316978,-0.00335159,1.5
639.55,0.514521,-0.0438251,0.130788,0.316978,-0.00335159,1.5
639.6,0.514521,-0.0438251,0.130788,0.316978,-0.00335159,1.5
639.65,0.514521,-0.0438251,0.130788,0.316978,-0.00335159,1.5
639.7,0.514521,-0.0438251,0.130788,0.316978,-0.00335159,1.5
639.75,0.514521,-0.0438251,0.130788,0.316978,-0.00335159,1.5
639.8,0.514521,-0.0438251,0.130788,0.316978,-0.00335159,1.5
639.85,0.514521,-0.0438251,0.130788,0.316978,-0.00335159,1.5
639.9,0.514521,-0.0438251,0.130788,0.316978,-0.00335159,1.5
639.95,0.514521,-0.0438251,0.130788,0.316978,-0.00335159,1.5
640,0.514521,-0.0438251,0.130788,0.316978,-0.00335159,1.5
640.05,0.514521,-0.0438251,0.130788,0.316978,-0.00335159,1.5
640.1,0.514521,-0.0438251,0.130788,0.316978,-0.00335159,1.5
640.15,0.514521,-0.0438251,0.130788,0.316978,-0.00335159,1.5
640.2,0.514521,-0.0438251,0.130788,0.316978,-0.00335159,1.5
640.25,0.514521,-0.0438251,0.130788,0.316978,-0.00335159,1.5
640.3,0.514521,-0.0438251,0.130788,0.316978,-0.00335159,1.5
640.35,0.514521,-0.0438251,0.130788,0.316978,-0.00335159,1.5
640.4,0.514521,-0.0438251,0.130788,0.316978,-0.00335159,1.5
640.45,0.514521,-0.0438251,0.130788,0.316978,-0.00335159,1.5
640.5,0.514521,-0.0438251,0.130788,0.316978,-0.00335159,1.5
640.55,0.514521,-0.0438251,0.130788,0.316978,-0.00335159,1.5
640.6,0.514521,-0.0438251,0.130788,0.316978,-0.00335159,1.5
640.65,0.514521,-0.0438251,0.130788,0.316978,-0.00335159,1.5
640.7,0.514521,-0.0438251,0.130788,0.316978,-0.00335159,1.5
640.75,0.514521,-0.0438251,0.130788,0.316978,-0.00335159,1.5
640.8,0.514521,-0.0438251,0.130788,0.316978,-0.00335159,1.5
640.85,0.514521,-0.0438251,0.130788,0.316978,-0.00335159,1.5
640.9,0.514521,-0.0438251,0.130788,0.316978,-0.00335159,1.5
640.95,0.514521,-0.0438251,0.130788,0.316978,-0.00335159,1.5
641,0.514521,-0.0438251,0.130788,0.316978,-0.00335159,1.5
641.05,0.514521,-0.0438251,0.130788,0.316978,-0.00335159,1.5
641.1,0.514521,-0.0438251,0.130788,0.316978,-0.00335159,1.5
641.15,0.514521,-0.0438251,0.130788,0.316978,-0.00335159,1.5
641.2,0.514521,-0.0438251,0.130788,0.316978,-0.00335159,1.5
641.25,0.514521,-0.0438251,0.130788,0.316978,-0.00335159,1.5
641.3,0.514521,-0.0438251,0.130788,0.316978,-0.00335159,1.5
641.35,0.514521,-0.0438251,0.130788,0.316978,-0.00335159,1.5
641.4,0.514521,-0.0438251,0.130788,0.316978,-0.00335159,1.5
641.45,0.514521,-0.0438251,0.130788,0.316978,-0.00335159,1.5
641.5,0.514521,-0.0438251,0.130788,0.316978,-0.00335159,1.5
641.55,0.514521,-0.0438251,0.130788,0.316978,-0.00335159,1.5
641.6,0.514521,-0.0438251,0.130788,0.316978,-0.00335159,1.5
641.65,0.514521,-0.0438251,0.130788,0.316978,-0.00335159,1.5
641.7,0.514521,-0.0438251,0.130788,0.316978,-0.00335159,1.5
641.75,0.514521,-0.0438251,0.130788,0.316978,-0.00335159,1.5
641.8,0.514521,-0.0438251,0.130788,0.316978,-0.00335159,1.5
641.85,0.514521,-0.0438251,0.130788,0.316978,-0.00335159,1.5
641.9,0.514521,-0.0438251,0.130788,0.316978,-0.00335159,1.5
641.95,0.514521,-0.0438251,0.130788,0.316978,-0.00335159,1.5
642,0.514521,-0.0438251,0.130788,0.316978,-0.00335159,1.5
642.05,0.514521,-0.0438251,0.130788,0.316978,-0.00335159,1.5
642.1,0.514521,-0.0438251,0.130788,0.316978,-0.00335159,1.5
642.15,0.514521,-0.0438251,0.130788,0.316978,-0.00335159,1.5
642.2,0.514521,-0.0438251,0.130788,0.316978,-0.00335159,1.5
642.25,0.514521,-0.0438251,0.130788,0.316978,-0.00335159,1.5
642.3,0.514521,-0.0438251,0.130788,0.316978,-0.00335159,1.5
642.35,0.514521,-0.0438251,0.130788,0.316978,-0.00335159,1.5
642.4,0.514521,-0.0438251,0.130788,0.316978,-0.00335159,1.5
642.45,0.514521,-0.0438251,0.130788,0.316978,-0.00335159,1.5
642.5,0.514521,-0.0438251,0.130788,0.316978,-0.00335159,1.5
642.55,0.514521,-0.0438251,0.130788,0.316978,-0.00335159,1.5
642.6,0.514521,-0.0438251,0.130788,0.316978,-0.00335159,1.5
642.65,0.514521,-0.0438251,0.130788,0.316978,-0.00335159,1.5
642.7,0.514521,-0.0438251,0.130788,0.316978,-0.00335159,1.5
642.75,0.514521,-0.0438251,0.130788,0.316978,-0.00335159,1.5
642.8,0.514521,-0.0438251,0.130788,0.316978,-0.00335159,1.5
642.85,0.514521,-0.0438251,0.130788,0.316978,-0.00335159,1.5
642.9,0.514521,-0.0438251,0.130788,0.316978,-0.00335159,1.5
642.95,0.514521,-0.0438251,0.130788,0.316978,-0.00335159,1.5
643,0.514521,-0.0438251,0.130788,0.316978,-0.00335159,1.5
643.05,0.514521,-0.0438251,0.130788,0.316978,-0.00335159,1.5
643.1,0.514521,-0.0438251,0.130788,0.316978,-0.00335159,1.5
643.15,0.514521,-0.0438251,0.130788,0.316978,-0.00335159,1.5
643.2,0.514521,-0.0438251,0.130788,0.316978,-0.00335159,1.5
643.25,0.514521,-0.0438251,0.130788,0.316978,-0.00335159,1.5
643.3,0.514521,-0.0438251,0.130788,0.316978,-0.00335159,1.5
643.35,0.514521,-0.0438251,0.130788,0.316978,-0.00335159,1.5
643.4,0.514521,-0.0438251,0.130788,0.316978,-0.00335159,1.5
643.45,0.514521,-0.0438251,0.130788,0.316978,-0.00335159,1.5
643.5,0.514521,-0.0438251,0.130788,0.316978,-0.00335159,1.5
643.55,0.514521,-0.0438251,0.130788,0.316978,-0.00335159,1.5
643.6,0.514521,-0.0438251,0.130788,0.316978,-0.00335159,1.5
643.65,0.514521,-0.0438251,0.130788,0.316978,-0.00335159,1.5
643.7,0.514521,-0.0438251,0.130788,0.316978,-0.00335159,1.5
643.75,0.514521,-0.0438251,0.130788,0.316978,-0.00335159,1.5
643.8,0.514521,-0.0438251,0.130788,0.316978,-0.00335159,1.5
643.85,0.514521,-0.0438251,0.130788,0.316978,-0.00335159,1.5
643.9,0.514521,-0.0438251,0.130788,0.316978,-0.00335159,1.5
643.95,0.514521,-0.0438251,0.130788,0.316978,-0.00335159,1.5
644,0.514521,-0.0438251,0.130788,0.316978,-0.00335159,1.5
644.05,0.514521,-0.0438251,0.130788,0.316978,-0.00335159,1.5
644.1,0.514521,-0.0438251,0.130788,0.316978,-0.00335159,1.5
644.15,0.514521,-0.0438251,0.130788,0.316978,-0.00335159,1.5
644.2,0.514521,-0.0438251,0.130788,0.316978,-0.00335159,1.5
644.25,0.514521,-0.0438251,0.130788,0.316978,-0.00335159,1.5
644.3,0.514521,-0.0438251,0.130788,0.316978,-0.00335159,1.5
644.35,0.514521,-0.0438251,0.130788,0.316978,-0.00335159,1.5
644.4,0.514521,-0.0438251,0.130788,0.316978,-0.00335159,1.5
644.45,0.514521,-0.0438251,0.130788,0.316978,-0.00335159,1.5
644.5,0.514521,-0.0438251,0.130788,0.316978,-0.00335159,1.5
644.55,0.514521,-0.0438251,0.130788,0.316978,-0.00335159,1.5
644.6,0.514521,-0.0438251,0.130788,0.316978,-0.00335159,1.5
644.65,0.514521,-0.0438251,0.130788,0.316978,-0.00335159,1.5
644.7,0.514521,-0.0438251,0.130788,0.316978,-0.00335159,1.5
644.75,0.514521,-0.0438251,0.130788,0.316978,-0.00335159,1.5
644.8,0.514521,-0.0438251,0.130788,0.316978,-0.00335159,1.5
644.85,0.514521,-0.0438251,0.130788,0.316978,-0.00335159,1.5
644.9,0.514521,-0.0438251,0.130788,0.316978,-0.00335159,1.5
644.95,0.514521,-0.0438251,0.130788,0.316978,-0.00335159,1.5
645,0.514521,-0.0438251,0.130788,0.316978,-0.00335159,1.5
645.05,0.514521,-0.0438251,0.130788,0.316978,-0.00335159,1.5
645.1,0.514521,-0.0438251,0.130788,0.316978,-0.00335159,1.5
645.15,0.514521,-0.0438251,0.130788,0.316978,-0.00335159,1.5
645.2,0.514521,-0.0438251,0.130788,0.316978,-0.00335159,1.5
645.25,0.514521,-0.0438251,0.130788,0.316978,-0.00335159,1.5
645.3,0.514521,-0.0438251,0.130788,0.316978,-0.00335159,1.5
645.35,0.514521,-0.0438251,0.130788,0.316978,-0.00335159,1.5
645.4,0.514521,-0.0438251,0.130788,0.316978,-0.00335159,1.5
645.45,0.514521,-0.0438251,0.130788,0.316978,-0.00335159,1.5
645.5,0.514521,-0.0438251,0.130788,0.316978,-0.00335159,1.5
645.55,0.514521,-0.0438251,0.130788,0.316978,-0.00335159,1.5
645.6,0.514521,-0.0438251,0.130788,0.316978,-0.00335159,1.5
645.65,0.514521,-0.0438251,0.130788,0.316978,-0.00335159,1.5
645.7,0.514521,-0.0438251,0.130788,0.316978,-0.00335159,1.5
645.75,0.514521,-0.0438251,0.130788,0.316978,-0.00335159,1.5
645.8,0.514521,-0.0438251,0.130788,0.316978,-0.00335159,1.5
645.85,0.514521,-0.0438251,0.130788,0.316978,-0.00335159,1.5
645.9,0.514521,-0.0438251,0.130788,0.316978,-0.00335159,1.5
645.95,0.514521,-0.0438251,0.130788,0.316978,-0.00335159,1.5
646,0.514521,-0.0438251,0.130788,0.316978,-0.00335159,1.5
646.05,0.514521,-0.0438251,0.130788,0.316978,-0.00335159,1.5
646.1,0.514521,-0.0438251,0.130788,0.316978,-0.00335159,1.5
646.15,0.514521,-0.0438251,0.130788,0.316978,-0.00335159,1.5
646.2,0.514521,-0.0438251,0.130788,0.316978,-0.00335159,1.5
646.25,0.514521,-0.0438251,0.130788,0.316978,-0.00335159,1.5
646.3,0.514521,-0.0438251,0.130788,0.316978,-0.00335159,1.5
646.35,0.514521,-0.0438251,0.130788,0.316978,-0.00335159,1.5
646.4,0.514521,-0.0438251,0.130788,0.316978,-0.00335159,1.5
646.45,0.514521,-0.0438251,0.130788,0.316978,-0.00335159,1.5
646.5,0.514521,-0.0438251,0.130788,0.316978,-0.00335159,1.5
646.55,0.514521,-0.0438251,0.130788,0.316978,-0.00335159,1.5
646.6,0.514521,-0.0438251,0.130788,0.316978,-0.00335159,1.5
646.65,0.514521,-0.0438251,0.130788,0.316978,-0.00335159,1.5
646.7,0.514521,-0.0438251,0.130788,0.316978,-0.00335159,1.5
646.75,0.514521,-0.0438251,0.130788,0.316978,-0.00335159,1.5
646.8,0.514521,-0.0438251,0.130788,0.316978,-0.00335159,1.5
646.85,0.514521,-0.0438251,0.130788,0.316978,-0.00335159,1.5
646.9,0.514521,-0.0438251,0.130788,0.316978,-0.00335159,1.5
646.95,0.514521,-0.0438251,0.130788,0.316978,-0.00335159,1.5
647,0.514521,-0.0438251,0.130788,0.316978,-0.00335159,1.5
647.05,0.514521,-0.0438251,0.130788,0.316978,-0.00335159,1.5
647.1,0.514521,-0.0438251,0.130788,0.316978,-0.00335159,1.5
647.15,0.514521,-0.0438251,0.130788,0.316978,-0.00335159,1.5
647.2,0.514521,-0.0438251,0.130788,0.316978,-0.00335159,1.5
647.25,0.514521,-0.0438251,0.130788,0.316978,-0.00335159,1.5
647.3,0.514521,-0.0438251,0.130788,0.316978,-0.00335159,1.5
647.35,0.514521,-0.0438251,0.130788,0.316978,-0.00335159,1.5
647.4,0.514521,-0.0438251,0.130788,0.316978,-0.00335159,1.5
647.45,0.514521,-0.0438251,0.130788,0.316978,-0.00335159,1.5
647.5,0.514521,-0.0438251,0.130788,0.316978,-0.00335159,1.5
647.55,0.514521,-0.0438251,0.130788,0.316978,-0.00335159,1.5
647.6,0.514521,-0.0438251,0.130788,0.316978,-0.00335159,1.5
647.65,0.514521,-0.0438251,0.130788,0.316978,-0.00335159,1.5
647.7,0.514521,-0.0438251,0.130788,0.316978,-0.00335159,1.5
647.75,0.514521,-0.0438251,0.130788,0.316978,-0.00335159,1.5
647.8,0.514521,-0.0438251,0.130788,0.316978,-0.00335159,1.5
647.85,0.514521,-0.0438251,0.130788,0.316978,-0.00335159,1.5
647.9,0.514521,-0.0438251,0.130788,0.316978,-0.00335159,1.5
647.95,0.514521,-0.0438251,0.130788,0.316978,-0.00335159,1.5
648,0.514521,-0.0438251,0.130788,0.316978,-0.00335159,1.5
648.05,0.514521,-0.0438251,0.130788,0.316978,-0.00335159,1.5
648.1,0.514521,-0.0438251,0.130788,0.316978,-0.00335159,1.5
