time,voltage,percentage
0.00000,12.60000,100.00000
0.05200,9.00000,99.97768
0.10000,12.04317,99.97556
0.15000,12.04025,99.97334
0.20000,12.03984,99.97112
0.25000,12.03902,99.96889
0.30000,12.03849,99.96667
0.35000,12.03783,99.96444
0.40000,12.03736,99.96221
0.45000,12.03706,99.95998
0.50000,12.03657,99.95775
0.55000,12.03635,99.95552
0.60100,12.03601,99.95324
0.65100,12.03558,99.95101
0.70000,12.03531,99.94882
0.75000,12.03497,99.94659
0.80000,12.03448,99.94435
0.85000,12.03444,99.94212
0.90100,12.03376,99.93983
0.95100,12.03357,99.93760
1.00100,12.03336,99.93536
1.05000,12.03329,99.93317
1.10000,12.03392,99.93094
1.15000,12.11445,99.92902
1.20100,12.11059,99.92706
1.25000,12.11266,99.92519
1.30000,12.11378,99.92327
1.35100,12.11502,99.92133
1.40100,12.11632,99.91943
1.45000,12.11764,99.91756
1.50000,12.11896,99.91567
1.55100,12.12028,99.91376
1.60100,12.12159,99.91187
1.65200,12.12290,99.90997
1.70000,12.12421,99.90817
1.75000,12.12551,99.90631
1.80000,12.12681,99.90446
1.85000,12.12810,99.90261
1.90200,12.12937,99.90069
1.95100,12.13065,99.89889
2.00000,12.13192,99.89709
2.05000,12.13318,99.89526
2.10100,12.13443,99.89341
2.15000,12.13568,99.89163
2.20000,12.13691,99.88982
2.25000,12.13813,99.88802
2.30000,12.13934,99.88622
2.35000,12.14054,99.88442
2.40000,12.14173,99.88271
2.45000,12.14291,99.88100
2.50000,12.14414,99.87929
2.55000,12.14533,99.87759
2.60000,12.14659,99.87589
2.65000,12.14783,99.87421
2.70000,12.14897,99.87252
2.75000,12.15011,99.87084
2.80000,12.15123,99.86916
2.85200,12.15230,99.86742
2.90000,12.15339,99.86583
2.95000,12.15444,99.86417
3.00000,12.15549,99.86251
3.05000,12.15650,99.86086
3.10000,12.46579,99.86040
3.15100,12.19982,99.85889
3.20000,12.20082,99.85743
3.25100,12.20195,99.85593
3.30000,12.20315,99.85448
3.35100,12.20412,99.85298
3.40000,12.20500,99.85155
3.45000,12.20588,99.85009
3.50000,12.20677,99.84863
3.55000,12.20766,99.84718
3.60100,12.20856,99.84570
3.65100,12.20947,99.84425
3.70000,12.21039,99.84284
3.75000,12.21131,99.84140
3.80000,12.21224,99.83997
3.85000,12.21318,99.83854
3.90000,12.21413,99.83711
3.95000,12.21508,99.83569
4.00100,12.21592,99.83424
4.05000,12.21656,99.83286
4.10000,12.21719,99.83144
4.15100,12.21744,99.83001
4.20100,12.21663,99.82859
4.25000,12.21584,99.82721
4.30000,12.21506,99.82579
4.35000,12.21428,99.82436
4.40100,12.21355,99.82291
4.45000,12.21281,99.82152
4.50000,12.21207,99.82008
4.55100,12.21134,99.81863
4.60100,12.21065,99.81719
4.65100,12.20998,99.81576
4.70200,12.20934,99.81429
4.75000,12.20872,99.81291
4.80000,12.20812,99.81147
4.85100,12.20754,99.81000
4.90100,12.20697,99.80856
4.95000,12.20642,99.80714
5.00000,12.20587,99.80569
5.05100,12.20535,99.80421
5.10100,12.20484,99.80276
5.15100,12.20434,99.80131
5.20100,12.20387,99.79985
5.25100,12.20340,99.79839
5.30000,12.20295,99.79697
5.35000,12.20253,99.79551
5.40000,12.20211,99.79405
5.45000,12.20171,99.79259
5.50000,12.20133,99.79113
5.55000,12.20096,99.78967
5.60100,12.20059,99.78818
5.65000,12.20024,99.78674
5.70000,12.19991,99.78528
5.75000,12.19958,99.78381
5.80000,12.19927,99.78234
5.85000,12.19898,99.78088
5.90000,12.19869,99.77941
5.95100,12.19841,99.77791
6.00100,12.19816,99.77644
6.05100,9.00000,99.75633
6.10100,12.15471,99.75470
6.15000,12.15442,99.75311
6.20000,12.15413,99.75147
6.25100,12.15390,99.74982
6.30000,12.15368,99.74821
6.35100,12.15346,99.74655
6.40000,12.15325,99.74495
6.45000,12.15306,99.74332
6.50000,12.15287,99.74169
6.55000,12.15270,99.74006
6.60000,12.15253,99.73843
6.65100,12.15237,99.73676
6.70100,12.15219,99.73512
6.75200,12.15202,99.73346
6.80200,12.15187,99.73183
6.85100,12.15173,99.73022
6.90100,12.15158,99.72859
6.95000,12.15145,99.72699
7.00000,12.15135,99.72536
7.05100,12.15125,99.72369
7.10000,12.15117,99.72209
7.15100,12.15109,99.72043
7.20000,12.15102,99.71883
7.25100,12.15096,99.71716
7.30000,12.15090,99.71556
7.35000,12.15085,99.71394
7.40100,12.15080,99.71227
7.45000,12.15077,99.71067
7.50000,12.15073,99.70904
7.55200,12.15070,99.70734
7.60100,12.15068,99.70574
7.65000,12.15067,99.70415
7.70100,12.15066,99.70248
7.75000,12.15065,99.70089
7.80000,12.15064,99.69926
7.85100,12.15063,99.69760
7.90100,12.15063,99.69598
7.95000,12.15064,99.69438
8.00100,12.15065,99.69272
8.05000,12.15066,99.69112
8.10000,12.15069,99.68950
8.15000,12.15071,99.68787
8.20000,12.15074,99.68625
8.25000,12.15077,99.68462
8.30100,12.15080,99.68297
8.35100,12.15084,99.68135
8.40100,12.15088,99.67973
8.45000,12.15092,99.67814
8.50200,12.15096,99.67645
8.55000,12.15102,99.67490
8.60000,12.15106,99.67328
8.65100,12.15112,99.67162
8.70100,12.15117,99.67001
8.75200,12.15122,99.66836
8.80100,12.15128,99.66677
8.85000,12.15134,99.66518
8.90100,12.15140,99.66354
8.95000,12.15146,99.66196
9.00100,12.15152,99.66031
9.05000,12.15158,99.65873
9.10100,12.15164,99.65708
9.15000,12.15170,99.65550
9.20000,12.15176,99.65389
9.25100,12.15182,99.65225
9.30100,12.15189,99.65064
9.35100,12.15195,99.64903
9.40100,12.15201,99.64742
9.45000,12.15207,99.64584
9.50000,12.15213,99.64423
9.55100,12.15219,99.64260
9.60000,12.15225,99.64102
9.65100,12.15230,99.63939
9.70000,12.15236,99.63781
9.75000,12.15241,99.63621
9.80000,12.15246,99.63461
9.85000,12.15252,99.63300
9.90100,12.15257,99.63137
9.95000,12.15262,99.62980
10.00000,12.15267,99.62820
10.05100,12.15271,99.62656
10.10000,12.15276,99.62500
10.15000,12.15281,99.62340
10.20100,12.15286,99.62177
10.25000,12.15290,99.62020
10.30100,12.15294,99.61858
10.35100,12.15298,99.61697
10.40100,12.15302,99.61538
10.45100,12.15306,99.61378
10.50100,12.15310,99.61219
10.55000,12.15312,99.61063
10.60100,12.15315,99.60900
10.65100,12.15318,99.60741
10.70200,12.15320,99.60578
10.75100,12.15323,99.60423
10.80000,12.15326,99.60266
10.85200,12.15328,99.60101
10.90000,12.15330,99.59948
10.95000,12.15332,99.59789
11.00000,12.15333,99.59630
11.05100,12.15334,99.59468
11.10100,12.15335,99.59309
11.15100,12.15336,99.59150
11.20100,12.15337,99.58991
11.25000,12.15337,99.58836
11.30000,12.15337,99.58677
11.35000,12.15337,99.58518
11.40200,12.15337,99.58353
11.45100,12.15336,99.58198
11.50000,12.15335,99.58043
11.55100,12.15333,99.57881
11.60000,12.15331,99.57726
11.65000,12.15329,99.57568
11.70100,12.15326,99.57406
11.75000,12.15324,99.57250
11.80000,12.15321,99.57092
11.85000,12.15319,99.56934
11.90000,12.15316,99.56776
11.95000,12.15313,99.56618
12.00200,12.15310,99.56453
12.05400,12.15306,99.56288
12.10100,12.15304,99.56139
12.15000,12.15300,99.55984
12.20000,12.15296,99.55827
12.25000,12.15292,99.55669
12.30100,12.15288,99.55508
12.35100,12.15284,99.55350
12.40000,12.15279,99.55195
12.45100,12.15275,99.55037
12.50000,12.15269,99.54879
12.55000,12.15264,99.54721
12.60000,12.15259,99.54563
12.65000,12.15254,99.54405
12.70100,12.15248,99.54244
12.75000,12.15242,99.54089
12.80000,12.15236,99.53931
12.85000,12.15230,99.53773
12.90000,12.15223,99.53616
12.95000,12.15217,99.53458
13.00100,12.15210,99.53297
13.05200,12.15202,99.53136
13.10000,12.15196,99.52985
13.15000,12.15189,99.52827
13.20000,12.15183,99.52670
13.25000,12.15177,99.52512
13.30000,12.15171,99.52354
13.35000,12.15164,99.52197
13.40000,12.15158,99.52039
13.45000,12.15151,99.51881
13.50000,12.15144,99.51724
13.55000,12.15137,99.51566
13.60100,12.15129,99.51409
13.65000,12.15121,99.51251
13.70000,12.15114,99.51094
13.75100,12.15105,99.50933
13.80000,12.15098,99.50779
13.85000,12.15090,99.50622
13.90100,12.15081,99.50461
13.95000,12.15073,99.50307
14.00000,12.15065,99.50149
14.05000,12.15057,99.49992
14.10000,12.15049,99.49834
14.15100,12.15041,99.49673
14.20000,12.15033,99.49519
14.25100,12.15025,99.49359
14.30000,12.15017,99.49204
14.35100,12.15009,99.49044
14.40000,12.15002,99.48890
14.45000,12.14994,99.48733
14.50000,12.14986,99.48575
14.55000,12.14978,99.48418
14.60000,12.14971,99.48260
14.65000,12.14964,99.48103
14.70000,12.14956,99.47946
14.75000,12.14949,99.47789
14.80100,12.14941,99.47628
14.85000,12.14934,99.47474
14.90100,12.14927,99.47314
14.95300,12.14919,99.47150
15.00000,12.14912,99.47002
15.05000,12.14905,99.46845
15.10000,12.14897,99.46688
15.15000,12.14889,99.46531
15.20000,12.14881,99.46374
15.25100,12.14874,99.46214
15.30000,12.14867,99.46059
15.35100,12.14860,99.45899
15.40100,12.14853,99.45742
15.45000,12.14847,99.45589
15.50000,12.14841,99.45432
15.55100,12.14834,99.45271
15.60100,12.14828,99.45114
15.65100,12.14821,99.44957
15.70000,12.14815,99.44803
15.75100,12.14808,99.44643
15.80100,12.14801,99.44486
15.85100,12.14795,99.44329
15.90100,12.14790,99.44172
15.95000,12.14783,99.44019
16.00100,12.14775,99.43858
16.05200,12.14768,99.43698
16.10000,12.14762,99.43548
16.15000,12.14750,99.43391
16.20000,12.14736,99.43234
16.25000,12.14721,99.43077
16.30000,12.14706,99.42920
16.35000,12.14692,99.42764
16.40100,12.14677,99.42603
16.45100,12.14662,99.42446
16.50100,12.14647,99.42289
16.55100,12.14632,99.42133
16.60000,12.14618,99.41978
16.65100,12.14602,99.41818
16.70000,12.14588,99.41664
16.75100,12.14573,99.41504
16.80100,12.14559,99.41347
16.85000,12.14544,99.41193
16.90000,12.14530,99.41036
16.95200,12.14516,99.40873
17.00100,12.14503,99.40719
17.05200,12.14489,99.40559
17.10000,12.14476,99.40408
17.15000,12.14463,99.40250
17.20000,12.14449,99.40093
17.25000,12.14436,99.39936
17.30000,12.14423,99.39779
17.35000,12.14410,99.39622
17.40000,12.14397,99.39465
17.45000,12.14384,99.39307
17.50000,12.14371,99.39150
17.55000,12.14359,99.38993
17.60000,12.14347,99.38835
17.65100,12.14335,99.38675
17.70100,12.14323,99.38518
17.75000,12.14311,99.38364
17.80000,12.14299,99.38206
17.85100,12.14287,99.38046
17.90100,12.14275,99.37889
17.95000,12.14264,99.37735
18.00000,12.14253,99.37578
18.05000,12.14242,99.37420
18.10000,12.14231,99.37263
18.15000,12.14220,99.37106
18.20000,12.14210,99.36948
18.25100,12.14200,99.36788
18.30000,12.14190,99.36634
18.35000,12.14181,99.36477
18.40000,12.14172,99.36320
18.45000,12.14163,99.36162
18.50000,12.14154,99.36005
18.55000,12.14144,99.35847
18.60100,12.14136,99.35687
18.65100,12.14127,99.35530
18.70000,12.14119,99.35376
18.75100,12.14110,99.35216
18.80000,12.14101,99.35062
18.85100,12.14093,99.34901
18.90000,12.14085,99.34747
18.95000,12.14077,99.34590
19.00000,12.14069,99.34433
19.05000,12.14060,99.34276
19.10000,12.14052,99.34119
19.15000,12.14045,99.33961
19.20000,12.14038,99.33804
19.25000,12.14031,99.33647
19.30100,12.14025,99.33487
19.35000,12.14019,99.33333
19.40000,12.14014,99.33176
19.45000,12.14009,99.33019
19.50100,12.14003,99.32859
19.55100,12.13997,99.32702
19.60100,12.13991,99.32545
19.65000,12.13985,99.32391
19.70100,12.13979,99.32231
19.75000,12.13973,99.32077
19.80000,12.13967,99.31921
19.85100,12.13962,99.31760
19.90000,12.13956,99.31606
19.95000,12.13945,99.31450
20.00000,12.13930,99.31293
20.05000,12.13914,99.31136
20.10000,12.13899,99.30979
20.15000,12.13883,99.30822
20.20000,12.13867,99.30665
20.25000,12.13852,99.30508
20.30000,12.13836,99.30351
20.35000,12.13821,99.30194
20.40000,12.13806,99.30037
20.45000,12.13790,99.29880
20.50000,12.13775,99.29723
20.55300,12.13759,99.29556
20.60100,12.13744,99.29405
20.65100,12.13729,99.29248
20.70000,12.13714,99.29094
20.75100,12.13699,99.28934
20.80000,12.13684,99.28780
20.85000,12.13669,99.28622
20.90200,12.13655,99.28459
20.95100,12.13641,99.28305
21.00100,12.13627,99.28148
21.05000,12.13613,99.27994
21.10000,12.13599,99.27837
21.15100,12.13587,99.27676
21.20200,12.13573,99.27515
21.25200,12.13560,99.27358
21.30000,12.13546,99.27207
21.35100,12.13533,99.27046
21.40200,12.13520,99.26886
21.45000,12.13507,99.26735
21.50000,12.13495,99.26578
21.55000,12.13483,99.26421
21.60000,12.13471,99.26263
21.65000,12.13459,99.26105
21.70100,12.13447,99.25945
21.75000,12.13436,99.25790
21.80100,12.13425,99.25630
21.85000,12.13414,99.25476
21.90100,12.13403,99.25315
21.95200,12.13393,99.25155
22.00200,12.13383,99.25001
22.05100,12.13373,99.24843
22.10100,12.13363,99.24686
22.15100,12.13354,99.24529
22.20000,12.13345,99.24374
22.25100,12.13336,99.24213
22.30200,12.13327,99.24053
22.35100,12.13319,99.23899
22.40100,12.13310,99.23741
22.45100,12.13302,99.23584
22.50000,12.13294,99.23430
22.55200,12.13286,99.23267
22.60000,12.13280,99.23116
22.65000,12.13273,99.22958
22.70000,12.13266,99.22800
22.75000,12.13260,99.22643
22.80200,12.13253,99.22480
22.85000,12.13248,99.22329
22.90100,12.13241,99.22169
22.95000,12.13235,99.22015
23.00000,12.13229,99.21857
23.05000,12.13224,99.21700
23.10100,12.13218,99.21540
23.15000,12.13212,99.21386
23.20000,12.13207,99.21229
23.25000,12.13202,99.21072
23.30000,12.13196,99.20914
23.35000,12.13191,99.20757
23.40000,12.13186,99.20600
23.45100,12.13181,99.20440
23.50000,12.13176,99.20286
23.55000,12.13170,99.20129
23.60000,12.13165,99.19972
23.65100,12.13158,99.19812
23.70100,12.13152,99.19655
23.75200,12.13145,99.19495
23.80100,12.13137,99.19341
23.85000,12.13129,99.19187
23.90000,12.13131,99.19031
23.95000,12.13096,99.18874
24.00000,12.13058,99.18716
24.05000,12.13040,99.18559
24.10000,12.13036,99.18402
24.15000,12.13047,99.18245
24.20100,12.13070,99.18085
24.25100,12.13022,99.17928
24.30100,12.12952,99.17771
24.35100,12.12869,99.17613
24.40100,12.12774,99.17455
24.45000,12.12668,99.17300
24.50200,12.12550,99.17136
24.55100,12.12422,99.16980
24.60000,12.12284,99.16824
24.65200,12.12137,99.16656
24.70000,12.11984,99.16502
24.75100,12.11825,99.16338
24.80100,12.11661,99.16177
24.85000,12.11510,99.16017
24.90000,12.11405,99.15855
24.95100,12.11362,99.15688
25.00200,12.11374,99.15523
25.05200,12.11457,99.15360
25.10100,12.11575,99.15202
25.15100,12.11691,99.15040
25.20000,12.11817,99.14883
25.25000,12.11938,99.14722
25.30100,12.12059,99.14559
25.35000,12.12186,99.14403
25.40000,12.12312,99.14244
25.45000,12.12437,99.14085
25.50000,12.12557,99.13927
25.55100,12.12682,99.13767
25.60100,12.12780,99.13611
25.65000,12.12643,99.13456
25.70100,12.12500,99.13295
25.75100,12.12377,99.13137
25.80100,12.12323,99.12978
25.85100,12.12303,99.12820
25.90100,12.12332,99.12662
25.95000,12.12369,99.12507
26.00000,12.12376,99.12348
26.05000,12.12323,99.12190
26.10100,12.12225,99.12029
26.15100,12.12095,99.11869
26.20000,12.11967,99.11713
26.25100,12.11842,99.11549
26.30100,12.11721,99.11389
26.35000,12.11605,99.11232
26.40000,12.11490,99.11070
26.45000,12.11380,99.10909
26.50000,12.11272,99.10747
26.55100,12.11168,99.10581
26.60000,12.11068,99.10422
26.65000,12.10972,99.10259
26.70100,12.10881,99.10092
26.75000,12.10793,99.09932
26.80100,12.10709,99.09765
26.85000,12.10621,99.09604
26.90000,12.10573,99.09440
26.95000,12.10560,99.09276
27.00100,12.10557,99.09111
27.05000,12.10527,99.08947
27.10000,12.10474,99.08782
27.15200,12.10399,99.08611
27.20100,12.10323,99.08450
27.25100,12.10252,99.08284
27.30100,12.10183,99.08118
27.35100,12.10119,99.07953
27.40000,12.10057,99.07790
27.45000,12.10029,99.07624
27.50200,12.10020,99.07452
27.55100,12.09991,99.07289
27.60200,12.09939,99.07120
27.65100,12.09891,99.06956
27.70000,12.09848,99.06793
27.75000,12.09808,99.06627
27.80000,12.09771,99.06461
27.85100,12.09735,99.06290
27.90000,12.09701,99.06126
27.95000,12.09680,99.05960
28.00000,12.09653,99.05793
28.05100,12.09626,99.05623
28.10000,12.09612,99.05459
28.15000,12.09589,99.05292
28.20100,12.09569,99.05122
28.25100,12.09558,99.04955
28.30000,12.09543,99.04790
28.35000,12.09536,99.04623
28.40000,12.09523,99.04456
28.45000,12.09511,99.04289
28.50100,12.09501,99.04119
28.55100,12.09491,99.03952
28.60000,12.09483,99.03788
28.65200,12.09474,99.03614
28.70000,12.09472,99.03454
28.75000,12.09480,99.03287
28.80000,12.09504,99.03120
28.85100,12.09519,99.02950
28.90100,12.09538,99.02783
28.95000,12.09528,99.02620
29.00100,12.09520,99.02450
29.05000,12.09513,99.02287
29.10100,12.09507,99.02117
29.15000,12.09502,99.01954
29.20100,12.09498,99.01784
29.25000,12.09505,99.01620
29.30000,12.09529,99.01454
29.35000,12.09552,99.01288
29.40100,12.09576,99.01118
29.45200,12.09615,99.00949
29.50100,12.09658,99.00787
29.55000,12.09702,99.00625
29.60000,12.09716,99.00459
29.65100,12.09708,99.00291
29.70100,12.09704,99.00125
29.75000,12.09700,98.99963
29.80000,12.09697,98.99798
29.85000,12.09694,98.99632
29.90000,12.09692,98.99467
29.95000,12.09700,98.99302
30.00100,12.09728,98.99134
30.05000,12.09769,98.98972
30.10000,12.09813,98.98808
30.15000,12.09863,98.98643
30.20000,12.09918,98.98479
30.25200,12.09978,98.98309
30.30100,12.10039,98.98148
30.35000,12.10097,98.97988
30.40100,12.10144,98.97822
30.45100,12.10150,98.97659
30.50000,12.10145,98.97499
30.55100,12.10140,98.97333
30.60100,12.10137,98.97169
30.65200,12.10144,98.97003
30.70000,12.10185,98.96847
30.75000,12.10244,98.96684
30.80000,12.10304,98.96523
30.85100,12.10364,98.96357
30.90100,12.10427,98.96195
30.95000,12.10488,98.96037
31.00100,12.10491,98.95872
31.05000,12.10476,98.95715
31.10000,12.10462,98.95553
31.15100,12.10447,98.95389
31.20000,12.10451,98.95230
31.25000,12.10501,98.95069
31.30000,12.10561,98.94908
31.35100,12.10620,98.94744
31.40000,12.10681,98.94588
31.45100,12.10742,98.94424
31.50000,12.10804,98.94267
31.55000,12.10866,98.94108
31.60000,12.10931,98.93949
31.65100,12.10999,98.93787
31.70200,12.11033,98.93625
31.75000,12.11008,98.93472
31.80000,12.10965,98.93314
31.85100,12.10957,98.93151
31.90000,12.10995,98.92995
31.95000,12.11030,98.92837
32.00000,12.11062,98.92679
32.05000,12.11116,98.92520
32.10100,12.11177,98.92359
32.15100,12.11236,98.92202
32.20100,12.11199,98.92044
32.25000,12.11140,98.91889
32.30000,12.11086,98.91731
32.35100,12.11030,98.91570
32.40000,12.11008,98.91415
32.45200,12.11024,98.91250
32.50000,12.11043,98.91098
32.55200,12.11064,98.90933
32.60100,12.11102,98.90779
32.65100,12.11153,98.90621
32.70100,12.11200,98.90464
32.75100,12.11153,98.90306
32.80100,12.11084,98.90149
32.85400,12.11016,98.89981
32.90000,12.10951,98.89835
32.95100,12.10907,98.89674
33.00000,12.10938,98.89519
33.05100,12.10974,98.89358
33.10000,12.10978,98.89203
33.15000,12.10994,98.89045
33.20000,12.11019,98.88888
33.25000,12.11057,98.88730
33.30000,12.11006,98.88573
33.35100,12.10924,98.88411
33.40000,12.10847,98.88256
33.45000,12.10797,98.88097
33.50000,12.10827,98.87939
33.55000,12.10865,98.87782
33.60000,12.10903,98.87624
33.65000,12.10939,98.87466
33.70000,12.10975,98.87309
33.75000,12.11013,98.87151
33.80000,12.11048,98.86994
33.85000,12.11085,98.86837
33.90000,12.11101,98.86680
33.95000,12.11046,98.86523
34.00200,12.10998,98.86359
34.05200,12.10979,98.86202
34.10100,12.10975,98.86048
34.15100,12.10993,98.85891
34.20100,12.11026,98.85734
34.25000,12.10911,98.85580
34.30000,12.10799,98.85422
34.35100,12.10689,98.85261
34.40000,12.10607,98.85105
34.45000,12.10571,98.84946
34.50200,12.10536,98.84782
34.55000,12.10528,98.84630
34.60100,12.10525,98.84468
34.65100,12.10521,98.84309
34.70100,12.10530,98.84151
34.75100,12.10508,98.83992
34.80200,12.10392,98.83830
34.85100,12.10278,98.83674
34.90100,12.10169,98.83514
34.95300,12.10061,98.83347
35.00100,12.09986,98.83194
35.05100,12.09992,98.83033
35.10100,12.10003,98.82873
35.15100,12.10014,98.82713
35.20100,12.10025,98.82553
35.25100,12.10037,98.82393
35.30000,12.10050,98.82236
35.35000,12.10069,98.82076
35.40000,12.10079,98.81917
35.45000,12.10084,98.81757
35.50100,12.10062,98.81594
35.55000,12.10045,98.81438
35.60000,12.10024,98.81277
35.65000,12.10032,98.81118
35.70000,12.10044,98.80959
35.75000,12.09950,98.80798
35.80200,12.09820,98.80632
35.85000,12.09699,98.80477
35.90200,12.09616,98.80310
35.95100,12.09599,98.80152
36.00000,12.09611,98.79994
36.05000,12.09623,98.79833
36.10000,12.09635,98.79672
36.15000,12.09650,98.79511
36.20100,12.09668,98.79347
36.25100,12.09685,98.79187
36.30000,12.09704,98.79029
36.35100,12.09723,98.78866
36.40000,12.09742,98.78709
36.45100,12.09763,98.78545
36.50100,12.09783,98.78385
36.55100,11.98284,98.78173
36.60000,11.99388,98.77969
36.65300,12.09088,98.77796
36.70200,12.10073,98.77641
36.75100,11.98426,98.77433
36.80000,12.09092,98.77274
36.85100,11.98164,98.77057
36.90100,11.99338,98.76849
36.95100,11.99230,98.76640
37.00100,11.99253,98.76432
37.05100,12.09320,98.76270
37.10100,12.10117,98.76112
37.15100,12.09933,98.75953
37.20100,12.09895,98.75794
37.25000,12.09867,98.75639
37.30200,12.09838,98.75473
37.35000,12.09810,98.75320
37.40100,12.09782,98.75157
37.45000,12.09755,98.75002
37.50100,12.09730,98.74838
37.55100,12.09704,98.74679
37.60200,12.09679,98.74516
37.65100,12.09652,98.74360
37.70000,12.09623,98.74203
37.75100,12.09597,98.74040
37.80100,12.09569,98.73881
37.85000,12.09541,98.73724
37.90000,12.09515,98.73564
37.95000,12.09489,98.73404
38.00000,12.09464,98.73244
38.05000,12.09440,98.73083
38.10000,12.09416,98.72923
38.15100,12.09393,98.72760
38.20000,12.09371,98.72603
38.25100,12.09348,98.72440
38.30100,12.09327,98.72279
38.35000,12.09307,98.72121
38.40100,12.09287,98.71958
38.45100,12.09268,98.71798
38.50300,12.09250,98.71634
38.55000,12.09233,98.71480
38.60100,12.09216,98.71316
38.65000,12.09200,98.71159
38.70000,12.09184,98.70998
38.75000,12.09168,98.70837
38.80000,12.09153,98.70676
38.85100,12.09139,98.70512
38.90200,12.09105,98.70348
38.95100,12.09006,98.70190
39.00000,12.08899,98.70033
39.05000,12.08765,98.69870
39.10000,12.08668,98.69708
39.15200,12.08611,98.69539
39.20100,12.08580,98.69379
39.25100,12.08574,98.69217
39.30000,12.08571,98.69057
39.35000,12.08569,98.68895
39.40100,12.08567,98.68729
39.45000,12.08565,98.68570
39.50100,12.08555,98.68404
39.55000,12.08547,98.68245
39.60000,12.08524,98.68082
39.65000,12.08473,98.67920
39.70000,12.08378,98.67757
39.75100,12.08236,98.67590
39.80000,12.08007,98.67429
39.85100,12.07747,98.67261
39.90200,12.07469,98.67091
39.95000,12.07208,98.66930
40.00000,12.06937,98.66762
40.05100,12.06662,98.66589
40.10100,12.38930,98.66544
40.15000,12.10794,98.66394
40.20100,12.10519,98.66236
40.25000,12.10346,98.66084
40.30000,12.10335,98.65929
40.35000,12.10396,98.65775
40.40000,12.10454,98.65620
40.45000,9.00000,98.63476
40.50000,12.06121,98.63306
40.55200,12.06205,98.63129
40.60200,12.06101,98.62958
40.65100,12.05926,98.62791
40.70200,12.05766,98.62615
40.75300,12.05589,98.62432
40.80200,12.38659,98.62388
40.85300,12.09803,98.62228
40.90100,12.09662,98.62078
40.95100,12.09593,98.61921
41.00000,12.09629,98.61768
41.05100,9.00000,98.59619
41.10000,12.05195,98.59439
41.15000,12.05182,98.59258
41.20000,12.05070,98.59077
41.25000,12.04971,98.58897
41.30100,12.04892,98.58711
41.35000,12.04812,98.58533
41.40000,12.04770,98.58351
41.45100,12.04770,98.58166
41.50200,12.04790,98.57980
41.55100,12.04796,98.57802
41.60000,12.04764,98.57624
41.65000,12.04726,98.57442
41.70000,12.04687,98.57260
41.75200,12.04653,98.57071
41.80100,12.04627,98.56892
41.85000,12.04608,98.56714
41.90100,12.04596,98.56528
41.95100,12.04587,98.56345
42.00000,12.04594,98.56167
42.05100,12.04595,98.55981
42.10000,12.04617,98.55803
42.15100,12.04674,98.55618
42.20100,12.04745,98.55436
42.25100,12.04790,98.55255
42.30000,12.04839,98.55078
42.35100,12.04884,98.54893
42.40000,12.04915,98.54716
42.45000,12.04944,98.54536
42.50000,12.04981,98.54356
42.55100,12.05022,98.54173
42.60100,12.05065,98.53992
42.65000,12.05116,98.53817
42.70000,12.05167,98.53638
42.75000,12.05228,98.53466
42.80000,12.05292,98.53294
42.85000,12.05350,98.53123
42.90100,12.05422,98.52950
42.95000,12.05518,98.52782
43.00100,12.05609,98.52609
43.05000,12.05692,98.52443
43.10100,12.05758,98.52270
43.15100,12.05819,98.52101
43.20000,12.05877,98.51936
43.25100,12.05937,98.51764
43.30000,12.05996,98.51598
43.35400,11.99489,98.51381
43.40100,12.00303,98.51195
43.45100,11.99986,98.50996
43.50100,12.00374,98.50798
43.55100,12.00302,98.50600
43.60100,12.00456,98.50403
43.65000,12.05534,98.50237
43.70200,12.06340,98.50063
43.75200,12.06154,98.49895
43.80100,12.06052,98.49731
43.85000,12.05994,98.49567
43.90100,12.05983,98.49396
43.95000,12.05998,98.49232
44.00000,12.06017,98.49064
44.05000,12.06039,98.48896
44.10000,12.06058,98.48729
44.15000,12.06067,98.48562
44.20100,12.06065,98.48391
44.25000,12.06064,98.48227
44.30100,12.06065,98.48056
44.35100,12.06067,98.47889
44.40100,12.06071,98.47722
44.45200,12.06077,98.47552
44.50000,12.06085,98.47392
44.55100,12.06094,98.47221
44.60100,12.06104,98.47054
44.65000,12.06117,98.46891
44.70000,12.06131,98.46724
44.75200,12.06145,98.46551
44.80000,12.06163,98.46391
44.85000,11.98798,98.46188
44.90000,11.99681,98.45988
44.95000,11.99588,98.45789
45.00200,12.05533,98.45613
45.05000,12.06352,98.45454
45.10100,12.06183,98.45285
45.15000,12.06163,98.45122
45.20100,12.06163,98.44952
45.25100,12.06161,98.44786
45.30100,12.06159,98.44620
45.35200,12.06164,98.44457
45.40100,12.06173,98.44288
45.45000,12.06190,98.44125
45.50000,11.98392,98.43922
45.55100,12.05329,98.43749
45.60000,12.06361,98.43587
45.65000,11.98151,98.43382
45.70000,11.98855,98.43180
45.75000,12.05449,98.43011
45.80000,12.06387,98.42847
45.85100,12.06143,98.42677
45.90100,12.06018,98.42512
45.95200,12.05987,98.42342
46.00100,12.05950,98.42178
46.05100,12.05915,98.42012
46.10000,12.05876,98.41849
46.15100,12.05835,98.41679
46.20000,12.05800,98.41515
46.25000,12.05767,98.41348
46.30000,12.05735,98.41181
46.35200,11.97580,98.40967
46.40100,11.98557,98.40768
46.45000,11.98071,98.40567
46.50000,12.04780,98.40397
46.55000,12.05705,98.40230
46.60100,12.05377,98.40058
46.65000,12.05126,98.39893
46.70000,12.04882,98.39722
46.75000,11.97327,98.39516
46.80100,12.37375,98.39470
46.85100,9.00000,98.37266
46.90100,11.97788,98.37061
46.95000,11.97254,98.36858
47.00100,11.97269,98.36648
47.05000,12.37175,98.36604
47.10000,12.06752,98.36443
47.15000,12.05577,98.36275
47.20000,12.04282,98.36105
47.25100,12.02819,98.35916
47.30100,12.01230,98.35725
47.35000,11.99588,98.35532
47.40000,11.97982,98.35329
47.45200,11.96482,98.35110
47.50000,11.95122,98.34904
47.55000,11.93908,98.34685
47.60000,11.92823,98.34460
47.65100,11.91852,98.34229
47.70000,11.90974,98.34002
47.75000,11.90180,98.33768
47.80000,11.89451,98.33530
47.85100,11.88780,98.33286
47.90000,11.88205,98.33049
47.95000,11.87800,98.32805
48.00000,11.87566,98.32561
48.05000,11.87496,98.32316
48.10000,11.87569,98.32072
48.15000,11.87747,98.31828
48.20000,9.00000,98.29639
48.25000,12.01468,98.29452
48.30200,12.00895,98.29257
48.35000,12.00752,98.29070
48.40100,12.00402,98.28874
48.45000,12.00258,98.28685
48.50100,12.00155,98.28488
48.55000,12.00218,98.28299
48.60000,12.00299,98.28107
48.65100,12.00085,98.27909
48.70100,11.99916,98.27715
48.75000,11.99952,98.27525
48.80100,11.99849,98.27327
48.85100,11.99451,98.27132
48.90100,11.99742,98.26937
48.95100,11.99451,98.26742
49.00100,11.99421,98.26546
49.05000,11.99515,98.26354
49.10000,11.99165,98.26157
49.15000,12.36521,98.26113
49.20100,11.88505,98.25870
49.25200,11.87935,98.25623
49.30100,11.87471,98.25385
49.35100,11.87097,98.25140
49.40000,11.86768,98.24900
49.45000,11.86511,98.24653
49.50100,11.86356,98.24401
49.55000,11.86287,98.24158
49.60000,9.00000,98.21975
49.65000,12.00514,98.21784
49.70000,12.00269,98.21593
49.75000,11.99621,98.21400
49.80000,11.99165,98.21204
49.85100,11.98962,98.21004
49.90000,11.98558,98.20811
49.95100,11.98571,98.20609
50.00200,11.98428,98.20407
50.05100,11.98213,98.20213
50.10100,11.98132,98.20013
50.15000,11.98025,98.19817
50.20000,11.98043,98.19618
50.25000,11.97971,98.19418
50.30000,11.97711,98.19218
50.35000,11.97974,98.19018
50.40200,11.97919,98.18810
50.45100,11.97628,98.18613
50.50100,11.97376,98.18411
50.55100,11.97549,98.18211
50.60100,12.36018,98.18166
50.65100,9.00000,98.15972
50.70000,12.35852,98.15929
50.75000,11.91110,98.15703
50.80000,11.90932,98.15476
50.85000,11.90879,98.15249
50.90000,11.90886,98.15022
50.95100,11.90937,98.14791
51.00000,11.90991,98.14570
51.05100,11.91052,98.14339
51.10100,11.91120,98.14114
51.15200,11.91196,98.13884
51.20100,11.91278,98.13663
51.25100,11.91367,98.13438
51.30100,11.91463,98.13215
51.35000,11.91565,98.12996
51.40000,11.91674,98.12772
51.45000,11.91789,98.12550
51.50000,11.91909,98.12328
51.55000,11.92035,98.12106
51.60200,11.92166,98.11877
51.65000,11.92302,98.11665
51.70100,11.92445,98.11440
51.75100,11.92591,98.11221
51.80100,11.92743,98.11003
51.85200,11.92899,98.10781
51.90000,11.93059,98.10572
51.95100,11.93224,98.10352
52.00100,11.93392,98.10136
52.05000,11.93565,98.09925
52.10000,11.93741,98.09711
52.15100,11.93921,98.09498
52.20000,11.94104,98.09285
52.25000,11.94291,98.09073
52.30000,11.94480,98.08862
52.35100,11.94673,98.08648
52.40000,11.94868,98.08443
52.45000,11.95066,98.08234
52.50000,11.95266,98.08026
52.55100,11.95468,98.07815
52.60100,11.95673,98.07609
52.65200,11.95880,98.07400
52.70100,11.96088,98.07199
52.75000,11.96299,98.07000
52.80100,11.96511,98.06793
52.85000,11.96724,98.06596
52.90000,11.96939,98.06395
52.95000,11.97156,98.06195
53.00000,11.97373,98.05996
53.05000,11.97591,98.05798
53.10000,11.97810,98.05601
53.15000,11.98029,98.05405
53.20100,9.00000,98.03209
53.25000,11.93867,98.03001
53.30100,11.94076,98.02785
53.35000,11.94259,98.02579
53.40000,12.03562,98.02413
53.45000,12.04606,98.02251
53.50000,12.04246,98.02087
53.55300,12.04099,98.01913
53.60100,12.03857,98.01756
53.65000,12.03743,98.01593
53.70000,12.03473,98.01427
53.75000,12.03326,98.01260
53.80000,12.03131,98.01093
53.85000,12.03231,98.00925
53.90000,12.02966,98.00758
53.95100,12.02660,98.00584
54.00000,12.02379,98.00418
54.05000,12.02500,98.00248
54.10100,12.02330,98.00074
54.15000,12.02365,97.99907
54.20000,11.95572,97.99702
54.25100,11.96625,97.99498
54.30100,12.00643,97.99314
54.35000,11.95326,97.99113
54.40000,12.34882,97.99068
54.45100,12.00942,97.98882
54.50000,12.00896,97.98701
54.55200,9.00000,97.96529
54.60000,12.01289,97.96355
54.65100,12.00826,97.96169
54.70200,12.00446,97.95981
54.75000,12.00547,97.95805
54.80100,12.00193,97.95615
54.85000,12.34655,97.95572
54.90000,12.01600,97.95393
54.95200,9.00000,97.93214
55.00100,12.34484,97.93170
55.05000,12.01186,97.92994
55.10100,12.01041,97.92809
55.15000,12.00925,97.92631
55.20000,12.00843,97.92449
55.25000,12.00815,97.92268
55.30000,12.00835,97.92086
55.35000,12.00889,97.91904
55.40100,12.00984,97.91720
55.45100,9.00000,97.89548
55.50000,11.99652,97.89367
55.55000,11.99295,97.89180
55.60000,11.99322,97.88993
55.65200,11.98875,97.88797
55.70100,11.98845,97.88612
55.75000,11.98780,97.88427
55.80100,11.98606,97.88233
55.85200,11.98512,97.88039
55.90100,11.98271,97.87852
55.95200,12.34173,97.87807
56.00000,9.00000,97.85634
56.05100,12.34014,97.85588
56.10100,12.02372,97.85422
56.15100,12.02261,97.85255
56.20000,12.02269,97.85091
56.25400,12.02307,97.84911
56.30100,12.02534,97.84755
56.35100,9.00000,97.82571
56.40000,11.99974,97.82392
56.45000,11.96931,97.82198
56.50000,12.33805,97.82153
56.55000,9.00000,97.79971
56.60000,11.96965,97.79778
56.65200,11.97056,97.79576
56.70000,12.33590,97.79533
56.75000,11.93019,97.79324
56.80100,11.92858,97.79109
56.85100,11.93441,97.78902
56.90000,11.93925,97.78700
56.95000,11.94130,97.78495
57.00000,11.94151,97.78291
57.05000,11.94172,97.78086
57.10100,11.94200,97.77878
57.15000,11.94238,97.77677
57.20000,11.94277,97.77473
57.25000,11.94325,97.77269
57.30100,11.94376,97.77061
57.35100,11.94435,97.76859
57.40000,11.94498,97.76659
57.45000,11.94550,97.76456
57.50100,11.94636,97.76250
57.55000,11.94716,97.76052
57.60200,11.94795,97.75842
57.65000,11.94886,97.75649
57.70200,11.94973,97.75440
57.75100,11.95071,97.75243
57.80000,11.95171,97.75048
57.85100,11.95272,97.74844
57.90000,11.95381,97.74649
57.95000,11.95491,97.74451
58.00000,11.95606,97.74252
58.05100,11.95722,97.74051
58.10000,11.95844,97.73857
58.15100,11.95967,97.73657
58.20300,11.96092,97.73453
58.25200,11.96225,97.73265
58.30100,11.96356,97.73071
58.35000,11.96492,97.72880
58.40000,11.96628,97.72686
58.45100,11.96766,97.72489
58.50000,11.96756,97.72300
58.55100,11.96784,97.72103
58.60000,11.96878,97.71915
58.65100,11.96974,97.71719
58.70100,11.97074,97.71526
58.75000,11.97176,97.71339
58.80100,11.97280,97.71144
58.85100,11.97384,97.70954
58.90100,11.97489,97.70764
58.95200,11.97591,97.70571
59.00000,11.97701,97.70390
59.05000,11.97797,97.70201
59.10100,11.97890,97.70009
59.15200,11.97983,97.69817
59.20100,11.98078,97.69633
59.25000,11.98162,97.69450
59.30000,11.98234,97.69263
59.35000,11.98303,97.69077
59.40000,11.98362,97.68891
59.45100,11.98407,97.68702
59.50000,11.98454,97.68520
59.55000,11.98475,97.68334
59.60100,11.98480,97.68145
59.65000,11.98485,97.67963
59.70200,9.00000,97.65771
59.75100,11.93874,97.65572
59.80000,11.93962,97.65372
59.85000,11.93754,97.65170
59.90000,11.93394,97.64964
59.95100,12.32829,97.64919
60.00000,11.96083,97.64729
60.05000,11.92981,97.64522
60.10100,11.90238,97.64301
60.15000,11.89645,97.64085
60.20000,11.89659,97.63866
60.25000,11.89744,97.63647
60.30000,11.89830,97.63428
60.35000,11.89928,97.63210
60.40000,11.90038,97.62991
60.45000,11.90159,97.62774
60.50100,9.00000,97.60595
60.55100,11.99937,97.60424
60.60100,11.99593,97.60252
60.65000,11.99308,97.60076
60.70000,11.98774,97.59894
60.75100,11.98441,97.59707
60.80000,11.98316,97.59526
60.85100,11.98210,97.59338
60.90100,11.98000,97.59153
60.95000,11.98020,97.58971
61.00000,11.97693,97.58785
61.05000,11.97721,97.58599
61.10000,11.97594,97.58412
61.15000,11.97510,97.58225
61.20000,11.97253,97.58038
61.25100,11.97243,97.57846
61.30000,11.97063,97.57661
61.35000,11.96810,97.57471
61.40000,11.96833,97.57281
61.45100,11.96627,97.57092
61.50100,11.96757,97.56898
61.55000,11.96361,97.56711
61.60000,11.96269,97.56519
61.65000,11.96302,97.56328
61.70300,11.96110,97.56128
61.75000,11.96276,97.55944
61.80200,11.95955,97.55743
61.85000,11.96000,97.55559
61.90000,12.32288,97.55514
61.95000,11.85174,97.55279
62.00100,11.84624,97.55036
62.05000,11.84246,97.54802
62.10000,11.83957,97.54562
62.15000,11.83783,97.54321
62.20000,11.83710,97.54079
62.25100,11.83723,97.53834
62.30300,9.00000,97.51654
62.35100,11.96331,97.51472
62.40100,11.95773,97.51283
62.45100,11.95287,97.51085
62.50200,11.95037,97.50886
62.55000,11.94575,97.50697
62.60100,11.94437,97.50495
62.65000,11.94156,97.50301
62.70000,11.93846,97.50101
62.75200,11.93843,97.49893
62.80100,11.93872,97.49698
62.85100,11.93828,97.49498
62.90200,11.93765,97.49294
62.95000,11.93531,97.49101
63.00000,11.93607,97.48901
63.05100,11.93518,97.48696
63.10100,11.93434,97.48495
63.15000,11.93307,97.48297
63.20100,11.93038,97.48091
63.25000,11.93286,97.47894
63.30100,11.93108,97.47687
63.35000,11.93133,97.47489
63.40200,12.31826,97.47443
63.45100,11.86465,97.47218
63.50200,11.85863,97.46983
63.55000,11.85372,97.46760
63.60100,11.85001,97.46520
63.65000,11.84673,97.46290
63.70100,11.84439,97.46049
63.75000,11.84313,97.45816
63.80000,11.84280,97.45580
63.85000,9.00000,97.43404
63.90200,11.94807,97.43203
63.95100,11.94199,97.43010
64.00100,11.93692,97.42811
64.05000,11.93440,97.42616
64.10000,11.93221,97.42415
64.15000,11.93338,97.42215
64.20000,11.93086,97.42014
64.25000,11.93384,97.41814
64.30100,11.93199,97.41610
64.35000,11.93114,97.41413
64.40000,11.93200,97.41212
64.45000,11.92881,97.41011
64.50100,11.92910,97.40806
64.55400,12.31441,97.40759
64.60000,11.86072,97.40548
64.65000,11.85478,97.40317
64.70100,11.84997,97.40079
64.75100,11.84621,97.39845
64.80100,11.84299,97.39610
64.85000,11.84089,97.39378
64.90000,11.83992,97.39141
64.95100,11.83991,97.38900
65.00200,9.00000,97.36722
65.05000,11.94157,97.36534
65.10100,11.93520,97.36332
65.15000,11.93088,97.36137
65.20200,11.92875,97.35928
65.25100,11.92465,97.35730
65.30000,11.92077,97.35531
65.35100,11.92009,97.35323
65.40200,11.91712,97.35114
65.45100,11.91494,97.34912
65.50000,11.91245,97.34710
65.55000,11.91228,97.34503
65.60000,11.91480,97.34297
65.65000,11.91252,97.34091
65.70100,11.91282,97.33881
65.75200,11.91021,97.33669
65.80000,11.91136,97.33470
65.85000,11.90939,97.33263
65.90000,11.91147,97.33056
65.95100,11.91269,97.32845
66.00000,11.90682,97.32642
66.05000,11.90959,97.32434
66.10000,12.30983,97.32389
66.15000,11.87327,97.32168
66.20100,11.86797,97.31939
66.25000,11.86473,97.31718
66.30000,11.86272,97.31493
66.35000,11.86159,97.31266
66.40000,11.86196,97.31040
66.45000,9.00000,97.28852
66.50100,11.91526,97.28644
66.55000,11.91199,97.28442
66.60000,11.90727,97.28236
66.65100,11.90355,97.28023
66.70100,11.90104,97.27813
66.75100,11.89575,97.27601
66.80100,11.89460,97.27389
66.85100,11.89444,97.27177
66.90100,11.89433,97.26965
66.95000,11.89228,97.26756
67.00000,11.89430,97.26544
67.05000,11.89371,97.26331
67.10000,11.89353,97.26119
67.15100,11.89307,97.25903
67.20000,11.89258,97.25694
67.25100,11.89475,97.25478
67.30100,12.30595,97.25433
67.35300,11.88722,97.25211
67.40000,11.88080,97.25006
67.45300,11.87507,97.24773
67.50100,11.86948,97.24561
67.55000,11.86409,97.24342
67.60100,11.85890,97.24111
67.65000,11.85424,97.23888
67.70000,11.84982,97.23659
67.75100,11.84546,97.23424
67.80200,11.84162,97.23186
67.85000,11.83916,97.22962
67.90200,11.83853,97.22720
67.95100,11.83933,97.22491
68.00000,11.84149,97.22263
68.05000,11.84513,97.22032
68.10000,9.00000,97.19854
68.15100,11.92846,97.19653
68.20100,11.92651,97.19456
68.25000,11.92268,97.19260
68.30000,11.92157,97.19061
68.35000,11.91638,97.18859
68.40000,11.91767,97.18658
68.45000,11.91807,97.18457
68.50100,11.91808,97.18253
68.55000,11.91698,97.18055
68.60100,11.91720,97.17850
68.65200,11.91507,97.17645
68.70100,11.91510,97.17446
68.75000,11.91664,97.17249
68.80000,12.30137,97.17204
68.85000,11.85826,97.16980
68.90000,11.85210,97.16753
68.95000,11.84693,97.16525
69.00200,11.84294,97.16285
69.05000,11.83932,97.16062
69.10000,11.83641,97.15829
69.15000,11.83482,97.15596
69.20000,11.83472,97.15363
69.25000,9.00000,97.13187
69.30000,11.93332,97.12994
69.35100,11.92281,97.12792
69.40000,11.92016,97.12598
69.45100,11.91751,97.12394
69.50100,11.91249,97.12193
69.55000,11.91026,97.11993
69.60000,11.90883,97.11790
69.65000,11.90776,97.11588
69.70000,11.90473,97.11383
69.75000,11.90461,97.11178
69.80100,11.90248,97.10969
69.85000,11.90185,97.10767
69.90100,11.90449,97.10558
69.95000,11.90405,97.10358
70.00000,11.90254,97.10152
70.05000,11.90089,97.09946
70.10000,11.89957,97.09740
70.15000,11.90266,97.09535
70.20000,12.29707,97.09491
70.25000,11.85936,97.09268
70.30000,11.85301,97.09044
70.35000,11.84726,97.08817
70.40000,11.84187,97.08588
70.45100,11.83658,97.08352
70.50000,11.83126,97.08123
70.55100,11.82607,97.07883
70.60200,11.82093,97.07641
70.65200,11.81588,97.07402
70.70100,11.81071,97.07166
70.75100,11.80490,97.06921
70.80300,11.79995,97.06667
70.85100,11.79523,97.06429
70.90000,11.79171,97.06185
70.95000,11.78967,97.05936
71.00000,11.78900,97.05686
71.05000,11.78938,97.05437
71.10100,11.79069,97.05183
71.15000,11.79275,97.04940
71.20100,9.00000,97.02779
71.25000,11.94719,97.02597
71.30000,11.93969,97.02409
71.35000,11.93492,97.02218
71.40000,11.93454,97.02027
71.45100,11.93223,97.01832
71.50000,11.93232,97.01644
71.55000,11.93221,97.01452
71.60000,11.92997,97.01260
71.65100,11.93089,97.01064
71.70000,11.92946,97.00875
71.75100,11.92752,97.00678
71.80000,11.92793,97.00489
71.85000,11.92693,97.00295
71.90000,11.92638,97.00102
71.95000,11.92352,96.99907
72.00200,11.92284,96.99705
72.05100,11.92189,96.99513
72.10100,11.92185,96.99318
72.15100,11.92449,96.99123
72.20000,11.92003,96.98931
72.25000,12.29129,96.98887
72.30100,11.81645,96.98645
72.35100,11.81068,96.98405
72.40100,11.80604,96.98164
72.45100,11.80230,96.97922
72.50200,11.79910,96.97673
72.55100,11.79700,96.97433
72.60000,11.79598,96.97193
72.65000,9.00000,96.95034
72.70200,11.93511,96.94838
72.75100,11.92882,96.94650
72.80000,11.92321,96.94460
72.85000,11.92019,96.94266
72.90000,11.91845,96.94070
72.95000,11.91550,96.93874
73.00100,11.91395,96.93672
73.05000,11.91378,96.93479
73.10000,11.90987,96.93281
73.15100,11.90929,96.93078
73.20200,11.90880,96.92874
73.25100,11.90915,96.92680
73.30000,11.90761,96.92484
73.35000,11.90753,96.92284
73.40000,11.90725,96.92085
73.45200,11.90481,96.91876
73.50000,11.90436,96.91684
73.55000,11.90490,96.91483
73.60000,11.90293,96.91283
73.65000,12.28720,96.91238
73.70000,11.82377,96.91005
73.75000,11.81808,96.90770
73.80000,11.81430,96.90534
73.85100,11.81247,96.90292
73.90000,11.81174,96.90060
73.95100,9.00000,96.87887
74.00000,11.91077,96.87694
74.05000,11.90211,96.87493
74.10000,11.89735,96.87291
74.15000,11.89505,96.87087
74.20100,11.89180,96.86879
74.25100,11.88799,96.86673
74.30000,11.88673,96.86471
74.35000,11.88234,96.86263
74.40300,11.88163,96.86041
74.45200,11.88080,96.85837
74.50100,11.88202,96.85633
74.55100,11.88006,96.85424
74.60000,11.87955,96.85219
74.65000,11.88043,96.85011
74.70000,11.87937,96.84801
74.75000,11.87963,96.84592
74.80000,11.87870,96.84383
74.85000,11.87955,96.84174
74.90000,12.28337,96.84129
74.95000,11.84030,96.83904
75.00000,11.83407,96.83678
75.05000,11.82831,96.83449
75.10000,11.82338,96.83218
75.15000,11.81910,96.82985
75.20000,11.81557,96.82751
75.25100,11.81325,96.82510
75.30000,11.81212,96.82280
75.35000,11.81186,96.82044
75.40000,9.00000,96.79875
75.45000,11.90022,96.79675
75.50100,11.89386,96.79469
75.55000,11.89193,96.79270
75.60000,11.88813,96.79066
75.65000,11.88812,96.78862
75.70000,11.88565,96.78657
75.75100,11.88694,96.78448
75.80100,11.88722,96.78243
75.85200,11.88631,96.78034
75.90000,11.88463,96.77837
75.95000,11.88640,96.77632
76.00100,12.27977,96.77586
76.05000,9.00000,96.75417
76.10000,12.27817,96.75372
76.15000,11.81830,96.75141
76.20000,11.81292,96.74908
76.25200,11.80868,96.74664
76.30000,11.80528,96.74437
76.35000,11.80247,96.74200
76.40100,11.80065,96.73956
76.45000,9.00000,96.71794
76.50000,12.27590,96.71750
76.55000,9.00000,96.69582
76.60000,11.89697,96.69384
76.65000,11.89262,96.69184
76.70000,11.89332,96.68984
76.75000,11.88996,96.68784
76.80000,11.88992,96.68582
76.85100,11.89004,96.68378
76.90000,11.89064,96.68181
76.95100,11.88840,96.67975
77.00100,11.89088,96.67775
77.05000,12.27355,96.67731
77.10000,11.81020,96.67498
77.15100,11.80411,96.67258
77.20200,11.79912,96.67017
77.25000,11.79529,96.66788
77.30100,11.79221,96.66544
77.35100,11.79031,96.66303
77.40000,11.78936,96.66068
77.45000,11.78916,96.65826
77.50000,9.00000,96.63665
77.55000,11.90271,96.63470
77.60000,11.89597,96.63273
77.65100,11.89194,96.63070
77.70100,11.88711,96.62869
77.75100,11.88531,96.62668
77.80000,11.87968,96.62468
77.85000,11.87789,96.62263
77.90100,11.87634,96.62054
77.95000,11.87470,96.61852
78.00100,11.87329,96.61642
78.05100,11.87306,96.61436
78.10100,11.87323,96.61230
78.15000,11.87258,96.61028
78.20000,11.87201,96.60821
78.25100,11.87020,96.60609
78.30000,11.87036,96.60406
78.35000,11.86964,96.60199
78.40000,11.87092,96.59992
78.45000,11.86901,96.59785
78.50000,11.86760,96.59576
78.55000,11.86815,96.59369
78.60100,11.86706,96.59161
78.65100,12.26915,96.59115
78.70000,11.81878,96.58892
78.75000,11.81242,96.58662
78.80000,11.80783,96.58430
78.85000,11.80486,96.58198
78.90000,11.80301,96.57964
78.95000,11.80210,96.57730
79.00100,11.80196,96.57496
79.05100,9.00000,96.55324
79.10000,11.87741,96.55125
79.15000,11.87296,96.54920
79.20000,11.86880,96.54713
79.25100,11.86499,96.54501
79.30300,11.86064,96.54283
79.35100,11.85818,96.54081
79.40000,11.85432,96.53873
79.45000,11.85571,96.53661
79.50000,11.85420,96.53449
79.55000,11.85217,96.53236
79.60000,11.85196,96.53024
79.65100,11.85319,96.52807
79.70000,11.85316,96.52599
79.75000,11.85375,96.52386
79.80000,11.85136,96.52174
79.85000,11.85298,96.51961
79.90000,11.85196,96.51749
79.95000,12.26529,96.51704
80.00200,11.82776,96.51472
80.05100,11.82118,96.51252
80.10200,11.81593,96.51020
80.15100,11.81286,96.50797
80.20100,11.81142,96.50568
80.25000,11.81081,96.50344
80.30000,9.00000,96.48170
80.35000,11.86376,96.47962
80.40000,11.85703,96.47752
80.45100,11.85246,96.47537
80.50100,11.85020,96.47324
80.55000,11.84848,96.47116
80.60200,11.85037,96.46895
80.65000,11.84923,96.46691
80.70000,11.84996,96.46478
80.75000,11.84835,96.46265
80.80000,11.84980,96.46053
80.85100,11.85068,96.45837
80.90200,11.85044,96.45621
80.95000,12.26201,96.45578
81.00000,11.82203,96.45354
81.05000,11.81520,96.45129
81.10100,11.75651,96.44874
81.15100,11.79353,96.44640
81.20000,11.78879,96.44408
81.25000,11.78493,96.44170
81.30000,11.78307,96.43932
81.35000,11.78254,96.43693
81.40000,11.78298,96.43454
81.45100,11.78407,96.43211
81.50000,11.78545,96.42979
81.55000,11.78689,96.42742
81.60000,11.78839,96.42506
81.65000,11.78996,96.42270
81.70000,11.79160,96.42035
81.75000,11.79330,96.41801
81.80100,11.79506,96.41563
81.85100,11.79688,96.41331
81.90000,11.79876,96.41103
81.95100,11.80069,96.40868
82.00000,11.80268,96.40643
82.05000,11.80471,96.40413
82.10000,11.80679,96.40185
82.15000,11.80892,96.39957
82.20000,11.81109,96.39730
82.25100,11.81330,96.39500
82.30100,11.81556,96.39275
82.35100,11.81785,96.39051
82.40000,11.82018,96.38833
82.45200,11.82254,96.38602
82.50100,11.82494,96.38386
82.55000,11.82736,96.38171
82.60100,11.82982,96.37947
82.65100,11.83230,96.37729
82.70000,11.83481,96.37517
82.75100,11.83734,96.37296
82.80000,11.83989,96.37086
82.85000,11.84246,96.36873
82.90000,11.84505,96.36660
82.95000,11.84766,96.36449
83.00000,11.85029,96.36238
83.05000,11.85292,96.36028
83.10100,11.85557,96.35816
83.15000,11.85823,96.35613
83.20100,11.86090,96.35403
83.25300,11.86357,96.35190
83.30100,11.86626,96.34995
83.35200,11.86895,96.34787
83.40000,9.00000,96.32619
83.45100,11.82861,96.32401
83.50000,11.83126,96.32184
83.55000,11.95274,96.32022
83.60100,11.96064,96.31860
83.65000,11.96335,96.31705
83.70100,11.95936,96.31543
83.75000,11.95748,96.31387
83.80100,11.95704,96.31223
83.85100,11.95432,96.31062
83.90000,11.94923,96.30903
83.95100,11.94867,96.30737
84.00000,11.94747,96.30576
84.05100,11.94527,96.30408
84.10100,11.94297,96.30244
84.15100,11.94119,96.30077
84.20400,11.93811,96.29900
84.25000,11.93741,96.29747
84.30000,11.93680,96.29579
84.35000,11.93403,96.29411
84.40100,11.93228,96.29241
84.45100,11.92938,96.29068
84.50000,11.93049,96.28902
84.55000,11.92686,96.28730
84.60100,11.92554,96.28555
84.65000,11.92438,96.28379
84.70100,11.92507,96.28204
84.75100,11.92528,96.28033
84.80100,11.92290,96.27853
84.85000,11.91686,96.27674
84.90000,11.91759,96.27492
84.95000,11.86909,96.27290
85.00100,12.25380,96.27245
85.05100,11.92267,96.27065
85.10000,11.92149,96.26888
85.15100,11.92091,96.26704
85.20100,11.92104,96.26523
85.25000,11.92166,96.26347
85.30000,9.00000,96.24191
85.35100,11.90264,96.24000
85.40100,11.86906,96.23799
85.45100,11.89810,96.23610
85.50000,11.90810,96.23429
85.55000,11.90283,96.23242
85.60100,11.90566,96.23052
85.65100,11.87799,96.22855
85.70000,11.88852,96.22667
85.75000,11.88697,96.22474
85.80100,11.88597,96.22276
85.85200,11.89589,96.22083
85.90100,11.90245,96.21899
85.95000,11.87910,96.21707
86.00000,11.89074,96.21516
86.05000,11.89192,96.21325
86.10100,11.90025,96.21133
86.15100,11.88025,96.20937
86.20000,11.89114,96.20750
86.25000,11.88941,96.20558
86.30000,11.88828,96.20366
86.35100,11.88768,96.20170
86.40400,11.88765,96.19965
86.45100,11.88827,96.19785
86.50100,11.88933,96.19593
86.55000,11.88840,96.19405
86.60000,11.89898,96.19217
86.65000,11.89159,96.19025
86.70100,11.89298,96.18832
86.75000,11.88384,96.18642
86.80000,11.89038,96.18450
86.85200,11.88724,96.18250
86.90000,11.88797,96.18066
86.95000,11.89107,96.17875
87.00000,11.90126,96.17688
87.05100,12.24948,96.17643
87.10000,11.94227,96.17483
87.15000,11.94108,96.17319
87.20100,11.93989,96.17151
87.25100,11.93889,96.16986
87.30200,11.93795,96.16818
87.35000,11.93709,96.16660
87.40100,11.93626,96.16490
87.45000,11.93559,96.16328
87.50100,11.93523,96.16159
87.55100,11.93520,96.15993
87.60000,11.93551,96.15830
87.65200,11.93614,96.15659
87.70000,9.00000,96.13509
87.75000,11.88722,96.13318
87.80000,11.88565,96.13126
87.85000,11.87976,96.12931
87.90000,11.88733,96.12740
87.95000,12.24700,96.12695
88.00000,11.94034,96.12532
88.05200,11.93840,96.12362
88.10000,11.93704,96.12204
88.15100,11.93651,96.12036
88.20200,11.93664,96.11868
88.25100,11.93711,96.11707
88.30100,11.93787,96.11543
88.35100,9.00000,96.09394
88.40000,11.86874,96.09200
88.45000,11.87468,96.09004
88.50100,11.87059,96.08803
88.55100,11.87273,96.08607
88.60000,11.87475,96.08415
88.65000,11.88989,96.08226
88.70100,11.86191,96.08025
88.75200,12.24459,96.07979
88.80000,9.00000,96.05822
88.85000,11.86394,96.05623
88.90100,12.24297,96.05577
88.95100,11.94249,96.05416
89.00100,11.94068,96.05255
89.05000,11.93924,96.05096
89.10200,11.93865,96.04928
89.15000,11.93912,96.04772
89.20400,11.93980,96.04597
89.25000,11.94054,96.04449
89.30100,9.00000,96.02277
89.35000,11.86174,96.02083
89.40100,11.86072,96.01879
89.45000,11.85781,96.01682
89.50000,11.86115,96.01483
89.55200,11.85791,96.01275
89.60000,11.85813,96.01083
89.65100,12.24066,96.01037
89.70100,11.94002,96.00876
89.75000,11.93556,96.00716
89.80100,11.93163,96.00549
89.85000,11.92816,96.00388
89.90100,11.92499,96.00217
89.95000,11.92211,96.00053
90.00100,11.91949,95.99881
90.05100,11.91788,95.99712
90.10200,11.91715,95.99539
90.15100,11.91704,95.99373
90.20000,11.91747,95.99207
90.25000,11.91817,95.99039
90.30000,11.91907,95.98870
90.35000,9.00000,95.96694
90.40000,11.85658,95.96494
90.45200,11.85919,95.96291
90.50100,11.84884,95.96088
90.55100,11.85499,95.95888
90.60100,11.85300,95.95686
90.65000,12.23813,95.95643
90.70000,11.91192,95.95472
90.75000,11.90312,95.95290
90.80000,11.89431,95.95106
90.85000,11.88542,95.94917
90.90000,11.87733,95.94726
90.95100,11.87319,95.94529
91.00100,11.87171,95.94335
91.05000,11.87231,95.94145
91.10000,11.87304,95.93952
91.15000,9.00000,95.91771
91.20200,11.85494,95.91563
91.25000,11.85215,95.91370
91.30000,11.84806,95.91168
91.35000,11.84479,95.90965
91.40000,11.84634,95.90762
91.45100,11.84628,95.90554
91.50000,11.84243,95.90354
91.55100,11.84517,95.90147
91.60100,11.84434,95.89943
91.65000,11.84233,95.89742
91.70100,11.84113,95.89533
91.75200,12.23489,95.89487
91.80000,11.82512,95.89285
91.85000,11.81428,95.89069
91.90000,11.80559,95.88850
91.95200,11.79910,95.88620
92.00000,11.79191,95.88405
92.05100,11.78737,95.88174
92.10000,11.78285,95.87951
92.15000,11.78309,95.87723
92.20000,9.00000,95.85590
92.25000,11.84885,95.85390
92.30000,11.84669,95.85188
92.35100,11.84160,95.84980
92.40000,11.83599,95.84779
92.45000,11.83339,95.84571
92.50100,11.83189,95.84360
92.55100,11.82860,95.84151
92.60000,11.82764,95.83946
92.65000,11.82644,95.83736
92.70000,11.82516,95.83527
92.75000,11.82253,95.83315
92.80100,11.82115,95.83099
92.85100,11.82260,95.82889
92.90200,11.82209,95.82674
92.95000,11.82059,95.82470
93.00000,11.82233,95.82259
93.05000,11.81998,95.82047
93.10000,11.82104,95.81836
93.15100,12.22830,95.81789
93.20200,11.78295,95.81558
93.25200,11.79240,95.81335
93.30000,11.79182,95.81121
93.35000,11.78771,95.80897
93.40000,11.78397,95.80671
93.45000,11.78205,95.80444
93.50000,11.77993,95.80216
93.55000,11.78036,95.79989
93.60000,11.78874,95.79765
93.65100,11.79851,95.79541
93.70100,11.80884,95.79325
93.75100,9.00000,95.77275
93.80100,11.84360,95.77074
93.85100,11.83661,95.76870
93.90000,11.83285,95.76669
93.95000,11.83248,95.76463
94.00100,11.83126,95.76252
94.05200,11.83115,95.76042
94.10200,11.82962,95.75835
94.15100,11.82985,95.75637
94.20000,11.82993,95.75430
94.25000,11.83059,95.75224
94.30000,11.83075,95.75018
94.35000,11.82709,95.74810
94.40000,11.82933,95.74603
94.45100,12.22421,95.74557
94.50100,11.76017,95.74323
94.55100,11.75218,95.74084
94.60100,11.74490,95.73845
94.65000,11.73768,95.73606
94.70000,11.73840,95.73363
94.75100,11.76161,95.73125
94.80000,11.77210,95.72901
94.85000,9.00000,95.70958
94.90300,11.83399,95.70741
94.95000,11.82884,95.70548
95.00000,11.82548,95.70341
95.05100,11.82312,95.70129
95.10000,11.82392,95.69925
95.15000,11.82273,95.69716
95.20100,11.82339,95.69504
95.25000,11.82205,95.69300
95.30000,11.81842,95.69090
95.35000,11.81797,95.68880
95.40100,12.21718,95.68831
95.45000,9.00000,95.66988
95.50100,12.21498,95.66940
95.55000,11.73078,95.66700
95.60000,11.74874,95.66463
95.65100,11.75521,95.66224
95.70100,11.76249,95.65992
95.75100,11.77213,95.65765
95.80100,9.00000,95.63997
95.85000,11.81991,95.63792
95.90100,11.81747,95.63580
95.95000,11.81119,95.63372
96.00100,11.80988,95.63156
96.05000,11.80598,95.62947
96.10000,11.80108,95.62731
96.15100,11.79759,95.62511
96.20100,11.79586,95.62293
96.25000,11.79286,95.62079
96.30200,11.78970,95.61850
96.35200,11.78810,95.61629
96.40100,11.78573,95.61413
96.45000,11.78399,95.61195
96.50100,11.78265,95.60969
96.55100,11.78304,95.60746
96.60200,11.78338,95.60519
96.65000,11.78265,95.60307
96.70000,11.77973,95.60083
96.75000,11.77946,95.59859
96.80100,11.78168,95.59632
96.85000,12.20745,95.59584
96.90000,11.73303,95.59341
96.95100,11.72589,95.59092
97.00000,11.71593,95.58849
97.05000,11.71705,95.58600
97.10100,11.71803,95.58347
97.15200,11.71784,95.58095
97.20100,11.71426,95.57851
97.25000,11.72341,95.57610
97.30000,11.75331,95.57376
97.35100,9.00000,95.55959
97.40000,11.78856,95.55740
97.45100,11.78390,95.55515
97.50100,11.78118,95.55293
97.55100,11.78030,95.55070
97.60100,11.77637,95.54847
97.65000,11.77320,95.54626
97.70100,11.77344,95.54397
97.75000,11.77181,95.54176
97.80000,11.77401,95.53951
97.85100,11.77039,95.53721
97.90200,11.77008,95.53490
97.95100,12.19758,95.53439
98.00100,11.71945,95.53193
98.05100,11.71336,95.52945
98.10000,11.71015,95.52700
98.15100,11.70961,95.52444
98.20000,11.70817,95.52200
98.25100,11.70784,95.51944
98.30100,11.70349,95.51691
98.35000,11.70011,95.51443
98.40100,11.70131,95.51185
98.45000,11.69847,95.50935
98.50000,11.69649,95.50681
98.55100,11.69320,95.50419
98.60000,11.70985,95.50175
98.65000,11.74441,95.49939
98.70000,11.75302,95.49707
98.75100,9.75897,95.48660
98.80100,11.79965,95.48447
98.85000,11.79419,95.48235
98.90000,11.79121,95.48019
98.95100,11.79264,95.47799
99.00000,11.79130,95.47586
99.05000,11.79015,95.47369
99.10100,11.79335,95.47150
99.15100,11.79285,95.46934
99.20100,11.79260,95.46718
99.25200,11.79318,95.46498
99.30100,11.82388,95.46298
99.35200,12.19404,95.46246
99.40000,11.79216,95.46038
99.45100,11.78345,95.45815
99.50100,11.77711,95.45592
99.55000,11.77332,95.45374
99.60000,11.77806,95.45152
99.65100,11.83429,95.44949
99.70100,11.84095,95.44753
99.75200,9.00000,95.43347
99.80100,11.76287,95.43124
99.85100,11.80158,95.42913
99.90400,11.80428,95.42690
99.95100,11.79967,95.42490
100.00000,11.80076,95.42283
100.05000,11.80122,95.42072
100.10000,11.80056,95.41859
100.15000,11.80338,95.41649
100.20000,11.79403,95.41434
100.25000,11.82136,95.41231
100.30200,12.19979,95.41180
100.35000,11.78610,95.40971
100.40100,11.77810,95.40746
100.45100,11.77526,95.40524
100.50000,11.77890,95.40308
100.55000,11.80897,95.40100
100.60100,11.83004,95.39896
100.65100,11.83245,95.39697
100.70000,9.00000,95.37953
100.75000,11.81236,95.37747
100.80200,11.80622,95.37530
100.85000,11.80411,95.37329
100.90000,11.80371,95.37119
100.95000,11.80034,95.36908
101.00000,11.80009,95.36697
101.05000,11.79689,95.36485
101.10000,11.79836,95.36273
101.15000,11.79536,95.36060
101.20200,11.79660,95.35840
101.25100,11.79652,95.35632
101.30000,11.79788,95.35424
101.35000,11.79835,95.35213
101.40100,11.79620,95.34996
101.45000,11.79470,95.34788
101.50000,11.79283,95.34574
101.55000,12.20436,95.34528
101.60000,11.80720,95.34320
101.65000,11.80114,95.34109
101.70000,11.79916,95.33898
101.75000,11.79888,95.33688
101.80000,11.79751,95.33475
101.85000,11.79662,95.33264
101.90100,11.79855,95.33048
101.95000,11.80752,95.32845
102.00000,11.81586,95.32641
102.05000,9.00000,95.30602
102.10000,11.81361,95.30398
102.15100,11.80872,95.30187
102.20100,11.80783,95.29980
102.25200,11.80043,95.29767
102.30000,11.79874,95.29565
102.35100,11.79749,95.29350
102.40000,11.79766,95.29144
102.45000,11.79427,95.28931
102.50000,11.79211,95.28719
102.55000,11.79364,95.28506
102.60000,11.79327,95.28294
102.65000,11.79175,95.28082
102.70200,11.79447,95.27861
102.75000,11.79106,95.27657
102.80000,12.20438,95.27612
102.85100,9.00000,95.25464
102.90100,12.20288,95.25419
102.95000,11.83657,95.25229
103.00100,11.83551,95.25030
103.05000,11.83451,95.24839
103.10000,11.83455,95.24644
103.15000,11.83482,95.24449
103.20000,11.83555,95.24255
103.25000,11.83870,95.24061
103.30100,11.84346,95.23866
103.35000,11.84819,95.23680
103.40100,11.85157,95.23489
103.45200,9.00000,95.21324
103.50100,11.80651,95.21123
103.55000,11.80427,95.20921
103.60000,11.80347,95.20714
103.65000,11.80075,95.20506
103.70200,11.80334,95.20296
103.75100,11.80043,95.20088
103.80200,12.20091,95.20042
103.85100,11.87437,95.19875
103.90000,11.87104,95.19699
103.95200,11.86869,95.19511
104.00100,11.86796,95.19334
104.05100,11.86860,95.19154
104.10100,11.87061,95.18974
104.15200,11.87366,95.18800
104.20000,11.87476,95.18636
104.25000,11.87518,95.18466
104.30000,11.87595,95.18296
104.35000,9.00000,95.16132
104.40100,11.80592,95.15923
104.45000,11.80602,95.15723
104.50100,11.80050,95.15512
104.55100,11.80375,95.15307
104.60100,11.79920,95.15100
104.65100,11.80602,95.14896
104.70000,12.19845,95.14851
104.75100,11.86689,95.14668
104.80100,11.85985,95.14484
104.85200,11.85373,95.14296
104.90200,11.84814,95.14108
104.95000,11.84336,95.13926
105.00000,11.84265,95.13737
105.05000,11.84800,95.13549
105.10000,11.85171,95.13363
105.15200,11.85469,95.13171
105.20100,11.85866,95.12991
105.25200,11.85949,95.12804
105.30200,9.00000,95.10643
105.35000,11.80904,95.10448
105.40000,11.80324,95.10244
105.45000,11.80141,95.10039
105.50100,11.80001,95.09829
105.55100,11.79998,95.09623
105.60100,11.80126,95.09418
105.65000,11.80157,95.09216
105.70100,11.80121,95.09007
105.75000,12.19573,95.08964
105.80000,11.85358,95.08779
105.85100,11.84686,95.08588
105.90100,11.84064,95.08398
105.95000,11.83619,95.08212
106.00000,11.83336,95.08019
106.05200,11.83251,95.07819
106.10000,11.83400,95.07634
106.15000,9.00000,95.05457
106.20100,11.79816,95.05247
106.25200,11.79684,95.05038
106.30100,11.79912,95.04836
106.35100,11.79594,95.04630
106.40100,11.79708,95.04424
106.45200,11.79424,95.04213
106.50000,11.79356,95.04014
106.55000,11.79308,95.03806
106.60000,12.19353,95.03761
106.65000,11.79754,95.03556
106.70100,11.78390,95.03340
106.75000,11.77270,95.03130
106.80300,11.76404,95.02897
106.85000,11.75944,95.02689
106.90000,11.75725,95.02468
106.95100,9.00000,95.00292
107.00100,11.79437,95.00086
107.05000,11.79402,94.99884
107.10000,11.79278,94.99677
107.15000,11.78695,94.99468
107.20000,11.78238,94.99258
107.25000,11.78168,94.99046
107.30200,11.77784,94.98825
107.35100,11.77424,94.98615
107.40000,11.77139,94.98405
107.45000,11.76868,94.98189
107.50000,11.76607,94.97971
107.55100,11.76511,94.97750
107.60200,11.76264,94.97527
107.65100,11.76132,94.97312
107.70000,11.76221,94.97099
107.75000,11.76076,94.96880
107.80200,11.76218,94.96652
107.85000,11.76262,94.96442
107.90100,11.76329,94.96220
107.95100,11.76345,94.96002
108.00200,11.76327,94.95780
108.05100,12.18957,94.95736
108.10000,11.77453,94.95527
108.15100,11.76761,94.95306
108.20100,11.76197,94.95088
108.25100,11.75815,94.94868
108.30200,11.75464,94.94643
108.35100,11.75161,94.94424
108.40000,11.74909,94.94206
108.45000,11.73935,94.93979
108.50100,11.73529,94.93745
108.55000,11.73872,94.93523
108.60000,9.00000,94.91354
108.65100,11.78614,94.91142
108.70200,11.78267,94.90929
108.75000,11.77889,94.90726
108.80100,11.77586,94.90511
108.85200,11.77386,94.90294
108.90000,11.77266,94.90089
108.95000,11.77055,94.89875
109.00200,11.76948,94.89652
109.05100,11.76868,94.89442
109.10100,11.76804,94.89227
109.15100,11.76754,94.89013
109.20000,11.76773,94.88802
109.25000,11.76726,94.88587
109.30100,11.76640,94.88367
109.35000,11.76567,94.88156
109.40100,12.18464,94.88110
109.45000,11.67612,94.87864
109.50100,11.67828,94.87608
109.55000,11.68540,94.87366
109.60100,11.69576,94.87118
109.65100,11.70421,94.86878
109.70000,11.70848,94.86645
109.75000,11.70983,94.86407
109.80100,11.71186,94.86166
109.85100,11.71391,94.85930
109.90000,11.71604,94.85699
109.95000,11.71827,94.85465
110.00000,11.72055,94.85233
110.05000,11.72288,94.85001
110.10000,11.72526,94.84769
110.15000,11.72770,94.84539
110.20000,11.73019,94.84310
110.25000,11.73272,94.84082
110.30000,11.73529,94.83855
110.35000,11.73790,94.83629
110.40000,11.74054,94.83404
110.45000,11.74321,94.83180
110.50000,11.74590,94.82957
110.55000,11.74862,94.82736
110.60100,11.75132,94.82511
110.65000,11.75415,94.82297
110.70000,11.75684,94.82079
110.75000,11.75953,94.81861
110.80000,11.76230,94.81645
110.85000,11.76508,94.81430
110.90200,11.76777,94.81208
110.95100,11.77071,94.81000
111.00200,11.77340,94.80785
111.05300,11.77625,94.80574
111.10000,11.77916,94.80373
111.15100,11.78186,94.80161
111.20000,11.78486,94.79959
111.25000,11.78763,94.79753
111.30100,11.79038,94.79545
111.35100,11.79318,94.79341
111.40000,9.00000,94.77254
111.45100,11.75208,94.77031
111.50100,11.75459,94.76813
111.55000,11.75644,94.76600
111.60000,11.75823,94.76383
111.65000,11.76000,94.76168
111.70000,11.76156,94.75953
111.75000,11.76282,94.75738
111.80000,11.76373,94.75524
111.85100,11.76417,94.75306
111.90100,11.76401,94.75092
111.95100,11.76302,94.74877
112.00000,11.76088,94.74667
112.05100,11.75711,94.74445
112.10100,11.75102,94.74226
112.15000,12.18077,94.74183
112.20200,9.00000,94.72028
112.25100,11.88140,94.71871
112.30100,11.87994,94.71711
112.35200,11.87487,94.71545
112.40000,11.87209,94.71389
112.45000,11.86986,94.71225
112.50000,11.86804,94.71060
112.55100,11.86931,94.70892
112.60000,11.86775,94.70731
112.65000,11.86325,94.70565
112.70000,11.86126,94.70397
112.75000,11.85948,94.70229
112.80000,11.85788,94.70061
112.85000,11.85599,94.69892
112.90000,11.85344,94.69722
112.95100,11.85059,94.69547
113.00000,11.85057,94.69379
113.05000,11.84801,94.69200
113.10000,11.84642,94.69019
113.15000,11.84461,94.68839
113.20000,11.84347,94.68658
113.25100,11.83984,94.68471
113.30000,11.83969,94.68292
113.35000,11.84070,94.68110
113.40000,11.83741,94.67926
113.45100,11.83512,94.67738
113.50000,11.83430,94.67557
113.55100,11.83272,94.67368
113.60000,11.83431,94.67187
113.65100,11.83063,94.66997
113.70100,11.82871,94.66810
113.75000,11.82689,94.66625
113.80400,11.82737,94.66423
113.85000,12.17719,94.66382
113.90000,11.69495,94.66142
113.95100,11.69014,94.65895
114.00100,11.68679,94.65652
114.05100,11.68499,94.65408
114.10000,11.68429,94.65168
114.15100,9.00000,94.63017
114.20000,11.83058,94.62836
114.25000,11.82425,94.62647
114.30000,11.82141,94.62459
114.35200,11.81985,94.62261
114.40200,11.81514,94.62070
114.45100,11.81486,94.61882
114.50000,11.81482,94.61694
114.55000,11.81514,94.61504
114.60000,11.81502,94.61312
114.65000,11.81019,94.61118
114.70100,11.81038,94.60921
114.75000,11.81094,94.60732
114.80300,11.80901,94.60527
114.85200,11.80725,94.60337
114.90000,11.80850,94.60151
114.95000,11.80520,94.59956
115.00000,12.17417,94.59911
115.05000,11.71214,94.59679
115.10100,11.70749,94.59440
115.15000,11.70355,94.59209
115.20000,11.69973,94.58972
115.25100,11.69649,94.58729
115.30000,11.69426,94.58495
115.35100,9.00000,94.56342
115.40200,11.81743,94.56149
115.45000,11.81502,94.55966
115.50000,11.80998,94.55773
115.55000,11.80781,94.55580
115.60100,11.80592,94.55383
115.65000,11.80524,94.55193
115.70100,11.80186,94.54993
115.75000,11.80126,94.54801
115.80000,11.80267,94.54606
115.85100,11.80283,94.54408
115.90000,11.80110,94.54215
115.95100,11.80045,94.54015
116.00000,11.79767,94.53822
116.05000,11.79335,94.53624
116.10000,12.17127,94.53579
116.15000,11.71359,94.53349
116.20100,11.70810,94.53111
116.25100,11.70378,94.52877
116.30000,11.70051,94.52646
116.35200,11.69840,94.52400
116.40300,11.69732,94.52159
116.45100,11.69702,94.51932
116.50100,9.00000,94.49781
116.55000,11.80489,94.49592
116.60000,11.80296,94.49398
116.65000,11.79849,94.49202
116.70100,11.79758,94.49002
116.75100,11.79537,94.48805
116.80100,11.79407,94.48608
116.85000,11.79541,94.48415
116.90000,11.79139,94.48216
116.95100,11.79181,94.48014
117.00100,11.79064,94.47816
117.05000,11.79438,94.47623
117.10000,11.78610,94.47422
117.15000,11.78953,94.47223
117.20000,12.16833,94.47178
117.25100,11.71631,94.46945
117.30100,11.71092,94.46715
117.35000,11.70654,94.46487
117.40000,11.70277,94.46254
117.45000,11.70018,94.46020
117.50000,11.69970,94.45785
117.55100,9.00000,94.43631
117.60100,11.80272,94.43438
117.65000,11.79552,94.43246
117.70000,11.78636,94.43047
117.75000,11.78652,94.42847
117.80200,11.78223,94.42638
117.85100,11.78090,94.42441
117.90000,11.77873,94.42242
117.95000,11.77784,94.42039
118.00100,11.77799,94.41833
118.05100,11.77689,94.41630
118.10000,11.77681,94.41431
118.15100,11.77442,94.41223
118.20000,11.77527,94.41024
118.25000,11.77834,94.40821
118.30000,11.76941,94.40616
118.35000,12.16534,94.40571
118.40000,11.72330,94.40347
118.45000,11.71743,94.40120
118.50000,11.71298,94.39892
118.55000,11.70993,94.39662
118.60100,11.70782,94.39427
118.65100,11.70663,94.39197
118.70000,11.70610,94.38970
118.75000,9.00000,94.36813
118.80000,11.79203,94.36617
118.85000,11.78290,94.36417
118.90000,11.78153,94.36217
118.95100,11.77576,94.36011
119.00000,11.77049,94.35811
119.05000,11.76775,94.35605
119.10000,11.76475,94.35398
119.15000,11.76204,94.35191
119.20000,11.76068,94.34982
119.25000,11.76079,94.34774
119.30100,11.76133,94.34562
119.35100,11.75900,94.34353
119.40100,11.75908,94.34145
119.45100,11.75868,94.33936
119.50100,11.75966,94.33727
119.55000,11.75913,94.33523
119.60100,11.75631,94.33308
119.65000,11.76086,94.33105
119.70000,12.16205,94.33060
119.75000,11.73409,94.32841
119.80000,11.72823,94.32620
119.85000,11.72284,94.32397
119.90000,11.71749,94.32172
119.95000,11.71230,94.31945
120.00100,11.70813,94.31712
120.05000,11.70405,94.31486
120.10100,11.70010,94.31249
120.15000,11.69683,94.31021
120.20100,11.69487,94.30782
120.25100,11.69394,94.30548
120.30000,11.69378,94.30318
120.35000,11.69438,94.30084
120.40100,9.00000,94.27927
120.45100,11.78706,94.27731
120.50000,11.78492,94.27537
120.55000,11.78040,94.27338
120.60100,11.77757,94.27134
120.65000,11.77891,94.26938
120.70100,11.77615,94.26733
120.75000,11.77638,94.26537
120.80000,11.77603,94.26337
120.85000,11.77582,94.26135
120.90100,11.77583,94.25931
120.95100,11.77399,94.25729
121.00000,11.77370,94.25532
121.05000,11.76822,94.25328
121.10000,11.77336,94.25127
121.15100,12.15860,94.25081
121.20000,11.71257,94.24860
121.25100,11.70678,94.24627
121.30100,11.70212,94.24397
121.35000,11.69878,94.24171
121.40000,11.69596,94.23939
121.45000,11.69374,94.23705
121.50000,11.69247,94.23472
121.55100,11.69187,94.23233
121.60100,11.69200,94.23000
121.65000,9.00000,94.20847
121.70100,11.78914,94.20649
121.75100,11.78248,94.20451
121.80000,11.77586,94.20256
121.85100,11.77240,94.20051
121.90100,11.76952,94.19849
121.95100,11.76632,94.19646
122.00000,11.76390,94.19446
122.05100,11.75940,94.19240
122.10000,11.75689,94.19032
122.15100,11.75178,94.18819
122.20100,11.74954,94.18610
122.25100,11.74729,94.18398
122.30000,11.74884,94.18193
122.35000,11.74931,94.17982
122.40100,11.75186,94.17770
122.45000,11.74905,94.17564
122.50000,11.74914,94.17354
122.55100,11.74937,94.17140
122.60200,11.74926,94.16927
122.65000,11.74995,94.16725
122.70100,11.74988,94.16512
122.75100,11.75059,94.16302
122.80000,12.15488,94.16258
122.85000,11.72836,94.16040
122.90000,11.72220,94.15820
122.95100,11.71758,94.15593
123.00100,11.71445,94.15370
123.05000,11.71254,94.15150
123.10000,11.71138,94.14925
123.15000,11.71093,94.14701
123.20000,11.71119,94.14476
123.25000,9.00000,94.12311
123.30100,11.75984,94.12103
123.35400,11.75537,94.11887
123.40100,11.75151,94.11688
123.45000,11.74610,94.11482
123.50000,11.74499,94.11272
123.55100,11.74173,94.11056
123.60200,11.74278,94.10841
123.65000,11.74206,94.10638
123.70000,11.74045,94.10426
123.75100,11.74185,94.10210
123.80000,11.74329,94.10003
123.85100,11.74300,94.09788
123.90000,11.74036,94.09580
123.95000,11.74271,94.09369
124.00100,11.73965,94.09152
124.05200,12.15172,94.09106
124.10000,11.73044,94.08900
124.15000,11.72424,94.08681
124.20000,11.71914,94.08461
124.25000,11.71631,94.08239
124.30100,11.71526,94.08013
124.35000,11.71524,94.07796
124.40000,9.00000,94.05626
124.45000,11.74802,94.05418
124.50000,11.74503,94.05208
124.55100,11.73961,94.04993
124.60000,11.73482,94.04784
124.65000,11.73430,94.04570
124.70000,11.73330,94.04356
124.75100,11.73381,94.04138
124.80000,11.73451,94.03929
124.85000,11.73345,94.03716
124.90200,11.73444,94.03493
124.95200,11.73455,94.03281
125.00100,11.73320,94.03072
125.05000,11.73484,94.02863
125.10000,12.14885,94.02818
125.15000,11.73083,94.02603
125.20100,11.72466,94.02382
125.25100,11.71921,94.02162
125.30200,11.71491,94.01937
125.35000,11.71067,94.01723
125.40000,11.70649,94.01499
125.45100,11.70238,94.01270
125.50100,11.69836,94.01042
125.55100,11.69491,94.00813
125.60100,11.69274,94.00584
125.65100,11.69150,94.00354
125.70000,11.69096,94.00128
125.75100,11.69115,93.99893
125.80100,11.69207,93.99664
125.85000,9.00000,93.97507
125.90100,11.76543,93.97303
125.95000,11.75914,93.97105
126.00100,11.75684,93.96898
126.05000,11.75615,93.96698
126.10000,11.75328,93.96494
126.15200,11.75306,93.96281
126.20200,11.75654,93.96078
126.25100,11.75323,93.95878
126.30100,11.75579,93.95674
126.35000,11.75217,93.95473
126.40000,11.75610,93.95271
126.45100,11.75206,93.95061
126.50000,12.14549,93.95017
126.55200,11.70639,93.94785
126.60200,11.70044,93.94560
126.65000,11.69562,93.94342
126.70000,11.69225,93.94113
126.75000,11.68936,93.93884
126.80000,11.68705,93.93653
126.85100,11.68567,93.93417
126.90000,9.00000,93.91258
126.95000,12.14341,93.91214
127.00000,9.00000,93.89050
127.05000,11.76472,93.88852
127.10000,11.76254,93.88653
127.15200,11.75607,93.88443
127.20000,11.75447,93.88249
127.25300,11.75158,93.88033
127.30100,11.75062,93.87837
127.35000,11.74831,93.87637
127.40100,11.74828,93.87428
127.45000,11.74704,93.87227
127.50000,11.74697,93.87022
127.55000,11.74846,93.86817
127.60100,11.74754,93.86608
127.65000,11.74434,93.86407
127.70000,11.74875,93.86202
127.75000,12.14105,93.86157
127.80000,11.70510,93.85935
127.85100,11.69947,93.85707
127.90200,11.69502,93.85477
127.95200,11.69223,93.85250
128.00000,11.69071,93.85032
128.05000,11.68991,93.84805
128.10100,9.00000,93.82635
128.15000,11.75711,93.82439
128.20100,11.74982,93.82232
128.25000,11.74407,93.82030
128.30300,11.74077,93.81812
128.35100,11.73758,93.81612
128.40100,11.73700,93.81403
128.45000,11.73153,93.81197
128.50000,11.73131,93.80988
128.55000,11.73080,93.80777
128.60000,11.72987,93.80566
128.65000,11.73074,93.80356
128.70000,11.73118,93.80145
128.75000,11.73077,93.79935
128.80000,11.73009,93.79724
128.85000,11.73036,93.79514
128.90000,11.73210,93.79304
128.95000,12.13805,93.79259
129.00000,11.71460,93.79043
129.05000,11.70865,93.78823
129.10000,11.70460,93.78603
129.15000,11.70230,93.78381
129.20100,11.70140,93.78155
129.25100,11.70119,93.77933
129.30000,9.00000,93.75764
129.35200,11.73552,93.75548
129.40000,11.73290,93.75348
129.45000,11.72592,93.75137
129.50100,11.72287,93.74919
129.55000,11.72096,93.74710
129.60100,11.72126,93.74493
129.65100,11.72201,93.74281
129.70000,11.72089,93.74072
129.75000,11.72116,93.73858
129.80100,11.72192,93.73641
129.85100,11.72155,93.73428
129.90100,11.72084,93.73215
129.95200,12.13529,93.73169
130.00100,9.00000,93.70995
130.05100,12.13376,93.70950
130.10000,11.71011,93.70737
130.15000,11.70461,93.70518
130.20100,11.70078,93.70293
130.25000,11.69839,93.70076
130.30000,11.69736,93.69855
130.35000,11.69711,93.69633
130.40000,9.00000,93.67459
130.45000,11.73002,93.67251
130.50000,11.72672,93.67041
130.55000,11.72333,93.66830
130.60000,11.71996,93.66618
130.65000,11.71513,93.66405
130.70000,11.71495,93.66191
130.75000,11.71370,93.65976
130.80000,11.71324,93.65762
130.85300,11.71555,93.65535
130.90100,11.71636,93.65331
130.95000,11.71464,93.65121
131.00000,11.71490,93.64907
131.05000,11.71767,93.64694
131.10000,12.13096,93.64649
131.15000,11.71332,93.64435
131.20000,11.70755,93.64218
131.25100,11.70371,93.63996
131.30200,11.70062,93.63772
131.35100,11.69862,93.63557
131.40100,11.69734,93.63335
131.45000,11.69677,93.63120
131.50100,9.00000,93.60939
131.55100,11.72628,93.60731
131.60000,11.72338,93.60526
131.65000,11.71949,93.60314
131.70000,11.71729,93.60103
131.75000,11.71559,93.59890
131.80000,11.71547,93.59677
131.85000,11.71656,93.59465
131.90100,11.71401,93.59248
131.95000,11.71821,93.59041
132.00200,11.72025,93.58822
132.05100,12.12831,93.58778
132.10100,11.70787,93.58562
132.15000,11.70155,93.58348
132.20000,11.69633,93.58128
132.25100,11.69276,93.57903
132.30000,11.68967,93.57684
132.35000,11.68707,93.57461
132.40200,11.68507,93.57227
132.45100,11.68381,93.57007
132.50100,11.68325,93.56782
132.55000,11.68342,93.56561
132.60100,9.00000,93.54385
132.65000,11.73777,93.54186
132.70000,11.73025,93.53981
132.75100,11.72427,93.53768
132.80200,11.72499,93.53557
132.85100,11.72263,93.53352
132.90100,11.71768,93.53142
132.95000,11.71292,93.52934
133.00000,11.71172,93.52721
133.05000,11.70689,93.52505
133.10000,11.70642,93.52290
133.15000,11.70460,93.52075
133.20100,11.70462,93.51855
133.25200,11.70669,93.51636
133.30000,11.70436,93.51429
133.35000,11.70658,93.51214
133.40200,11.70634,93.50991
133.45000,11.70802,93.50785
133.50000,11.70477,93.50570
133.55100,12.12492,93.50524
133.60000,11.71245,93.50316
133.65000,11.70616,93.50101
133.70100,11.70120,93.49880
133.75000,11.69753,93.49667
133.80100,11.69432,93.49442
133.85100,11.69196,93.49222
133.90000,11.69042,93.49006
133.95000,11.68959,93.48785
134.00000,11.68951,93.48563
134.05100,11.69020,93.48338
134.10300,9.00000,93.46151
134.15100,11.72610,93.45953
134.20100,11.71976,93.45745
134.25000,11.71296,93.45538
134.30000,11.71025,93.45325
134.35000,11.70756,93.45113
134.40100,11.70874,93.44895
134.45100,11.70764,93.44682
134.50000,11.70447,93.44472
134.55000,11.70772,93.44259
134.60100,11.70856,93.44041
134.65000,11.71016,93.43834
134.70000,11.70857,93.43621
134.75200,11.70830,93.43400
134.80100,11.70311,93.43189
134.85100,11.70779,93.42976
134.90200,12.12175,93.42931
134.95100,11.70437,93.42721
135.00100,11.69819,93.42504
135.05200,11.69401,93.42281
135.10100,11.69068,93.42066
135.15100,11.68784,93.41846
135.20000,11.68562,93.41628
135.25200,11.68416,93.41397
135.30100,11.68342,93.41179
135.35000,9.00000,93.39005
135.40100,12.11967,93.38960
135.45100,9.00000,93.36780
135.50100,11.71604,93.36572
135.55000,11.71203,93.36366
135.60000,11.71087,93.36156
135.65000,11.70849,93.35945
135.70000,11.70677,93.35733
135.75000,11.70511,93.35521
135.80000,11.70883,93.35310
135.85000,11.70715,93.35098
135.90100,11.70579,93.34882
135.95000,11.70901,93.34676
136.00100,11.70895,93.34460
136.05000,11.70835,93.34254
136.10000,11.70671,93.34042
136.15000,12.11735,93.33997
136.20000,11.69480,93.33781
136.25000,11.68865,93.33562
136.30000,11.68373,93.33342
136.35000,11.68013,93.33120
136.40000,11.67767,93.32896
136.45100,11.67599,93.32668
136.50100,11.67500,93.32445
136.55000,11.67472,93.32225
136.60000,11.67513,93.32001
136.65000,9.00000,93.29823
136.70000,11.72128,93.29618
136.75000,11.71598,93.29411
136.80000,11.71303,93.29203
136.85000,11.71259,93.28995
136.90200,11.71185,93.28782
136.95100,11.71322,93.28574
137.00000,11.71113,93.28369
137.05000,11.71184,93.28161
137.10000,11.71205,93.27953
137.15100,11.71457,93.27741
137.20000,12.11460,93.27697
137.25200,11.68627,93.27470
137.30200,11.68021,93.27248
137.35100,11.67534,93.27030
137.40200,11.67234,93.26801
137.45100,11.67093,93.26582
137.50100,11.67016,93.26357
137.55000,11.67004,93.26136
137.60000,9.00000,93.23960
137.65000,11.72042,93.23756
137.70100,11.71549,93.23546
137.75200,11.71297,93.23335
137.80200,11.71069,93.23126
137.85100,11.70956,93.22923
137.90100,11.71143,93.22714
137.95100,11.71089,93.22511
138.00000,11.71143,93.22303
138.05100,11.71000,93.22091
138.10100,11.71078,93.21883
138.15000,11.70974,93.21679
138.20000,11.70479,93.21469
138.25100,12.11189,93.21423
138.30000,11.68125,93.21208
138.35100,11.67495,93.20982
138.40100,11.66986,93.20757
138.45000,11.66634,93.20537
138.50000,11.66381,93.20310
138.55000,11.66228,93.20084
138.60000,11.66143,93.19856
138.65000,11.66133,93.19629
138.70100,9.00000,93.17448
138.75000,11.72496,93.17250
138.80000,11.71758,93.17046
138.85000,11.71608,93.16841
138.90100,11.70985,93.16630
138.95100,11.70445,93.16420
139.00200,11.70310,93.16206
139.05100,11.70108,93.16000
139.10200,11.69604,93.15783
139.15000,11.69658,93.15579
139.20000,11.69487,93.15366
139.25000,11.69422,93.15153
139.30200,11.69518,93.14931
139.35100,11.69416,93.14722
139.40100,11.69568,93.14510
139.45000,11.69378,93.14301
139.50100,11.69683,93.14084
139.55000,11.69572,93.13876
139.60000,11.69102,93.13661
139.65300,12.10872,93.13614
139.70100,11.69151,93.13409
139.75000,11.68522,93.13197
139.80000,11.68016,93.12978
139.85100,11.67658,93.12753
139.90200,11.67517,93.12528
139.95000,11.67479,93.12316
140.00000,11.67509,93.12096
140.05200,9.00000,93.09902
140.10000,11.70417,93.09702
140.15100,11.70087,93.09489
140.20000,11.69697,93.09282
140.25000,11.69365,93.09069
140.30100,11.69209,93.08852
140.35000,11.68775,93.08642
140.40000,11.68880,93.08427
140.45000,11.68853,93.08213
140.50100,11.68808,93.07994
140.55000,11.68770,93.07784
140.60100,11.68783,93.07565
140.65000,11.68917,93.07355
140.70000,11.68702,93.07140
140.75100,11.68697,93.06921
140.80000,12.10587,93.06877
140.85000,11.69093,93.06664
140.90000,11.68461,93.06448
140.95000,11.67996,93.06231
141.00100,11.67642,93.06007
141.05100,11.67339,93.05787
141.10000,11.67090,93.05570
141.15100,11.66920,93.05344
141.20200,11.66819,93.05118
141.25000,11.66788,93.04904
141.30000,11.66825,93.04682
141.35100,9.00000,93.02496
141.40200,11.70520,93.02285
141.45200,11.69961,93.02076
141.50200,11.69795,93.01866
141.55000,11.69351,93.01663
141.60100,11.69294,93.01447
141.65100,11.69417,93.01237
141.70100,11.69390,93.01025
141.75100,11.69651,93.00816
141.80100,11.69538,93.00605
141.85100,11.69771,93.00396
141.90000,11.69426,93.00189
141.95100,11.69600,92.99975
142.00100,12.10297,92.99931
142.05000,11.67876,92.99718
142.10100,11.67249,92.99493
142.15100,11.66747,92.99272
142.20000,11.66375,92.99054
142.25100,11.66118,92.98826
142.30000,11.65967,92.98605
142.35100,11.65875,92.98376
142.40000,11.65852,92.98156
142.45100,9.00000,92.95972
142.50100,11.70596,92.95766
142.55100,11.70368,92.95560
142.60000,11.70229,92.95358
142.65000,11.70040,92.95151
142.70000,11.70081,92.94943
142.75000,11.69841,92.94735
142.80000,11.69927,92.94527
142.85000,11.69970,92.94320
142.90100,11.69977,92.94108
142.95100,11.69890,92.93904
143.00000,12.10034,92.93860
143.05100,11.66997,92.93636
143.10000,11.66386,92.93418
143.15100,11.65875,92.93190
143.20100,11.65475,92.92965
143.25000,11.65143,92.92743
143.30000,11.64851,92.92515
143.35100,11.64655,92.92282
143.40200,11.64533,92.92052
143.45000,11.64477,92.91828
143.50100,11.64487,92.91595
143.55000,9.00000,92.89422
143.60000,11.71482,92.89221
143.65000,11.71425,92.89021
143.70000,11.70659,92.88817
143.75100,11.70382,92.88608
143.80200,11.69835,92.88396
143.85000,11.69306,92.88195
143.90100,11.69173,92.87981
143.95000,11.68996,92.87775
144.00100,11.68744,92.87560
144.05100,11.68694,92.87348
144.10100,11.68556,92.87136
144.15100,11.68757,92.86925
144.20000,11.68805,92.86718
144.25100,11.68783,92.86503
144.30000,11.68817,92.86296
144.35000,11.68829,92.86086
144.40100,11.68899,92.85870
144.45100,11.68861,92.85660
144.50100,11.68867,92.85449
144.55100,11.68825,92.85239
144.60000,12.09696,92.85194
144.65000,11.67452,92.84978
144.70000,11.66849,92.84760
144.75100,11.66331,92.84535
144.80000,11.65938,92.84317
144.85100,11.65546,92.84089
144.90100,11.65204,92.83864
144.95100,11.64962,92.83638
145.00000,11.64814,92.83416
145.05000,11.64740,92.83189
145.10000,11.64742,92.82962
145.15000,9.00000,92.80782
145.20100,11.70734,92.80575
145.25100,11.70317,92.80371
145.30100,11.69775,92.80165
145.35000,11.69425,92.79961
145.40200,11.69010,92.79744
145.45100,11.68797,92.79539
145.50000,11.68603,92.79332
145.55000,11.68527,92.79121
145.60000,11.68454,92.78910
145.65000,11.68344,92.78699
145.70200,11.68447,92.78479
145.75000,11.68383,92.78276
145.80000,11.68429,92.78065
145.85000,11.68490,92.77854
145.90100,11.68345,92.77638
145.95100,11.68373,92.77427
146.00000,12.09384,92.77383
146.05100,9.00000,92.75188
146.10000,12.09231,92.75143
146.15100,11.66497,92.74921
146.20000,11.66023,92.74706
146.25100,11.65714,92.74480
146.30100,11.65447,92.74258
146.35000,11.65269,92.74039
146.40100,11.65217,92.73811
146.45100,11.65245,92.73589
146.50000,9.00000,92.71406
146.55000,11.69549,92.71201
146.60000,11.68906,92.70993
146.65000,11.68460,92.70784
146.70000,11.68344,92.70573
146.75000,11.68367,92.70364
146.80100,11.68234,92.70149
146.85000,11.68289,92.69943
146.90200,11.68242,92.69725
146.95100,11.68165,92.69518
147.00000,11.68273,92.69313
147.05100,11.68211,92.69098
147.10100,11.68337,92.68888
147.15000,12.08964,92.68845
147.20100,11.66390,92.68623
147.25000,11.65771,92.68407
147.30100,11.65308,92.68181
147.35000,11.64924,92.67962
147.40000,11.64624,92.67738
147.45200,11.64480,92.67503
147.50000,11.64454,92.67287
147.55000,11.64494,92.67063
147.60300,9.00000,92.64864
147.65100,11.69524,92.64668
147.70000,11.69041,92.64466
147.75000,11.68907,92.64260
147.80000,11.68633,92.64052
147.85000,11.68438,92.63844
147.90100,11.68563,92.63631
147.95200,11.68699,92.63420
148.00000,11.68756,92.63221
148.05200,11.68616,92.63010
148.10100,11.68212,92.62801
148.15000,12.08703,92.62756
148.20100,11.65620,92.62533
148.25200,11.65001,92.62306
148.30000,11.64561,92.62092
148.35100,11.64305,92.61862
148.40100,11.64186,92.61637
148.45100,11.64182,92.61412
148.50000,9.00000,92.59232
148.55000,11.69315,92.59028
148.60100,11.68731,92.58817
148.65000,11.68549,92.58614
148.70000,11.68147,92.58405
148.75100,11.68162,92.58193
148.80200,11.67815,92.57979
148.85100,11.68176,92.57774
148.90100,11.67947,92.57565
148.95000,11.68175,92.57361
149.00000,11.67967,92.57152
149.05000,11.68153,92.56944
149.10000,11.68053,92.56734
149.15200,12.08446,92.56688
149.20000,11.65676,92.56479
149.25200,11.65058,92.56249
149.30000,11.64552,92.56035
149.35000,11.64186,92.55811
149.40000,11.63877,92.55585
149.45100,11.63663,92.55355
149.50100,11.63536,92.55128
149.55100,11.63479,92.54902
149.60000,11.63495,92.54679
149.65200,9.00000,92.52484
149.70200,11.69816,92.52283
149.75100,11.69217,92.52084
149.80100,11.68798,92.51879
149.85000,11.68219,92.51675
149.90000,11.67813,92.51467
149.95300,11.67437,92.51244
150.00100,11.67303,92.51041
150.05100,11.66947,92.50829
150.10100,11.67004,92.50617
150.15000,11.66753,92.50409
150.20000,11.66860,92.50196
150.25200,11.67059,92.49976
150.30000,11.66795,92.49772
150.35100,11.66741,92.49555
150.40100,11.66385,92.49341
150.45100,11.65033,92.49121
150.50000,12.04124,92.49061
150.55000,11.08001,92.48615
150.60100,11.56876,92.48357
150.65000,11.56433,92.48109
150.70100,11.56804,92.47852
150.75000,11.56555,92.47603
150.80100,11.56768,92.47346
150.85100,11.56829,92.47094
150.90200,11.56935,92.46837
150.95000,11.56944,92.46596
151.00000,11.57135,92.46345
151.05100,11.57200,92.46090
151.10200,11.57284,92.45834
151.15100,11.57430,92.45590
151.20100,11.57647,92.45341
151.25000,11.57823,92.45099
151.30000,11.57945,92.44852
151.35000,11.58079,92.44605
151.40000,11.58140,92.44359
151.45100,11.58480,92.44109
151.50100,11.58515,92.43864
151.55000,11.58608,92.43624
151.60000,11.58713,92.43380
151.65000,11.59099,92.43138
151.70000,11.59564,92.42897
151.75000,11.59251,92.42655
151.80000,12.07919,92.42611
151.85000,11.60698,92.42375
151.90100,11.60850,92.42135
151.95000,11.61044,92.41905
152.00000,11.61291,92.41672
152.05000,11.61566,92.41439
152.10000,11.61845,92.41208
152.15100,11.62126,92.40973
152.20000,11.62411,92.40749
152.25000,11.62699,92.40520
152.30000,11.62990,92.40294
152.35000,11.63284,92.40069
152.40000,11.63580,92.39845
152.45000,11.63878,92.39622
152.50100,11.64179,92.39395
152.55100,11.64481,92.39175
152.60100,11.64786,92.38956
152.65000,11.65092,92.38742
152.70100,11.65399,92.38521
152.75000,11.65707,92.38309
152.80000,11.66017,92.38095
152.85000,11.66327,92.37882
152.90000,11.66639,92.37671
152.95000,11.66950,92.37460
153.00000,11.67262,92.37251
153.05100,9.00000,92.35044
153.10200,11.63273,92.34815
153.15100,11.63582,92.34596
153.20100,11.63856,92.34374
153.25000,11.64149,92.34158
153.30000,11.64470,92.33938
153.35000,11.64807,92.33720
153.40100,11.65144,92.33498
153.45200,11.65484,92.33279
153.50200,11.65815,92.33065
153.55100,11.66123,92.32856
153.60000,11.66433,92.32648
153.65000,11.74802,92.32478
153.70100,11.75571,92.32307
153.75000,11.74918,92.32140
153.80200,11.74871,92.31962
153.85200,11.74666,92.31791
153.90100,11.74434,92.31615
153.95100,11.74189,92.31434
154.00100,11.73774,92.31252
154.05100,11.73715,92.31069
154.10100,11.73722,92.30887
154.15100,11.73398,92.30703
154.20000,11.73345,92.30523
154.25100,11.73103,92.30334
154.30100,11.72972,92.30148
154.35000,11.72813,92.29966
154.40000,11.72661,92.29780
154.45000,11.72517,92.29593
154.50100,11.72216,92.29401
154.55200,11.72259,92.29208
154.60100,11.72069,92.29024
154.65000,11.71921,92.28838
154.70000,11.71902,92.28648
154.75000,11.71716,92.28458
154.80000,11.71622,92.28268
154.85100,11.71645,92.28073
154.90000,11.71488,92.27885
154.95000,11.71290,92.27694
155.00100,11.71109,92.27497
155.05100,11.70936,92.27304
155.10000,11.70920,92.27115
155.15000,11.70740,92.26921
155.20000,11.70622,92.26727
155.25000,11.70458,92.26531
155.30000,11.70402,92.26336
155.35000,11.70161,92.26140
155.40000,11.70120,92.25943
155.45000,11.70027,92.25747
155.50000,11.70064,92.25550
155.55000,11.70002,92.25353
155.60200,11.69713,92.25147
155.65100,11.69695,92.24953
155.70000,11.69654,92.24759
155.75000,11.69709,92.24561
155.80000,11.69651,92.24363
155.85100,12.07349,92.24318
155.90200,11.76372,92.24150
155.95100,9.00000,92.21976
156.00000,12.07194,92.21933
156.05600,11.75926,92.21748
156.10200,11.75826,92.21595
156.15000,11.75880,92.21436
156.20000,11.75947,92.21271
156.25100,11.76015,92.21102
156.30000,9.00000,92.18929
156.35200,11.68975,92.18722
156.40100,11.68879,92.18526
156.45100,11.68762,92.18325
156.50000,11.68668,92.18129
156.55100,11.68799,92.17924
156.60000,12.07004,92.17881
156.65100,11.76499,92.17715
156.70000,11.76260,92.17555
156.75000,11.76123,92.17391
156.80000,11.76121,92.17227
156.85100,11.76180,92.17060
156.90100,11.76234,92.16897
156.95100,11.76283,92.16734
157.00000,11.76338,92.16574
157.05000,11.76392,92.16411
157.10000,9.00000,92.14232
157.15200,11.68664,92.14024
157.20100,11.68415,92.13828
157.25000,11.68382,92.13630
157.30000,11.68340,92.13429
157.35000,11.68270,92.13228
157.40000,12.06806,92.13183
157.45100,11.76783,92.13019
157.50100,11.76494,92.12858
157.55100,11.76311,92.12695
157.60100,11.76262,92.12532
157.65000,11.76309,92.12373
157.70100,11.76348,92.12208
157.75000,11.76390,92.12049
157.80100,11.76432,92.11884
157.85000,11.76476,92.11726
157.90000,11.76522,92.11564
157.95000,11.76569,92.11402
158.00000,9.00000,92.09223
158.05100,11.68176,92.09019
158.10100,11.67995,92.08817
158.15000,11.67902,92.08619
158.20000,11.68006,92.08417
158.25000,12.06609,92.08372
158.30000,11.76964,92.08213
158.35100,11.76696,92.08050
158.40000,11.76496,92.07892
158.45000,11.76306,92.07730
158.50100,11.76119,92.07565
158.55100,11.75936,92.07401
158.60000,11.75759,92.07241
158.65100,11.75588,92.07076
158.70000,11.75424,92.06911
158.75000,11.75269,92.06746
158.80100,11.75122,92.06577
158.85000,11.74984,92.06413
158.90000,11.74856,92.06246
158.95000,11.73784,92.06075
159.00000,11.74786,92.05907
159.05100,11.74759,92.05737
159.10000,11.74775,92.05573
159.15100,11.74829,92.05402
159.20200,11.74901,92.05231
159.25000,11.74971,92.05072
159.30100,11.75043,92.04902
159.35000,11.75117,92.04739
159.40000,11.75191,92.04574
159.45100,11.75268,92.04405
159.50300,11.75345,92.04233
159.55000,11.75425,92.04078
159.60200,9.00000,92.01900
159.65000,11.69448,92.01714
159.70000,11.68394,92.01514
159.75000,11.69251,92.01318
159.80000,11.69217,92.01122
159.85000,12.06364,92.01077
159.90100,11.76007,92.00912
159.95000,11.75784,92.00753
160.00000,11.75625,92.00590
160.05100,11.75497,92.00423
160.10000,11.75374,92.00261
160.15300,11.75258,92.00087
160.20100,11.75151,91.99928
160.25000,11.75053,91.99766
160.30100,11.74964,91.99596
160.35000,11.74893,91.99434
160.40100,11.74871,91.99265
160.45100,11.74896,91.99098
160.50000,11.74955,91.98936
160.55000,11.75037,91.98770
160.60000,11.75119,91.98605
160.65000,11.75203,91.98440
160.70100,11.75287,91.98272
160.75100,9.00000,91.96105
160.80100,11.68797,91.95908
160.85100,11.68886,91.95712
160.90100,11.68678,91.95515
160.95100,12.06156,91.95470
161.00000,9.00000,91.93303
161.05000,11.67964,91.93103
161.10000,11.68355,91.92905
161.15100,11.68022,91.92702
161.20200,12.05990,91.92657
161.25100,11.76074,91.92500
161.30100,11.75810,91.92339
161.35000,11.75640,91.92180
161.40000,11.75565,91.92017
161.45000,11.75561,91.91855
161.50100,11.75629,91.91690
161.55100,11.75696,91.91528
161.60000,11.75760,91.91370
161.65000,9.00000,91.89200
161.70000,12.05821,91.89155
161.75000,9.00000,91.86983
161.80000,11.67405,91.86784
161.85300,11.67594,91.86572
161.90000,12.05660,91.86530
161.95000,9.00000,91.84357
162.00000,12.05509,91.84312
162.05000,11.76199,91.84155
162.10000,11.76084,91.83997
162.15000,11.76048,91.83838
162.20100,11.76063,91.83676
162.25100,11.76104,91.83517
162.30000,11.76161,91.83363
162.35000,9.00000,91.81189
162.40000,11.66807,91.80988
162.45000,11.66906,91.80786
162.50000,11.66557,91.80584
162.55100,11.66748,91.80378
162.60100,11.65882,91.80173
162.65000,12.05322,91.80129
162.70000,11.76506,91.79973
162.75100,11.76204,91.79813
162.80100,11.75969,91.79655
162.85000,11.75830,91.79499
162.90100,11.75807,91.79337
162.95100,11.75850,91.79179
163.00100,11.75890,91.79020
163.05100,11.75937,91.78862
163.10100,11.75986,91.78704
163.15200,11.76035,91.78543
163.20000,11.76086,91.78392
163.25000,11.76139,91.78234
163.30100,9.00000,91.76057
163.35000,11.65961,91.75857
163.40000,11.65594,91.75652
163.45100,11.65643,91.75443
163.50100,12.05136,91.75397
163.55000,11.76569,91.75246
163.60100,9.00000,91.73066
163.65100,12.04983,91.73022
163.70000,11.76100,91.72868
163.75000,11.76021,91.72712
163.80000,11.76050,91.72556
163.85000,11.76086,91.72399
163.90000,11.76126,91.72243
163.95000,11.76167,91.72086
164.00100,11.76204,91.71928
164.05000,11.76245,91.71775
164.10000,9.00000,91.69598
164.15100,12.04820,91.69554
164.20000,9.00000,91.67380
164.25100,11.65521,91.67172
164.30000,11.65018,91.66970
164.35100,11.65147,91.66761
164.40300,11.65158,91.66547
164.45200,11.64743,91.66349
164.50000,12.04644,91.66305
164.55000,11.76511,91.66151
164.60000,11.76206,91.65997
164.65100,11.75992,91.65838
164.70100,11.75873,91.65682
164.75000,11.75789,91.65529
164.80000,11.75779,91.65373
164.85000,11.75812,91.65217
164.90200,11.75836,91.65054
164.95300,11.75869,91.64896
165.00100,11.75900,91.64746
165.05100,11.75928,91.64594
165.10000,11.75961,91.64438
165.15100,11.75995,91.64279
165.20100,11.76031,91.64124
165.25000,11.76066,91.63972
165.30000,11.76101,91.63817
165.35100,11.76142,91.63659
165.40000,9.00000,91.61489
165.45100,11.64990,91.61280
165.50000,11.65388,91.61080
165.55100,11.64785,91.60870
165.60100,11.65228,91.60666
165.65100,12.04450,91.60621
165.70000,11.76525,91.60471
165.75100,11.76248,91.60315
165.80100,11.76041,91.60160
165.85000,11.75908,91.60008
165.90000,11.75852,91.59853
165.95000,11.75833,91.59698
166.00200,11.75839,91.59536
166.05100,11.75870,91.59384
166.10000,11.75901,91.59232
166.15000,11.75922,91.59077
166.20100,11.75946,91.58920
166.25100,11.75972,91.58765
166.30100,11.75998,91.58610
166.35000,9.00000,91.56435
166.40000,12.04282,91.56391
166.45000,9.00000,91.54212
166.50100,11.64967,91.54004
166.55100,12.04126,91.53959
166.60100,11.76519,91.53808
166.65100,9.00000,91.51630
166.70000,11.63807,91.51425
166.75000,11.63139,91.51215
166.80300,11.63719,91.50994
166.85000,11.63615,91.50798
166.90100,11.63833,91.50586
166.95000,12.03948,91.50542
167.00000,11.76554,91.50391
167.05000,11.76257,91.50240
167.10000,11.76029,91.50087
167.15100,11.75855,91.49931
167.20000,11.75717,91.49780
167.25000,11.75592,91.49625
167.30000,11.75517,91.49471
167.35100,11.75475,91.49313
167.40000,11.75498,91.49162
167.45000,11.75513,91.49007
167.50100,11.75530,91.48849
167.55200,11.75549,91.48692
167.60100,11.75569,91.48540
167.65000,11.75590,91.48389
167.70100,11.75612,91.48232
167.75000,11.75636,91.48081
167.80000,11.75661,91.47927
167.85000,11.75688,91.47773
167.90100,11.75715,91.47616
167.95100,11.75744,91.47462
168.00100,11.75773,91.47309
168.05000,11.75805,91.47159
168.10000,9.00000,91.44982
168.15000,11.63975,91.44775
168.20000,11.63579,91.44568
168.25100,11.64075,91.44357
168.30000,11.63544,91.44154
168.35200,12.03752,91.44107
168.40000,11.76073,91.43961
168.45000,11.75818,91.43809
168.50100,11.75642,91.43652
168.55100,11.75479,91.43498
168.60000,11.75334,91.43346
168.65000,11.75212,91.43192
168.70000,11.75195,91.43037
168.75000,11.75226,91.42882
168.80000,11.75251,91.42727
168.85100,11.75276,91.42569
168.90100,11.75304,91.42414
168.95000,11.75332,91.42263
169.00000,11.75362,91.42108
169.05100,11.75393,91.41951
169.10000,9.00000,91.39780
169.15100,12.03585,91.39735
169.20100,9.00000,91.37559
169.25100,11.63736,91.37353
169.30100,11.63753,91.37147
169.35100,12.03425,91.37102
169.40000,11.75747,91.36953
169.45100,9.00000,91.34777
169.50000,12.03273,91.34732
169.55100,11.75527,91.34577
169.60000,11.75450,91.34428
169.65000,11.75469,91.34276
169.70000,11.75488,91.34123
169.75000,9.00000,91.31947
169.80100,12.03119,91.31901
169.85000,9.00000,91.29728
169.90100,11.62051,91.29517
169.95000,11.62611,91.29308
170.00000,12.02959,91.29263
170.05000,11.75653,91.29113
170.10100,11.75457,91.28959
170.15000,11.75360,91.28811
170.20100,9.00000,91.26627
170.25000,12.02806,91.26582
170.30000,11.75411,91.26432
170.35000,11.75338,91.26281
170.40000,11.75354,91.26130
170.45100,11.75362,91.25976
170.50000,9.00000,91.23803
170.55000,11.62376,91.23595
170.60000,11.61464,91.23383
170.65000,11.61228,91.23170
170.70200,11.61975,91.22952
170.75200,12.02633,91.22906
170.80000,11.75485,91.22763
170.85000,11.75176,91.22612
170.90100,11.74943,91.22457
170.95000,11.74736,91.22308
171.00000,11.74559,91.22154
171.05000,11.74410,91.22000
171.10200,11.74288,91.21840
171.15100,11.74186,91.21688
171.20000,11.74100,91.21536
171.25000,11.74118,91.21381
171.30000,11.74130,91.21227
171.35000,11.74143,91.21072
171.40000,11.74158,91.20917
171.45200,11.74174,91.20756
171.50200,11.74192,91.20602
171.55200,11.74211,91.20447
171.60100,11.74232,91.20296
171.65000,11.74254,91.20144
171.70000,11.74277,91.19990
171.75100,11.74302,91.19833
171.80000,11.74328,91.19682
171.85000,9.00000,91.17506
171.90200,12.02464,91.17460
171.95200,11.74478,91.17307
172.00000,11.74429,91.17160
172.05000,11.74449,91.17007
172.10000,9.00000,91.14830
172.15000,11.62274,91.14622
172.20000,11.62532,91.14417
172.25000,12.02302,91.14371
172.30000,11.74716,91.14220
172.35000,11.74534,91.14068
172.40000,11.74446,91.13916
172.45000,11.74386,91.13763
172.50000,11.74334,91.13610
172.55000,11.74281,91.13457
172.60000,11.74233,91.13304
172.65000,11.74203,91.13151
172.70100,11.74225,91.12994
172.75100,9.00000,91.10818
172.80200,12.02145,91.10772
172.85200,11.74350,91.10619
172.90200,11.74290,91.10468
172.95100,11.74327,91.10318
173.00000,11.74364,91.10168
173.05000,9.00000,91.07992
173.10000,11.62104,91.07785
173.15100,11.61928,91.07574
173.20000,11.61590,91.07368
173.25000,11.61542,91.07159
173.30000,11.61246,91.06950
173.35000,11.61609,91.06741
173.40100,12.01964,91.06696
173.45000,11.74366,91.06544
173.50000,11.74041,91.06392
173.55000,11.73777,91.06238
173.60000,11.73557,91.06084
173.65000,11.73429,91.05929
173.70200,11.73320,91.05767
173.75000,11.73205,91.05618
173.80000,11.73104,91.05461
173.85000,11.73017,91.05304
173.90300,11.72957,91.05138
173.95200,11.72897,91.04984
174.00100,11.72837,91.04830
174.05000,11.72778,91.04676
174.10000,11.72720,91.04518
174.15000,11.72662,91.04360
174.20100,11.72605,91.04198
174.25200,11.72548,91.04037
174.30100,11.72492,91.03882
174.35000,11.72436,91.03726
174.40000,11.72381,91.03568
174.45000,11.72327,91.03408
174.50100,11.72274,91.03246
174.55100,11.72221,91.03086
174.60000,11.72168,91.02930
174.65000,11.72116,91.02769
174.70000,11.72065,91.02609
174.75200,11.72015,91.02443
174.80000,11.71965,91.02289
174.85000,11.71915,91.02128
174.90000,11.71867,91.01967
174.95000,11.71819,91.01806
175.00100,11.71771,91.01641
175.05100,11.71724,91.01480
175.10000,11.71678,91.01321
175.15000,11.71632,91.01160
175.20100,11.71587,91.00995
175.25000,11.71543,91.00836
175.30100,11.71499,91.00671
175.35000,11.71457,91.00511
175.40100,11.71501,91.00346
175.45000,11.71592,91.00187
175.50000,11.71681,91.00026
175.55000,11.71766,90.99864
175.60200,11.71847,90.99697
175.65000,11.71930,90.99543
175.70000,11.72013,90.99383
175.75000,9.00000,90.97235
175.80000,11.62864,90.97032
175.85000,11.64135,90.96834
175.90100,11.63217,90.96629
175.95300,11.63282,90.96420
176.00100,11.63353,90.96227
176.05100,12.01735,90.96181
176.10100,11.72525,90.96024
176.15000,11.72287,90.95869
176.20100,11.72139,90.95706
176.25000,11.72036,90.95551
176.30000,11.71984,90.95390
176.35000,11.71937,90.95231
176.40200,11.71911,90.95065
176.45100,11.71939,90.94907
176.50000,11.72005,90.94752
176.55000,9.00000,90.92584
176.60000,12.01573,90.92539
176.65000,9.00000,90.90370
176.70000,11.62947,90.90169
176.75000,11.63157,90.89969
176.80000,11.62502,90.89765
176.85100,12.01410,90.89720
176.90100,11.72641,90.89564
176.95100,11.72426,90.89407
177.00100,11.72283,90.89250
177.05000,11.72181,90.89095
177.10000,11.72106,90.88937
177.15000,11.72117,90.88779
177.20000,11.72156,90.88622
177.25100,11.72218,90.88461
177.30000,11.72276,90.88307
177.35000,9.00000,90.86138
177.40000,11.62475,90.85936
177.45000,11.61925,90.85732
177.50200,11.67075,90.85540
177.55200,11.61404,90.85337
177.60100,12.01234,90.85293
177.65100,11.72589,90.85137
177.70000,11.72424,90.84984
177.75100,11.72352,90.84824
177.80000,11.72338,90.84671
177.85300,11.72387,90.84505
177.90100,9.00000,90.82346
177.95100,11.62411,90.82143
178.00000,12.01075,90.82100
178.05000,11.72698,90.81945
178.10100,11.72575,90.81787
178.15000,9.00000,90.79622
178.20000,11.61018,90.79415
178.25000,11.61153,90.79208
178.30000,12.00915,90.79164
178.35000,9.00000,90.76991
178.40000,11.60718,90.76784
178.45000,12.00761,90.76740
178.50100,11.72980,90.76584
178.55100,11.72808,90.76431
178.60100,11.72718,90.76278
178.65000,11.72645,90.76128
178.70100,11.72616,90.75971
178.75100,11.72618,90.75818
178.80000,9.00000,90.73647
178.85000,12.00607,90.73603
178.90100,9.00000,90.71424
178.95100,12.00458,90.71380
179.00000,11.72780,90.71231
179.05000,11.72712,90.71078
179.10000,11.72733,90.70927
179.15100,9.00000,90.68746
179.20000,11.60348,90.68543
179.25000,11.60425,90.68336
179.30000,11.60247,90.68129
179.35000,12.00294,90.68084
179.40100,11.72973,90.67931
179.45000,11.72730,90.67783
179.50000,11.72562,90.67631
179.55100,11.72456,90.67475
179.60300,11.72435,90.67316
179.65200,11.72448,90.67167
179.70200,11.72465,90.67015
179.75100,9.00000,90.64845
179.80000,12.00141,90.64800
179.85000,11.72595,90.64649
179.90000,11.72518,90.64497
179.95100,11.72531,90.64343
180.00000,11.72548,90.64194
180.05100,9.00000,90.62017
180.10000,11.59808,90.61813
180.15000,11.59079,90.61602
180.20000,11.59872,90.61395
180.25000,11.99977,90.61349
180.30000,11.72793,90.61200
180.35000,11.72556,90.61049
180.40000,11.72396,90.60898
180.45200,11.72255,90.60740
180.50100,11.72158,90.60590
180.55100,11.72152,90.60438
180.60100,11.72165,90.60286
180.65000,11.72177,90.60136
180.70000,11.72190,90.59985
180.75000,11.72205,90.59832
180.80000,11.72222,90.59680
180.85100,11.72239,90.59525
180.90000,11.72258,90.59376
180.95000,9.00000,90.57202
181.00000,11.99823,90.57158
181.05000,11.72362,90.57007
181.10100,11.72278,90.56853
181.15100,9.00000,90.54678
181.20100,11.59474,90.54469
181.25100,11.59716,90.54263
181.30200,11.59203,90.54049
181.35100,11.59086,90.53844
181.40300,11.99656,90.53797
181.45000,11.72455,90.53656
181.50100,11.72196,90.53502
181.55000,11.72010,90.53353
181.60000,11.71879,90.53201
181.65100,11.71767,90.53046
181.70000,11.71682,90.52896
181.75000,11.71655,90.52743
181.80000,11.71670,90.52589
181.85100,11.71682,90.52434
181.90100,11.71697,90.52281
181.95000,11.71713,90.52131
182.00000,11.71730,90.51978
182.05100,11.71748,90.51823
182.10200,11.71768,90.51667
182.15100,11.71789,90.51517
182.20000,11.71811,90.51368
182.25200,11.71834,90.51210
182.30100,11.71858,90.51060
182.35000,9.00000,90.48892
182.40000,11.59272,90.48684
182.45100,11.99496,90.48638
182.50100,9.00000,90.46465
182.55100,11.99347,90.46420
182.60000,11.71952,90.46272
182.65000,11.71812,90.46121
182.70000,11.71736,90.45969
182.75100,11.71734,90.45815
182.80100,11.71757,90.45663
182.85000,11.71776,90.45515
182.90000,11.71798,90.45364
182.95000,11.71821,90.45213
183.00000,9.00000,90.43038
183.05000,11.59307,90.42831
183.10000,11.59124,90.42624
183.15000,11.59008,90.42416
183.20000,11.99183,90.42371
183.25100,11.72031,90.42218
183.30100,11.71787,90.42068
183.35100,11.71647,90.41917
183.40000,11.71570,90.41768
183.45000,11.71525,90.41616
183.50000,11.71515,90.41464
183.55000,11.71530,90.41312
183.60000,11.71547,90.41161
183.65000,9.00000,90.38988
183.70000,11.99032,90.38943
183.75000,9.00000,90.36768
183.80000,11.98883,90.36724
183.85100,11.71614,90.36571
183.90100,9.00000,90.34396
183.95000,11.57660,90.34189
184.00000,11.58283,90.33980
184.05300,11.98726,90.33932
184.10100,11.71658,90.33789
184.15100,11.71454,90.33639
184.20100,11.71323,90.33488
184.25000,11.71283,90.33340
184.30100,11.71249,90.33186
184.35200,11.71213,90.33032
184.40200,11.71177,90.32880
184.45000,11.71142,90.32735
184.50000,11.71107,90.32584
184.55100,11.71074,90.32429
184.60100,11.71041,90.32277
184.65100,11.71008,90.32125
184.70000,11.70978,90.31976
184.75100,11.70981,90.31821
184.80000,11.71005,90.31672
184.85000,9.00000,90.29499
184.90000,11.98576,90.29454
184.95000,9.00000,90.27280
185.00000,11.58742,90.27074
185.05000,11.57658,90.26863
185.10000,11.57999,90.26654
185.15000,11.98414,90.26610
185.20000,11.71199,90.26460
185.25000,11.70927,90.26308
185.30100,11.70706,90.26154
185.35100,11.70521,90.26001
185.40100,11.70375,90.25848
185.45000,11.70270,90.25697
185.50000,11.70206,90.25543
185.55000,11.70188,90.25389
185.60100,11.70217,90.25233
185.65000,11.70244,90.25082
185.70000,11.70267,90.24928
185.75100,11.70296,90.24772
185.80100,11.70325,90.24619
185.85000,11.70349,90.24468
185.90000,11.70378,90.24315
185.95000,11.70408,90.24162
186.00100,11.70441,90.24006
186.05200,11.70475,90.23850
186.10000,9.00000,90.21686
186.15100,11.58540,90.21475
186.20000,11.57847,90.21271
186.25000,11.58187,90.21063
186.30000,11.57579,90.20853
186.35000,11.58112,90.20645
186.40000,11.98241,90.20600
186.45100,11.70642,90.20446
186.50100,11.70364,90.20293
186.55000,11.70122,90.20143
186.60100,11.69951,90.19986
186.65000,11.69867,90.19834
186.70000,11.69862,90.19680
186.75200,11.69879,90.19519
186.80200,11.69895,90.19365
186.85100,11.69911,90.19214
186.90000,11.69939,90.19063
186.95000,11.69960,90.18909
187.00000,11.69978,90.18755
187.05100,11.69996,90.18597
187.10200,11.70019,90.18440
187.15000,11.70045,90.18293
187.20200,11.70080,90.18133
187.25000,11.70120,90.17986
187.30200,11.70161,90.17826
187.35100,11.70205,90.17676
187.40000,11.70249,90.17526
187.45000,9.00000,90.15355
187.50000,11.57389,90.15145
187.55000,11.64812,90.14964
187.60000,11.56569,90.14751
187.65000,11.98075,90.14706
187.70000,11.70539,90.14555
187.75000,11.70363,90.14403
187.80100,11.70280,90.14248
187.85000,11.70286,90.14098
187.90000,11.70308,90.13947
187.95000,9.00000,90.11774
188.00000,11.57881,90.11566
188.05000,11.57723,90.11358
188.10000,11.97917,90.11314
188.15100,11.70583,90.11160
188.20100,11.70394,90.11008
188.25000,11.70277,90.10860
188.30000,11.70200,90.10708
188.35000,11.70189,90.10556
188.40100,11.70213,90.10401
188.45000,11.70232,90.10252
188.50200,9.00000,90.08073
188.55100,11.57388,90.07867
188.60100,11.57072,90.07658
188.65000,11.57982,90.07455
188.70000,11.97755,90.07410
188.75000,11.70433,90.07260
188.80000,11.70146,90.07108
188.85000,11.69924,90.06956
188.90000,11.69764,90.06803
188.95000,11.69649,90.06650
189.00100,11.69608,90.06493
189.05000,11.69593,90.06342
189.10100,11.69603,90.06186
189.15000,11.69618,90.06035
189.20000,11.69633,90.05882
189.25000,11.69648,90.05728
189.30100,11.69662,90.05572
189.35000,11.69680,90.05421
189.40100,11.69699,90.05265
189.45000,11.69716,90.05115
189.50000,11.69735,90.04962
189.55100,11.69755,90.04806
189.60100,9.00000,90.02636
189.65000,11.97602,90.02592
189.70000,9.00000,90.00420
189.75000,11.57480,90.00212
189.80400,11.97450,90.00164
189.85200,11.70092,90.00020
189.90000,11.69976,89.99875
189.95100,9.00000,89.97698
190.00100,11.57085,89.97490
190.05100,11.97297,89.97445
190.10100,11.70122,89.97295
190.15100,11.70020,89.97145
190.20100,9.00000,89.94974
190.25100,11.97149,89.94929
190.30100,9.00000,89.92756
190.35100,11.56161,89.92545
190.40100,11.56147,89.92334
190.45100,11.96992,89.92290
190.50000,9.00000,89.90119
190.55000,11.96844,89.90075
190.60100,11.70168,89.89924
190.65200,11.70043,89.89772
190.70000,11.69951,89.89629
190.75100,11.69893,89.89478
190.80200,11.69891,89.89325
190.85000,11.69884,89.89182
190.90200,11.69877,89.89027
190.95100,9.00000,89.86856
191.00100,11.96698,89.86811
191.05100,9.00000,89.84637
191.10100,11.55787,89.84427
191.15000,11.96546,89.84383
191.20000,11.70053,89.84236
191.25000,11.69928,89.84088
191.30000,11.69877,89.83940
191.35000,11.69868,89.83792
191.40200,9.00000,89.81609
191.45100,11.96399,89.81565
191.50000,11.69944,89.81421
191.55000,11.69922,89.81274
191.60100,9.00000,89.79091
191.65100,11.54691,89.78877
191.70100,11.54871,89.78664
191.75000,11.55158,89.78458
191.80100,11.96240,89.78412
191.85000,11.70510,89.78270
191.90100,11.70374,89.78123
191.95000,9.00000,89.75948
192.00000,11.96093,89.75903
192.05100,9.00000,89.73721
192.10000,11.95945,89.73677
192.15100,9.00000,89.71490
192.20100,11.53607,89.71275
192.25100,11.95792,89.71230
192.30100,9.00000,89.69049
192.35000,11.95644,89.69005
192.40000,11.70617,89.68864
192.45000,11.70509,89.68721
192.50000,9.00000,89.66542
192.55000,11.95498,89.66497
192.60100,11.70488,89.66353
192.65000,11.70421,89.66213
192.70100,11.70381,89.66068
192.75000,9.00000,89.63892
192.80100,11.95355,89.63847
192.85000,11.70351,89.63708
192.90100,9.00000,89.61524
192.95000,11.52154,89.61309
193.00100,11.95204,89.61263
193.05000,9.00000,89.59086
193.10200,11.52279,89.58859
193.15000,11.95052,89.58816
193.20100,11.70307,89.58675
193.25000,11.70089,89.58534
193.30000,11.69909,89.58392
193.35100,11.69745,89.58246
193.40100,11.69587,89.58103
193.45100,11.69436,89.57959
193.50200,11.69293,89.57812
193.55000,11.69158,89.57672
193.60100,11.69032,89.57523
193.65100,11.68915,89.57378
193.70100,11.68806,89.57231
193.75000,11.68706,89.57088
193.80000,11.68616,89.56940
193.85100,11.68542,89.56790
193.90000,11.68506,89.56645
193.95000,11.68471,89.56498
194.00000,11.68438,89.56350
194.05000,11.68407,89.56202
194.10000,11.68377,89.56054
194.15000,11.68349,89.55906
194.20000,11.68322,89.55757
194.25000,11.68297,89.55609
194.30100,11.68273,89.55457
194.35200,11.68252,89.55306
194.40100,11.68231,89.55161
194.45100,11.68213,89.55012
194.50000,11.68196,89.54866
194.55100,11.68180,89.54713
194.60100,11.68166,89.54565
194.65000,11.68153,89.54419
194.70000,11.68141,89.54270
194.75000,11.68131,89.54121
194.80100,11.68122,89.53969
194.85000,11.68115,89.53822
194.90100,11.68109,89.53671
194.95000,11.68104,89.53524
195.00100,9.00000,89.51347
195.05000,11.54098,89.51140
195.10000,11.94937,89.51095
195.15000,9.00000,89.48916
195.20100,11.94789,89.48870
195.25000,9.00000,89.46697
195.30100,11.94642,89.46651
195.35200,11.68471,89.46503
195.40000,9.00000,89.44337
195.45000,11.53382,89.44125
195.50000,11.52924,89.43911
195.55200,11.52706,89.43688
195.60100,11.94484,89.43644
195.65100,11.68931,89.43501
195.70000,11.68770,89.43359
195.75000,11.68669,89.43214
195.80100,11.68625,89.43066
195.85100,11.68597,89.42921
195.90000,11.68567,89.42779
195.95000,11.68538,89.42634
196.00100,11.68511,89.42486
196.05100,11.68485,89.42340
196.10000,11.68460,89.42197
196.15100,11.68436,89.42049
196.20000,9.00000,89.39877
196.25000,11.52787,89.39664
196.30000,11.52413,89.39449
196.35100,11.51694,89.39227
196.40000,11.52512,89.39016
196.45000,11.94335,89.38972
196.50100,11.68938,89.38825
196.55000,11.68711,89.38684
196.60100,11.68534,89.38537
196.65200,11.68367,89.38389
196.70000,11.68220,89.38248
196.75000,11.68081,89.38102
196.80000,11.67940,89.37955
196.85000,11.67868,89.37808
196.90200,11.67849,89.37655
196.95100,11.67825,89.37510
197.00000,11.67802,89.37366
197.05000,11.67781,89.37218
197.10000,11.67761,89.37070
197.15100,11.67743,89.36919
197.20100,11.67726,89.36772
197.25000,11.67708,89.36627
197.30100,11.67690,89.36476
197.35100,11.67675,89.36328
197.40000,11.67662,89.36183
197.45100,11.67647,89.36032
197.50000,11.67634,89.35886
197.55100,11.67622,89.35735
197.60000,11.67611,89.35590
197.65000,9.00000,89.33418
197.70000,11.94211,89.33372
197.75000,9.00000,89.31200
197.80100,11.52859,89.30984
197.85100,11.53070,89.30772
197.90100,11.94056,89.30727
197.95100,11.67896,89.30582
198.00000,11.67740,89.30437
198.05100,11.67647,89.30288
198.10000,11.67620,89.30144
198.15100,11.67605,89.29993
198.20200,11.67592,89.29843
198.25000,11.67579,89.29702
198.30000,9.00000,89.27525
198.35100,11.93917,89.27479
198.40200,11.67597,89.27329
198.45100,9.00000,89.25159
198.50000,11.93770,89.25114
198.55000,11.67534,89.24969
198.60000,11.67458,89.24821
198.65000,9.00000,89.22646
198.70000,11.52648,89.22434
198.75200,11.93622,89.22388
198.80100,11.67598,89.22245
198.85000,9.00000,89.20074
198.90100,11.93477,89.20028
198.95000,11.67401,89.19885
199.00100,11.67308,89.19736
199.05000,11.67292,89.19593
199.10100,9.00000,89.17411
199.15000,11.93333,89.17367
199.20000,11.67301,89.17222
199.25100,11.67197,89.17072
199.30100,11.67177,89.16927
199.35000,9.00000,89.14756
199.40100,11.93191,89.14710
199.45200,11.67167,89.14562
199.50000,11.67075,89.14422
199.55000,11.67057,89.14276
199.60000,11.67038,89.14130
199.65300,11.67020,89.13975
199.70100,9.00000,89.11808
199.75000,11.51843,89.11600
199.80100,11.93048,89.11555
199.85000,9.00000,89.09383
199.90000,11.92901,89.09338
199.95200,11.66908,89.09187
200.00000,11.66786,89.09047
200.05000,11.66751,89.08901
200.10000,11.66725,89.08755
200.15000,11.66701,89.08609
200.20000,11.66680,89.08463
200.25100,11.66661,89.08313
200.30000,9.00000,89.06141
200.35100,11.50591,89.05920
200.40100,11.92761,89.05876
200.45000,11.66714,89.05733
200.50000,11.66534,89.05587
200.55000,11.66464,89.05441
200.60000,11.66444,89.05294
200.65000,11.66425,89.05147
200.70100,11.66406,89.04997
200.75100,11.66389,89.04850
200.80000,11.66372,89.04707
200.85000,11.66358,89.04559
200.90300,11.66344,89.04404
200.95000,9.00000,89.02241
201.00100,11.92629,89.02195
201.05000,11.66349,89.02052
201.10000,9.00000,88.99877
201.15000,11.92483,88.99833
201.20000,11.66238,88.99686
201.25100,11.66143,88.99537
201.30000,11.66119,88.99393
201.35000,11.66107,88.99246
201.40400,11.66094,88.99088
201.45100,9.00000,88.96926
201.50100,11.51238,88.96714
201.55000,11.92341,88.96671
201.60100,11.66167,88.96522
201.65000,11.66007,88.96378
201.70000,11.65923,88.96230
201.75100,11.65890,88.96081
201.80000,11.65880,88.95937
201.85000,11.65868,88.95789
201.90100,11.65857,88.95639
201.95000,11.65848,88.95494
202.00200,11.65840,88.95341
202.05000,11.65833,88.95200
202.10000,9.00000,88.93025
202.15000,11.92209,88.92981
202.20100,9.00000,88.90799
202.25000,11.92062,88.90755
202.30000,9.00000,88.88582
202.35000,11.50810,88.88371
202.40200,11.91913,88.88324
202.45000,11.65751,88.88184
202.50100,11.65586,88.88034
202.55100,11.65507,88.87887
202.60100,11.65438,88.87740
202.65000,11.65365,88.87595
202.70000,11.65293,88.87447
202.75000,11.65220,88.87299
202.80000,11.65147,88.87151
202.85000,11.65079,88.87002
202.90200,11.65071,88.86848
202.95100,11.65069,88.86702
203.00200,11.65065,88.86550
203.05000,11.65064,88.86407
203.10100,11.65062,88.86256
203.15000,9.00000,88.84088
203.20000,11.91788,88.84043
203.25100,11.65094,88.83892
203.30000,11.64992,88.83746
203.35100,11.64986,88.83595
203.40000,9.00000,88.81427
203.45000,11.50595,88.81216
203.50000,11.50653,88.81004
203.55000,11.50644,88.80793
203.60000,11.50621,88.80581
203.65100,11.91633,88.80536
203.70100,11.65068,88.80388
203.75100,11.64757,88.80239
203.80100,11.64543,88.80090
203.85000,11.64384,88.79942
203.90000,11.64263,88.79792
203.95200,11.64184,88.79635
204.00000,11.64156,88.79490
204.05100,11.64161,88.79336
204.10000,11.64162,88.79188
204.15200,11.64163,88.79031
204.20000,11.64165,88.78886
204.25100,11.64168,88.78732
204.30000,11.64178,88.78584
204.35000,11.64183,88.78432
204.40100,11.64191,88.78278
204.45100,11.64203,88.78130
204.50000,11.64211,88.77979
204.55000,11.64225,88.77828
204.60200,11.64245,88.77672
204.65100,11.64266,88.77524
204.70200,11.64288,88.77370
204.75000,11.64310,88.77225
204.80000,9.00000,88.75056
204.85000,11.51260,88.74848
204.90100,11.51090,88.74635
204.95000,11.50672,88.74429
205.00100,11.51073,88.74215
205.05200,11.51089,88.74002
205.10000,11.91498,88.73959
205.15000,11.64454,88.73809
205.20000,11.64132,88.73659
205.25200,11.63908,88.73501
205.30100,11.63748,88.73352
205.35000,11.63637,88.73203
205.40100,11.63571,88.73047
205.45100,11.63550,88.72894
205.50000,11.63560,88.72744
205.55000,11.63569,88.72591
205.60000,11.63577,88.72438
205.65100,11.63595,88.72282
205.70100,11.63615,88.72130
205.75000,11.63638,88.71980
205.80000,11.63663,88.71828
205.85100,11.63687,88.71672
205.90000,11.63704,88.71523
205.95100,11.63722,88.71368
206.00100,11.63742,88.71216
206.05000,11.63763,88.71066
206.10200,11.63785,88.70908
206.15100,11.63808,88.70760
206.20100,9.00000,88.68593
206.25300,11.51429,88.68377
206.30100,11.91370,88.68334
206.35000,9.00000,88.66168
206.40000,11.91224,88.66124
206.45000,11.63981,88.65974
206.50000,11.63842,88.65823
206.55000,9.00000,88.63654
206.60200,11.91081,88.63608
206.65000,11.63792,88.63464
206.70000,11.63701,88.63313
206.75200,11.63701,88.63156
206.80000,11.63719,88.63012
206.85000,11.63737,88.62861
206.90100,9.00000,88.60685
206.95100,11.51076,88.60478
207.00000,11.90938,88.60435
207.05000,9.00000,88.58263
207.10200,11.90792,88.58216
207.15000,11.63754,88.58073
207.20000,11.63622,88.57923
207.25000,11.63570,88.57773
207.30100,11.63561,88.57619
207.35100,11.63576,88.57470
207.40200,9.00000,88.55294
207.45000,11.90652,88.55251
207.50000,9.00000,88.53080
207.55000,11.49947,88.52870
207.60000,11.90504,88.52825
207.65000,11.63661,88.52676
207.70000,9.00000,88.50507
207.75000,11.90359,88.50462
207.80100,11.63437,88.50311
207.85100,11.63364,88.50162
207.90000,11.63376,88.50015
207.95000,11.63382,88.49866
208.00000,11.63388,88.49717
208.05000,9.00000,88.47547
208.10200,11.49744,88.47330
208.15100,11.49579,88.47124
208.20000,11.90216,88.47079
208.25000,11.63610,88.46932
208.30100,11.63413,88.46780
208.35000,11.63315,88.46635
208.40000,11.63234,88.46485
208.45100,11.63180,88.46333
208.50000,11.63180,88.46187
208.55100,11.63188,88.46034
208.60000,11.63194,88.45888
208.65200,11.63204,88.45732
208.70100,11.63215,88.45586
208.75100,11.63228,88.45437
208.80100,9.00000,88.43265
208.85000,11.49258,88.43058
208.90000,11.48526,88.42844
208.95200,11.49213,88.42625
209.00000,11.48517,88.42420
209.05000,11.48849,88.42208
209.10000,11.90071,88.42163
209.15000,11.63473,88.42016
209.20000,11.63166,88.41866
209.25200,11.62932,88.41711
209.30100,11.62760,88.41563
209.35000,11.62667,88.41415
209.40000,11.62612,88.41264
209.45000,11.62598,88.41113
209.50100,11.62596,88.40959
209.55000,11.62591,88.40811
209.60200,11.62588,88.40654
209.65000,11.62587,88.40509
209.70000,11.62587,88.40357
209.75100,11.62588,88.40203
209.80000,11.62591,88.40055
209.85000,11.62596,88.39904
209.90000,11.62602,88.39753
209.95200,11.62609,88.39596
210.00100,11.62619,88.39448
210.05100,9.00000,88.37277
210.10000,11.89950,88.37233
210.15000,11.62759,88.37083
210.20000,11.62696,88.36933
210.25000,11.62688,88.36783
210.30100,11.62707,88.36629
210.35100,11.62719,88.36479
210.40000,11.62732,88.36332
210.45000,9.00000,88.34161
210.50100,11.49701,88.33949
210.55000,11.89810,88.33905
210.60000,9.00000,88.31736
210.65000,11.89664,88.31691
210.70100,9.00000,88.29517
210.75000,11.89518,88.29472
210.80100,11.62730,88.29321
210.85200,11.62604,88.29169
210.90000,11.62556,88.29026
210.95000,11.62560,88.28876
211.00100,11.62564,88.28728
211.05300,11.62570,88.28570
211.10100,11.62577,88.28426
211.15100,9.00000,88.26257
211.20100,11.47922,88.26043
211.25100,11.49171,88.25835
211.30100,11.48566,88.25624
211.35000,11.48590,88.25418
211.40000,11.89373,88.25373
211.45000,11.62630,88.25225
211.50000,11.62335,88.25076
211.55000,11.62088,88.24925
211.60000,11.61899,88.24774
211.65000,11.61784,88.24622
211.70000,11.61715,88.24471
211.75000,11.61705,88.24319
211.80000,11.61704,88.24167
211.85100,11.61707,88.24012
211.90000,11.61711,88.23863
211.95100,11.61718,88.23708
212.00000,11.61725,88.23560
212.05000,11.61734,88.23408
212.10000,11.61745,88.23256
212.15100,11.61757,88.23101
212.20100,11.61770,88.22950
212.25000,11.61784,88.22801
212.30000,11.61800,88.22649
212.35100,11.61817,88.22495
212.40000,11.61835,88.22346
212.45100,11.61854,88.22192
212.50100,11.61874,88.22041
212.55000,11.61895,88.21893
212.60000,11.61918,88.21741
212.65100,9.00000,88.19571
212.70200,11.48817,88.19358
212.75000,11.49013,88.19158
212.80000,11.89255,88.19113
212.85200,9.00000,88.16936
212.90100,11.89109,88.16892
212.95100,11.61939,88.16742
213.00100,11.61800,88.16592
213.05100,11.61772,88.16441
213.10000,11.61787,88.16293
213.15200,11.61799,88.16137
213.20000,11.61811,88.15993
213.25000,9.00000,88.13824
213.30000,11.88972,88.13779
213.35000,9.00000,88.11607
213.40400,11.88828,88.11559
213.45200,9.00000,88.09400
213.50100,11.48259,88.09196
213.55000,11.88680,88.09151
213.60000,11.61923,88.09003
213.65000,11.61789,88.08855
213.70100,11.61706,88.08702
213.75100,11.61648,88.08553
213.80000,11.61635,88.08406
213.85000,11.61641,88.08257
213.90200,11.61646,88.08102
213.95000,9.00000,88.05942
214.00100,11.47835,88.05727
214.05100,11.88544,88.05682
214.10000,9.00000,88.03517
214.15100,11.88399,88.03471
214.20000,11.61637,88.03326
214.25100,11.61527,88.03175
214.30100,11.61530,88.03025
214.35000,11.61530,88.02879
214.40000,9.00000,88.00711
214.45000,11.88261,88.00666
214.50000,11.61578,88.00518
214.55000,9.00000,87.98348
214.60100,11.88118,87.98302
214.65000,11.61539,87.98158
214.70100,11.61445,87.98007
214.75000,11.61436,87.97862
214.80000,9.00000,87.95692
214.85100,11.87979,87.95647
214.90100,9.00000,87.93478
214.95000,11.87834,87.93434
215.00000,11.61486,87.93288
215.05100,11.61401,87.93137
215.10100,11.61397,87.92990
215.15100,11.61389,87.92843
215.20000,9.00000,87.90677
215.25000,11.87698,87.90633
215.30000,11.61419,87.90486
215.35000,9.00000,87.88314
215.40000,11.46488,87.88103
215.45000,11.46441,87.87891
215.50100,11.46039,87.87673
215.55100,11.87547,87.87628
215.60000,11.61674,87.87486
215.65300,9.00000,87.85307
215.70100,11.87404,87.85263
215.75100,11.61189,87.85117
215.80000,11.61059,87.84973
215.85100,11.61036,87.84823
215.90100,11.61010,87.84676
215.95000,11.60986,87.84532
216.00000,11.60963,87.84385
216.05000,11.60941,87.84238
216.10000,11.60921,87.84090
216.15000,11.60902,87.83942
216.20000,11.60885,87.83795
216.25200,11.60869,87.83642
216.30000,11.60854,87.83500
216.35000,11.60840,87.83352
216.40000,11.60828,87.83205
216.45000,11.60817,87.83057
216.50100,9.00000,87.80881
216.55200,11.87292,87.80835
216.60200,11.60909,87.80688
216.65000,11.60887,87.80547
216.70000,9.00000,87.78374
216.75100,11.45765,87.78157
216.80000,11.45925,87.77949
216.85000,11.87147,87.77905
216.90000,9.00000,87.75732
216.95000,11.87002,87.75687
217.00000,9.00000,87.73511
217.05000,11.45209,87.73296
217.10000,11.86854,87.73252
217.15000,11.61379,87.73109
217.20000,11.61237,87.72964
217.25100,11.61150,87.72817
217.30100,11.61118,87.72672
217.35000,11.61087,87.72531
217.40000,11.61056,87.72386
217.45000,11.61027,87.72241
217.50100,11.60999,87.72093
217.55100,11.60973,87.71948
217.60000,9.00000,87.69781
217.65100,11.86733,87.69736
217.70000,11.61007,87.69594
217.75100,11.60972,87.69447
217.80000,11.60951,87.69305
217.85000,11.60926,87.69160
217.90000,9.00000,87.66985
217.95000,11.44667,87.66770
218.00000,11.44923,87.66557
218.05000,11.44489,87.66341
218.10100,11.86590,87.66295
218.15000,11.61244,87.66154
218.20000,11.61029,87.66011
218.25000,11.60882,87.65867
218.30000,11.60836,87.65722
218.35100,11.60804,87.65575
218.40100,11.60769,87.65430
218.45000,11.60736,87.65288
218.50000,11.60704,87.65142
218.55000,11.60674,87.64997
218.60100,11.60645,87.64849
218.65200,11.60618,87.64700
218.70100,9.00000,87.62533
218.75000,11.86473,87.62489
218.80100,11.60612,87.62341
218.85000,11.60523,87.62199
218.90200,11.60487,87.62048
218.95000,9.00000,87.59885
219.00000,11.86336,87.59840
219.05000,11.60517,87.59695
219.10000,11.60475,87.59550
219.15100,9.00000,87.57373
219.20000,11.86197,87.57330
219.25000,9.00000,87.55156
219.30100,11.44383,87.54938
219.35000,11.44425,87.54728
219.40100,11.86047,87.54682
219.45100,11.60576,87.54539
219.50000,11.60359,87.54398
219.55100,11.60226,87.54250
219.60100,11.60108,87.54105
219.65200,11.59997,87.53956
219.70000,11.59896,87.53815
219.75100,11.59804,87.53666
219.80000,11.59721,87.53522
219.85000,11.59649,87.53375
219.90000,11.59610,87.53228
219.95100,11.59586,87.53078
220.00300,11.59562,87.52924
220.05100,11.59539,87.52783
220.10000,11.59517,87.52638
220.15000,11.59497,87.52490
220.20200,11.59479,87.52337
220.25100,11.59461,87.52192
220.30000,11.59446,87.52047
220.35000,11.59431,87.51899
220.40000,11.59418,87.51751
220.45100,11.59406,87.51600
220.50100,11.59396,87.51452
220.55000,11.59386,87.51306
220.60000,11.59378,87.51158
220.65000,11.59371,87.51010
220.70400,11.59366,87.50850
220.75000,11.59361,87.50713
220.80000,9.00000,87.48546
220.85100,11.85967,87.48500
220.90200,11.59452,87.48350
220.95000,9.00000,87.46190
221.00000,11.44377,87.45976
221.05000,11.44690,87.45765
221.10000,11.85820,87.45720
221.15000,11.59555,87.45573
221.20100,11.59383,87.45423
221.25100,11.59295,87.45276
221.30000,11.59234,87.45131
221.35000,11.59202,87.44983
221.40300,11.59190,87.44827
221.45100,9.00000,87.42667
221.50000,11.85690,87.42623
221.55000,11.59232,87.42476
221.60000,11.59170,87.42328
221.65200,11.59168,87.42175
221.70000,11.59159,87.42033
221.75200,11.59152,87.41880
221.80200,11.59144,87.41732
221.85100,9.00000,87.39568
221.90000,11.44571,87.39362
221.95000,11.44550,87.39149
222.00000,11.85555,87.39105
222.05000,9.00000,87.36935
222.10200,11.85411,87.36888
222.15200,11.58952,87.36741
222.20000,11.58788,87.36599
222.25000,11.58656,87.36450
222.30000,11.58522,87.36301
222.35000,11.58391,87.36152
222.40100,11.58262,87.35999
222.45000,11.58144,87.35852
222.50100,11.58056,87.35698
222.55000,11.58026,87.35551
222.60100,11.58020,87.35397
222.65000,11.58015,87.35249
222.70000,11.58012,87.35098
222.75000,11.58009,87.34946
222.80000,11.58008,87.34796
222.85000,11.58009,87.34645
222.90200,11.58011,87.34488
222.95100,11.58014,87.34340
223.00100,11.58018,87.34189
223.05100,11.58031,87.34038
223.10000,11.58045,87.33891
223.15000,11.58060,87.33739
223.20000,9.00000,87.31574
223.25000,11.45513,87.31367
223.30100,11.44837,87.31154
223.35000,11.85307,87.31110
223.40100,11.58278,87.30958
223.45000,11.58095,87.30811
223.50200,11.58015,87.30654
223.55200,11.58015,87.30504
223.60000,11.58024,87.30360
223.65000,11.58030,87.30209
223.70000,11.58041,87.30059
223.75100,11.58052,87.29906
223.80100,9.00000,87.27740
223.85000,11.44563,87.27534
223.90000,11.85177,87.27490
223.95000,11.58220,87.27341
224.00000,11.58066,87.27191
224.05100,9.00000,87.25023
224.10000,11.85037,87.24979
224.15000,11.58011,87.24829
224.20000,11.57955,87.24680
224.25100,9.00000,87.22509
224.30100,11.84898,87.22464
224.35000,11.58014,87.22318
224.40200,11.57928,87.22163
224.45000,11.57926,87.22020
224.50000,11.57932,87.21870
224.55100,9.00000,87.19701
224.60000,11.44012,87.19494
224.65100,11.43512,87.19277
224.70000,11.43703,87.19070
224.75000,11.84756,87.19025
224.80000,11.58110,87.18877
224.85100,11.57833,87.18726
224.90000,11.57611,87.18578
224.95100,11.57480,87.18425
225.00200,11.57423,87.18272
225.05200,11.57372,87.18121
225.10100,11.57376,87.17973
225.15000,11.57378,87.17825
225.20000,11.57381,87.17674
225.25000,11.57387,87.17523
225.30000,11.57391,87.17373
225.35000,11.57400,87.17222
225.40000,11.57410,87.17072
225.45100,11.57421,87.16917
225.50000,11.57434,87.16770
225.55200,11.57448,87.16613
225.60200,11.57462,87.16463
225.65000,11.57478,87.16319
225.70000,9.00000,87.14153
225.75100,11.44651,87.13942
225.80100,11.84648,87.13897
225.85000,11.57666,87.13751
225.90100,11.57520,87.13598
225.95000,11.57448,87.13451
226.00000,9.00000,87.11287
226.05100,11.44271,87.11075
226.10000,11.84508,87.11031
226.15100,9.00000,87.08861
226.20100,11.84364,87.08816
226.25000,11.57448,87.08670
226.30000,11.57358,87.08521
226.35100,11.57370,87.08369
226.40000,11.57375,87.08222
226.45000,11.57381,87.08073
226.50200,9.00000,87.05900
226.55000,11.84232,87.05857
226.60100,11.57433,87.05705
226.65000,9.00000,87.03543
226.70100,11.84090,87.03497
226.75000,9.00000,87.01335
226.80100,11.83947,87.01289
226.85100,11.57326,87.01141
226.90100,9.00000,86.98975
226.95100,11.83806,86.98930
227.00000,9.00000,86.96768
227.05000,11.83662,86.96723
227.10000,11.57183,86.96576
227.15100,11.57088,86.96425
227.20000,11.57051,86.96281
227.25000,11.57044,86.96133
227.30100,11.57041,86.95982
227.35100,9.00000,86.93815
227.40000,11.42342,86.93607
227.45000,11.42770,86.93397
227.50000,11.83528,86.93352
227.55000,11.57153,86.93205
227.60000,11.56917,86.93057
227.65000,11.56724,86.92908
227.70000,11.56604,86.92760
227.75100,11.56543,86.92607
227.80000,11.56540,86.92461
227.85000,11.56536,86.92312
227.90100,11.56535,86.92159
227.95100,11.56534,86.92010
228.00100,11.56535,86.91860
228.05000,11.56538,86.91714
228.10000,11.56541,86.91565
228.15100,11.56546,86.91412
228.20000,9.00000,86.89252
228.25000,11.83417,86.89207
228.30000,11.56616,86.89059
228.35000,11.56549,86.88910
228.40100,11.56549,86.88758
228.45100,9.00000,86.86594
228.50100,11.83282,86.86549
228.55000,11.56595,86.86404
228.60100,9.00000,86.84232
228.65100,11.83141,86.84188
228.70200,11.56564,86.84037
228.75000,9.00000,86.81879
228.80200,11.42605,86.81661
228.85000,11.42128,86.81458
228.90000,11.82997,86.81413
228.95000,11.56603,86.81267
229.00100,11.56399,86.81116
229.05000,11.56308,86.80971
229.10000,11.56307,86.80823
229.15000,11.56301,86.80675
229.20200,11.56295,86.80520
229.25000,9.00000,86.78361
229.30000,11.82870,86.78316
229.35000,11.56378,86.78168
229.40000,11.56312,86.78021
229.45000,11.56300,86.77873
229.50100,11.56296,86.77723
229.55200,11.56293,86.77572
229.60100,9.00000,86.75410
229.65100,11.41171,86.75197
229.70000,11.82738,86.75153
229.75100,9.00000,86.72983
229.80300,11.82595,86.72936
229.85000,11.56207,86.72798
229.90000,11.56097,86.72650
229.95100,11.56080,86.72500
230.00200,11.56072,86.72350
230.05000,11.56064,86.72208
230.10000,9.00000,86.70039
230.15100,11.82466,86.69994
230.20100,11.56095,86.69847
230.25000,9.00000,86.67684
230.30000,11.82326,86.67639
230.35200,11.56043,86.67487
230.40100,11.55956,86.67343
230.45100,11.55939,86.67196
230.50000,11.55931,86.67052
230.55000,11.55922,86.66904
230.60000,11.55914,86.66758
230.65000,11.55908,86.66611
230.70200,11.55904,86.66457
230.75000,9.00000,86.64301
230.80000,11.41269,86.64089
230.85000,11.82205,86.64045
230.90100,9.00000,86.61874
230.95000,11.82062,86.61831
231.00100,9.00000,86.59658
231.05100,11.81908,86.59613
231.10000,11.55643,86.59470
231.15000,11.55553,86.59322
231.20100,9.00000,86.57156
231.25000,11.81772,86.57112
231.30100,11.55581,86.56963
231.35000,11.55501,86.56819
231.40000,11.55475,86.56672
231.45000,11.55463,86.56525
231.50100,11.55449,86.56376
231.55000,11.55438,86.56232
231.60000,11.55427,86.56085
231.65200,11.55416,86.55932
231.70200,9.00000,86.53770
231.75000,11.81654,86.53727
231.80000,9.00000,86.51565
231.85000,11.81512,86.51520
231.90100,9.00000,86.49352
231.95100,11.81369,86.49306
232.00200,11.55415,86.49158
232.05000,11.55311,86.49018
232.10000,11.55284,86.48872
232.15000,11.55268,86.48727
232.20000,9.00000,86.46561
232.25100,11.40055,86.46346
232.30000,11.39883,86.46136
232.35200,11.81237,86.46090
232.40100,9.00000,86.43932
232.45100,11.81095,86.43887
232.50000,11.55048,86.43744
232.55000,11.54905,86.43597
232.60100,9.00000,86.41429
232.65100,11.80959,86.41384
232.70000,11.54857,86.41241
232.75000,11.54767,86.41095
232.80000,11.54750,86.40948
232.85000,11.54725,86.40802
232.90200,11.54701,86.40650
232.95200,11.54681,86.40503
233.00000,11.54661,86.40363
233.05100,11.54642,86.40212
233.10000,11.54624,86.40069
233.15000,11.54607,86.39922
233.20000,11.54594,86.39774
233.25000,11.54581,86.39627
233.30100,9.00000,86.37458
233.35100,11.80856,86.37413
233.40100,11.54583,86.37267
233.45100,11.54480,86.37119
233.50000,11.54470,86.36976
233.55000,11.54460,86.36829
233.60200,11.54449,86.36675
233.65100,11.54439,86.36531
233.70100,11.54432,86.36384
233.75100,9.00000,86.34220
233.80000,11.39873,86.34013
233.85000,11.39564,86.33801
233.90100,11.80734,86.33755
233.95100,11.54539,86.33609
234.00000,11.54323,86.33465
234.05000,11.54201,86.33318
234.10000,11.54083,86.33170
234.15000,11.53981,86.33021
234.20000,11.53943,86.32872
234.25000,11.53939,86.32723
234.30000,11.53932,86.32574
234.35100,11.53926,86.32423
234.40100,11.53921,86.32275
234.45000,11.53917,86.32129
234.50100,11.53915,86.31977
234.55000,9.00000,86.29819
234.60100,11.80630,86.29774
234.65000,11.53978,86.29629
234.70000,11.53887,86.29481
234.75100,11.53871,86.29329
234.80000,9.00000,86.27172
234.85100,11.39471,86.26957
234.90100,11.39682,86.26746
234.95000,11.80494,86.26702
235.00300,11.54040,86.26546
235.05000,11.53838,86.26407
235.10000,11.53702,86.26258
235.15000,11.53576,86.26109
235.20000,11.53445,86.25959
235.25100,11.53347,86.25806
235.30000,11.53281,86.25659
235.35000,11.53290,86.25509
235.40000,11.53291,86.25359
235.45000,11.53293,86.25208
235.50100,11.53298,86.25055
235.55000,11.53303,86.24908
235.60100,11.53310,86.24755
235.65000,11.53319,86.24608
235.70200,11.53328,86.24451
235.75100,9.00000,86.22298
235.80100,11.40196,86.22090
235.85000,11.80395,86.22046
235.90100,11.53484,86.21894
235.95100,11.53350,86.21745
236.00100,9.00000,86.19582
236.05000,11.80259,86.19538
236.10100,11.53246,86.19386
236.15100,11.53133,86.19236
236.20000,11.53144,86.19090
236.25100,11.53152,86.18936
236.30000,11.53159,86.18790
236.35100,11.53165,86.18640
236.40000,11.53173,86.18490
236.45100,11.53182,86.18337
236.50100,9.00000,86.16177
236.55000,11.39227,86.15970
236.60000,11.39443,86.15760
236.65000,11.39736,86.15551
236.70100,11.80136,86.15505
236.75000,9.00000,86.13351
236.80000,11.39372,86.13140
236.85000,11.79993,86.13096
236.90100,11.53138,86.12944
236.95000,11.52940,86.12798
237.00000,11.52811,86.12647
237.05000,11.52701,86.12497
237.10100,11.52612,86.12343
237.15000,11.52555,86.12195
237.20100,11.52530,86.12041
237.25100,11.52532,86.11889
237.30000,11.52534,86.11741
237.35000,11.52538,86.11590
237.40100,11.52544,86.11436
237.45100,11.52551,86.11285
237.50000,11.52559,86.11137
237.55000,11.52569,86.10986
237.60100,11.52580,86.10831
237.65000,11.52592,86.10683
237.70100,11.52606,86.10529
237.75100,11.52620,86.10378
237.80100,11.52636,86.10227
237.85000,11.52653,86.10079
237.90000,11.52671,86.09928
237.95000,11.52690,86.09778
238.00100,9.00000,86.07616
238.05000,11.47104,86.07447
238.10100,11.38497,86.07230
238.15100,11.39808,86.07022
238.20000,11.39614,86.06818
238.25000,11.39104,86.06607
238.30100,11.39498,86.06393
238.35000,11.79907,86.06350
238.40100,11.52640,86.06196
238.45000,11.52341,86.06048
238.50200,11.52120,86.05889
238.55000,11.51936,86.05742
238.60200,11.51793,86.05582
238.65100,11.51679,86.05431
238.70000,11.51593,86.05280
238.75000,11.51543,86.05125
238.80100,11.51567,86.04967
238.85100,11.51584,86.04813
238.90000,11.51602,86.04662
238.95000,11.51621,86.04507
239.00000,11.51643,86.04353
239.05100,11.51665,86.04196
239.10000,11.51689,86.04045
239.15000,11.51715,86.03891
239.20200,11.51741,86.03731
239.25200,11.51769,86.03577
239.30000,11.51798,86.03429
239.35100,11.51829,86.03272
239.40000,11.51860,86.03122
239.45100,11.51892,86.02966
239.50000,9.00000,86.00816
239.55100,11.79821,86.00770
239.60000,9.00000,85.98618
239.65100,11.79679,85.98573
239.70100,9.00000,85.96412
239.75100,11.39517,85.96204
239.80000,11.79535,85.96160
239.85100,11.52142,85.96006
239.90100,11.52007,85.95855
239.95000,11.51951,85.95706
240.00100,11.51958,85.95551
240.05000,9.00000,85.93400
240.10100,11.79405,85.93354
240.15000,9.00000,85.91199
240.20000,11.38857,85.90990
240.25100,11.38718,85.90776
240.30000,11.79259,85.90732
240.35000,11.52205,85.90582
240.40000,11.52015,85.90432
240.45000,11.51921,85.90281
240.50000,11.51921,85.90131
240.55000,11.51928,85.89980
240.60100,11.51941,85.89826
240.65200,11.51955,85.89673
240.70300,11.51968,85.89519
240.75100,11.51983,85.89375
240.80100,11.51998,85.89224
240.85000,11.52015,85.89076
240.90000,9.00000,85.86919
240.95000,11.38971,85.86711
241.00200,11.38936,85.86494
241.05000,11.38824,85.86295
241.10000,11.79145,85.86250
241.15000,11.52206,85.86100
241.20000,11.51936,85.85950
241.25000,11.51769,85.85799
241.30000,11.51671,85.85648
241.35200,11.51676,85.85490
241.40100,11.51689,85.85342
241.45000,11.51707,85.85194
241.50000,11.51722,85.85043
241.55000,11.51737,85.84892
241.60000,11.51752,85.84741
241.65000,11.51768,85.84591
241.70200,9.00000,85.82426
241.75000,11.39080,85.82227
241.80000,11.79033,85.82182
241.85000,9.00000,85.80026
241.90100,11.78891,85.79980
241.95200,11.51858,85.79828
242.00100,11.51750,85.79681
242.05100,11.51733,85.79531
242.10000,11.51742,85.79384
242.15200,9.00000,85.77218
242.20200,11.78761,85.77173
242.25000,11.51823,85.77029
242.30000,11.51736,85.76880
242.35100,11.51734,85.76727
242.40000,9.00000,85.74575
242.45000,11.78628,85.74530
242.50000,9.00000,85.72372
242.55000,11.37825,85.72162
242.60100,11.37910,85.71947
242.65000,11.78483,85.71904
242.70000,9.00000,85.69745
242.75200,11.78342,85.69698
242.80000,11.51724,85.69556
242.85000,11.51583,85.69408
242.90100,11.51529,85.69257
242.95000,11.51534,85.69111
243.00300,11.51532,85.68953
243.05100,11.51534,85.68810
243.10000,11.51536,85.68665
243.15100,11.51542,85.68513
243.20000,11.51545,85.68367
243.25100,9.00000,85.66204
243.30100,11.78229,85.66159
243.35100,9.00000,85.64001
243.40100,11.37346,85.63790
243.45100,11.78086,85.63745
243.50000,9.00000,85.61589
243.55000,11.77944,85.61544
243.60200,11.51610,85.61391
243.65000,9.00000,85.59241
243.70000,11.77806,85.59196
243.75400,11.51542,85.59038
243.80100,11.51457,85.58900
243.85100,11.51452,85.58753
243.90000,11.51446,85.58609
243.95100,11.51441,85.58459
244.00100,11.51437,85.58312
244.05000,11.51434,85.58168
244.10100,11.51432,85.58018
244.15000,9.00000,85.55859
244.20000,11.77692,85.55814
244.25000,9.00000,85.53653
244.30000,11.36543,85.53442
244.35100,11.77550,85.53396
244.40000,9.00000,85.51239
244.45000,11.77408,85.51194
244.50000,11.51415,85.51048
244.55000,11.51281,85.50903
244.60000,11.51233,85.50756
244.65100,11.51221,85.50607
244.70100,11.51210,85.50460
244.75100,11.51200,85.50314
244.80000,9.00000,85.48159
244.85000,11.77288,85.48114
244.90000,9.00000,85.45954
244.95000,11.35852,85.45741
245.00000,11.35734,85.45528
245.05100,11.77145,85.45483
245.10000,11.51314,85.45341
245.15100,11.51070,85.45192
245.20000,11.50882,85.45049
245.25100,11.50717,85.44898
245.30200,11.50658,85.44748
245.35100,11.50648,85.44603
245.40000,11.50634,85.44458
245.45000,11.50619,85.44311
245.50000,11.50609,85.44163
245.55100,11.50600,85.44012
245.60000,11.50593,85.43867
245.65000,11.50585,85.43719
245.70100,11.50580,85.43568
245.75000,11.50574,85.43423
245.80200,11.50572,85.43270
245.85100,11.50573,85.43125
245.90000,11.50575,85.42980
245.95000,11.50578,85.42832
246.00000,11.50583,85.42684
246.05000,9.00000,85.40526
246.10000,11.77070,85.40481
246.15000,9.00000,85.38321
246.20100,11.76929,85.38275
246.25100,9.00000,85.36115
246.30100,11.76787,85.36070
246.35000,9.00000,85.33913
246.40100,11.76647,85.33867
246.45100,11.50589,85.33721
246.50000,9.00000,85.31567
246.55000,11.35343,85.31355
246.60000,11.76508,85.31310
246.65100,11.50548,85.31161
246.70300,11.50384,85.31010
246.75000,11.50275,85.30872
246.80100,11.50202,85.30722
246.85000,11.50179,85.30578
246.90100,11.50172,85.30428
246.95000,11.50164,85.30284
247.00000,9.00000,85.28123
247.05000,11.76393,85.28079
247.10100,11.50207,85.27930
247.15000,11.50112,85.27786
247.20000,11.50088,85.27639
247.25100,11.50084,85.27489
247.30100,9.00000,85.25330
247.35000,11.76267,85.25287
247.40100,11.50157,85.25137
247.45200,11.50107,85.24989
247.50200,11.50096,85.24842
247.55100,9.00000,85.22687
247.60100,11.34911,85.22475
247.65000,11.34531,85.22265
247.70000,11.76135,85.22220
247.75100,11.50170,85.22072
247.80000,11.49952,85.21928
247.85100,11.49826,85.21778
247.90100,11.49744,85.21632
247.95100,11.49675,85.21484
248.00000,11.49608,85.21339
248.05100,11.49565,85.21188
248.10100,11.49548,85.21040
248.15000,11.49546,85.20895
248.20000,11.49543,85.20747
248.25100,11.49542,85.20596
248.30000,11.49542,85.20451
248.35100,11.49544,85.20301
248.40000,11.49546,85.20155
248.45100,11.49550,85.20005
248.50100,11.49555,85.19857
248.55100,9.00000,85.17703
248.60100,11.35136,85.17488
248.65000,11.34970,85.17281
248.70000,11.35203,85.17070
248.75100,11.35184,85.16854
248.80000,11.76048,85.16811
248.85000,11.49847,85.16664
248.90100,11.49592,85.16514
248.95100,11.49410,85.16369
249.00000,11.49307,85.16220
249.05000,11.49294,85.16072
249.10100,11.49282,85.15920
249.15100,11.49269,85.15771
249.20000,11.49256,85.15626
249.25100,11.49245,85.15474
249.30100,11.49238,85.15325
249.35100,11.49232,85.15176
249.40100,11.49227,85.15028
249.45100,11.49225,85.14879
249.50200,9.00000,85.12716
249.55000,11.75951,85.12672
249.60100,11.49311,85.12521
249.65000,11.49243,85.12376
249.70000,11.49246,85.12228
249.75200,11.49245,85.12074
249.80100,9.00000,85.09921
249.85100,11.35381,85.09711
249.90100,11.34629,85.09499
249.95000,11.75822,85.09454
250.00000,11.49424,85.09308
250.05000,11.49218,85.09160
250.10100,11.49116,85.09009
250.15000,11.49076,85.08863
250.20100,11.49073,85.08711
250.25000,11.49067,85.08566
250.30000,11.49062,85.08418
250.35100,11.49059,85.08266
250.40000,11.49057,85.08120
250.45000,11.49056,85.07972
250.50100,11.49055,85.07820
250.55200,9.00000,85.05659
250.60100,11.75719,85.05615
250.65100,9.00000,85.03459
250.70100,11.75578,85.03414
250.75100,11.49051,85.03267
250.80100,11.48956,85.03119
250.85000,11.48949,85.02974
250.90000,9.00000,85.00817
250.95000,11.34446,85.00605
251.00100,11.75447,85.00559
251.05100,11.49058,85.00413
251.10100,11.48913,85.00265
251.15100,11.48849,85.00117
251.20000,11.48842,84.99972
251.25000,11.48836,84.99824
251.30000,11.48829,84.99676
251.35100,11.48822,84.99525
251.40000,9.00000,84.97370
251.45000,11.34285,84.97159
251.50000,11.34218,84.96947
251.55000,11.34699,84.96737
251.60000,11.33859,84.96523
251.65000,11.75326,84.96478
251.70100,11.48852,84.96328
251.75100,11.48549,84.96180
251.80000,11.48322,84.96033
251.85100,11.48186,84.95880
251.90000,11.48073,84.95733
251.95000,11.47995,84.95582
252.00000,11.47952,84.95432
252.05200,11.47937,84.95274
252.10000,11.47926,84.95129
252.15000,11.47917,84.94978
252.20000,11.47908,84.94827
252.25000,11.47902,84.94676
252.30000,11.47897,84.94524
252.35200,11.47894,84.94367
252.40000,11.47892,84.94222
252.45000,11.47891,84.94071
252.50000,11.47892,84.93920
252.55100,11.47895,84.93765
252.60000,11.47898,84.93617
252.65000,11.47903,84.93466
252.70000,11.47909,84.93315
252.75100,11.47917,84.93160
252.80000,11.47926,84.93012
252.85000,11.47936,84.92861
252.90100,11.47947,84.92707
252.95100,11.47959,84.92556
253.00000,11.47973,84.92408
253.05000,9.00000,84.90255
253.10000,11.75272,84.90210
253.15000,9.00000,84.88094
253.20000,11.43593,84.87928
253.25000,11.33590,84.87714
253.30100,11.34916,84.87502
253.35000,11.34282,84.87295
253.40000,11.34463,84.87085
253.45200,11.34625,84.86867
253.50000,11.75130,84.86824
253.55200,9.00000,84.84660
253.60000,11.74988,84.84617
253.65100,11.48157,84.84465
253.70000,11.47941,84.84319
253.75200,11.47754,84.84162
253.80000,11.47578,84.84017
253.85000,11.47418,84.83865
253.90000,11.47270,84.83713
253.95200,11.47133,84.83554
254.00100,11.47005,84.83404
254.05000,11.46887,84.83253
254.10000,11.46782,84.83099
254.15100,11.46688,84.82941
254.20100,11.46605,84.82787
254.25000,11.46555,84.82635
254.30000,11.46555,84.82480
254.35000,11.46572,84.82325
254.40100,11.46587,84.82167
254.45200,11.46604,84.82009
254.50000,11.46622,84.81860
254.55000,11.46642,84.81705
254.60000,11.46663,84.81551
254.65000,11.46685,84.81396
254.70100,11.46709,84.81239
254.75100,9.00000,84.79089
254.80100,11.74912,84.79044
254.85000,11.46848,84.78894
254.90000,11.46788,84.78740
254.95100,11.46786,84.78584
255.00000,11.46810,84.78433
255.05000,11.46837,84.78279
255.10000,11.46864,84.78126
255.15000,11.46894,84.77972
255.20100,9.00000,84.75816
255.25100,11.35124,84.75609
255.30100,11.34785,84.75401
255.35100,11.35131,84.75195
255.40100,11.74788,84.75150
255.45000,9.00000,84.73003
255.50100,11.74648,84.72958
255.55200,11.47118,84.72803
255.60100,11.47005,84.72654
255.65000,11.46964,84.72505
255.70000,11.46949,84.72353
255.75000,11.46960,84.72201
255.80000,9.00000,84.70048
255.85000,11.34979,84.69842
255.90200,11.74522,84.69795
255.95000,9.00000,84.67651
256.00000,11.74381,84.67606
256.05100,9.00000,84.65446
256.10000,11.74240,84.65402
256.15000,11.47372,84.65253
256.20000,9.00000,84.63100
256.25200,11.33119,84.62881
256.30000,11.74101,84.62838
256.35100,11.47575,84.62687
256.40000,9.00000,84.60535
256.45000,11.73964,84.60490
256.50000,9.00000,84.58334
256.55100,11.73823,84.58288
256.60000,11.47560,84.58144
256.65200,11.47535,84.57992
256.70100,9.00000,84.55840
256.75000,11.32225,84.55630
256.80100,11.73690,84.55585
256.85000,9.00000,84.53428
256.90100,11.31685,84.53209
256.95000,11.32111,84.53000
257.00100,11.73547,84.52954
257.05100,11.48123,84.52811
257.10100,11.47963,84.52666
257.15200,11.47854,84.52522
257.20000,11.47771,84.52380
257.25200,11.47723,84.52229
257.30100,9.00000,84.50074
257.35100,11.31566,84.49860
257.40000,11.73424,84.49815
257.45000,11.47824,84.49671
257.50100,11.47624,84.49524
257.55300,11.47450,84.49372
257.60100,11.47277,84.49232
257.65300,11.47110,84.49079
257.70000,11.46945,84.48940
257.75000,11.46786,84.48792
257.80000,11.46630,84.48643
257.85200,11.46478,84.48489
257.90100,11.46328,84.48341
257.95100,11.46183,84.48191
258.00000,11.46041,84.48043
258.05000,11.45902,84.47891
258.10000,11.45767,84.47739
258.15100,11.45637,84.47584
258.20100,11.45509,84.47430
258.25100,11.45385,84.47277
258.30000,11.45264,84.47126
258.35100,11.45147,84.46968
258.40100,11.45032,84.46813
258.45100,11.44920,84.46658
258.50000,11.44809,84.46505
258.55100,11.44711,84.46346
258.60000,11.44621,84.46192
258.65100,11.44530,84.46032
258.70200,11.44514,84.45872
258.75100,11.44541,84.45718
258.80100,11.44558,84.45561
258.85100,11.44583,84.45405
258.90000,11.44607,84.45251
258.95000,11.44641,84.45094
259.00000,11.44668,84.44938
259.05000,11.44698,84.44781
259.10100,11.44730,84.44622
259.15000,11.44771,84.44469
259.20200,11.44812,84.44307
259.25000,11.44855,84.44157
259.30000,11.44899,84.44002
259.35000,11.44944,84.43846
259.40000,11.44990,84.43690
259.45000,11.45037,84.43536
259.50200,11.45085,84.43375
259.55200,11.45134,84.43220
259.60000,9.00000,84.41109
259.65100,11.33142,84.40896
259.70000,11.34205,84.40696
259.75000,11.34471,84.40492
259.80100,11.39997,84.40308
259.85000,11.33057,84.40102
259.90000,11.73419,84.40057
259.95100,11.45300,84.39901
260.00000,11.45112,84.39749
260.05100,11.45016,84.39591
260.10000,11.44987,84.39439
260.15000,11.44981,84.39285
260.20000,11.45003,84.39130
260.25100,11.45045,84.38972
260.30000,9.00000,84.36829
260.35000,11.34362,84.36626
260.40100,11.73298,84.36581
260.45000,9.00000,84.34436
260.50000,11.73157,84.34391
260.55100,11.45255,84.34235
260.60000,11.45160,84.34085
260.65000,11.45124,84.33932
260.70100,11.45129,84.33775
260.75100,11.45164,84.33622
260.80100,9.00000,84.31474
260.85000,11.33761,84.31273
260.90000,11.33600,84.31068
260.95000,11.33371,84.30862
261.00000,11.33034,84.30654
261.05000,11.73029,84.30609
261.10000,11.45436,84.30457
261.15000,11.45129,84.30305
261.20000,11.44883,84.30151
261.25100,11.44689,84.29993
261.30000,11.44536,84.29841
261.35100,11.44476,84.29682
261.40000,11.44487,84.29530
261.45000,11.44514,84.29375
261.50100,11.44539,84.29217
261.55100,11.44569,84.29062
261.60000,11.44598,84.28909
261.65000,11.44636,84.28754
261.70200,11.44677,84.28594
261.75100,11.44709,84.28442
261.80000,11.44745,84.28291
261.85000,9.00000,84.26142
261.90000,11.72932,84.26097
261.95100,9.00000,84.23946
262.00300,11.72792,84.23900
262.05100,11.44883,84.23753
262.10000,11.44818,84.23603
262.15000,11.44828,84.23450
262.20000,11.44867,84.23297
262.25000,11.44899,84.23144
262.30200,9.00000,84.20988
262.35100,11.32903,84.20786
262.40000,11.39580,84.20609
262.45000,11.31692,84.20398
262.50200,11.33125,84.20184
262.55100,11.72665,84.20139
262.60100,11.45189,84.19988
262.65000,9.00000,84.17844
262.70100,11.72528,84.17798
262.75100,11.44896,84.17646
262.80100,11.44816,84.17493
262.85000,11.44836,84.17345
262.90000,11.44858,84.17193
262.95000,11.44881,84.17041
263.00100,11.44904,84.16885
263.05000,9.00000,84.14741
263.10100,11.32820,84.14531
263.15000,11.32285,84.14326
263.20000,11.72405,84.14281
263.25000,11.45152,84.14131
263.30000,11.44953,84.13980
263.35000,11.44831,84.13828
263.40100,11.44787,84.13673
263.45000,11.44762,84.13525
263.50000,11.44772,84.13373
263.55100,11.44795,84.13218
263.60000,11.44816,84.13069
263.65000,11.44838,84.12917
263.70000,11.44863,84.12766
263.75000,11.44889,84.12614
263.80000,9.00000,84.10467
263.85100,11.32904,84.10258
263.90100,11.32388,84.10050
263.95000,11.32524,84.09848
264.00100,11.32584,84.09637
264.05100,11.72296,84.09592
264.10100,11.45045,84.09442
264.15100,11.44774,84.09290
264.20100,11.44558,84.09138
264.25000,11.44376,84.08988
264.30100,11.44245,84.08832
264.35100,11.44199,84.08678
264.40000,11.44197,84.08527
264.45100,11.44216,84.08371
264.50100,11.44236,84.08217
264.55000,11.44257,84.08067
264.60100,11.44280,84.07910
264.65100,11.44304,84.07757
264.70100,11.44330,84.07603
264.75000,11.44356,84.07454
264.80100,11.44384,84.07298
264.85000,11.44413,84.07147
264.90000,11.44438,84.06995
264.95000,11.44460,84.06842
265.00100,11.44484,84.06686
265.05000,11.44509,84.06536
265.10100,9.00000,84.04419
265.15100,11.40041,84.04250
265.20000,11.32076,84.04046
265.25000,11.33190,84.03842
265.30000,11.39333,84.03663
265.35200,11.31941,84.03446
265.40100,11.32811,84.03245
265.45000,11.32729,84.03043
265.50000,11.32757,84.02838
265.55100,11.72215,84.02792
265.60100,11.45038,84.02642
265.65000,11.44775,84.02494
265.70000,11.44570,84.02342
265.75000,11.44399,84.02190
265.80000,11.44270,84.02036
265.85200,11.44184,84.01877
265.90000,11.44148,84.01730
265.95100,11.44143,84.01573
266.00000,11.44166,84.01422
266.05100,11.44192,84.01266
266.10100,11.44218,84.01112
266.15200,11.44245,84.00956
266.20100,11.44274,84.00809
266.25000,11.44303,84.00656
266.30000,11.44334,84.00504
266.35000,11.44366,84.00350
266.40000,11.44398,84.00198
266.45000,9.00000,83.98084
266.50100,11.39946,83.97912
266.55000,11.39980,83.97746
266.60000,11.40017,83.97578
266.65000,11.40055,83.97408
266.70100,11.40094,83.97237
266.75000,11.40134,83.97072
266.80000,11.40175,83.96903
266.85100,11.40216,83.96732
266.90000,11.40258,83.96567
266.95100,11.40301,83.96396
267.00000,11.40344,83.96232
267.05100,11.40388,83.96061
267.10100,11.40433,83.95893
267.15100,11.40478,83.95726
267.20000,11.40524,83.95562
267.25100,11.40570,83.95392
267.30100,11.40617,83.95226
267.35000,11.40664,83.95062
267.40000,11.40713,83.94896
267.45000,11.40762,83.94730
267.50200,11.40812,83.94557
267.55300,11.40863,83.94388
267.60100,11.40913,83.94229
267.65100,11.40961,83.94064
267.70000,11.41010,83.93902
267.75000,11.41061,83.93736
267.80200,11.41112,83.93565
267.85100,11.41162,83.93404
267.90000,11.41212,83.93243
267.95000,11.41267,83.93078
268.00000,11.41320,83.92914
268.05100,11.41373,83.92747
268.10000,11.41425,83.92587
268.15000,11.41478,83.92423
268.20000,11.41530,83.92259
268.25100,11.41583,83.92093
268.30000,11.41634,83.91933
268.35100,11.41685,83.91767
268.40100,11.41736,83.91605
268.45100,11.41786,83.91442
268.50100,11.41837,83.91280
268.55000,11.41886,83.91122
268.60000,11.41936,83.90960
268.65000,11.41985,83.90798
268.70000,11.42035,83.90636
268.75000,11.42083,83.90475
268.80100,11.42132,83.90314
268.85100,11.42179,83.90150
268.90000,11.42227,83.89993
268.95000,11.42274,83.89832
269.00000,11.42321,83.89671
269.05000,11.42367,83.89511
269.10100,11.42413,83.89348
269.15000,11.42459,83.89191
269.20000,11.42504,83.89031
269.25200,11.42548,83.88866
269.30000,11.42593,83.88712
269.35100,11.42636,83.88550
269.40000,11.42679,83.88394
269.45000,11.42722,83.88235
269.50000,11.42764,83.88076
269.55000,11.42806,83.87917
269.60000,11.42847,83.87759
269.65000,11.42887,83.87601
269.70000,11.42927,83.87442
269.75200,11.42967,83.87278
269.80100,11.43006,83.87123
269.85000,11.43044,83.86968
269.90000,11.43082,83.86811
269.95000,11.43119,83.86653
270.00000,11.43155,83.86496
270.05000,11.43191,83.86339
270.10100,11.43227,83.86179
270.15200,11.43262,83.86018
270.20000,11.43297,83.85867
270.25100,11.43282,83.85707
270.30100,11.43253,83.85551
270.35100,11.43225,83.85394
270.40000,11.43197,83.85239
270.45000,11.43170,83.85081
270.50000,11.43144,83.84924
270.55100,11.43119,83.84763
270.60000,11.43094,83.84608
270.65000,11.43070,83.84451
270.70100,11.43047,83.84290
270.75000,11.43024,83.84135
270.80000,11.43002,83.83977
270.85000,11.42980,83.83819
270.90000,11.42960,83.83660
270.95000,11.42940,83.83502
271.00100,11.42920,83.83340
271.05100,11.42901,83.83182
271.10100,11.42883,83.83023
271.15100,11.42866,83.82867
271.20000,11.42849,83.82709
271.25000,11.42832,83.82550
271.30100,11.42817,83.82388
271.35000,11.42801,83.82233
271.40000,11.42785,83.82073
271.45100,11.42769,83.81911
271.50100,11.42754,83.81752
271.55000,11.42739,83.81596
271.60000,11.42724,83.81437
271.65000,11.42710,83.81277
271.70100,11.42696,83.81115
271.75000,11.42682,83.80959
271.80100,11.42668,83.80795
271.85200,11.42655,83.80633
271.90100,11.42642,83.80476
271.95000,11.42630,83.80320
272.00000,11.42618,83.80161
272.05000,11.42608,83.80000
272.10100,11.42597,83.79838
272.15000,11.42587,83.79681
272.20000,11.42577,83.79521
272.25000,11.42568,83.79361
272.30000,11.42560,83.79201
272.35200,11.42552,83.79034
272.40000,11.42545,83.78881
272.45000,11.42538,83.78721
272.50000,11.42531,83.78561
272.55100,11.42525,83.78397
272.60000,11.42519,83.78240
272.65100,11.42513,83.78077
272.70100,11.42508,83.77917
272.75000,11.42503,83.77760
272.80000,11.42499,83.77599
272.85200,11.42496,83.77432
272.90000,11.42493,83.77279
272.95000,11.42491,83.77118
273.00000,11.42490,83.76958
273.05000,11.42489,83.76797
273.10000,11.42488,83.76637
273.15000,11.42489,83.76477
273.20000,11.42489,83.76316
273.25000,11.42491,83.76156
273.30100,11.42493,83.75993
273.35100,11.42496,83.75832
273.40000,11.42499,83.75675
273.45000,11.42503,83.75515
273.50000,11.42506,83.75354
273.55100,11.42510,83.75191
273.60000,11.42514,83.75034
273.65100,11.42519,83.74870
273.70000,11.42524,83.74713
273.75000,11.42529,83.74553
273.80000,11.42534,83.74393
273.85000,11.42540,83.74232
273.90100,11.42545,83.74069
273.95000,11.42553,83.73912
274.00000,11.42558,83.73752
274.05100,11.42565,83.73589
274.10100,11.42572,83.73428
274.15100,11.42579,83.73268
274.20100,11.42586,83.73108
274.25000,11.42594,83.72951
274.30100,11.42601,83.72787
274.35100,11.42607,83.72628
274.40100,11.42611,83.72468
274.45000,11.42617,83.72311
274.50000,11.42623,83.72151
274.55000,11.42629,83.71991
274.60000,11.42636,83.71831
274.65100,11.42643,83.71667
274.70000,11.42650,83.71511
274.75100,11.42655,83.71348
274.80000,11.42661,83.71191
274.85100,11.42668,83.71028
274.90000,11.42673,83.70872
274.95100,11.42680,83.70708
275.00100,11.42686,83.70549
275.05000,11.42692,83.70393
275.10100,11.42698,83.70229
275.15100,11.42704,83.70070
275.20000,11.42711,83.69913
275.25000,11.42718,83.69753
275.30000,11.42725,83.69594
275.35100,11.42732,83.69431
275.40200,11.42739,83.69268
275.45000,11.42747,83.69115
275.50000,11.42754,83.68955
275.55000,11.42761,83.68796
275.60100,11.42769,83.68633
275.65200,11.42776,83.68470
275.70000,11.42784,83.68317
275.75200,11.42792,83.68151
275.80000,11.42800,83.67998
275.85100,11.42809,83.67835
275.90000,11.42818,83.67680
275.95100,11.42827,83.67517
276.00000,11.42837,83.67361
276.05100,11.42846,83.67198
276.10000,11.42856,83.67042
276.15000,11.42865,83.66883
276.20100,11.42875,83.66721
276.25100,11.42884,83.66561
276.30000,11.42894,83.66405
276.35100,11.42903,83.66243
276.40100,11.42913,83.66084
276.45000,11.42922,83.65928
276.50000,11.42932,83.65769
276.55000,11.42942,83.65611
276.60100,11.42952,83.65448
276.65000,11.42963,83.65292
276.70200,11.42975,83.65127
276.75000,11.42986,83.64975
276.80000,11.42997,83.64816
276.85000,11.43009,83.64657
276.90100,11.43020,83.64495
276.95300,11.43031,83.64330
277.00000,11.43041,83.64181
277.05100,11.43052,83.64019
277.10000,11.43062,83.63864
277.15000,11.43071,83.63705
277.20100,11.43080,83.63544
277.25100,11.43089,83.63385
277.30000,11.43097,83.63230
277.35000,11.43105,83.63071
277.40000,11.43113,83.62914
277.45300,11.43122,83.62746
277.50000,11.43130,83.62596
277.55000,11.43139,83.62438
277.60100,11.43147,83.62276
277.65000,11.43155,83.62122
277.70100,11.43163,83.61961
277.75000,11.43171,83.61805
277.80100,11.43179,83.61644
277.85000,11.43187,83.61489
277.90000,11.43195,83.61331
277.95000,11.43202,83.61172
278.00000,11.43210,83.61015
278.05000,11.43217,83.60857
278.10000,11.43225,83.60699
278.15100,11.43232,83.60538
278.20000,11.43239,83.60383
278.25000,11.43246,83.60225
278.30000,11.43253,83.60067
278.35000,11.43260,83.59909
278.40000,11.43266,83.59751
278.45000,11.43273,83.59593
278.50000,11.43279,83.59435
278.55000,11.43285,83.59277
278.60200,11.43292,83.59113
278.65100,11.43298,83.58958
278.70100,11.43304,83.58801
278.75100,11.43310,83.58643
278.80000,11.43316,83.58488
278.85000,11.43322,83.58331
278.90100,11.43328,83.58170
278.95000,11.43333,83.58015
279.00100,11.43339,83.57854
279.05100,11.43345,83.57697
279.10100,11.43351,83.57539
279.15100,11.43357,83.57381
279.20000,11.43364,83.57227
279.25000,11.43370,83.57070
279.30200,11.43376,83.56906
279.35000,11.43382,83.56755
279.40100,11.43388,83.56594
279.45000,11.43394,83.56440
279.50000,11.43399,83.56282
279.55100,11.43405,83.56122
279.60100,11.43411,83.55965
279.65000,11.43416,83.55810
279.70100,11.43421,83.55650
279.75000,11.43426,83.55495
279.80000,11.43430,83.55338
279.85100,11.43434,83.55177
279.90000,11.43439,83.55023
279.95100,11.43442,83.54863
280.00000,11.43447,83.54709
280.05100,11.43451,83.54548
280.10000,11.43455,83.54394
280.15000,11.43459,83.54237
280.20000,11.43463,83.54079
280.25000,11.43467,83.53922
280.30000,11.43471,83.53765
280.35200,11.43474,83.53601
280.40100,11.43477,83.53447
280.45000,11.43480,83.53294
280.50000,11.43484,83.53136
280.55200,11.43486,83.52972
280.60100,11.43489,83.52818
280.65000,11.43492,83.52664
280.70000,11.43495,83.52507
280.75100,11.43497,83.52347
280.80200,11.43500,83.52187
280.85000,11.43502,83.52036
280.90000,11.43504,83.51878
280.95100,11.43506,83.51718
281.00300,11.43509,83.51555
281.05100,11.43511,83.51404
281.10100,11.43513,83.51247
281.15000,11.43515,83.51093
281.20000,11.43517,83.50936
281.25100,11.43519,83.50775
281.30000,11.43521,83.50622
281.35100,11.43523,83.50462
281.40000,11.43524,83.50307
281.45100,11.43526,83.50147
281.50100,11.43528,83.49990
281.55100,11.43529,83.49833
281.60100,11.43531,83.49676
281.65100,11.43532,83.49519
281.70000,11.43534,83.49364
281.75000,11.43535,83.49207
281.80200,11.43537,83.49044
281.85100,11.43538,83.48891
281.90100,11.43539,83.48734
281.95000,11.43540,83.48579
282.00000,11.43541,83.48422
282.05000,11.43542,83.48265
282.10000,11.43544,83.48108
282.15100,11.43545,83.47948
282.20300,11.43547,83.47784
282.25000,11.43549,83.47637
282.30000,11.43551,83.47480
282.35000,11.43553,83.47323
282.40100,11.43555,83.47163
282.45200,11.43557,83.47002
282.50000,11.43559,83.46851
282.55100,11.43561,83.46691
282.60000,11.43563,83.46538
282.65100,11.43565,83.46378
282.70100,11.43567,83.46220
282.75000,11.43569,83.46066
282.80100,11.43571,83.45906
282.85000,11.43573,83.45753
282.90000,11.43575,83.45596
282.95100,11.43577,83.45435
283.00100,11.43579,83.45278
283.05100,11.43581,83.45122
283.10200,11.43583,83.44962
283.15000,11.43585,83.44810
283.20100,11.43586,83.44650
283.25200,11.43588,83.44490
283.30000,11.43590,83.44340
283.35000,11.43590,83.44183
283.40000,11.43590,83.44025
283.45000,11.43590,83.43869
283.50000,11.43590,83.43712
283.55200,11.43590,83.43549
283.60200,11.43590,83.43394
283.65000,11.43589,83.43241
283.70000,11.43589,83.43084
283.75100,11.43589,83.42924
283.80000,11.43588,83.42770
283.85000,11.43588,83.42613
283.90000,11.43588,83.42456
283.95000,11.27760,83.42229
284.00000,11.29087,83.42007
284.05000,11.29026,83.41786
284.10000,11.42956,83.41627
284.15000,11.27805,83.41400
284.20100,11.29079,83.41174
284.25000,11.28901,83.40957
284.30200,11.29081,83.40726
284.35100,11.29144,83.40510
284.40100,11.29423,83.40290
284.45000,11.29296,83.40073
284.50000,11.42815,83.39914
284.55100,11.43418,83.39753
284.60000,11.72443,83.39709
284.65000,11.47372,83.39567
284.70100,11.47184,83.39420
284.75100,11.47034,83.39277
284.80100,11.46981,83.39133
284.85100,11.46950,83.38988
284.90100,11.46912,83.38844
284.95000,11.46875,83.38703
285.00100,11.46840,83.38556
285.05000,11.46806,83.38414
285.10000,11.46775,83.38269
285.15000,11.46744,83.38124
285.20000,11.46715,83.37979
285.25000,11.46687,83.37834
285.30100,11.46660,83.37686
285.35100,11.46635,83.37540
285.40000,11.46612,83.37399
285.45000,11.46589,83.37253
285.50000,11.46566,83.37107
285.55100,11.46546,83.36958
285.60000,11.46527,83.36816
285.65000,11.46511,83.36670
285.70100,11.46497,83.36521
285.75000,11.46483,83.36378
285.80000,9.00000,83.34315
285.85000,11.42047,83.34153
285.90000,11.42025,83.33990
285.95100,11.42007,83.33825
286.00000,11.41995,83.33665
286.05100,11.41983,83.33500
286.10100,11.41973,83.33337
286.15100,11.41965,83.33174
286.20100,11.30876,83.32961
286.25000,11.40937,83.32797
286.30200,11.42123,83.32629
286.35300,11.42015,83.32467
286.40000,11.41988,83.32310
286.45000,11.41980,83.32148
286.50000,11.41973,83.31985
286.55000,11.41966,83.31823
286.60100,11.41960,83.31657
286.65000,11.41955,83.31498
286.70100,11.41951,83.31332
286.75000,11.41948,83.31172
286.80000,11.41946,83.31010
286.85100,11.41944,83.30843
286.90000,11.41944,83.30685
286.95000,11.41944,83.30521
287.00100,11.41945,83.30356
287.05000,11.41947,83.30196
287.10000,11.41949,83.30034
287.15200,11.41953,83.29865
287.20200,11.41957,83.29702
287.25000,11.41961,83.29546
287.30100,11.41967,83.29380
287.35000,11.41973,83.29221
287.40000,11.41979,83.29058
287.45100,11.41985,83.28893
287.50000,11.41993,83.28733
287.55000,11.42000,83.28571
287.60300,11.42008,83.28398
287.65100,11.42017,83.28242
287.70100,11.32008,83.28033
287.75000,11.41113,83.27871
287.80000,11.42208,83.27709
287.85100,11.42118,83.27544
287.90100,11.42119,83.27382
287.95000,11.42126,83.27223
288.00000,11.42133,83.27061
288.05000,11.42141,83.26900
288.10100,11.42149,83.26734
288.15100,11.42157,83.26572
288.20000,11.42166,83.26414
288.25100,11.42175,83.26249
288.30100,11.42185,83.26087
288.35000,11.32147,83.25883
288.40000,11.41305,83.25718
288.45100,11.31785,83.25504
288.50100,11.41339,83.25339
288.55000,11.42360,83.25181
288.60000,11.42238,83.25019
288.65000,11.42212,83.24858
288.70100,11.42218,83.24693
288.75100,11.42222,83.24532
288.80200,11.42227,83.24367
288.85100,11.42232,83.24208
288.90200,11.42238,83.24044
288.95000,11.42244,83.23888
289.00000,11.42250,83.23727
289.05000,11.42257,83.23566
289.10100,11.42265,83.23401
289.15200,11.42273,83.23237
289.20100,11.42281,83.23079
289.25000,11.42289,83.22920
289.30100,11.42298,83.22756
289.35100,11.32039,83.22547
289.40000,11.41418,83.22385
289.45100,11.42488,83.22222
289.50100,11.42406,83.22061
289.55000,11.42409,83.21904
289.60100,11.42416,83.21740
289.65200,11.42423,83.21579
289.70100,11.42429,83.21418
289.75100,11.42436,83.21258
289.80200,11.42444,83.21094
289.85000,11.42453,83.20940
289.90100,11.42461,83.20776
289.95100,11.42471,83.20615
290.00000,11.42480,83.20457
290.05100,11.42490,83.20294
290.10000,11.42499,83.20137
290.15100,11.42510,83.19973
290.20000,11.42520,83.19816
290.25100,11.42531,83.19653
290.30000,11.42541,83.19495
290.35100,11.32063,83.19283
290.40000,11.41685,83.19122
290.45100,11.42721,83.18959
290.50100,11.42638,83.18800
290.55000,11.42641,83.18643
290.60200,11.42649,83.18477
290.65000,11.42656,83.18324
290.70000,11.42663,83.18163
290.75000,11.42671,83.18004
290.80000,11.42679,83.17844
290.85000,11.42686,83.17684
290.90000,11.42694,83.17525
290.95100,11.42702,83.17361
291.00000,11.42709,83.17205
291.05100,11.42717,83.17043
291.10100,11.31766,83.16833
291.15100,11.41848,83.16669
291.20000,11.42888,83.16514
291.25000,11.31538,83.16303
291.30000,11.41885,83.16140
291.35100,11.42931,83.15978
291.40100,11.42825,83.15820
291.45000,11.42813,83.15663
291.50000,11.42815,83.15504
291.55000,11.42816,83.15345
291.60000,11.42817,83.15186
291.65000,11.42819,83.15027
291.70100,11.42820,83.14864
291.75000,11.42822,83.14708
291.80000,11.31879,83.14499
291.85000,11.32492,83.14291
291.90000,11.42088,83.14130
291.95100,11.42996,83.13968
292.00000,11.42845,83.13812
292.05000,11.42830,83.13654
292.10000,11.42826,83.13494
292.15000,11.42821,83.13335
292.20000,11.42817,83.13176
292.25000,11.42812,83.13017
292.30000,11.42809,83.12858
292.35000,11.42805,83.12698
292.40000,11.42802,83.12540
292.45000,11.42799,83.12380
292.50100,11.42797,83.12218
292.55100,11.42795,83.12059
292.60100,11.42793,83.11900
292.65000,11.42791,83.11743
292.70000,11.42789,83.11584
292.75000,11.42788,83.11425
292.80200,11.42788,83.11259
292.85200,11.42788,83.11104
292.90000,11.42789,83.10947
292.95000,11.42789,83.10788
293.00100,11.42790,83.10626
293.05100,11.42791,83.10467
293.10100,11.42793,83.10307
293.15100,11.42794,83.10149
293.20000,11.42797,83.09992
293.25000,11.42799,83.09834
293.30000,11.42801,83.09674
293.35100,11.42804,83.09512
293.40000,11.42807,83.09356
293.45200,11.42810,83.09190
293.50100,11.42814,83.09035
293.55000,11.31771,83.08829
293.60000,11.41946,83.08666
293.65000,11.42978,83.08508
293.70000,11.42876,83.08349
293.75000,11.42862,83.08190
293.80100,11.42863,83.08028
293.85100,11.42863,83.07870
293.90100,11.42870,83.07710
293.95000,11.42870,83.07555
294.00000,11.42870,83.07396
294.05000,11.42871,83.07237
294.10000,11.42873,83.07079
294.15100,11.42874,83.06917
294.20100,11.42875,83.06757
294.25000,11.32151,83.06554
294.30000,11.32093,83.06345
294.35000,11.32038,83.06136
294.40000,11.42113,83.05975
294.45100,11.42964,83.05813
294.50200,11.42705,83.05650
294.55100,11.42556,83.05494
294.60100,11.42492,83.05334
294.65100,11.42474,83.05173
294.70000,11.42467,83.05016
294.75000,11.42459,83.04855
294.80000,11.42453,83.04695
294.85300,11.42446,83.04525
294.90100,11.42441,83.04372
294.95100,11.42436,83.04211
295.00000,11.42431,83.04053
295.05000,11.42427,83.03893
295.10100,11.42423,83.03729
295.15000,11.42420,83.03572
295.20000,11.42418,83.03412
295.25100,11.42416,83.03248
295.30100,11.42414,83.03088
295.35000,11.42412,83.02930
295.40000,11.42411,83.02770
295.45000,11.42411,83.02609
295.50200,11.42412,83.02443
295.55200,11.42413,83.02282
295.60100,11.42414,83.02125
295.65100,11.42415,83.01965
295.70100,11.42417,83.01804
295.75000,11.42420,83.01647
295.80000,11.42423,83.01486
295.85200,11.42426,83.01320
295.90100,11.42429,83.01163
295.95000,11.42433,83.01006
296.00000,11.42437,83.00845
296.05000,11.42442,83.00684
296.10200,11.42446,83.00518
296.15100,11.42451,83.00361
296.20000,11.42456,83.00204
296.25000,11.42461,83.00043
296.30000,11.42467,82.99883
296.35100,11.42474,82.99720
296.40100,11.42482,82.99560
296.45000,11.42489,82.99403
296.50000,11.42497,82.99242
296.55000,11.42505,82.99083
296.60000,11.42513,82.98923
296.65100,11.42522,82.98759
296.70100,11.42530,82.98599
296.75000,11.42539,82.98443
296.80000,11.42552,82.98283
296.85000,11.42571,82.98123
296.90000,11.42579,82.97964
296.95000,11.42589,82.97803
297.00000,11.42598,82.97644
297.05100,11.32221,82.97432
297.10100,11.41767,82.97269
297.15100,11.42761,82.97110
297.20000,11.42662,82.96954
297.25000,11.42656,82.96795
297.30000,11.42663,82.96635
297.35000,11.42668,82.96476
297.40000,11.42673,82.96317
297.45000,11.42680,82.96157
297.50000,11.32078,82.95949
297.55000,11.32413,82.95742
297.60000,11.41932,82.95580
297.65000,11.42813,82.95421
297.70100,11.42639,82.95258
297.75100,11.42616,82.95099
297.80000,11.42616,82.94942
297.85000,11.42615,82.94783
297.90000,11.42613,82.94624
297.95100,11.42612,82.94464
298.00200,11.42612,82.94298
298.05000,11.42611,82.94145
298.10000,11.42611,82.93985
298.15000,11.42611,82.93826
298.20000,11.42612,82.93666
298.25200,11.42612,82.93501
298.30100,11.42613,82.93344
298.35000,11.42613,82.93188
298.40000,11.42494,82.93028
298.45100,11.42505,82.92868
298.50000,11.42507,82.92708
298.55100,11.42510,82.92545
298.60100,11.31496,82.92335
298.65000,11.32404,82.92132
298.70100,11.32787,82.91922
298.75100,11.41810,82.91759
298.80000,11.42612,82.91604
298.85000,11.42363,82.91443
298.90000,11.42221,82.91282
298.95000,11.42171,82.91121
299.00000,11.42168,82.90960
299.05100,11.42162,82.90796
299.10100,11.42157,82.90635
299.15100,11.42153,82.90473
299.20000,11.42149,82.90315
299.25000,11.42147,82.90154
299.30000,11.42145,82.89993
299.35000,11.42143,82.89832
299.40000,11.42142,82.89671
299.45000,11.42141,82.89510
299.50200,11.42142,82.89346
299.55100,11.42142,82.89184
299.60000,11.42143,82.89026
299.65000,11.42145,82.88865
299.70200,11.42147,82.88698
299.75000,11.42150,82.88543
299.80000,11.42153,82.88382
299.85100,11.42157,82.88217
299.90000,11.42161,82.88060
299.95100,11.42166,82.87895
300.00000,11.42171,82.87738
300.05000,11.42176,82.87577
300.10000,11.42181,82.87416
300.15100,11.42188,82.87251
300.20100,11.42194,82.87091
300.25100,11.42201,82.86930
300.30100,11.42208,82.86772
300.35000,11.42216,82.86611
300.40100,11.42224,82.86447
300.45000,11.42232,82.86290
300.50000,11.42240,82.86129
300.55000,11.42249,82.85969
300.60000,11.42258,82.85808
300.65100,11.42268,82.85645
300.70000,11.42279,82.85487
300.75000,11.42289,82.85326
300.80000,11.42300,82.85166
300.85000,11.42313,82.85005
300.90100,11.42323,82.84842
300.95100,11.42333,82.84682
301.00100,11.42343,82.84521
301.05000,11.42354,82.84364
301.10000,11.42365,82.84204
301.15000,11.42375,82.84044
301.20000,11.32049,82.83836
301.25000,11.32449,82.83630
301.30100,11.33058,82.83421
301.35000,11.32309,82.83218
301.40000,11.31951,82.83010
301.45000,11.32356,82.82803
301.50100,11.41766,82.82638
301.55100,11.42556,82.82478
301.60100,11.42290,82.82318
301.65000,11.42092,82.82160
301.70000,11.41951,82.81998
301.75000,11.41919,82.81837
301.80000,11.41910,82.81675
301.85000,11.41900,82.81513
301.90200,11.41891,82.81345
301.95000,11.41882,82.81190
302.00000,11.41875,82.81028
302.05000,11.41867,82.80866
302.10100,11.41860,82.80701
302.15100,11.41854,82.80539
302.20000,11.41850,82.80380
302.25000,11.41846,82.80219
302.30000,11.41843,82.80056
302.35000,11.41840,82.79894
302.40200,11.41838,82.79726
302.45100,11.41837,82.79567
302.50000,11.41835,82.79408
302.55100,11.41836,82.79243
302.60000,11.41837,82.79084
302.65100,11.41838,82.78919
302.70000,11.41841,82.78761
302.75000,11.41843,82.78599
302.80000,11.41847,82.78437
302.85000,11.41851,82.78275
302.90000,11.41855,82.78113
302.95100,11.41860,82.77948
303.00100,11.41866,82.77786
303.05100,11.41872,82.77625
303.10100,11.41878,82.77463
303.15100,11.41885,82.77301
303.20000,11.41892,82.77142
303.25100,11.41900,82.76978
303.30000,11.41908,82.76819
303.35000,11.41917,82.76658
303.40000,11.41926,82.76496
303.45000,11.41935,82.76334
303.50100,11.41944,82.76170
303.55000,11.41954,82.76012
303.60000,11.41965,82.75851
303.65000,11.41975,82.75689
303.70100,11.41986,82.75525
303.75100,11.41998,82.75363
303.80100,11.42010,82.75202
303.85100,11.42022,82.75041
303.90000,11.42034,82.74883
303.95100,11.42047,82.74719
304.00000,11.42059,82.74561
304.05000,11.42072,82.74400
304.10100,11.42086,82.74236
304.15000,11.42099,82.74079
304.20000,11.42112,82.73918
304.25000,11.42125,82.73757
304.30000,11.42138,82.73597
304.35100,11.42151,82.73433
304.40000,11.42164,82.73276
304.45000,11.42178,82.73116
304.50000,11.42190,82.72955
304.55100,11.42204,82.72791
304.60000,11.42217,82.72634
304.65000,11.42230,82.72474
304.70000,11.42244,82.72314
304.75100,11.42257,82.72150
304.80000,11.42271,82.71993
304.85000,11.42284,82.71834
304.90100,11.42297,82.71671
304.95100,11.42310,82.71510
305.00000,11.42325,82.71354
305.05100,11.42339,82.71191
305.10100,11.42353,82.71031
305.15000,11.42367,82.70875
305.20000,11.42382,82.70715
305.25100,11.42396,82.70553
305.30000,11.42410,82.70396
305.35000,11.42425,82.70237
305.40000,11.42439,82.70078
305.45100,11.42453,82.69915
305.50000,11.42467,82.69759
305.55000,11.42481,82.69600
305.60000,11.42495,82.69440
305.65000,11.42508,82.69282
305.70100,11.42522,82.69119
305.75100,11.42535,82.68961
305.80200,11.42549,82.68798
305.85100,11.42562,82.68642
305.90000,11.42575,82.68487
305.95000,11.42588,82.68328
306.00200,11.42601,82.68163
306.05000,11.42614,82.68011
306.10200,11.42626,82.67846
306.15000,11.42639,82.67694
306.20000,11.42652,82.67535
306.25100,11.42665,82.67374
306.30000,11.42677,82.67219
306.35000,11.42689,82.67061
306.40000,11.42700,82.66902
306.45000,11.42712,82.66744
306.50000,11.42724,82.66586
306.55000,11.42735,82.66428
306.60000,11.42747,82.66270
306.65000,11.42758,82.66112
306.70100,11.42770,82.65951
306.75100,11.42782,82.65793
306.80000,11.42793,82.65638
306.85100,11.42804,82.65477
306.90100,11.42815,82.65319
306.95100,11.42826,82.65162
307.00000,11.42837,82.65007
307.05000,11.42847,82.64850
307.10000,11.42857,82.64692
307.15000,11.42867,82.64535
307.20000,11.42877,82.64377
307.25000,11.42886,82.64220
307.30000,11.42896,82.64062
307.35100,11.42905,82.63902
307.40100,11.42913,82.63744
307.45000,11.42921,82.63590
307.50100,11.42930,82.63430
307.55000,11.42938,82.63276
307.60000,11.42945,82.63119
307.65100,11.42953,82.62959
307.70200,11.42960,82.62798
307.75100,11.42968,82.62644
307.80000,11.42974,82.62490
307.85000,11.42981,82.62333
307.90000,11.42987,82.62176
307.95100,11.42994,82.62016
308.00000,11.43000,82.61862
308.05000,11.43005,82.61705
308.10000,11.43011,82.61549
308.15100,11.43012,82.61388
308.20000,11.43004,82.61234
308.25000,11.42996,82.61078
308.30000,11.42988,82.60921
308.35000,11.42981,82.60764
308.40100,11.42974,82.60603
308.45000,11.42967,82.60450
308.50000,11.42960,82.60293
308.55000,11.42953,82.60136
308.60300,11.42946,82.59969
308.65100,11.42940,82.59818
308.70000,11.42934,82.59664
308.75100,11.42928,82.59504
308.80300,11.42922,82.59341
308.85100,11.42916,82.59190
308.90000,11.42911,82.59035
308.95100,11.42905,82.58875
309.00100,11.42900,82.58718
309.05100,11.42895,82.58561
309.10100,11.42891,82.58404
309.15000,11.42886,82.58250
309.20000,11.42882,82.58092
309.25000,11.42877,82.57935
309.30000,11.42873,82.57778
309.35000,11.42869,82.57620
309.40000,11.42866,82.57463
309.45000,11.42862,82.57306
309.50100,11.42859,82.57146
309.55100,11.42855,82.56989
309.60000,11.42852,82.56834
309.65000,11.42849,82.56676
309.70400,11.42846,82.56507
309.75100,11.42843,82.56359
309.80000,11.42841,82.56205
309.85000,11.42839,82.56047
309.90000,11.42837,82.55890
309.95200,11.42835,82.55727
310.00000,11.42833,82.55576
310.05000,11.42831,82.55418
310.10000,11.42830,82.55260
310.15000,11.42828,82.55103
310.20000,11.42827,82.54946
310.25000,11.42825,82.54789
310.30000,11.42824,82.54631
310.35100,11.42822,82.54471
310.40000,11.42821,82.54317
310.45000,11.42820,82.54160
310.50000,11.42818,82.54002
310.55000,11.42816,82.53844
310.60100,11.42815,82.53684
310.65100,11.42813,82.53527
310.70000,11.42811,82.53372
310.75100,11.42809,82.53212
310.80000,11.42807,82.53058
310.85100,11.42805,82.52898
310.90000,11.42803,82.52743
310.95000,11.42801,82.52586
311.00100,11.42799,82.52425
311.05000,11.42797,82.52271
311.10000,11.42794,82.52113
311.15100,11.42790,82.51953
311.20000,11.42785,82.51799
311.25100,11.42778,82.51638
311.30100,11.42770,82.51481
311.35000,11.42762,82.51327
311.40000,11.42755,82.51169
311.45100,11.42749,82.51009
311.50100,11.42741,82.50851
311.55100,11.42733,82.50694
311.60100,11.42725,82.50536
311.65000,11.42715,82.50381
311.70000,11.42704,82.50224
311.75100,11.42693,82.50063
311.80100,11.42680,82.49905
311.85000,11.42666,82.49751
311.90100,11.42650,82.49590
311.95000,11.42633,82.49435
312.00200,11.42614,82.49271
312.05200,11.42592,82.49113
312.10000,11.42569,82.48961
312.15000,11.42544,82.48803
312.20000,11.42516,82.48644
312.25000,11.42485,82.48486
312.30000,11.42450,82.48328
312.35200,11.42411,82.48169
312.40100,11.42365,82.48007
312.45100,11.42317,82.47848
312.50100,11.42264,82.47689
312.55100,11.42203,82.47533
312.60100,11.42120,82.47373
312.65200,11.42031,82.47206
312.70100,11.41930,82.47049
312.75000,11.41835,82.46892
312.80000,11.20691,82.46640
312.85000,11.22423,82.46395
312.90000,11.21952,82.46148
312.95100,11.21841,82.45896
313.00100,11.21945,82.45649
313.05000,11.22073,82.45408
313.10200,11.22194,82.45152
313.15200,11.22300,82.44907
313.20200,11.22428,82.44662
313.25000,11.22556,82.44428
313.30100,11.22815,82.44180
313.35100,11.22939,82.43938
313.40000,11.23100,82.43700
313.45000,11.23321,82.43459
313.50000,11.23543,82.43219
313.55000,11.23698,82.42980
313.60000,11.23932,82.42741
313.65000,11.24166,82.42504
313.70000,11.24349,82.42267
313.75100,11.24589,82.42027
313.80000,11.24859,82.41797
313.85100,11.24970,82.41558
313.90000,11.71558,82.41514
313.95200,11.30293,82.41292
314.00000,11.13663,82.41024
314.05000,11.17717,82.40761
314.10100,11.18002,82.40494
314.15200,11.18240,82.40228
314.20200,11.18092,82.39967
314.25100,11.18029,82.39710
314.30000,11.18399,82.39455
314.35100,11.19150,82.39193
314.40000,11.19936,82.38944
314.45100,11.20387,82.38687
314.50000,11.20734,82.38441
314.55000,11.21052,82.38193
314.60000,11.21385,82.37945
314.65100,11.21721,82.37693
314.70000,11.22061,82.37453
314.75000,11.22400,82.37209
314.80000,11.22740,82.36966
314.85100,11.23076,82.36720
314.90000,11.23423,82.36485
314.95200,11.23744,82.36237
315.00000,11.24103,82.36010
315.05100,11.24415,82.35770
315.10000,11.24759,82.35541
315.15000,11.25077,82.35307
315.20000,11.25400,82.35076
315.25100,11.25719,82.34846
315.30100,11.26026,82.34612
315.35000,11.26357,82.34389
315.40000,11.26657,82.34162
315.45100,11.26953,82.33932
315.50000,11.27276,82.33713
315.55000,11.27567,82.33490
315.60100,11.27856,82.33264
315.65100,11.28163,82.33044
315.70100,11.29133,82.32828
315.75000,11.30580,82.32621
315.80000,11.30867,82.32411
315.85000,11.30522,82.32201
315.90000,11.29906,82.31987
315.95000,11.29198,82.31771
316.00100,11.28385,82.31548
316.05000,11.27614,82.31329
316.10100,11.26715,82.31099
316.15100,11.25905,82.30870
316.20000,11.25155,82.30643
316.25100,11.24553,82.30403
316.30000,11.24655,82.30174
316.35100,11.24944,82.29937
316.40300,11.25273,82.29700
316.45100,11.25640,82.29475
316.50000,11.26006,82.29251
316.55000,9.00000,82.27146
316.60200,11.39128,82.26971
316.65000,11.39613,82.26811
316.70000,11.40051,82.26646
316.75100,11.40339,82.26479
316.80100,11.40460,82.26316
316.85000,11.40703,82.26157
316.90000,11.40971,82.25996
316.95000,11.41214,82.25835
317.00100,11.41337,82.25672
317.05000,11.41608,82.25517
317.10000,11.41861,82.25359
317.15000,11.41978,82.25201
317.20200,11.41988,82.25038
317.25200,11.41821,82.24880
317.30000,11.41607,82.24728
317.35000,11.41436,82.24568
317.40200,11.41300,82.24402
317.45100,11.41098,82.24244
317.50000,11.40977,82.24086
317.55000,11.40792,82.23924
317.60000,11.40650,82.23762
317.65000,11.40548,82.23599
317.70100,11.40307,82.23432
317.75100,11.40195,82.23268
317.80000,11.40070,82.23106
317.85000,11.39957,82.22942
317.90000,11.39842,82.22776
317.95200,11.39737,82.22604
318.00100,11.39636,82.22441
318.05000,11.39579,82.22278
318.10000,11.39480,82.22111
318.15100,11.39387,82.21941
318.20000,11.39274,82.21777
318.25100,11.39118,82.21605
318.30200,11.38973,82.21432
318.35000,11.38828,82.21270
318.40000,11.38677,82.21101
318.45100,11.38586,82.20927
318.50100,11.38425,82.20757
318.55000,11.70948,82.20712
318.60000,11.29280,82.20498
318.65000,11.28976,82.20282
318.70100,11.28857,82.20061
318.75100,9.00000,82.17970
318.80100,11.37959,82.17791
318.85000,11.37605,82.17614
318.90000,11.37388,82.17432
318.95000,11.37318,82.17251
319.00000,11.37400,82.17069
319.05100,11.37280,82.16884
319.10000,11.37175,82.16705
319.15000,11.37038,82.16522
319.20300,11.36925,82.16328
319.25100,11.70736,82.16285
319.30000,11.30452,82.16080
319.35000,11.30186,82.15870
319.40100,11.30112,82.15655
319.45000,11.30174,82.15450
319.50000,9.00000,82.13359
319.55100,11.36509,82.13171
319.60000,11.36220,82.12989
319.65100,11.36188,82.12800
319.70000,11.36176,82.12618
319.75000,11.36115,82.12433
319.80000,11.36044,82.12247
319.85000,11.35879,82.12060
319.90000,11.35836,82.11873
319.95000,11.35658,82.11686
320.00000,11.70531,82.11640
320.05100,11.31549,82.11433
320.10100,11.31268,82.11227
320.15100,11.31124,82.11022
320.20000,11.31092,82.10820
320.25000,11.31155,82.10615
320.30000,9.00000,82.08522
320.35000,11.35512,82.08334
320.40100,11.35271,82.08143
320.45100,11.35150,82.07954
320.50000,11.35111,82.07768
320.55200,11.35092,82.07572
320.60000,11.34979,82.07390
320.65000,11.34982,82.07201
320.70000,11.70333,82.07156
320.75000,11.32332,82.06956
320.80100,11.32063,82.06750
320.85100,11.31964,82.06549
320.90100,11.31974,82.06348
320.95000,11.32071,82.06151
321.00100,9.00000,82.04051
321.05200,11.34654,82.03857
321.10000,11.34375,82.03674
321.15100,11.34304,82.03479
321.20000,11.34227,82.03291
321.25200,11.34149,82.03091
321.30100,11.34088,82.02903
321.35100,11.33986,82.02710
321.40300,11.33939,82.02510
321.45000,11.33782,82.02328
321.50000,11.70128,82.02283
321.55000,11.33212,82.02087
321.60100,11.32920,82.01886
321.65000,11.32845,82.01693
321.70000,11.32857,82.01496
321.75200,11.32944,82.01292
321.80000,9.00000,81.99199
321.85100,11.33640,81.99002
321.90000,11.33338,81.98811
321.95000,11.33081,81.98616
322.00100,11.33040,81.98416
322.05100,11.33105,81.98221
322.10100,11.33011,81.98026
322.15000,11.32917,81.97833
322.20000,11.32823,81.97637
322.25000,11.69929,81.97591
322.30000,11.33946,81.97400
322.35000,11.33648,81.97207
322.40000,11.33542,81.97013
322.45000,11.33511,81.96819
322.50000,11.33567,81.96626
322.55000,11.33650,81.96433
322.60100,9.00000,81.94324
322.65000,11.32730,81.94132
322.70000,11.32486,81.93935
322.75100,11.32365,81.93733
322.80000,11.32382,81.93540
322.85000,11.32310,81.93343
322.90000,11.32326,81.93145
322.95100,11.32240,81.92943
323.00200,11.69730,81.92897
323.05100,11.34287,81.92711
323.10100,11.33907,81.92519
323.15000,11.33671,81.92331
323.20000,11.33549,81.92139
323.25100,11.33527,81.91942
323.30000,11.33588,81.91753
323.35200,11.33665,81.91553
323.40100,11.33747,81.91366
323.45000,9.00000,81.89262
323.50100,11.32409,81.89062
323.55100,11.32235,81.88865
323.60000,11.32106,81.88671
323.65000,11.32117,81.88474
323.70000,11.32039,81.88276
323.75200,11.32052,81.88070
323.80000,11.69528,81.88026
323.85200,11.34408,81.87830
323.90000,11.34035,81.87648
323.95100,9.00000,81.85518
324.00100,11.27175,81.85297
324.05000,11.27216,81.85085
324.10000,11.26486,81.84866
324.15100,11.26418,81.84642
324.20000,11.27118,81.84430
324.25000,11.26615,81.84211
324.30000,11.26604,81.83992
324.35200,11.69333,81.83945
324.40000,9.00000,81.81823
324.45200,11.69187,81.81776
324.50000,11.33616,81.81593
324.55000,11.33254,81.81401
324.60000,11.33112,81.81209
324.65100,11.33140,81.81013
324.70100,9.00000,81.78883
324.75000,11.26932,81.78671
324.80000,11.26589,81.78453
324.85200,11.26510,81.78226
324.90100,11.26497,81.78013
324.95000,11.26692,81.77800
325.00000,11.26781,81.77584
325.05000,11.26729,81.77367
325.10000,11.27002,81.77151
325.15000,11.26993,81.76936
325.20000,11.68973,81.76891
325.25000,11.33379,81.76700
325.30000,11.32877,81.76508
325.35000,11.32573,81.76314
325.40100,11.32390,81.76116
325.45100,11.32333,81.75925
325.50000,11.32381,81.75732
325.55000,9.00000,81.73605
325.60000,11.27716,81.73392
325.65000,11.68796,81.73347
325.70100,9.00000,81.71213
325.75200,11.27262,81.70995
325.80100,11.26992,81.70786
325.85000,11.26962,81.70575
325.90100,11.27124,81.70357
325.95000,11.68626,81.70312
326.00000,11.32850,81.70122
326.05000,11.32397,81.69929
326.10000,9.00000,81.67802
326.15100,11.68472,81.67757
326.20000,9.00000,81.65634
326.25100,11.27462,81.65418
326.30000,11.68320,81.65374
326.35000,11.32205,81.65182
326.40000,11.31898,81.64988
326.45200,11.31722,81.64786
326.50100,11.31697,81.64596
326.55000,9.00000,81.62473
326.60000,11.27279,81.62262
326.65000,11.26812,81.62049
326.70100,11.26825,81.61832
326.75000,11.26803,81.61623
326.80200,11.26907,81.61401
326.85200,11.26974,81.61189
326.90000,11.68126,81.61146
326.95000,11.32108,81.60954
327.00100,11.31638,81.60756
327.05100,11.31308,81.60561
327.10200,11.31099,81.60361
327.15000,11.30968,81.60172
327.20000,11.30922,81.59975
327.25000,9.00000,81.57851
327.30000,11.27890,81.57644
327.35400,11.27510,81.57417
327.40000,11.27358,81.57224
327.45000,11.27475,81.57014
327.50000,11.27434,81.56805
327.55100,11.27668,81.56592
327.60200,11.67926,81.56545
327.65000,11.31284,81.56358
327.70000,11.30849,81.56162
327.75100,11.30611,81.55962
327.80100,9.00000,81.53819
327.85000,11.67766,81.53773
327.90000,11.30208,81.53576
327.95100,11.30239,81.53374
328.00000,9.00000,81.51256
328.05100,11.28042,81.51046
328.10100,11.27729,81.50838
328.15100,11.27475,81.50630
328.20100,11.27414,81.50422
328.25000,11.27232,81.50217
328.30000,11.27133,81.50007
328.35100,11.27171,81.49793
328.40000,11.27349,81.49589
328.45400,11.19326,81.49329
328.50100,11.21528,81.49111
328.55100,11.20996,81.48877
328.60200,11.20841,81.48637
328.65000,11.20937,81.48413
328.70000,11.21004,81.48179
328.75100,11.21052,81.47941
328.80000,11.19925,81.47707
328.85000,11.63881,81.47647
328.90000,11.64451,81.47589
328.95100,11.53683,81.47488
329.00100,11.55295,81.47394
329.05000,11.41742,81.47252
329.10000,11.37975,81.47092
329.15100,11.07500,81.46799
329.20100,10.12317,81.46133
329.25100,10.07375,81.45447
329.30200,11.25338,81.45226
329.35000,11.25893,81.45021
329.40000,11.63933,81.44961
329.45000,11.65153,81.44907
329.50000,11.36486,81.44743
329.55100,11.60375,81.44667
329.60000,11.11767,81.44402
329.65000,11.03235,81.44099
329.70200,10.67876,81.43636
329.75100,10.78268,81.43240
329.80100,9.64090,81.42382
329.85000,11.21868,81.42158
329.90100,11.21740,81.41923
329.95000,11.20662,81.41693
330.00000,11.63922,81.41634
330.05000,11.65017,81.41580
330.10000,10.97845,81.41254
330.15100,11.65425,81.41202
330.20000,11.41886,81.41061
330.25100,11.39561,81.40905
330.30000,10.85413,81.40538
330.35000,10.73091,81.40115
330.40000,9.00000,81.38998
330.45000,11.26868,81.38789
330.50000,11.26387,81.38577
330.55000,11.26188,81.38366
330.60100,11.26173,81.38150
330.65000,11.26245,81.37943
330.70100,11.26359,81.37727
330.75000,11.26066,81.37519
330.80000,11.25560,81.37305
330.85000,11.63843,81.37246
330.90100,11.65024,81.37192
330.95100,11.65612,81.37141
331.00000,11.50931,81.37035
331.05100,11.66313,81.36985
331.10000,11.13524,81.36728
331.15000,9.95549,81.35996
331.20100,9.45295,81.35046
331.25000,11.42543,81.34908
331.30000,11.64750,81.34854
331.35000,11.65573,81.34804
331.40000,11.66386,81.34756
331.45100,11.17319,81.34504
331.50000,9.74123,81.33704
331.55200,9.00000,81.32508
331.60000,11.26815,81.32308
331.65000,11.26656,81.32099
331.70000,11.26596,81.31890
331.75000,11.26630,81.31681
331.80200,11.26620,81.31464
331.85200,11.60240,81.31391
331.90000,11.64670,81.31340
331.95100,11.66335,81.31292
332.00000,9.90317,81.30555
332.05000,9.00000,81.29236
332.10100,11.26059,81.29021
332.15000,11.25907,81.28814
332.20000,11.25782,81.28602
332.25100,11.25715,81.28385
332.30100,11.25662,81.28173
332.35100,11.25802,81.27962
332.40100,11.63217,81.27901
332.45100,11.66608,81.27856
332.50100,9.00000,81.25823
332.55000,11.27617,81.25623
332.60100,11.27501,81.25415
332.65100,11.27457,81.25211
332.70000,11.27547,81.25011
332.75000,11.27625,81.24806
332.80000,11.24887,81.24592
332.85100,11.26624,81.24380
332.90000,11.26388,81.24175
332.95000,11.26241,81.23966
333.00000,11.26173,81.23756
333.05100,11.26259,81.23543
333.10100,11.66604,81.23498
333.15100,11.30401,81.23306
333.20300,11.30457,81.23105
333.25100,11.30515,81.22920
333.30000,9.00000,81.20805
333.35000,11.28213,81.20604
333.40100,11.27894,81.20398
333.45100,11.27829,81.20196
333.50000,11.27701,81.19997
333.55100,11.27813,81.19791
333.60100,11.27430,81.19587
333.65100,11.66421,81.19542
333.70000,11.31130,81.19357
333.75100,9.00000,81.17220
333.80000,11.66271,81.17176
333.85000,11.30443,81.16985
333.90000,9.00000,81.14853
333.95000,11.25254,81.14642
334.00100,11.24831,81.14425
334.05100,11.24796,81.14212
334.10100,11.24792,81.13998
334.15000,11.24869,81.13790
334.20100,11.66097,81.13744
334.25100,11.30391,81.13554
334.30100,11.29899,81.13361
334.35100,11.29524,81.13167
334.40000,11.29287,81.12975
334.45200,11.29084,81.12772
334.50000,9.00000,81.10654
334.55100,11.65933,81.10608
334.60000,9.00000,81.08485
334.65200,11.26118,81.08271
334.70100,11.25917,81.08067
334.75000,11.65778,81.08023
334.80100,11.29188,81.07825
334.85100,9.00000,81.05700
334.90000,11.65628,81.05656
334.95000,11.28936,81.05461
335.00100,9.00000,81.03330
335.05000,11.65478,81.03286
335.10000,9.00000,81.01157
335.15100,11.25375,81.00945
335.20100,11.24970,81.00736
335.25000,11.24994,81.00532
335.30000,11.25062,81.00323
335.35000,11.25143,81.00114
335.40100,11.65310,81.00068
335.45100,9.00000,80.97941
335.50000,11.65164,80.97897
335.55100,11.28509,80.97698
335.60100,11.28166,80.97503
335.65100,11.28066,80.97306
335.70100,11.28091,80.97110
335.75000,11.28141,80.96918
335.80000,11.28192,80.96722
335.85100,9.00000,80.94592
335.90100,11.25262,80.94386
335.95100,11.24885,80.94177
336.00200,11.24907,80.93965
336.05000,11.24934,80.93765
336.10000,11.25023,80.93558
336.15000,11.25030,80.93350
336.20100,11.25220,80.93139
336.25100,11.64968,80.93094
336.30200,11.28587,80.92897
336.35100,11.28137,80.92706
336.40200,11.27806,80.92505
336.45000,11.27590,80.92316
336.50000,11.27421,80.92117
336.55000,11.27342,80.91919
336.60000,11.27355,80.91721
336.65000,11.27419,80.91523
336.70000,9.00000,80.89401
336.75200,11.26008,80.89190
336.80100,11.25568,80.88989
336.85100,11.25456,80.88784
336.90000,11.25406,80.88583
336.95000,11.25571,80.88378
337.00100,11.25644,80.88170
337.05200,11.64770,80.88124
337.10200,11.28131,80.87930
337.15100,11.27687,80.87737
337.20100,11.27311,80.87540
337.25000,11.26939,80.87344
337.30000,11.26573,80.87144
337.35300,11.26215,80.86929
337.40000,11.25868,80.86739
337.45200,11.25539,80.86526
337.50000,11.25230,80.86328
337.55100,11.24946,80.86117
337.60000,11.24739,80.85913
337.65000,11.24615,80.85705
337.70000,11.24582,80.85497
337.75200,11.24646,80.85280
337.80100,11.24766,80.85077
337.85000,11.24886,80.84874
337.90000,11.25009,80.84667
337.95100,9.00000,80.82552
338.00200,11.28446,80.82356
338.05000,11.27991,80.82170
338.10000,11.27704,80.81975
338.15000,11.27648,80.81779
338.20100,11.27678,80.81584
338.25100,11.27787,80.81385
338.30200,11.27886,80.81187
338.35000,11.27902,80.81001
338.40100,11.64530,80.80954
338.45000,11.26266,80.80757
338.50000,11.25896,80.80555
338.55000,11.25634,80.80351
338.60000,11.25516,80.80148
338.65100,11.25470,80.79939
338.70200,11.25505,80.79732
338.75100,11.25613,80.79532
338.80100,9.00000,80.77421
338.85100,11.27849,80.77226
338.90000,11.27466,80.77035
338.95200,11.27228,80.76831
339.00000,11.27153,80.76642
339.05000,11.27169,80.76446
339.10000,11.27296,80.76250
339.15000,11.27334,80.76054
339.20000,11.27348,80.75858
339.25000,11.64330,80.75813
339.30000,11.26812,80.75615
339.35100,11.26432,80.75411
339.40100,11.26173,80.75211
339.45200,11.26082,80.75006
339.50000,11.26108,80.74814
339.55000,11.26206,80.74613
339.60000,9.00000,80.72501
339.65000,11.27340,80.72305
339.70100,11.26871,80.72105
339.75000,11.26616,80.71910
339.80100,11.26544,80.71708
339.85000,11.26599,80.71514
339.90000,11.26726,80.71317
339.95000,11.26777,80.71119
340.00100,11.26795,80.70918
340.05000,11.64135,80.70874
340.10000,11.27296,80.70679
340.15100,11.26888,80.70478
340.20200,11.26596,80.70276
340.25000,11.26529,80.70086
340.30200,11.26588,80.69880
340.35000,11.26684,80.69690
340.40000,11.26780,80.69492
340.45000,9.00000,80.67379
340.50200,11.26845,80.67175
340.55100,11.26400,80.66981
340.60100,11.26191,80.66782
340.65000,11.26188,80.66587
340.70000,11.26259,80.66388
340.75200,11.26330,80.66182
340.80000,11.26448,80.65992
340.85100,11.63941,80.65946
340.90100,11.27725,80.65753
340.95100,11.27442,80.65559
341.00100,11.27361,80.65365
341.05100,11.27340,80.65171
341.10000,11.27388,80.64980
341.15100,9.00000,80.62861
341.20000,11.26230,80.62667
341.25200,11.25836,80.62460
341.30100,11.25556,80.62263
341.35100,11.25399,80.62061
341.40000,11.25222,80.61864
341.45000,11.25043,80.61661
341.50100,11.24931,80.61453
341.55200,11.24887,80.61246
341.60100,11.24921,80.61047
341.65000,11.25033,80.60848
341.70000,11.63742,80.60803
341.75200,11.28994,80.60609
341.80100,11.28634,80.60424
341.85000,11.28418,80.60239
341.90100,11.28288,80.60046
341.95200,11.28260,80.59852
342.00100,11.28320,80.59666
342.05100,11.28382,80.59476
342.10100,9.00000,80.57359
342.15000,11.25274,80.57161
342.20100,11.24982,80.56955
342.25000,11.24823,80.56757
342.30000,11.24664,80.56553
342.35100,11.24450,80.56345
342.40200,11.24347,80.56136
342.45100,11.24464,80.55936
342.50000,11.24511,80.55736
342.55100,11.63546,80.55690
342.60000,11.29397,80.55509
342.65000,11.29083,80.55323
342.70100,11.28907,80.55133
342.75000,11.28816,80.54950
342.80000,11.28821,80.54763
342.85100,11.28897,80.54573
342.90000,11.28972,80.54391
342.95000,9.00000,80.52271
343.00100,11.24611,80.52064
343.05000,11.24253,80.51863
343.10000,11.24092,80.51659
343.15000,11.23970,80.51453
343.20100,11.23855,80.51243
343.25100,11.24021,80.51038
343.30000,11.24102,80.50837
343.35000,11.63354,80.50792
343.40000,11.29788,80.50610
343.45100,11.29439,80.50423
343.50000,11.29253,80.50242
343.55000,11.29157,80.50057
343.60000,11.29154,80.49873
343.65100,11.29226,80.49684
343.70100,11.29297,80.49500
343.75000,9.00000,80.47384
343.80100,11.24243,80.47176
343.85000,11.24045,80.46976
343.90000,11.24034,80.46771
343.95000,11.24047,80.46567
344.00100,11.24028,80.46358
344.05100,11.63172,80.46313
344.10100,11.29667,80.46131
344.15000,11.29301,80.45951
344.20000,11.29100,80.45767
344.25000,11.28992,80.45583
344.30000,11.28991,80.45398
344.35000,11.29060,80.45213
344.40000,11.29132,80.45029
344.45200,11.29208,80.44839
344.50100,9.00000,80.42723
344.55000,11.24238,80.42524
344.60000,11.23959,80.42320
344.65000,11.23938,80.42117
344.70000,11.23972,80.41912
344.75100,11.24029,80.41705
344.80000,11.23989,80.41505
344.85000,11.62984,80.41460
344.90000,11.29652,80.41278
344.95000,11.29322,80.41096
345.00100,11.29136,80.40909
345.05000,11.29063,80.40729
345.10000,11.29097,80.40546
345.15100,11.29170,80.40359
345.20000,11.29238,80.40179
345.25000,11.29312,80.39997
345.30000,9.00000,80.37878
345.35100,11.24116,80.37671
345.40100,11.23875,80.37467
345.45000,11.23779,80.37267
345.50000,11.23908,80.37064
345.55300,11.23876,80.36848
345.60100,11.23844,80.36652
345.65100,11.62797,80.36607
345.70000,11.29675,80.36430
345.75000,11.29360,80.36249
345.80000,11.29186,80.36066
345.85000,11.29076,80.35884
345.90100,11.29071,80.35697
345.95000,11.29141,80.35519
346.00100,11.29213,80.35332
346.05000,11.29287,80.35154
346.10000,9.00000,80.33036
346.15000,11.23990,80.32833
346.20100,11.23867,80.32626
346.25000,11.23791,80.32427
346.30000,11.23774,80.32224
346.35000,11.23751,80.32021
346.40000,11.62615,80.31976
346.45000,11.29764,80.31796
346.50000,11.29466,80.31615
346.55100,11.29310,80.31431
346.60000,11.29247,80.31253
346.65000,11.29300,80.31071
346.70100,11.29369,80.30888
346.75000,11.29436,80.30711
346.80100,9.00000,80.28587
346.85000,11.23831,80.28389
346.90000,11.23642,80.28186
346.95000,11.23535,80.27983
347.00000,11.23429,80.27779
347.05000,11.23351,80.27575
347.10200,11.23332,80.27362
347.15100,11.62432,80.27318
347.20200,11.30091,80.27145
347.25000,11.29800,80.26981
347.30100,11.29659,80.26805
347.35000,11.29606,80.26630
347.40200,11.29633,80.26454
347.45100,11.29674,80.26283
347.50200,11.29716,80.26108
347.55000,9.00000,80.23997
347.60000,11.23461,80.23794
347.65100,11.23239,80.23586
347.70000,11.23241,80.23386
347.75200,11.23155,80.23174
347.80000,11.23123,80.22977
347.85000,11.62255,80.22932
347.90000,11.30246,80.22764
347.95000,11.29961,80.22594
348.00000,11.29814,80.22424
348.05000,11.29762,80.22253
348.10000,11.29766,80.22083
348.15000,11.29805,80.21912
348.20100,11.29844,80.21738
348.25100,9.00000,80.19619
348.30100,11.23257,80.19416
348.35100,11.23032,80.19212
348.40000,11.22858,80.19011
348.45100,11.22712,80.18802
348.50200,11.22630,80.18592
348.55000,11.22543,80.18394
348.60000,11.62076,80.18349
348.65000,11.30744,80.18183
348.70100,11.30458,80.18012
348.75100,11.30297,80.17844
348.80000,11.30219,80.17680
348.85000,11.30243,80.17512
348.90100,11.30271,80.17340
348.95100,11.30302,80.17172
349.00000,9.00000,80.15056
349.05000,11.22692,80.14851
349.10100,11.22602,80.14642
349.15100,11.22496,80.14437
349.20100,11.22406,80.14231
349.25000,11.61905,80.14187
349.30100,11.30821,80.14018
349.35000,11.30530,80.13855
349.40000,11.30367,80.13688
349.45000,11.30287,80.13521
349.50100,11.30308,80.13351
349.55100,11.30337,80.13184
349.60100,11.30368,80.13017
349.65000,9.00000,80.10901
349.70200,11.22549,80.10688
349.75000,11.22329,80.10490
349.80100,11.22223,80.10284
349.85000,11.22289,80.10079
349.90000,11.61736,80.10033
349.95100,11.30775,80.09869
350.00100,11.30439,80.09700
350.05000,11.30210,80.09536
350.10000,11.30082,80.09369
350.15200,11.30054,80.09194
350.20100,11.30093,80.09030
350.25000,11.30126,80.08867
350.30000,11.30159,80.08700
350.35100,11.30195,80.08529
350.40200,9.00000,80.06406
350.45000,11.22642,80.06210
350.50100,11.22528,80.06003
350.55000,11.22493,80.05802
350.60000,11.22477,80.05598
350.65000,11.61564,80.05553
350.70000,11.30483,80.05388
350.75100,11.30133,80.05218
350.80200,11.29900,80.05047
350.85000,11.29764,80.04886
350.90100,11.29731,80.04714
350.95100,11.29767,80.04546
351.00100,11.29815,80.04379
351.05100,11.29866,80.04211
351.10000,11.29915,80.04047
351.15000,11.29972,80.03880
351.20000,9.00000,80.01762
351.25000,11.22821,80.01560
351.30200,11.22674,80.01350
351.35100,11.22530,80.01151
351.40000,11.22568,80.00951
351.45100,11.22555,80.00744
351.50100,11.61388,80.00699
351.55100,11.30257,80.00533
351.60000,11.29916,80.00370
351.65000,11.29701,80.00202
351.70000,11.29596,80.00034
351.75000,11.29570,79.99866
351.80000,11.29581,79.99699
351.85100,11.29628,79.99527
351.90000,11.29683,79.99363
351.95000,11.29741,79.99196
352.00100,11.29800,79.99025
352.05200,11.29858,79.98855
352.10100,9.00000,79.96743
352.15000,11.22916,79.96545
352.20000,11.22671,79.96344
352.25000,11.22561,79.96141
352.30000,11.22629,79.95939
352.35000,11.22615,79.95737
352.40000,11.61210,79.95692
352.45100,11.30265,79.95524
352.50000,11.29938,79.95361
352.55000,11.29731,79.95194
352.60000,11.29592,79.95027
352.65100,11.29472,79.94856
352.70100,11.29448,79.94688
352.75100,11.29469,79.94521
352.80000,11.29522,79.94357
352.85000,11.29586,79.94189
352.90100,11.29656,79.94019
352.95000,9.00000,79.91879
353.00100,11.15731,79.91645
353.05000,11.23077,79.91449
353.10000,11.22519,79.91248
353.15000,11.14502,79.91013
353.20200,11.61032,79.90967
353.25000,9.00000,79.88829
353.30000,11.15773,79.88601
353.35100,11.16172,79.88370
353.40000,11.15524,79.88145
353.45000,11.60869,79.88100
353.50000,9.00000,79.85955
353.55100,11.16264,79.85725
353.60100,11.15397,79.85497
353.65000,11.15709,79.85273
353.70100,11.15870,79.85042
353.75100,11.60700,79.84996
353.80000,11.29371,79.84834
353.85000,11.28964,79.84666
353.90000,9.00000,79.82522
353.95000,11.60552,79.82477
354.00100,11.28837,79.82306
354.05000,9.00000,79.80164
354.10000,11.16595,79.79942
354.15200,11.15633,79.79706
354.20100,11.15296,79.79482
354.25000,11.14638,79.79256
354.30000,11.14618,79.79025
354.35000,11.15995,79.78800
354.40100,11.60371,79.78754
354.45100,11.28902,79.78587
354.50000,11.28451,79.78423
354.55100,11.28183,79.78249
354.60000,11.28018,79.78083
354.65100,11.27931,79.77909
354.70000,11.27917,79.77742
354.75200,11.27920,79.77565
354.80000,9.00000,79.75431
354.85000,11.16146,79.75207
354.90200,11.60211,79.75160
354.95000,9.00000,79.73027
355.00100,11.15785,79.72797
355.05000,11.16068,79.72578
355.10000,11.15786,79.72353
355.15100,11.16554,79.72128
355.20000,11.60044,79.72083
355.25100,9.00000,79.69936
355.30200,11.59899,79.69891
355.35000,11.27669,79.69727
355.40200,11.27360,79.69550
355.45000,11.27207,79.69386
355.50000,11.27181,79.69214
355.55000,11.27170,79.69042
355.60000,9.00000,79.66902
355.65100,11.15958,79.66675
355.70100,11.14765,79.66447
355.75000,11.15030,79.66225
355.80000,11.15068,79.65999
355.85000,11.14657,79.65771
355.90000,11.15439,79.65546
355.95000,11.15040,79.65319
356.00100,11.59710,79.65273
356.05200,11.27785,79.65102
356.10000,11.27299,79.64938
356.15000,11.26979,79.64767
356.20000,11.26763,79.64587
356.25200,11.26597,79.64399
356.30000,11.26497,79.64226
356.35000,11.26463,79.64044
356.40100,11.26440,79.63860
356.45100,11.26420,79.63679
356.50000,11.26404,79.63501
356.55100,9.00000,79.61359
356.60000,11.16052,79.61142
356.65200,11.15279,79.60908
356.70000,11.15349,79.60693
356.75000,11.15042,79.60467
356.80000,11.14561,79.60239
356.85200,11.14250,79.60001
356.90000,11.13904,79.59780
356.95000,11.13697,79.59549
357.00100,11.13561,79.59313
357.05100,11.14199,79.59084
357.10100,11.13771,79.58853
357.15100,11.14242,79.58625
357.20100,11.59483,79.58579
357.25000,11.28125,79.58417
357.30100,11.27604,79.58245
357.35000,11.27203,79.58079
357.40000,11.26927,79.57908
357.45100,11.26735,79.57732
357.50200,11.26623,79.57550
357.55000,11.26570,79.57377
357.60000,11.26531,79.57198
357.65000,9.00000,79.55061
357.70200,11.59327,79.55014
357.75200,9.00000,79.52874
357.80000,11.14740,79.52657
357.85100,11.14935,79.52428
357.90200,11.15451,79.52201
357.95000,11.14712,79.51984
358.00000,11.14186,79.51757
358.05000,11.14450,79.51530
358.10000,11.59151,79.51485
358.15000,11.26734,79.51315
358.20300,11.26204,79.51125
358.25100,11.25813,79.50951
358.30100,11.25541,79.50768
358.35000,11.25359,79.50588
358.40000,11.25204,79.50404
358.45000,11.25080,79.50220
358.50100,11.25009,79.50032
358.55100,11.24990,79.49847
358.60000,11.24973,79.49667
358.65000,11.24962,79.49482
358.70100,9.00000,79.47346
358.75300,11.16130,79.47118
358.80100,11.15702,79.46906
358.85000,11.15546,79.46689
358.90000,11.15169,79.46465
358.95100,11.14992,79.46237
359.00000,11.15011,79.46018
359.05000,11.14973,79.45795
359.10100,11.15062,79.45567
359.15100,11.58946,79.45522
359.20000,9.00000,79.43391
359.25000,11.58801,79.43346
359.30100,11.25248,79.43161
359.35000,11.24861,79.42981
359.40000,11.24676,79.42796
359.45000,11.24610,79.42612
359.50200,9.00000,79.40469
359.55200,11.15825,79.40250
359.60200,11.15599,79.40029
359.65100,11.15313,79.39812
359.70000,11.58634,79.39768
359.75000,11.24993,79.39586
359.80100,9.00000,79.37448
359.85100,11.58488,79.37402
359.90000,11.24430,79.37222
359.95000,11.24183,79.37037
360.00200,11.24092,79.36844
360.05200,9.00000,79.34710
360.10100,11.15230,79.34494
360.15000,11.14705,79.34277
360.20200,11.14779,79.34045
360.25200,11.14755,79.33823
360.30000,11.14630,79.33610
360.35000,11.14448,79.33387
360.40200,11.14398,79.33154
360.45000,11.14402,79.32940
360.50000,11.58299,79.32895
360.55100,11.24621,79.32709
360.60000,11.24048,79.32527
360.65000,11.23525,79.32340
360.70000,11.23140,79.32152
360.75100,11.22863,79.31958
360.80100,11.22638,79.31767
360.85100,11.22449,79.31576
360.90100,11.22295,79.31384
360.95000,11.22176,79.31196
361.00000,11.22093,79.31003
361.05100,11.22044,79.30806
361.10000,11.22028,79.30618
361.15100,9.00000,79.28486
361.20200,11.16191,79.28266
361.25100,11.16463,79.28056
361.30000,11.15829,79.27843
361.35100,11.15503,79.27621
361.40000,11.15491,79.27407
361.45000,11.15504,79.27189
361.50000,11.15557,79.26971
361.55000,11.14998,79.26751
361.60000,11.15576,79.26533
361.65100,11.15733,79.26311
361.70100,11.15615,79.26093
361.75000,11.58078,79.26049
361.80000,11.23035,79.25861
361.85000,11.22487,79.25671
361.90000,11.22041,79.25478
361.95100,11.21726,79.25282
362.00100,11.21509,79.25087
362.05100,11.21390,79.24892
362.10100,11.21344,79.24698
362.15000,11.21354,79.24507
362.20000,11.21368,79.24313
362.25000,11.21386,79.24117
362.30000,11.21409,79.23923
362.35500,11.21437,79.23709
362.40200,9.00000,79.21597
362.45000,11.16905,79.21394
362.50000,11.16106,79.21179
362.55100,11.15968,79.20959
362.60000,11.16247,79.20749
362.65000,11.16028,79.20534
362.70000,11.15952,79.20319
362.75000,11.15784,79.20102
362.80000,11.15662,79.19885
362.85100,11.15851,79.19666
362.90100,11.15722,79.19449
362.95100,11.57861,79.19404
363.00000,11.21943,79.19216
363.05100,11.21366,79.19018
363.10000,11.20883,79.18826
363.15000,11.20592,79.18629
363.20000,11.20468,79.18432
363.25000,11.20397,79.18234
363.30200,11.20368,79.18028
363.35100,11.20393,79.17834
363.40000,11.20428,79.17641
363.45000,11.20467,79.17443
363.50000,9.00000,79.15321
363.55100,11.16753,79.15105
363.60000,11.16783,79.14898
363.65100,11.16540,79.14681
363.70300,11.16069,79.14458
363.75000,11.16428,79.14259
363.80100,11.16526,79.14042
363.85100,11.16094,79.13828
363.90000,11.57660,79.13783
363.95000,9.00000,79.11658
364.00100,11.57516,79.11613
364.05000,11.20800,79.11422
364.10100,11.20357,79.11221
364.15000,11.20022,79.11028
364.20000,11.19905,79.10829
364.25100,11.19927,79.10627
364.30000,11.19970,79.10432
364.35000,9.00000,79.08308
364.40100,11.17086,79.08095
364.45100,11.16441,79.07883
364.50000,11.16418,79.07676
364.55000,11.16230,79.07463
364.60000,11.16454,79.07252
364.65100,11.16643,79.07037
364.70000,11.16539,79.06831
364.75000,11.15901,79.06617
364.80000,11.57324,79.06572
364.85100,11.20385,79.06372
364.90100,11.19851,79.06178
364.95000,11.19427,79.05978
365.00000,11.19178,79.05779
365.05000,11.19027,79.05577
365.10100,11.18948,79.05372
365.15000,11.18943,79.05174
365.20000,11.18995,79.04974
365.25200,11.19051,79.04765
365.30000,9.00000,79.02654
365.35000,11.17061,79.02446
365.40000,11.16690,79.02236
365.45100,11.16513,79.02022
365.50000,11.16444,79.01815
365.55000,11.16591,79.01605
365.60000,11.16327,79.01394
365.65000,11.16547,79.01184
365.70000,11.16460,79.00974
365.75100,11.57123,79.00927
365.80000,11.19772,79.00734
365.85000,11.19265,79.00535
365.90000,11.18823,79.00333
365.95000,11.18490,79.00131
366.00100,11.18198,78.99923
366.05000,11.17932,78.99723
366.10100,11.17746,78.99513
366.15000,11.17627,78.99312
366.20000,11.17583,78.99106
366.25100,11.17614,78.98896
366.30100,9.00000,78.96780
366.35000,11.18104,78.96580
366.40000,11.17591,78.96375
366.45100,11.17345,78.96165
366.50000,11.16917,78.95961
366.55000,11.16717,78.95752
366.60100,11.16446,78.95538
366.65000,11.16304,78.95332
366.70000,11.16232,78.95121
366.75000,11.15950,78.94910
366.80100,11.15973,78.94694
366.85000,11.15921,78.94486
366.90000,11.15941,78.94274
366.95100,11.15867,78.94058
367.00100,11.15707,78.93845
367.05200,11.56894,78.93800
367.10000,11.19657,78.93610
367.15200,11.19120,78.93404
367.20000,11.18697,78.93211
367.25000,11.18394,78.93008
367.30000,11.18156,78.92806
367.35000,11.17964,78.92603
367.40100,11.17809,78.92394
367.45100,11.17687,78.92190
367.50000,11.17600,78.91988
367.55100,11.17572,78.91779
367.60100,9.00000,78.89664
367.65200,11.17763,78.89456
367.70000,11.17299,78.89259
367.75000,11.17192,78.89053
367.80000,11.17041,78.88847
367.85000,11.17174,78.88641
367.90100,11.17163,78.88430
367.95100,11.17076,78.88224
368.00000,11.17085,78.88022
368.05100,11.56690,78.87975
368.10000,11.18281,78.87778
368.15200,11.17772,78.87566
368.20000,11.17426,78.87370
368.25000,11.17185,78.87164
368.30100,11.17060,78.86953
368.35000,11.17052,78.86751
368.40100,11.17139,78.86540
368.45000,9.00000,78.84431
368.50100,11.56523,78.84385
368.55100,9.00000,78.82272
368.60000,11.17777,78.82073
368.65000,11.17441,78.81870
368.70000,11.17300,78.81665
368.75100,11.17310,78.81457
368.80000,11.17374,78.81258
368.85000,11.17320,78.81053
368.90000,11.17254,78.80849
368.95100,11.56358,78.80803
369.00200,11.17932,78.80597
369.05000,11.17465,78.80402
369.10200,11.17193,78.80189
369.15100,11.17087,78.79988
369.20000,11.17065,78.79787
369.25000,11.17134,78.79582
369.30000,9.00000,78.77470
369.35100,11.17762,78.77264
369.40000,11.17522,78.77066
369.45000,11.17306,78.76862
369.50100,11.17260,78.76655
369.55200,11.17235,78.76447
369.60000,11.17251,78.76252
369.65000,11.17251,78.76048
369.70200,11.56173,78.76001
369.75000,11.18101,78.75809
369.80100,11.17663,78.75603
369.85100,11.17351,78.75400
369.90000,11.17094,78.75199
369.95000,11.16973,78.74995
370.00000,11.16966,78.74790
370.05000,11.17037,78.74586
370.10100,9.00000,78.72471
370.15200,11.17990,78.72267
370.20200,11.17646,78.72066
370.25000,11.17316,78.71871
370.30000,11.17124,78.71667
370.35000,11.16960,78.71464
370.40100,11.16739,78.71255
370.45100,11.16608,78.71049
370.50000,11.16449,78.70847
370.55100,11.16369,78.70637
370.60000,11.16335,78.70435
370.65200,11.16316,78.70220
370.70000,11.16318,78.70022
370.75100,11.55968,78.69975
370.80200,11.19123,78.69776
370.85000,11.18771,78.69587
370.90000,11.18647,78.69390
370.95000,11.18639,78.69193
371.00000,11.18691,78.68996
371.05000,9.00000,78.66881
371.10100,11.16450,78.66671
371.15100,11.16175,78.66465
371.20100,11.15911,78.66257
371.25200,11.15753,78.66045
371.30000,11.15538,78.65845
371.35100,11.15326,78.65630
371.40000,11.15289,78.65425
371.45100,11.15180,78.65211
371.50000,11.15175,78.65004
371.55100,11.15218,78.64790
371.60200,11.55775,78.64744
371.65200,11.20231,78.64554
371.70100,11.19818,78.64365
371.75000,11.19592,78.64177
371.80000,11.19457,78.63984
371.85100,11.19404,78.63786
371.90100,11.19427,78.63593
371.95000,11.19466,78.63403
372.00000,9.00000,78.61287
372.05000,11.15816,78.61079
372.10000,11.15539,78.60872
372.15100,11.15443,78.60659
372.20100,11.15371,78.60450
372.25100,11.15288,78.60241
372.30000,11.15249,78.60036
372.35000,11.15299,78.59827
372.40100,11.55590,78.59781
372.45100,11.20095,78.59591
372.50100,11.19694,78.59399
372.55000,11.19475,78.59210
372.60000,11.19360,78.59018
372.65100,11.19326,78.58821
372.70100,11.19360,78.58628
372.75000,11.19400,78.58439
372.80000,9.00000,78.56323
372.85000,11.15867,78.56117
372.90100,11.15551,78.55906
372.95100,11.15460,78.55698
373.00000,11.15489,78.55495
373.05000,11.15479,78.55287
373.10100,11.15488,78.55075
373.15100,11.55410,78.55030
373.20100,11.19957,78.54840
373.25100,11.19558,78.54649
373.30100,11.19295,78.54456
373.35000,11.19177,78.54267
373.40100,11.19186,78.54070
373.45100,11.19231,78.53878
373.50200,11.19277,78.53682
373.55100,9.00000,78.51572
373.60000,11.15960,78.51371
373.65000,11.15750,78.51165
373.70200,11.15554,78.50950
373.75100,11.15583,78.50748
373.80100,11.15626,78.50542
373.85100,11.15646,78.50335
373.90000,11.55230,78.50291
373.95000,11.19861,78.50101
374.00000,11.19476,78.49910
374.05000,11.19254,78.49718
374.10000,11.19140,78.49526
374.15000,11.19135,78.49334
374.20100,11.19214,78.49138
374.25000,11.19296,78.48950
374.30100,9.00000,78.46832
374.35000,11.15885,78.46632
374.40200,11.15754,78.46419
374.45000,11.15674,78.46221
374.50000,11.15595,78.46016
374.55000,11.15504,78.45810
374.60000,11.15487,78.45603
374.65100,11.55051,78.45557
374.70100,11.19929,78.45369
374.75200,11.19521,78.45175
374.80200,11.19287,78.44984
374.85000,11.19197,78.44800
374.90000,11.19222,78.44609
374.95100,11.19292,78.44414
375.00100,9.00000,78.42301
375.05000,11.15818,78.42101
375.10000,11.15630,78.41896
375.15000,11.15633,78.41691
375.20100,11.15598,78.41482
375.25000,11.15573,78.41281
375.30100,11.54878,78.41235
375.35200,11.19765,78.41042
375.40100,11.19367,78.40856
375.45000,11.19134,78.40669
375.50100,11.19019,78.40474
375.55100,11.19029,78.40282
375.60000,11.19095,78.40096
375.65000,11.19151,78.39904
375.70200,9.00000,78.37785
375.75100,11.15932,78.37586
375.80000,11.15843,78.37386
375.85100,11.15771,78.37179
375.90400,11.15804,78.36963
375.95200,11.15775,78.36768
376.00000,11.54704,78.36724
376.05000,11.19621,78.36536
376.10100,9.00000,78.34393
376.15300,11.54557,78.34346
376.20000,9.00000,78.32224
376.25100,11.07191,78.31982
376.30100,11.54407,78.31937
376.35000,9.00000,78.29832
376.40100,11.50731,78.29770
376.45000,10.30131,78.29238
376.50100,11.15499,78.29031
376.55100,11.15556,78.28828
376.60100,11.50326,78.28767
376.65100,11.52028,78.28713
376.70000,9.00000,78.27567
376.75000,11.07879,78.27334
376.80200,11.07361,78.27090
376.85000,11.07331,78.26864
376.90000,11.07308,78.26629
376.95000,11.07184,78.26393
377.00100,11.06994,78.26152
377.05000,11.50418,78.26093
377.10000,11.51347,78.26035
377.15000,11.49800,78.25972
377.20000,11.52322,78.25919
377.25000,11.06592,78.25681
377.30200,9.49672,78.24784
377.35000,10.14769,78.24205
377.40100,11.14561,78.23994
377.45000,11.14553,78.23793
377.50000,11.14357,78.23586
377.55000,11.13723,78.23377
377.60100,11.50569,78.23315
377.65100,11.51736,78.23262
377.70100,11.52444,78.23210
377.75100,10.91450,78.22913
377.80000,10.76668,78.22562
377.85000,10.66356,78.22165
377.90000,10.84179,78.21838
377.95100,11.51973,78.21784
378.00000,11.01520,78.21532
378.05000,11.35877,78.21416
378.10100,11.25632,78.21257
378.15000,10.82132,78.20929
378.20100,9.00000,78.19647
378.25000,11.14710,78.19447
378.30000,11.14483,78.19241
378.35100,11.14244,78.19030
378.40100,11.14073,78.18823
378.45100,11.14115,78.18616
378.50000,11.14015,78.18412
378.55300,11.13833,78.18192
378.60000,11.13907,78.17996
378.65000,11.42134,78.17905
378.70100,11.51052,78.17846
378.75000,11.52331,78.17796
378.80100,11.20231,78.17609
378.85000,10.75985,78.17258
378.90100,10.47417,78.16776
378.95000,10.23769,78.16220
379.00000,10.80761,78.15880
379.05100,11.33044,78.15752
379.10100,11.51436,78.15697
379.15000,11.52185,78.15647
379.20000,11.28733,78.15504
379.25100,10.95051,78.15216
379.30000,9.63311,78.14425
379.35100,9.65995,78.13612
379.40300,11.13664,78.13396
379.45100,11.14000,78.13197
379.50100,11.13918,78.12990
379.55000,11.13695,78.12786
379.60100,11.13313,78.12572
379.65000,11.50428,78.12514
379.70100,11.51575,78.12460
379.75100,11.52359,78.12409
379.80000,11.30685,78.12277
379.85000,10.59509,78.11853
379.90000,9.40744,78.10957
379.95200,10.09793,78.10310
380.00100,11.05305,78.10074
380.05100,11.49946,78.10013
380.10100,11.50748,78.09955
380.15100,11.51635,78.09902
380.20100,11.52511,78.09853
380.25100,10.70366,78.09473
380.30000,9.76102,78.08732
380.35000,9.41691,78.07839
380.40000,11.13542,78.07632
380.45000,11.13842,78.07425
380.50100,11.13430,78.07212
380.55100,11.13313,78.07003
380.60000,11.13191,78.06798
380.65100,11.13379,78.06586
380.70100,11.12873,78.06375
380.75000,11.12986,78.06169
380.80000,11.12586,78.05957
380.85000,11.50786,78.05902
380.90000,11.51258,78.05848
380.95100,11.52691,78.05798
381.00000,9.72759,78.05045
381.05200,9.00000,78.03857
381.10100,11.06053,78.03625
381.15100,11.11206,78.03408
381.20000,11.10886,78.03194
381.25100,11.10483,78.02970
381.30100,11.10099,78.02750
381.35300,11.09732,78.02518
381.40100,11.09438,78.02303
381.45100,11.09119,78.02078
381.50000,11.08738,78.01856
381.55100,11.08318,78.01624
381.60000,11.08078,78.01399
381.65100,11.07787,78.01164
381.70000,11.08009,78.00940
381.75000,11.08041,78.00710
381.80100,11.08147,78.00477
381.85000,11.08184,78.00253
381.90000,11.08234,78.00025
381.95200,11.07936,77.99791
382.00000,11.49523,77.99731
382.05000,11.51700,77.99680
382.10100,11.52317,77.99631
382.15100,9.00000,77.98231
382.20100,10.58926,77.97807
382.25100,11.16580,77.97612
382.30000,11.16572,77.97421
382.35100,11.16579,77.97223
382.40100,11.16793,77.97029
382.45000,11.16844,77.96839
382.50100,11.49822,77.96780
382.55000,11.51301,77.96727
382.60000,11.52488,77.96679
382.65000,9.00000,77.95036
382.70000,10.75140,77.94676
382.75000,11.08991,77.94452
382.80100,11.49339,77.94389
382.85000,11.52568,77.94343
382.90000,9.38529,77.93440
382.95100,9.00000,77.92306
383.00000,11.16570,77.92116
383.05100,11.16425,77.91918
383.10000,11.16410,77.91727
383.15100,11.16367,77.91529
383.20100,11.16361,77.91335
383.25100,11.16306,77.91140
383.30200,11.49041,77.91077
383.35000,11.52268,77.91031
383.40100,9.00000,77.89238
383.45100,11.09889,77.89018
383.50100,11.09888,77.88798
383.55000,11.09973,77.88583
383.60100,11.10072,77.88360
383.65000,11.49604,77.88302
383.70000,10.03524,77.87659
383.75000,11.16097,77.87463
383.80000,11.15879,77.87267
383.85100,11.15590,77.87067
383.90100,11.15534,77.86870
383.95100,11.15385,77.86671
384.00000,11.15182,77.86477
384.05000,11.15093,77.86279
384.10100,11.15245,77.86076
384.15100,11.14807,77.85876
384.20100,11.15152,77.85677
384.25100,11.12545,77.85468
384.30100,11.12778,77.85260
384.35000,11.12942,77.85057
384.40000,11.13095,77.84850
384.45000,11.10403,77.84633
384.50000,11.12341,77.84423
384.55100,11.12205,77.84209
384.60100,11.12112,77.83998
384.65100,11.11910,77.83787
384.70000,11.48842,77.83727
384.75100,10.74592,77.83359
384.80000,11.12090,77.83153
384.85100,11.52785,77.83106
384.90100,9.00000,77.80994
384.95000,11.13457,77.80793
385.00100,11.13097,77.80582
385.05100,11.13066,77.80376
385.10000,11.12939,77.80174
385.15000,11.12900,77.79967
385.20000,11.12944,77.79761
385.25200,11.13099,77.79546
385.30000,11.13203,77.79350
385.35100,11.13363,77.79140
385.40000,11.13377,77.78940
385.45100,11.11358,77.78722
385.50200,11.12605,77.78510
385.55000,11.12720,77.78311
385.60000,11.12402,77.78103
385.65100,11.12341,77.77889
385.70000,11.12035,77.77684
385.75000,11.12619,77.77476
385.80000,11.12309,77.77267
385.85000,11.52583,77.77222
385.90000,11.22396,77.77060
385.95000,11.22561,77.76899
386.00000,9.00000,77.74787
386.05000,11.13943,77.74586
386.10000,11.13866,77.74384
386.15100,11.13877,77.74178
386.20000,11.13943,77.73979
386.25000,11.52428,77.73934
386.30100,11.23013,77.73772
386.35000,11.22763,77.73615
386.40100,11.22600,77.73452
386.45000,11.22525,77.73294
386.50000,11.22490,77.73133
386.55200,11.22503,77.72966
386.60000,11.22555,77.72812
386.65000,11.22612,77.72652
386.70000,11.22663,77.72491
386.75200,11.22713,77.72324
386.80100,9.00000,77.70217
386.85100,11.13967,77.70016
386.90100,11.13863,77.69814
386.95100,11.13853,77.69617
387.00000,11.52277,77.69572
387.05000,11.23067,77.69414
387.10000,11.22839,77.69254
387.15000,11.22701,77.69095
387.20000,11.22637,77.68935
387.25000,11.22661,77.68776
387.30000,11.22707,77.68616
387.35100,11.22754,77.68454
387.40000,11.22807,77.68298
387.45000,11.22860,77.68139
387.50000,9.00000,77.66027
387.55100,11.13779,77.65822
387.60100,11.13564,77.65620
387.65000,11.13482,77.65421
387.70100,11.13468,77.65215
387.75000,11.52122,77.65170
387.80000,11.23360,77.65014
387.85000,11.05221,77.64778
387.90100,11.22978,77.64617
387.95000,11.22916,77.64462
388.00000,9.00000,77.62385
388.05000,11.04685,77.62148
388.10000,11.51813,77.62103
388.15100,11.22633,77.61941
388.20100,9.00000,77.59899
388.25100,11.13742,77.59699
388.30000,11.13694,77.59503
388.35000,11.13659,77.59303
388.40000,11.03063,77.59059
388.45100,11.04996,77.58820
388.50100,11.04311,77.58582
388.55000,11.04150,77.58349
388.60000,11.04066,77.58110
388.65000,11.04320,77.57872
388.70100,11.03403,77.57626
388.75000,11.36601,77.57524
388.80000,11.12173,77.57317
388.85000,11.18655,77.57137
388.90100,11.30840,77.57008
388.95000,11.48937,77.56952
389.00100,10.62872,77.56541
389.05100,11.49045,77.56486
389.10000,10.74432,77.56136
389.15000,9.72869,77.55376
389.20000,11.14945,77.55180
389.25000,11.14728,77.54984
389.30100,11.14722,77.54784
389.35100,11.14441,77.54588
389.40000,11.13932,77.54392
389.45000,11.12856,77.54189
389.50100,11.48240,77.54128
389.55000,11.15249,77.53938
389.60100,11.05267,77.53700
389.65100,11.21369,77.53538
389.70100,10.93420,77.53257
389.75100,10.36822,77.52751
389.80000,11.09842,77.52541
389.85200,11.06603,77.52303
389.90000,11.48486,77.52247
389.95000,11.07800,77.52023
390.00100,11.49069,77.51968
390.05000,10.19511,77.51405
390.10000,10.13567,77.50806
390.15000,11.13872,77.50607
390.20100,11.14021,77.50405
390.25000,11.13864,77.50211
390.30000,11.13667,77.50011
390.35100,11.13193,77.49805
390.40100,11.12447,77.49601
390.45000,11.11834,77.49398
390.50000,11.10372,77.49185
390.55000,11.07516,77.48962
390.60100,11.05502,77.48724
390.65100,11.48371,77.48666
390.70000,11.14218,77.48473
390.75100,10.43545,77.47984
390.80000,11.07644,77.47765
390.85000,11.16219,77.47576
390.90000,11.24397,77.47426
390.95100,10.69781,77.47051
391.00000,10.44791,77.46578
391.05100,10.68562,77.46191
391.10100,11.04530,77.45956
391.15000,11.11460,77.45752
391.20000,11.10861,77.45542
391.25000,11.11079,77.45332
391.30000,11.10730,77.45122
391.35200,11.10489,77.44901
391.40000,11.10209,77.44698
391.45000,11.08546,77.44478
391.50100,11.08363,77.44254
391.55000,11.07830,77.44035
391.60100,11.06712,77.43804
391.65000,11.05857,77.43578
391.70100,11.03921,77.43336
391.75100,10.99285,77.43080
391.80100,11.02182,77.42835
391.85000,11.03771,77.42602
391.90100,11.02048,77.42352
391.95000,11.02334,77.42113
392.00100,11.03338,77.41868
392.05100,11.01600,77.41621
392.10000,11.00064,77.41373
392.15000,10.99408,77.41118
392.20100,10.97126,77.40848
392.25100,11.04100,77.40611
392.30000,11.09284,77.40399
392.35000,11.07981,77.40178
392.40100,11.07602,77.39951
392.45100,11.07586,77.39728
392.50100,11.07625,77.39506
392.55100,11.07759,77.39284
392.60000,11.06937,77.39062
392.65000,11.05775,77.38833
392.70100,11.05661,77.38598
392.75000,11.04249,77.38367
392.80100,11.03531,77.38123
392.85100,11.01989,77.37878
392.90000,11.01649,77.37637
392.95100,11.24862,77.37486
393.00000,11.47730,77.37428
393.05000,11.08492,77.37209
393.10100,10.87232,77.36899
393.15100,11.12165,77.36694
393.20000,11.01899,77.36454
393.25000,10.94018,77.36177
393.30100,10.53992,77.35733
393.35000,10.77426,77.35397
393.40200,11.06141,77.35160
393.45000,11.06701,77.34943
393.50000,11.06799,77.34718
393.55000,11.06722,77.34492
393.60000,11.06600,77.34266
393.65100,11.06407,77.34034
393.70100,11.06319,77.33807
393.75000,11.05247,77.33580
393.80000,11.05512,77.33350
393.85000,11.47713,77.33290
393.90100,11.48193,77.33231
393.95000,11.49047,77.33179
394.00000,11.25766,77.33035
394.05100,10.53000,77.32587
394.10100,10.54816,77.32154
394.15100,9.58911,77.31340
394.20100,11.09306,77.31126
394.25000,11.08926,77.30913
394.30000,11.11094,77.30705
394.35100,11.47814,77.30645
394.40000,11.49546,77.30595
394.45000,11.44104,77.30521
394.50000,10.98808,77.30265
394.55000,10.07659,77.29645
394.60000,9.13880,77.28652
394.65100,10.66884,77.28261
394.70100,11.08724,77.28044
394.75000,11.08732,77.27831
394.80100,11.09133,77.27612
394.85100,11.47973,77.27554
394.90100,11.48903,77.27501
394.95100,9.96851,77.26839
395.00000,9.75588,77.26107
395.05100,11.11052,77.25896
395.10000,11.11021,77.25692
395.15100,11.10985,77.25481
395.20100,11.11025,77.25273
395.25000,11.10979,77.25069
395.30000,11.11008,77.24862
395.35200,11.11024,77.24647
395.40100,11.10924,77.24443
395.45100,11.10912,77.24236
395.50000,11.10892,77.24032
395.55100,11.10570,77.23818
395.60100,11.12341,77.23616
395.65100,11.12200,77.23414
395.70000,11.12262,77.23215
395.75000,11.21371,77.23056
395.80100,11.21863,77.22896
395.85000,11.21931,77.22742
395.90000,11.21935,77.22585
395.95000,11.21947,77.22428
396.00200,11.21957,77.22265
396.05100,11.21966,77.22111
396.10100,11.21975,77.21954
396.15100,11.21968,77.21797
396.20100,11.21960,77.21641
396.25000,11.21952,77.21487
396.30000,11.21656,77.21329
396.35100,11.21686,77.21168
396.40100,11.21695,77.21010
396.45000,11.21702,77.20855
396.50000,11.21709,77.20697
396.55000,11.21716,77.20539
396.60000,11.21723,77.20381
396.65100,11.21729,77.20220
396.70100,11.21735,77.20062
396.75000,11.21742,77.19908
396.80000,11.21749,77.19750
396.85100,11.21756,77.19589
396.90000,11.21763,77.19435
396.95100,11.21770,77.19274
397.00100,11.21777,77.19116
397.05000,11.21783,77.18962
397.10100,11.21790,77.18801
397.15000,11.21797,77.18647
397.20000,11.21803,77.18489
397.25100,11.21809,77.18329
397.30100,11.21816,77.18171
397.35100,11.21822,77.18014
397.40000,11.21828,77.17860
397.45200,11.21834,77.17696
397.50000,11.21840,77.17545
397.55000,11.21846,77.17387
397.60100,11.21852,77.17227
397.65000,11.21858,77.17073
397.70100,11.21863,77.16912
397.75100,11.21869,77.16755
397.80000,11.21874,77.16601
397.85000,11.21880,77.16444
397.90200,11.21885,77.16280
397.95100,11.21890,77.16129
398.00000,11.21895,77.15972
398.05000,11.21900,77.15815
398.10200,11.21904,77.15652
398.15100,11.21908,77.15498
398.20000,11.21913,77.15344
398.25000,11.21918,77.15187
398.30000,11.21922,77.15030
398.35000,11.21927,77.14873
398.40000,11.21931,77.14716
398.45100,11.21935,77.14556
398.50000,11.21939,77.14402
398.55000,11.21943,77.14245
398.60000,11.21947,77.14088
398.65000,11.21950,77.13931
398.70100,11.21954,77.13771
398.75000,11.21957,77.13617
398.80000,11.21961,77.13461
398.85000,11.21964,77.13303
398.90100,11.21960,77.13144
398.95100,11.21957,77.12987
399.00000,11.21953,77.12833
399.05100,11.21950,77.12673
399.10000,11.21947,77.12519
399.15000,11.21944,77.12362
399.20000,11.21941,77.12206
399.25200,11.21938,77.12042
399.30100,11.21935,77.11888
399.35000,11.21933,77.11734
399.40000,11.21930,77.11578
399.45000,11.21928,77.11420
399.50100,11.21925,77.11260
399.55100,11.21923,77.11103
399.60000,11.21921,77.10950
399.65000,11.21919,77.10793
399.70000,11.21917,77.10635
399.75100,11.21915,77.10475
399.80100,11.21913,77.10318
399.85200,11.21911,77.10158
399.90000,11.21910,77.10007
399.95000,11.21908,77.09850
400.00200,11.21907,77.09687
400.05000,11.21905,77.09536
400.10200,11.21904,77.09373
400.15000,11.21903,77.09222
400.20100,11.21902,77.09064
400.25100,11.21901,77.08904
400.30000,11.21900,77.08751
400.35000,11.21899,77.08594
400.40100,11.21899,77.08434
400.45100,11.21898,77.08276
400.50000,11.21898,77.08122
400.55100,11.21897,77.07962
400.60100,11.21897,77.07805
400.65100,11.21897,77.07648
400.70000,11.21897,77.07494
400.75000,11.21897,77.07337
400.80200,11.21897,77.07174
400.85100,11.21898,77.07020
400.90000,11.21898,77.06866
400.95000,11.21899,77.06709
401.00000,11.21899,77.06552
401.05000,11.21900,77.06395
401.10000,11.21901,77.06238
401.15000,11.21903,77.06081
401.20000,11.21904,77.05923
401.25100,11.21906,77.05763
401.30000,11.21908,77.05610
401.35000,11.21909,77.05453
401.40000,11.21910,77.05296
401.45000,11.21912,77.05138
401.50100,11.21914,77.04979
401.55000,11.21916,77.04825
401.60000,11.21918,77.04668
401.65100,11.21921,77.04507
401.70000,11.21923,77.04354
401.75100,11.21925,77.04194
401.80000,11.21928,77.04041
401.85100,11.21931,77.03880
401.90100,11.21934,77.03723
401.95000,11.21936,77.03570
402.00200,11.21932,77.03407
402.05100,11.21927,77.03252
402.10000,11.21923,77.03099
402.15000,11.21918,77.02942
402.20100,11.21914,77.02782
402.25200,11.21909,77.02621
402.30000,11.21904,77.02471
402.35000,11.21899,77.02314
402.40000,11.21893,77.02157
402.45100,11.21888,77.01997
402.50100,11.21882,77.01840
402.55000,11.21877,77.01686
402.60000,11.21871,77.01529
402.65100,11.21865,77.01369
402.70100,11.21859,77.01212
402.75000,11.21852,77.01057
402.80100,11.21846,77.00897
402.85000,11.21839,77.00743
402.90000,11.21831,77.00586
402.95100,11.21824,77.00426
403.00100,11.21815,77.00269
403.05100,11.21807,77.00111
403.10100,11.21799,76.99953
403.15000,11.21790,76.99799
403.20000,11.21781,76.99642
403.25000,11.21772,76.99484
403.30100,11.21762,76.99324
403.35000,11.21753,76.99170
403.40000,11.21743,76.99012
403.45000,11.21733,76.98855
403.50000,11.21722,76.98697
403.55100,11.21710,76.98536
403.60000,11.21699,76.98382
403.65000,11.21687,76.98224
403.70000,11.21674,76.98066
403.75100,11.21661,76.97905
403.80100,11.21647,76.97747
403.85000,11.21632,76.97592
403.90000,11.21617,76.97434
403.95000,11.21601,76.97276
404.00100,11.21584,76.97115
404.05100,11.21566,76.96957
404.10000,11.21547,76.96802
404.15200,11.21527,76.96641
404.20000,11.21504,76.96485
404.25000,11.21481,76.96326
404.30000,11.21455,76.96169
404.35000,11.21427,76.96010
404.40100,11.21398,76.95847
404.45000,11.21367,76.95692
404.50000,11.21334,76.95533
404.55000,11.21297,76.95374
404.60000,11.21258,76.95214
404.65100,11.21215,76.95052
404.70000,11.21166,76.94895
404.75000,11.21112,76.94736
404.80100,11.21052,76.94572
404.85000,11.20985,76.94415
404.90000,11.20908,76.94254
404.95100,11.20819,76.94090
405.00000,11.20714,76.93932
405.05000,11.20591,76.93771
405.10000,11.20443,76.93608
405.15100,11.20262,76.93442
405.20000,11.20033,76.93281
405.25200,11.19738,76.93109
405.30000,11.19344,76.92950
405.35000,11.18792,76.92781
405.40100,11.50966,76.92735
405.45100,11.21281,76.92577
405.50100,11.19126,76.92409
405.55100,11.18028,76.92237
405.60200,11.18038,76.92062
405.65100,11.18186,76.91895
405.70100,11.18317,76.91724
405.75000,11.18436,76.91558
405.80000,11.18542,76.91388
405.85000,11.18649,76.91219
405.90000,11.18754,76.91050
405.95000,11.18852,76.90882
406.00000,11.18945,76.90714
406.05000,11.19033,76.90546
406.10000,11.19116,76.90379
406.15000,11.19194,76.90211
406.20100,11.19278,76.90042
406.25100,11.19356,76.89875
406.30000,11.19433,76.89713
406.35200,11.19509,76.89540
406.40400,11.19582,76.89368
406.45100,11.19651,76.89213
406.50000,11.19720,76.89051
406.55000,11.19793,76.88886
406.60100,11.19866,76.88718
406.65200,11.19938,76.88551
406.70300,11.20010,76.88384
406.75000,11.20082,76.88230
406.80000,11.20156,76.88067
406.85000,11.20228,76.87904
406.90100,11.20302,76.87738
406.95100,9.00000,76.85557
407.00200,11.15790,76.85366
407.05000,11.15857,76.85187
407.10100,11.15766,76.84996
407.15100,11.50756,76.84951
407.20100,11.19254,76.84785
407.25000,11.18274,76.84619
407.30000,11.17473,76.84438
407.35000,11.17615,76.84259
407.40000,11.17722,76.84080
407.45100,11.17824,76.83904
407.50000,11.17925,76.83736
407.55000,11.18031,76.83566
407.60000,11.18139,76.83395
407.65100,11.18245,76.83222
407.70100,11.18355,76.83053
407.75100,11.18466,76.82884
407.80000,11.18576,76.82719
407.85200,11.18690,76.82544
407.90000,9.00000,76.80364
407.95100,11.14276,76.80168
408.00000,11.14273,76.79980
408.05100,11.50571,76.79934
408.10100,11.17441,76.79755
408.15100,11.15938,76.79568
408.20000,11.15430,76.79385
408.25100,11.15778,76.79195
408.30200,11.16070,76.79006
408.35100,11.16348,76.78825
408.40000,11.16617,76.78646
408.45000,11.16878,76.78465
408.50100,11.17131,76.78284
408.55100,9.00000,76.76102
408.60000,11.16526,76.75924
408.65000,11.16736,76.75742
408.70000,11.16908,76.75561
408.75000,11.17041,76.75381
408.80200,11.17175,76.75193
408.85000,11.17311,76.75021
408.90000,11.17444,76.74849
408.95000,11.17579,76.74678
409.00000,11.17713,76.74508
409.05000,11.17846,76.74338
409.10000,11.17976,76.74168
409.15000,11.18104,76.73999
409.20000,11.18231,76.73830
409.25000,11.18358,76.73663
409.30000,11.18483,76.73495
409.35000,11.18606,76.73328
409.40000,11.18727,76.73161
409.45000,11.18846,76.72996
409.50000,11.50184,76.72950
409.55000,11.23403,76.72801
409.60000,11.23522,76.72653
409.65000,11.23632,76.72505
409.70000,11.23742,76.72358
409.75000,11.23849,76.72211
409.80000,11.23954,76.72064
409.85000,11.24058,76.71918
409.90000,11.24159,76.71772
409.95000,11.24259,76.71627
410.00000,11.24357,76.71481
410.05000,11.24454,76.71337
410.10000,11.24549,76.71192
410.15100,11.24642,76.71046
410.20000,11.24732,76.70905
410.25000,11.24822,76.70761
410.30000,11.24908,76.70618
410.35000,11.24993,76.70476
410.40000,11.25077,76.70333
410.45000,11.25159,76.70191
410.50000,11.25239,76.70049
410.55000,11.25317,76.69908
410.60000,11.25394,76.69767
410.65000,11.25469,76.69626
410.70100,11.25545,76.69482
410.75000,11.25587,76.69345
410.80000,11.25518,76.69205
410.85000,11.25451,76.69064
410.90000,11.25387,76.68922
410.95000,11.25323,76.68781
411.00000,11.25261,76.68639
411.05000,11.25200,76.68497
411.10000,11.25143,76.68356
411.15000,11.25086,76.68213
411.20100,11.25031,76.68067
411.25000,11.24978,76.67928
411.30000,11.24926,76.67785
411.35000,11.24876,76.67641
411.40000,11.24827,76.67498
411.45000,11.24780,76.67355
411.50000,11.24735,76.67211
411.55000,11.24691,76.67067
411.60000,11.24648,76.66924
411.65000,11.24607,76.66779
411.70000,11.24568,76.66634
411.75000,11.24531,76.66490
411.80000,11.24494,76.66346
411.85000,11.24459,76.66201
411.90000,11.24425,76.66056
411.95000,11.24393,76.65911
412.00000,11.24362,76.65766
412.05000,11.24333,76.65621
412.10000,11.24305,76.65475
412.15000,11.24278,76.65330
412.20000,11.24253,76.65185
412.25000,11.24229,76.65039
412.30000,11.24206,76.64893
412.35000,11.24185,76.64748
412.40000,11.24164,76.64602
412.45000,11.24145,76.64456
412.50000,11.24127,76.64310
412.55000,11.24111,76.64164
412.60000,9.00000,76.62077
412.65000,11.19607,76.61915
412.70000,11.19595,76.61752
412.75000,11.19576,76.61589
412.80000,11.19560,76.61427
412.85000,11.19547,76.61263
412.90000,11.19534,76.61101
412.95000,11.19523,76.60938
413.00000,11.01227,76.60695
413.05000,11.02542,76.60458
413.10000,11.02271,76.60219
413.15000,11.02298,76.59980
413.20000,11.02391,76.59742
413.25000,11.02540,76.59505
413.30000,11.02623,76.59268
413.35000,11.02794,76.59032
413.40000,11.02939,76.58796
413.45000,11.03104,76.58561
413.50000,11.03277,76.58327
413.55000,11.03512,76.58093
413.60000,11.03692,76.57861
413.65000,11.03893,76.57629
413.70100,11.04089,76.57393
413.75000,11.04307,76.57168
413.80000,11.04539,76.56938
413.85000,11.04687,76.56710
413.90000,11.05059,76.56483
413.95000,11.05309,76.56257
414.00000,11.49886,76.56212
414.05000,11.25099,76.56071
414.10000,11.25137,76.55930
414.15000,11.24884,76.55788
414.20000,11.24740,76.55645
414.25000,11.24646,76.55502
414.30000,11.24553,76.55359
414.35000,11.24460,76.55215
414.40000,11.24367,76.55071
414.45000,11.24275,76.54927
414.50000,11.24188,76.54783
414.55000,11.24106,76.54638
414.60100,11.24027,76.54489
414.65000,11.23953,76.54347
414.70000,11.23879,76.54201
414.75000,11.23807,76.54055
414.80000,11.23737,76.53909
414.85000,11.23669,76.53762
414.90000,11.23605,76.53616
414.95000,11.23545,76.53468
415.00000,11.23483,76.53321
415.05000,11.23426,76.53173
415.10000,11.23369,76.53026
415.15000,11.23268,76.52878
415.20000,11.23265,76.52729
415.25000,11.23211,76.52581
415.30000,11.23170,76.52432
415.35000,11.23130,76.52284
415.40000,11.23093,76.52135
415.45000,11.23057,76.51986
415.50000,11.23024,76.51837
415.55000,11.22992,76.51688
415.60000,11.22963,76.51539
415.65000,11.22935,76.51389
415.70000,11.22910,76.51240
415.75000,11.22886,76.51090
415.80000,11.22864,76.50941
415.85000,11.22844,76.50791
415.90000,11.22825,76.50642
415.95000,11.22809,76.50491
416.00000,11.22794,76.50342
416.05000,11.22780,76.50191
416.10000,11.22768,76.50042
416.15000,9.00000,76.47906
416.20000,11.07940,76.47692
416.25000,11.07823,76.47477
416.30000,11.07590,76.47260
416.35000,11.49701,76.47215
416.40000,11.23268,76.47068
416.45000,9.00000,76.44933
416.50000,11.07669,76.44717
416.55000,11.07499,76.44501
416.60000,11.49542,76.44456
416.65000,11.23125,76.44308
416.70000,11.22916,76.44160
416.75000,11.22789,76.44012
416.80000,11.22740,76.43863
416.85000,11.22709,76.43714
416.90000,11.22678,76.43565
416.95000,9.00000,76.41430
417.00000,11.49390,76.41385
417.05000,9.00000,76.39249
417.10000,11.49243,76.39204
417.15000,9.00000,76.37068
417.20000,11.49096,76.37023
417.25000,9.00000,76.34886
417.30000,11.48949,76.34841
417.35000,11.22655,76.34695
417.40000,11.22569,76.34547
417.45000,9.00000,76.32410
417.50000,11.48801,76.32365
417.55000,9.00000,76.30228
417.60000,11.06491,76.30012
417.65000,11.48649,76.29967
417.70000,11.22536,76.29820
417.75000,11.22366,76.29674
417.80000,11.22280,76.29527
417.85000,11.22241,76.29379
417.90000,11.22201,76.29232
417.95000,11.22163,76.29084
418.00000,11.22127,76.28936
418.05000,11.22093,76.28789
418.10000,11.22061,76.28641
418.15000,11.22031,76.28492
418.20000,11.22002,76.28344
418.25000,11.21975,76.28196
418.30000,9.00000,76.26060
418.35000,11.48499,76.26015
418.40000,11.22000,76.25868
418.45000,9.00000,76.23733
418.50000,11.06506,76.23518
418.55000,11.06344,76.23302
418.60000,11.06370,76.23086
418.65000,11.06417,76.22871
418.70000,11.48331,76.22826
418.75000,11.22063,76.22679
418.80000,11.21782,76.22531
418.85000,11.21597,76.22382
418.90000,11.21523,76.22234
418.95000,11.21488,76.22085
419.00000,11.21451,76.21935
419.05000,11.21416,76.21786
419.10000,11.21384,76.21637
419.15000,11.21353,76.21487
419.20000,11.21326,76.21338
419.25000,11.21300,76.21188
419.30000,11.21276,76.21038
419.35000,11.21253,76.20889
419.40000,11.21233,76.20738
419.45000,11.21215,76.20588
419.50000,11.21198,76.20438
419.55000,11.21183,76.20288
419.60000,9.00000,76.18156
419.65000,11.07126,76.17944
419.70000,11.06978,76.17731
419.75000,11.06929,76.17519
419.80000,11.48164,76.17474
419.85000,11.21416,76.17325
419.90000,11.21192,76.17175
419.95000,11.21067,76.17026
420.00000,11.20996,76.16875
420.05000,11.20950,76.16725
420.10000,11.20932,76.16575
420.15000,11.20915,76.16424
420.20000,11.20899,76.16273
420.25000,11.20884,76.16122
420.30000,11.20872,76.15972
420.35000,11.20861,76.15821
420.40100,11.20852,76.15668
420.45000,9.00000,76.13541
420.50000,11.07330,76.13330
420.55000,11.48008,76.13285
420.60000,9.00000,76.11153
420.65000,11.47861,76.11108
420.70000,11.21005,76.10960
420.75000,11.20886,76.10810
420.80100,11.20860,76.10658
420.85000,11.20847,76.10511
420.90000,9.00000,76.08379
420.95000,11.47714,76.08334
421.00000,11.20900,76.08186
421.05000,11.20841,76.08036
421.10000,9.00000,76.05904
421.15000,11.06548,76.05693
421.20000,11.06364,76.05480
421.25000,11.06386,76.05268
421.30000,11.47553,76.05223
421.35000,11.20949,76.05074
421.40000,11.20714,76.04926
421.45000,11.20578,76.04776
421.50000,11.20507,76.04626
421.55000,11.20486,76.04476
421.60000,11.20468,76.04327
421.65000,11.20450,76.04176
421.70000,11.20435,76.04027
421.75000,11.20421,76.03876
421.80000,11.20408,76.03726
421.85000,11.20398,76.03576
421.90000,11.20389,76.03426
421.95000,11.20381,76.03275
422.00000,9.00000,76.01145
422.05000,11.06833,76.00935
422.10000,11.06678,76.00725
422.15000,11.06556,76.00513
422.20000,11.47390,76.00468
422.25000,11.20599,76.00320
422.30000,11.20380,76.00170
422.35000,11.20240,76.00020
422.40000,11.20183,75.99870
422.45000,11.20172,75.99719
422.50000,11.20159,75.99569
422.55000,11.20148,75.99418
422.60000,11.20138,75.99268
422.65000,11.20130,75.99117
422.70000,11.20124,75.98966
422.75000,11.20119,75.98816
422.80000,11.20115,75.98665
422.85000,11.20113,75.98515
422.90000,11.20112,75.98363
422.95100,9.00000,75.96230
423.00000,11.06988,75.96026
423.05000,11.06821,75.95817
423.10000,11.06718,75.95607
423.15000,11.47225,75.95562
423.20000,11.20308,75.95412
423.25000,11.20082,75.95262
423.30000,11.19953,75.95112
423.35000,11.19904,75.94961
423.40000,11.19885,75.94810
423.45000,11.19864,75.94659
423.50100,11.19860,75.94505
423.55000,11.19858,75.94357
423.60000,11.19857,75.94206
423.65000,11.19858,75.94055
423.70000,11.19860,75.93904
423.75000,11.19864,75.93753
423.80000,11.19868,75.93602
423.85000,11.19875,75.93451
423.90000,11.19882,75.93300
423.95000,9.00000,75.91173
424.00000,11.07131,75.90965
424.05000,11.07038,75.90757
424.10000,11.06937,75.90549
424.15000,11.47061,75.90504
424.20000,11.19967,75.90354
424.25000,11.19712,75.90203
424.30000,11.19569,75.90051
424.35000,11.19513,75.89900
424.40000,11.19496,75.89748
424.45000,11.19500,75.89597
424.50000,11.19504,75.89445
424.55000,11.19509,75.89293
424.60000,11.19515,75.89141
424.65000,11.19523,75.88990
424.70000,11.19532,75.88838
424.75000,11.19542,75.88686
424.80000,11.19554,75.88535
424.85000,11.19567,75.88383
424.90000,11.19581,75.88232
424.95000,11.19596,75.88081
425.00000,9.00000,75.85955
425.05000,11.07231,75.85748
425.10000,11.07139,75.85542
425.15000,11.07127,75.85335
425.20000,11.46895,75.85290
425.25000,11.19724,75.85139
425.30000,11.19492,75.84988
425.35000,11.19352,75.84837
425.40000,11.19294,75.84685
425.45000,11.19307,75.84533
425.50000,11.19316,75.84381
425.55000,11.19327,75.84229
425.60000,11.19339,75.84077
425.65000,11.19355,75.83926
425.70000,11.19373,75.83775
425.75100,11.19395,75.83620
425.80000,11.19414,75.83472
425.85000,11.19438,75.83320
425.90000,11.19464,75.83169
425.95000,9.00000,75.81043
426.00000,11.07255,75.80838
426.05000,11.07153,75.80632
426.10000,11.07064,75.80425
426.15000,11.46729,75.80380
426.20000,11.19661,75.80231
426.25000,11.19446,75.80080
426.30100,11.19367,75.79926
426.35000,11.19374,75.79778
426.40000,11.19384,75.79626
426.45000,11.19399,75.79476
426.50000,11.19410,75.79325
426.55100,11.19423,75.79171
426.60000,11.19436,75.79024
426.65000,11.19451,75.78873
426.70000,11.19474,75.78722
426.75000,9.00000,75.76633
426.80000,11.15051,75.76466
426.85000,11.15074,75.76299
426.90000,11.06178,75.76090
426.95200,11.07232,75.75877
427.00200,11.14302,75.75707
427.05000,11.15381,75.75548
427.10000,11.15241,75.75382
427.15000,11.15234,75.75216
427.20000,11.15243,75.75050
427.25000,11.15251,75.74884
427.30000,11.15259,75.74718
427.35000,11.15267,75.74552
427.40000,11.15276,75.74386
427.45000,11.15286,75.74220
427.50000,11.15297,75.74054
427.55000,11.15308,75.73888
427.60000,11.15319,75.73723
427.65000,11.15332,75.73557
427.70000,11.15344,75.73392
427.75000,11.15361,75.73226
427.80000,11.15379,75.73061
427.85000,11.15398,75.72895
427.90000,11.15417,75.72729
427.95000,11.15436,75.72565
428.00000,11.15456,75.72399
428.05000,11.15477,75.72234
428.10000,11.15499,75.72070
428.15000,11.15521,75.71905
428.20000,11.15543,75.71740
428.25000,11.15567,75.71575
428.30000,11.15590,75.71410
428.35000,11.15614,75.71246
428.40000,11.15638,75.71082
428.45000,11.15663,75.70917
428.50000,11.15689,75.70753
428.55000,11.15714,75.70589
428.60000,11.15740,75.70425
428.65000,11.15766,75.70261
428.70000,11.15793,75.70097
428.75000,11.15819,75.69933
428.80000,11.15846,75.69770
428.85000,11.15873,75.69606
428.90000,11.15901,75.69443
428.95000,11.15928,75.69279
429.00100,11.15956,75.69113
429.05000,11.15984,75.68954
429.10000,11.16012,75.68790
429.15000,11.16040,75.68628
429.20000,11.16069,75.68465
429.25000,11.16098,75.68303
429.30100,11.16128,75.68137
429.35000,11.16158,75.67978
429.40000,11.16189,75.67815
429.45000,11.16217,75.67654
429.50000,11.16247,75.67492
429.55000,11.16278,75.67330
429.60000,11.16308,75.67168
429.65000,11.16341,75.67007
429.70000,11.16369,75.66845
429.75000,11.16401,75.66684
429.80100,11.16433,75.66519
429.85000,11.16465,75.66361
429.90000,11.16497,75.66200
429.95000,11.16528,75.66039
430.00000,11.16559,75.65879
430.05000,11.16590,75.65718
430.10000,11.16621,75.65558
430.15000,11.16651,75.65398
430.20000,11.16681,75.65237
430.25000,11.16710,75.65077
430.30000,11.16737,75.64917
430.35000,11.16763,75.64758
430.40000,11.16790,75.64597
430.45000,11.16815,75.64438
430.50000,11.16840,75.64278
430.55000,11.16866,75.64119
430.60000,11.16891,75.63960
430.65000,11.16915,75.63800
430.70000,11.16938,75.63641
430.75000,11.16961,75.63482
430.80000,11.16984,75.63322
430.85000,11.17006,75.63164
430.90000,11.17028,75.63005
430.95000,11.17050,75.62846
431.00000,11.17072,75.62688
431.05000,11.17095,75.62529
431.10000,11.17117,75.62370
431.15000,11.17139,75.62212
431.20000,11.17160,75.62054
431.25000,11.17181,75.61896
431.30000,11.17202,75.61737
431.35000,11.17223,75.61579
431.40000,11.17243,75.61421
431.45000,11.17263,75.61263
431.50000,11.17282,75.61105
431.55000,11.17301,75.60948
431.60000,11.17320,75.60790
431.65000,11.17339,75.60632
431.70000,11.17357,75.60475
431.75000,11.17374,75.60318
431.80000,11.17392,75.60160
431.85000,11.17409,75.60003
431.90100,11.17426,75.59843
431.95000,11.17442,75.59689
432.00000,11.17458,75.59531
432.05000,11.17474,75.59374
432.10000,11.17489,75.59218
432.15000,11.17503,75.59061
432.20000,11.17507,75.58904
432.25000,11.17491,75.58747
432.30000,11.17474,75.58590
432.35000,11.17458,75.58433
432.40000,11.17443,75.58276
432.45000,11.17427,75.58118
432.50000,11.17412,75.57961
432.55000,11.17398,75.57804
432.60000,11.17384,75.57647
432.65000,11.17371,75.57489
432.70000,10.98328,75.57249
432.75000,11.00480,75.57018
432.80000,10.99999,75.56785
432.85000,11.00054,75.56552
432.90000,11.00159,75.56319
432.95100,11.00107,75.56082
433.00100,11.00204,75.55849
433.05000,11.00030,75.55621
433.10000,11.00400,75.55390
433.15000,11.00488,75.55159
433.20000,11.01077,75.54930
433.25000,11.00683,75.54700
433.30000,11.00925,75.54471
433.35000,11.01130,75.54242
433.40000,11.46316,75.54197
433.45100,9.00000,75.52041
433.50000,11.01701,75.51820
433.55000,11.46161,75.51775
433.60000,11.20577,75.51631
433.65000,11.20289,75.51485
433.70000,11.20127,75.51340
433.75100,11.20049,75.51191
433.80000,11.19984,75.51047
433.85000,11.19919,75.50900
433.90000,11.19857,75.50754
433.95000,11.19798,75.50607
434.00000,11.19741,75.50459
434.05000,11.19686,75.50311
434.10000,11.19632,75.50163
434.15000,11.19580,75.50015
434.20000,11.19532,75.49867
434.25000,9.00000,75.47720
434.30000,11.46007,75.47675
434.35000,11.19474,75.47527
434.40000,11.19328,75.47379
434.45000,9.00000,75.45231
434.50000,11.45858,75.45186
434.55000,11.19297,75.45038
434.60000,11.19122,75.44889
434.65000,11.19041,75.44740
434.70000,11.19001,75.44592
434.75000,11.18960,75.44442
434.80000,11.18919,75.44293
434.85000,11.18880,75.44144
434.90000,11.18847,75.43994
434.95000,11.18815,75.43844
435.00000,9.00000,75.41701
435.05000,11.01852,75.41477
435.10000,11.02296,75.41256
435.15000,11.02490,75.41035
435.20000,11.02180,75.40813
435.25000,11.02560,75.40594
435.30000,11.45676,75.40549
435.35000,11.18672,75.40399
435.40000,11.18310,75.40248
435.45000,11.18049,75.40096
435.50000,11.17881,75.39943
435.55000,11.17738,75.39790
435.60000,11.17667,75.39637
435.65000,11.17634,75.39483
435.70000,11.17601,75.39330
435.75000,11.17570,75.39175
435.80000,11.17543,75.39022
435.85000,11.17517,75.38868
435.90000,11.17494,75.38714
435.95000,11.17474,75.38560
436.00000,11.17455,75.38406
436.05000,11.17439,75.38251
436.10000,11.17426,75.38097
436.15000,11.17414,75.37943
436.20000,9.00000,75.35804
436.25000,11.03122,75.35587
436.30000,11.45508,75.35542
436.35000,11.17677,75.35389
436.40000,9.00000,75.33251
436.45000,11.45359,75.33205
436.50000,9.00000,75.31067
436.55000,11.02418,75.30848
436.60000,11.02336,75.30629
436.65000,11.45201,75.30583
436.70000,11.17596,75.30431
436.75000,11.17346,75.30279
436.80000,11.17207,75.30125
436.85000,11.17156,75.29972
436.90000,9.00000,75.27832
436.95100,11.45051,75.27785
437.00000,11.17171,75.27636
437.05000,11.17037,75.27483
437.10000,11.17018,75.27328
437.15000,11.17000,75.27175
437.20000,9.00000,75.25039
437.25000,11.44901,75.24994
437.30000,9.00000,75.22855
437.35100,11.02145,75.22632
437.40000,11.02289,75.22419
437.45000,11.44743,75.22374
437.50000,9.00000,75.20235
437.55000,11.44596,75.20189
437.60000,11.16836,75.20037
437.65000,11.16652,75.19884
437.70000,11.16583,75.19730
437.75000,9.00000,75.17591
437.80000,11.44448,75.17546
437.85100,11.16633,75.17390
437.90000,9.00000,75.15255
437.95000,11.44300,75.15210
438.00000,11.16547,75.15058
438.05000,11.16424,75.14905
438.10000,11.16405,75.14752
438.15000,9.00000,75.12612
438.20000,11.01616,75.12395
438.25000,11.44147,75.12349
438.30000,11.16565,75.12198
438.35000,9.00000,75.10057
438.40000,11.02064,75.09842
438.45000,11.01263,75.09623
438.50000,11.43990,75.09578
438.55000,11.16461,75.09426
438.60000,9.00000,75.07288
438.65000,11.01692,75.07071
438.70000,11.43839,75.07026
438.75000,11.16018,75.06873
438.80000,11.15778,75.06720
438.85000,11.15639,75.06566
438.90000,11.15575,75.06411
438.95000,11.15545,75.06257
439.00000,11.15519,75.06102
439.05000,11.15493,75.05947
439.10000,11.15471,75.05792
439.15000,11.15453,75.05637
439.20000,9.00000,75.03500
439.25000,11.43688,75.03455
439.30000,9.00000,75.01318
439.35000,11.43542,75.01273
439.40000,9.00000,74.99134
439.45000,11.43396,74.99089
439.50000,11.15437,74.98936
439.55000,11.15277,74.98782
439.60000,11.15245,74.98628
439.65000,9.00000,74.96490
439.70000,11.01181,74.96274
439.75000,11.43244,74.96229
439.80000,9.00000,74.94090
439.85000,11.43099,74.94044
439.90000,11.15208,74.93892
439.95000,11.15070,74.93739
440.00000,11.15037,74.93584
440.05000,9.00000,74.91447
440.10000,11.00875,74.91232
440.15000,11.00887,74.91016
440.20000,11.00628,74.90798
440.25000,11.00476,74.90581
440.30000,11.00723,74.90364
440.35000,11.42929,74.90319
440.40000,11.15210,74.90167
440.45000,11.14902,74.90013
440.50000,11.14691,74.89859
440.55000,11.14558,74.89704
440.60000,11.14460,74.89549
440.65000,11.14369,74.89394
440.70000,11.14321,74.89238
440.75000,11.14294,74.89082
440.80000,11.14276,74.88926
440.85000,11.14259,74.88770
440.90000,11.14245,74.88614
440.95000,11.14234,74.88458
441.00000,11.14225,74.88302
441.05000,11.14218,74.88146
441.10000,11.14213,74.87990
441.15000,9.00000,74.85855
441.20000,11.01534,74.85642
441.25000,11.42775,74.85597
441.30100,9.00000,74.83456
441.35000,11.01368,74.83248
441.40000,11.01314,74.83035
441.45000,11.42620,74.82990
441.50000,9.00000,74.80854
441.55000,11.42475,74.80809
441.60000,11.14316,74.80655
441.65000,11.14124,74.80500
441.70000,11.14003,74.80345
441.75000,11.13875,74.80190
441.80000,11.13747,74.80033
441.85000,11.13619,74.79877
441.90000,11.13540,74.79720
441.95000,11.13523,74.79562
442.00000,11.13520,74.79405
442.05100,11.13520,74.79245
442.10000,11.13521,74.79092
442.15000,11.13525,74.78934
442.20000,9.00000,74.76802
442.25000,11.01601,74.76591
442.30100,11.01139,74.76374
442.35000,11.01189,74.76167
442.40000,11.01360,74.75955
442.45000,11.01224,74.75743
442.50000,11.42305,74.75697
442.55000,11.14023,74.75543
442.60000,11.13734,74.75388
442.65000,11.13550,74.75231
442.70000,11.13455,74.75075
442.75000,11.13430,74.74918
442.80000,11.13425,74.74761
442.85000,11.13420,74.74604
442.90000,11.13418,74.74448
442.95000,11.13419,74.74290
443.00000,11.13421,74.74134
443.05000,9.00000,74.72002
443.10000,11.42158,74.71957
443.15000,9.00000,74.69824
443.20000,11.42013,74.69779
443.25000,11.13471,74.69624
443.30000,9.00000,74.67490
443.35000,11.01021,74.67280
443.40000,11.00877,74.67068
443.45000,11.41859,74.67023
443.50000,9.00000,74.64889
443.55000,11.41714,74.64843
443.60000,11.13525,74.64689
443.65000,11.13332,74.64534
443.70000,11.13260,74.64379
443.75000,11.13250,74.64224
443.80000,9.00000,74.62090
443.85000,11.00572,74.61878
443.90000,11.00477,74.61666
443.95000,11.00471,74.61455
444.00100,11.41557,74.61408
444.05000,11.13520,74.61258
444.10000,11.13263,74.61103
444.15000,11.13113,74.60948
444.20000,11.13053,74.60793
444.25000,11.13044,74.60638
444.30000,11.13037,74.60482
444.35000,11.13031,74.60327
444.40000,11.13027,74.60172
444.45000,11.13026,74.60016
444.50000,9.00000,74.57883
444.55200,11.00807,74.57664
444.60000,11.00542,74.57462
444.65000,11.41405,74.57417
444.70000,11.13167,74.57262
444.75000,11.12958,74.57108
444.80000,11.12834,74.56952
444.85000,11.12721,74.56796
444.90000,11.12682,74.56640
444.95000,11.12686,74.56483
445.00000,11.12690,74.56328
445.05000,11.12695,74.56171
445.10000,11.12703,74.56015
445.15000,9.00000,74.53884
445.20000,11.00981,74.53675
445.25000,11.00775,74.53465
445.30000,11.00621,74.53255
445.35000,11.00484,74.53044
445.40000,11.41244,74.52999
445.45000,11.12981,74.52845
445.50000,11.12703,74.52689
445.55000,11.12520,74.52533
445.60000,11.12425,74.52377
445.65000,11.12377,74.52220
445.70000,11.12381,74.52063
445.75100,11.12385,74.51904
445.80000,11.12391,74.51750
445.85000,11.12399,74.51593
445.90000,11.12409,74.51437
445.95000,11.12421,74.51280
446.00000,11.12435,74.51124
446.05000,9.00000,74.48994
446.10000,11.01167,74.48786
446.15000,11.00899,74.48578
446.20000,11.00822,74.48369
446.25000,11.41088,74.48324
446.30000,11.12610,74.48168
446.35000,11.12354,74.48013
446.40000,11.12188,74.47855
446.45000,11.12101,74.47698
446.50000,11.12106,74.47541
446.55100,11.12120,74.47381
446.60000,11.12136,74.47227
446.65000,11.12154,74.47070
446.70000,11.12174,74.46913
446.75000,11.12195,74.46756
446.80000,9.00000,74.44627
446.85000,11.01297,74.44421
446.90000,11.01036,74.44214
446.95000,11.40935,74.44169
447.00000,11.12431,74.44013
447.05000,11.12235,74.43857
447.10000,11.12152,74.43700
447.15000,11.12151,74.43544
447.20000,11.12170,74.43388
447.25000,11.12191,74.43232
447.30000,9.00000,74.41103
447.35000,11.01015,74.40896
447.40100,11.00881,74.40685
447.45000,11.00687,74.40480
447.50000,11.00533,74.40272
447.55000,11.40775,74.40227
447.60000,11.12581,74.40073
447.65000,11.12303,74.39917
447.70200,11.12134,74.39755
447.75000,11.12056,74.39605
447.80000,11.12055,74.39449
447.85000,11.12072,74.39293
447.90100,11.12088,74.39133
447.95000,11.12104,74.38981
448.00000,11.12130,74.38825
448.05000,11.12150,74.38670
448.10000,11.12173,74.38514
448.15000,11.12194,74.38358
448.20000,9.00000,74.36229
448.25000,11.01073,74.36023
448.30000,11.00861,74.35816
448.35000,11.00713,74.35609
448.40000,11.40620,74.35564
448.45000,11.12378,74.35410
448.50000,11.12138,74.35255
448.55000,11.12024,74.35099
448.60000,11.12007,74.34943
448.65000,11.12023,74.34787
448.70000,11.12042,74.34632
448.75000,11.12061,74.34476
448.80000,11.12083,74.34321
448.85000,11.12106,74.34165
448.90000,11.12130,74.34010
448.95000,9.00000,74.31882
449.00000,11.01013,74.31676
449.05000,11.00810,74.31470
449.10000,11.00665,74.31263
449.15000,11.40465,74.31218
449.20000,11.12382,74.31064
449.25000,11.12172,74.30910
449.30100,11.12073,74.30752
449.35000,11.12055,74.30600
449.40000,11.12072,74.30445
449.45000,11.12091,74.30290
449.50000,11.12110,74.30135
449.55000,11.12132,74.29980
449.60000,11.12155,74.29826
449.65000,9.00000,74.27698
449.70000,11.00877,74.27492
449.75000,11.00621,74.27285
449.80000,11.40314,74.27240
449.85000,11.12412,74.27087
449.90000,11.12221,74.26933
449.95000,11.12129,74.26779
450.00000,11.12122,74.26625
450.05000,11.12140,74.26471
450.10000,11.12160,74.26317
450.15000,11.12179,74.26163
450.20000,9.00000,74.24035
450.25000,11.00651,74.23829
450.30000,11.00430,74.23622
450.35000,11.00272,74.23415
450.40000,11.00103,74.23207
450.45000,11.40156,74.23161
450.50000,11.12515,74.23009
450.55000,11.12266,74.22857
450.60000,11.12128,74.22703
450.65000,11.12089,74.22549
450.70000,11.12096,74.22396
450.75000,11.12103,74.22242
450.80000,11.12111,74.22089
450.85000,11.12124,74.21935
450.90000,11.12138,74.21782
450.95000,11.12153,74.21629
451.00000,11.12169,74.21475
451.05000,11.12187,74.21322
451.10000,11.12207,74.21169
451.15000,11.12227,74.21015
451.20000,9.00000,74.18887
451.25100,11.00571,74.18677
451.30000,11.00357,74.18475
451.35000,11.00168,74.18268
451.40000,11.40004,74.18223
451.45100,11.12468,74.18068
451.50000,11.12245,74.17918
451.55000,11.12133,74.17766
451.60000,11.12136,74.17612
451.65000,11.12145,74.17460
451.70000,11.12155,74.17307
451.75000,11.12166,74.17155
451.80000,11.12177,74.17001
451.85000,11.12186,74.16849
451.90000,11.12196,74.16696
451.95000,11.12208,74.16544
452.00000,9.00000,74.14415
452.05000,11.00487,74.14210
452.10000,11.00263,74.14004
452.15000,11.00079,74.13797
452.20000,11.39851,74.13752
452.25000,11.12464,74.13601
452.30000,11.12252,74.13449
452.35000,11.12117,74.13297
452.40000,11.12103,74.13144
452.45000,11.12106,74.12991
452.50000,11.12113,74.12839
452.55000,11.12119,74.12687
452.60000,11.12126,74.12534
452.65000,11.12134,74.12382
452.70000,11.12144,74.12230
452.75000,11.12155,74.12077
452.80000,11.12167,74.11926
452.85000,11.12180,74.11773
452.90000,11.12195,74.11621
452.95000,9.00000,74.09493
453.00000,11.00465,74.09288
453.05000,11.00151,74.09082
453.10000,11.00044,74.08876
453.15000,10.99863,74.08669
453.20000,11.39696,74.08624
453.25000,11.12649,74.08474
453.30000,11.12428,74.08324
453.35000,11.12290,74.08172
453.40000,11.12255,74.08021
453.45000,11.12257,74.07870
453.50000,11.12258,74.07719
453.55000,11.12261,74.07568
453.60000,11.12265,74.07416
453.65000,11.12271,74.07265
453.70000,11.12277,74.07114
453.75000,11.12285,74.06963
453.80100,11.12294,74.06808
453.85000,11.12304,74.06660
453.90000,11.12315,74.06509
453.95000,9.00000,74.04380
454.00000,11.00212,74.04175
454.05000,10.99978,74.03969
454.10000,11.39548,74.03924
454.15000,11.12505,74.03774
454.20000,11.12340,74.03624
454.25000,11.12267,74.03473
454.30000,11.12269,74.03323
454.35000,11.12275,74.03172
454.40000,11.12281,74.03021
454.45000,11.12288,74.02871
454.50000,11.12296,74.02720
454.55000,9.00000,74.00626
454.60000,11.07835,74.00459
454.65000,11.07847,74.00292
454.70000,11.07856,74.00125
454.75000,11.07866,73.99959
454.80000,11.07881,73.99792
454.85000,11.07897,73.99625
454.90000,10.99230,73.99416
454.95000,11.06941,73.99246
455.00000,10.99087,73.99037
455.05000,11.07081,73.98868
455.10100,11.08256,73.98699
455.15000,11.08176,73.98537
455.20000,11.08165,73.98371
455.25000,11.08176,73.98206
455.30000,11.08187,73.98039
455.35000,11.08200,73.97874
455.40000,11.08212,73.97709
455.45000,11.08227,73.97543
455.50000,11.08241,73.97378
455.55100,11.08257,73.97209
455.60000,11.08274,73.97047
455.65000,11.08292,73.96882
455.70000,11.08311,73.96717
455.75000,11.08330,73.96552
455.80000,11.08352,73.96387
455.85000,11.08373,73.96223
455.90000,11.08395,73.96058
455.95000,11.08419,73.95893
456.00000,11.08441,73.95728
456.05000,11.08465,73.95564
456.10000,11.08488,73.95399
456.15000,11.08512,73.95235
456.20000,11.08538,73.95071
456.25000,11.08564,73.94907
456.30000,11.08590,73.94743
456.35000,11.08618,73.94579
456.40000,11.08644,73.94415
456.45000,11.08671,73.94252
456.50000,11.08697,73.94088
456.55000,11.08724,73.93925
456.60000,11.08751,73.93761
456.65000,11.08778,73.93598
456.70000,11.08805,73.93435
456.75000,11.08832,73.93272
456.80100,11.08860,73.93106
456.85000,11.08888,73.92946
456.90000,11.08915,73.92783
456.95000,11.08942,73.92621
457.00000,11.08971,73.92458
457.05000,11.08999,73.92296
457.10000,11.09027,73.92134
457.15000,11.09056,73.91972
457.20000,11.09084,73.91810
457.25000,11.09113,73.91647
457.30000,11.09141,73.91486
457.35000,11.09170,73.91324
457.40000,11.09198,73.91163
457.45000,11.09227,73.91001
457.50000,11.09256,73.90840
457.55000,11.09282,73.90678
457.60000,11.09309,73.90517
457.65000,11.09337,73.90356
457.70000,11.09365,73.90195
457.75000,11.09393,73.90034
457.80000,11.09421,73.89874
457.85000,11.09449,73.89713
457.90000,11.09476,73.89553
457.95000,11.09504,73.89392
458.00000,11.09531,73.89232
458.05000,11.09558,73.89072
458.10000,11.09585,73.88911
458.15100,11.09612,73.88749
458.20000,11.09639,73.88592
458.25000,11.09665,73.88432
458.30000,11.09691,73.88273
458.35000,11.09717,73.88113
458.40100,11.09743,73.87950
458.45000,11.09768,73.87794
458.50000,11.09793,73.87635
458.55000,11.09818,73.87476
458.60000,11.09843,73.87317
458.65000,11.09868,73.87157
458.70000,11.09892,73.86999
458.75000,11.09915,73.86840
458.80000,11.09939,73.86681
458.85000,11.09962,73.86523
458.90000,11.09985,73.86364
458.95100,11.10008,73.86203
459.00000,11.10030,73.86047
459.05000,11.10052,73.85889
459.10000,11.10075,73.85731
459.15000,11.10097,73.85573
459.20000,11.10118,73.85415
459.25000,11.10140,73.85257
459.30000,11.10161,73.85099
459.35100,11.10181,73.84938
459.40000,11.10201,73.84784
459.45000,11.10220,73.84626
459.50000,11.10240,73.84469
459.55000,11.10258,73.84312
459.60100,11.10277,73.84151
459.65000,11.10296,73.83997
459.70000,11.10314,73.83839
459.75000,11.10332,73.83682
459.80000,11.10349,73.83525
459.85000,11.10366,73.83368
459.90000,11.10383,73.83212
459.95000,11.10400,73.83054
460.00000,11.10389,73.82897
460.05000,11.10371,73.82741
460.10000,11.10354,73.82584
460.15000,11.10337,73.82426
460.20000,11.10321,73.82269
460.25000,11.10306,73.82112
460.30000,11.10290,73.81955
460.35100,11.10275,73.81794
460.40100,11.10259,73.81637
460.45000,11.10245,73.81483
460.50000,11.10231,73.81325
460.55000,11.10219,73.81168
460.60000,11.10206,73.81010
460.65000,11.10194,73.80853
460.70000,11.10182,73.80695
460.75000,11.10170,73.80537
460.80000,11.10158,73.80379
460.85000,11.10147,73.80222
460.90000,11.10136,73.80064
460.95000,11.10126,73.79906
461.00000,11.10116,73.79748
461.05000,11.10106,73.79590
461.10000,11.10097,73.79432
461.15000,11.10087,73.79274
461.20000,11.10078,73.79116
461.25000,11.10069,73.78957
461.30000,11.10061,73.78799
461.35000,11.10052,73.78642
461.40000,11.10044,73.78484
461.45000,11.10036,73.78325
461.50000,11.10029,73.78167
461.55000,11.10023,73.78009
461.60000,11.10017,73.77850
461.65000,11.10011,73.77692
461.70000,11.10006,73.77534
461.75000,11.10000,73.77376
461.80000,11.09995,73.77217
461.85000,11.09991,73.77059
461.90000,11.09986,73.76900
461.95000,11.09982,73.76743
462.00100,11.09978,73.76581
462.05000,11.09975,73.76425
462.10000,11.09972,73.76267
462.15000,11.09968,73.76109
462.20000,11.09966,73.75951
462.25000,11.09963,73.75792
462.30000,11.09961,73.75633
462.35000,11.09959,73.75475
462.40000,11.09958,73.75317
462.45000,11.09957,73.75158
462.50000,11.09956,73.75000
462.55000,11.09954,73.74841
462.60000,11.09954,73.74683
462.65000,11.09954,73.74525
462.70000,11.09955,73.74366
462.75000,11.09955,73.74207
462.80100,11.09956,73.74049
462.85000,11.09957,73.73891
462.90000,11.09959,73.73733
462.95000,11.09960,73.73574
463.00000,11.09962,73.73415
463.05000,11.09964,73.73257
463.10000,11.09966,73.73099
463.15000,11.09968,73.72941
463.20000,11.09971,73.72782
463.25000,11.09974,73.72624
463.30000,11.09977,73.72466
463.35000,11.09980,73.72308
463.40000,11.09983,73.72150
463.45000,11.09986,73.71991
463.50000,11.09990,73.71833
463.55000,11.09993,73.71674
463.60000,11.09994,73.71516
463.65000,11.09996,73.71358
463.70000,11.09999,73.71200
463.75000,11.10000,73.71042
463.80000,11.10002,73.70884
463.85000,11.10004,73.70725
463.90000,11.10006,73.70567
463.95000,11.10008,73.70409
464.00000,11.10011,73.70251
464.05000,11.10013,73.70094
464.10000,11.10015,73.69935
464.15000,11.10018,73.69777
464.20000,11.10020,73.69619
464.25000,11.10023,73.69461
464.30000,11.10026,73.69303
464.35000,11.10028,73.69145
464.40000,11.10031,73.68987
464.45000,11.10034,73.68829
464.50000,11.10037,73.68671
464.55000,11.10040,73.68513
464.60000,11.10044,73.68355
464.65000,11.10047,73.68197
464.70000,11.10051,73.68039
464.75000,11.10054,73.67881
464.80000,11.10058,73.67724
464.85100,11.10061,73.67563
464.90000,11.10065,73.67408
464.95100,11.10068,73.67247
465.00000,11.10072,73.67092
465.05000,11.10076,73.66934
465.10000,11.10079,73.66777
465.15000,11.10083,73.66619
465.20000,11.10087,73.66461
465.25000,11.10091,73.66303
465.30000,11.10095,73.66146
465.35000,11.10099,73.65988
465.40000,11.10104,73.65830
465.45000,11.10108,73.65673
465.50000,11.10113,73.65515
465.55000,11.10118,73.65358
465.60000,11.10122,73.65200
465.65000,11.10127,73.65043
465.70000,11.10131,73.64885
465.75000,11.10136,73.64728
465.80000,11.10140,73.64571
465.85000,11.10145,73.64413
465.90000,11.10149,73.64256
465.95100,11.10153,73.64095
466.00000,11.10157,73.63940
466.05000,11.10161,73.63783
466.10000,11.10166,73.63626
466.15000,11.10170,73.63468
466.20000,11.10174,73.63311
466.25000,11.10178,73.63154
466.30000,11.10181,73.62997
466.35000,11.10185,73.62840
466.40000,11.10189,73.62682
466.45000,11.10194,73.62525
466.50000,11.10198,73.62368
466.55000,11.10202,73.62211
466.60000,11.10207,73.62054
466.65000,11.10211,73.61897
466.70000,11.10215,73.61739
466.75000,11.10218,73.61582
466.80000,11.10221,73.61425
466.85000,11.10224,73.61268
466.90000,11.10227,73.61111
466.95000,11.10230,73.60954
467.00000,11.10233,73.60797
467.05000,11.10236,73.60640
467.10000,11.10239,73.60483
467.15000,11.10242,73.60326
467.20000,11.10246,73.60169
467.25000,11.10249,73.60012
467.30000,11.10251,73.59855
467.35000,11.10254,73.59698
467.40000,11.10256,73.59541
467.45000,11.10259,73.59385
467.50000,11.10258,73.59228
467.55000,11.10253,73.59071
467.60000,11.10248,73.58914
467.65000,11.10242,73.58757
467.70000,11.10237,73.58600
467.75000,11.10231,73.58443
467.80000,11.10225,73.58286
467.85000,11.10219,73.58129
467.90000,11.10214,73.57972
467.95000,11.10209,73.57816
468.00000,11.10204,73.57658
468.05000,11.10200,73.57501
468.10000,11.10196,73.57344
468.15000,11.10193,73.57187
468.20000,11.10189,73.57030
468.25000,11.10185,73.56873
468.30000,11.10181,73.56715
468.35000,11.10177,73.56559
468.40000,11.10173,73.56402
468.45000,11.10169,73.56245
468.50000,11.10166,73.56087
468.55000,11.10162,73.55930
468.60000,11.10158,73.55773
468.65000,11.10154,73.55616
468.70000,11.10149,73.55459
468.75100,11.10144,73.55299
468.80000,11.10139,73.55145
468.85000,11.10133,73.54987
468.90000,11.10126,73.54830
468.95000,11.10118,73.54672
469.00000,11.10110,73.54515
469.05000,11.10102,73.54358
469.10000,11.10092,73.54201
469.15000,11.10082,73.54043
469.20000,11.10070,73.53886
469.25000,11.10058,73.53728
469.30000,11.10044,73.53571
469.35000,11.10028,73.53413
469.40000,11.10009,73.53255
469.45000,11.09989,73.53098
469.50000,11.09967,73.52940
469.55000,11.09942,73.52782
469.60000,11.09914,73.52625
469.65000,11.09883,73.52466
469.70000,11.09849,73.52308
469.75000,11.09811,73.52149
469.80000,11.09769,73.51991
469.85000,11.09722,73.51833
469.90000,11.09670,73.51673
469.95000,11.09612,73.51514
470.00000,11.09547,73.51355
470.05000,11.09475,73.51196
470.10000,11.09393,73.51035
470.15000,11.09301,73.50875
470.20000,11.09199,73.50715
470.25000,11.09084,73.50554
470.30000,11.08954,73.50392
470.35000,11.08810,73.50230
470.40000,11.08649,73.50067
470.45000,11.08469,73.49904
470.50000,11.08267,73.49740
470.55000,11.08038,73.49574
470.60000,11.07781,73.49409
470.65000,11.07501,73.49242
470.70000,11.07181,73.49073
470.75000,11.39212,73.49029
470.80000,11.11039,73.48875
470.85000,11.10579,73.48720
470.90000,11.10331,73.48563
470.95000,11.10167,73.48407
471.00000,11.09911,73.48249
471.05000,11.09505,73.48090
