time,x,y,yaw
0.00100,-8.00000,-5.99999,-0.00003
0.05100,-8.00000,-5.99999,-0.00003
0.10100,-8.00016,-5.99999,0.00535
0.15100,-7.99905,-5.99994,0.02289
0.20000,-7.99454,-5.99973,0.05114
0.25000,-7.98768,-5.99924,0.08972
0.30000,-7.97978,-5.99837,0.13335
0.35200,-7.97143,-5.99705,0.18147
0.40100,-7.96354,-5.99538,0.23567
0.45000,-7.95544,-5.99320,0.29218
0.50000,-7.94732,-5.99050,0.34969
0.55100,-7.93937,-5.98733,0.40728
0.60100,-7.93161,-5.98372,0.46505
0.65100,-7.92408,-5.97966,0.52279
0.70100,-7.91680,-5.97518,0.58065
0.75200,-7.90979,-5.97028,0.63861
0.80100,-7.90307,-5.96499,0.69664
0.85100,-7.89668,-5.95932,0.75478
0.90000,-7.89063,-5.95328,0.81301
0.95100,-7.88495,-5.94691,0.87128
1.00200,-7.87964,-5.94022,0.92957
1.05100,-7.87473,-5.93322,0.98783
1.10100,-7.86979,-5.92526,1.04267
1.15000,-7.86568,-5.91774,1.10032
1.20000,-7.86188,-5.90996,1.14239
1.25000,-7.85793,-5.90104,1.16811
1.30000,-7.85428,-5.89225,1.19377
1.35100,-7.85093,-5.88350,1.21946
1.40000,-7.84781,-5.87466,1.24455
1.45000,-7.84491,-5.86573,1.26908
1.50000,-7.84223,-5.85672,1.29305
1.55000,-7.83975,-5.84764,1.31647
1.60000,-7.83749,-5.83849,1.33933
1.65000,-7.83542,-5.82927,1.36165
1.70000,-7.83356,-5.82000,1.38341
1.75000,-7.83190,-5.81068,1.40463
1.80100,-7.83042,-5.80131,1.42530
1.85000,-7.82914,-5.79190,1.44543
1.90000,-7.82805,-5.78246,1.46502
1.95100,-7.82713,-5.77298,1.48407
2.00100,-7.82639,-5.76347,1.50260
2.05000,-7.82583,-5.75394,1.52059
2.10100,-7.82543,-5.74438,1.53805
2.15100,-7.82520,-5.73481,1.55500
2.20100,-7.82513,-5.72522,1.57142
2.25000,-7.82521,-5.71562,1.58733
2.30100,-7.82544,-5.70601,1.60273
2.35100,-7.82582,-5.69639,1.61763
2.40200,-7.82636,-5.68647,1.63224
2.45000,-7.82704,-5.67655,1.64624
2.50100,-7.82788,-5.66631,1.66006
2.55100,-7.82884,-5.65616,1.67308
2.60100,-7.82993,-5.64605,1.68597
2.65000,-7.83115,-5.63600,1.69871
2.70000,-7.83250,-5.62593,1.71067
2.75100,-7.83396,-5.61586,1.72190
2.80000,-7.83553,-5.60586,1.73277
2.85200,-7.83721,-5.59583,1.74318
2.90100,-7.83900,-5.58588,1.75331
2.95000,-7.84086,-5.57601,1.76333
3.00100,-7.84285,-5.56605,1.77234
3.05000,-7.84491,-5.55612,1.78070
3.10100,-7.84697,-5.54643,1.78845
3.15100,-7.84727,-5.54234,1.79777
3.20100,-7.84747,-5.54146,1.80477
3.25100,-7.84768,-5.54061,1.81124
3.30000,-7.84790,-5.53970,1.81762
3.35000,-7.84812,-5.53882,1.82345
3.40100,-7.84834,-5.53796,1.82886
3.45000,-7.84857,-5.53713,1.83380
3.50000,-7.84878,-5.53633,1.83871
3.55100,-7.84899,-5.53558,1.84348
3.60000,-7.84920,-5.53484,1.84784
3.65100,-7.84941,-5.53410,1.85180
3.70000,-7.84963,-5.53335,1.85538
3.75100,-7.84985,-5.53261,1.85857
3.80000,-7.85007,-5.53187,1.86138
3.85000,-7.85029,-5.53113,1.86384
3.90000,-7.85051,-5.53039,1.86594
3.95000,-7.85074,-5.52965,1.86769
4.00000,-7.85097,-5.52891,1.86910
4.05000,-7.85119,-5.52817,1.87019
4.10000,-7.85143,-5.52743,1.87091
4.15000,-7.85166,-5.52668,1.87132
4.20200,-7.85189,-5.52594,1.87147
4.25100,-7.85212,-5.52520,1.87135
4.30200,-7.85235,-5.52446,1.87106
4.35000,-7.85257,-5.52374,1.87046
4.40000,-7.85280,-5.52301,1.86975
4.45000,-7.85303,-5.52227,1.86896
4.50000,-7.85325,-5.52156,1.86768
4.55000,-7.85347,-5.52085,1.86639
4.60100,-7.85368,-5.52014,1.86470
4.65000,-7.85389,-5.51943,1.86279
4.70200,-7.85410,-5.51874,1.86061
4.75000,-7.85431,-5.51805,1.85806
4.80100,-7.85452,-5.51735,1.85545
4.85000,-7.85472,-5.51666,1.85281
4.90000,-7.85492,-5.51596,1.85006
4.95000,-7.85512,-5.51527,1.84712
5.00000,-7.85531,-5.51458,1.84385
5.05000,-7.85550,-5.51391,1.84029
5.10000,-7.85569,-5.51324,1.83666
5.15000,-7.85587,-5.51258,1.83295
5.20000,-7.85605,-5.51190,1.82912
5.25100,-7.85623,-5.51123,1.82523
5.30000,-7.85640,-5.51057,1.82111
5.35000,-7.85657,-5.50990,1.81692
5.40000,-7.85672,-5.50926,1.81253
5.45100,-7.85688,-5.50860,1.80806
5.50000,-7.85705,-5.50792,1.80344
5.55000,-7.85720,-5.50728,1.79875
5.60200,-7.85735,-5.50662,1.79400
5.65100,-7.85749,-5.50598,1.78920
5.70100,-7.85763,-5.50534,1.78415
5.75000,-7.85777,-5.50469,1.77911
5.80000,-7.85791,-5.50405,1.77401
5.85000,-7.85803,-5.50342,1.76865
5.90100,-7.85815,-5.50279,1.76321
5.95000,-7.85827,-5.50216,1.75776
6.00000,-7.85839,-5.50152,1.75231
6.05000,-7.85919,-5.49964,1.74788
6.10200,-7.86089,-5.49457,1.74317
6.15000,-7.86254,-5.48603,1.73737
6.20300,-7.86415,-5.47631,1.73157
6.25000,-7.86570,-5.46657,1.72565
6.30200,-7.86720,-5.45681,1.71972
6.35100,-7.86864,-5.44705,1.71373
6.40300,-7.87002,-5.43727,1.70769
6.45100,-7.87134,-5.42749,1.70163
6.50000,-7.87259,-5.41771,1.69550
6.55000,-7.87379,-5.40790,1.68947
6.60100,-7.87494,-5.39804,1.68367
6.65200,-7.87603,-5.38815,1.67795
6.70200,-7.87706,-5.37828,1.67201
6.75200,-7.87804,-5.36837,1.66626
6.80000,-7.87896,-5.35848,1.66052
6.85000,-7.87982,-5.34859,1.65471
6.90000,-7.88062,-5.33870,1.64889
6.95000,-7.88137,-5.32877,1.64308
7.00000,-7.88206,-5.31884,1.63727
7.05100,-7.88269,-5.30890,1.63148
7.10000,-7.88327,-5.29896,1.62562
7.15000,-7.88379,-5.28903,1.61977
7.20000,-7.88425,-5.27909,1.61368
7.25000,-7.88463,-5.26924,1.60744
7.30100,-7.88494,-5.25940,1.60119
7.35100,-7.88520,-5.24956,1.59497
7.40200,-7.88540,-5.23971,1.58878
7.45000,-7.88553,-5.22987,1.58261
7.50000,-7.88560,-5.22002,1.57647
7.55000,-7.88562,-5.21017,1.57036
7.60100,-7.88557,-5.20032,1.56428
7.65000,-7.88546,-5.19047,1.55824
7.70100,-7.88530,-5.18062,1.55223
7.75100,-7.88509,-5.17068,1.54632
7.80100,-7.88481,-5.16069,1.54056
7.85100,-7.88448,-5.15076,1.53480
7.90000,-7.88410,-5.14089,1.52899
7.95000,-7.88365,-5.13103,1.52320
8.00000,-7.88315,-5.12118,1.51746
8.05000,-7.88259,-5.11132,1.51176
8.10100,-7.88197,-5.10147,1.50610
8.15100,-7.88130,-5.09162,1.50054
8.20000,-7.88057,-5.08167,1.49478
8.25000,-7.87979,-5.07181,1.48917
8.30000,-7.87896,-5.06196,1.48367
8.35200,-7.87806,-5.05210,1.47818
8.40100,-7.87712,-5.04224,1.47271
8.45000,-7.87612,-5.03239,1.46744
8.50100,-7.87507,-5.02256,1.46222
8.55200,-7.87397,-5.01273,1.45702
8.60000,-7.87283,-5.00291,1.45193
8.65000,-7.87162,-4.99309,1.44693
8.70100,-7.87037,-4.98329,1.44203
8.75000,-7.86908,-4.97349,1.43721
8.80100,-7.86773,-4.96369,1.43237
8.85000,-7.86634,-4.95388,1.42760
8.90100,-7.86491,-4.94409,1.42289
8.95100,-7.86343,-4.93430,1.41826
9.00100,-7.86190,-4.92452,1.41372
9.05000,-7.86033,-4.91475,1.40924
9.10000,-7.85871,-4.90498,1.40483
9.15000,-7.85706,-4.89522,1.40046
9.20000,-7.85536,-4.88547,1.39617
9.25100,-7.85361,-4.87572,1.39196
9.30100,-7.85183,-4.86597,1.38780
9.35000,-7.85001,-4.85623,1.38372
9.40000,-7.84814,-4.84650,1.37972
9.45000,-7.84624,-4.83677,1.37580
9.50100,-7.84430,-4.82705,1.37193
9.55000,-7.84232,-4.81734,1.36824
9.60100,-7.84031,-4.80765,1.36461
9.65200,-7.83826,-4.79796,1.36108
9.70100,-7.83618,-4.78828,1.35755
9.75100,-7.83407,-4.77860,1.35410
9.80000,-7.83192,-4.76892,1.35070
9.85000,-7.82973,-4.75926,1.34741
9.90100,-7.82752,-4.74958,1.34409
9.95100,-7.82527,-4.73989,1.34074
10.00300,-7.82298,-4.73023,1.33751
10.05000,-7.82066,-4.72056,1.33431
10.10000,-7.81832,-4.71090,1.33121
10.15000,-7.81593,-4.70121,1.32818
10.20000,-7.81352,-4.69154,1.32511
10.25000,-7.81107,-4.68184,1.32217
10.30000,-7.80859,-4.67212,1.31934
10.35000,-7.80609,-4.66246,1.31659
10.40000,-7.80356,-4.65276,1.31387
10.45100,-7.80100,-4.64307,1.31126
10.50000,-7.79842,-4.63340,1.30873
10.55300,-7.79582,-4.62373,1.30614
10.60000,-7.79319,-4.61408,1.30366
10.65000,-7.79054,-4.60446,1.30122
10.70000,-7.78786,-4.59479,1.29881
10.75100,-7.78516,-4.58515,1.29648
10.80100,-7.78243,-4.57551,1.29418
10.85300,-7.77969,-4.56588,1.29202
10.90100,-7.77693,-4.55628,1.28985
10.95300,-7.77414,-4.54664,1.28773
11.00000,-7.77133,-4.53703,1.28577
11.05100,-7.76851,-4.52743,1.28382
11.10100,-7.76567,-4.51784,1.28188
11.15000,-7.76280,-4.50823,1.27992
11.20000,-7.75993,-4.49866,1.27803
11.25100,-7.75704,-4.48910,1.27619
11.30100,-7.75412,-4.47954,1.27440
11.35100,-7.75120,-4.46998,1.27265
11.40100,-7.74825,-4.46043,1.27094
11.45100,-7.74529,-4.45086,1.26928
11.50000,-7.74232,-4.44135,1.26770
11.55200,-7.73933,-4.43182,1.26623
11.60100,-7.73633,-4.42231,1.26471
11.65100,-7.73332,-4.41281,1.26323
11.70000,-7.73029,-4.40331,1.26177
11.75200,-7.72725,-4.39381,1.26038
11.80000,-7.72420,-4.38433,1.25899
11.85100,-7.72114,-4.37485,1.25769
11.90100,-7.71806,-4.36537,1.25639
11.95200,-7.71498,-4.35590,1.25523
12.00000,-7.71187,-4.34642,1.25398
12.05100,-7.70876,-4.33694,1.25276
12.10000,-7.70563,-4.32746,1.25157
12.15000,-7.70250,-4.31800,1.25041
12.20100,-7.69935,-4.30853,1.24929
12.25100,-7.69619,-4.29907,1.24819
12.30100,-7.69303,-4.28962,1.24712
12.35000,-7.68985,-4.28017,1.24608
12.40100,-7.68666,-4.27072,1.24508
12.45000,-7.68347,-4.26127,1.24410
12.50000,-7.68026,-4.25183,1.24314
12.55000,-7.67705,-4.24238,1.24222
12.60000,-7.67382,-4.23294,1.24132
12.65100,-7.67059,-4.22351,1.24044
12.70100,-7.66735,-4.21407,1.23953
12.75000,-7.66411,-4.20464,1.23865
12.80200,-7.66085,-4.19522,1.23780
12.85200,-7.65759,-4.18579,1.23699
12.90200,-7.65432,-4.17637,1.23625
12.95200,-7.65104,-4.16695,1.23553
13.00100,-7.64775,-4.15752,1.23483
13.05100,-7.64446,-4.14810,1.23411
13.10100,-7.64115,-4.13867,1.23343
13.15100,-7.63784,-4.12925,1.23279
13.20100,-7.63453,-4.11983,1.23216
13.25100,-7.63121,-4.11041,1.23153
13.30100,-7.62788,-4.10098,1.23093
13.35100,-7.62454,-4.09155,1.23034
13.40200,-7.62119,-4.08210,1.22978
13.45000,-7.61784,-4.07266,1.22922
13.50000,-7.61448,-4.06323,1.22869
13.55000,-7.61112,-4.05380,1.22816
13.60000,-7.60775,-4.04437,1.22765
13.65000,-7.60438,-4.03494,1.22715
13.70200,-7.60101,-4.02551,1.22667
13.75000,-7.59763,-4.01609,1.22620
13.80000,-7.59424,-4.00667,1.22574
13.85100,-7.59085,-3.99725,1.22529
13.90000,-7.58746,-3.98783,1.22485
13.95000,-7.58406,-3.97841,1.22443
14.00100,-7.58066,-3.96899,1.22401
14.05100,-7.57726,-3.95958,1.22360
14.10100,-7.57385,-3.95017,1.22321
14.15000,-7.57044,-3.94076,1.22282
14.20000,-7.56703,-3.93135,1.22244
14.25200,-7.56361,-3.92194,1.22206
14.30200,-7.56019,-3.91254,1.22170
14.35000,-7.55676,-3.90313,1.22134
14.40100,-7.55333,-3.89373,1.22100
14.45000,-7.54990,-3.88433,1.22065
14.50000,-7.54647,-3.87493,1.22032
14.55000,-7.54303,-3.86553,1.21998
14.60000,-7.53959,-3.85613,1.21969
14.65100,-7.53614,-3.84672,1.21941
14.70000,-7.53269,-3.83731,1.21912
14.75100,-7.52923,-3.82788,1.21881
14.80100,-7.52578,-3.81848,1.21851
14.85000,-7.52233,-3.80910,1.21823
14.90100,-7.51888,-3.79972,1.21797
14.95000,-7.51542,-3.79034,1.21771
15.00200,-7.51196,-3.78095,1.21749
15.05100,-7.50850,-3.77158,1.21735
15.10000,-7.50504,-3.76219,1.21720
15.15000,-7.50158,-3.75282,1.21699
15.20000,-7.49811,-3.74345,1.21676
15.25100,-7.49464,-3.73408,1.21653
15.30100,-7.49116,-3.72471,1.21633
15.35100,-7.48769,-3.71534,1.21613
15.40100,-7.48420,-3.70598,1.21590
15.45100,-7.48071,-3.69661,1.21568
15.50100,-7.47722,-3.68724,1.21549
15.55100,-7.47373,-3.67788,1.21529
15.60000,-7.47025,-3.66851,1.21518
15.65000,-7.46675,-3.65915,1.21499
15.70000,-7.46327,-3.64978,1.21489
15.75000,-7.45977,-3.64042,1.21472
15.80000,-7.45628,-3.63106,1.21459
15.85000,-7.45279,-3.62168,1.21461
15.90000,-7.44930,-3.61231,1.21452
15.95100,-7.44581,-3.60294,1.21457
16.00000,-7.44232,-3.59356,1.21461
16.05000,-7.43882,-3.58417,1.21464
16.10000,-7.43533,-3.57479,1.21468
16.15200,-7.43184,-3.56540,1.21472
16.20100,-7.42835,-3.55601,1.21476
16.25000,-7.42485,-3.54662,1.21481
16.30000,-7.42137,-3.53725,1.21473
16.35100,-7.41788,-3.52788,1.21465
16.40200,-7.41439,-3.51851,1.21455
16.45000,-7.41091,-3.50913,1.21446
16.50000,-7.40742,-3.49976,1.21437
16.55100,-7.40393,-3.49039,1.21426
16.60000,-7.40044,-3.48102,1.21420
16.65000,-7.39695,-3.47165,1.21415
16.70000,-7.39346,-3.46228,1.21413
16.75000,-7.38997,-3.45291,1.21412
16.80000,-7.38648,-3.44354,1.21411
16.85100,-7.38298,-3.43417,1.21409
16.90100,-7.37949,-3.42480,1.21411
16.95100,-7.37600,-3.41543,1.21411
17.00000,-7.37251,-3.40606,1.21414
17.05000,-7.36902,-3.39668,1.21417
17.10000,-7.36553,-3.38731,1.21421
17.15000,-7.36204,-3.37794,1.21425
17.20100,-7.35855,-3.36857,1.21431
17.25100,-7.35506,-3.35920,1.21437
17.30000,-7.35157,-3.34983,1.21443
17.35000,-7.34808,-3.34046,1.21449
17.40000,-7.34460,-3.33108,1.21458
17.45000,-7.34110,-3.32168,1.21468
17.50200,-7.33761,-3.31229,1.21477
17.55200,-7.33412,-3.30289,1.21492
17.60000,-7.33063,-3.29351,1.21502
17.65000,-7.32715,-3.28414,1.21510
17.70100,-7.32366,-3.27476,1.21521
17.75000,-7.32017,-3.26539,1.21534
17.80000,-7.31667,-3.25602,1.21547
17.85100,-7.31318,-3.24664,1.21561
17.90000,-7.30969,-3.23727,1.21575
17.95000,-7.30620,-3.22789,1.21587
18.00100,-7.30272,-3.21848,1.21600
18.05000,-7.29924,-3.20909,1.21613
18.10000,-7.29576,-3.19971,1.21634
18.15100,-7.29229,-3.19032,1.21655
18.20000,-7.28882,-3.18093,1.21680
18.25000,-7.28535,-3.17155,1.21705
18.30000,-7.28188,-3.16216,1.21738
18.35100,-7.27842,-3.15275,1.21773
18.40000,-7.27495,-3.14335,1.21807
18.45100,-7.27149,-3.13395,1.21842
18.50000,-7.26804,-3.12454,1.21876
18.55000,-7.26458,-3.11514,1.21910
18.60200,-7.26113,-3.10573,1.21944
18.65000,-7.25768,-3.09633,1.21978
18.70000,-7.25424,-3.08692,1.22011
18.75100,-7.25080,-3.07752,1.22045
18.80100,-7.24737,-3.06811,1.22078
18.85000,-7.24393,-3.05870,1.22111
18.90000,-7.24050,-3.04929,1.22143
18.95000,-7.23708,-3.03989,1.22175
19.00000,-7.23366,-3.03048,1.22207
19.05100,-7.23024,-3.02107,1.22239
19.10100,-7.22682,-3.01167,1.22270
19.15000,-7.22341,-3.00226,1.22300
19.20100,-7.22000,-2.99286,1.22331
19.25100,-7.21660,-2.98345,1.22361
19.30000,-7.21319,-2.97405,1.22390
19.35000,-7.20979,-2.96464,1.22419
19.40000,-7.20640,-2.95524,1.22426
19.45100,-7.20300,-2.94583,1.22425
19.50000,-7.19960,-2.93642,1.22424
19.55000,-7.19621,-2.92702,1.22423
19.60000,-7.19281,-2.91761,1.22424
19.65000,-7.18941,-2.90820,1.22418
19.70100,-7.18602,-2.89880,1.22409
19.75000,-7.18262,-2.88939,1.22402
19.80000,-7.17922,-2.87999,1.22395
19.85100,-7.17582,-2.87058,1.22388
19.90100,-7.17242,-2.86118,1.22381
19.95000,-7.16902,-2.85178,1.22373
20.00000,-7.16562,-2.84237,1.22362
20.05000,-7.16222,-2.83297,1.22350
20.10100,-7.15881,-2.82356,1.22336
20.15100,-7.15541,-2.81416,1.22324
20.20200,-7.15200,-2.80476,1.22310
20.25000,-7.14859,-2.79536,1.22295
20.30000,-7.14518,-2.78595,1.22280
20.35100,-7.14177,-2.77655,1.22263
20.40100,-7.13836,-2.76715,1.22245
20.45000,-7.13495,-2.75775,1.22226
20.50000,-7.13153,-2.74835,1.22208
20.55000,-7.12812,-2.73896,1.22188
20.60100,-7.12470,-2.72955,1.22165
20.65200,-7.12127,-2.72015,1.22138
20.70000,-7.11785,-2.71075,1.22110
20.75000,-7.11442,-2.70135,1.22085
20.80000,-7.11100,-2.69196,1.22057
20.85000,-7.10756,-2.68256,1.22032
20.90000,-7.10413,-2.67317,1.22009
20.95100,-7.10069,-2.66377,1.21982
21.00100,-7.09724,-2.65435,1.21954
21.05100,-7.09379,-2.64492,1.21925
21.10000,-7.09033,-2.63550,1.21894
21.15000,-7.08688,-2.62611,1.21858
21.20100,-7.08343,-2.61673,1.21829
21.25000,-7.07998,-2.60734,1.21799
21.30000,-7.07652,-2.59796,1.21777
21.35100,-7.07306,-2.58857,1.21750
21.40000,-7.06960,-2.57919,1.21716
21.45100,-7.06614,-2.56982,1.21679
21.50100,-7.06266,-2.56046,1.21637
21.55100,-7.05919,-2.55109,1.21593
21.60100,-7.05572,-2.54173,1.21562
21.65000,-7.05224,-2.53237,1.21514
21.70100,-7.04874,-2.52301,1.21468
21.75000,-7.04524,-2.51365,1.21422
21.80100,-7.04174,-2.50430,1.21376
21.85000,-7.03824,-2.49494,1.21336
21.90200,-7.03473,-2.48559,1.21293
21.95100,-7.03122,-2.47624,1.21245
22.00000,-7.02771,-2.46689,1.21201
22.05000,-7.02421,-2.45754,1.21159
22.10200,-7.02069,-2.44819,1.21116
22.15100,-7.01717,-2.43882,1.21081
22.20000,-7.01365,-2.42947,1.21037
22.25100,-7.01012,-2.42013,1.20989
22.30000,-7.00659,-2.41078,1.20941
22.35000,-7.00306,-2.40144,1.20893
22.40000,-6.99952,-2.39210,1.20845
22.45000,-6.99598,-2.38275,1.20802
22.50000,-6.99242,-2.37341,1.20748
22.55100,-6.98887,-2.36406,1.20695
22.60100,-6.98531,-2.35471,1.20643
22.65000,-6.98174,-2.34537,1.20591
22.70100,-6.97817,-2.33603,1.20540
22.75000,-6.97459,-2.32669,1.20493
22.80000,-6.97101,-2.31735,1.20449
22.85000,-6.96743,-2.30802,1.20405
22.90100,-6.96384,-2.29868,1.20364
22.95000,-6.96025,-2.28935,1.20324
23.00100,-6.95666,-2.28002,1.20285
23.05100,-6.95306,-2.27069,1.20247
23.10100,-6.94946,-2.26137,1.20210
23.15000,-6.94585,-2.25204,1.20174
23.20000,-6.94225,-2.24271,1.20140
23.25100,-6.93863,-2.23339,1.20106
23.30000,-6.93502,-2.22407,1.20074
23.35000,-6.93140,-2.21474,1.20038
23.40100,-6.92778,-2.20542,1.20001
23.45000,-6.92415,-2.19609,1.19971
23.50000,-6.92053,-2.18677,1.19944
23.55000,-6.91690,-2.17745,1.19918
23.60000,-6.91327,-2.16814,1.19892
23.65200,-6.90963,-2.15882,1.19874
23.70200,-6.90600,-2.14950,1.19854
23.75100,-6.90236,-2.14018,1.19830
23.80000,-6.89872,-2.13086,1.19810
23.85000,-6.89508,-2.12155,1.19789
23.90000,-6.89143,-2.11222,1.19769
23.95000,-6.88779,-2.10291,1.19756
24.00100,-6.88414,-2.09360,1.19744
24.05000,-6.88049,-2.08428,1.19738
24.10100,-6.87685,-2.07497,1.19733
24.15000,-6.87320,-2.06566,1.19733
24.20000,-6.86955,-2.05635,1.19744
24.25000,-6.86590,-2.04703,1.19758
24.30000,-6.86226,-2.03772,1.19779
24.35100,-6.85861,-2.02841,1.19804
24.40000,-6.85497,-2.01908,1.19835
24.45000,-6.85132,-2.00975,1.19849
24.50000,-6.84767,-2.00039,1.19864
24.55000,-6.84403,-1.99108,1.19854
24.60200,-6.84040,-1.98177,1.19829
24.65200,-6.83676,-1.97246,1.19788
24.70100,-6.83311,-1.96316,1.19697
24.75100,-6.82947,-1.95389,1.19569
24.80100,-6.82581,-1.94462,1.19409
24.85000,-6.82214,-1.93537,1.19198
24.90000,-6.81846,-1.92615,1.18942
24.95100,-6.81475,-1.91695,1.18640
25.00000,-6.81102,-1.90777,1.18286
25.05000,-6.80726,-1.89862,1.17878
25.10200,-6.80346,-1.88949,1.17419
25.15100,-6.79962,-1.88040,1.16912
25.20100,-6.79574,-1.87133,1.16351
25.25100,-6.79181,-1.86230,1.15756
25.30000,-6.78782,-1.85327,1.15146
25.35100,-6.78378,-1.84427,1.14552
25.40100,-6.77968,-1.83528,1.13985
25.45000,-6.77553,-1.82632,1.13452
25.50000,-6.77132,-1.81735,1.12961
25.55000,-6.76706,-1.80840,1.12528
25.60000,-6.76277,-1.79946,1.12152
25.65000,-6.75844,-1.79051,1.11835
25.70000,-6.75407,-1.78156,1.11547
25.75000,-6.74968,-1.77261,1.11321
25.80400,-6.74525,-1.76364,1.11137
25.85000,-6.74081,-1.75468,1.11012
25.90100,-6.73636,-1.74572,1.10956
25.95000,-6.73191,-1.73677,1.10950
26.00100,-6.72746,-1.72781,1.11003
26.05100,-6.72301,-1.71884,1.11112
26.10000,-6.71858,-1.70986,1.11261
26.15000,-6.71415,-1.70087,1.11454
26.20100,-6.70975,-1.69186,1.11699
26.25100,-6.70536,-1.68282,1.11996
26.30100,-6.70102,-1.67380,1.12333
26.35000,-6.69675,-1.66486,1.12721
26.40000,-6.69252,-1.65592,1.13151
26.45000,-6.68834,-1.64697,1.13618
26.50000,-6.68421,-1.63801,1.14122
26.55000,-6.68012,-1.62903,1.14664
26.60000,-6.67609,-1.62004,1.15238
26.65000,-6.67212,-1.61102,1.15822
26.70000,-6.66817,-1.60194,1.16379
26.75200,-6.66425,-1.59276,1.16902
26.80000,-6.66037,-1.58355,1.17439
26.85000,-6.65653,-1.57431,1.18035
26.90200,-6.65275,-1.56504,1.18660
26.95100,-6.64902,-1.55570,1.19339
27.00100,-6.64536,-1.54638,1.20055
27.05000,-6.64181,-1.53710,1.20801
27.10200,-6.63831,-1.52778,1.21505
27.15000,-6.63487,-1.51840,1.22216
27.20000,-6.63149,-1.50900,1.22947
27.25000,-6.62819,-1.49958,1.23702
27.30000,-6.62495,-1.49013,1.24474
27.35000,-6.62178,-1.48062,1.25284
27.40000,-6.61867,-1.47103,1.26129
27.45100,-6.61562,-1.46133,1.27036
27.50200,-6.61265,-1.45159,1.27953
27.55000,-6.60979,-1.44190,1.28836
27.60200,-6.60700,-1.43209,1.29761
27.65000,-6.60429,-1.42224,1.30688
27.70000,-6.60168,-1.41242,1.31589
27.75000,-6.59915,-1.40251,1.32529
27.80000,-6.59671,-1.39259,1.33476
27.85000,-6.59436,-1.38262,1.34447
27.90000,-6.59211,-1.37263,1.35422
27.95000,-6.58996,-1.36262,1.36408
28.00000,-6.58790,-1.35258,1.37406
28.05200,-6.58595,-1.34252,1.38404
28.10100,-6.58409,-1.33244,1.39410
28.15000,-6.58234,-1.32234,1.40420
28.20100,-6.58069,-1.31222,1.41434
28.25100,-6.57914,-1.30212,1.42442
28.30000,-6.57770,-1.29197,1.43462
28.35000,-6.57637,-1.28182,1.44468
28.40000,-6.57513,-1.27167,1.45470
28.45000,-6.57400,-1.26148,1.46484
28.50200,-6.57297,-1.25132,1.47483
28.55100,-6.57206,-1.24133,1.48403
28.60200,-6.57124,-1.23134,1.49318
28.65100,-6.57051,-1.22134,1.50229
28.70000,-6.56987,-1.21138,1.51124
28.75000,-6.56932,-1.20141,1.52020
28.80000,-6.56887,-1.19144,1.52914
28.85000,-6.56850,-1.18146,1.53803
28.90000,-6.56822,-1.17148,1.54685
28.95000,-6.56802,-1.16149,1.55561
29.00000,-6.56792,-1.15151,1.56435
29.05000,-6.56790,-1.14152,1.57308
29.10100,-6.56797,-1.13154,1.58179
29.15000,-6.56812,-1.12155,1.59048
29.20100,-6.56836,-1.11157,1.59915
29.25100,-6.56869,-1.10159,1.60779
29.30000,-6.56910,-1.09161,1.61640
29.35000,-6.56961,-1.08164,1.62497
29.40000,-6.57019,-1.07167,1.63351
29.45100,-6.57086,-1.06171,1.64202
29.50000,-6.57161,-1.05175,1.65048
29.55200,-6.57245,-1.04180,1.65890
29.60200,-6.57338,-1.03186,1.66728
29.65200,-6.57438,-1.02192,1.67561
29.70000,-6.57547,-1.01200,1.68386
29.75000,-6.57664,-1.00208,1.69203
29.80100,-6.57789,-0.99217,1.70009
29.85100,-6.57921,-0.98228,1.70808
29.90200,-6.58062,-0.97239,1.71601
29.95000,-6.58211,-0.96252,1.72390
30.00100,-6.58367,-0.95265,1.73172
30.05100,-6.58531,-0.94278,1.74005
30.10000,-6.58704,-0.93283,1.74899
30.15000,-6.58886,-0.92297,1.75828
30.20100,-6.59077,-0.91310,1.76742
30.25100,-6.59278,-0.90324,1.77614
30.30000,-6.59487,-0.89335,1.78498
30.35100,-6.59705,-0.88351,1.79364
30.40100,-6.59931,-0.87370,1.80254
30.45000,-6.60169,-0.86379,1.81075
30.50000,-6.60413,-0.85392,1.81875
30.55100,-6.60665,-0.84408,1.82658
30.60000,-6.60925,-0.83425,1.83420
30.65300,-6.61192,-0.82447,1.84177
30.70200,-6.61466,-0.81476,1.84923
30.75000,-6.61745,-0.80510,1.85675
30.80200,-6.62036,-0.79534,1.86355
30.85000,-6.62332,-0.78561,1.87024
30.90000,-6.62633,-0.77595,1.87679
30.95000,-6.62938,-0.76637,1.88339
31.00000,-6.63250,-0.75679,1.88921
31.05100,-6.63567,-0.74727,1.89522
31.10000,-6.63892,-0.73768,1.90118
31.15000,-6.64223,-0.72812,1.90696
31.20100,-6.64556,-0.71864,1.91305
31.25200,-6.64896,-0.70916,1.91840
31.30000,-6.65241,-0.69971,1.92359
31.35000,-6.65590,-0.69031,1.92858
31.40000,-6.65944,-0.68090,1.93353
31.45100,-6.66302,-0.67152,1.93819
31.50100,-6.66666,-0.66214,1.94293
31.55000,-6.67033,-0.65280,1.94725
31.60200,-6.67403,-0.64348,1.95142
31.65200,-6.67777,-0.63419,1.95538
31.70100,-6.68154,-0.62491,1.95919
31.75100,-6.68534,-0.61565,1.96281
31.80000,-6.68919,-0.60640,1.96628
31.85000,-6.69307,-0.59716,1.96968
31.90100,-6.69697,-0.58794,1.97305
31.95100,-6.70090,-0.57873,1.97641
32.00100,-6.70487,-0.56954,1.97977
32.05000,-6.70887,-0.56036,1.98308
32.10100,-6.71289,-0.55119,1.98623
32.15000,-6.71695,-0.54205,1.98925
32.20000,-6.72102,-0.53292,1.99207
32.25000,-6.72512,-0.52380,1.99470
32.30100,-6.72925,-0.51468,1.99718
32.35000,-6.73340,-0.50557,1.99955
32.40000,-6.73758,-0.49646,2.00167
32.45100,-6.74177,-0.48737,2.00366
32.50000,-6.74598,-0.47828,2.00542
32.55000,-6.75021,-0.46920,2.00707
32.60000,-6.75446,-0.46012,2.00876
32.65100,-6.75872,-0.45104,2.01050
32.70000,-6.76299,-0.44199,2.01220
32.75100,-6.76727,-0.43295,2.01377
32.80000,-6.77157,-0.42390,2.01530
32.85000,-6.77589,-0.41485,2.01678
32.90000,-6.78022,-0.40582,2.01827
32.95100,-6.78456,-0.39679,2.01949
33.00100,-6.78891,-0.38777,2.02051
33.05100,-6.79326,-0.37875,2.02135
33.10000,-6.79762,-0.36975,2.02206
33.15000,-6.80198,-0.36075,2.02257
33.20000,-6.80635,-0.35176,2.02285
33.25000,-6.81072,-0.34276,2.02292
33.30000,-6.81509,-0.33377,2.02309
33.35100,-6.81946,-0.32477,2.02346
33.40000,-6.82384,-0.31578,2.02402
33.45000,-6.82822,-0.30679,2.02477
33.50000,-6.83261,-0.29781,2.02559
33.55100,-6.83700,-0.28883,2.02635
33.60000,-6.84141,-0.27985,2.02707
33.65200,-6.84581,-0.27087,2.02772
33.70300,-6.85023,-0.26190,2.02825
33.75000,-6.85465,-0.25293,2.02861
33.80200,-6.85907,-0.24396,2.02881
33.85000,-6.86349,-0.23499,2.02885
33.90100,-6.86791,-0.22602,2.02872
33.95100,-6.87233,-0.21705,2.02844
34.00000,-6.87675,-0.20808,2.02799
34.05000,-6.88116,-0.19910,2.02740
34.10000,-6.88557,-0.19013,2.02664
34.15000,-6.88996,-0.18115,2.02575
34.20000,-6.89435,-0.17216,2.02505
34.25100,-6.89874,-0.16317,2.02469
34.30100,-6.90313,-0.15418,2.02467
34.35000,-6.90751,-0.14520,2.02489
34.40100,-6.91190,-0.13620,2.02536
34.45100,-6.91629,-0.12720,2.02585
34.50100,-6.92067,-0.11820,2.02634
34.55000,-6.92507,-0.10921,2.02681
34.60100,-6.92947,-0.10022,2.02724
34.65100,-6.93387,-0.09123,2.02759
34.70000,-6.93827,-0.08225,2.02787
34.75000,-6.94268,-0.07327,2.02806
34.80000,-6.94708,-0.06429,2.02816
34.85000,-6.95149,-0.05530,2.02845
34.90000,-6.95591,-0.04632,2.02908
34.95000,-6.96033,-0.03733,2.03003
35.00000,-6.96477,-0.02833,2.03129
35.05100,-6.96923,-0.01934,2.03277
35.10000,-6.97369,-0.01036,2.03421
35.15000,-6.97817,-0.00138,2.03560
35.20000,-6.98266,0.00759,2.03693
35.25000,-6.98716,0.01655,2.03820
35.30100,-6.99157,0.02529,2.03292
35.35000,-6.99606,0.03407,2.01678
35.40100,-7.00016,0.04260,1.98458
35.45000,-7.00377,0.05135,1.94319
35.50000,-7.00695,0.06013,1.89712
35.55100,-7.00995,0.06965,1.85403
35.60000,-7.01252,0.07929,1.81062
35.65000,-7.01457,0.08857,1.76653
35.70000,-7.01608,0.09729,1.72023
35.75000,-7.01715,0.10584,1.69037
35.80000,-7.01821,0.11505,1.68643
35.85100,-7.01937,0.12496,1.68868
35.90100,-7.02056,0.13482,1.69130
35.95000,-7.02176,0.14467,1.69418
36.00000,-7.02300,0.15452,1.69725
36.05000,-7.02427,0.16435,1.70056
36.10100,-7.02557,0.17417,1.70427
36.15100,-7.02690,0.18397,1.70832
36.20200,-7.02829,0.19383,1.71224
36.25000,-7.02972,0.20371,1.71615
36.30000,-7.03119,0.21363,1.72092
36.35000,-7.03271,0.22354,1.72610
36.40000,-7.03428,0.23347,1.73124
36.45100,-7.03590,0.24337,1.73678
36.50000,-7.03758,0.25325,1.74277
36.55000,-7.03932,0.26313,1.74883
36.60000,-7.04113,0.27302,1.75507
36.65000,-7.04300,0.28291,1.76133
36.70000,-7.04493,0.29280,1.76767
36.75100,-7.04695,0.30277,1.77400
36.80100,-7.04904,0.31273,1.78043
36.85100,-7.05119,0.32267,1.78697
36.90000,-7.05340,0.33260,1.79355
36.95000,-7.05568,0.34252,1.80027
37.00000,-7.05802,0.35242,1.80709
37.05000,-7.06044,0.36231,1.81399
37.10000,-7.06292,0.37219,1.82092
37.15200,-7.06547,0.38205,1.82800
37.20100,-7.06808,0.39184,1.83502
37.25000,-7.07075,0.40161,1.84218
37.30000,-7.07349,0.41130,1.84900
37.35100,-7.07629,0.42103,1.85618
37.40000,-7.07920,0.43080,1.86356
37.45000,-7.08214,0.44050,1.87076
37.50100,-7.08516,0.45017,1.87798
37.55000,-7.08825,0.45984,1.88522
37.60000,-7.09141,0.46943,1.89225
37.65100,-7.09463,0.47898,1.89921
37.70000,-7.09790,0.48850,1.90611
37.75100,-7.10124,0.49797,1.91306
37.80100,-7.10463,0.50740,1.91991
37.85100,-7.10809,0.51680,1.92673
37.90000,-7.11160,0.52615,1.93330
37.95100,-7.11518,0.53547,1.93990
38.00100,-7.11881,0.54477,1.94649
38.05000,-7.12251,0.55405,1.95308
38.10100,-7.12626,0.56330,1.95967
38.15100,-7.13008,0.57252,1.96627
38.20000,-7.13396,0.58172,1.97285
38.25000,-7.13790,0.59090,1.97942
38.30100,-7.14190,0.60005,1.98598
38.35000,-7.14596,0.60917,1.99252
38.40100,-7.15008,0.61827,1.99905
38.45100,-7.15425,0.62734,2.00554
38.50300,-7.15849,0.63638,2.01201
38.55000,-7.16278,0.64539,2.01845
38.60000,-7.16714,0.65438,2.02484
38.65000,-7.17155,0.66334,2.03119
38.70000,-7.17601,0.67227,2.03750
38.75100,-7.18053,0.68117,2.04374
38.80100,-7.18511,0.69005,2.04993
38.85200,-7.18974,0.69889,2.05606
38.90000,-7.19443,0.70771,2.06212
38.95000,-7.19918,0.71653,2.06827
39.00000,-7.20405,0.72542,2.07489
39.05000,-7.20898,0.73431,2.08156
39.10000,-7.21394,0.74310,2.08791
39.15000,-7.21893,0.75182,2.09426
39.20000,-7.22402,0.76057,2.10062
39.25000,-7.22912,0.76922,2.10708
39.30000,-7.23431,0.77789,2.11339
39.35000,-7.23953,0.78650,2.12002
39.40000,-7.24482,0.79509,2.12681
39.45000,-7.25018,0.80366,2.13322
39.50000,-7.25559,0.81219,2.13922
39.55000,-7.26102,0.82063,2.14536
39.60000,-7.26653,0.82910,2.15126
39.65100,-7.27211,0.83755,2.15707
39.70000,-7.27773,0.84596,2.16279
39.75100,-7.28335,0.85428,2.16870
39.80100,-7.28901,0.86253,2.17477
39.85100,-7.29471,0.87074,2.18078
39.90000,-7.30046,0.87892,2.18675
39.95000,-7.30627,0.88707,2.19271
40.00000,-7.31212,0.89518,2.19870
40.05100,-7.31801,0.90325,2.20476
40.10000,-7.32396,0.91129,2.21104
40.15000,-7.32998,0.91933,2.21755
40.20100,-7.33608,0.92735,2.22472
40.25000,-7.34221,0.93529,2.23218
40.30000,-7.34831,0.94306,2.24078
40.35000,-7.35449,0.95078,2.25040
40.40000,-7.36067,0.95834,2.26078
40.45000,-7.36703,0.96597,2.27102
40.50000,-7.37334,0.97337,2.28296
40.55000,-7.37971,0.98065,2.29588
40.60000,-7.38617,0.98784,2.30958
40.65100,-7.39271,0.99492,2.32401
40.70000,-7.39934,1.00189,2.33911
40.75100,-7.40602,1.00881,2.35422
40.80100,-7.40841,1.01137,2.36893
40.85100,-7.40869,1.01165,2.38563
40.90000,-7.40878,1.01173,2.40181
40.95000,-7.40857,1.01155,2.41839
41.00100,-7.41039,1.01315,2.43396
41.05000,-7.41714,1.01887,2.44769
41.10100,-7.42457,1.02496,2.46356
41.15000,-7.43209,1.03092,2.47961
41.20000,-7.43971,1.03676,2.49563
41.25000,-7.44742,1.04248,2.51154
41.30100,-7.45523,1.04807,2.52730
41.35100,-7.46312,1.05355,2.54299
41.40000,-7.47110,1.05890,2.55882
41.45100,-7.47916,1.06412,2.57484
41.50200,-7.48729,1.06920,2.59107
41.55000,-7.49551,1.07415,2.60754
41.60000,-7.50380,1.07896,2.62423
41.65100,-7.51216,1.08363,2.64111
41.70000,-7.52060,1.08815,2.65815
41.75000,-7.52911,1.09252,2.67532
41.80000,-7.53769,1.09675,2.69260
41.85000,-7.54635,1.10083,2.70989
41.90100,-7.55538,1.10490,2.72605
41.95000,-7.56466,1.10890,2.74206
42.00200,-7.57410,1.11279,2.75852
42.05100,-7.58382,1.11661,2.77605
42.10100,-7.59360,1.12026,2.79360
42.15300,-7.60344,1.12373,2.81106
42.20000,-7.61334,1.12703,2.82827
42.25000,-7.62328,1.13016,2.84521
42.30200,-7.63327,1.13312,2.86189
42.35100,-7.64330,1.13591,2.87839
42.40200,-7.65338,1.13853,2.89474
42.45000,-7.66349,1.14099,2.91096
42.50100,-7.67364,1.14329,2.92703
42.55100,-7.68381,1.14542,2.94296
42.60000,-7.69402,1.14739,2.95876
42.65100,-7.70425,1.14920,2.97433
42.70000,-7.71451,1.15085,2.98961
42.75200,-7.72447,1.15230,3.00329
42.80100,-7.73438,1.15361,3.01648
42.85000,-7.74431,1.15479,3.02950
42.90000,-7.75426,1.15585,3.04236
42.95200,-7.76421,1.15677,3.05506
43.00100,-7.77418,1.15758,3.06756
43.05200,-7.78414,1.15825,3.07963
43.10100,-7.79411,1.15881,3.09137
43.15000,-7.80409,1.15925,3.10287
43.20000,-7.81407,1.15958,3.11415
43.25000,-7.82405,1.15980,3.12520
43.30000,-7.83403,1.15990,3.13601
43.35100,-7.84401,1.15990,-3.13659
43.40100,-7.85400,1.15980,-3.12625
43.45000,-7.86398,1.15960,-3.11615
43.50100,-7.87349,1.15936,-3.11270
43.55000,-7.88297,1.15910,-3.11747
43.60100,-7.89253,1.15888,-3.13237
43.65000,-7.90223,1.15888,3.13568
43.70200,-7.91029,1.15895,3.12385
43.75100,-7.91847,1.15920,3.09773
43.80100,-7.92709,1.15953,3.07196
43.85000,-7.93554,1.16008,3.05792
43.90200,-7.94411,1.16077,3.04961
43.95100,-7.95138,1.16144,3.04058
44.00200,-7.96020,1.16232,3.04632
44.05000,-7.96989,1.16321,3.05604
44.10100,-7.97965,1.16400,3.06613
44.15100,-7.98942,1.16469,3.07622
44.20100,-7.99920,1.16528,3.08625
44.25100,-8.00895,1.16577,3.09640
44.30000,-8.01869,1.16616,3.10651
44.35100,-8.02843,1.16646,3.11646
44.40100,-8.03819,1.16665,3.12630
44.45100,-8.04794,1.16675,3.13607
44.50000,-8.05785,1.16676,-3.13736
44.55000,-8.06793,1.16667,-3.12804
44.60000,-8.07802,1.16649,-3.11826
44.65000,-8.08752,1.16629,-3.12001
44.70000,-8.09572,1.16621,3.14022
44.75000,-8.10412,1.16629,3.12338
44.80000,-8.11337,1.16645,3.12752
44.85000,-8.12345,1.16654,3.13743
44.90100,-8.13349,1.16654,-3.13562
44.95100,-8.14365,1.16643,-3.12603
45.00000,-8.15380,1.16623,-3.11642
45.05000,-8.16387,1.16593,-3.10653
45.10100,-8.17396,1.16553,-3.09722
45.15100,-8.18407,1.16503,-3.08776
45.20000,-8.19338,1.16459,-3.09044
45.25100,-8.20101,1.16430,-3.11565
45.30200,-8.20925,1.16423,3.13234
45.35000,-8.21777,1.16440,3.11081
45.40000,-8.22481,1.16463,3.09694
45.45100,-8.23110,1.16498,3.08254
45.50000,-8.23986,1.16550,3.08668
45.55100,-8.25000,1.16600,3.09713
45.60000,-8.26009,1.16639,3.10854
45.65100,-8.27030,1.16667,3.11965
45.70100,-8.28052,1.16684,3.13080
45.75100,-8.29074,1.16689,-3.14081
45.80100,-8.30097,1.16682,-3.12911
45.85200,-8.31122,1.16663,-3.11683
45.90100,-8.32072,1.16642,-3.11593
45.95100,-8.32897,1.16627,-3.11966
46.00200,-8.33818,1.16603,-3.11134
46.05000,-8.34818,1.16567,-3.09914
46.10100,-8.35817,1.16518,-3.08642
46.15000,-8.36816,1.16463,-3.07369
46.20100,-8.37509,1.16431,-3.06356
46.25100,-8.38058,1.16391,-3.07283
46.30000,-8.38741,1.16352,-3.09886
46.35100,-8.39608,1.16328,-3.13102
46.40100,-8.40594,1.16336,3.11613
46.45000,-8.41527,1.16366,3.09101
46.50000,-8.42249,1.16400,3.07841
46.55000,-8.42884,1.16436,3.07095
46.60100,-8.43519,1.16473,3.06508
46.65000,-8.44154,1.16510,3.06090
46.70100,-8.44789,1.16548,3.05856
46.75100,-8.45424,1.16586,3.05879
46.80100,-8.46024,1.16626,3.06747
46.85200,-8.46535,1.16659,3.08286
46.90000,-8.46969,1.16679,3.10409
46.95100,-8.47319,1.16685,3.13106
47.00100,-8.47538,1.16685,-3.11783
47.05000,-8.47569,1.16685,-3.07430
47.10100,-8.47570,1.16685,-3.02839
47.15000,-8.47571,1.16683,-2.99154
47.20000,-8.47615,1.16662,-2.97753
47.25100,-8.47991,1.16587,-2.98673
47.30100,-8.48555,1.16487,-3.00409
47.35100,-8.49286,1.16367,-3.02842
47.40000,-8.50198,1.16266,-3.06148
47.45000,-8.51195,1.16203,-3.09626
47.50100,-8.52114,1.16180,-3.13602
47.55000,-8.53060,1.16192,3.11068
47.60100,-8.53971,1.16224,3.08538
47.65000,-8.54736,1.16255,3.06603
47.70000,-8.55235,1.16294,3.04712
47.75000,-8.55729,1.16331,3.03285
47.80000,-8.56221,1.16367,3.02042
47.85100,-8.56713,1.16403,3.00966
47.90000,-8.57204,1.16439,3.00065
47.95000,-8.57696,1.16476,2.99345
48.00000,-8.58188,1.16513,2.98801
48.05100,-8.58680,1.16550,2.98422
48.10000,-8.59172,1.16588,2.98189
48.15000,-8.59664,1.16626,2.98070
48.20000,-8.60158,1.16667,2.98284
48.25000,-8.60652,1.16712,2.99975
48.30100,-8.61147,1.16761,3.03507
48.35000,-8.61643,1.16806,3.08900
48.40100,-8.62005,1.16815,-3.12685
48.45000,-8.62123,1.16813,-3.04974
48.50000,-8.62130,1.16810,-2.97794
48.55000,-8.62117,1.16823,-2.92677
48.60000,-8.62138,1.16812,-2.90098
48.65000,-8.62617,1.16668,-2.90349
48.70000,-8.63399,1.16485,-2.92345
48.75000,-8.64305,1.16297,-2.94979
48.80100,-8.65222,1.16132,-2.97695
48.85000,-8.66140,1.15993,-3.00542
48.90000,-8.67060,1.15880,-3.03444
48.95000,-8.67983,1.15794,-3.06321
49.00100,-8.68911,1.15735,-3.09085
49.05200,-8.69841,1.15701,-3.11922
49.10200,-8.70771,1.15693,3.13577
49.15000,-8.71697,1.15712,3.10612
49.20000,-8.72638,1.15752,3.08757
49.25000,-8.73335,1.15784,3.07955
49.30000,-8.73932,1.15824,3.06681
49.35000,-8.74569,1.15893,3.06885
49.40000,-8.75232,1.15983,3.07995
49.45000,-8.75927,1.16058,3.09904
49.50100,-8.76645,1.16088,3.13351
49.55000,-8.77348,1.16088,-3.09899
49.60000,-8.77803,1.16083,-3.04504
49.65100,-8.78108,1.16073,-3.00266
49.70000,-8.78269,1.16055,-2.96609
49.75000,-8.78439,1.16017,-2.94760
49.80000,-8.78828,1.15930,-2.94681
49.85000,-8.79398,1.15815,-2.95613
49.90000,-8.80140,1.15682,-2.97497
49.95000,-8.81047,1.15542,-3.00207
50.00000,-8.81969,1.15426,-3.03024
50.05000,-8.82892,1.15337,-3.05924
50.10000,-8.83818,1.15274,-3.08813
50.15200,-8.84744,1.15238,-3.11734
50.20000,-8.85669,1.15229,3.13589
50.25000,-8.86595,1.15249,3.10626
50.30000,-8.87518,1.15297,3.07599
50.35100,-8.88431,1.15355,3.06034
50.40100,-8.89328,1.15407,3.05987
50.45100,-8.90227,1.15461,3.06578
50.50000,-8.91127,1.15520,3.08032
50.55000,-8.92032,1.15578,3.10578
50.60000,-8.92545,1.15585,-3.11840
50.65100,-8.92750,1.15572,-3.04251
50.70100,-8.92909,1.15557,-2.97403
50.75000,-8.93061,1.15546,-2.92155
50.80000,-8.93194,1.15552,-2.87947
50.85000,-8.93324,1.15558,-2.85120
50.90000,-8.93437,1.15573,-2.83346
50.95000,-8.93665,1.15491,-2.83165
51.00100,-8.94110,1.15348,-2.84041
51.05100,-8.94697,1.15168,-2.85560
51.10100,-8.95465,1.14949,-2.87834
51.15200,-8.96408,1.14708,-2.90926
51.20000,-8.97385,1.14493,-2.94136
51.25000,-8.98368,1.14310,-2.97330
51.30100,-8.99356,1.14159,-3.00610
51.35100,-9.00349,1.14040,-3.03887
51.40000,-9.01345,1.13954,-3.07210
51.45000,-9.02344,1.13901,-3.10523
51.50000,-9.03344,1.13881,-3.13862
51.55100,-9.04344,1.13896,3.11039
51.60000,-9.05342,1.13944,3.07654
51.65000,-9.06339,1.14026,3.04163
51.70000,-9.07332,1.14122,3.01501
51.75100,-9.08254,1.14212,3.01786
51.80200,-9.08968,1.14266,3.04387
51.85100,-9.09667,1.14316,3.08198
51.90100,-9.10281,1.14337,3.13376
51.95100,-9.10719,1.14333,-3.08675
52.00100,-9.10957,1.14326,-3.02585
52.05100,-9.11201,1.14306,-2.97904
52.10000,-9.11465,1.14263,-2.94616
52.15100,-9.11733,1.14213,-2.92222
52.20100,-9.12007,1.14155,-2.90690
52.25100,-9.12291,1.14085,-2.89986
52.30000,-9.12588,1.14000,-2.90115
52.35000,-9.12920,1.13904,-2.91412
52.40000,-9.13467,1.13747,-2.93928
52.45000,-9.14258,1.13580,-2.97756
52.50100,-9.15141,1.13453,-3.02062
52.55100,-9.16029,1.13365,-3.06379
52.60000,-9.16921,1.13314,-3.10680
52.65000,-9.17869,1.13301,3.13504
52.70000,-9.18869,1.13328,3.09538
52.75100,-9.19866,1.13394,3.05644
52.80000,-9.20861,1.13498,3.01704
52.85000,-9.21803,1.13635,2.97630
52.90100,-9.22701,1.13792,2.94209
52.95100,-9.23455,1.13927,2.91722
53.00100,-9.23861,1.14028,2.87588
53.05000,-9.24141,1.14112,2.81812
53.10000,-9.24308,1.14173,2.74961
53.15000,-9.24351,1.14192,2.67563
53.20000,-9.24360,1.14197,2.60049
53.25000,-9.24370,1.14203,2.52572
53.30000,-9.24378,1.14210,2.45138
53.35000,-9.24387,1.14218,2.37748
53.40000,-9.24395,1.14226,2.30406
53.45000,-9.24402,1.14234,2.23113
53.50000,-9.24408,1.14243,2.15871
53.55000,-9.24414,1.14253,2.08683
53.60000,-9.24419,1.14263,2.01551
53.65200,-9.24424,1.14273,1.94476
53.70000,-9.24428,1.14284,1.87461
53.75000,-9.24431,1.14295,1.80507
53.80200,-9.24433,1.14306,1.73616
53.85000,-9.24434,1.14317,1.66789
53.90000,-9.24435,1.14329,1.60029
53.95100,-9.24435,1.14340,1.53337
54.00100,-9.24434,1.14351,1.46714
54.05000,-9.24433,1.14363,1.40162
54.10000,-9.24430,1.14374,1.33682
54.15100,-9.24427,1.14385,1.27275
54.20100,-9.24424,1.14396,1.20943
54.25100,-9.24419,1.14407,1.14687
54.30000,-9.24414,1.14417,1.08509
54.35000,-9.24408,1.14427,1.02409
54.40000,-9.24402,1.14437,0.96387
54.45000,-9.24395,1.14446,0.90446
54.50100,-9.24388,1.14455,0.84586
54.55000,-9.24380,1.14463,0.78808
54.60000,-9.24371,1.14471,0.73112
54.65000,-9.24362,1.14479,0.67500
54.70000,-9.24353,1.14486,0.61971
54.75000,-9.24343,1.14493,0.56527
54.80100,-9.24333,1.14499,0.51168
54.85000,-9.24323,1.14504,0.45895
54.90100,-9.24312,1.14509,0.40708
54.95000,-9.24301,1.14513,0.35608
55.00100,-9.24290,1.14517,0.30594
55.05100,-9.24279,1.14520,0.25667
55.10000,-9.24267,1.14523,0.20828
55.15100,-9.24256,1.14525,0.16077
55.20000,-9.24244,1.14527,0.11413
55.25000,-9.24013,1.14551,0.06904
55.30000,-9.23235,1.14590,0.03093
55.35100,-9.22473,1.14603,0.01051
55.40000,-9.21739,1.14605,-0.00666
55.45100,-9.21194,1.14596,-0.02734
55.50000,-9.20474,1.14565,-0.03770
55.55000,-9.19609,1.14528,-0.04173
55.60100,-9.18686,1.14487,-0.04174
55.65100,-9.17698,1.14447,-0.03921
55.70100,-9.16698,1.14409,-0.03552
55.75100,-9.15689,1.14376,-0.03022
55.80200,-9.14684,1.14349,-0.02414
55.85100,-9.13676,1.14328,-0.01766
55.90000,-9.12664,1.14314,-0.00951
55.95000,-9.11655,1.14308,-0.00134
56.00000,-9.10651,1.14312,0.00858
56.05100,-9.09633,1.14325,0.01826
56.10000,-9.08619,1.14349,0.02908
56.15100,-9.07606,1.14384,0.04098
56.20000,-9.06585,1.14431,0.05225
56.25100,-9.05574,1.14489,0.06452
56.30100,-9.04613,1.14543,0.06729
56.35100,-9.03686,1.14588,0.05353
56.40100,-9.02846,1.14620,0.02115
56.45100,-9.01951,1.14625,-0.00444
56.50100,-9.01018,1.14617,-0.00733
56.55000,-9.00021,1.14617,0.00765
56.60000,-8.99011,1.14632,0.02369
56.65000,-8.97990,1.14664,0.03973
56.70000,-8.97009,1.14699,0.04432
56.75000,-8.96204,1.14726,0.04081
56.80000,-8.95407,1.14766,0.04833
56.85000,-8.94396,1.14823,0.06738
56.90000,-8.93395,1.14899,0.08615
56.95000,-8.92396,1.14978,0.09744
57.00100,-8.91561,1.15041,0.10078
57.05100,-8.90843,1.15100,0.09874
57.10100,-8.90125,1.15159,0.09668
57.15200,-8.89410,1.15218,0.09355
57.20000,-8.88696,1.15277,0.09040
57.25000,-8.87987,1.15336,0.08623
57.30000,-8.87369,1.15369,0.07798
57.35200,-8.86811,1.15391,0.06603
57.40100,-8.86339,1.15404,0.05221
57.45000,-8.86015,1.15406,0.03312
57.50100,-8.85889,1.15409,0.01292
57.55000,-8.85614,1.15411,-0.00631
57.60000,-8.85571,1.15411,-0.03598
57.65000,-8.85536,1.15408,-0.05550
57.70000,-8.85143,1.15376,-0.06121
57.75000,-8.84428,1.15330,-0.05236
57.80000,-8.83455,1.15287,-0.03363
57.85000,-8.82428,1.15264,-0.01181
57.90000,-8.81401,1.15263,0.01006
57.95000,-8.80358,1.15285,0.03353
58.00000,-8.79324,1.15331,0.05681
58.05100,-8.78324,1.15386,0.07202
58.10100,-8.77596,1.15435,0.07948
58.15000,-8.76949,1.15489,0.10575
58.20200,-8.76475,1.15527,0.14853
58.25100,-8.76291,1.15548,0.20273
58.30000,-8.76279,1.15551,0.25565
58.35000,-8.76270,1.15553,0.30838
58.40000,-8.76261,1.15556,0.36116
58.45000,-8.76252,1.15560,0.41394
58.50000,-8.76243,1.15564,0.46671
58.55000,-8.76235,1.15569,0.51944
58.60000,-8.76227,1.15574,0.57211
58.65000,-8.76219,1.15579,0.62469
58.70100,-8.76211,1.15585,0.67717
58.75000,-8.76204,1.15591,0.72952
58.80000,-8.76197,1.15598,0.78172
58.85000,-8.76190,1.15605,0.83375
58.90100,-8.76184,1.15612,0.88560
58.95100,-8.76178,1.15619,0.93724
59.00100,-8.76172,1.15627,0.98865
59.05200,-8.76167,1.15635,1.03982
59.10100,-8.76163,1.15644,1.09074
59.15100,-8.76159,1.15652,1.14137
59.20000,-8.76155,1.15661,1.19171
59.25100,-8.76152,1.15670,1.24175
59.30000,-8.76149,1.15679,1.29146
59.35000,-8.76146,1.15688,1.34083
59.40000,-8.76144,1.15697,1.38985
59.45000,-8.76143,1.15707,1.43850
59.50000,-8.76142,1.15716,1.48677
59.55000,-8.76141,1.15725,1.53465
59.60000,-8.76141,1.15735,1.58212
59.65000,-8.76142,1.15744,1.62918
59.70000,-8.76142,1.15753,1.67582
59.75100,-8.76143,1.15763,1.72201
59.80000,-8.76145,1.15772,1.76776
59.85000,-8.76147,1.15781,1.81304
59.90100,-8.76149,1.15789,1.85786
59.95100,-8.76152,1.15798,1.90221
60.00000,-8.76155,1.15807,1.94606
60.05100,-8.76159,1.15815,1.98942
60.10100,-8.76163,1.15823,2.03226
60.15100,-8.76167,1.15831,2.07458
60.20000,-8.76171,1.15839,2.11636
60.25100,-8.76176,1.15847,2.15770
60.30000,-8.76181,1.15854,2.19884
60.35100,-8.76186,1.15861,2.23982
60.40100,-8.76192,1.15867,2.28067
60.45000,-8.76197,1.15873,2.32141
60.50100,-8.76203,1.15879,2.36209
60.55000,-8.76208,1.15884,2.40274
60.60100,-8.76214,1.15889,2.44341
60.65100,-8.76219,1.15893,2.48417
60.70000,-8.76225,1.15897,2.52508
60.75100,-8.76230,1.15901,2.56624
60.80100,-8.76235,1.15904,2.60775
60.85000,-8.76240,1.15907,2.64974
60.90200,-8.76244,1.15909,2.69235
60.95200,-8.76249,1.15911,2.73571
61.00000,-8.76253,1.15913,2.77885
61.05100,-8.76258,1.15914,2.82141
61.10100,-8.76262,1.15916,2.86341
61.15100,-8.76267,1.15917,2.90485
61.20000,-8.76271,1.15918,2.94573
61.25000,-8.76276,1.15919,2.98603
61.30200,-8.76280,1.15919,3.02576
61.35300,-8.76285,1.15920,3.06492
61.40300,-8.76290,1.15920,3.10350
61.45500,-8.76294,1.15920,3.14150
61.50000,-8.76495,1.15910,-3.10411
61.55000,-8.77249,1.15865,-3.07043
61.60000,-8.78133,1.15804,-3.04113
61.65000,-8.79021,1.15734,-3.02092
61.70100,-8.79918,1.15653,-3.00930
61.75000,-8.80829,1.15557,-3.00573
61.80100,-8.81761,1.15434,-3.01286
61.85100,-8.82726,1.15315,-3.02760
61.90000,-8.83691,1.15211,-3.04324
61.95100,-8.84666,1.15124,-3.05959
62.00300,-8.85643,1.15051,-3.07549
62.05000,-8.86621,1.14995,-3.09285
62.10100,-8.87599,1.14956,-3.11042
62.15100,-8.88577,1.14935,-3.12947
62.20000,-8.89536,1.14933,3.13411
62.25000,-8.90536,1.14950,3.11578
62.30000,-8.91530,1.14972,3.10170
62.35100,-8.92519,1.14990,3.09150
62.40000,-8.93508,1.15008,3.08289
62.45000,-8.94506,1.15036,3.07851
62.50100,-8.95513,1.15075,3.07884
62.55000,-8.96523,1.15119,3.09215
62.60000,-8.97536,1.15160,3.12213
62.65000,-8.98522,1.15165,-3.11586
62.70000,-8.99210,1.15161,-3.06625
62.75000,-8.99777,1.15151,-3.02837
62.80000,-9.00292,1.15091,-3.01083
62.85100,-9.01065,1.14978,-3.01731
62.90000,-9.02019,1.14866,-3.03313
62.95000,-9.02971,1.14771,-3.05043
63.00100,-9.03925,1.14692,-3.06777
63.05000,-9.04878,1.14630,-3.08557
63.10100,-9.05831,1.14585,-3.10379
63.15000,-9.06786,1.14558,-3.12160
63.20000,-9.07739,1.14548,-3.14070
63.25100,-9.08688,1.14557,3.12204
63.30000,-9.09636,1.14585,3.10143
63.35000,-9.10576,1.14633,3.07843
63.40100,-9.11520,1.14703,3.05759
63.45100,-9.12458,1.14793,3.03516
63.50000,-9.13394,1.14904,3.01187
63.55100,-9.14286,1.15018,3.00378
63.60000,-9.15157,1.15120,3.01872
63.65100,-9.15851,1.15190,3.05393
63.70000,-9.16452,1.15230,3.10267
63.75100,-9.16916,1.15235,-3.11920
63.80000,-9.17200,1.15221,-3.04580
63.85000,-9.17373,1.15206,-2.97649
63.90000,-9.17538,1.15196,-2.92314
63.95000,-9.17674,1.15191,-2.89194
64.00100,-9.17816,1.15156,-2.87604
64.05000,-9.18189,1.15040,-2.87404
64.10000,-9.18717,1.14893,-2.88099
64.15000,-9.19355,1.14725,-2.89372
64.20000,-9.20123,1.14538,-2.91479
64.25000,-9.21029,1.14343,-2.94296
64.30100,-9.21942,1.14172,-2.97132
64.35100,-9.22858,1.14029,-3.00058
64.40000,-9.23777,1.13912,-3.03008
64.45100,-9.24699,1.13822,-3.05929
64.50000,-9.25622,1.13761,-3.08957
64.55000,-9.26545,1.13727,-3.12000
64.60100,-9.27468,1.13721,3.13249
64.65000,-9.28390,1.13743,3.10144
64.70100,-9.29309,1.13794,3.06991
64.75000,-9.30226,1.13874,3.03817
64.80000,-9.31131,1.13964,3.02117
64.85000,-9.31898,1.14029,3.03381
64.90000,-9.32519,1.14072,3.06761
64.95300,-9.32997,1.14091,3.10167
65.00000,-9.33420,1.14107,3.11288
65.05200,-9.33922,1.14128,3.10559
65.10100,-9.34690,1.14166,3.08512
65.15000,-9.35591,1.14231,3.05444
65.20000,-9.36506,1.14325,3.02250
65.25000,-9.37419,1.14450,2.99074
65.30000,-9.38333,1.14586,2.97138
65.35100,-9.39206,1.14701,2.97450
65.40000,-9.40063,1.14801,2.98559
65.45100,-9.40906,1.14889,3.00478
65.50000,-9.41748,1.14980,3.03893
65.55100,-9.42523,1.15042,3.08902
65.60000,-9.43083,1.15056,-3.13326
65.65000,-9.43392,1.15054,-3.07260
65.70100,-9.43690,1.15042,-3.02653
65.75000,-9.44010,1.15004,-2.99589
65.80000,-9.44342,1.14953,-2.97605
65.85100,-9.44682,1.14891,-2.96478
65.90000,-9.45036,1.14813,-2.96170
65.95000,-9.45414,1.14716,-2.96611
66.00000,-9.45887,1.14602,-2.97588
66.05100,-9.46535,1.14474,-2.99635
66.10000,-9.47440,1.14355,-3.02941
66.15100,-9.48351,1.14269,-3.06443
66.20100,-9.49300,1.14212,-3.09818
66.25000,-9.50300,1.14185,-3.13063
66.30000,-9.51300,1.14190,3.12007
66.35000,-9.52299,1.14228,3.08745
66.40000,-9.53297,1.14298,3.05547
66.45100,-9.54291,1.14400,3.02229
66.50100,-9.55277,1.14514,2.99468
66.55200,-9.56304,1.14655,2.98978
66.60000,-9.57350,1.14799,2.99989
66.65000,-9.58386,1.14936,3.02631
66.70100,-9.59313,1.15026,3.06603
66.75000,-9.60039,1.15064,3.11594
66.80100,-9.60541,1.15067,-3.10806
66.85200,-9.60808,1.15065,-3.04916
66.90100,-9.61052,1.15066,-3.00769
66.95000,-9.61248,1.15046,-2.99299
67.00000,-9.61657,1.14963,-3.00068
67.05000,-9.62389,1.14865,-3.02583
67.10000,-9.63268,1.14777,-3.05856
67.15000,-9.64179,1.14717,-3.09297
67.20000,-9.65092,1.14688,-3.12706
67.25000,-9.66004,1.14691,3.12138
67.30000,-9.66914,1.14726,3.08594
67.35000,-9.67812,1.14779,3.06421
67.40200,-9.68732,1.14856,3.05848
67.45100,-9.69683,1.14960,3.06390
67.50000,-9.70656,1.15074,3.07597
67.55100,-9.71665,1.15165,3.09433
67.60000,-9.72602,1.15189,3.11814
67.65100,-9.72992,1.15192,-3.13652
67.70000,-9.73270,1.15186,-3.08770
67.75100,-9.73441,1.15185,-3.04249
67.80200,-9.73558,1.15174,-3.02292
67.85000,-9.73889,1.15120,-3.02513
67.90100,-9.74567,1.15043,-3.04456
67.95200,-9.75419,1.14973,-3.07425
68.00200,-9.76336,1.14926,-3.10694
68.05000,-9.77254,1.14909,-3.13941
68.10000,-9.78170,1.14923,3.10994
68.15000,-9.79088,1.14967,3.07783
68.20000,-9.79996,1.15040,3.04317
68.25000,-9.80901,1.15129,3.01491
68.30000,-9.81831,1.15245,3.00204
68.35000,-9.82800,1.15405,3.00589
68.40000,-9.83786,1.15582,3.01852
68.45000,-9.84796,1.15713,3.04751
68.50100,-9.85722,1.15782,3.09102
68.55100,-9.86433,1.15800,-3.13806
68.60000,-9.86899,1.15796,-3.07403
68.65100,-9.87131,1.15790,-3.01122
68.70200,-9.87354,1.15781,-2.96551
68.75100,-9.87601,1.15744,-2.93675
68.80000,-9.87875,1.15676,-2.92473
68.85000,-9.88161,1.15598,-2.92306
68.90000,-9.88529,1.15512,-2.92758
68.95100,-9.89018,1.15406,-2.93773
69.00100,-9.89651,1.15278,-2.95463
69.05000,-9.90473,1.15123,-2.97951
69.10000,-9.91417,1.14985,-3.01237
69.15000,-9.92403,1.14873,-3.04478
69.20000,-9.93400,1.14792,-3.07656
69.25100,-9.94399,1.14743,-3.10860
69.30100,-9.95398,1.14726,-3.14087
69.35000,-9.96398,1.14741,3.11062
69.40100,-9.97396,1.14789,3.07730
69.45100,-9.98393,1.14870,3.04450
69.50100,-9.99379,1.14958,3.01730
69.55100,-10.00354,1.15036,2.99634
69.60000,-10.01330,1.15118,2.98155
69.65200,-10.02305,1.15199,2.96804
69.70000,-10.03280,1.15279,2.95494
69.75000,-10.04254,1.15359,2.94257
69.80000,-10.05228,1.15439,2.93129
69.85100,-10.06203,1.15520,2.92142
69.90200,-10.07177,1.15600,2.91303
69.95100,-10.08151,1.15681,2.90606
70.00000,-10.09126,1.15764,2.90070
70.05000,-10.10108,1.15854,2.89898
70.10000,-10.11094,1.15951,2.90481
70.15000,-10.12081,1.16052,2.92825
70.20000,-10.13042,1.16157,2.97090
70.25000,-10.13806,1.16253,3.02758
70.30000,-10.14347,1.16298,3.09598
70.35000,-10.14665,1.16302,-3.10795
70.40100,-10.14805,1.16292,-3.02023
70.45200,-10.14916,1.16278,-2.94084
70.50200,-10.15026,1.16261,-2.87976
70.55100,-10.15121,1.16243,-2.84079
70.60000,-10.15432,1.16129,-2.82849
70.65000,-10.16126,1.15897,-2.83762
70.70000,-10.17032,1.15623,-2.85789
70.75000,-10.17944,1.15368,-2.87936
70.80100,-10.18862,1.15132,-2.90088
70.85000,-10.19782,1.14917,-2.92288
70.90100,-10.20707,1.14722,-2.94530
70.95100,-10.21634,1.14549,-2.96816
71.00100,-10.22564,1.14397,-2.99153
71.05100,-10.23496,1.14268,-3.01587
71.10000,-10.24429,1.14161,-3.04056
71.15000,-10.25362,1.14078,-3.06552
71.20000,-10.26296,1.14019,-3.09045
71.25000,-10.27234,1.13983,-3.11577
71.30000,-10.28169,1.13971,3.14138
71.35100,-10.29106,1.13983,3.11553
71.40100,-10.30038,1.14020,3.08849
71.45000,-10.30961,1.14083,3.05932
71.50000,-10.31888,1.14172,3.03167
71.55000,-10.32817,1.14279,3.00909
71.60100,-10.33775,1.14418,3.00191
71.65200,-10.34759,1.14587,3.00747
71.70100,-10.35746,1.14759,3.02143
71.75000,-10.36751,1.14896,3.04977
71.80000,-10.37693,1.14963,3.09385
71.85000,-10.38442,1.14980,-3.13305
71.90000,-10.38911,1.14977,-3.07489
71.95100,-10.39337,1.14978,-3.03186
72.00100,-10.39746,1.14994,-2.99825
72.05100,-10.40123,1.14999,-2.97545
72.10000,-10.40529,1.14911,-2.97383
72.15000,-10.41089,1.14803,-2.98001
72.20100,-10.41775,1.14682,-2.99212
72.25000,-10.42596,1.14543,-3.01032
72.30100,-10.43570,1.14426,-3.03582
72.35000,-10.44548,1.14336,-3.06306
72.40100,-10.45546,1.14270,-3.08911
72.45200,-10.46543,1.14232,-3.11663
72.50100,-10.47543,1.14221,3.13975
72.55100,-10.48543,1.14236,3.11214
72.60000,-10.49542,1.14279,3.08479
72.65000,-10.50539,1.14350,3.05604
72.70100,-10.51519,1.14448,3.02759
72.75000,-10.52454,1.14571,2.99685
72.80000,-10.53358,1.14698,2.98102
72.85000,-10.54179,1.14805,2.99161
72.90000,-10.54876,1.14886,3.02302
72.95100,-10.55239,1.14920,3.07856
73.00000,-10.55470,1.14927,-3.13663
73.05000,-10.55658,1.14926,-3.07293
73.10100,-10.55851,1.14917,-3.02472
73.15000,-10.56067,1.14881,-2.99232
73.20000,-10.56291,1.14835,-2.97008
73.25000,-10.56522,1.14780,-2.95641
73.30100,-10.56765,1.14711,-2.95091
73.35100,-10.57053,1.14620,-2.95417
73.40100,-10.57556,1.14502,-2.97002
73.45100,-10.58387,1.14362,-3.00315
73.50000,-10.59363,1.14243,-3.03757
73.55000,-10.60359,1.14157,-3.07171
73.60000,-10.61358,1.14104,-3.10574
73.65000,-10.62357,1.14085,-3.14047
73.70100,-10.63357,1.14101,3.10792
73.75000,-10.64356,1.14153,3.07304
73.80100,-10.65352,1.14238,3.03804
73.85000,-10.66341,1.14338,3.00908
73.90000,-10.67192,1.14427,2.99202
73.95100,-10.67753,1.14506,2.97864
74.00000,-10.68306,1.14568,2.99232
74.05100,-10.68816,1.14627,3.02535
74.10100,-10.69265,1.14669,3.07385
74.15000,-10.69597,1.14682,3.13590
74.20000,-10.69727,1.14681,-3.07470
74.25000,-10.69757,1.14677,-3.00759
74.30000,-10.69784,1.14674,-2.95766
74.35000,-10.69777,1.14691,-2.93363
74.40100,-10.69886,1.14655,-2.93163
74.45000,-10.70300,1.14550,-2.94676
74.50000,-10.70909,1.14432,-2.97227
74.55100,-10.71665,1.14308,-3.00556
74.60100,-10.72554,1.14203,-3.04476
74.65000,-10.73451,1.14133,-3.08458
74.70100,-10.74349,1.14100,-3.12500
74.75000,-10.75250,1.14103,3.11861
74.80000,-10.76145,1.14142,3.07724
74.85000,-10.77039,1.14218,3.03622
74.90000,-10.77927,1.14331,2.99452
74.95100,-10.78814,1.14462,2.95859
75.00000,-10.79725,1.14622,2.93938
75.05000,-10.80686,1.14837,2.94279
75.10100,-10.81670,1.15076,2.95496
75.15100,-10.82678,1.15314,2.97694
75.20100,-10.83671,1.15466,3.01447
75.25000,-10.84452,1.15548,3.06275
75.30100,-10.84995,1.15576,3.12106
75.35000,-10.85297,1.15577,-3.09406
75.40000,-10.85421,1.15573,-3.02865
75.45000,-10.85530,1.15580,-2.97893
75.50000,-10.85578,1.15592,-2.95651
75.55000,-10.85753,1.15541,-2.95587
75.60100,-10.86046,1.15485,-2.96173
75.65200,-10.86426,1.15416,-2.97291
75.70000,-10.86949,1.15332,-2.99208
75.75000,-10.87656,1.15233,-3.02073
75.80100,-10.88516,1.15140,-3.05712
75.85100,-10.89419,1.15080,-3.09487
75.90000,-10.90322,1.15055,-3.13319
75.95100,-10.91223,1.15066,3.11107
76.00200,-10.92125,1.15111,3.07263
76.05100,-10.93025,1.15191,3.03462
76.10200,-10.93922,1.15285,3.00328
76.15000,-10.94841,1.15405,2.98699
76.20000,-10.95802,1.15571,2.98956
76.25100,-10.96779,1.15756,3.00216
76.30000,-10.97775,1.15899,3.03205
76.35000,-10.98654,1.15977,3.07595
76.40000,-10.99294,1.16003,3.13033
76.45300,-10.99683,1.16003,-3.08821
76.50100,-10.99800,1.15997,-3.01287
76.55000,-10.99820,1.15992,-2.94466
76.60200,-10.99838,1.15985,-2.89343
76.65000,-10.99849,1.15984,-2.85354
76.70100,-10.99866,1.15973,-2.82837
76.75100,-10.99869,1.15972,-2.81288
76.80200,-10.99890,1.15963,-2.80718
76.85000,-11.00091,1.15888,-2.81237
76.90000,-11.00424,1.15774,-2.82419
76.95000,-11.00917,1.15615,-2.84224
77.00000,-11.01590,1.15415,-2.86842
77.05200,-11.02479,1.15177,-2.90380
77.10000,-11.03413,1.14971,-2.94409
77.15100,-11.04396,1.14794,-2.98267
77.20100,-11.05386,1.14654,-3.02023
77.25000,-11.06380,1.14552,-3.05796
77.30000,-11.07378,1.14488,-3.09630
77.35000,-11.08378,1.14462,-3.13444
77.40000,-11.09378,1.14474,3.11045
77.45000,-11.10376,1.14524,3.07154
77.50100,-11.11371,1.14614,3.03133
77.55100,-11.12356,1.14716,2.99736
77.60000,-11.13335,1.14831,2.99187
77.65100,-11.14120,1.14916,3.01413
77.70000,-11.14711,1.14976,3.05576
77.75000,-11.15176,1.15005,3.11030
77.80100,-11.15417,1.15006,-3.10854
77.85100,-11.15504,1.15003,-3.04772
77.90100,-11.15598,1.14990,-2.99977
77.95100,-11.15701,1.14966,-2.96071
78.00100,-11.15807,1.14937,-2.93112
78.05200,-11.15910,1.14907,-2.91979
78.10000,-11.16150,1.14831,-2.93130
78.15000,-11.16720,1.14696,-2.96110
78.20100,-11.17538,1.14564,-3.00167
78.25100,-11.18517,1.14447,-3.04288
78.30000,-11.19514,1.14369,-3.08356
78.35000,-11.20512,1.14332,-3.12578
78.40000,-11.21511,1.14336,3.11671
78.45000,-11.22510,1.14382,3.07556
78.50000,-11.23506,1.14469,3.03369
78.55000,-11.24497,1.14597,2.99278
78.60000,-11.25474,1.14733,2.95780
78.65000,-11.26450,1.14874,2.94032
78.70000,-11.27411,1.15046,2.95301
78.75100,-11.28307,1.15204,2.98215
78.80000,-11.29051,1.15309,3.02412
78.85000,-11.29561,1.15357,3.07628
78.90000,-11.29827,1.15368,3.13847
78.95100,-11.29880,1.15367,-3.07399
79.00100,-11.29900,1.15365,-3.00209
79.05000,-11.29920,1.15360,-2.93974
79.10000,-11.29944,1.15349,-2.88930
79.15000,-11.29954,1.15350,-2.84911
79.20000,-11.29942,1.15370,-2.81728
79.25000,-11.29908,1.15411,-2.79364
79.30100,-11.29852,1.15460,-2.78245
79.35200,-11.29963,1.15408,-2.79473
79.40100,-11.30333,1.15279,-2.82057
79.45100,-11.30889,1.15104,-2.85630
79.50000,-11.31659,1.14889,-2.89950
79.55100,-11.32630,1.14671,-2.94377
79.60400,-11.33615,1.14497,-2.98814
79.65100,-11.34606,1.14366,-3.03226
79.70000,-11.35602,1.14279,-3.07700
79.75100,-11.36601,1.14237,-3.12154
79.80100,-11.37601,1.14239,3.11732
79.85100,-11.38599,1.14285,3.07369
79.90000,-11.39595,1.14375,3.02998
79.95100,-11.40576,1.14483,2.99231
80.00100,-11.41576,1.14617,2.97036
80.05100,-11.42624,1.14804,2.97083
80.10300,-11.43693,1.15011,2.98254
80.15100,-11.44727,1.15167,3.00939
80.20000,-11.45549,1.15262,3.04687
80.25000,-11.46137,1.15305,3.09445
80.30100,-11.46488,1.15313,-3.13130
80.35100,-11.46600,1.15312,-3.06423
80.40000,-11.46620,1.15309,-3.00287
80.45000,-11.46620,1.15321,-2.95672
80.50100,-11.46568,1.15370,-2.93247
80.55000,-11.46521,1.15379,-2.93007
80.60000,-11.46596,1.15362,-2.93644
80.65000,-11.46766,1.15326,-2.94852
80.70000,-11.47050,1.15271,-2.96642
80.75000,-11.47466,1.15201,-2.99146
80.80000,-11.48042,1.15121,-3.02486
80.85000,-11.48794,1.15039,-3.06732
80.90000,-11.49668,1.14995,-3.11610
80.95200,-11.50548,1.14994,3.11904
81.00100,-11.51429,1.15035,3.07204
81.05100,-11.52310,1.15096,3.03089
81.10000,-11.53214,1.15185,3.00824
81.15000,-11.54135,1.15296,3.00271
81.20200,-11.55079,1.15432,3.00829
81.25000,-11.56041,1.15588,3.02092
81.30100,-11.57030,1.15735,3.04181
81.35100,-11.57977,1.15815,3.07638
81.40000,-11.58707,1.15848,3.12096
81.45000,-11.59140,1.15849,-3.11567
81.50000,-11.59417,1.15847,-3.07890
81.55000,-11.59589,1.15837,-3.03038
81.60100,-11.59709,1.15826,-2.98268
81.65000,-11.59821,1.15822,-2.94604
81.70000,-11.59911,1.15837,-2.91626
81.75100,-11.59951,1.15873,-2.90383
81.80000,-11.60114,1.15821,-2.91200
81.85000,-11.60558,1.15721,-2.93563
81.90000,-11.61228,1.15593,-2.97021
81.95200,-11.62086,1.15464,-3.01340
82.00200,-11.62969,1.15370,-3.05785
82.05000,-11.63857,1.15315,-3.10200
82.10000,-11.64744,1.15300,3.13628
82.15000,-11.65634,1.15324,3.09246
82.20100,-11.66524,1.15388,3.04942
82.25000,-11.67415,1.15472,3.01278
82.30100,-11.68327,1.15584,2.99653
82.35100,-11.69261,1.15721,2.99909
82.40200,-11.70182,1.15848,3.00987
82.45300,-11.71100,1.15971,3.03294
82.50000,-11.71971,1.16053,3.07169
82.55200,-11.72620,1.16083,3.12087
82.60000,-11.73028,1.16085,-3.10315
82.65200,-11.73176,1.16080,-3.03359
82.70200,-11.73195,1.16075,-2.96949
82.75200,-11.73213,1.16069,-2.92108
82.80100,-11.73230,1.16062,-2.88172
82.85000,-11.73248,1.16052,-2.85137
82.90000,-11.73267,1.16037,-2.83013
82.95000,-11.73293,1.16014,-2.82287
83.00000,-11.73389,1.15962,-2.82764
83.05000,-11.73719,1.15854,-2.84396
83.10000,-11.74246,1.15698,-2.86844
83.15000,-11.74981,1.15500,-2.90109
83.20000,-11.75909,1.15286,-2.94225
83.25000,-11.76893,1.15109,-2.98521
83.30000,-11.77884,1.14974,-3.02691
83.35000,-11.78879,1.14880,-3.06861
83.40000,-11.79878,1.14828,-3.11057
83.45000,-11.80877,1.14818,3.13036
83.50100,-11.81877,1.14851,3.08813
83.55100,-11.82874,1.14925,3.04573
83.60400,-11.83857,1.15009,3.00866
83.65000,-11.84838,1.15096,2.98619
83.70200,-11.85839,1.15207,2.98753
83.75100,-11.86828,1.15308,2.99754
83.80200,-11.87814,1.15413,3.02281
83.85000,-11.88656,1.15498,3.06148
83.90000,-11.89268,1.15533,3.11013
83.95100,-11.89647,1.15537,-3.11475
84.00100,-11.89783,1.15534,-3.04674
84.05000,-11.89803,1.15529,-2.98350
84.10000,-11.89832,1.15513,-2.93177
84.15100,-11.89869,1.15487,-2.88928
84.20000,-11.89908,1.15457,-2.85658
84.25000,-11.89937,1.15432,-2.84156
84.30000,-11.90024,1.15390,-2.84735
84.35000,-11.90436,1.15235,-2.87127
84.40100,-11.91153,1.15025,-2.90394
84.45000,-11.92029,1.14828,-2.94589
84.50000,-11.93013,1.14655,-2.98882
84.55000,-11.94004,1.14524,-3.03146
84.60000,-11.95000,1.14435,-3.07379
84.65000,-11.95999,1.14388,-3.11641
84.70200,-11.96999,1.14385,3.12442
84.75100,-11.97998,1.14423,3.08153
84.80000,-11.98994,1.14504,3.03954
84.85000,-11.99979,1.14597,3.00389
84.90200,-12.00983,1.14713,2.98423
84.95100,-12.02013,1.14858,2.97963
85.00000,-12.03051,1.15013,2.97916
85.05000,-12.04092,1.15172,2.98647
85.10000,-12.05136,1.15331,3.00898
85.15100,-12.06066,1.15440,3.04536
85.20000,-12.06768,1.15493,3.09174
85.25000,-12.07239,1.15504,-3.13542
85.30000,-12.07476,1.15502,-3.06993
85.35000,-12.07560,1.15498,-3.00765
85.40100,-12.07629,1.15506,-2.96166
85.45100,-12.07654,1.15536,-2.93863
85.50000,-12.07819,1.15478,-2.94395
85.55000,-12.08235,1.15389,-2.96367
85.60100,-12.08853,1.15287,-2.99271
85.65000,-12.09684,1.15179,-3.03179
85.70000,-12.10575,1.15100,-3.07372
85.75200,-12.11470,1.15058,-3.11544
85.80000,-12.12366,1.15053,3.12633
85.85000,-12.13261,1.15085,3.08453
85.90200,-12.14153,1.15155,3.04234
85.95200,-12.15044,1.15245,3.00587
86.00000,-12.15955,1.15358,2.98532
86.05000,-12.16914,1.15524,2.98823
86.10000,-12.17897,1.15716,3.00014
86.15100,-12.18907,1.15902,3.02060
86.20000,-12.19905,1.16011,3.05565
86.25100,-12.20696,1.16062,3.10132
86.30100,-12.21253,1.16072,-3.12639
86.35100,-12.21551,1.16070,-3.07060
86.40000,-12.21759,1.16064,-3.02769
86.45000,-12.21864,1.16054,-2.99098
86.50000,-12.21936,1.16049,-2.97201
86.55100,-12.21996,1.16024,-2.96758
86.60000,-12.22174,1.15980,-2.96981
86.65000,-12.22440,1.15934,-2.97734
86.70000,-12.22799,1.15875,-2.98989
86.75300,-12.23293,1.15804,-3.00996
86.80000,-12.23957,1.15723,-3.03935
86.85200,-12.24790,1.15647,-3.07674
86.90000,-12.25690,1.15606,-3.11632
86.95000,-12.26587,1.15602,3.12575
87.00000,-12.27486,1.15634,3.08563
87.05000,-12.28386,1.15687,3.05129
87.10100,-12.29311,1.15769,3.03269
87.15100,-12.30274,1.15892,3.03161
87.20000,-12.31239,1.16021,3.03890
87.25100,-12.32211,1.16141,3.06133
87.30100,-12.33154,1.16201,3.10017
87.35000,-12.33874,1.16215,-3.13337
87.40100,-12.34340,1.16213,-3.07334
87.45000,-12.34529,1.16202,-3.00227
87.50000,-12.34564,1.16196,-2.93624
87.55000,-12.34596,1.16188,-2.88708
87.60000,-12.34614,1.16192,-2.84802
87.65000,-12.34613,1.16214,-2.81880
87.70000,-12.34594,1.16250,-2.79922
87.75000,-12.34561,1.16287,-2.78957
87.80100,-12.34744,1.16211,-2.79505
87.85100,-12.35095,1.16085,-2.80843
87.90100,-12.35602,1.15913,-2.82864
87.95200,-12.36300,1.15696,-2.85706
88.00100,-12.37193,1.15448,-2.89538
88.05100,-12.38060,1.15251,-2.93991
88.10000,-12.38973,1.15085,-2.98294
88.15000,-12.39963,1.14947,-3.02269
88.20000,-12.40958,1.14848,-3.06256
88.25100,-12.41957,1.14789,-3.10222
88.30000,-12.42956,1.14770,3.14063
88.35000,-12.43956,1.14791,3.09952
88.40000,-12.44954,1.14854,3.05755
88.45000,-12.45940,1.14929,3.02175
88.50000,-12.46935,1.15018,3.01198
88.55000,-12.47924,1.15102,3.01770
88.60100,-12.48896,1.15170,3.03102
88.65200,-12.49861,1.15235,3.05533
88.70000,-12.50743,1.15292,3.09443
88.75000,-12.51400,1.15308,-3.13976
88.80000,-12.51823,1.15306,-3.08108
88.85000,-12.52023,1.15303,-3.02359
88.90000,-12.52218,1.15292,-2.98086
88.95000,-12.52421,1.15272,-2.94669
89.00100,-12.52626,1.15247,-2.92110
89.05000,-12.52835,1.15216,-2.90403
89.10200,-12.53054,1.15174,-2.89525
89.15100,-12.53287,1.15115,-2.89439
89.20000,-12.53552,1.15035,-2.90460
89.25000,-12.54101,1.14883,-2.93298
89.30000,-12.54931,1.14706,-2.97181
89.35000,-12.55882,1.14565,-3.01501
89.40100,-12.56876,1.14459,-3.05763
89.45000,-12.57874,1.14397,-3.10009
89.50000,-12.58874,1.14376,3.14086
89.55100,-12.59873,1.14398,3.09830
89.60000,-12.60871,1.14463,3.05648
89.65000,-12.61859,1.14541,3.02026
89.70000,-12.62862,1.14637,2.99930
89.75000,-12.63869,1.14741,2.99344
89.80200,-12.64872,1.14844,3.00102
89.85100,-12.65874,1.14950,3.02374
89.90000,-12.66789,1.15042,3.06069
89.95000,-12.67488,1.15083,3.10718
90.00000,-12.67968,1.15089,-3.12035
90.05000,-12.68222,1.15085,-3.05556
90.10200,-12.68317,1.15082,-2.99508
90.15100,-12.68387,1.15096,-2.96171
90.20000,-12.68446,1.15092,-2.95329
90.25000,-12.68709,1.15022,-2.96275
90.30000,-12.69327,1.14913,-2.99097
90.35100,-12.70098,1.14811,-3.02769
90.40000,-12.70974,1.14729,-3.06894
90.45000,-12.71866,1.14683,-3.11160
90.50000,-12.72760,1.14675,3.12897
90.55100,-12.73655,1.14705,3.08733
90.60100,-12.74543,1.14773,3.04397
90.65100,-12.75431,1.14860,3.00630
90.70000,-12.76342,1.14975,2.98490
90.75000,-12.77307,1.15149,2.98726
90.80100,-12.78294,1.15348,2.99806
90.85000,-12.79304,1.15554,3.01568
90.90000,-12.80293,1.15654,3.05215
90.95000,-12.81075,1.15707,3.09946
91.00000,-12.81635,1.15717,-3.12707
91.05000,-12.81948,1.15715,-3.07016
91.10000,-12.82235,1.15715,-3.02953
91.15200,-12.82473,1.15705,-3.01544
91.20100,-12.82728,1.15664,-3.01900
91.25100,-12.83291,1.15586,-3.03836
91.30000,-12.84121,1.15513,-3.07181
91.35000,-12.85025,1.15467,-3.10885
91.40100,-12.85930,1.15454,3.13691
91.45100,-12.86836,1.15476,3.09947
91.50000,-12.87739,1.15531,3.06173
91.55200,-12.88645,1.15617,3.03286
91.60100,-12.89582,1.15736,3.02063
91.65000,-12.90563,1.15887,3.02673
91.70000,-12.91559,1.16023,3.04554
91.75000,-12.92547,1.16104,3.08042
91.80100,-12.93377,1.16137,3.12726
91.85000,-12.93977,1.16137,-3.09936
91.90200,-12.94327,1.16127,-3.03271
91.95000,-12.94477,1.16121,-2.96855
92.00100,-12.94630,1.16105,-2.91996
92.05000,-12.94789,1.16081,-2.88104
92.10100,-12.94949,1.16054,-2.85181
92.15100,-12.95112,1.16021,-2.83200
92.20100,-12.95283,1.15979,-2.82095
92.25200,-12.95461,1.15927,-2.81827
92.30000,-12.95674,1.15856,-2.82336
92.35100,-12.96001,1.15749,-2.83483
92.40000,-12.96469,1.15603,-2.85310
92.45100,-12.97123,1.15416,-2.87842
92.50100,-12.97984,1.15191,-2.91340
92.55000,-12.98904,1.14999,-2.95533
92.60300,-12.99880,1.14836,-2.99501
92.65000,-13.00769,1.14726,-3.03926
92.70100,-13.01640,1.14657,-3.08708
92.75000,-13.02552,1.14631,-3.13709
92.80100,-13.03391,1.14648,3.09133
92.85000,-13.04134,1.14708,3.03002
92.90000,-13.04861,1.14814,2.96615
92.95000,-13.05591,1.14968,2.90114
93.00100,-13.06327,1.15174,2.83573
93.05000,-13.07063,1.15433,2.77011
93.10100,-13.07778,1.15739,2.70388
93.15100,-13.08482,1.16098,2.63774
93.20000,-13.09176,1.16511,2.57198
93.25000,-13.09837,1.16966,2.50586
93.30000,-13.10477,1.17471,2.44007
93.35000,-13.11085,1.18020,2.37436
93.40100,-13.11657,1.18610,2.30866
93.45000,-13.12195,1.19242,2.24328
93.50000,-13.12695,1.19913,2.17807
93.55000,-13.13152,1.20619,2.11304
93.60000,-13.13566,1.21360,2.04828
93.65000,-13.13932,1.22127,1.98356
93.70100,-13.14253,1.22930,1.91941
93.75100,-13.14524,1.23757,1.85542
93.80100,-13.14742,1.24602,1.79160
93.85200,-13.14908,1.25471,1.72818
93.90000,-13.15022,1.26366,1.66548
93.95000,-13.15079,1.27269,1.60287
94.00000,-13.15080,1.28174,1.54026
94.05000,-13.15024,1.29082,1.47786
94.10000,-13.14956,1.29885,1.41601
94.15000,-13.14927,1.30119,1.35346
94.20100,-13.14921,1.30146,1.28614
94.25000,-13.14916,1.30161,1.21903
94.30100,-13.14910,1.30175,1.15278
94.35000,-13.14903,1.30190,1.08740
94.40000,-13.14895,1.30203,1.02291
94.45100,-13.14887,1.30216,0.95930
94.50100,-13.14877,1.30229,0.89660
94.55300,-13.14867,1.30241,0.83481
94.60200,-13.14856,1.30252,0.77393
94.65200,-13.14845,1.30262,0.71398
94.70100,-13.14833,1.30272,0.65496
94.75000,-13.14820,1.30281,0.59688
94.80100,-13.14807,1.30290,0.53975
94.85100,-13.14794,1.30297,0.48356
94.90000,-13.14780,1.30304,0.42833
94.95100,-13.14765,1.30310,0.37405
95.00000,-13.14751,1.30316,0.32073
95.05300,-13.14736,1.30320,0.26838
95.10000,-13.14721,1.30324,0.21699
95.15200,-13.14705,1.30327,0.16657
95.20000,-13.14690,1.30329,0.11712
95.25000,-13.14465,1.30355,0.06904
95.30100,-13.13758,1.30390,0.02625
95.35200,-13.12844,1.30394,-0.01691
95.40100,-13.11855,1.30355,-0.06225
95.45000,-13.10858,1.30270,-0.10708
95.50100,-13.09867,1.30141,-0.15096
95.55100,-13.08890,1.29971,-0.19411
95.60000,-13.07916,1.29758,-0.23624
95.65200,-13.06952,1.29505,-0.27736
95.70000,-13.06001,1.29214,-0.31760
95.75100,-13.05061,1.28884,-0.35686
95.80000,-13.04157,1.28527,-0.39601
95.85000,-13.03317,1.28154,-0.43632
95.90000,-13.02495,1.27749,-0.47579
95.95100,-13.01680,1.27308,-0.51375
96.00100,-13.00896,1.26844,-0.55141
96.05100,-13.00124,1.26348,-0.58783
96.10200,-12.99363,1.25819,-0.62279
96.15100,-12.98630,1.25271,-0.65722
96.20000,-12.97913,1.24722,-0.69199
96.25200,-12.97498,1.24407,-0.71648
96.30000,-12.97033,1.24007,-0.71980
96.35100,-12.96413,1.23467,-0.71045
96.40000,-12.95709,1.22871,-0.69427
96.45100,-12.94970,1.22267,-0.67597
96.50100,-12.94220,1.21675,-0.65830
96.55000,-12.93462,1.21100,-0.63892
96.60100,-12.92693,1.20541,-0.61920
96.65100,-12.91915,1.19999,-0.59820
96.70000,-12.91127,1.19474,-0.57733
96.75000,-12.90329,1.18966,-0.55537
96.80000,-12.89522,1.18478,-0.53298
96.85000,-12.88704,1.18008,-0.50997
96.90100,-12.87876,1.17557,-0.48719
96.95000,-12.87040,1.17127,-0.46342
97.00000,-12.86195,1.16718,-0.43887
97.05000,-12.85341,1.16329,-0.41442
97.10100,-12.84478,1.15963,-0.38921
97.15000,-12.83609,1.15619,-0.36326
97.20000,-12.82730,1.15298,-0.33744
97.25000,-12.81844,1.15000,-0.31133
97.30100,-12.80951,1.14726,-0.28506
97.35000,-12.80053,1.14476,-0.25806
97.40000,-12.79148,1.14250,-0.23085
97.45100,-12.78237,1.14049,-0.20411
97.50000,-12.77324,1.13873,-0.17636
97.55100,-12.76407,1.13723,-0.14777
97.60100,-12.75487,1.13600,-0.11903
97.65000,-12.74565,1.13503,-0.09003
97.70100,-12.73641,1.13433,-0.06061
97.75200,-12.72717,1.13391,-0.03075
97.80000,-12.71792,1.13377,-0.00075
97.85000,-12.70868,1.13390,0.02965
97.90000,-12.69946,1.13431,0.06025
97.95000,-12.69025,1.13501,0.09078
98.00000,-12.68109,1.13599,0.12234
98.05100,-12.67196,1.13726,0.15378
98.10100,-12.66282,1.13870,0.17978
98.15000,-12.65360,1.14024,0.19644
98.20100,-12.64426,1.14191,0.20432
98.25100,-12.63475,1.14378,0.20328
98.30100,-12.62509,1.14580,0.19648
98.35100,-12.61925,1.14635,0.19062
98.40000,-12.61584,1.14695,0.18393
98.45000,-12.60746,1.14852,0.17004
98.50000,-12.59782,1.15008,0.15185
98.55000,-12.58810,1.15147,0.13407
98.60000,-12.57833,1.15270,0.11658
98.65000,-12.56838,1.15378,0.10000
98.70100,-12.55842,1.15470,0.08367
98.75100,-12.54845,1.15546,0.06757
98.80100,-12.53847,1.15605,0.05169
98.85000,-12.52848,1.15649,0.03604
98.90100,-12.51848,1.15677,0.02061
98.95000,-12.50848,1.15690,0.00542
99.00000,-12.49848,1.15688,-0.00954
99.05000,-12.48849,1.15671,-0.02426
99.10000,-12.47895,1.15647,-0.02773
99.15000,-12.46962,1.15621,-0.01856
99.20000,-12.46003,1.15610,0.00191
99.25100,-12.45003,1.15626,0.03107
99.30000,-12.44004,1.15672,0.06057
99.35000,-12.43015,1.15725,0.08501
99.40100,-12.42038,1.15768,0.10065
99.45100,-12.41075,1.15817,0.10847
99.50200,-12.40151,1.15905,0.10273
99.55000,-12.39207,1.15997,0.08719
99.60200,-12.38249,1.16073,0.07096
99.65000,-12.37290,1.16134,0.05496
99.70000,-12.36329,1.16180,0.03919
99.75100,-12.35367,1.16210,0.02368
99.80100,-12.34403,1.16226,0.00842
99.85000,-12.33439,1.16227,-0.00661
99.90000,-12.32452,1.16218,-0.01253
99.95000,-12.31636,1.16210,-0.01149
100.00000,-12.30827,1.16197,-0.01802
100.05100,-12.29907,1.16178,-0.02306
100.10200,-12.28988,1.16165,-0.00463
100.15000,-12.28141,1.16169,0.00954
100.20000,-12.27372,1.16176,0.01690
100.25000,-12.26699,1.16191,0.02526
100.30100,-12.25843,1.16211,0.01766
100.35000,-12.24875,1.16221,0.00489
100.40000,-12.23881,1.16223,0.00084
100.45000,-12.23087,1.16224,0.00184
100.50000,-12.22174,1.16222,-0.00768
100.55000,-12.21202,1.16209,-0.01960
100.60000,-12.20238,1.16191,-0.02015
100.65100,-12.19342,1.16181,-0.00011
100.70100,-12.18397,1.16195,0.03002
100.75100,-12.17442,1.16229,0.04989
100.80100,-12.16545,1.16271,0.04423
100.85000,-12.15570,1.16309,0.03304
100.90100,-12.14595,1.16337,0.02190
100.95100,-12.13619,1.16353,0.01084
101.00000,-12.12638,1.16359,-0.00034
101.05100,-12.11662,1.16353,-0.01129
101.10200,-12.10734,1.16342,-0.00992
101.15100,-12.10085,1.16338,-0.00410
101.20100,-12.09274,1.16333,-0.00666
101.25100,-12.08322,1.16323,-0.01554
101.30100,-12.07332,1.16308,-0.01610
101.35000,-12.06477,1.16303,0.00584
101.40100,-12.05630,1.16322,0.03962
101.45100,-12.04744,1.16362,0.07101
101.50100,-12.03834,1.16428,0.08707
101.55100,-12.02904,1.16517,0.09228
101.60000,-12.01940,1.16610,0.08631
101.65000,-12.00954,1.16691,0.07490
101.70000,-11.99975,1.16760,0.06407
101.75000,-11.98999,1.16818,0.05300
101.80100,-11.98015,1.16865,0.04237
101.85100,-11.97042,1.16899,0.03145
101.90100,-11.96070,1.16923,0.02061
101.95000,-11.95097,1.16937,0.00987
102.00000,-11.94123,1.16940,-0.00076
102.05000,-11.93149,1.16933,-0.01129
102.10000,-11.92175,1.16915,-0.02172
102.15000,-11.91201,1.16888,-0.03203
102.20000,-11.90228,1.16850,-0.04223
102.25000,-11.89254,1.16803,-0.05232
102.30000,-11.88280,1.16746,-0.06230
102.35000,-11.87307,1.16679,-0.07213
102.40100,-11.86367,1.16620,-0.07010
102.45100,-11.85487,1.16568,-0.05250
102.50100,-11.84563,1.16533,-0.02165
102.55000,-11.83565,1.16528,0.01310
102.60100,-11.82617,1.16547,0.03710
102.65000,-11.81697,1.16568,0.05063
102.70000,-11.80791,1.16604,0.05632
102.75300,-11.79891,1.16651,0.05446
102.80000,-11.78930,1.16702,0.04654
102.85000,-11.77935,1.16743,0.03687
102.90100,-11.76937,1.16776,0.02736
102.95100,-11.75960,1.16797,0.01715
103.00000,-11.74976,1.16809,0.00729
103.05100,-11.74001,1.16811,-0.00293
103.10100,-11.73027,1.16804,-0.01313
103.15000,-11.72052,1.16786,-0.02323
103.20000,-11.71078,1.16758,-0.03324
103.25000,-11.70103,1.16721,-0.04316
103.30100,-11.69129,1.16674,-0.05297
103.35000,-11.68137,1.16617,-0.05646
103.40000,-11.67097,1.16569,-0.04327
103.45000,-11.66205,1.16540,-0.02900
103.50100,-11.65387,1.16521,-0.01826
103.55000,-11.64703,1.16515,-0.00475
103.60000,-11.63895,1.16511,-0.00543
103.65000,-11.62922,1.16500,-0.01401
103.70000,-11.61945,1.16481,-0.02297
103.75100,-11.60968,1.16454,-0.03200
103.80000,-11.60020,1.16427,-0.02904
103.85000,-11.59166,1.16414,-0.00367
103.90200,-11.58367,1.16420,0.01410
103.95100,-11.57516,1.16432,0.01198
104.00100,-11.56540,1.16440,0.00356
104.05000,-11.55560,1.16439,-0.00520
104.10000,-11.54581,1.16430,-0.01386
104.15100,-11.53596,1.16411,-0.02283
104.20100,-11.52611,1.16385,-0.03146
104.25000,-11.51628,1.16349,-0.04020
104.30100,-11.50661,1.16315,-0.03771
104.35100,-11.49779,1.16295,-0.01348
104.40000,-11.48959,1.16299,0.02250
104.45100,-11.48065,1.16337,0.06254
104.50000,-11.47167,1.16396,0.09724
104.55000,-11.46247,1.16480,0.11617
104.60100,-11.45313,1.16579,0.12725
104.65000,-11.44686,1.16600,0.13644
104.70000,-11.44488,1.16606,0.13385
104.75000,-11.44469,1.16608,0.12188
104.80000,-11.44450,1.16610,0.10974
104.85100,-11.44431,1.16612,0.09769
104.90000,-11.44412,1.16614,0.08574
104.95000,-11.44393,1.16615,0.07389
105.00000,-11.44374,1.16617,0.06213
105.05000,-11.44355,1.16618,0.05047
105.10000,-11.44192,1.16638,0.03915
105.15100,-11.43598,1.16670,0.02765
105.20000,-11.42643,1.16692,0.01675
105.25000,-11.41668,1.16704,0.00676
105.30000,-11.40686,1.16705,-0.00347
105.35100,-11.39709,1.16697,-0.01342
105.40300,-11.38733,1.16679,-0.02324
105.45100,-11.37758,1.16650,-0.03298
105.50000,-11.36783,1.16613,-0.04259
105.55000,-11.35808,1.16565,-0.05219
105.60100,-11.34833,1.16508,-0.06171
105.65000,-11.33889,1.16456,-0.05988
105.70000,-11.33160,1.16418,-0.05441
105.75100,-11.32425,1.16379,-0.04795
105.80000,-11.31769,1.16350,-0.04079
105.85100,-11.30884,1.16310,-0.04462
105.90100,-11.29885,1.16262,-0.05239
105.95100,-11.28888,1.16211,-0.05666
106.00100,-11.27891,1.16159,-0.05391
106.05000,-11.26889,1.16100,-0.04270
106.10000,-11.25854,1.16065,-0.01553
106.15100,-11.24852,1.16069,0.02262
106.20000,-11.23855,1.16111,0.06132
106.25100,-11.22853,1.16167,0.09388
106.30100,-11.21881,1.16208,0.12006
106.35000,-11.21213,1.16209,0.13911
106.40000,-11.20637,1.16191,0.15332
106.45000,-11.20083,1.16172,0.16599
106.50100,-11.19555,1.16153,0.17712
106.55100,-11.19053,1.16132,0.18668
106.60100,-11.18581,1.16111,0.19461
106.65000,-11.18139,1.16088,0.20087
106.70000,-11.17730,1.16063,0.20542
106.75000,-11.17354,1.16038,0.20824
106.80100,-11.17013,1.16010,0.20928
106.85100,-11.16773,1.15980,0.20598
106.90000,-11.16669,1.15968,0.19694
106.95100,-11.16648,1.15971,0.18439
107.00000,-11.16629,1.15975,0.17172
107.05000,-11.16610,1.15978,0.15909
107.10000,-11.16590,1.15981,0.14650
107.15000,-11.16571,1.15984,0.13396
107.20000,-11.16552,1.15986,0.12148
107.25000,-11.16533,1.15988,0.10905
107.30000,-11.16514,1.15990,0.09669
107.35100,-11.16495,1.15992,0.08440
107.40300,-11.16475,1.15993,0.07217
107.45000,-11.16456,1.15995,0.06002
107.50100,-11.16437,1.15996,0.04795
107.55000,-11.16418,1.15997,0.03596
107.60000,-11.16398,1.15997,0.02405
107.65100,-11.16217,1.16004,0.01226
107.70100,-11.15637,1.16010,0.00011
107.75200,-11.14783,1.16004,-0.01258
107.80200,-11.13795,1.15986,-0.02461
107.85000,-11.12825,1.15962,-0.03084
107.90100,-11.11855,1.15936,-0.02877
107.95000,-11.10960,1.15914,-0.02450
108.00000,-11.10262,1.15899,-0.01552
108.05000,-11.09519,1.15896,0.00904
108.10000,-11.08710,1.15910,0.02512
108.15100,-11.07908,1.15933,0.02358
108.20200,-11.07012,1.15954,0.01758
108.25100,-11.06020,1.15967,0.00730
108.30000,-11.05015,1.15971,0.00470
108.35000,-11.04123,1.15981,0.02500
108.40000,-11.03265,1.16003,0.04762
108.45000,-11.02408,1.16034,0.05827
108.50100,-11.01553,1.16071,0.06440
108.55200,-11.01049,1.16083,0.06835
108.60000,-11.00927,1.16084,0.06151
108.65000,-11.00886,1.16091,0.05948
108.70100,-11.00713,1.16101,0.05681
108.75100,-11.00675,1.16103,0.04615
108.80000,-11.00664,1.16103,0.03503
108.85000,-11.00649,1.16104,0.02431
108.90100,-11.00628,1.16104,0.01393
108.95000,-11.00607,1.16104,0.00357
109.00000,-11.00560,1.16104,0.00430
109.05100,-11.00177,1.16109,0.01215
109.10100,-10.99397,1.16120,0.01043
109.15000,-10.98438,1.16125,0.00033
109.20000,-10.97463,1.16120,-0.01077
109.25100,-10.96490,1.16104,-0.02181
109.30000,-10.95518,1.16078,-0.03288
109.35000,-10.94542,1.16049,-0.03357
109.40100,-10.93718,1.16032,-0.01037
109.45000,-10.92906,1.16037,0.02469
109.50100,-10.92076,1.16065,0.05302
109.55000,-10.91295,1.16094,0.07337
109.60000,-10.90768,1.16081,0.08461
109.65000,-10.90510,1.16078,0.08353
109.70100,-10.90489,1.16078,0.07188
109.75000,-10.90472,1.16080,0.05833
109.80000,-10.90467,1.16081,0.04520
109.85000,-10.90466,1.16081,0.03225
109.90100,-10.90471,1.16081,0.01992
109.95100,-10.90472,1.16081,0.00753
110.00000,-10.90463,1.16081,-0.00507
110.05000,-10.90465,1.16081,-0.01737
110.10100,-10.90477,1.16080,-0.02371
110.15100,-10.90139,1.16068,-0.02542
110.20000,-10.89441,1.16054,-0.01648
110.25100,-10.88705,1.16051,0.00990
110.30100,-10.87883,1.16065,0.03420
110.35200,-10.87136,1.16086,0.04765
110.40000,-10.86732,1.16086,0.05343
110.45000,-10.86489,1.16087,0.05096
110.50100,-10.86320,1.16088,0.04500
110.55000,-10.86157,1.16089,0.03853
110.60000,-10.85995,1.16091,0.03206
110.65100,-10.85832,1.16092,0.02559
110.70000,-10.85669,1.16094,0.01911
110.75100,-10.85506,1.16096,0.01263
110.80000,-10.85342,1.16098,0.00615
110.85100,-10.85179,1.16100,-0.00037
110.90100,-10.85103,1.16099,-0.00202
110.95000,-10.84881,1.16099,-0.00292
111.00000,-10.84828,1.16099,-0.01371
111.05300,-10.84838,1.16099,-0.02602
111.10000,-10.84678,1.16084,-0.03875
111.15100,-10.84133,1.16057,-0.04193
111.20000,-10.83572,1.16033,-0.03592
111.25100,-10.82907,1.16013,-0.02638
111.30000,-10.82321,1.16001,-0.01489
111.35200,-10.81695,1.15994,-0.00294
111.40200,-10.81164,1.15996,0.00857
111.45100,-10.80843,1.15996,0.00994
111.50000,-10.80707,1.15998,0.01264
111.55100,-10.80474,1.16002,0.01144
111.60200,-10.80443,1.16002,-0.00088
111.65000,-10.80423,1.16001,-0.01392
111.70100,-10.80406,1.16001,-0.02702
111.75000,-10.80405,1.16001,-0.03924
111.80000,-10.80333,1.15998,-0.03815
111.85000,-10.79993,1.15984,-0.02471
111.90000,-10.79469,1.15977,-0.01251
111.95000,-10.79100,1.15977,-0.00835
112.00000,-10.78840,1.15977,-0.00918
112.05100,-10.78614,1.15976,-0.01136
112.10000,-10.78509,1.15975,-0.00952
112.15000,-10.78259,1.15973,-0.00578
112.20200,-10.78097,1.15972,-0.00608
112.25200,-10.77802,1.15972,0.00651
112.30100,-10.77177,1.15985,0.03017
112.35100,-10.76437,1.16006,0.05141
112.40000,-10.76003,1.16010,0.05839
112.45000,-10.75887,1.16012,0.05181
112.50000,-10.75891,1.16012,0.03973
112.55100,-10.75891,1.16012,0.02712
112.60000,-10.75878,1.16012,0.01400
112.65200,-10.75860,1.16013,0.00073
112.70100,-10.75840,1.16012,-0.00591
112.75000,-10.75716,1.16010,-0.00026
112.80100,-10.75328,1.16015,0.01610
112.85100,-10.74625,1.16038,0.04530
112.90100,-10.73721,1.16096,0.08174
112.95000,-10.72811,1.16168,0.11412
113.00000,-10.72093,1.16217,0.13549
113.05100,-10.71655,1.16229,0.14236
113.10100,-10.71367,1.16225,0.14087
113.15000,-10.71092,1.16221,0.13864
113.20100,-10.70816,1.16217,0.13640
113.25100,-10.70540,1.16213,0.13416
113.30100,-10.70264,1.16209,0.13192
113.35000,-10.69988,1.16205,0.12968
113.40000,-10.69713,1.16201,0.12722
113.45000,-10.69652,1.16198,0.11396
113.50100,-10.69658,1.16200,0.09672
113.55000,-10.69664,1.16201,0.07950
113.60000,-10.69670,1.16201,0.06229
113.65000,-10.69690,1.16201,0.04567
113.70100,-10.69711,1.16200,0.02921
113.75100,-10.69735,1.16198,0.01288
113.80000,-10.69759,1.16196,-0.00333
113.85000,-10.69777,1.16196,-0.01941
113.90100,-10.69795,1.16197,-0.03548
113.95000,-10.69814,1.16197,-0.05147
114.00000,-10.69831,1.16197,-0.06742
114.05000,-10.69854,1.16199,-0.08277
114.10000,-10.69809,1.16194,-0.08471
114.15000,-10.69442,1.16162,-0.06984
114.20000,-10.68779,1.16123,-0.04549
114.25100,-10.68068,1.16103,-0.02725
114.30000,-10.67600,1.16101,-0.02265
114.35100,-10.67422,1.16096,-0.02131
114.40100,-10.67184,1.16091,-0.02182
114.45200,-10.67041,1.16088,-0.02213
114.50100,-10.66867,1.16086,-0.01946
114.55200,-10.66813,1.16086,-0.03111
114.60100,-10.66829,1.16087,-0.04647
114.65100,-10.66812,1.16082,-0.05074
114.70100,-10.66529,1.16062,-0.03846
114.75100,-10.65899,1.16044,-0.01388
114.80200,-10.65109,1.16046,0.01798
114.85000,-10.64180,1.16080,0.05478
114.90000,-10.63211,1.16124,0.09016
114.95100,-10.62340,1.16140,0.11274
115.00100,-10.61640,1.16119,0.12444
115.05000,-10.61056,1.16076,0.12999
115.10000,-10.60580,1.16029,0.13010
115.15000,-10.60273,1.16002,0.12244
115.20100,-10.60250,1.15996,0.10269
115.25100,-10.60292,1.15992,0.07990
115.30000,-10.60335,1.15988,0.05699
115.35000,-10.60376,1.15986,0.03424
115.40000,-10.60416,1.15984,0.01158
115.45100,-10.60456,1.15984,-0.01087
115.50100,-10.60445,1.15983,-0.02041
115.55000,-10.60209,1.15976,-0.01214
115.60000,-10.59611,1.15975,0.00961
115.65000,-10.58909,1.15985,0.02711
115.70000,-10.58377,1.15985,0.02885
115.75100,-10.58207,1.15983,0.01412
115.80000,-10.58124,1.15983,0.00656
115.85000,-10.57991,1.15984,0.00521
115.90100,-10.57890,1.15984,-0.00574
115.95000,-10.57809,1.15983,-0.01534
116.00000,-10.57553,1.15978,-0.00628
116.05100,-10.57087,1.15978,0.00078
116.10000,-10.56698,1.15978,-0.00584
116.15100,-10.56532,1.15977,-0.00893
116.20100,-10.56351,1.15975,-0.01028
116.25000,-10.56213,1.15973,-0.01604
116.30000,-10.55889,1.15968,-0.00407
116.35100,-10.55395,1.15968,0.00636
116.40100,-10.55009,1.15970,0.00885
116.45100,-10.54679,1.15973,0.01259
116.50100,-10.54394,1.15974,0.01176
116.55000,-10.54139,1.15977,0.01218
116.60100,-10.53964,1.15977,-0.00440
116.65100,-10.53928,1.15976,-0.01883
116.70000,-10.53750,1.15970,-0.01247
116.75100,-10.53269,1.15968,0.00816
116.80100,-10.52521,1.15985,0.03785
116.85000,-10.51708,1.16011,0.06297
116.90100,-10.50931,1.16010,0.07501
116.95000,-10.50208,1.15970,0.07072
117.00000,-10.49560,1.15926,0.05940
117.05100,-10.48986,1.15894,0.04260
117.10200,-10.48491,1.15877,0.02059
117.15000,-10.48081,1.15873,-0.00662
117.20100,-10.47930,1.15872,-0.04556
117.25000,-10.47911,1.15871,-0.09086
117.30100,-10.47888,1.15863,-0.13002
117.35200,-10.47832,1.15818,-0.15364
117.40000,-10.47747,1.15742,-0.16317
117.45000,-10.47635,1.15637,-0.16170
117.50000,-10.47358,1.15485,-0.14934
117.55000,-10.46814,1.15314,-0.12557
117.60100,-10.45964,1.15207,-0.08950
117.65100,-10.44981,1.15140,-0.04826
117.70100,-10.43982,1.15113,-0.00660
117.75200,-10.42982,1.15128,0.03579
117.80000,-10.41986,1.15185,0.07972
117.85000,-10.41002,1.15253,0.11823
117.90200,-10.40017,1.15325,0.14463
117.95000,-10.39035,1.15397,0.15880
118.00000,-10.38075,1.15450,0.15853
118.05000,-10.37118,1.15505,0.14407
118.10000,-10.36288,1.15559,0.11582
118.15000,-10.35680,1.15608,0.07705
118.20100,-10.35292,1.15630,0.02850
118.25200,-10.35120,1.15631,-0.02926
118.30100,-10.35063,1.15627,-0.09178
118.35100,-10.35006,1.15620,-0.14576
118.40000,-10.34933,1.15594,-0.18464
118.45100,-10.34818,1.15518,-0.19560
118.50200,-10.34596,1.15409,-0.18615
118.55100,-10.33924,1.15282,-0.15879
118.60100,-10.33076,1.15161,-0.12402
118.65100,-10.32181,1.15067,-0.08373
118.70000,-10.31216,1.15004,-0.04198
118.75100,-10.30227,1.14985,0.00118
118.80000,-10.29274,1.15005,0.04393
118.85000,-10.28316,1.15067,0.08396
118.90000,-10.27406,1.15151,0.10910
118.95000,-10.26522,1.15217,0.10905
119.00100,-10.25696,1.15274,0.08793
119.05100,-10.25114,1.15300,0.04840
119.10100,-10.24902,1.15302,-0.00630
119.15200,-10.24841,1.15301,-0.05928
119.20100,-10.24797,1.15307,-0.10360
119.25100,-10.24769,1.15308,-0.13991
119.30000,-10.24738,1.15301,-0.16020
119.35000,-10.24575,1.15244,-0.15450
119.40000,-10.24023,1.15156,-0.12985
119.45100,-10.23318,1.15073,-0.09548
119.50000,-10.22481,1.15009,-0.05603
119.55000,-10.21559,1.14976,-0.01337
119.60100,-10.20603,1.14983,0.02959
119.65000,-10.19719,1.15030,0.07547
119.70200,-10.18777,1.15124,0.11766
119.75100,-10.17853,1.15241,0.14467
119.80200,-10.16978,1.15340,0.14393
119.85100,-10.16221,1.15423,0.12086
119.90000,-10.15798,1.15455,0.07418
119.95000,-10.15658,1.15462,0.01449
120.00000,-10.15560,1.15460,-0.04722
120.05100,-10.15464,1.15455,-0.09995
120.10200,-10.15355,1.15432,-0.12938
120.15000,-10.15157,1.15376,-0.12425
120.20000,-10.14644,1.15314,-0.10078
120.25100,-10.14026,1.15258,-0.06712
120.30000,-10.13251,1.15220,-0.02687
120.35100,-10.12386,1.15217,0.01789
120.40000,-10.11502,1.15253,0.06382
120.45000,-10.10626,1.15330,0.11155
120.50000,-10.09752,1.15427,0.15351
120.55000,-10.08872,1.15534,0.17970
120.60100,-10.08006,1.15634,0.17815
120.65100,-10.07165,1.15721,0.15225
120.70000,-10.06440,1.15807,0.11104
120.75100,-10.05942,1.15851,0.05873
120.80000,-10.05680,1.15859,-0.00364
120.85100,-10.05488,1.15852,-0.06904
120.90000,-10.05294,1.15833,-0.13423
120.95000,-10.05104,1.15808,-0.18925
121.00100,-10.04920,1.15786,-0.23362
121.05100,-10.04737,1.15765,-0.27138
121.10000,-10.04545,1.15731,-0.29694
121.15000,-10.04357,1.15701,-0.31729
121.20200,-10.04176,1.15676,-0.33395
121.25000,-10.04002,1.15658,-0.34754
121.30100,-10.03828,1.15639,-0.35643
121.35000,-10.03650,1.15613,-0.35987
121.40000,-10.03474,1.15590,-0.36191
121.45000,-10.03294,1.15561,-0.35906
121.50100,-10.03107,1.15519,-0.34442
121.55000,-10.02828,1.15422,-0.31942
121.60000,-10.02344,1.15269,-0.28626
121.65100,-10.01604,1.15068,-0.24293
121.70000,-10.00713,1.14870,-0.19321
121.75100,-9.99759,1.14709,-0.14190
121.80100,-9.98773,1.14595,-0.08907
121.85200,-9.97781,1.14533,-0.03485
121.90000,-9.96783,1.14526,0.02016
121.95000,-9.95784,1.14573,0.07449
122.00100,-9.94789,1.14675,0.12828
122.05100,-9.93811,1.14790,0.17578
122.10000,-9.92835,1.14908,0.20795
122.15000,-9.91877,1.15011,0.22025
122.20000,-9.90955,1.15084,0.21485
122.25000,-9.90062,1.15132,0.18956
122.30000,-9.89248,1.15190,0.14754
122.35100,-9.88666,1.15250,0.09400
122.40200,-9.88216,1.15279,0.03402
122.45000,-9.87755,1.15281,-0.02611
122.50200,-9.87289,1.15254,-0.08616
122.55100,-9.86826,1.15216,-0.13832
122.60100,-9.86340,1.15150,-0.17508
122.65100,-9.85810,1.15036,-0.19113
122.70000,-9.85256,1.14894,-0.19544
122.75000,-9.84675,1.14723,-0.18902
122.80000,-9.84067,1.14523,-0.16892
122.85000,-9.83390,1.14377,-0.13010
122.90100,-9.82606,1.14295,-0.08075
122.95000,-9.81752,1.14248,-0.02872
123.00000,-9.80846,1.14246,0.02501
123.05000,-9.79927,1.14295,0.08077
123.10000,-9.79017,1.14395,0.13849
123.15000,-9.78120,1.14508,0.18956
123.20100,-9.77241,1.14603,0.23029
123.25000,-9.76383,1.14683,0.25414
123.30000,-9.75539,1.14749,0.27116
123.35100,-9.74703,1.14807,0.28709
123.40100,-9.73877,1.14857,0.30222
123.45200,-9.73054,1.14903,0.31489
123.50100,-9.72232,1.14950,0.32256
123.55000,-9.71416,1.14996,0.31547
123.60000,-9.70592,1.15052,0.29526
123.65000,-9.69753,1.15130,0.25587
123.70100,-9.69026,1.15252,0.20024
123.75100,-9.68352,1.15367,0.13849
123.80000,-9.67632,1.15445,0.07553
123.85000,-9.66885,1.15477,0.01151
123.90000,-9.66114,1.15461,-0.05303
123.95000,-9.65335,1.15394,-0.11807
124.00000,-9.64565,1.15311,-0.17441
124.05000,-9.63776,1.15204,-0.20864
124.10000,-9.62945,1.15047,-0.21201
124.15000,-9.62116,1.14890,-0.20268
124.20000,-9.61304,1.14747,-0.18283
124.25000,-9.60502,1.14611,-0.15137
124.30100,-9.59698,1.14498,-0.10702
124.35000,-9.58910,1.14433,-0.05438
124.40100,-9.58077,1.14410,0.00060
124.45100,-9.57226,1.14436,0.05769
124.50100,-9.56337,1.14512,0.11523
124.55000,-9.55406,1.14648,0.17241
124.60000,-9.54487,1.14800,0.22347
124.65100,-9.53571,1.14955,0.26095
124.70100,-9.52654,1.15117,0.27179
124.75000,-9.51866,1.15277,0.24927
124.80300,-9.51492,1.15359,0.19863
124.85200,-9.50997,1.15445,0.14325
124.90100,-9.50459,1.15506,0.08264
124.95100,-9.49875,1.15535,0.01896
125.00000,-9.49254,1.15526,-0.04666
125.05000,-9.48629,1.15506,-0.10441
125.10000,-9.48015,1.15492,-0.14735
125.15000,-9.47382,1.15454,-0.16542
125.20100,-9.46727,1.15388,-0.15653
125.25100,-9.46053,1.15297,-0.12660
125.30000,-9.45306,1.15214,-0.08555
125.35000,-9.44450,1.15160,-0.03999
125.40100,-9.43537,1.15146,0.00894
125.45000,-9.42563,1.15180,0.05945
125.50000,-9.41569,1.15265,0.11139
125.55200,-9.40589,1.15368,0.15730
125.60000,-9.39604,1.15481,0.18749
125.65000,-9.38635,1.15584,0.19168
125.70100,-9.37694,1.15670,0.17155
125.75000,-9.36850,1.15760,0.13502
125.80000,-9.36158,1.15837,0.08450
125.85000,-9.35623,1.15866,0.02209
125.90100,-9.35097,1.15860,-0.04487
125.95200,-9.34540,1.15816,-0.11367
126.00200,-9.33981,1.15760,-0.17344
126.05000,-9.33437,1.15716,-0.22124
126.10000,-9.32876,1.15652,-0.25357
126.15000,-9.32301,1.15571,-0.27448
126.20000,-9.31720,1.15482,-0.28663
126.25000,-9.31132,1.15384,-0.29192
126.30000,-9.30545,1.15286,-0.29443
126.35100,-9.29956,1.15186,-0.29337
126.40000,-9.29361,1.15077,-0.28247
126.45100,-9.28754,1.14952,-0.25867
126.50400,-9.28105,1.14798,-0.22194
126.55200,-9.27264,1.14618,-0.17596
126.60100,-9.26321,1.14473,-0.12579
126.65100,-9.25335,1.14374,-0.07405
126.70000,-9.24336,1.14326,-0.02198
126.75100,-9.23337,1.14330,0.03046
126.80100,-9.22342,1.14387,0.08387
126.85100,-9.21349,1.14497,0.13655
126.90100,-9.20374,1.14618,0.18359
126.95100,-9.19429,1.14715,0.20964
127.00100,-9.18532,1.14769,0.21446
127.05000,-9.17660,1.14801,0.20857
127.10100,-9.16806,1.14816,0.19373
127.15000,-9.15970,1.14816,0.16683
127.20100,-9.15146,1.14827,0.12239
127.25000,-9.14484,1.14851,0.06410
127.30000,-9.14023,1.14866,-0.00365
127.35000,-9.13604,1.14850,-0.07249
127.40000,-9.13191,1.14823,-0.13282
127.45000,-9.12764,1.14780,-0.17969
127.50100,-9.12295,1.14689,-0.20486
127.55300,-9.11796,1.14565,-0.21425
127.60000,-9.11273,1.14414,-0.21255
127.65000,-9.10719,1.14229,-0.19954
127.70100,-9.10146,1.14023,-0.17863
127.75000,-9.09466,1.13836,-0.14408
127.80100,-9.08544,1.13723,-0.09914
127.85100,-9.07563,1.13649,-0.05149
127.90000,-9.06564,1.13622,-0.00337
127.95000,-9.05564,1.13643,0.04470
128.00000,-9.04567,1.13712,0.09298
128.05000,-9.03577,1.13829,0.14258
128.10100,-9.02602,1.13957,0.18572
128.15000,-9.01646,1.14070,0.21590
128.20000,-9.00707,1.14169,0.22824
128.25000,-8.99772,1.14265,0.23762
128.30000,-8.98852,1.14350,0.23369
128.35000,-8.97929,1.14440,0.21687
128.40000,-8.97013,1.14540,0.18089
128.45000,-8.96285,1.14639,0.13133
128.50200,-8.95803,1.14689,0.07154
128.55100,-8.95527,1.14700,0.00375
128.60100,-8.95284,1.14693,-0.06469
128.65100,-8.95054,1.14670,-0.13266
128.70100,-8.94829,1.14641,-0.19149
128.75000,-8.94587,1.14591,-0.22985
128.80100,-8.94344,1.14537,-0.25352
128.85200,-8.94112,1.14490,-0.26644
128.90000,-8.93886,1.14447,-0.26903
128.95100,-8.93668,1.14408,-0.26253
129.00000,-8.93432,1.14348,-0.24795
129.05000,-8.93058,1.14257,-0.22529
129.10100,-8.92527,1.14142,-0.19409
129.15000,-8.91827,1.14013,-0.15406
129.20000,-8.90932,1.13889,-0.10793
129.25000,-8.90016,1.13811,-0.06084
129.30100,-8.89072,1.13775,-0.01541
129.35000,-8.88079,1.13781,0.02855
129.40100,-8.87183,1.13827,0.07594
129.45000,-8.86309,1.13915,0.12439
129.50000,-8.85438,1.14045,0.17215
129.55000,-8.84571,1.14196,0.21364
129.60100,-8.83698,1.14356,0.23876
129.65300,-8.82841,1.14507,0.23495
129.70100,-8.82152,1.14631,0.20267
129.75100,-8.81922,1.14670,0.14641
129.80100,-8.81824,1.14681,0.08470
129.85100,-8.81732,1.14686,0.02346
129.90000,-8.81646,1.14685,-0.03711
129.95100,-8.81562,1.14682,-0.08893
130.00100,-8.81471,1.14665,-0.11886
130.05000,-8.81321,1.14625,-0.11498
130.10000,-8.81086,1.14593,-0.10348
130.15000,-8.80763,1.14560,-0.08630
130.20100,-8.80320,1.14525,-0.06245
130.25000,-8.79728,1.14491,-0.03110
130.30000,-8.78985,1.14477,0.00833
130.35000,-8.78011,1.14506,0.05113
130.40100,-8.77006,1.14580,0.09448
130.45000,-8.76016,1.14683,0.12674
130.50100,-8.75038,1.14795,0.13413
130.55000,-8.74068,1.14903,0.12645
130.60000,-8.73117,1.15008,0.10307
130.65000,-8.72330,1.15077,0.06846
130.70000,-8.71831,1.15089,0.03215
130.75100,-8.71558,1.15093,0.00519
130.80200,-8.71407,1.15092,-0.01895
130.85000,-8.71218,1.15085,-0.02003
130.90000,-8.70907,1.15077,-0.00785
130.95000,-8.70261,1.15080,0.01858
131.00000,-8.69413,1.15111,0.05317
131.05000,-8.68460,1.15181,0.09257
131.10100,-8.67477,1.15272,0.12734
131.15100,-8.66505,1.15360,0.14369
131.20000,-8.65566,1.15418,0.14130
131.25000,-8.64641,1.15464,0.12961
131.30000,-8.63735,1.15514,0.10141
131.35300,-8.63025,1.15563,0.06130
131.40000,-8.62553,1.15582,0.01131
131.45000,-8.62315,1.15579,-0.04793
131.50200,-8.62154,1.15571,-0.10085
131.55000,-8.61995,1.15563,-0.14206
131.60000,-8.61832,1.15549,-0.17513
131.65000,-8.61666,1.15530,-0.19984
131.70000,-8.61496,1.15504,-0.21618
131.75000,-8.61301,1.15452,-0.21891
131.80100,-8.61067,1.15369,-0.20932
131.85000,-8.60687,1.15263,-0.19091
131.90200,-8.60122,1.15129,-0.16489
131.95100,-8.59369,1.14973,-0.13041
132.00000,-8.58382,1.14863,-0.08711
132.05000,-8.57384,1.14798,-0.04331
132.10000,-8.56385,1.14777,0.00067
132.15100,-8.55385,1.14799,0.04410
132.20000,-8.54387,1.14865,0.08768
132.25100,-8.53393,1.14974,0.13140
132.30000,-8.52415,1.15093,0.16988
132.35100,-8.51471,1.15180,0.19568
132.40000,-8.50583,1.15218,0.19892
132.45100,-8.49719,1.15233,0.19160
132.50000,-8.48873,1.15232,0.17641
132.55000,-8.48043,1.15217,0.15332
132.60200,-8.47318,1.15197,0.11985
132.65000,-8.46831,1.15186,0.07595
132.70000,-8.46571,1.15193,0.02260
132.75000,-8.46368,1.15192,-0.03311
132.80100,-8.46163,1.15179,-0.08857
132.85100,-8.45958,1.15159,-0.13681
132.90100,-8.45740,1.15123,-0.17587
132.95000,-8.45514,1.15078,-0.20610
133.00000,-8.45257,1.14998,-0.21828
133.05000,-8.44975,1.14890,-0.21854
133.10100,-8.44643,1.14743,-0.20550
133.15200,-8.44176,1.14560,-0.18226
133.20000,-8.43498,1.14367,-0.15070
133.25000,-8.42551,1.14242,-0.10813
133.30000,-8.41555,1.14156,-0.06351
133.35000,-8.40556,1.14116,-0.01791
133.40200,-8.39557,1.14121,0.02735
133.45000,-8.38558,1.14171,0.07334
133.50000,-8.37589,1.14265,0.11993
133.55200,-8.36637,1.14402,0.16622
133.60100,-8.35702,1.14549,0.20595
133.65000,-8.34773,1.14693,0.23008
133.70000,-8.33857,1.14829,0.23548
133.75000,-8.33008,1.14938,0.21436
133.80100,-8.32594,1.15007,0.16714
133.85100,-8.32278,1.15052,0.11500
133.90100,-8.31958,1.15080,0.06302
133.95200,-8.31636,1.15092,0.01129
134.00000,-8.31321,1.15092,-0.03277
134.05000,-8.31017,1.15096,-0.06389
134.10100,-8.30720,1.15105,-0.08179
134.15100,-8.30430,1.15088,-0.08039
134.20000,-8.29922,1.15038,-0.05291
134.25000,-8.29216,1.15015,-0.01237
134.30000,-8.28364,1.15023,0.03106
134.35100,-8.27470,1.15071,0.07681
134.40100,-8.26570,1.15162,0.12263
134.45000,-8.25688,1.15262,0.16291
134.50000,-8.24804,1.15369,0.18886
134.55000,-8.23914,1.15488,0.19036
134.60300,-8.23012,1.15628,0.17590
134.65200,-8.22466,1.15705,0.13374
134.70000,-8.22095,1.15745,0.08355
134.75000,-8.21721,1.15767,0.03349
134.80100,-8.21348,1.15771,-0.01630
134.85000,-8.20978,1.15755,-0.06579
134.90000,-8.20611,1.15722,-0.11497
134.95000,-8.20250,1.15671,-0.16382
135.00100,-8.19893,1.15613,-0.20281
135.05100,-8.19517,1.15532,-0.21122
135.10200,-8.19140,1.15448,-0.20083
135.15100,-8.18773,1.15375,-0.18131
135.20000,-8.18304,1.15295,-0.15272
135.25100,-8.17646,1.15202,-0.11635
135.30000,-8.16812,1.15121,-0.07402
135.35100,-8.16018,1.15078,-0.03103
135.40100,-8.15264,1.15069,0.00135
135.45000,-8.14518,1.15072,0.00938
135.50100,-8.13763,1.15078,0.00255
135.55200,-8.13052,1.15076,-0.02097
135.60200,-8.12568,1.15060,-0.05825
135.65000,-8.12288,1.15038,-0.10313
135.70100,-8.12052,1.15008,-0.14893
135.75000,-8.11819,1.14973,-0.18581
135.80000,-8.11563,1.14909,-0.19412
135.85000,-8.11304,1.14847,-0.18805
135.90000,-8.10967,1.14779,-0.17574
135.95000,-8.10458,1.14694,-0.15440
136.00100,-8.09763,1.14594,-0.12341
136.05000,-8.08895,1.14497,-0.08502
136.10100,-8.08027,1.14442,-0.05588
136.15200,-8.07229,1.14435,-0.04874
136.20100,-8.06540,1.14435,-0.06441
136.25100,-8.06143,1.14442,-0.09431
136.30100,-8.05975,1.14432,-0.13309
136.35100,-8.05862,1.14415,-0.17340
136.40000,-8.05757,1.14395,-0.21313
136.45000,-8.05654,1.14371,-0.24440
136.50200,-8.05536,1.14328,-0.25698
136.55200,-8.05384,1.14271,-0.25663
136.60300,-8.05116,1.14198,-0.25032
136.65000,-8.04723,1.14099,-0.23824
136.70000,-8.04170,1.13968,-0.21932
136.75100,-8.03425,1.13806,-0.19230
136.80000,-8.02487,1.13631,-0.15711
136.85100,-8.01498,1.13493,-0.12018
136.90000,-8.00538,1.13410,-0.09543
136.95000,-7.99725,1.13393,-0.09244
137.00000,-7.99222,1.13416,-0.10358
137.05000,-7.99077,1.13418,-0.12879
137.10000,-7.99029,1.13411,-0.15732
137.15000,-7.98984,1.13403,-0.18505
137.20000,-7.98940,1.13395,-0.21183
137.25100,-7.98899,1.13385,-0.23764
137.30100,-7.98861,1.13375,-0.26248
137.35100,-7.98819,1.13360,-0.27921
137.40100,-7.98749,1.13317,-0.28355
137.45000,-7.98580,1.13246,-0.28097
137.50000,-7.98245,1.13143,-0.27088
137.55000,-7.97728,1.13004,-0.25296
137.60000,-7.97024,1.12828,-0.22707
137.65000,-7.96121,1.12625,-0.19291
137.70000,-7.95179,1.12481,-0.16790
137.75100,-7.94493,1.12415,-0.15867
137.80200,-7.94122,1.12423,-0.16133
137.85100,-7.94034,1.12430,-0.17534
137.90000,-7.94048,1.12432,-0.19331
137.95200,-7.94061,1.12433,-0.21080
138.00000,-7.94073,1.12434,-0.22761
138.05000,-7.94084,1.12435,-0.24397
138.10000,-7.94094,1.12436,-0.25986
138.15100,-7.94103,1.12438,-0.27524
138.20000,-7.94111,1.12440,-0.29020
138.25100,-7.94117,1.12441,-0.30473
138.30100,-7.94115,1.12433,-0.31507
138.35100,-7.94044,1.12395,-0.31635
138.40000,-7.93771,1.12294,-0.30825
138.45000,-7.93194,1.12094,-0.28696
138.50000,-7.92378,1.11847,-0.25572
138.55100,-7.91550,1.11646,-0.23441
138.60000,-7.91009,1.11534,-0.22446
138.65000,-7.90830,1.11511,-0.22942
138.70000,-7.90834,1.11512,-0.24226
138.75000,-7.90837,1.11513,-0.25537
138.80200,-7.90841,1.11514,-0.26844
138.85100,-7.90845,1.11515,-0.28148
138.90000,-7.90848,1.11516,-0.29450
138.95100,-7.90852,1.11517,-0.30749
139.00100,-7.90855,1.11518,-0.32045
139.05100,-7.90858,1.11519,-0.33338
139.10000,-7.90847,1.11504,-0.34012
139.15000,-7.90635,1.11414,-0.33421
139.20100,-7.90193,1.11249,-0.31835
139.25000,-7.89623,1.11039,-0.29695
139.30000,-7.88893,1.10822,-0.27731
139.35100,-7.88425,1.10699,-0.27008
139.40100,-7.88274,1.10666,-0.27599
139.45000,-7.88276,1.10667,-0.28857
139.50000,-7.88281,1.10668,-0.30162
139.55000,-7.88285,1.10670,-0.31478
139.60100,-7.88290,1.10671,-0.32806
139.65100,-7.88295,1.10673,-0.34149
139.70000,-7.88301,1.10675,-0.35506
139.75200,-7.88293,1.10662,-0.36248
139.80000,-7.88093,1.10567,-0.35655
139.85000,-7.87588,1.10364,-0.33724
139.90100,-7.86846,1.10106,-0.30784
139.95000,-7.86082,1.09892,-0.28852
140.00100,-7.85596,1.09761,-0.28285
140.05200,-7.85417,1.09717,-0.29071
140.10100,-7.85426,1.09719,-0.30705
140.15000,-7.85443,1.09724,-0.32388
140.20100,-7.85460,1.09730,-0.34072
140.25000,-7.85477,1.09735,-0.35753
140.30000,-7.85493,1.09741,-0.37429
140.35000,-7.85510,1.09747,-0.39099
140.40100,-7.85497,1.09729,-0.39503
140.45100,-7.85213,1.09598,-0.38470
140.50100,-7.84609,1.09361,-0.36038
140.55300,-7.83844,1.09084,-0.32955
140.60200,-7.83055,1.08844,-0.30866
140.65100,-7.82459,1.08665,-0.30046
140.70000,-7.82137,1.08579,-0.30449
140.75000,-7.82137,1.08584,-0.32291
140.80000,-7.82161,1.08591,-0.34289
140.85100,-7.82181,1.08596,-0.36270
140.90100,-7.82200,1.08602,-0.38257
140.95100,-7.82218,1.08608,-0.40227
141.00000,-7.82237,1.08615,-0.42189
141.05000,-7.82223,1.08599,-0.43015
141.10000,-7.81960,1.08464,-0.41994
141.15100,-7.81354,1.08202,-0.39617
141.20100,-7.80661,1.07925,-0.36360
141.25200,-7.79951,1.07681,-0.34290
141.30000,-7.79491,1.07533,-0.34270
141.35200,-7.79304,1.07475,-0.35651
141.40000,-7.79319,1.07482,-0.37872
141.45000,-7.79343,1.07491,-0.40118
141.50000,-7.79367,1.07501,-0.42386
141.55100,-7.79392,1.07512,-0.44626
141.60100,-7.79401,1.07504,-0.45711
141.65100,-7.79219,1.07396,-0.45106
141.70100,-7.78721,1.07142,-0.42987
141.75100,-7.78014,1.06828,-0.39982
141.80000,-7.77283,1.06548,-0.37898
141.85000,-7.76754,1.06348,-0.37740
141.90000,-7.76498,1.06256,-0.39039
141.95100,-7.76509,1.06261,-0.41477
142.00000,-7.76516,1.06262,-0.44185
142.05100,-7.76493,1.06251,-0.47032
142.10000,-7.76484,1.06247,-0.49775
142.15100,-7.76455,1.06226,-0.51217
142.20000,-7.76248,1.06098,-0.50414
142.25000,-7.75727,1.05815,-0.48175
142.30000,-7.75049,1.05468,-0.45122
142.35000,-7.74237,1.05088,-0.41624
142.40000,-7.73410,1.04737,-0.39088
142.45000,-7.72711,1.04457,-0.38521
142.50000,-7.72284,1.04290,-0.39472
142.55100,-7.72187,1.04255,-0.41997
142.60000,-7.72224,1.04271,-0.45160
142.65000,-7.72267,1.04291,-0.48358
142.70000,-7.72306,1.04309,-0.51493
142.75000,-7.72348,1.04333,-0.54628
142.80000,-7.72366,1.04328,-0.56669
142.85000,-7.72252,1.04238,-0.56548
142.90000,-7.71807,1.03955,-0.54640
142.95000,-7.71171,1.03579,-0.51775
143.00000,-7.70421,1.03161,-0.48303
143.05000,-7.69645,1.02773,-0.46073
143.10000,-7.68988,1.02454,-0.46098
143.15100,-7.68726,1.02330,-0.47997
143.20100,-7.68736,1.02331,-0.51106
143.25100,-7.68769,1.02349,-0.54171
143.30000,-7.68790,1.02356,-0.57012
143.35000,-7.68794,1.02347,-0.58506
143.40000,-7.68659,1.02243,-0.58204
143.45100,-7.68181,1.01932,-0.56181
143.50000,-7.67554,1.01546,-0.53252
143.55000,-7.66823,1.01132,-0.49618
143.60000,-7.66070,1.00739,-0.46996
143.65100,-7.65508,1.00470,-0.45928
143.70000,-7.65239,1.00340,-0.46216
143.75000,-7.65173,1.00310,-0.47415
143.80000,-7.65158,1.00301,-0.48830
143.85100,-7.65147,1.00295,-0.50103
143.90000,-7.65133,1.00286,-0.51186
143.95200,-7.65125,1.00281,-0.52148
144.00000,-7.64908,1.00099,-0.53156
144.05000,-7.64196,0.99626,-0.53993
144.10100,-7.63346,0.99112,-0.54616
144.15000,-7.62503,0.98597,-0.55197
144.20000,-7.61658,0.98072,-0.55822
144.25000,-7.60819,0.97543,-0.56486
144.30200,-7.59987,0.97011,-0.57185
144.35000,-7.59165,0.96476,-0.57956
144.40000,-7.58348,0.95934,-0.58786
144.45000,-7.57538,0.95387,-0.59682
144.50000,-7.56734,0.94833,-0.60646
144.55000,-7.55937,0.94272,-0.61686
144.60200,-7.55145,0.93703,-0.62796
144.65000,-7.54374,0.93136,-0.63875
144.70000,-7.54087,0.92956,-0.65146
144.75100,-7.54098,0.92962,-0.66524
144.80100,-7.54113,0.92971,-0.67943
144.85000,-7.54126,0.92981,-0.69342
144.90000,-7.54140,0.92989,-0.70721
144.95000,-7.54153,0.92999,-0.72081
145.00100,-7.54092,0.92941,-0.72114
145.05000,-7.53743,0.92637,-0.70800
145.10000,-7.53196,0.92178,-0.68467
145.15200,-7.52603,0.91700,-0.66580
145.20100,-7.52315,0.91476,-0.66407
145.25000,-7.52203,0.91387,-0.67237
145.30100,-7.52186,0.91374,-0.68607
145.35000,-7.52172,0.91363,-0.70003
145.40000,-7.52159,0.91351,-0.71386
145.45000,-7.52145,0.91339,-0.72759
145.50000,-7.52130,0.91324,-0.73344
145.55100,-7.51881,0.91097,-0.72506
145.60100,-7.51373,0.90655,-0.70300
145.65100,-7.50823,0.90195,-0.68653
145.70100,-7.50524,0.89950,-0.68547
145.75100,-7.50438,0.89880,-0.69632
145.80100,-7.50426,0.89869,-0.71136
145.85200,-7.50412,0.89857,-0.72644
145.90000,-7.50399,0.89845,-0.74140
145.95000,-7.50386,0.89833,-0.75626
146.00000,-7.50373,0.89819,-0.76314
146.05100,-7.50133,0.89586,-0.75454
146.10000,-7.49653,0.89143,-0.73271
146.15000,-7.49016,0.88587,-0.70287
146.20000,-7.48330,0.88011,-0.67945
146.25100,-7.47837,0.87617,-0.67086
146.30000,-7.47560,0.87397,-0.67449
146.35100,-7.47476,0.87330,-0.68897
146.40000,-7.47461,0.87317,-0.70753
146.45300,-7.47447,0.87305,-0.72623
146.50100,-7.47433,0.87292,-0.74481
146.55000,-7.47419,0.87279,-0.76328
146.60200,-7.47406,0.87266,-0.78165
146.65100,-7.47393,0.87253,-0.79988
146.70100,-7.47381,0.87239,-0.81023
146.75000,-7.47267,0.87118,-0.80827
146.80000,-7.47034,0.86877,-0.79918
146.85000,-7.46680,0.86518,-0.78298
146.90200,-7.46160,0.86013,-0.75762
146.95100,-7.45523,0.85410,-0.73380
147.00000,-7.45022,0.84959,-0.72517
147.05000,-7.44755,0.84721,-0.73076
147.10000,-7.44671,0.84645,-0.74702
147.15000,-7.44655,0.84630,-0.76744
147.20000,-7.44641,0.84616,-0.78805
147.25100,-7.44627,0.84602,-0.80854
147.30100,-7.44614,0.84588,-0.82890
147.35000,-7.44601,0.84572,-0.84198
147.40000,-7.44526,0.84487,-0.84223
147.45000,-7.44336,0.84276,-0.83483
147.50000,-7.44038,0.83951,-0.82031
147.55000,-7.43579,0.83470,-0.79674
147.60100,-7.42997,0.82879,-0.77388
147.65100,-7.42502,0.82396,-0.76545
147.70000,-7.42221,0.82124,-0.77059
147.75100,-7.42032,0.81939,-0.78183
147.80100,-7.41942,0.81848,-0.79850
147.85100,-7.41927,0.81832,-0.81795
147.90000,-7.41937,0.81841,-0.83670
147.95100,-7.41926,0.81829,-0.85161
148.00000,-7.41915,0.81816,-0.86408
148.05100,-7.41868,0.81761,-0.86411
148.10000,-7.41598,0.81448,-0.85164
148.15000,-7.41144,0.80941,-0.82857
148.20000,-7.40636,0.80392,-0.80936
148.25000,-7.40380,0.80122,-0.80661
148.30000,-7.40318,0.80057,-0.81596
148.35000,-7.40306,0.80043,-0.82855
148.40100,-7.40293,0.80030,-0.84114
148.45000,-7.40281,0.80016,-0.85334
148.50100,-7.40274,0.80007,-0.86399
148.55000,-7.40101,0.79832,-0.87443
148.60000,-7.39510,0.79131,-0.88230
148.65000,-7.38963,0.78467,-0.87454
148.70100,-7.38485,0.77889,-0.84842
148.75000,-7.37967,0.77303,-0.82292
148.80100,-7.37382,0.76664,-0.81593
148.85000,-7.36697,0.75935,-0.81843
148.90000,-7.36015,0.75204,-0.82155
148.95000,-7.35337,0.74472,-0.82547
149.00100,-7.34665,0.73740,-0.82980
149.05000,-7.33995,0.73007,-0.83329
149.10000,-7.33327,0.72269,-0.83585
149.15000,-7.32658,0.71529,-0.83753
149.20000,-7.31990,0.70786,-0.83832
149.25000,-7.31322,0.70043,-0.83822
149.30100,-7.30652,0.69299,-0.83722
149.35000,-7.29981,0.68556,-0.83560
149.40200,-7.29310,0.67815,-0.83304
149.45300,-7.28636,0.67077,-0.82977
149.50000,-7.27959,0.66340,-0.82585
149.55100,-7.27280,0.65606,-0.82133
149.60100,-7.26595,0.64874,-0.81680
149.65000,-7.25903,0.64140,-0.81170
149.70100,-7.25202,0.63405,-0.80617
149.75100,-7.24500,0.62675,-0.80037
149.80100,-7.23795,0.61953,-0.79403
149.85200,-7.23081,0.61232,-0.78749
149.90000,-7.22361,0.60513,-0.78053
149.95000,-7.21634,0.59798,-0.77336
150.00000,-7.20902,0.59088,-0.76587
150.05000,-7.20164,0.58383,-0.75817
150.10000,-7.19424,0.57688,-0.75026
150.15100,-7.18680,0.56999,-0.74202
150.20000,-7.17931,0.56318,-0.73376
150.25000,-7.17177,0.55643,-0.72563
150.30000,-7.16416,0.54973,-0.71736
150.35000,-7.15651,0.54310,-0.70919
150.40100,-7.14881,0.53655,-0.70093
150.45200,-7.14110,0.53009,-0.69259
150.50000,-7.13339,0.52375,-0.68472
150.55100,-7.12560,0.51744,-0.67655
150.60000,-7.11778,0.51122,-0.66850
150.65100,-7.10992,0.50507,-0.66037
150.70000,-7.10201,0.49898,-0.65216
150.75000,-7.09404,0.49295,-0.64389
150.80000,-7.08603,0.48699,-0.63555
150.85100,-7.07797,0.48110,-0.62716
150.90100,-7.06986,0.47528,-0.61872
150.95100,-7.06170,0.46952,-0.61024
151.00000,-7.05349,0.46384,-0.60173
151.05100,-7.04524,0.45822,-0.59332
151.10100,-7.03693,0.45268,-0.58512
151.15200,-7.02859,0.44720,-0.57712
151.20000,-7.02020,0.44178,-0.56937
151.25100,-7.01177,0.43644,-0.56185
151.30200,-7.00330,0.43115,-0.55458
151.35100,-6.99479,0.42592,-0.54755
151.40000,-6.98625,0.42076,-0.54081
151.45000,-6.97767,0.41565,-0.53433
151.50000,-6.96906,0.41059,-0.52815
151.55000,-6.96042,0.40559,-0.52227
151.60100,-6.95175,0.40064,-0.51671
151.65100,-6.94301,0.39570,-0.51119
151.70100,-6.93426,0.39082,-0.50600
151.75100,-6.92546,0.38597,-0.50110
151.80100,-6.91660,0.38115,-0.49644
151.85100,-6.90776,0.37638,-0.49223
151.90000,-6.89889,0.37165,-0.48845
151.95100,-6.88999,0.36694,-0.48507
152.00000,-6.88108,0.36226,-0.48211
152.05100,-6.87216,0.35761,-0.47968
152.10200,-6.86325,0.35299,-0.47779
152.15100,-6.85434,0.34838,-0.47639
152.20200,-6.84544,0.34380,-0.47562
152.25000,-6.83655,0.33921,-0.47540
152.30000,-6.82766,0.33464,-0.47569
152.35000,-6.81879,0.33007,-0.47664
152.40000,-6.80993,0.32549,-0.47829
152.45000,-6.80108,0.32089,-0.48056
152.50000,-6.79226,0.31627,-0.48350
152.55000,-6.78346,0.31164,-0.48662
152.60000,-6.77465,0.30696,-0.48923
152.65100,-6.76585,0.30226,-0.49092
152.70200,-6.75703,0.29755,-0.49181
152.75000,-6.74822,0.29282,-0.49186
152.80100,-6.73940,0.28810,-0.49113
152.85100,-6.73058,0.28339,-0.48965
152.90100,-6.72175,0.27870,-0.48750
152.95000,-6.71291,0.27403,-0.48473
153.00000,-6.70405,0.26938,-0.48137
153.05000,-6.69518,0.26477,-0.47749
153.10200,-6.68628,0.26019,-0.47323
153.15000,-6.67734,0.25564,-0.46867
153.20000,-6.66835,0.25112,-0.46382
153.25100,-6.65941,0.24667,-0.45906
153.30100,-6.65043,0.24226,-0.45396
153.35100,-6.64148,0.23793,-0.44897
153.40000,-6.63247,0.23362,-0.44403
153.45100,-6.62341,0.22934,-0.43861
153.50000,-6.61436,0.22513,-0.43329
153.55000,-6.60528,0.22096,-0.42782
153.60000,-6.59619,0.21685,-0.42177
153.65100,-6.58704,0.21278,-0.41544
153.70100,-6.57791,0.20879,-0.40889
153.75100,-6.56878,0.20487,-0.40258
153.80100,-6.55958,0.20099,-0.39649
153.85000,-6.55036,0.19716,-0.39032
153.90000,-6.54111,0.19339,-0.38407
153.95000,-6.53184,0.18969,-0.37775
154.00000,-6.52255,0.18603,-0.37139
154.05100,-6.51323,0.18244,-0.36513
154.10000,-6.50389,0.17891,-0.35902
154.15000,-6.49453,0.17543,-0.35307
154.20300,-6.48515,0.17201,-0.34727
154.25200,-6.47569,0.16861,-0.34119
154.30100,-6.46626,0.16530,-0.33562
154.35000,-6.45679,0.16202,-0.33006
154.40000,-6.44729,0.15879,-0.32471
154.45100,-6.43779,0.15562,-0.31950
154.50000,-6.42830,0.15251,-0.31447
154.55200,-6.41873,0.14943,-0.30901
154.60100,-6.40916,0.14640,-0.30368
154.65100,-6.39954,0.14342,-0.29843
154.70000,-6.38993,0.14050,-0.29342
154.75000,-6.38031,0.13761,-0.28861
154.80000,-6.37064,0.13477,-0.28386
154.85000,-6.36098,0.13197,-0.27944
154.90000,-6.35126,0.12921,-0.27502
154.95000,-6.34153,0.12649,-0.27086
155.00000,-6.33180,0.12381,-0.26694
155.05000,-6.32207,0.12117,-0.26330
155.10000,-6.31233,0.11856,-0.25991
155.15100,-6.30259,0.11599,-0.25677
155.20000,-6.29284,0.11345,-0.25388
155.25200,-6.28310,0.11093,-0.25134
155.30100,-6.27336,0.10844,-0.24905
155.35100,-6.26361,0.10597,-0.24700
155.40000,-6.25383,0.10351,-0.24465
155.45000,-6.24403,0.10107,-0.24216
155.50000,-6.23419,0.09865,-0.23959
155.55200,-6.22433,0.09625,-0.23696
155.60100,-6.21443,0.09387,-0.23428
155.65000,-6.20452,0.09151,-0.23155
155.70100,-6.19463,0.08919,-0.22856
155.75000,-6.18484,0.08693,-0.22507
155.80100,-6.17504,0.08471,-0.22179
155.85000,-6.16525,0.08252,-0.21880
155.90000,-6.15545,0.08036,-0.21599
155.95000,-6.14563,0.07822,-0.21335
156.00000,-6.13582,0.07611,-0.21088
156.05100,-6.12602,0.07402,-0.20867
156.10100,-6.11622,0.07196,-0.20675
156.15000,-6.10641,0.06991,-0.20504
156.20000,-6.09662,0.06788,-0.20349
156.25000,-6.08680,0.06586,-0.20179
156.30000,-6.07698,0.06386,-0.20001
156.35000,-6.06715,0.06188,-0.19813
156.40000,-6.05730,0.05992,-0.19612
156.45000,-6.04746,0.05797,-0.19403
156.50000,-6.03764,0.05606,-0.19184
156.55100,-6.02788,0.05418,-0.18957
156.60000,-6.01812,0.05232,-0.18722
156.65000,-6.00836,0.05048,-0.18482
156.70200,-5.99859,0.04866,-0.18236
156.75100,-5.98882,0.04687,-0.17986
156.80000,-5.97904,0.04511,-0.17732
156.85000,-5.96925,0.04337,-0.17475
156.90100,-5.95947,0.04165,-0.17215
156.95000,-5.94968,0.03996,-0.16953
157.00000,-5.93989,0.03830,-0.16689
157.05000,-5.93009,0.03666,-0.16424
157.10000,-5.92029,0.03505,-0.16158
157.15100,-5.91048,0.03347,-0.15891
157.20000,-5.90067,0.03191,-0.15625
157.25100,-5.89078,0.03036,-0.15372
157.30000,-5.88087,0.02884,-0.15125
157.35000,-5.87092,0.02732,-0.14864
157.40000,-5.86098,0.02583,-0.14605
157.45000,-5.85102,0.02437,-0.14347
157.50100,-5.84106,0.02292,-0.14091
157.55200,-5.83110,0.02151,-0.13836
157.60100,-5.82114,0.02012,-0.13584
157.65200,-5.81120,0.01877,-0.13352
157.70000,-5.80125,0.01745,-0.13115
157.75000,-5.79127,0.01614,-0.12868
157.80000,-5.78129,0.01487,-0.12624
157.85100,-5.77131,0.01361,-0.12386
157.90200,-5.76133,0.01239,-0.12155
157.95100,-5.75135,0.01118,-0.11924
158.00000,-5.74137,0.01000,-0.11695
158.05100,-5.73137,0.00883,-0.11464
158.10000,-5.72139,0.00769,-0.11249
158.15100,-5.71140,0.00657,-0.11033
158.20000,-5.70142,0.00547,-0.10824
158.25000,-5.69141,0.00439,-0.10615
158.30200,-5.68139,0.00333,-0.10402
158.35100,-5.67137,0.00229,-0.10191
158.40100,-5.66136,0.00128,-0.09983
158.45100,-5.65136,0.00028,-0.09776
158.50200,-5.64136,-0.00069,-0.09571
158.55000,-5.63136,-0.00164,-0.09369
158.60000,-5.62138,-0.00257,-0.09168
158.65100,-5.61139,-0.00348,-0.08970
158.70000,-5.60142,-0.00437,-0.08775
158.75100,-5.59146,-0.00524,-0.08581
158.80000,-5.58149,-0.00609,-0.08393
158.85000,-5.57149,-0.00692,-0.08250
158.90000,-5.56149,-0.00774,-0.08117
158.95000,-5.55150,-0.00855,-0.07989
159.00000,-5.54152,-0.00934,-0.07866
159.05100,-5.53155,-0.01012,-0.07745
159.10000,-5.52156,-0.01089,-0.07622
159.15000,-5.51158,-0.01165,-0.07515
159.20100,-5.50160,-0.01239,-0.07417
159.25000,-5.49162,-0.01313,-0.07319
159.30100,-5.48164,-0.01385,-0.07228
159.35100,-5.47167,-0.01457,-0.07147
159.40000,-5.46169,-0.01528,-0.07066
159.45100,-5.45171,-0.01598,-0.06990
159.50000,-5.44173,-0.01668,-0.06919
159.55000,-5.43175,-0.01737,-0.06852
159.60000,-5.42177,-0.01805,-0.06790
159.65000,-5.41179,-0.01872,-0.06733
159.70000,-5.40181,-0.01939,-0.06681
159.75000,-5.39183,-0.02006,-0.06633
159.80000,-5.38185,-0.02072,-0.06590
159.85200,-5.37187,-0.02137,-0.06552
159.90100,-5.36189,-0.02202,-0.06518
159.95000,-5.35192,-0.02267,-0.06486
160.00000,-5.34195,-0.02332,-0.06460
160.05000,-5.33197,-0.02396,-0.06438
160.10300,-5.32200,-0.02461,-0.06421
160.15000,-5.31202,-0.02525,-0.06408
160.20100,-5.30204,-0.02589,-0.06400
160.25200,-5.29206,-0.02653,-0.06396
160.30100,-5.28209,-0.02716,-0.06397
160.35100,-5.27210,-0.02780,-0.06403
160.40000,-5.26212,-0.02844,-0.06413
160.45000,-5.25214,-0.02909,-0.06428
160.50100,-5.24213,-0.02973,-0.06441
160.55100,-5.23211,-0.03038,-0.06455
160.60000,-5.22214,-0.03104,-0.06484
160.65000,-5.21217,-0.03170,-0.06516
160.70000,-5.20220,-0.03237,-0.06552
160.75000,-5.19223,-0.03303,-0.06591
160.80200,-5.18221,-0.03369,-0.06661
160.85000,-5.17223,-0.03436,-0.06759
160.90000,-5.16229,-0.03504,-0.06874
160.95100,-5.15235,-0.03573,-0.06991
161.00200,-5.14240,-0.03643,-0.07112
161.05000,-5.13246,-0.03715,-0.07235
161.10100,-5.12252,-0.03788,-0.07361
161.15000,-5.11258,-0.03861,-0.07490
161.20000,-5.10245,-0.03928,-0.06774
161.25000,-5.09355,-0.03967,-0.03935
161.30000,-5.08581,-0.03981,0.00190
161.35000,-5.07836,-0.03960,0.05174
161.40100,-5.07011,-0.03894,0.10478
161.45000,-5.06143,-0.03779,0.15882
161.50100,-5.05246,-0.03610,0.21428
161.55000,-5.04324,-0.03382,0.27032
161.60000,-5.03390,-0.03094,0.32672
161.65000,-5.02456,-0.02748,0.38336
161.70000,-5.01540,-0.02349,0.43912
161.75000,-5.00648,-0.01899,0.49414
161.80000,-4.99792,-0.01432,0.53450
161.85100,-4.99272,-0.01138,0.56500
161.90000,-4.98869,-0.00883,0.59538
161.95100,-4.98547,-0.00684,0.61916
162.00000,-4.98333,-0.00530,0.64190
162.05000,-4.98122,-0.00376,0.65970
162.10000,-4.97916,-0.00227,0.67245
162.15100,-4.97733,-0.00092,0.67505
162.20100,-4.97693,-0.00062,0.66793
162.25100,-4.97658,-0.00035,0.66014
162.30100,-4.97622,-0.00007,0.65210
162.35000,-4.97586,0.00020,0.64392
162.40000,-4.97550,0.00048,0.63564
162.45000,-4.97513,0.00074,0.62726
162.50100,-4.97476,0.00101,0.61879
162.55000,-4.97439,0.00127,0.61018
162.60000,-4.97401,0.00153,0.60147
162.65000,-4.97363,0.00179,0.59269
162.70100,-4.97325,0.00204,0.58384
162.75000,-4.97287,0.00230,0.57491
162.80000,-4.97240,0.00259,0.57939
162.85100,-4.97127,0.00339,0.58610
162.90000,-4.97045,0.00395,0.58036
162.95200,-4.97008,0.00419,0.57153
163.00100,-4.96971,0.00442,0.56258
163.05200,-4.96935,0.00465,0.55356
163.10000,-4.96897,0.00488,0.54450
163.15000,-4.96860,0.00511,0.53536
163.20000,-4.96804,0.00544,0.53910
163.25100,-4.96680,0.00623,0.54828
163.30000,-4.96570,0.00692,0.54467
163.35000,-4.96514,0.00725,0.54866
163.40100,-4.96238,0.00900,0.56951
163.45000,-4.95823,0.01165,0.58553
163.50000,-4.95528,0.01352,0.58849
163.55100,-4.95396,0.01439,0.58407
163.60000,-4.95351,0.01468,0.57518
163.65000,-4.95314,0.01492,0.56579
163.70200,-4.95255,0.01528,0.56996
163.75000,-4.95147,0.01598,0.57087
163.80200,-4.95104,0.01625,0.56141
163.85100,-4.95065,0.01648,0.55954
163.90100,-4.94938,0.01729,0.57217
163.95000,-4.94579,0.01961,0.58416
164.00100,-4.94429,0.02051,0.58016
164.05000,-4.94398,0.02072,0.57132
164.10000,-4.94360,0.02096,0.56265
164.15000,-4.94321,0.02120,0.55391
164.20000,-4.94282,0.02143,0.55218
164.25000,-4.94102,0.02256,0.56724
164.30000,-4.93625,0.02570,0.59700
164.35300,-4.93080,0.02939,0.62368
164.40100,-4.92605,0.03270,0.63813
164.45000,-4.92442,0.03388,0.63572
164.50000,-4.92404,0.03415,0.62669
164.55100,-4.92366,0.03443,0.61727
164.60100,-4.92326,0.03471,0.60770
164.65000,-4.92287,0.03498,0.59805
164.70100,-4.92247,0.03524,0.58830
164.75000,-4.92207,0.03551,0.57847
164.80000,-4.92167,0.03577,0.56856
164.85100,-4.92126,0.03602,0.55858
164.90000,-4.92085,0.03628,0.54853
164.95000,-4.92055,0.03646,0.54870
165.00000,-4.91928,0.03727,0.55117
165.05000,-4.91831,0.03786,0.54455
165.10200,-4.91778,0.03819,0.54758
165.15100,-4.91630,0.03911,0.55279
165.20100,-4.91513,0.03977,0.55649
165.25000,-4.91363,0.04070,0.56320
165.30000,-4.91208,0.04169,0.56541
165.35000,-4.91097,0.04227,0.56963
165.40000,-4.90774,0.04439,0.58925
165.45100,-4.90258,0.04794,0.61937
165.50200,-4.89617,0.05269,0.65560
165.55000,-4.88946,0.05783,0.68643
165.60000,-4.88422,0.06209,0.70240
165.65000,-4.88056,0.06517,0.70995
165.70000,-4.87971,0.06586,0.70181
165.75200,-4.87939,0.06611,0.69029
165.80000,-4.87904,0.06640,0.67892
165.85000,-4.87867,0.06669,0.66746
165.90000,-4.87831,0.06698,0.65593
165.95100,-4.87794,0.06726,0.64431
166.00000,-4.87757,0.06753,0.63262
166.05000,-4.87719,0.06781,0.62087
166.10000,-4.87681,0.06808,0.60907
166.15000,-4.87643,0.06834,0.59721
166.20000,-4.87604,0.06860,0.58531
166.25000,-4.87565,0.06886,0.57337
166.30100,-4.87525,0.06911,0.56139
166.35100,-4.87485,0.06936,0.54939
166.40200,-4.87445,0.06960,0.53738
166.45200,-4.87405,0.06984,0.52535
166.50100,-4.87364,0.07007,0.51331
166.55100,-4.87323,0.07030,0.50126
166.60000,-4.87280,0.07052,0.49596
166.65000,-4.87041,0.07186,0.50765
166.70200,-4.86502,0.07495,0.53403
166.75000,-4.85826,0.07910,0.56745
166.80000,-4.85055,0.08422,0.60567
166.85100,-4.84267,0.08964,0.63866
166.90200,-4.83628,0.09435,0.65759
166.95000,-4.83196,0.09766,0.66530
167.00000,-4.82975,0.09939,0.66173
167.05000,-4.82856,0.10031,0.65256
167.10100,-4.82814,0.10063,0.63931
167.15000,-4.82775,0.10090,0.62575
167.20000,-4.82737,0.10118,0.61216
167.25100,-4.82698,0.10145,0.59856
167.30000,-4.82659,0.10171,0.58496
167.35100,-4.82623,0.10195,0.57123
167.40200,-4.82588,0.10217,0.55730
167.45000,-4.82546,0.10243,0.54370
167.50200,-4.82503,0.10268,0.53012
167.55100,-4.82460,0.10293,0.51658
167.60100,-4.82385,0.10336,0.51724
167.65000,-4.82020,0.10549,0.53233
167.70100,-4.81451,0.10893,0.55716
167.75000,-4.80792,0.11305,0.57853
167.80000,-4.80279,0.11625,0.58864
167.85000,-4.80071,0.11759,0.58213
167.90100,-4.79951,0.11835,0.57001
167.95000,-4.79878,0.11881,0.55470
168.00000,-4.79804,0.11926,0.53938
168.05100,-4.79730,0.11970,0.52412
168.10000,-4.79655,0.12013,0.50894
168.15100,-4.79579,0.12054,0.49384
168.20100,-4.79503,0.12094,0.47881
168.25000,-4.79448,0.12111,0.47001
168.30000,-4.79228,0.12228,0.47738
168.35200,-4.78678,0.12521,0.50135
168.40000,-4.78038,0.12888,0.53471
168.45000,-4.77321,0.13332,0.57433
168.50000,-4.76574,0.13816,0.60971
168.55000,-4.75965,0.14231,0.62819
168.60000,-4.75649,0.14456,0.62822
168.65200,-4.75584,0.14500,0.61482
168.70100,-4.75551,0.14524,0.59938
168.75000,-4.75498,0.14560,0.58359
168.80000,-4.75430,0.14607,0.56773
168.85000,-4.75360,0.14654,0.55183
168.90000,-4.75312,0.14684,0.53676
168.95000,-4.75287,0.14699,0.52156
169.00000,-4.75251,0.14722,0.50623
169.05100,-4.75204,0.14748,0.49107
169.10000,-4.75147,0.14779,0.47596
169.15000,-4.75114,0.14798,0.46133
169.20000,-4.75037,0.14837,0.45749
169.25000,-4.74698,0.15016,0.47058
169.30000,-4.74114,0.15322,0.49467
169.35100,-4.73381,0.15727,0.52590
169.40000,-4.72631,0.16163,0.55102
169.45000,-4.72101,0.16481,0.56247
169.50100,-4.71947,0.16572,0.55334
169.55100,-4.71924,0.16586,0.53813
169.60200,-4.71894,0.16605,0.52352
169.65000,-4.71881,0.16615,0.50838
169.70100,-4.71868,0.16625,0.49322
169.75000,-4.71854,0.16637,0.47804
169.80200,-4.71840,0.16649,0.46282
169.85100,-4.71824,0.16662,0.44757
169.90000,-4.71808,0.16676,0.43230
169.95100,-4.71790,0.16691,0.41700
170.00100,-4.71755,0.16706,0.41257
170.05000,-4.71376,0.16877,0.42501
170.10100,-4.70760,0.17163,0.44826
170.15000,-4.70021,0.17533,0.47991
170.20000,-4.69274,0.17923,0.50812
170.25100,-4.68684,0.18246,0.52366
170.30000,-4.68461,0.18368,0.51861
170.35000,-4.68426,0.18390,0.50410
170.40000,-4.68367,0.18423,0.48960
170.45000,-4.68326,0.18443,0.47495
170.50100,-4.68276,0.18469,0.46070
170.55100,-4.68238,0.18488,0.44695
170.60000,-4.68203,0.18506,0.43322
170.65000,-4.68152,0.18529,0.41934
170.70000,-4.68104,0.18549,0.40517
170.75100,-4.68047,0.18574,0.39133
170.80000,-4.67999,0.18594,0.37703
170.85000,-4.67917,0.18632,0.37612
170.90000,-4.67489,0.18806,0.38991
170.95000,-4.66843,0.19079,0.41394
171.00100,-4.66084,0.19425,0.44627
171.05100,-4.65315,0.19795,0.47596
171.10200,-4.64650,0.20134,0.49525
171.15000,-4.64262,0.20334,0.49825
171.20000,-4.64042,0.20452,0.49159
171.25000,-4.63949,0.20502,0.47843
171.30100,-4.63937,0.20508,0.46325
171.35000,-4.63926,0.20514,0.44807
171.40000,-4.63914,0.20520,0.43298
171.45100,-4.63902,0.20526,0.41801
171.50000,-4.63890,0.20532,0.40314
171.55100,-4.63877,0.20537,0.38839
171.60000,-4.63864,0.20543,0.37376
171.65000,-4.63850,0.20548,0.35925
171.70000,-4.63836,0.20554,0.34486
171.75000,-4.63822,0.20559,0.33060
171.80100,-4.63723,0.20594,0.33008
171.85100,-4.63280,0.20750,0.34343
171.90000,-4.62615,0.20997,0.36657
171.95000,-4.61948,0.21245,0.38196
172.00100,-4.61548,0.21389,0.38504
172.05100,-4.61474,0.21413,0.37407
172.10100,-4.61442,0.21426,0.36127
172.15000,-4.61408,0.21439,0.34857
172.20100,-4.61370,0.21453,0.33616
172.25100,-4.61336,0.21464,0.32348
172.30100,-4.61245,0.21497,0.32369
172.35000,-4.60795,0.21654,0.33807
172.40100,-4.60249,0.21840,0.34745
172.45200,-4.60093,0.21884,0.34058
172.50200,-4.60037,0.21903,0.33800
172.55100,-4.59834,0.21967,0.33481
172.60100,-4.59743,0.21999,0.33426
172.65000,-4.59523,0.22077,0.33664
172.70000,-4.59387,0.22121,0.33709
172.75100,-4.58967,0.22276,0.35227
172.80000,-4.58312,0.22526,0.37729
172.85100,-4.57592,0.22815,0.39903
172.90000,-4.56970,0.23065,0.41467
172.95200,-4.56520,0.23245,0.42195
173.00200,-4.56082,0.23424,0.42817
173.05300,-4.55649,0.23602,0.43364
173.10100,-4.55226,0.23779,0.43830
173.15200,-4.54814,0.23954,0.44204
173.20100,-4.54417,0.24128,0.44477
173.25100,-4.54062,0.24285,0.44525
173.30100,-4.53884,0.24368,0.43762
173.35200,-4.53811,0.24401,0.42505
173.40100,-4.53762,0.24422,0.41131
173.45100,-4.53713,0.24444,0.39753
173.50200,-4.53663,0.24464,0.38373
173.55100,-4.53613,0.24484,0.36991
173.60100,-4.53563,0.24503,0.35607
173.65100,-4.53512,0.24522,0.34222
173.70000,-4.53460,0.24540,0.32835
173.75000,-4.53408,0.24557,0.31446
173.80000,-4.53356,0.24574,0.30056
173.85000,-4.53304,0.24589,0.28664
173.90000,-4.53251,0.24605,0.27270
173.95100,-4.53151,0.24636,0.27077
174.00200,-4.52697,0.24769,0.28290
174.05100,-4.52166,0.24915,0.28855
174.10100,-4.51969,0.24953,0.28045
174.15000,-4.51860,0.24986,0.28033
174.20100,-4.51401,0.25125,0.29407
174.25100,-4.50855,0.25282,0.30079
174.30000,-4.50617,0.25336,0.29465
174.35200,-4.50567,0.25351,0.28100
174.40100,-4.50512,0.25367,0.26733
174.45000,-4.50456,0.25381,0.25358
174.50100,-4.50363,0.25410,0.25237
174.55000,-4.49915,0.25532,0.26599
174.60100,-4.49225,0.25729,0.28941
174.65200,-4.48388,0.25992,0.32023
174.70000,-4.47503,0.26281,0.34732
174.75100,-4.46816,0.26508,0.36039
174.80100,-4.46359,0.26669,0.36370
174.85000,-4.46005,0.26800,0.36112
174.90000,-4.45776,0.26885,0.35270
174.95200,-4.45665,0.26924,0.33894
175.00300,-4.45607,0.26944,0.32268
175.05100,-4.45548,0.26963,0.30628
175.10000,-4.45488,0.26982,0.28976
175.15100,-4.45428,0.26999,0.27314
175.20100,-4.45367,0.27015,0.25642
175.25000,-4.45306,0.27031,0.23961
175.30000,-4.45244,0.27046,0.22271
175.35000,-4.45181,0.27059,0.20574
175.40000,-4.45118,0.27072,0.18871
175.45200,-4.45054,0.27084,0.17163
175.50000,-4.44963,0.27105,0.16623
175.55100,-4.44555,0.27185,0.17607
175.60100,-4.43872,0.27315,0.19833
175.65000,-4.43004,0.27502,0.22747
175.70100,-4.42077,0.27711,0.25345
175.75200,-4.41160,0.27914,0.27243
175.80100,-4.40253,0.28115,0.28993
175.85000,-4.39361,0.28315,0.30616
175.90100,-4.38484,0.28513,0.32113
175.95000,-4.37625,0.28709,0.33481
176.00000,-4.36782,0.28904,0.34722
176.05000,-4.35956,0.29096,0.35838
176.10000,-4.35146,0.29287,0.36833
176.15000,-4.34351,0.29476,0.37710
176.20000,-4.33571,0.29663,0.38476
176.25200,-4.32804,0.29849,0.39135
176.30200,-4.32048,0.30034,0.39697
176.35100,-4.31300,0.30217,0.40177
176.40000,-4.30560,0.30400,0.40582
176.45000,-4.30099,0.30537,0.39724
176.50100,-4.29965,0.30586,0.37414
176.55000,-4.29900,0.30611,0.34800
176.60100,-4.29835,0.30633,0.32198
176.65100,-4.29769,0.30655,0.29616
176.70000,-4.29702,0.30674,0.27054
176.75100,-4.29635,0.30691,0.24515
176.80100,-4.29568,0.30707,0.21999
176.85100,-4.29501,0.30722,0.19509
176.90000,-4.29434,0.30734,0.17046
176.95000,-4.29366,0.30745,0.14612
177.00200,-4.29302,0.30753,0.12192
177.05100,-4.29234,0.30760,0.09775
177.10100,-4.29150,0.30774,0.08553
177.15100,-4.28769,0.30821,0.08725
177.20100,-4.28061,0.30892,0.10334
177.25100,-4.27147,0.30999,0.12781
177.30000,-4.26186,0.31136,0.15623
177.35000,-4.25268,0.31282,0.18008
177.40000,-4.24450,0.31415,0.19216
177.45000,-4.24000,0.31473,0.18606
177.50100,-4.23924,0.31481,0.16436
177.55000,-4.23888,0.31489,0.14089
177.60100,-4.23783,0.31503,0.11731
177.65000,-4.23724,0.31510,0.09475
177.70100,-4.23664,0.31516,0.07202
177.75000,-4.23597,0.31521,0.05012
177.80000,-4.23508,0.31526,0.03925
177.85000,-4.23153,0.31546,0.04204
177.90000,-4.22520,0.31582,0.05705
177.95000,-4.21645,0.31643,0.08272
178.00200,-4.20722,0.31738,0.11493
178.05100,-4.19738,0.31867,0.14524
178.10100,-4.18794,0.32008,0.16441
178.15000,-4.18127,0.32096,0.16897
178.20200,-4.17744,0.32145,0.15975
178.25000,-4.17457,0.32188,0.14510
178.30100,-4.17257,0.32214,0.12610
178.35000,-4.17136,0.32228,0.10414
178.40000,-4.17073,0.32234,0.08225
178.45000,-4.16995,0.32240,0.06115
178.50000,-4.16903,0.32246,0.04031
178.55000,-4.16815,0.32249,0.01939
178.60000,-4.16777,0.32250,-0.00165
178.65100,-4.16692,0.32249,-0.01118
178.70000,-4.16389,0.32242,-0.00905
178.75100,-4.15750,0.32241,0.00843
178.80000,-4.14952,0.32260,0.03691
178.85000,-4.14043,0.32309,0.07076
178.90000,-4.13134,0.32389,0.10606
178.95000,-4.12226,0.32489,0.13607
179.00100,-4.11346,0.32603,0.15545
179.05000,-4.10654,0.32692,0.16347
179.10000,-4.10345,0.32714,0.15392
179.15200,-4.10263,0.32726,0.13403
179.20000,-4.10221,0.32732,0.11340
179.25000,-4.10185,0.32737,0.09266
179.30100,-4.10142,0.32742,0.07263
179.35100,-4.10079,0.32746,0.05328
179.40000,-4.10031,0.32748,0.03377
179.45200,-4.09975,0.32751,0.02483
179.50100,-4.09697,0.32764,0.02643
179.55100,-4.09176,0.32778,0.02724
179.60000,-4.08864,0.32785,0.02842
179.65100,-4.08300,0.32807,0.04265
179.70100,-4.07593,0.32838,0.05278
179.75000,-4.07064,0.32839,0.05446
179.80000,-4.06684,0.32848,0.05671
179.85100,-4.06329,0.32865,0.05613
179.90000,-4.06101,0.32874,0.04514
179.95000,-4.05982,0.32877,0.03068
180.00100,-4.05933,0.32878,0.01335
180.05000,-4.05871,0.32879,0.00709
180.10200,-4.05561,0.32884,0.01325
180.15000,-4.04898,0.32901,0.03220
180.20000,-4.04015,0.32942,0.06048
180.25100,-4.03041,0.33017,0.09474
180.30000,-4.02055,0.33103,0.12439
180.35100,-4.01193,0.33159,0.14110
180.40100,-4.00557,0.33174,0.14722
180.45100,-4.00097,0.33157,0.14589
180.50000,-3.99742,0.33136,0.13991
180.55000,-3.99649,0.33139,0.12343
180.60100,-3.99582,0.33147,0.10584
180.65000,-3.99505,0.33154,0.08857
180.70100,-3.99452,0.33158,0.07072
180.75100,-3.99375,0.33163,0.05372
180.80000,-3.99297,0.33166,0.03686
180.85100,-3.99220,0.33168,0.02012
180.90000,-3.99143,0.33169,0.00355
180.95000,-3.99066,0.33169,-0.01290
181.00200,-3.98989,0.33167,-0.02918
181.05000,-3.98893,0.33162,-0.03624
181.10100,-3.98665,0.33151,-0.03387
181.15100,-3.98340,0.33136,-0.02650
181.20200,-3.97885,0.33113,-0.01427
181.25000,-3.97258,0.33105,0.00482
181.30000,-3.96320,0.33125,0.03581
181.35100,-3.95322,0.33178,0.07025
181.40200,-3.94335,0.33239,0.10026
181.45100,-3.93419,0.33275,0.12077
181.50300,-3.92579,0.33295,0.13712
181.55000,-3.91847,0.33293,0.14846
181.60000,-3.91217,0.33270,0.15521
181.65000,-3.90688,0.33232,0.15761
181.70000,-3.90378,0.33210,0.15114
181.75000,-3.90187,0.33197,0.13974
181.80000,-3.90107,0.33197,0.12389
181.85000,-3.90077,0.33200,0.10630
181.90000,-3.90047,0.33203,0.08869
181.95000,-3.90017,0.33206,0.07113
182.00000,-3.89985,0.33208,0.05345
182.05000,-3.89953,0.33210,0.03581
182.10100,-3.89921,0.33211,0.01823
182.15100,-3.89889,0.33211,0.00072
182.20000,-3.89802,0.33210,-0.00491
182.25100,-3.89474,0.33209,0.00198
182.30000,-3.88833,0.33217,0.02320
182.35000,-3.88067,0.33234,0.04350
182.40000,-3.87379,0.33229,0.05310
182.45200,-3.86836,0.33222,0.05644
182.50100,-3.86675,0.33225,0.04464
182.55100,-3.86641,0.33226,0.02738
182.60100,-3.86608,0.33227,0.01004
182.65000,-3.86573,0.33227,-0.00724
182.70000,-3.86501,0.33225,-0.01364
182.75100,-3.86180,0.33218,-0.00767
182.80100,-3.85535,0.33219,0.01144
182.85000,-3.84670,0.33242,0.03958
182.90100,-3.83687,0.33297,0.07312
182.95000,-3.82702,0.33359,0.10336
183.00100,-3.81855,0.33385,0.12055
183.05100,-3.81091,0.33390,0.13260
183.10000,-3.80455,0.33372,0.13913
183.15100,-3.79916,0.33339,0.14126
183.20000,-3.79470,0.33308,0.13934
183.25000,-3.79123,0.33279,0.13344
183.30100,-3.78881,0.33262,0.12319
183.35000,-3.78746,0.33257,0.10866
183.40000,-3.78702,0.33259,0.09052
183.45200,-3.78670,0.33260,0.07196
183.50100,-3.78638,0.33262,0.05364
183.55000,-3.78606,0.33264,0.03564
183.60000,-3.78573,0.33265,0.01782
183.65100,-3.78540,0.33265,0.00015
183.70000,-3.78506,0.33265,-0.01747
183.75000,-3.78419,0.33262,-0.02129
183.80000,-3.78091,0.33252,-0.01409
183.85100,-3.77554,0.33248,-0.00626
183.90000,-3.77192,0.33246,-0.00255
183.95100,-3.76828,0.33246,0.00305
184.00100,-3.76579,0.33246,-0.00487
184.05100,-3.76515,0.33245,-0.02068
184.10100,-3.76423,0.33242,-0.02518
184.15000,-3.76138,0.33231,-0.01806
184.20100,-3.75545,0.33225,0.00126
184.25100,-3.74674,0.33239,0.03176
184.30000,-3.73728,0.33268,0.05859
184.35000,-3.72980,0.33270,0.07267
184.40100,-3.72409,0.33260,0.07881
184.45000,-3.72113,0.33264,0.07297
184.50100,-3.72067,0.33267,0.05654
184.55000,-3.72025,0.33269,0.04000
184.60000,-3.71972,0.33272,0.02294
184.65000,-3.71902,0.33273,0.00506
184.70000,-3.71858,0.33273,-0.01098
184.75000,-3.71781,0.33270,-0.01540
184.80100,-3.71445,0.33265,-0.00547
184.85000,-3.70769,0.33268,0.01704
184.90200,-3.69997,0.33284,0.03634
184.95000,-3.69538,0.33300,0.04861
185.00100,-3.69068,0.33321,0.05600
185.05100,-3.68849,0.33325,0.04885
185.10000,-3.68665,0.33329,0.04034
185.15000,-3.68547,0.33336,0.03837
185.20200,-3.68217,0.33359,0.04951
185.25000,-3.67732,0.33384,0.05731
185.30000,-3.67507,0.33392,0.05152
185.35000,-3.67455,0.33395,0.03942
185.40100,-3.67402,0.33398,0.02710
185.45100,-3.67346,0.33399,0.01481
185.50100,-3.67271,0.33401,0.00986
185.55100,-3.67038,0.33407,0.01239
185.60100,-3.66368,0.33419,0.01338
185.65000,-3.65438,0.33429,0.01411
185.70000,-3.64484,0.33445,0.02970
185.75100,-3.63513,0.33487,0.06202
185.80000,-3.62580,0.33548,0.08666
185.85100,-3.61673,0.33626,0.08571
185.90000,-3.60696,0.33713,0.07786
185.95100,-3.60236,0.33721,0.07151
186.00100,-3.59908,0.33751,0.06350
186.05000,-3.59008,0.33807,0.05491
186.10000,-3.58027,0.33857,0.04635
186.15100,-3.57041,0.33899,0.03786
186.20300,-3.56055,0.33932,0.02921
186.25200,-3.55071,0.33958,0.02075
186.30000,-3.54090,0.33974,0.01272
186.35000,-3.53100,0.33983,0.00433
186.40000,-3.52118,0.33983,-0.00349
186.45100,-3.51137,0.33976,-0.01120
186.50000,-3.50154,0.33962,-0.01885
186.55100,-3.49169,0.33939,-0.02632
186.60100,-3.48184,0.33918,-0.02469
186.65100,-3.47218,0.33908,-0.01070
186.70000,-3.46273,0.33910,0.01676
186.75100,-3.45297,0.33945,0.05466
186.80100,-3.44361,0.34008,0.08645
186.85000,-3.43412,0.34098,0.10270
186.90000,-3.42442,0.34213,0.10573
186.95000,-3.41462,0.34321,0.10131
187.00000,-3.40472,0.34418,0.09438
187.05100,-3.39483,0.34509,0.08734
187.10100,-3.38491,0.34592,0.08053
187.15000,-3.37498,0.34669,0.07382
187.20000,-3.36507,0.34739,0.06710
187.25200,-3.35514,0.34803,0.06053
187.30000,-3.34527,0.34858,0.05375
187.35000,-3.33545,0.34907,0.04680
187.40100,-3.32563,0.34948,0.03995
187.45100,-3.31580,0.34983,0.03321
187.50100,-3.30597,0.35011,0.02658
187.55000,-3.29613,0.35033,0.02006
187.60000,-3.28629,0.35048,0.01364
187.65100,-3.27645,0.35057,0.00733
187.70000,-3.26660,0.35060,0.00113
187.75000,-3.25675,0.35057,-0.00496
187.80100,-3.24690,0.35047,-0.01095
187.85000,-3.23705,0.35032,-0.01683
187.90000,-3.22719,0.35012,-0.02260
187.95000,-3.21734,0.34985,-0.02826
188.00000,-3.20748,0.34953,-0.03381
188.05100,-3.19774,0.34920,-0.03366
188.10100,-3.18915,0.34895,-0.03105
188.15100,-3.17961,0.34863,-0.03450
188.20100,-3.16973,0.34826,-0.03905
188.25000,-3.15984,0.34786,-0.04365
188.30000,-3.14992,0.34740,-0.04819
188.35000,-3.14002,0.34690,-0.05258
188.40100,-3.13013,0.34636,-0.05688
188.45000,-3.12024,0.34577,-0.06117
188.50200,-3.11091,0.34528,-0.05302
188.55100,-3.10257,0.34495,-0.02654
188.60000,-3.09466,0.34483,-0.00522
188.65000,-3.08626,0.34481,-0.00125
188.70000,-3.07654,0.34478,-0.00437
188.75000,-3.06662,0.34472,-0.00849
188.80000,-3.05671,0.34462,-0.01265
188.85000,-3.04698,0.34453,-0.00627
188.90000,-3.04025,0.34453,0.00517
188.95200,-3.03175,0.34460,0.00793
189.00100,-3.02201,0.34466,0.00474
189.05000,-3.01210,0.34469,0.00052
189.10000,-3.00218,0.34468,-0.00363
189.15200,-2.99225,0.34462,-0.00785
189.20100,-2.98233,0.34452,-0.01195
189.25100,-2.97240,0.34438,-0.01601
189.30000,-2.96248,0.34420,-0.02002
189.35100,-2.95256,0.34399,-0.02398
189.40100,-2.94282,0.34380,-0.01747
189.45100,-2.93507,0.34372,-0.00599
189.50100,-2.92643,0.34368,-0.00362
189.55100,-2.91675,0.34363,-0.00636
189.60000,-2.90682,0.34355,-0.01058
189.65000,-2.89687,0.34342,-0.01482
189.70000,-2.88688,0.34330,-0.01085
189.75000,-2.87908,0.34327,-0.00165
189.80000,-2.86971,0.34325,-0.00281
189.85000,-2.85979,0.34321,-0.00656
189.90200,-2.85004,0.34316,-0.00039
189.95200,-2.84201,0.34321,0.01026
190.00100,-2.83261,0.34331,0.00920
190.05100,-2.82282,0.34340,0.01538
190.10000,-2.81484,0.34356,0.02673
190.15000,-2.80529,0.34381,0.02494
190.20000,-2.79539,0.34403,0.02121
190.25100,-2.78548,0.34420,0.01738
190.30200,-2.77558,0.34435,0.01349
190.35000,-2.76568,0.34444,0.00954
190.40000,-2.75578,0.34451,0.00553
190.45000,-2.74588,0.34453,0.00146
190.50200,-2.73598,0.34451,-0.00266
190.55000,-2.72608,0.34445,-0.00684
190.60000,-2.71618,0.34435,-0.01105
190.65000,-2.70629,0.34421,-0.01533
190.70000,-2.69640,0.34402,-0.01964
190.75000,-2.68650,0.34379,-0.02399
190.80100,-2.67661,0.34352,-0.02839
190.85100,-2.66673,0.34321,-0.03283
190.90000,-2.65684,0.34285,-0.03732
190.95100,-2.64723,0.34250,-0.03345
191.00000,-2.63758,0.34216,-0.02056
191.05100,-2.62876,0.34206,-0.00903
191.10100,-2.62020,0.34201,-0.00413
191.15100,-2.61256,0.34201,0.00215
191.20000,-2.60319,0.34203,0.00086
191.25100,-2.59326,0.34203,0.00436
191.30100,-2.58624,0.34211,0.01355
191.35000,-2.57728,0.34224,0.01414
191.40000,-2.56744,0.34237,0.01090
191.45000,-2.55754,0.34245,0.00696
191.50000,-2.54765,0.34250,0.00289
191.55100,-2.53776,0.34250,-0.00133
191.60000,-2.52787,0.34247,-0.00559
191.65100,-2.51798,0.34239,-0.00989
191.70100,-2.50810,0.34227,-0.01449
191.75100,-2.49823,0.34211,-0.01920
191.80000,-2.48834,0.34189,-0.02403
191.85000,-2.47845,0.34163,-0.02895
191.90000,-2.46858,0.34130,-0.03394
191.95000,-2.45871,0.34094,-0.03906
192.00000,-2.44925,0.34063,-0.03187
192.05000,-2.44107,0.34049,-0.00285
192.10200,-2.43170,0.34063,0.03380
192.15000,-2.42219,0.34100,0.05903
192.20100,-2.41306,0.34155,0.05895
192.25000,-2.40321,0.34210,0.05298
192.30100,-2.39335,0.34260,0.04664
192.35000,-2.38349,0.34303,0.04014
192.40100,-2.37354,0.34340,0.03316
192.45300,-2.36366,0.34369,0.02629
192.50000,-2.35380,0.34392,0.01943
192.55100,-2.34394,0.34408,0.01252
192.60000,-2.33409,0.34417,0.00553
192.65200,-2.32423,0.34419,-0.00181
192.70000,-2.31435,0.34414,-0.00919
192.75100,-2.30445,0.34401,-0.01679
192.80100,-2.29508,0.34386,-0.01207
192.85000,-2.28819,0.34388,0.01852
192.90000,-2.28109,0.34409,0.03996
192.95000,-2.27368,0.34448,0.04716
193.00000,-2.26553,0.34495,0.04840
193.05100,-2.25909,0.34523,0.04975
193.10000,-2.25725,0.34526,0.04532
193.15000,-2.25655,0.34529,0.03627
193.20000,-2.25581,0.34531,0.02665
193.25000,-2.25512,0.34533,0.01705
193.30000,-2.25442,0.34534,0.00720
193.35200,-2.25368,0.34534,-0.00330
193.40100,-2.25298,0.34534,-0.01381
193.45000,-2.25232,0.34532,-0.02415
193.50100,-2.25158,0.34530,-0.03517
193.55100,-2.25070,0.34527,-0.04676
193.60100,-2.24964,0.34524,-0.05007
193.65000,-2.24757,0.34503,-0.04304
193.70000,-2.24259,0.34488,-0.03463
193.75200,-2.23959,0.34482,-0.02576
193.80200,-2.23683,0.34477,-0.01754
193.85100,-2.23553,0.34475,-0.02525
193.90000,-2.23426,0.34472,-0.02218
193.95000,-2.23178,0.34468,-0.02009
194.00000,-2.23090,0.34466,-0.02946
194.05000,-2.23023,0.34464,-0.03968
194.10000,-2.22956,0.34460,-0.04995
194.15200,-2.22892,0.34456,-0.06026
194.20000,-2.22802,0.34450,-0.05675
194.25000,-2.22555,0.34433,-0.04412
194.30000,-2.22167,0.34419,-0.03412
194.35000,-2.21926,0.34416,-0.03641
194.40100,-2.21850,0.34413,-0.04669
194.45100,-2.21727,0.34407,-0.04328
194.50100,-2.21494,0.34400,-0.04041
194.55000,-2.21408,0.34396,-0.04958
194.60000,-2.21341,0.34392,-0.05921
194.65000,-2.21279,0.34388,-0.06903
194.70000,-2.21198,0.34382,-0.06480
194.75100,-2.20977,0.34372,-0.06140
194.80000,-2.20803,0.34363,-0.05908
194.85000,-2.20592,0.34355,-0.05535
194.90000,-2.20444,0.34346,-0.05315
194.95100,-2.20101,0.34327,-0.03752
195.00100,-2.19678,0.34316,-0.02493
195.05000,-2.19375,0.34311,-0.01631
195.10100,-2.19072,0.34308,-0.00905
195.15100,-2.18889,0.34308,-0.01182
195.20100,-2.18811,0.34306,-0.01900
195.25000,-2.18737,0.34305,-0.02636
195.30100,-2.18670,0.34303,-0.03389
195.35300,-2.18544,0.34298,-0.03001
195.40000,-2.18301,0.34294,-0.02447
195.45000,-2.18194,0.34292,-0.02996
195.50100,-2.18120,0.34289,-0.03620
195.55100,-2.18036,0.34286,-0.04228
195.60000,-2.17956,0.34283,-0.04853
195.65100,-2.17833,0.34276,-0.04315
195.70100,-2.17584,0.34269,-0.03917
195.75100,-2.17445,0.34263,-0.03643
195.80000,-2.17230,0.34257,-0.03255
195.85300,-2.17110,0.34253,-0.02874
195.90100,-2.16760,0.34243,-0.01250
195.95000,-2.16227,0.34241,0.00169
196.00000,-2.15644,0.34240,0.01141
196.05000,-2.15393,0.34246,0.02376
196.10100,-2.15047,0.34254,0.03760
196.15100,-2.14924,0.34255,0.03575
196.20000,-2.14858,0.34257,0.03149
196.25000,-2.14791,0.34257,0.02724
196.30100,-2.14725,0.34257,0.02306
196.35000,-2.14658,0.34257,0.01895
196.40000,-2.14442,0.34265,0.01443
196.45100,-2.13694,0.34277,0.00979
196.50200,-2.12706,0.34285,0.00587
196.55000,-2.11709,0.34289,0.00229
196.60000,-2.10715,0.34290,-0.00127
196.65000,-2.09721,0.34287,-0.00486
196.70000,-2.08729,0.34280,-0.00846
196.75000,-2.07736,0.34270,-0.01207
196.80000,-2.06742,0.34256,-0.01568
196.85200,-2.05749,0.34239,-0.01931
196.90200,-2.04756,0.34218,-0.02294
196.95000,-2.03755,0.34195,-0.02263
197.00000,-2.02751,0.34171,-0.01418
197.05200,-2.01817,0.34165,-0.00305
197.10100,-2.00841,0.34162,-0.00465
197.15100,-1.99847,0.34154,-0.00750
197.20000,-1.98854,0.34144,-0.01044
197.25000,-1.97862,0.34131,-0.01342
197.30100,-1.96883,0.34119,-0.01057
197.35100,-1.96020,0.34113,-0.00522
197.40100,-1.95164,0.34111,0.00279
197.45200,-1.94472,0.34118,0.01488
197.50200,-1.93634,0.34134,0.01881
197.55000,-1.92704,0.34152,0.02742
197.60000,-1.91959,0.34173,0.04164
197.65100,-1.91124,0.34217,0.04649
197.70200,-1.90131,0.34262,0.04391
197.75000,-1.89139,0.34303,0.04108
197.80100,-1.88147,0.34343,0.03816
197.85000,-1.87156,0.34379,0.03523
197.90000,-1.86164,0.34413,0.03208
197.95000,-1.85172,0.34443,0.02881
198.00000,-1.84179,0.34470,0.02542
198.05100,-1.83186,0.34494,0.02191
198.10000,-1.82193,0.34513,0.01819
198.15100,-1.81200,0.34530,0.01441
198.20000,-1.80207,0.34542,0.01061
198.25000,-1.79214,0.34550,0.00659
198.30100,-1.78222,0.34555,0.00262
198.35100,-1.77232,0.34556,-0.00145
198.40000,-1.76242,0.34552,-0.00563
198.45000,-1.75251,0.34544,-0.00989
198.50000,-1.74261,0.34533,-0.01422
198.55100,-1.73271,0.34516,-0.01865
198.60000,-1.72280,0.34495,-0.02315
198.65000,-1.71421,0.34478,-0.01187
198.70000,-1.70687,0.34481,0.01966
198.75000,-1.69932,0.34504,0.04740
198.80100,-1.69154,0.34552,0.05463
198.85000,-1.68210,0.34606,0.05175
198.90100,-1.67223,0.34654,0.04623
198.95100,-1.66232,0.34697,0.04037
199.00100,-1.65242,0.34735,0.03456
199.05000,-1.64252,0.34766,0.02849
199.10000,-1.63255,0.34792,0.02254
199.15100,-1.62268,0.34811,0.01630
199.20100,-1.61281,0.34824,0.01009
199.25000,-1.60294,0.34831,0.00387
199.30000,-1.59306,0.34832,-0.00246
199.35100,-1.58320,0.34826,-0.00884
199.40100,-1.57335,0.34815,-0.01526
199.45000,-1.56351,0.34796,-0.02184
199.50100,-1.55367,0.34772,-0.02838
199.55300,-1.54381,0.34740,-0.03507
199.60000,-1.53396,0.34702,-0.04175
199.65100,-1.52404,0.34658,-0.04805
199.70000,-1.51409,0.34607,-0.05429
199.75000,-1.50415,0.34550,-0.06062
199.80000,-1.49422,0.34486,-0.06697
199.85100,-1.48429,0.34417,-0.07338
199.90000,-1.47435,0.34341,-0.07980
199.95100,-1.46441,0.34258,-0.08625
200.00000,-1.45462,0.34169,-0.09315
200.05100,-1.44484,0.34073,-0.10012
200.10000,-1.43507,0.33970,-0.10709
200.15000,-1.42530,0.33860,-0.11405
200.20100,-1.41554,0.33743,-0.12099
200.25000,-1.40579,0.33620,-0.12791
200.30100,-1.39605,0.33489,-0.13480
200.35000,-1.38631,0.33352,-0.14165
200.40000,-1.37659,0.33209,-0.14846
200.45000,-1.36687,0.33059,-0.15522
200.50000,-1.35716,0.32902,-0.16193
200.55000,-1.34746,0.32738,-0.16857
200.60000,-1.33777,0.32569,-0.17517
200.65100,-1.32809,0.32392,-0.18169
200.70100,-1.31842,0.32210,-0.18815
200.75000,-1.30876,0.32021,-0.19452
200.80100,-1.29912,0.31826,-0.20081
200.85000,-1.28948,0.31625,-0.20701
200.90000,-1.27985,0.31418,-0.21312
200.95000,-1.27023,0.31205,-0.21914
201.00000,-1.26061,0.30987,-0.22500
201.05000,-1.25098,0.30763,-0.23085
201.10100,-1.24139,0.30535,-0.23654
201.15100,-1.23174,0.30299,-0.24233
201.20000,-1.22216,0.30058,-0.24785
201.25000,-1.21254,0.29812,-0.25327
201.30100,-1.20293,0.29560,-0.25868
201.35100,-1.19334,0.29303,-0.26404
201.40100,-1.18378,0.29041,-0.26920
201.45100,-1.17420,0.28774,-0.27430
201.50000,-1.16465,0.28502,-0.27918
201.55100,-1.15512,0.28226,-0.28395
201.60000,-1.14561,0.27945,-0.28848
201.65200,-1.13610,0.27660,-0.29284
201.70100,-1.12659,0.27371,-0.29699
201.75200,-1.11706,0.27077,-0.30112
201.80000,-1.10757,0.26780,-0.30517
201.85000,-1.09810,0.26479,-0.30891
201.90000,-1.08861,0.26174,-0.31284
201.95000,-1.07910,0.25865,-0.31668
202.00000,-1.06960,0.25552,-0.32035
202.05000,-1.06011,0.25235,-0.32386
202.10000,-1.05064,0.24915,-0.32719
202.15100,-1.04117,0.24592,-0.33035
202.20100,-1.03172,0.24267,-0.33335
202.25000,-1.02229,0.23939,-0.33605
202.30000,-1.01289,0.23609,-0.33833
202.35000,-1.00350,0.23278,-0.34056
202.40100,-0.99412,0.22944,-0.34262
202.45000,-0.98476,0.22609,-0.34477
202.50100,-0.97538,0.22271,-0.34663
202.55100,-0.96602,0.21933,-0.34838
202.60000,-0.95665,0.21592,-0.34998
202.65100,-0.94728,0.21249,-0.35146
202.70100,-0.93791,0.20904,-0.35279
202.75100,-0.92856,0.20559,-0.35388
202.80100,-0.91920,0.20213,-0.35496
202.85000,-0.90986,0.19866,-0.35580
202.90100,-0.90050,0.19518,-0.35651
202.95000,-0.89114,0.19169,-0.35716
203.00000,-0.88175,0.18818,-0.35770
203.05000,-0.87238,0.18468,-0.35808
203.10000,-0.86302,0.18117,-0.35844
203.15100,-0.85365,0.17767,-0.35870
203.20000,-0.84429,0.17415,-0.35887
203.25000,-0.83493,0.17064,-0.35895
203.30300,-0.82556,0.16713,-0.35895
203.35100,-0.81620,0.16362,-0.35886
203.40000,-0.80684,0.16010,-0.35868
203.45000,-0.79747,0.15660,-0.35843
203.50000,-0.78811,0.15309,-0.35810
203.55000,-0.77874,0.14959,-0.35769
203.60000,-0.76938,0.14609,-0.35721
203.65000,-0.76001,0.14259,-0.35665
203.70000,-0.75063,0.13910,-0.35603
203.75000,-0.74126,0.13562,-0.35534
203.80000,-0.73188,0.13215,-0.35459
203.85000,-0.72250,0.12868,-0.35378
203.90200,-0.71312,0.12522,-0.35291
203.95100,-0.70373,0.12177,-0.35190
204.00100,-0.69437,0.11833,-0.35080
204.05000,-0.68500,0.11491,-0.34965
204.10100,-0.67563,0.11150,-0.34844
204.15100,-0.66626,0.10810,-0.34719
204.20000,-0.65689,0.10472,-0.34588
204.25100,-0.64751,0.10135,-0.34453
204.30100,-0.63813,0.09799,-0.34314
204.35100,-0.62874,0.09464,-0.34171
204.40100,-0.61935,0.09131,-0.34024
204.45000,-0.60996,0.08799,-0.33873
204.50000,-0.60052,0.08467,-0.33710
204.55000,-0.59108,0.08138,-0.33545
204.60300,-0.58162,0.07809,-0.33390
204.65000,-0.57215,0.07481,-0.33222
204.70000,-0.56267,0.07154,-0.33054
204.75100,-0.55319,0.06830,-0.32876
204.80100,-0.54370,0.06507,-0.32702
204.85000,-0.53421,0.06186,-0.32531
204.90000,-0.52471,0.05866,-0.32356
204.95100,-0.51520,0.05548,-0.32170
205.00000,-0.50568,0.05232,-0.31988
205.05100,-0.49614,0.04916,-0.31800
205.10100,-0.48658,0.04603,-0.31612
205.15100,-0.47703,0.04291,-0.31425
205.20000,-0.46748,0.03981,-0.31259
205.25000,-0.45794,0.03674,-0.31118
205.30100,-0.44839,0.03367,-0.30973
205.35000,-0.43886,0.03063,-0.30819
205.40000,-0.42933,0.02761,-0.30667
205.45000,-0.41980,0.02459,-0.30516
205.50100,-0.41025,0.02160,-0.30367
205.55000,-0.40068,0.01860,-0.30239
205.60100,-0.39109,0.01562,-0.30098
205.65000,-0.38151,0.01265,-0.29958
205.70000,-0.37192,0.00969,-0.29824
205.75000,-0.36234,0.00675,-0.29702
205.80000,-0.35275,0.00382,-0.29579
205.85100,-0.34315,0.00091,-0.29462
205.90000,-0.33355,-0.00200,-0.29346
205.95000,-0.32397,-0.00489,-0.29242
206.00000,-0.31437,-0.00777,-0.29135
206.05000,-0.30477,-0.01065,-0.29030
206.10000,-0.29516,-0.01352,-0.28923
206.15200,-0.28554,-0.01638,-0.28820
206.20000,-0.27593,-0.01923,-0.28721
206.25000,-0.26631,-0.02206,-0.28625
206.30000,-0.25669,-0.02489,-0.28533
206.35000,-0.24707,-0.02772,-0.28445
206.40100,-0.23744,-0.03053,-0.28361
206.45100,-0.22782,-0.03333,-0.28282
206.50100,-0.21819,-0.03613,-0.28205
206.55000,-0.20856,-0.03892,-0.28132
206.60000,-0.19893,-0.04170,-0.28062
206.65100,-0.18931,-0.04447,-0.27994
206.70000,-0.17969,-0.04723,-0.27929
206.75200,-0.17007,-0.04998,-0.27866
206.80100,-0.16045,-0.05273,-0.27814
206.85300,-0.15081,-0.05548,-0.27764
206.90000,-0.14117,-0.05823,-0.27717
206.95000,-0.13153,-0.06097,-0.27673
207.00000,-0.12188,-0.06370,-0.27633
207.05000,-0.11225,-0.06643,-0.27601
207.10100,-0.10261,-0.06916,-0.27572
207.15000,-0.09299,-0.07188,-0.27550
207.20100,-0.08336,-0.07460,-0.27535
207.25000,-0.07374,-0.07732,-0.27517
207.30000,-0.06411,-0.08003,-0.27506
207.35200,-0.05448,-0.08275,-0.27492
207.40000,-0.04485,-0.08547,-0.27483
207.45000,-0.03522,-0.08818,-0.27489
207.50000,-0.02560,-0.09089,-0.27498
207.55100,-0.01598,-0.09361,-0.27520
207.60000,-0.00636,-0.09633,-0.27543
207.65200,0.00326,-0.09905,-0.27566
207.70000,0.01288,-0.10177,-0.27598
207.75000,0.02249,-0.10450,-0.27631
207.80000,0.03211,-0.10723,-0.27670
207.85000,0.04172,-0.10996,-0.27712
207.90100,0.05133,-0.11270,-0.27759
207.95300,0.06094,-0.11544,-0.27811
208.00100,0.07055,-0.11819,-0.27868
208.05000,0.08015,-0.12094,-0.27930
208.10000,0.08975,-0.12370,-0.27997
208.15000,0.09936,-0.12646,-0.28067
208.20100,0.10895,-0.12924,-0.28142
208.25000,0.11855,-0.13201,-0.28220
208.30100,0.12815,-0.13480,-0.28312
208.35000,0.13775,-0.13760,-0.28410
208.40100,0.14735,-0.14041,-0.28511
208.45000,0.15694,-0.14323,-0.28616
208.50100,0.16654,-0.14605,-0.28725
208.55000,0.17613,-0.14889,-0.28838
208.60100,0.18571,-0.15174,-0.28954
208.65100,0.19527,-0.15459,-0.29065
208.70100,0.20482,-0.15746,-0.29172
208.75000,0.21439,-0.16034,-0.29270
208.80000,0.22397,-0.16323,-0.29375
208.85000,0.23352,-0.16612,-0.29487
208.90100,0.24306,-0.16903,-0.29600
208.95000,0.25259,-0.17194,-0.29717
209.00100,0.26212,-0.17486,-0.29833
209.05000,0.27165,-0.17780,-0.29955
209.10100,0.28118,-0.18075,-0.30080
209.15000,0.29072,-0.18372,-0.30201
209.20000,0.30024,-0.18669,-0.30326
209.25200,0.30975,-0.18968,-0.30449
209.30200,0.31928,-0.19268,-0.30574
209.35100,0.32880,-0.19569,-0.30699
209.40100,0.33833,-0.19872,-0.30825
209.45100,0.34785,-0.20176,-0.30950
209.50000,0.35737,-0.20481,-0.31076
209.55000,0.36689,-0.20787,-0.31203
209.60000,0.37641,-0.21095,-0.31330
209.65000,0.38592,-0.21404,-0.31457
209.70100,0.39543,-0.21714,-0.31585
209.75100,0.40493,-0.22025,-0.31713
209.80000,0.41443,-0.22338,-0.31841
209.85000,0.42393,-0.22651,-0.31969
209.90200,0.43342,-0.22966,-0.32096
209.95000,0.44291,-0.23282,-0.32223
210.00000,0.45239,-0.23599,-0.32350
210.05000,0.46187,-0.23918,-0.32477
210.10100,0.47134,-0.24238,-0.32603
210.15100,0.48081,-0.24558,-0.32728
210.20100,0.49028,-0.24880,-0.32853
210.25100,0.49972,-0.25204,-0.32984
210.30100,0.50914,-0.25529,-0.33121
210.35100,0.51856,-0.25854,-0.33257
210.40100,0.52798,-0.26182,-0.33392
210.45000,0.53739,-0.26510,-0.33525
210.50200,0.54680,-0.26840,-0.33654
210.55000,0.55623,-0.27170,-0.33781
210.60000,0.56564,-0.27502,-0.33910
210.65100,0.57507,-0.27836,-0.34037
210.70000,0.58448,-0.28169,-0.34169
210.75000,0.59389,-0.28505,-0.34309
210.80100,0.60330,-0.28842,-0.34441
210.85000,0.61270,-0.29181,-0.34578
210.90100,0.62211,-0.29521,-0.34705
210.95200,0.63150,-0.29861,-0.34828
211.00100,0.64089,-0.30203,-0.34953
211.05000,0.65026,-0.30545,-0.35079
211.10000,0.65914,-0.30859,-0.36200
211.15100,0.66563,-0.31107,-0.39587
211.20300,0.67047,-0.31324,-0.44589
211.25100,0.67706,-0.31660,-0.49599
211.30000,0.68415,-0.32068,-0.54867
211.35000,0.69149,-0.32546,-0.60301
211.40000,0.69886,-0.33083,-0.65873
211.45000,0.70614,-0.33681,-0.71519
211.50000,0.71330,-0.34339,-0.77191
211.55200,0.72018,-0.35048,-0.82895
211.60100,0.72672,-0.35804,-0.88574
211.65000,0.73282,-0.36596,-0.94199
211.70000,0.73848,-0.37421,-0.99770
211.75000,0.74286,-0.38134,-1.03277
211.80000,0.74574,-0.38632,-1.05429
211.85100,0.74655,-0.38785,-1.07421
211.90000,0.74822,-0.39092,-1.10512
211.95100,0.75017,-0.39495,-1.12224
212.00000,0.75115,-0.39707,-1.12436
212.05100,0.75144,-0.39768,-1.11871
212.10000,0.75175,-0.39834,-1.11228
212.15000,0.75208,-0.39900,-1.10551
212.20000,0.75241,-0.39965,-1.09857
212.25000,0.75275,-0.40032,-1.09151
212.30100,0.75310,-0.40098,-1.08439
212.35100,0.75345,-0.40164,-1.07723
212.40100,0.75381,-0.40230,-1.07005
212.45300,0.75417,-0.40295,-1.06286
212.50000,0.75454,-0.40361,-1.05569
212.55000,0.75491,-0.40426,-1.04854
212.60000,0.75528,-0.40490,-1.04143
212.65100,0.75566,-0.40554,-1.03438
212.70000,0.75590,-0.40603,-1.03371
212.75000,0.75644,-0.40676,-1.03787
212.80100,0.75689,-0.40748,-1.03298
212.85200,0.75726,-0.40810,-1.02705
212.90100,0.75763,-0.40870,-1.02123
212.95000,0.75786,-0.40915,-1.02183
213.00100,0.75853,-0.41028,-1.02312
213.05000,0.75886,-0.41086,-1.02448
213.10000,0.75940,-0.41168,-1.02763
213.15000,0.75976,-0.41225,-1.02427
213.20200,0.76009,-0.41280,-1.02106
213.25000,0.76030,-0.41319,-1.02519
213.30100,0.76086,-0.41407,-1.02842
213.35000,0.76118,-0.41461,-1.02634
213.40100,0.76149,-0.41512,-1.02466
213.45000,0.76170,-0.41551,-1.02741
213.50100,0.76221,-0.41625,-1.03145
213.55000,0.76251,-0.41676,-1.03096
213.60100,0.76279,-0.41725,-1.03103
213.65000,0.76307,-0.41773,-1.03115
213.70000,0.76336,-0.41822,-1.03127
213.75000,0.76365,-0.41871,-1.03121
213.80100,0.76393,-0.41920,-1.03109
213.85000,0.76423,-0.41969,-1.03078
213.90100,0.76452,-0.42017,-1.03019
213.95000,0.76481,-0.42065,-1.02933
214.00100,0.76496,-0.42097,-1.03540
214.05100,0.76560,-0.42194,-1.04054
214.10100,0.76589,-0.42244,-1.03904
214.15100,0.76619,-0.42295,-1.03711
214.20100,0.76648,-0.42345,-1.03467
214.25000,0.76679,-0.42398,-1.03164
214.30000,0.76711,-0.42453,-1.02789
214.35000,0.76744,-0.42508,-1.02329
214.40000,0.76762,-0.42546,-1.02511
214.45000,0.76840,-0.42666,-1.02756
214.50000,0.76878,-0.42732,-1.03006
214.55000,0.76946,-0.42832,-1.03394
214.60000,0.76989,-0.42903,-1.02766
214.65000,0.77026,-0.42965,-1.01986
214.70000,0.77049,-0.43005,-1.02728
214.75000,0.77126,-0.43124,-1.03522
214.80000,0.77169,-0.43192,-1.04282
214.85100,0.77305,-0.43430,-1.06650
214.90100,0.77511,-0.43804,-1.08035
214.95100,0.77650,-0.44070,-1.07968
215.00100,0.77677,-0.44144,-1.08113
215.05000,0.77733,-0.44244,-1.08379
215.10000,0.77777,-0.44326,-1.07221
215.15100,0.77819,-0.44402,-1.05933
215.20000,0.77863,-0.44479,-1.04604
215.25000,0.77893,-0.44540,-1.03886
215.30000,0.77950,-0.44642,-1.03330
215.35000,0.77997,-0.44720,-1.01941
215.40200,0.78043,-0.44797,-1.00564
215.45000,0.78078,-0.44857,-0.99827
215.50000,0.78088,-0.44889,-1.00230
215.55000,0.78171,-0.45001,-1.00800
215.60000,0.78259,-0.45136,-0.99944
215.65200,0.78284,-0.45177,-1.00023
215.70100,0.78327,-0.45233,-1.00477
215.75100,0.78357,-0.45275,-1.00383
215.80000,0.78413,-0.45357,-1.01711
215.85100,0.78531,-0.45551,-1.03944
215.90000,0.78760,-0.45932,-1.05545
215.95000,0.78920,-0.46225,-1.05371
216.00100,0.78962,-0.46303,-1.05502
216.05100,0.79052,-0.46458,-1.07322
216.10100,0.79251,-0.46826,-1.08637
216.15000,0.79388,-0.47092,-1.08317
216.20000,0.79419,-0.47173,-1.08408
216.25100,0.79524,-0.47372,-1.10476
216.30000,0.79711,-0.47733,-1.11784
216.35300,0.79824,-0.47972,-1.11279
216.40100,0.79865,-0.48055,-1.09866
216.45000,0.79907,-0.48136,-1.08401
216.50000,0.79951,-0.48218,-1.06911
216.55000,0.79997,-0.48300,-1.05402
216.60000,0.80045,-0.48382,-1.03877
216.65000,0.80094,-0.48464,-1.02338
216.70000,0.80144,-0.48544,-1.00786
216.75100,0.80196,-0.48625,-0.99224
216.80000,0.80226,-0.48667,-0.99344
216.85100,0.80274,-0.48737,-0.99662
216.90000,0.80308,-0.48785,-0.99473
216.95100,0.80400,-0.48926,-1.01138
217.00100,0.80586,-0.49232,-1.03788
217.05000,0.80852,-0.49699,-1.07321
217.10000,0.81165,-0.50293,-1.09757
217.15000,0.81399,-0.50761,-1.10309
217.20100,0.81523,-0.51010,-1.09651
217.25000,0.81568,-0.51100,-1.08047
217.30100,0.81613,-0.51183,-1.06359
217.35100,0.81660,-0.51267,-1.04670
217.40000,0.81712,-0.51358,-1.02987
217.45100,0.81767,-0.51449,-1.01301
217.50100,0.81795,-0.51491,-1.00998
217.55000,0.81917,-0.51684,-1.02723
217.60000,0.82161,-0.52101,-1.05752
217.65000,0.82443,-0.52619,-1.07613
217.70000,0.82646,-0.53002,-1.07538
217.75000,0.82719,-0.53140,-1.06113
217.80200,0.82764,-0.53220,-1.04357
217.85000,0.82810,-0.53299,-1.02555
217.90000,0.82858,-0.53379,-1.00748
217.95100,0.82911,-0.53462,-0.98946
218.00300,0.82965,-0.53543,-0.97156
218.05000,0.83007,-0.53602,-0.96619
218.10000,0.83112,-0.53744,-0.97913
218.15100,0.83314,-0.54052,-1.00278
218.20200,0.83609,-0.54513,-1.01877
218.25100,0.83830,-0.54873,-1.01707
218.30200,0.83898,-0.54983,-1.00108
218.35100,0.83943,-0.55051,-0.98221
218.40000,0.83981,-0.55102,-0.98090
218.45000,0.84138,-0.55333,-0.99904
218.50100,0.84371,-0.55702,-1.00802
218.55200,0.84523,-0.55952,-1.01217
218.60100,0.84659,-0.56168,-1.01850
218.65000,0.84765,-0.56341,-1.00759
218.70000,0.84808,-0.56409,-0.98899
218.75200,0.84862,-0.56491,-0.97102
218.80100,0.84917,-0.56574,-0.95301
218.85100,0.84932,-0.56596,-0.94673
218.90000,0.85046,-0.56750,-0.95976
218.95000,0.85323,-0.57156,-0.98858
219.00000,0.85665,-0.57687,-1.00768
219.05200,0.85901,-0.58066,-1.00727
219.10100,0.85996,-0.58217,-0.99358
219.15000,0.86041,-0.58288,-0.97501
219.20000,0.86094,-0.58365,-0.95660
219.25000,0.86128,-0.58407,-0.95424
219.30000,0.86255,-0.58586,-0.96933
219.35100,0.86523,-0.58988,-0.99714
219.40100,0.86856,-0.59511,-1.01521
219.45200,0.87132,-0.59958,-1.01798
219.50000,0.87332,-0.60281,-1.01345
219.55000,0.87425,-0.60431,-0.99847
219.60000,0.87474,-0.60507,-0.97897
219.65200,0.87520,-0.60576,-0.95895
219.70000,0.87573,-0.60651,-0.93937
219.75000,0.87630,-0.60728,-0.92007
219.80000,0.87666,-0.60770,-0.91633
219.85000,0.87834,-0.60986,-0.93143
219.90000,0.88140,-0.61411,-0.95930
219.95000,0.88504,-0.61942,-0.97694
220.00100,0.88766,-0.62334,-0.97619
220.05100,0.88891,-0.62520,-0.96344
220.10000,0.88918,-0.62562,-0.94422
220.15100,0.88965,-0.62628,-0.92488
220.20000,0.88997,-0.62673,-0.90590
220.25000,0.89027,-0.62710,-0.89873
220.30000,0.89144,-0.62846,-0.90762
220.35100,0.89450,-0.63242,-0.93300
220.40100,0.89848,-0.63796,-0.96770
220.45000,0.90275,-0.64433,-0.99133
220.50000,0.90575,-0.64899,-0.99437
220.55000,0.90732,-0.65147,-0.98573
220.60000,0.90818,-0.65280,-0.97006
220.65100,0.90868,-0.65355,-0.95023
220.70100,0.90927,-0.65436,-0.93017
220.75100,0.90991,-0.65520,-0.90984
220.80000,0.91057,-0.65603,-0.88955
220.85100,0.91125,-0.65684,-0.86931
220.90000,0.91175,-0.65743,-0.86618
220.95100,0.91391,-0.65997,-0.88050
221.00000,0.91752,-0.66448,-0.90616
221.05000,0.92156,-0.66973,-0.92305
221.10000,0.92435,-0.67343,-0.92169
221.15000,0.92551,-0.67496,-0.90806
221.20100,0.92596,-0.67554,-0.88884
221.25100,0.92646,-0.67617,-0.86927
221.30000,0.92685,-0.67664,-0.85044
221.35100,0.92728,-0.67703,-0.84371
221.40200,0.92822,-0.67805,-0.83965
221.45100,0.92884,-0.67876,-0.83366
221.50200,0.93061,-0.68065,-0.84474
221.55000,0.93431,-0.68489,-0.86949
221.60000,0.93931,-0.69100,-0.90109
221.65300,0.94428,-0.69742,-0.92318
221.70000,0.94773,-0.70203,-0.92753
221.75000,0.94866,-0.70329,-0.91371
221.80000,0.94902,-0.70377,-0.89500
221.85100,0.94934,-0.70413,-0.87598
221.90000,0.94962,-0.70445,-0.85604
221.95100,0.94995,-0.70483,-0.83674
222.00000,0.95033,-0.70527,-0.81747
222.05200,0.95061,-0.70553,-0.80470
222.10000,0.95162,-0.70653,-0.80780
222.15000,0.95513,-0.71023,-0.82917
222.20000,0.95993,-0.71564,-0.86082
222.25100,0.96493,-0.72152,-0.88304
222.30000,0.96827,-0.72562,-0.88552
222.35300,0.96949,-0.72712,-0.87397
222.40000,0.96994,-0.72767,-0.85537
222.45000,0.97040,-0.72820,-0.83651
222.50100,0.97076,-0.72864,-0.81751
222.55100,0.97118,-0.72909,-0.79920
222.60100,0.97139,-0.72931,-0.78021
222.65000,0.97163,-0.72952,-0.76754
222.70100,0.97290,-0.73074,-0.77219
222.75100,0.97656,-0.73435,-0.79456
222.80100,0.98176,-0.73982,-0.82573
222.85000,0.98783,-0.74663,-0.86186
222.90100,0.99342,-0.75330,-0.88647
222.95100,0.99733,-0.75812,-0.89246
223.00000,0.99874,-0.75989,-0.88156
223.05000,0.99898,-0.76017,-0.86341
223.10100,0.99942,-0.76069,-0.84476
223.15100,0.99977,-0.76109,-0.82550
223.20000,1.00048,-0.76183,-0.80580
223.25000,1.00083,-0.76221,-0.78725
223.30000,1.00116,-0.76254,-0.76826
223.35000,1.00161,-0.76297,-0.75034
223.40000,1.00207,-0.76338,-0.74810
223.45100,1.00460,-0.76576,-0.76255
223.50100,1.00797,-0.76899,-0.76805
223.55100,1.00935,-0.77027,-0.75587
223.60000,1.00945,-0.77037,-0.73751
223.65100,1.00969,-0.77059,-0.72545
223.70100,1.01071,-0.77149,-0.72832
223.75000,1.01448,-0.77490,-0.75085
223.80100,1.01991,-0.78014,-0.78206
223.85200,1.02587,-0.78611,-0.80591
223.90000,1.03010,-0.79052,-0.81236
223.95000,1.03215,-0.79266,-0.80537
224.00000,1.03274,-0.79327,-0.78784
224.05000,1.03318,-0.79370,-0.77013
224.10200,1.03354,-0.79405,-0.75222
224.15200,1.03404,-0.79451,-0.73401
224.20000,1.03458,-0.79498,-0.71558
224.25100,1.03516,-0.79548,-0.69744
224.30000,1.03574,-0.79593,-0.69384
224.35200,1.03808,-0.79792,-0.70676
224.40000,1.04236,-0.80167,-0.73299
224.45100,1.04786,-0.80681,-0.76638
224.50100,1.05410,-0.81284,-0.79250
224.55100,1.05889,-0.81771,-0.80241
224.60000,1.06167,-0.82057,-0.79927
224.65000,1.06231,-0.82120,-0.78244
224.70000,1.06270,-0.82160,-0.76420
224.75000,1.06340,-0.82226,-0.74492
224.80100,1.06416,-0.82293,-0.72549
224.85000,1.06492,-0.82359,-0.70613
224.90100,1.06569,-0.82424,-0.68687
224.95100,1.06629,-0.82473,-0.66810
225.00000,1.06679,-0.82508,-0.66335
225.05100,1.06962,-0.82733,-0.67797
225.10300,1.07416,-0.83108,-0.70379
225.15100,1.07974,-0.83598,-0.73774
225.20100,1.08583,-0.84159,-0.76295
225.25000,1.09045,-0.84602,-0.77090
225.30000,1.09336,-0.84881,-0.76735
225.35000,1.09488,-0.85025,-0.75537
225.40000,1.09534,-0.85069,-0.73729
225.45100,1.09576,-0.85106,-0.71801
225.50000,1.09635,-0.85156,-0.69848
225.55000,1.09689,-0.85201,-0.67919
225.60000,1.09729,-0.85233,-0.65728
225.65100,1.09765,-0.85259,-0.63675
225.70100,1.09830,-0.85307,-0.61797
225.75000,1.09884,-0.85341,-0.61211
225.80000,1.10131,-0.85517,-0.62269
225.85100,1.10605,-0.85867,-0.64723
225.90100,1.11195,-0.86328,-0.68009
225.95000,1.11853,-0.86881,-0.71912
226.00000,1.12529,-0.87476,-0.75271
226.05200,1.13124,-0.88030,-0.77057
226.10000,1.13468,-0.88363,-0.77008
226.15000,1.13590,-0.88478,-0.75328
226.20100,1.13663,-0.88545,-0.73257
226.25100,1.13738,-0.88611,-0.71194
226.30000,1.13812,-0.88675,-0.69162
226.35100,1.13887,-0.88735,-0.67140
226.40000,1.13963,-0.88795,-0.65109
226.45000,1.14040,-0.88851,-0.63073
226.50000,1.14116,-0.88904,-0.61081
226.55000,1.14193,-0.88957,-0.59104
226.60000,1.14272,-0.89007,-0.57130
226.65100,1.14349,-0.89054,-0.56635
226.70000,1.14679,-0.89270,-0.57940
226.75000,1.15193,-0.89615,-0.60396
226.80100,1.15825,-0.90067,-0.63677
226.85000,1.16505,-0.90571,-0.66602
226.90100,1.17050,-0.90994,-0.67756
226.95000,1.17380,-0.91259,-0.67397
227.00000,1.17650,-0.91468,-0.66644
227.05000,1.17735,-0.91532,-0.64684
227.10000,1.17813,-0.91589,-0.62639
227.15000,1.17890,-0.91643,-0.60616
227.20100,1.17968,-0.91696,-0.58620
227.25100,1.18048,-0.91748,-0.56613
227.30100,1.18126,-0.91796,-0.54616
227.35000,1.18205,-0.91842,-0.52610
227.40200,1.18275,-0.91882,-0.52092
227.45000,1.18573,-0.92057,-0.53067
227.50100,1.19107,-0.92379,-0.55437
227.55100,1.19763,-0.92800,-0.58644
227.60100,1.20470,-0.93274,-0.61242
227.65100,1.21061,-0.93689,-0.62493
227.70000,1.21336,-0.93878,-0.61796
227.75000,1.21413,-0.93932,-0.59844
227.80100,1.21494,-0.93986,-0.57870
227.85100,1.21576,-0.94039,-0.55925
227.90100,1.21654,-0.94086,-0.53983
227.95000,1.21736,-0.94133,-0.52041
228.00100,1.21816,-0.94177,-0.50109
228.05100,1.21898,-0.94221,-0.48225
228.10100,1.21953,-0.94249,-0.47643
228.15000,1.22218,-0.94389,-0.48427
228.20100,1.22749,-0.94677,-0.50711
228.25000,1.23417,-0.95063,-0.53922
228.30000,1.24074,-0.95462,-0.55719
228.35000,1.24490,-0.95718,-0.55863
228.40200,1.24762,-0.95886,-0.55183
228.45100,1.24962,-0.96007,-0.54035
228.50000,1.25086,-0.96080,-0.52438
228.55200,1.25167,-0.96126,-0.50589
228.60000,1.25250,-0.96171,-0.48754
228.65000,1.25331,-0.96212,-0.46922
228.70000,1.25415,-0.96255,-0.45119
228.75000,1.25474,-0.96277,-0.44559
228.80000,1.25688,-0.96384,-0.45050
228.85300,1.26194,-0.96639,-0.47136
228.90000,1.26874,-0.97000,-0.50321
228.95000,1.27608,-0.97395,-0.52768
229.00000,1.28158,-0.97707,-0.53742
229.05000,1.28541,-0.97933,-0.53789
229.10000,1.28832,-0.98102,-0.53211
229.15000,1.29006,-0.98200,-0.51965
229.20200,1.29076,-0.98241,-0.50209
229.25100,1.29142,-0.98277,-0.48468
229.30100,1.29208,-0.98313,-0.46754
229.35200,1.29276,-0.98346,-0.45037
229.40300,1.29360,-0.98386,-0.44756
229.45100,1.29667,-0.98542,-0.45757
229.50000,1.30103,-0.98752,-0.46063
229.55000,1.30266,-0.98823,-0.44803
229.60000,1.30322,-0.98850,-0.43256
229.65100,1.30373,-0.98875,-0.41726
229.70000,1.30452,-0.98913,-0.41528
229.75100,1.30830,-0.99087,-0.42861
229.80100,1.31401,-0.99357,-0.45386
229.85200,1.32050,-0.99673,-0.47714
229.90100,1.32640,-0.99972,-0.49078
229.95100,1.33093,-1.00208,-0.49553
230.00000,1.33364,-1.00354,-0.49070
230.05100,1.33532,-1.00442,-0.48084
230.10100,1.33598,-1.00475,-0.46632
230.15000,1.33668,-1.00510,-0.44947
230.20000,1.33725,-1.00538,-0.43320
230.25100,1.33775,-1.00561,-0.41751
230.30100,1.33819,-1.00580,-0.40220
230.35000,1.33869,-1.00600,-0.39529
230.40000,1.34108,-1.00707,-0.40068
230.45000,1.34665,-1.00955,-0.42312
230.50000,1.35325,-1.01261,-0.44209
230.55200,1.35941,-1.01540,-0.45356
230.60100,1.36472,-1.01788,-0.46117
230.65000,1.37002,-1.02037,-0.46851
230.70100,1.37522,-1.02284,-0.47415
230.75000,1.38042,-1.02530,-0.47975
230.80000,1.38537,-1.02771,-0.48341
230.85000,1.38795,-1.02895,-0.47591
230.90100,1.38861,-1.02928,-0.45922
230.95000,1.38904,-1.02948,-0.44215
231.00000,1.38946,-1.02968,-0.42521
231.05200,1.38989,-1.02987,-0.40840
231.10000,1.39032,-1.03005,-0.39171
231.15000,1.39075,-1.03022,-0.37515
231.20000,1.39119,-1.03039,-0.35874
231.25000,1.39193,-1.03068,-0.35401
231.30100,1.39592,-1.03222,-0.36438
231.35100,1.40211,-1.03467,-0.38741
231.40000,1.40983,-1.03797,-0.41762
231.45000,1.41772,-1.04145,-0.44191
231.50000,1.42463,-1.04459,-0.45599
231.55100,1.42970,-1.04701,-0.46052
231.60000,1.43431,-1.04921,-0.46243
231.65000,1.43700,-1.05049,-0.45562
231.70000,1.43848,-1.05120,-0.44326
231.75000,1.43901,-1.05144,-0.42658
231.80000,1.43942,-1.05163,-0.40945
231.85100,1.43998,-1.05186,-0.39191
231.90100,1.44041,-1.05203,-0.37505
231.95000,1.44083,-1.05220,-0.35835
232.00100,1.44126,-1.05235,-0.34179
232.05100,1.44170,-1.05250,-0.32538
232.10100,1.44213,-1.05265,-0.30912
232.15000,1.44257,-1.05278,-0.29302
232.20000,1.44319,-1.05308,-0.28337
232.25200,1.44523,-1.05376,-0.27597
232.30100,1.44662,-1.05415,-0.27293
232.35000,1.45067,-1.05539,-0.28459
232.40000,1.45731,-1.05743,-0.30702
232.45000,1.46523,-1.06010,-0.33796
232.50200,1.47455,-1.06354,-0.37046
232.55000,1.48377,-1.06708,-0.39643
232.60000,1.49121,-1.06999,-0.41230
232.65000,1.49791,-1.07270,-0.42466
232.70000,1.50454,-1.07540,-0.43619
232.75000,1.51092,-1.07808,-0.44597
232.80000,1.51730,-1.08075,-0.45572
232.85000,1.52279,-1.08319,-0.46102
232.90000,1.52570,-1.08450,-0.45348
232.95000,1.52663,-1.08479,-0.43566
233.00100,1.52703,-1.08498,-0.41769
233.05100,1.52744,-1.08515,-0.39988
233.10000,1.52785,-1.08532,-0.38222
233.15000,1.52826,-1.08548,-0.36470
233.20000,1.52867,-1.08563,-0.34733
233.25100,1.52908,-1.08578,-0.33012
233.30100,1.52950,-1.08592,-0.31308
233.35000,1.52992,-1.08605,-0.29619
233.40000,1.53034,-1.08618,-0.27948
233.45100,1.53077,-1.08629,-0.26294
233.50100,1.53120,-1.08641,-0.24655
233.55000,1.53206,-1.08661,-0.22868
233.60000,1.53313,-1.08689,-0.22490
233.65000,1.53688,-1.08787,-0.23286
233.70100,1.54348,-1.08955,-0.25409
233.75000,1.55153,-1.09177,-0.28486
233.80100,1.56019,-1.09435,-0.31230
233.85000,1.56718,-1.09657,-0.32732
233.90100,1.57056,-1.09767,-0.32355
233.95000,1.57237,-1.09826,-0.31100
234.00000,1.57342,-1.09858,-0.29441
234.05000,1.57425,-1.09883,-0.27674
234.10000,1.57509,-1.09906,-0.25931
234.15000,1.57592,-1.09929,-0.24210
234.20000,1.57672,-1.09949,-0.22521
234.25100,1.57751,-1.09965,-0.20841
234.30000,1.57828,-1.09980,-0.19191
234.35000,1.58063,-1.10056,-0.17599
234.40000,1.58560,-1.10171,-0.16838
234.45100,1.59083,-1.10270,-0.18086
234.50100,1.59850,-1.10424,-0.20923
234.55000,1.60729,-1.10626,-0.24385
234.60000,1.61612,-1.10862,-0.27812
234.65100,1.62494,-1.11117,-0.30663
234.70000,1.63223,-1.11346,-0.32483
234.75100,1.63702,-1.11501,-0.32945
234.80000,1.64141,-1.11647,-0.33183
234.85000,1.64563,-1.11788,-0.33247
234.90000,1.64977,-1.11928,-0.33245
234.95000,1.65392,-1.12068,-0.33231
235.00100,1.65807,-1.12208,-0.33216
235.05000,1.66221,-1.12348,-0.33201
235.10100,1.66636,-1.12488,-0.33185
235.15000,1.66936,-1.12583,-0.32448
235.20100,1.67018,-1.12610,-0.30572
235.25000,1.67102,-1.12636,-0.28668
235.30200,1.67184,-1.12660,-0.26793
235.35000,1.67266,-1.12682,-0.24943
235.40100,1.67350,-1.12703,-0.23096
235.45100,1.67434,-1.12722,-0.21278
235.50000,1.67518,-1.12739,-0.19485
235.55000,1.67601,-1.12755,-0.17717
235.60000,1.67907,-1.12827,-0.16021
235.65000,1.68797,-1.12974,-0.14403
235.70000,1.69830,-1.13115,-0.12701
235.75000,1.70865,-1.13238,-0.11018
235.80100,1.71901,-1.13344,-0.09359
235.85000,1.72848,-1.13406,-0.08773
235.90000,1.73723,-1.13468,-0.10374
235.95000,1.74596,-1.13573,-0.13377
236.00100,1.75503,-1.13710,-0.16682
236.05000,1.76411,-1.13865,-0.19431
236.10000,1.77325,-1.14029,-0.21254
236.15000,1.78243,-1.14196,-0.22666
236.20000,1.78860,-1.14287,-0.23414
236.25100,1.79338,-1.14345,-0.23672
236.30100,1.79816,-1.14403,-0.23923
236.35000,1.80293,-1.14461,-0.24174
236.40000,1.80771,-1.14519,-0.24425
236.45100,1.81248,-1.14577,-0.24675
236.50100,1.81725,-1.14635,-0.24925
236.55100,1.82202,-1.14693,-0.25173
236.60000,1.82679,-1.14751,-0.25420
236.65000,1.83156,-1.14808,-0.25665
236.70000,1.83633,-1.14866,-0.25910
236.75000,1.84110,-1.14924,-0.26154
236.80100,1.84587,-1.14981,-0.26386
236.85000,1.85064,-1.15038,-0.26615
236.90100,1.85540,-1.15096,-0.26844
236.95000,1.86017,-1.15153,-0.27073
237.00000,1.86493,-1.15210,-0.27301
237.05000,1.86970,-1.15267,-0.27526
237.10100,1.87446,-1.15325,-0.27751
237.15100,1.87922,-1.15382,-0.27971
237.20200,1.88399,-1.15439,-0.28190
237.25000,1.88875,-1.15496,-0.28406
237.30200,1.89351,-1.15552,-0.28621
237.35100,1.89827,-1.15609,-0.28836
237.40100,1.90339,-1.15725,-0.28496
237.45100,1.91221,-1.15987,-0.27318
237.50100,1.92151,-1.16240,-0.25852
237.55200,1.93100,-1.16484,-0.24476
237.60100,1.94072,-1.16720,-0.23206
237.65000,1.95045,-1.16944,-0.21978
237.70100,1.96021,-1.17155,-0.20777
237.75100,1.96999,-1.17355,-0.19601
237.80000,1.97980,-1.17544,-0.18450
237.85000,1.98962,-1.17721,-0.17324
237.90000,1.99947,-1.17888,-0.16223
237.95000,2.00933,-1.18043,-0.15147
238.00000,2.01921,-1.18189,-0.14096
238.05100,2.02910,-1.18324,-0.13071
238.10200,2.03900,-1.18448,-0.12071
238.15000,2.04892,-1.18564,-0.11096
238.20000,2.05885,-1.18669,-0.10147
238.25000,2.06887,-1.18766,-0.09174
238.30000,2.07885,-1.18854,-0.08248
238.35000,2.08900,-1.18933,-0.07284
238.40000,2.09910,-1.19002,-0.06372
238.45100,2.10931,-1.19062,-0.05443
238.50000,2.11948,-1.19113,-0.04563
238.55000,2.12969,-1.19155,-0.03694
238.60100,2.13975,-1.19182,-0.01977
238.65000,2.14812,-1.19184,0.01695
238.70000,2.15480,-1.19158,0.06647
238.75000,2.16008,-1.19107,0.12759
238.80000,2.16537,-1.19021,0.19320
238.85000,2.17075,-1.18923,0.25019
238.90000,2.17573,-1.18860,0.28859
238.95100,2.18009,-1.18855,0.30260
239.00100,2.18372,-1.18814,0.30169
239.05200,2.18734,-1.18702,0.29188
239.10100,2.19197,-1.18565,0.27567
239.15100,2.19779,-1.18406,0.25146
239.20200,2.20509,-1.18229,0.21775
239.25100,2.21314,-1.18067,0.17471
239.30100,2.22188,-1.17931,0.13379
239.35000,2.22992,-1.17842,0.08704
239.40000,2.23726,-1.17798,0.03213
239.45100,2.24495,-1.17793,-0.01439
239.50100,2.25312,-1.17812,-0.03948
239.55100,2.26213,-1.17839,-0.03724
239.60000,2.27062,-1.17849,-0.00972
239.65000,2.27637,-1.17843,0.03696
239.70000,2.28110,-1.17812,0.09563
239.75000,2.28636,-1.17745,0.15826
239.80000,2.29218,-1.17632,0.22277
239.85000,2.29805,-1.17507,0.27852
239.90000,2.30393,-1.17375,0.31427
239.95000,2.30968,-1.17249,0.32059
240.00000,2.31533,-1.17127,0.31425
240.05000,2.32094,-1.16964,0.29668
240.10100,2.32786,-1.16755,0.27020
240.15200,2.33661,-1.16521,0.23477
240.20100,2.34546,-1.16328,0.19323
240.25000,2.35526,-1.16157,0.15307
240.30200,2.36516,-1.16025,0.11194
240.35000,2.37496,-1.15938,0.06772
240.40200,2.38491,-1.15894,0.02109
240.45000,2.39437,-1.15897,-0.02972
240.50100,2.40300,-1.15946,-0.08650
240.55000,2.41102,-1.16040,-0.14753
240.60100,2.41915,-1.16187,-0.20943
240.65000,2.42750,-1.16392,-0.27112
240.70000,2.43566,-1.16646,-0.33381
240.75000,2.44379,-1.16957,-0.39641
240.80200,2.45179,-1.17322,-0.45907
240.85100,2.45947,-1.17732,-0.52233
240.90000,2.46678,-1.18185,-0.58619
240.95000,2.47405,-1.18702,-0.64896
241.00100,2.48090,-1.19257,-0.71220
241.05000,2.48747,-1.19861,-0.77510
241.10000,2.49372,-1.20513,-0.83767
241.15000,2.49963,-1.21212,-0.89977
241.20000,2.50516,-1.21954,-0.96151
241.25000,2.51028,-1.22738,-1.02284
241.30000,2.51497,-1.23562,-1.08376
241.35000,2.51920,-1.24423,-1.14422
241.40000,2.52295,-1.25319,-1.20423
241.45000,2.52620,-1.26248,-1.26375
241.50000,2.52893,-1.27203,-1.32289
241.55100,2.53109,-1.28179,-1.38103
241.60000,2.53270,-1.29166,-1.43830
241.65000,2.53368,-1.30090,-1.48334
241.70100,2.53415,-1.30897,-1.51002
241.75000,2.53431,-1.31429,-1.52106
241.80000,2.53442,-1.31794,-1.52188
241.85000,2.53445,-1.31955,-1.51167
241.90100,2.53448,-1.32019,-1.49571
241.95000,2.53453,-1.32087,-1.47929
242.00000,2.53457,-1.32144,-1.46201
242.05000,2.53463,-1.32190,-1.44382
242.10000,2.53470,-1.32256,-1.42624
242.15000,2.53480,-1.32327,-1.40853
242.20000,2.53489,-1.32389,-1.39027
242.25000,2.53500,-1.32455,-1.37170
242.30100,2.53513,-1.32524,-1.35303
242.35100,2.53527,-1.32594,-1.33404
242.40000,2.53541,-1.32654,-1.31514
242.45000,2.53559,-1.32721,-1.29554
242.50100,2.53578,-1.32792,-1.27612
242.55100,2.53584,-1.32817,-1.26924
242.60200,2.53635,-1.32958,-1.28619
242.65000,2.53745,-1.33355,-1.31750
242.70100,2.53877,-1.33908,-1.35736
242.75000,2.54012,-1.34553,-1.38672
242.80000,2.54121,-1.35172,-1.39537
242.85000,2.54198,-1.35636,-1.39376
242.90000,2.54241,-1.35931,-1.38262
242.95100,2.54256,-1.36042,-1.36156
243.00200,2.54273,-1.36128,-1.33872
243.05100,2.54292,-1.36212,-1.31561
243.10000,2.54313,-1.36297,-1.29245
243.15000,2.54336,-1.36382,-1.26927
243.20000,2.54361,-1.36467,-1.24596
243.25000,2.54389,-1.36552,-1.22250
243.30000,2.54388,-1.36588,-1.21275
243.35100,2.54444,-1.36729,-1.22596
243.40000,2.54587,-1.37145,-1.25437
243.45000,2.54763,-1.37720,-1.29160
243.50000,2.54941,-1.38391,-1.31715
243.55100,2.55086,-1.39000,-1.32093
243.60100,2.55165,-1.39343,-1.31107
243.65100,2.55200,-1.39500,-1.28971
243.70100,2.55224,-1.39590,-1.26389
243.75100,2.55252,-1.39680,-1.23800
243.80000,2.55280,-1.39769,-1.21211
243.85100,2.55311,-1.39857,-1.18613
243.90000,2.55345,-1.39945,-1.16017
243.95100,2.55365,-1.40011,-1.14624
244.00000,2.55445,-1.40176,-1.15699
244.05000,2.55629,-1.40606,-1.18283
244.10100,2.55892,-1.41259,-1.21492
244.15000,2.56168,-1.42044,-1.25353
244.20300,2.56406,-1.42805,-1.28153
244.25100,2.56616,-1.43528,-1.28837
244.30100,2.56741,-1.43996,-1.28047
244.35000,2.56769,-1.44137,-1.25688
244.40000,2.56783,-1.44189,-1.22916
244.45000,2.56801,-1.44244,-1.20174
244.50100,2.56828,-1.44324,-1.17314
244.55000,2.56863,-1.44414,-1.14406
244.60000,2.56902,-1.44502,-1.11503
244.65100,2.56943,-1.44589,-1.08636
244.70000,2.56967,-1.44636,-1.07569
244.75100,2.57089,-1.44848,-1.08771
244.80000,2.57309,-1.45279,-1.11312
244.85100,2.57590,-1.45873,-1.14707
244.90000,2.57898,-1.46595,-1.18693
244.95100,2.58191,-1.47356,-1.21397
245.00200,2.58451,-1.48070,-1.21805
245.05000,2.58633,-1.48574,-1.21074
245.10000,2.58676,-1.48741,-1.18545
245.15300,2.58691,-1.48788,-1.15585
245.20100,2.58721,-1.48867,-1.12516
245.25000,2.58754,-1.48937,-1.09447
245.30000,2.58764,-1.48975,-1.06372
245.35100,2.58791,-1.49028,-1.03399
245.40000,2.58831,-1.49088,-1.01304
245.45000,2.58915,-1.49206,-1.01460
245.50100,2.59172,-1.49622,-1.03479
245.55000,2.59517,-1.50226,-1.06491
245.60000,2.59931,-1.51005,-1.09976
245.65000,2.60320,-1.51798,-1.12343
245.70000,2.60621,-1.52436,-1.12313
245.75100,2.60738,-1.52711,-1.10358
245.80000,2.60751,-1.52747,-1.07241
245.85000,2.60772,-1.52785,-1.04183
245.90100,2.60793,-1.52831,-1.01028
245.95000,2.60817,-1.52883,-0.97815
246.00000,2.60839,-1.52920,-0.94628
246.05300,2.60867,-1.52955,-0.93275
246.10100,2.61025,-1.53166,-0.94214
246.15100,2.61329,-1.53591,-0.96422
246.20200,2.61729,-1.54181,-0.99489
246.25100,2.62212,-1.54954,-1.02971
246.30000,2.62671,-1.55739,-1.05430
246.35000,2.63047,-1.56410,-1.05543
246.40000,2.63280,-1.56826,-1.04277
246.45000,2.63353,-1.56952,-1.01468
246.50000,2.63408,-1.57040,-0.98055
246.55100,2.63467,-1.57127,-0.94627
246.60100,2.63484,-1.57159,-0.91279
246.65100,2.63524,-1.57219,-0.87935
246.70100,2.63514,-1.57212,-0.85185
246.75000,2.63555,-1.57257,-0.84733
246.80100,2.63835,-1.57570,-0.86348
246.85000,2.64250,-1.58069,-0.89318
246.90100,2.64731,-1.58691,-0.92973
246.95000,2.65242,-1.59405,-0.97092
247.00100,2.65740,-1.60153,-0.99749
247.05000,2.66186,-1.60851,-1.00073
247.10000,2.66503,-1.61347,-0.99150
247.15000,2.66621,-1.61541,-0.96509
247.20100,2.66664,-1.61604,-0.93126
247.25000,2.66697,-1.61654,-0.89663
247.30100,2.66766,-1.61739,-0.86123
247.35000,2.66802,-1.61785,-0.82747
247.40000,2.66858,-1.61845,-0.79368
247.45000,2.66923,-1.61913,-0.76628
247.50200,2.67033,-1.62016,-0.76567
247.55000,2.67375,-1.62349,-0.78511
247.60000,2.67847,-1.62835,-0.81490
247.65000,2.68392,-1.63435,-0.85142
247.70000,2.68966,-1.64118,-0.89197
247.75100,2.69539,-1.64834,-0.92023
247.80000,2.70076,-1.65535,-0.92526
247.85000,2.70433,-1.66008,-0.91388
247.90000,2.70653,-1.66295,-0.89090
247.95000,2.70730,-1.66390,-0.85483
248.00000,2.70731,-1.66406,-0.81797
248.05100,2.70797,-1.66474,-0.78165
248.10100,2.70874,-1.66550,-0.74481
248.15000,2.70954,-1.66622,-0.70787
248.20000,2.71000,-1.66656,-0.68681
248.25100,2.71156,-1.66783,-0.68932
248.30100,2.71554,-1.67117,-0.70881
248.35000,2.72081,-1.67583,-0.73795
248.40000,2.72690,-1.68157,-0.77379
248.45100,2.73321,-1.68799,-0.81305
248.50000,2.73944,-1.69459,-0.84446
248.55100,2.74588,-1.70145,-0.85688
248.60000,2.75186,-1.70815,-0.85880
248.65000,2.75678,-1.71381,-0.85127
248.70100,2.75945,-1.71679,-0.82567
248.75000,2.76044,-1.71783,-0.78679
248.80300,2.76134,-1.71871,-0.74672
248.85000,2.76222,-1.71950,-0.70672
248.90200,2.76313,-1.72024,-0.66693
248.95000,2.76406,-1.72095,-0.62748
249.00200,2.76502,-1.72162,-0.58844
249.05100,2.76572,-1.72191,-0.56377
249.10300,2.76717,-1.72279,-0.56059
249.15100,2.77143,-1.72552,-0.57648
249.20100,2.77739,-1.72951,-0.60367
249.25000,2.78435,-1.73449,-0.63782
249.30000,2.79154,-1.74003,-0.67443
249.35100,2.79865,-1.74573,-0.70055
249.40200,2.80535,-1.75133,-0.70124
249.45100,2.80986,-1.75507,-0.68496
249.50100,2.81211,-1.75683,-0.65289
249.55200,2.81302,-1.75751,-0.61297
249.60000,2.81406,-1.75821,-0.57259
249.65000,2.81512,-1.75886,-0.53242
249.70000,2.81614,-1.75944,-0.49278
249.75000,2.81662,-1.75956,-0.46836
249.80300,2.81808,-1.76026,-0.46624
249.85100,2.82238,-1.76251,-0.48028
249.90200,2.82872,-1.76593,-0.50706
249.95100,2.83612,-1.77021,-0.54089
250.00100,2.84384,-1.77504,-0.57711
250.05000,2.85138,-1.78014,-0.61266
250.10000,2.85892,-1.78549,-0.63919
250.15100,2.86621,-1.79085,-0.64127
250.20100,2.87070,-1.79405,-0.62446
250.25100,2.87244,-1.79527,-0.59487
250.30000,2.87269,-1.79543,-0.55771
250.35000,2.87291,-1.79557,-0.52039
250.40200,2.87314,-1.79569,-0.48325
250.45100,2.87337,-1.79581,-0.44629
250.50100,2.87361,-1.79592,-0.40954
250.55000,2.87379,-1.79592,-0.38536
250.60100,2.87508,-1.79647,-0.38063
250.65000,2.87957,-1.79838,-0.39296
250.70200,2.88633,-1.80131,-0.41871
250.75100,2.89454,-1.80511,-0.45039
250.80100,2.90282,-1.80931,-0.48528
250.85000,2.91086,-1.81356,-0.51170
250.90000,2.91866,-1.81777,-0.51627
250.95100,2.92440,-1.82084,-0.50368
251.00200,2.92707,-1.82204,-0.47443
251.05100,2.92735,-1.82217,-0.43676
251.10000,2.92758,-1.82227,-0.39883
251.15000,2.92782,-1.82237,-0.36112
251.20000,2.92806,-1.82245,-0.32363
251.25100,2.92835,-1.82254,-0.29969
251.30000,2.92986,-1.82307,-0.29527
251.35000,2.93481,-1.82468,-0.30734
251.40000,2.94202,-1.82708,-0.33225
251.45100,2.95041,-1.83015,-0.36418
251.50000,2.95888,-1.83357,-0.39890
251.55000,2.96725,-1.83711,-0.42434
251.60100,2.97527,-1.84063,-0.42586
251.65000,2.98014,-1.84261,-0.40604
251.70000,2.98123,-1.84299,-0.37108
251.75000,2.98147,-1.84307,-0.33275
251.80100,2.98170,-1.84315,-0.29457
251.85000,2.98195,-1.84322,-0.25662
251.90000,2.98219,-1.84328,-0.21890
251.95000,2.98253,-1.84340,-0.19324
252.00100,2.98403,-1.84381,-0.18779
252.05000,2.98792,-1.84465,-0.19470
252.10000,2.99476,-1.84618,-0.21648
252.15000,3.00345,-1.84823,-0.24745
252.20000,3.01232,-1.85064,-0.28179
252.25200,3.02119,-1.85319,-0.31039
252.30100,3.03024,-1.85597,-0.32314
252.35000,3.03904,-1.85873,-0.32226
252.40000,3.04675,-1.86120,-0.31455
252.45000,3.05177,-1.86269,-0.29400
252.50100,3.05441,-1.86337,-0.26304
252.55100,3.05505,-1.86345,-0.22312
252.60000,3.05529,-1.86350,-0.18311
252.65200,3.05553,-1.86354,-0.14338
252.70000,3.05578,-1.86357,-0.10393
252.75000,3.05580,-1.86359,-0.07718
252.80100,3.05717,-1.86385,-0.06931
252.85000,3.06124,-1.86427,-0.07527
252.90000,3.06788,-1.86491,-0.09486
252.95100,3.07662,-1.86588,-0.12560
253.00100,3.08570,-1.86718,-0.15812
253.05000,3.09472,-1.86868,-0.17594
253.10000,3.10320,-1.87010,-0.17159
253.15000,3.11025,-1.87126,-0.15781
253.20200,3.11663,-1.87222,-0.13977
253.25100,3.12236,-1.87296,-0.11784
253.30000,3.12753,-1.87350,-0.09260
253.35100,3.13222,-1.87386,-0.06464
253.40100,3.13645,-1.87407,-0.03413
253.45000,3.14028,-1.87413,-0.00157
253.50100,3.14304,-1.87412,0.03605
253.55000,3.14414,-1.87408,0.06419
253.60200,3.14646,-1.87384,0.07058
253.65100,3.15218,-1.87343,0.05830
253.70000,3.16008,-1.87306,0.03452
253.75100,3.16920,-1.87288,0.00466
253.80000,3.17843,-1.87298,-0.02602
253.85000,3.18782,-1.87326,-0.04391
253.90000,3.19742,-1.87360,-0.04404
253.95000,3.20598,-1.87380,-0.03579
254.00000,3.21157,-1.87383,-0.01210
254.05100,3.21433,-1.87382,0.02276
254.10100,3.21491,-1.87381,0.06271
254.15000,3.21515,-1.87379,0.10386
254.20000,3.21609,-1.87368,0.14745
254.25000,3.21688,-1.87351,0.17357
254.30000,3.21940,-1.87291,0.17799
254.35200,3.22507,-1.87182,0.16636
254.40100,3.23294,-1.87059,0.14304
254.45100,3.24203,-1.86941,0.11373
254.50100,3.25123,-1.86850,0.08389
254.55200,3.26050,-1.86789,0.06742
254.60100,3.26946,-1.86740,0.07106
254.65300,3.27657,-1.86695,0.08616
254.70100,3.28091,-1.86665,0.11363
254.75100,3.28247,-1.86645,0.14926
254.80100,3.28271,-1.86641,0.19015
254.85000,3.28294,-1.86636,0.23086
254.90000,3.28317,-1.86630,0.27121
254.95100,3.28345,-1.86617,0.30398
255.00000,3.28391,-1.86583,0.32608
255.05000,3.28451,-1.86536,0.33900
255.10100,3.28596,-1.86466,0.34500
255.15000,3.28867,-1.86358,0.34439
255.20100,3.29392,-1.86166,0.33222
255.25000,3.30092,-1.85931,0.31305
255.30000,3.30985,-1.85653,0.28584
255.35000,3.31948,-1.85386,0.25618
255.40100,3.32920,-1.85147,0.22616
255.45200,3.33737,-1.84966,0.21605
255.50000,3.34336,-1.84831,0.22778
255.55000,3.34702,-1.84746,0.24982
255.60000,3.34749,-1.84733,0.28519
255.65100,3.34771,-1.84726,0.32165
255.70000,3.34794,-1.84718,0.35785
255.75000,3.34816,-1.84709,0.39378
255.80200,3.34838,-1.84698,0.42054
255.85000,3.34854,-1.84690,0.43498
255.90100,3.34926,-1.84655,0.44156
255.95000,3.35110,-1.84567,0.44237
256.00000,3.35410,-1.84425,0.43717
256.05000,3.35846,-1.84222,0.42545
256.10000,3.36437,-1.83959,0.40688
256.15100,3.37225,-1.83630,0.37988
256.20000,3.38092,-1.83303,0.34429
256.25000,3.38953,-1.83013,0.30755
256.30000,3.39771,-1.82772,0.28873
256.35000,3.40413,-1.82591,0.29564
256.40100,3.40759,-1.82499,0.31743
256.45100,3.40820,-1.82479,0.34901
256.50100,3.40843,-1.82471,0.38236
256.55000,3.40865,-1.82462,0.41556
256.60000,3.40887,-1.82452,0.44855
256.65000,3.40908,-1.82441,0.48134
256.70100,3.40929,-1.82428,0.50558
256.75000,3.41059,-1.82345,0.51021
256.80100,3.41416,-1.82146,0.50190
256.85000,3.41910,-1.81878,0.48683
256.90000,3.42584,-1.81530,0.46360
256.95000,3.43455,-1.81110,0.43167
257.00000,3.44281,-1.80747,0.41314
257.05000,3.44982,-1.80441,0.41408
257.10000,3.45356,-1.80277,0.43018
257.15100,3.45386,-1.80263,0.46175
257.20000,3.45407,-1.80252,0.49391
257.25000,3.45428,-1.80240,0.52586
257.30000,3.45449,-1.80228,0.55760
257.35100,3.45469,-1.80214,0.58915
257.40000,3.45488,-1.80200,0.61098
257.45100,3.45602,-1.80114,0.61514
257.50100,3.45936,-1.79879,0.60423
257.55100,3.46391,-1.79571,0.58583
257.60100,3.46997,-1.79180,0.55837
257.65000,3.47755,-1.78724,0.52258
257.70100,3.48551,-1.78280,0.50075
257.75200,3.49299,-1.77874,0.49659
257.80000,3.49900,-1.77549,0.50202
257.85000,3.50234,-1.77369,0.52244
257.90000,3.50277,-1.77351,0.55425
257.95000,3.50297,-1.77338,0.58604
258.00000,3.50317,-1.77324,0.61762
258.05200,3.50337,-1.77310,0.64898
258.10000,3.50356,-1.77295,0.68013
258.15100,3.50372,-1.77281,0.70499
258.20100,3.50465,-1.77198,0.71103
258.25200,3.50702,-1.76995,0.70575
258.30200,3.51027,-1.76720,0.69404
258.35000,3.51469,-1.76358,0.67440
258.40000,3.52068,-1.75893,0.64523
258.45000,3.52796,-1.75365,0.60850
258.50000,3.53548,-1.74855,0.58649
258.55000,3.54267,-1.74381,0.58069
258.60000,3.54824,-1.74016,0.58579
258.65000,3.55095,-1.73839,0.60804
258.70000,3.55185,-1.73776,0.64197
258.75100,3.55273,-1.73711,0.67608
258.80000,3.55356,-1.73642,0.70997
258.85000,3.55436,-1.73571,0.74352
258.90000,3.55513,-1.73498,0.77689
258.95000,3.55588,-1.73423,0.80987
259.00000,3.55620,-1.73382,0.82762
259.05200,3.55733,-1.73258,0.82996
259.10000,3.56003,-1.72964,0.82045
259.15300,3.56372,-1.72575,0.80339
259.20100,3.56873,-1.72068,0.77703
259.25000,3.57514,-1.71459,0.74197
259.30000,3.58189,-1.70841,0.71277
259.35000,3.58856,-1.70258,0.70186
259.40000,3.59390,-1.69804,0.71406
259.45100,3.59769,-1.69466,0.74971
259.50000,3.60113,-1.69129,0.79831
259.55000,3.60515,-1.68693,0.85160
259.60300,3.60949,-1.68169,0.90786
259.65100,3.61385,-1.67575,0.96639
259.70000,3.61796,-1.66967,1.01187
259.75100,3.62181,-1.66376,1.02366
259.80000,3.62537,-1.65805,1.00929
259.85100,3.62962,-1.65149,0.98221
259.90000,3.63467,-1.64419,0.94803
259.95000,3.64008,-1.63672,0.92119
260.00100,3.64582,-1.62898,0.91447
260.05100,3.65158,-1.62131,0.93184
260.10000,3.65644,-1.61454,0.96687
260.15000,3.66012,-1.60894,1.01680
260.20200,3.66362,-1.60292,1.07209
260.25000,3.66705,-1.59615,1.12950
260.30100,3.67027,-1.58877,1.18835
260.35000,3.67298,-1.58153,1.22895
260.40100,3.67512,-1.57494,1.23598
260.45000,3.67757,-1.56791,1.22209
260.50100,3.68072,-1.55960,1.19793
260.55100,3.68429,-1.55086,1.16643
260.60100,3.68789,-1.54251,1.14313
260.65100,3.69151,-1.53427,1.14593
260.70000,3.69462,-1.52714,1.17234
260.75100,3.69706,-1.52104,1.21528
260.80100,3.69878,-1.51597,1.27128
260.85000,3.70016,-1.51096,1.33395
260.90000,3.70127,-1.50557,1.39982
260.95400,3.70201,-1.50013,1.45636
261.00200,3.70238,-1.49511,1.48457
261.05100,3.70279,-1.49050,1.48845
261.10000,3.70337,-1.48474,1.47925
261.15000,3.70431,-1.47616,1.45525
261.20000,3.70551,-1.46694,1.42713
261.25100,3.70697,-1.45779,1.39782
261.30000,3.70852,-1.44962,1.36057
261.35100,3.71034,-1.44142,1.32714
261.40000,3.71246,-1.43297,1.31462
261.45000,3.71467,-1.42447,1.31442
261.50000,3.71711,-1.41577,1.32854
261.55000,3.71935,-1.40692,1.36111
261.60000,3.72018,-1.39999,1.39548
261.65000,3.72073,-1.39550,1.41989
261.70200,3.72106,-1.39282,1.46449
261.75100,3.72115,-1.39076,1.50785
261.80200,3.72122,-1.38896,1.53710
261.85100,3.72124,-1.38775,1.58339
261.90000,3.72119,-1.38668,1.61716
261.95000,3.72112,-1.38584,1.61622
262.00100,3.72091,-1.38133,1.60439
262.05000,3.72075,-1.37433,1.57970
262.10100,3.72081,-1.36686,1.54390
262.15000,3.72119,-1.35908,1.49971
262.20000,3.72201,-1.35055,1.45179
262.25000,3.72320,-1.34224,1.39928
262.30000,3.72445,-1.33460,1.34852
262.35100,3.72605,-1.32666,1.32199
262.40000,3.72787,-1.31855,1.31457
262.45100,3.72918,-1.31239,1.31517
262.50100,3.72980,-1.30957,1.32361
262.55100,3.73028,-1.30752,1.33655
262.60000,3.73072,-1.30559,1.33877
262.65000,3.73095,-1.30385,1.32671
262.70000,3.73159,-1.30152,1.29205
262.75000,3.73304,-1.29692,1.24368
262.80000,3.73487,-1.29163,1.20143
262.85000,3.73625,-1.28793,1.17507
262.90000,3.73769,-1.28470,1.13460
262.95000,3.73970,-1.28065,1.08553
263.00200,3.74253,-1.27564,1.03201
263.05100,3.74589,-1.27038,0.97417
263.10000,3.75007,-1.26461,0.91526
263.15100,3.75516,-1.25840,0.85681
263.20000,3.76116,-1.25186,0.79926
263.25000,3.76735,-1.24586,0.73914
263.30100,3.77423,-1.23996,0.67944
263.35100,3.78077,-1.23500,0.61577
263.40100,3.78793,-1.23027,0.55283
263.45000,3.79476,-1.22636,0.48684
263.50200,3.80148,-1.22309,0.41900
263.55100,3.80818,-1.22021,0.36289
263.60000,3.81552,-1.21719,0.33876
263.65000,3.82335,-1.21445,0.34254
263.70100,3.83013,-1.21208,0.37018
263.75000,3.83575,-1.20977,0.41279
263.80000,3.84103,-1.20730,0.46548
263.85000,3.84684,-1.20417,0.52180
263.90100,3.85272,-1.20082,0.56985
263.95000,3.85807,-1.19796,0.59704
264.00000,3.86268,-1.19574,0.59512
264.05100,3.86701,-1.19377,0.58124
264.10200,3.87113,-1.19198,0.55484
264.15000,3.87510,-1.19030,0.51387
264.20000,3.87963,-1.18795,0.45743
264.25100,3.88481,-1.18559,0.39620
264.30200,3.89032,-1.18350,0.33150
264.35000,3.89604,-1.18158,0.27804
264.40000,3.89980,-1.18067,0.24302
264.45100,3.90240,-1.17998,0.21455
264.50400,3.90583,-1.17889,0.21207
264.55100,3.90992,-1.17792,0.23507
264.60000,3.91404,-1.17686,0.27505
264.65100,3.91927,-1.17524,0.32236
264.70100,3.92491,-1.17341,0.36336
264.75000,3.93015,-1.17193,0.38162
264.80000,3.93405,-1.17071,0.38283
264.85100,3.93612,-1.16989,0.38510
264.90200,3.93777,-1.16919,0.38528
264.95000,3.93967,-1.16843,0.41116
265.00000,3.94236,-1.16719,0.45151
265.05100,3.94645,-1.16508,0.49869
265.10000,3.95097,-1.16265,0.53854
265.15000,3.95422,-1.16077,0.56577
265.20000,3.95693,-1.15897,0.60691
265.25100,3.96068,-1.15622,0.65560
265.30100,3.96515,-1.15259,0.70917
265.35100,3.97004,-1.14815,0.76591
265.40200,3.97500,-1.14308,0.82528
265.45100,3.97985,-1.13749,0.88669
265.50000,3.98449,-1.13142,0.94937
265.55100,3.98873,-1.12508,1.01366
265.60000,3.99257,-1.11843,1.07890
265.65100,3.99597,-1.11156,1.14496
265.70100,3.99897,-1.10431,1.21089
265.75100,4.00136,-1.09725,1.27870
265.80200,4.00325,-1.09006,1.34688
265.85100,4.00466,-1.08275,1.41519
265.90000,4.00556,-1.07531,1.48352
265.95100,4.00596,-1.06791,1.55223
266.00100,4.00584,-1.06048,1.62094
266.05000,4.00521,-1.05311,1.68984
266.10100,4.00408,-1.04579,1.75877
266.15300,4.00245,-1.03859,1.82780
266.20100,4.00033,-1.03155,1.89695
266.25000,3.99774,-1.02468,1.96617
266.30100,3.99468,-1.01800,2.03536
266.35100,3.99117,-1.01157,2.10469
266.40100,3.98727,-1.00547,2.17432
266.45000,3.98297,-0.99967,2.24402
266.50100,3.97830,-0.99422,2.31387
266.55000,3.97322,-0.98907,2.38356
266.60000,3.96783,-0.98431,2.45341
266.65100,3.96207,-0.97990,2.52300
266.70000,3.95608,-0.97594,2.59288
266.75000,3.94992,-0.97247,2.66319
266.80000,3.94360,-0.96947,2.73378
266.85100,3.93709,-0.96693,2.80441
266.90000,3.93064,-0.96493,2.87592
266.95000,3.92415,-0.96341,2.94776
267.00000,3.91768,-0.96238,3.02006
267.05100,3.91104,-0.96181,3.09195
267.10000,3.90476,-0.96173,-3.11790
267.15000,3.89868,-0.96210,-3.04381
267.20000,3.89313,-0.96286,-2.96788
267.25000,3.88807,-0.96395,-2.89033
267.30000,3.88320,-0.96541,-2.81237
267.35000,3.87915,-0.96696,-2.73155
267.40000,3.87600,-0.96849,-2.64755
267.45100,3.87321,-0.97015,-2.56252
267.50000,3.87084,-0.97185,-2.47614
267.55100,3.86851,-0.97384,-2.39022
267.60200,3.86665,-0.97573,-2.30275
267.65000,3.86510,-0.97762,-2.21441
267.70000,3.86360,-0.97981,-2.12682
267.75000,3.86221,-0.98229,-2.03992
267.80200,3.86095,-0.98505,-1.95373
267.85100,3.85988,-0.98808,-1.86818
267.90100,3.85903,-0.99135,-1.78332
267.95000,3.85842,-0.99487,-1.69915
268.00000,3.85810,-0.99861,-1.61570
268.05100,3.85809,-1.00178,-1.53011
268.10200,3.85834,-1.00477,-1.44387
268.15100,3.85876,-1.00726,-1.35581
268.20000,3.85929,-1.00927,-1.26607
268.25000,3.85990,-1.01097,-1.20501
268.30100,3.86167,-1.01521,-1.16805
268.35100,3.86532,-1.02316,-1.14757
268.40000,3.86950,-1.03230,-1.13380
268.45000,3.87379,-1.04133,-1.12132
268.50000,3.87818,-1.05030,-1.11013
268.55100,3.88267,-1.05923,-1.10015
268.60000,3.88727,-1.06819,-1.09082
268.65000,3.89195,-1.07713,-1.08352
268.70200,3.89666,-1.08595,-1.07793
268.75000,3.90142,-1.09478,-1.07491
268.80000,3.90618,-1.10357,-1.07429
268.85300,3.91094,-1.11236,-1.07450
268.90000,3.91570,-1.12115,-1.07488
268.95000,3.92045,-1.12994,-1.07612
269.00200,3.92512,-1.13868,-1.07963
269.05000,3.92977,-1.14742,-1.08418
269.10100,3.93435,-1.15614,-1.09070
269.15000,3.93885,-1.16489,-1.09715
269.20100,3.94330,-1.17366,-1.10457
269.25000,3.94766,-1.18242,-1.11304
269.30000,3.95191,-1.19116,-1.12369
269.35200,3.95606,-1.19995,-1.13537
269.40000,3.96010,-1.20878,-1.14740
269.45000,3.96404,-1.21766,-1.15893
269.50000,3.96785,-1.22654,-1.17294
269.55000,3.97153,-1.23546,-1.18727
269.60100,3.97506,-1.24441,-1.20288
269.65000,3.97844,-1.25339,-1.21910
269.70000,3.98169,-1.26246,-1.23482
269.75100,3.98481,-1.27158,-1.25086
269.80000,3.98771,-1.28065,-1.27036
269.85100,3.99044,-1.28976,-1.28961
269.90100,3.99299,-1.29891,-1.30972
269.95000,3.99523,-1.30775,-1.33649
270.00000,3.99717,-1.31653,-1.37049
270.05100,3.99883,-1.32551,-1.40565
270.10100,4.00016,-1.33452,-1.44123
270.15200,4.00118,-1.34357,-1.47709
270.20000,4.00186,-1.35264,-1.51325
270.25100,4.00222,-1.36172,-1.54982
270.30000,4.00224,-1.37079,-1.58675
270.35100,4.00193,-1.37986,-1.62403
270.40000,4.00128,-1.38890,-1.66138
270.45200,4.00029,-1.39790,-1.69903
270.50000,3.99896,-1.40686,-1.73695
270.55100,3.99729,-1.41575,-1.77487
270.60000,3.99529,-1.42458,-1.81304
270.65100,3.99295,-1.43331,-1.85137
270.70000,3.99028,-1.44195,-1.88968
270.75000,3.98729,-1.45048,-1.92802
270.80100,3.98396,-1.45888,-1.96658
270.85000,3.98032,-1.46715,-2.00504
270.90000,3.97636,-1.47528,-2.04347
270.95100,3.97209,-1.48323,-2.08253
271.00100,3.96752,-1.49101,-2.12153
271.05000,3.96265,-1.49861,-2.16045
271.10000,3.95761,-1.50611,-2.19275
271.15100,3.95229,-1.51386,-2.20793
271.20100,3.94647,-1.52194,-2.19528
271.25100,3.94196,-1.52843,-2.16074
271.30000,3.93737,-1.53560,-2.11784
271.35200,3.93297,-1.54315,-2.08746
271.40100,3.92944,-1.54989,-2.08402
271.45100,3.92621,-1.55590,-2.10499
271.50000,3.92209,-1.56261,-2.13729
271.55000,3.91722,-1.56996,-2.17506
271.60000,3.91215,-1.57701,-2.21351
271.65000,3.90696,-1.58367,-2.25162
271.70100,3.90168,-1.58993,-2.28960
271.75000,3.89636,-1.59578,-2.32763
271.80000,3.89083,-1.60161,-2.35700
271.85200,3.88483,-1.60782,-2.35954
271.90100,3.87878,-1.61393,-2.34165
271.95100,3.87302,-1.61985,-2.30968
272.00000,3.86763,-1.62602,-2.26764
272.05000,3.86190,-1.63296,-2.23330
272.10200,3.85613,-1.64000,-2.22177
272.15000,3.85077,-1.64678,-2.23601
272.20000,3.84656,-1.65196,-2.26938
272.25000,3.84256,-1.65653,-2.30538
272.30000,3.83858,-1.66077,-2.34160
272.35000,3.83466,-1.66465,-2.37846
272.40200,3.83088,-1.66811,-2.41595
272.45000,3.82701,-1.67141,-2.45285
272.50100,3.82319,-1.67443,-2.48949
272.55000,3.81918,-1.67742,-2.51073
272.60000,3.81469,-1.68071,-2.50530
272.65000,3.80975,-1.68446,-2.48105
272.70100,3.80337,-1.68955,-2.45010
272.75000,3.79618,-1.69569,-2.41431
272.80100,3.78930,-1.70174,-2.38701
272.85200,3.78256,-1.70772,-2.37635
272.90100,3.77654,-1.71323,-2.39073
272.95000,3.77331,-1.71615,-2.42369
273.00200,3.77024,-1.71874,-2.45795
273.05100,3.76718,-1.72114,-2.49213
273.10000,3.76418,-1.72334,-2.52625
273.15000,3.76157,-1.72510,-2.56187
273.20100,3.75871,-1.72690,-2.59591
273.25100,3.75578,-1.72866,-2.61752
273.30000,3.75209,-1.73096,-2.61129
273.35000,3.74665,-1.73422,-2.58989
273.40000,3.73967,-1.73865,-2.56104
273.45000,3.73214,-1.74362,-2.53777
273.50100,3.72452,-1.74876,-2.53285
273.55100,3.71732,-1.75367,-2.54166
273.60000,3.71229,-1.75703,-2.56170
273.65000,3.71026,-1.75827,-2.59613
273.70000,3.70818,-1.75948,-2.63048
273.75000,3.70609,-1.76061,-2.66459
273.80100,3.70400,-1.76165,-2.69854
273.85000,3.70190,-1.76260,-2.73233
273.90100,3.69960,-1.76363,-2.75249
273.95200,3.69623,-1.76517,-2.74834
274.00000,3.69026,-1.76772,-2.72866
274.05000,3.68258,-1.77121,-2.70136
274.10000,3.67383,-1.77551,-2.66862
274.15000,3.66504,-1.77996,-2.64175
274.20300,3.65638,-1.78432,-2.62333
274.25100,3.64795,-1.78847,-2.61848
274.30100,3.64024,-1.79247,-2.62363
274.35000,3.63425,-1.79584,-2.63755
274.40100,3.63012,-1.79805,-2.66040
274.45000,3.62889,-1.79862,-2.69644
274.50100,3.62772,-1.79915,-2.73295
274.55200,3.62645,-1.79967,-2.76867
274.60000,3.62517,-1.80015,-2.80414
274.65000,3.62391,-1.80057,-2.83947
274.70100,3.62257,-1.80101,-2.86243
274.75000,3.61999,-1.80193,-2.86284
274.80000,3.61387,-1.80377,-2.84669
274.85100,3.60572,-1.80635,-2.82188
274.90000,3.59689,-1.80923,-2.79987
274.95000,3.58815,-1.81203,-2.78382
275.00000,3.57944,-1.81482,-2.76861
275.05100,3.57088,-1.81747,-2.76342
275.10000,3.56292,-1.82000,-2.77019
275.15100,3.55643,-1.82234,-2.78413
275.20000,3.55234,-1.82382,-2.80885
275.25000,3.55067,-1.82438,-2.84421
275.30100,3.54994,-1.82458,-2.88369
275.35000,3.54924,-1.82476,-2.92325
275.40100,3.54855,-1.82489,-2.96282
275.45000,3.54789,-1.82500,-3.00241
275.50100,3.54707,-1.82512,-3.03060
275.55100,3.54530,-1.82566,-3.03986
275.60100,3.54118,-1.82642,-3.03544
275.65200,3.53374,-1.82746,-3.01768
275.70000,3.52361,-1.82887,-2.98894
275.75000,3.51352,-1.83054,-2.96057
275.80000,3.50373,-1.83247,-2.93338
275.85100,3.49406,-1.83452,-2.91395
275.90100,3.48453,-1.83656,-2.91037
275.95000,3.47618,-1.83842,-2.92054
276.00000,3.46849,-1.84009,-2.93567
276.05000,3.46149,-1.84148,-2.95510
276.10200,3.45516,-1.84260,-2.97866
276.15400,3.44953,-1.84345,-3.00619
276.20000,3.44463,-1.84397,-3.03676
276.25100,3.44269,-1.84404,-3.07443
276.30000,3.44285,-1.84403,-3.11992
276.35100,3.44326,-1.84403,3.11693
276.40000,3.44289,-1.84400,3.07416
276.45100,3.44268,-1.84395,3.04400
276.50100,3.44166,-1.84354,3.03064
276.55100,3.43855,-1.84282,3.02836
276.60100,3.43352,-1.84192,3.03577
276.65100,3.42499,-1.84100,3.05973
276.70000,3.41539,-1.84033,3.08908
276.75100,3.40526,-1.83996,3.11827
276.80000,3.39539,-1.83986,-3.13793
276.85000,3.38569,-1.83996,-3.12151
276.90100,3.37690,-1.84005,-3.12676
276.95200,3.37126,-1.84006,3.13660
277.00000,3.36889,-1.84006,3.10325
277.05000,3.36869,-1.84006,3.06110
277.10000,3.36830,-1.84002,3.01987
277.15100,3.36791,-1.83996,2.97904
277.20000,3.36751,-1.83986,2.94718
277.25100,3.36633,-1.83928,2.93554
277.30000,3.36239,-1.83819,2.93929
277.35000,3.35659,-1.83700,2.95281
277.40000,3.34900,-1.83561,2.97547
277.45000,3.33991,-1.83423,3.00531
277.50100,3.33074,-1.83311,3.03545
277.55100,3.32144,-1.83217,3.05669
277.60000,3.31272,-1.83209,3.05721
277.65000,3.30627,-1.83212,3.04230
277.70000,3.30225,-1.83201,3.01703
277.75100,3.30055,-1.83182,2.98226
277.80200,3.30018,-1.83175,2.94215
277.85000,3.29981,-1.83167,2.90223
277.90100,3.29945,-1.83157,2.86267
277.95000,3.29910,-1.83146,2.82347
278.00200,3.29874,-1.83132,2.79372
278.05100,3.29825,-1.83101,2.77624
278.10100,3.29743,-1.83054,2.76687
278.15100,3.29559,-1.82978,2.76345
278.20200,3.29259,-1.82858,2.76569
278.25100,3.28833,-1.82690,2.77380
278.30000,3.28264,-1.82474,2.78815
278.35000,3.27538,-1.82212,2.80918
278.40300,3.26633,-1.81912,2.83705
278.45100,3.25675,-1.81627,2.86666
278.50000,3.24708,-1.81369,2.89635
278.55000,3.23895,-1.81173,2.90619
278.60300,3.23368,-1.81047,2.89283
278.65000,3.23169,-1.80995,2.86545
278.70200,3.23132,-1.80984,2.83131
278.75000,3.23097,-1.80972,2.79727
278.80000,3.23063,-1.80959,2.76360
278.85000,3.23028,-1.80945,2.73030
278.90000,3.22995,-1.80928,2.70523
278.95000,3.22930,-1.80892,2.69603
279.00100,3.22752,-1.80806,2.69489
279.05000,3.22442,-1.80657,2.69978
279.10000,3.21992,-1.80446,2.71122
279.15000,3.21389,-1.80174,2.72960
279.20000,3.20598,-1.79839,2.75600
279.25400,3.19666,-1.79477,2.78795
279.30000,3.18751,-1.79157,2.80546
279.35100,3.17976,-1.78893,2.80741
279.40000,3.17442,-1.78708,2.79927
279.45000,3.17071,-1.78573,2.78383
279.50100,3.16975,-1.78538,2.75668
279.55100,3.16939,-1.78523,2.72702
279.60000,3.16903,-1.78507,2.69773
279.65000,3.16867,-1.78489,2.66889
279.70000,3.16831,-1.78470,2.64052
279.75100,3.16795,-1.78450,2.61265
279.80100,3.16760,-1.78429,2.58512
279.85100,3.16726,-1.78406,2.56537
279.90000,3.16570,-1.78298,2.56234
279.95000,3.16217,-1.78068,2.57065
280.00000,3.15723,-1.77755,2.58562
280.05000,3.15036,-1.77338,2.60933
280.10100,3.14178,-1.76850,2.64031
280.15000,3.13350,-1.76414,2.65681
280.20100,3.12745,-1.76101,2.65643
280.25100,3.12501,-1.75976,2.63955
280.30100,3.12467,-1.75957,2.61262
280.35000,3.12434,-1.75937,2.58561
280.40000,3.12401,-1.75916,2.55881
280.45100,3.12369,-1.75894,2.53220
280.50000,3.12338,-1.75872,2.50578
280.55000,3.12315,-1.75855,2.48820
280.60100,3.12158,-1.75729,2.48759
280.65000,3.11827,-1.75477,2.49828
280.70000,3.11377,-1.75145,2.51630
280.75100,3.10771,-1.74719,2.54330
280.80100,3.10023,-1.74227,2.57819
280.85100,3.09263,-1.73763,2.59775
280.90000,3.08632,-1.73387,2.60044
280.95200,3.08208,-1.73135,2.59275
281.00000,3.08095,-1.73067,2.57045
281.05000,3.08125,-1.73087,2.54110
281.10000,3.08155,-1.73108,2.51182
281.15100,3.08145,-1.73094,2.48302
281.20100,3.08149,-1.73096,2.45563
281.25000,3.08133,-1.73080,2.42960
281.30000,3.08095,-1.73047,2.40193
281.35000,3.08074,-1.73027,2.39069
281.40000,3.07822,-1.72787,2.39733
281.45000,3.07403,-1.72407,2.41539
281.50000,3.06843,-1.71922,2.44211
281.55100,3.06146,-1.71356,2.47637
281.60000,3.05439,-1.70814,2.49674
281.65000,3.04893,-1.70406,2.49868
281.70000,3.04628,-1.70207,2.48575
281.75000,3.04591,-1.70179,2.46089
281.80100,3.04577,-1.70163,2.43489
281.85100,3.04584,-1.70166,2.40799
281.90100,3.04589,-1.70169,2.38128
281.95100,3.04557,-1.70139,2.35370
282.00100,3.04559,-1.70139,2.32784
282.05000,3.04547,-1.70127,2.30089
282.10000,3.04495,-1.70066,2.28085
282.15100,3.04302,-1.69840,2.28450
282.20000,3.03990,-1.69485,2.29818
282.25000,3.03558,-1.69009,2.32017
282.30000,3.02982,-1.68408,2.35144
282.35000,3.02334,-1.67756,2.37930
282.40000,3.01764,-1.67210,2.39020
282.45100,3.01472,-1.66934,2.38225
282.50000,3.01284,-1.66753,2.36535
282.55000,3.01158,-1.66626,2.34336
282.60200,3.01126,-1.66593,2.31819
282.65000,3.01126,-1.66590,2.29362
282.70200,3.01129,-1.66590,2.26925
282.75000,3.01128,-1.66586,2.24554
282.80100,3.01118,-1.66569,2.22285
282.85100,3.01121,-1.66571,2.19944
282.90000,3.01088,-1.66529,2.19105
282.95000,3.00859,-1.66214,2.19886
283.00000,3.00432,-1.65636,2.21889
283.05000,2.99861,-1.64903,2.24739
283.10100,2.99178,-1.64082,2.28123
283.15100,2.98504,-1.63297,2.30767
283.20100,2.97933,-1.62672,2.32039
283.25000,2.97568,-1.62277,2.31860
283.30000,2.97215,-1.61897,2.31563
283.35000,2.96992,-1.61650,2.30528
283.40300,2.96932,-1.61583,2.28515
283.45100,2.96934,-1.61583,2.26140
283.50000,2.96911,-1.61555,2.23934
283.55100,2.96889,-1.61526,2.21765
283.60000,2.96867,-1.61496,2.19630
283.65000,2.96845,-1.61466,2.17528
283.70100,2.96824,-1.61435,2.15463
283.75000,2.96804,-1.61403,2.13434
283.80100,2.96784,-1.61371,2.11432
283.85000,2.96765,-1.61338,2.09452
283.90000,2.96746,-1.61305,2.07494
283.95100,2.96696,-1.61216,2.06834
284.00000,2.96466,-1.60801,2.07737
284.05000,2.96099,-1.60155,2.09690
284.10000,2.95621,-1.59356,2.12369
284.15200,2.95105,-1.58516,2.14801
284.20000,2.94669,-1.57806,2.16226
284.25100,2.94427,-1.57439,2.15949
284.30400,2.94293,-1.57236,2.14827
284.35200,2.94254,-1.57175,2.13024
284.40000,2.94235,-1.57143,2.11099
284.45000,2.94216,-1.57110,2.09210
284.50100,2.94197,-1.57077,2.07359
284.55000,2.94179,-1.57043,2.05548
284.60000,2.94161,-1.57009,2.03778
284.65100,2.94143,-1.56973,2.02046
284.70100,2.94127,-1.56937,2.01001
284.75200,2.94055,-1.56790,2.02057
284.80200,2.93820,-1.56318,2.04826
284.85000,2.93485,-1.55698,2.08307
284.90100,2.93116,-1.55043,2.10651
284.95000,2.92808,-1.54522,2.12477
285.00100,2.92586,-1.54147,2.13853
285.05000,2.92454,-1.53924,2.13356
285.10100,2.92414,-1.53867,2.13246
285.15100,2.92257,-1.53626,2.15028
285.20100,2.91946,-1.53164,2.17965
285.25000,2.91515,-1.52569,2.21557
285.30100,2.90981,-1.51888,2.25624
285.35000,2.90403,-1.51181,2.28797
285.40100,2.89942,-1.50646,2.30157
285.45000,2.89642,-1.50309,2.30410
285.50200,2.89528,-1.50183,2.30696
285.55000,2.89408,-1.50051,2.30841
285.60000,2.89311,-1.49944,2.30373
285.65100,2.89110,-1.49721,2.31870
285.70000,2.88703,-1.49294,2.34774
285.75000,2.88174,-1.48774,2.38309
285.80100,2.87528,-1.48186,2.42320
285.85000,2.86835,-1.47582,2.45516
285.90000,2.86299,-1.47147,2.46760
285.95100,2.85984,-1.46896,2.46762
286.00000,2.85877,-1.46810,2.45650
286.05000,2.85879,-1.46811,2.43983
286.10000,2.85880,-1.46811,2.42305
286.15300,2.85880,-1.46810,2.40658
286.20100,2.85878,-1.46807,2.39047
286.25100,2.85843,-1.46773,2.38670
286.30000,2.85753,-1.46690,2.38847
286.35000,2.85689,-1.46635,2.37956
286.40100,2.85655,-1.46601,2.38128
286.45000,2.85560,-1.46516,2.38754
286.50000,2.85497,-1.46466,2.38091
286.55100,2.85487,-1.46456,2.36631
286.60200,2.85465,-1.46432,2.35809
286.65000,2.85337,-1.46299,2.36788
286.70100,2.84915,-1.45896,2.39546
286.75000,2.84371,-1.45409,2.42938
286.80000,2.83699,-1.44851,2.46820
286.85000,2.82930,-1.44262,2.51063
286.90100,2.82143,-1.43698,2.53949
286.95000,2.81509,-1.43270,2.55339
287.00000,2.81152,-1.43036,2.55375
287.05000,2.81084,-1.42991,2.53971
287.10000,2.81089,-1.42994,2.52171
287.15100,2.81095,-1.42997,2.50361
287.20000,2.81101,-1.43001,2.48552
287.25000,2.81106,-1.43005,2.46745
287.30100,2.81111,-1.43009,2.44939
287.35100,2.81117,-1.43013,2.43136
287.40100,2.81100,-1.42994,2.42222
287.45000,2.80924,-1.42832,2.43322
287.50100,2.80597,-1.42563,2.44044
287.55000,2.80354,-1.42367,2.44113
287.60000,2.80021,-1.42086,2.45835
287.65000,2.79589,-1.41746,2.47031
287.70100,2.79288,-1.41522,2.47206
287.75000,2.79018,-1.41316,2.47316
287.80100,2.78950,-1.41265,2.45917
287.85100,2.78925,-1.41241,2.45432
287.90000,2.78825,-1.41162,2.45406
287.95000,2.78776,-1.41121,2.45258
288.00100,2.78681,-1.41047,2.45684
288.05100,2.78646,-1.41024,2.44511
288.10000,2.78649,-1.41027,2.42855
288.15200,2.78631,-1.41006,2.42064
288.20100,2.78445,-1.40836,2.43341
288.25000,2.78130,-1.40574,2.44078
288.30000,2.77873,-1.40370,2.43953
288.35000,2.77529,-1.40082,2.45753
288.40000,2.77111,-1.39747,2.47495
288.45300,2.76809,-1.39511,2.47544
288.50200,2.76792,-1.39497,2.46018
288.55100,2.76795,-1.39499,2.44351
288.60000,2.76799,-1.39502,2.42680
288.65400,2.76803,-1.39505,2.41006
288.70000,2.76790,-1.39490,2.40212
288.75000,2.76652,-1.39359,2.41251
288.80100,2.76353,-1.39094,2.41876
288.85000,2.76164,-1.38927,2.41882
288.90000,2.75859,-1.38657,2.43665
288.95100,2.75458,-1.38322,2.45099
289.00000,2.75195,-1.38108,2.45926
289.05100,2.74982,-1.37944,2.46610
289.10000,2.74873,-1.37861,2.45628
289.15000,2.74876,-1.37863,2.44001
289.20000,2.74878,-1.37865,2.42361
289.25000,2.74845,-1.37835,2.41920
289.30000,2.74770,-1.37769,2.41455
289.35000,2.74729,-1.37730,2.40635
289.40000,2.74567,-1.37578,2.41776
289.45100,2.74192,-1.37254,2.44183
289.50100,2.73638,-1.36803,2.47466
289.55100,2.73016,-1.36316,2.49886
289.60000,2.72556,-1.35973,2.50609
289.65000,2.72364,-1.35831,2.49946
289.70200,2.72322,-1.35800,2.48470
289.75100,2.72293,-1.35777,2.46907
289.80100,2.72264,-1.35753,2.45335
289.85000,2.72236,-1.35730,2.43754
289.90000,2.72207,-1.35705,2.42168
289.95000,2.72179,-1.35680,2.40585
290.00000,2.72164,-1.35666,2.38927
290.05100,2.72167,-1.35669,2.37215
290.10000,2.72169,-1.35667,2.36648
290.15000,2.72034,-1.35531,2.37671
290.20100,2.71623,-1.35143,2.40150
290.25100,2.71055,-1.34640,2.43410
290.30100,2.70439,-1.34117,2.46133
290.35100,2.69942,-1.33713,2.47216
290.40000,2.69693,-1.33516,2.46833
290.45000,2.69662,-1.33490,2.45270
290.50000,2.69666,-1.33492,2.43521
290.55200,2.69670,-1.33493,2.41788
290.60100,2.69674,-1.33494,2.40078
290.65000,2.69677,-1.33494,2.38392
290.70000,2.69677,-1.33493,2.36733
290.75100,2.69668,-1.33484,2.35131
290.80200,2.69637,-1.33451,2.34904
290.85100,2.69400,-1.33212,2.36414
290.90100,2.69029,-1.32854,2.39010
290.95000,2.68523,-1.32397,2.42523
291.00000,2.67947,-1.31896,2.45679
291.05000,2.67501,-1.31532,2.46571
291.10000,2.67362,-1.31420,2.45630
291.15100,2.67347,-1.31407,2.44000
291.20000,2.67336,-1.31395,2.42337
291.25000,2.67305,-1.31371,2.40650
291.30100,2.67293,-1.31358,2.39015
291.35000,2.67292,-1.31357,2.37347
291.40000,2.67290,-1.31356,2.35709
291.45100,2.67288,-1.31354,2.34087
291.50100,2.67286,-1.31352,2.32480
291.55000,2.67250,-1.31318,2.32127
291.60100,2.67090,-1.31145,2.33117
291.65000,2.66629,-1.30673,2.35700
291.70100,2.66080,-1.30142,2.39048
291.75000,2.65515,-1.29622,2.41007
291.80000,2.65159,-1.29304,2.41339
291.85100,2.64956,-1.29123,2.40642
291.90200,2.64855,-1.29030,2.39216
291.95100,2.64793,-1.28972,2.37494
292.00200,2.64733,-1.28913,2.35767
292.05000,2.64674,-1.28853,2.34052
292.10000,2.64617,-1.28793,2.32351
292.15000,2.64560,-1.28731,2.30665
292.20000,2.64522,-1.28685,2.29597
292.25000,2.64425,-1.28570,2.29901
292.30200,2.64128,-1.28241,2.31895
292.35000,2.63787,-1.27870,2.35031
292.40000,2.63474,-1.27560,2.38319
292.45100,2.63173,-1.27273,2.39688
292.50000,2.62991,-1.27109,2.40178
292.55000,2.62844,-1.26977,2.42835
292.60100,2.62639,-1.26807,2.46769
292.65000,2.62205,-1.26476,2.51273
292.70200,2.61638,-1.26084,2.56135
292.75100,2.61030,-1.25704,2.59553
292.80000,2.60555,-1.25422,2.60323
292.85000,2.60377,-1.25318,2.59429
292.90200,2.60365,-1.25309,2.57728
292.95000,2.60327,-1.25287,2.55975
293.00100,2.60311,-1.25276,2.55855
293.05100,2.60303,-1.25268,2.58126
293.10100,2.60071,-1.25124,2.61623
293.15000,2.59758,-1.24949,2.64108
293.20100,2.59505,-1.24816,2.65075
293.25200,2.59204,-1.24658,2.67837
293.30000,2.58807,-1.24479,2.69855
293.35000,2.58527,-1.24353,2.69383
293.40000,2.58490,-1.24336,2.67675
293.45100,2.58453,-1.24312,2.65851
293.50100,2.58418,-1.24293,2.64120
293.55000,2.58361,-1.24265,2.62257
293.60000,2.58328,-1.24246,2.62086
293.65100,2.58307,-1.24235,2.61988
293.70000,2.58295,-1.24232,2.61764
293.75300,2.58286,-1.24229,2.61654
293.80000,2.58268,-1.24216,2.59888
293.85100,2.58218,-1.24187,2.58932
293.90000,2.58191,-1.24175,2.59917
293.95000,2.58183,-1.24177,2.62204
294.00100,2.58030,-1.24082,2.64386
294.05200,2.57827,-1.23968,2.64203
294.10000,2.57769,-1.23937,2.64510
294.15000,2.57735,-1.23922,2.64982
294.20100,2.57704,-1.23908,2.65102
294.25000,2.57683,-1.23898,2.67413
294.30000,2.57587,-1.23851,2.70707
294.35100,2.57313,-1.23731,2.74840
294.40000,2.56914,-1.23558,2.77840
294.45100,2.56550,-1.23421,2.77991
294.50000,2.56438,-1.23383,2.76755
294.55000,2.56384,-1.23359,2.75027
294.60000,2.56349,-1.23344,2.73331
294.65200,2.56352,-1.23346,2.71518
294.70100,2.56358,-1.23349,2.69671
294.75100,2.56368,-1.23354,2.68862
294.80200,2.56375,-1.23358,2.68632
294.85000,2.56369,-1.23359,2.68357
294.90000,2.56373,-1.23376,2.69557
294.95100,2.56389,-1.23395,2.71785
295.00100,2.56304,-1.23357,2.74946
295.05000,2.56034,-1.23223,2.77544
295.10000,2.55727,-1.23082,2.77913
295.15000,2.55622,-1.23048,2.76679
295.20000,2.55626,-1.23049,2.74917
295.25100,2.55636,-1.23058,2.73888
295.30100,2.55659,-1.23073,2.74687
295.35100,2.55589,-1.23039,2.75579
295.40000,2.55546,-1.23028,2.74243
295.45100,2.55499,-1.23008,2.72557
295.50000,2.55486,-1.23001,2.70834
295.55100,2.55447,-1.22993,2.70623
295.60000,2.55414,-1.23007,2.72335
295.65000,2.55304,-1.22954,2.73772
295.70000,2.55179,-1.22898,2.74629
295.75100,2.55092,-1.22866,2.75582
295.80100,2.55023,-1.22837,2.75974
295.85100,2.54956,-1.22818,2.76971
295.90000,2.54879,-1.22791,2.76578
295.95000,2.54832,-1.22766,2.76779
296.00100,2.54801,-1.22764,2.77546
296.05000,2.54778,-1.22757,2.77881
296.10100,2.54666,-1.22711,2.80486
296.15000,2.54475,-1.22665,2.82300
296.20000,2.54372,-1.22661,2.81427
296.25000,2.54366,-1.22659,2.79718
296.30000,2.54371,-1.22661,2.77923
296.35000,2.54376,-1.22663,2.76119
296.40000,2.54381,-1.22665,2.74314
296.45000,2.54352,-1.22652,2.73885
296.50100,2.54333,-1.22646,2.74255
296.55100,2.54300,-1.22632,2.74466
296.60100,2.54178,-1.22582,2.77009
296.65000,2.53990,-1.22531,2.78781
296.70000,2.53846,-1.22488,2.79850
296.75000,2.53634,-1.22411,2.82911
296.80100,2.53267,-1.22295,2.86825
296.85000,2.52905,-1.22206,2.89793
296.90000,2.52621,-1.22194,2.90048
296.95000,2.52532,-1.22190,2.88740
297.00100,2.52520,-1.22185,2.87066
297.05000,2.52489,-1.22175,2.85269
297.10000,2.52449,-1.22162,2.83408
297.15100,2.52439,-1.22158,2.81719
297.20000,2.52437,-1.22157,2.80047
297.25100,2.52398,-1.22147,2.79861
297.30100,2.52381,-1.22145,2.79951
297.35100,2.52353,-1.22134,2.78533
297.40000,2.52307,-1.22116,2.77073
297.45100,2.52271,-1.22102,2.75563
297.50000,2.52219,-1.22082,2.75524
297.55000,2.52161,-1.22061,2.77823
297.60100,2.51988,-1.21996,2.79542
297.65200,2.51820,-1.21941,2.80662
297.70100,2.51668,-1.21891,2.83410
297.75100,2.51428,-1.21814,2.85639
297.80000,2.51208,-1.21760,2.85971
297.85000,2.51154,-1.21747,2.84779
297.90000,2.51115,-1.21734,2.83403
297.95000,2.51066,-1.21718,2.81939
298.00200,2.51013,-1.21700,2.80456
298.05300,2.50961,-1.21681,2.78961
298.10100,2.50900,-1.21648,2.78656
298.15000,2.50798,-1.21589,2.80337
298.20000,2.50573,-1.21507,2.83452
298.25200,2.50212,-1.21399,2.87417
298.30000,2.49684,-1.21267,2.92203
298.35100,2.49054,-1.21146,2.96187
298.40000,2.48504,-1.21093,2.97651
298.45100,2.48031,-1.21066,2.98086
298.50100,2.47669,-1.21036,2.97808
298.55000,2.47445,-1.21008,2.96791
298.60300,2.47423,-1.21003,2.94985
298.65100,2.47408,-1.20999,2.93123
298.70000,2.47379,-1.20991,2.91141
298.75000,2.47353,-1.20982,2.89192
298.80100,2.47330,-1.20975,2.87185
298.85000,2.47322,-1.20971,2.85272
298.90200,2.47313,-1.20967,2.83348
298.95000,2.47299,-1.20960,2.81378
299.00000,2.47259,-1.20939,2.80254
299.05000,2.47204,-1.20899,2.80956
299.10000,2.46860,-1.20776,2.83740
299.15000,2.46332,-1.20616,2.87575
299.20000,2.45639,-1.20437,2.91873
299.25100,2.44963,-1.20303,2.94837
299.30200,2.44412,-1.20241,2.95236
299.35000,2.44003,-1.20204,2.94586
299.40000,2.43842,-1.20193,2.92896
299.45200,2.43798,-1.20172,2.91694
299.50000,2.43725,-1.20170,2.91319
299.55000,2.43727,-1.20174,2.89020
299.60200,2.43714,-1.20160,2.87931
299.65100,2.43653,-1.20098,2.89041
299.70000,2.43290,-1.19995,2.91872
299.75100,2.42832,-1.19930,2.94025
299.80000,2.42436,-1.19929,2.94034
299.85100,2.42151,-1.19939,2.92641
299.90000,2.42001,-1.19915,2.91889
299.95100,2.41773,-1.19861,2.93703
300.00000,2.41335,-1.19771,2.96846
300.05000,2.40854,-1.19704,2.99248
300.10200,2.40471,-1.19716,2.99153
300.15000,2.40285,-1.19726,2.97431
300.20000,2.40285,-1.19732,2.94888
300.25000,2.40248,-1.19724,2.93336
300.30000,2.40239,-1.19728,2.92702
300.35100,2.40238,-1.19730,2.92286
300.40000,2.40248,-1.19744,2.92428
300.45100,2.40287,-1.19759,2.90439
300.50000,2.40275,-1.19756,2.89652
300.55100,2.40214,-1.19725,2.90719
300.60000,2.39845,-1.19625,2.93397
300.65000,2.39270,-1.19511,2.97173
300.70000,2.38645,-1.19438,2.99925
300.75000,2.38101,-1.19446,3.00314
300.80100,2.37691,-1.19482,2.99410
300.85000,2.37558,-1.19496,2.97307
300.90100,2.37532,-1.19480,2.95652
300.95000,2.37488,-1.19445,2.95616
301.00200,2.37398,-1.19378,2.97160
301.05000,2.36998,-1.19269,2.99847
301.10000,2.36400,-1.19208,3.02180
301.15000,2.35896,-1.19212,3.02211
301.20100,2.35602,-1.19234,3.00795
301.25000,2.35615,-1.19236,2.98089
301.30200,2.35644,-1.19240,2.95257
301.35000,2.35672,-1.19243,2.92420
301.40000,2.35655,-1.19223,2.90767
301.45100,2.35610,-1.19171,2.91167
301.50000,2.35359,-1.19072,2.93463
301.55000,2.34792,-1.18960,2.97028
301.60300,2.34099,-1.18853,3.01194
301.65000,2.33377,-1.18786,3.04399
301.70000,2.32728,-1.18790,3.05315
301.75000,2.32359,-1.18785,3.05789
301.80000,2.32139,-1.18782,3.06675
301.85100,2.31977,-1.18796,3.05524
301.90000,2.31977,-1.18798,3.02667
301.95000,2.31993,-1.18798,3.01563
302.00000,2.31994,-1.18797,3.00841
302.05000,2.32035,-1.18808,2.98294
302.10100,2.32071,-1.18813,2.95275
302.15000,2.32050,-1.18813,2.93959
302.20200,2.31940,-1.18788,2.95438
302.25100,2.31590,-1.18710,2.97964
302.30100,2.31022,-1.18623,3.01455
302.35100,2.30291,-1.18543,3.05556
302.40000,2.29524,-1.18502,3.08822
302.45200,2.28823,-1.18493,3.09417
302.50000,2.28284,-1.18503,3.08611
302.55100,2.27941,-1.18517,3.06926
302.60000,2.27842,-1.18520,3.04197
302.65000,2.27848,-1.18522,3.01024
302.70100,2.27894,-1.18528,2.97688
302.75000,2.27918,-1.18530,2.96296
302.80000,2.27767,-1.18500,2.97565
302.85100,2.27342,-1.18432,3.00256
302.90100,2.26728,-1.18356,3.03756
302.95000,2.26009,-1.18296,3.07921
303.00200,2.25272,-1.18267,3.11009
303.05100,2.24617,-1.18262,3.11952
303.10000,2.24072,-1.18263,3.11096
303.15100,2.23775,-1.18263,3.08945
303.20100,2.23677,-1.18259,3.05945
303.25000,2.23640,-1.18255,3.02675
303.30100,2.23603,-1.18250,2.99396
303.35100,2.23567,-1.18244,2.96115
303.40000,2.23524,-1.18228,2.93448
303.45100,2.23446,-1.18172,2.92446
303.50100,2.23338,-1.18084,2.92734
303.55000,2.23172,-1.17960,2.94269
303.60000,2.22842,-1.17814,2.96610
303.65000,2.22310,-1.17652,2.99824
303.70000,2.21479,-1.17550,3.04235
303.75000,2.20555,-1.17480,3.08926
303.80200,2.19663,-1.17453,3.11907
303.85200,2.18854,-1.17444,3.12377
303.90100,2.18118,-1.17437,3.11972
303.95100,2.17503,-1.17429,3.10993
304.00000,2.17031,-1.17418,3.09376
304.05100,2.16875,-1.17420,3.06455
304.10000,2.16849,-1.17418,3.02975
304.15000,2.16811,-1.17412,3.00244
304.20000,2.16756,-1.17385,2.98663
304.25100,2.16675,-1.17330,2.98332
304.30000,2.16594,-1.17274,2.98237
304.35100,2.16511,-1.17214,2.98809
304.40100,2.16395,-1.17144,3.00238
304.45000,2.16117,-1.17054,3.02379
304.50100,2.15652,-1.16942,3.05384
304.55000,2.14885,-1.16878,3.09643
304.60000,2.13969,-1.16859,-3.13860
304.65100,2.12988,-1.16886,-3.08881
304.70100,2.12025,-1.16948,-3.05397
304.75200,2.11102,-1.17005,-3.03298
304.80100,2.10181,-1.17060,-3.01461
304.85000,2.09260,-1.17115,-2.99814
304.90100,2.08340,-1.17170,-2.98370
304.95300,2.07421,-1.17225,-2.97145
305.00000,2.06501,-1.17280,-2.96153
305.05000,2.05582,-1.17336,-2.95407
305.10000,2.04663,-1.17393,-2.94920
305.15000,2.03744,-1.17450,-2.94701
305.20100,2.02827,-1.17508,-2.95006
305.25100,2.02013,-1.17563,-2.96234
305.30000,2.01367,-1.17613,-2.98235
305.35100,2.00942,-1.17656,-3.01192
305.40100,2.00767,-1.17676,-3.05196
305.45100,2.00729,-1.17679,-3.09765
305.50000,2.00692,-1.17680,3.13985
305.55000,2.00655,-1.17679,3.09434
305.60100,2.00617,-1.17676,3.04902
305.65100,2.00580,-1.17672,3.00390
305.70200,2.00544,-1.17666,2.96769
305.75100,2.00490,-1.17638,2.94999
305.80100,2.00408,-1.17583,2.95187
305.85000,2.00242,-1.17537,2.95945
305.90000,1.99928,-1.17482,2.97539
305.95000,1.99399,-1.17400,3.00187
306.00000,1.98694,-1.17306,3.03792
306.05000,1.97742,-1.17225,3.07934
306.10100,1.96744,-1.17183,3.12106
306.15000,1.95746,-1.17183,-3.12273
306.20000,1.94809,-1.17209,-3.09583
306.25000,1.93939,-1.17234,-3.09681
306.30000,1.93341,-1.17244,-3.11743
306.35000,1.92941,-1.17248,3.13645
306.40000,1.92745,-1.17247,3.09871
306.45100,1.92702,-1.17244,3.05477
306.50000,1.92665,-1.17240,3.01064
306.55000,1.92632,-1.17238,2.97408
306.60100,1.92599,-1.17226,2.95669
306.65100,1.92403,-1.17163,2.96407
306.70100,1.91799,-1.17057,2.98795
306.75100,1.91040,-1.16951,3.02119
306.80000,1.90180,-1.16863,3.06062
306.85000,1.89245,-1.16806,3.10264
306.90100,1.88294,-1.16789,-3.13840
306.95100,1.87347,-1.16803,-3.10942
307.00100,1.86446,-1.16822,-3.10579
307.05000,1.85632,-1.16826,-3.11882
307.10000,1.85134,-1.16825,3.13738
307.15100,1.84903,-1.16825,3.09929
307.20000,1.84864,-1.16822,3.05219
307.25000,1.84827,-1.16818,3.00503
307.30000,1.84791,-1.16812,2.95812
307.35000,1.84759,-1.16809,2.91917
307.40000,1.84729,-1.16802,2.89734
307.45000,1.84575,-1.16742,2.90112
307.50000,1.84295,-1.16672,2.91312
307.55100,1.83913,-1.16584,2.93132
307.60100,1.83399,-1.16480,2.95681
307.65000,1.82726,-1.16363,2.99087
307.70100,1.81851,-1.16241,3.03215
307.75200,1.80919,-1.16157,3.07424
307.80100,1.80016,-1.16115,3.10540
307.85200,1.79152,-1.16106,3.11438
307.90000,1.78331,-1.16111,3.10512
307.95000,1.77689,-1.16128,3.07900
308.00000,1.77362,-1.16147,3.03952
308.05000,1.77276,-1.16148,2.98872
308.10000,1.77241,-1.16142,2.93584
308.15000,1.77206,-1.16133,2.89281
308.20000,1.77166,-1.16112,2.87071
308.25100,1.77051,-1.16055,2.87044
308.30000,1.76619,-1.15921,2.88756
308.35000,1.76035,-1.15775,2.91501
308.40000,1.75254,-1.15607,2.95224
308.45100,1.74269,-1.15436,2.99079
308.50000,1.73279,-1.15305,3.02893
308.55000,1.72313,-1.15217,3.05701
308.60000,1.71419,-1.15204,3.06292
308.65200,1.70577,-1.15218,3.04856
308.70100,1.69970,-1.15252,3.01378
308.75100,1.69637,-1.15277,2.96745
308.80100,1.69530,-1.15277,2.91071
308.85000,1.69494,-1.15267,2.85118
308.90100,1.69459,-1.15256,2.79247
308.95200,1.69426,-1.15241,2.74499
309.00100,1.69394,-1.15224,2.71373
309.05000,1.69356,-1.15198,2.69153
309.10000,1.69310,-1.15161,2.67809
309.15000,1.69251,-1.15110,2.67314
309.20100,1.69127,-1.15027,2.67684
309.25200,1.68823,-1.14876,2.68985
309.30000,1.68340,-1.14647,2.71129
309.35000,1.67653,-1.14343,2.74122
309.40000,1.66767,-1.13986,2.77965
309.45000,1.65825,-1.13651,2.81983
309.50000,1.64870,-1.13354,2.86016
309.55000,1.63904,-1.13096,2.90051
309.60000,1.62929,-1.12877,2.94099
309.65000,1.62067,-1.12720,2.96283
309.70300,1.61327,-1.12663,2.96082
309.75100,1.60704,-1.12666,2.93444
309.80000,1.60335,-1.12636,2.88821
309.85000,1.60201,-1.12599,2.83109
309.90000,1.60162,-1.12585,2.77008
309.95200,1.60124,-1.12569,2.70928
310.00100,1.60085,-1.12548,2.65895
310.05000,1.60029,-1.12506,2.62113
310.10000,1.59962,-1.12450,2.59401
310.15100,1.59884,-1.12380,2.57753
310.20100,1.59792,-1.12293,2.57116
310.25100,1.59664,-1.12177,2.57507
310.30100,1.59201,-1.11876,2.59874
310.35000,1.58428,-1.11428,2.63688
310.40100,1.57552,-1.10964,2.67909
310.45000,1.56639,-1.10531,2.72177
310.50000,1.55717,-1.10143,2.76375
310.55000,1.54780,-1.09794,2.80608
310.60000,1.53829,-1.09485,2.84839
310.65000,1.52893,-1.09224,2.87528
310.70000,1.52033,-1.09020,2.87424
310.75000,1.51372,-1.08848,2.84770
310.80200,1.50905,-1.08698,2.80571
310.85100,1.50705,-1.08624,2.75224
310.90000,1.50663,-1.08605,2.69144
310.95000,1.50622,-1.08584,2.63079
311.00000,1.50583,-1.08559,2.58162
311.05000,1.50536,-1.08522,2.54796
311.10100,1.50479,-1.08472,2.52352
311.15100,1.50413,-1.08412,2.50815
311.20000,1.50331,-1.08331,2.50377
311.25000,1.50231,-1.08238,2.50894
311.30200,1.49998,-1.08070,2.52365
311.35100,1.49585,-1.07783,2.54760
311.40100,1.48961,-1.07376,2.58135
311.45000,1.48131,-1.06878,2.62388
311.50100,1.47252,-1.06402,2.66751
311.55100,1.46352,-1.05965,2.71129
311.60100,1.45434,-1.05568,2.75500
311.65100,1.44527,-1.05217,2.78304
311.70000,1.43708,-1.04927,2.78226
311.75100,1.43244,-1.04749,2.74934
311.80100,1.43026,-1.04653,2.69908
311.85000,1.42968,-1.04624,2.64103
311.90000,1.42926,-1.04599,2.58249
311.95000,1.42885,-1.04572,2.53570
312.00100,1.42852,-1.04544,2.51010
312.05100,1.42768,-1.04476,2.51239
312.10200,1.42367,-1.04184,2.53497
312.15000,1.41835,-1.03827,2.56955
312.20000,1.41175,-1.03421,2.61052
312.25100,1.40336,-1.02952,2.65212
312.30100,1.39445,-1.02501,2.69479
312.35000,1.38599,-1.02117,2.72289
312.40000,1.37836,-1.01794,2.72122
312.45000,1.37288,-1.01549,2.69308
312.50100,1.36980,-1.01394,2.64688
312.55000,1.36896,-1.01346,2.59002
312.60000,1.36854,-1.01319,2.53113
312.65000,1.36814,-1.01288,2.47245
312.70200,1.36778,-1.01258,2.42477
312.75000,1.36754,-1.01233,2.39824
312.80100,1.36673,-1.01153,2.40138
312.85200,1.36521,-1.01016,2.41222
312.90200,1.36264,-1.00790,2.43041
312.95000,1.35868,-1.00457,2.45804
313.00000,1.35304,-1.00014,2.49562
313.05000,1.34569,-0.99485,2.53983
313.10100,1.33778,-0.98966,2.58384
313.15000,1.33018,-0.98515,2.63030
313.20000,1.32250,-0.98093,2.66089
313.25100,1.31510,-0.97712,2.66352
313.30000,1.30955,-0.97423,2.63812
313.35000,1.30675,-0.97261,2.59028
313.40000,1.30597,-0.97211,2.53238
313.45000,1.30554,-0.97179,2.47294
313.50000,1.30513,-0.97145,2.41394
313.55100,1.30477,-0.97110,2.36570
313.60200,1.30439,-0.97067,2.33822
313.65200,1.30288,-0.96905,2.34362
313.70100,1.29884,-0.96499,2.36678
313.75100,1.29354,-0.95994,2.39923
313.80000,1.28755,-0.95465,2.43904
313.85000,1.27997,-0.94847,2.48029
313.90000,1.27214,-0.94264,2.52237
313.95000,1.26488,-0.93754,2.55343
314.00000,1.25803,-0.93292,2.56013
314.05200,1.25153,-0.92862,2.54489
314.10100,1.24720,-0.92558,2.50486
314.15000,1.24509,-0.92395,2.45256
314.20000,1.24462,-0.92354,2.39185
314.25100,1.24422,-0.92313,2.34242
314.30000,1.24354,-0.92237,2.31961
314.35100,1.24140,-0.92004,2.32786
314.40000,1.23739,-0.91585,2.35090
314.45200,1.23163,-0.91019,2.38229
314.50000,1.22425,-0.90344,2.42039
314.55000,1.21641,-0.89681,2.45989
314.60200,1.20914,-0.89099,2.48919
314.65100,1.20231,-0.88570,2.49372
314.70200,1.19657,-0.88130,2.47046
314.75000,1.19268,-0.87810,2.42827
314.80100,1.19107,-0.87664,2.37391
314.85100,1.19068,-0.87624,2.31319
314.90000,1.19032,-0.87581,2.26404
314.95000,1.18953,-0.87489,2.23985
315.00100,1.18740,-0.87226,2.24730
315.05000,1.18326,-0.86720,2.26927
315.10000,1.17788,-0.86098,2.29855
315.15100,1.17139,-0.85394,2.33334
315.20100,1.16435,-0.84684,2.37030
315.25100,1.15705,-0.84000,2.40750
315.30100,1.14990,-0.83361,2.43311
315.35000,1.14402,-0.82854,2.42627
315.40000,1.13988,-0.82491,2.39455
315.45100,1.13743,-0.82255,2.34650
315.50200,1.13687,-0.82195,2.28802
315.55100,1.13652,-0.82154,2.22863
315.60100,1.13615,-0.82102,2.18200
315.65000,1.13504,-0.81964,2.16824
315.70100,1.13249,-0.81594,2.18025
315.75000,1.12835,-0.81013,2.20374
315.80200,1.12316,-0.80326,2.23359
315.85100,1.11702,-0.79568,2.26835
315.90000,1.11046,-0.78813,2.30432
315.95100,1.10363,-0.78082,2.34051
316.00000,1.09691,-0.77390,2.36827
316.05000,1.09093,-0.76780,2.36831
316.10000,1.08531,-0.76210,2.35273
316.15200,1.08052,-0.75715,2.32032
316.20000,1.07775,-0.75407,2.27555
316.25000,1.07698,-0.75312,2.21897
316.30100,1.07669,-0.75271,2.15974
316.35000,1.07634,-0.75219,2.11293
316.40100,1.07527,-0.75084,2.09629
316.45000,1.07297,-0.74698,2.10673
316.50000,1.06916,-0.74071,2.12928
316.55000,1.06435,-0.73325,2.15849
316.60000,1.05868,-0.72502,2.19255
316.65100,1.05271,-0.71698,2.22700
316.70100,1.04647,-0.70917,2.26164
316.75000,1.04015,-0.70153,2.28781
316.80000,1.03412,-0.69426,2.28893
316.85200,1.02833,-0.68727,2.27660
316.90100,1.02271,-0.68047,2.25462
316.95100,1.01834,-0.67492,2.21956
317.00100,1.01584,-0.67149,2.17272
317.05100,1.01508,-0.67033,2.11442
317.10100,1.01480,-0.66984,2.05291
317.15100,1.01451,-0.66919,2.00620
317.20100,1.01380,-0.66780,1.99172
317.25000,1.01186,-0.66360,2.00024
317.30100,1.00866,-0.65679,2.02105
317.35000,1.00441,-0.64831,2.05013
317.40000,0.99931,-0.63888,2.08453
317.45200,0.99380,-0.62950,2.11991
317.50000,0.98796,-0.62032,2.15562
317.55000,0.98246,-0.61193,2.17872
317.60000,0.97756,-0.60459,2.17338
317.65000,0.97430,-0.59964,2.14137
317.70000,0.97282,-0.59722,2.08964
317.75000,0.97243,-0.59649,2.02964
317.80200,0.97219,-0.59597,1.96885
317.85200,0.97190,-0.59533,1.92148
317.90200,0.97099,-0.59399,1.90243
317.95100,0.96939,-0.58982,1.90949
318.00000,0.96693,-0.58303,1.92947
318.05000,0.96363,-0.57456,1.95890
318.10100,0.95943,-0.56475,1.99269
318.15000,0.95482,-0.55492,2.02768
318.20200,0.95042,-0.54618,2.06307
318.25000,0.94605,-0.53810,2.09111
318.30000,0.94155,-0.52996,2.09588
318.35000,0.93790,-0.52323,2.07239
318.40300,0.93564,-0.51890,2.02903
318.45200,0.93471,-0.51691,1.97433
318.50100,0.93448,-0.51633,1.91335
318.55100,0.93429,-0.51574,1.85261
318.60000,0.93406,-0.51504,1.80335
318.65100,0.93314,-0.51339,1.78447
318.70000,0.93179,-0.51010,1.78659
318.75000,0.93004,-0.50422,1.80045
318.80000,0.92782,-0.49531,1.82708
318.85200,0.92504,-0.48527,1.85911
318.90100,0.92205,-0.47572,1.88995
318.95000,0.91877,-0.46628,1.92099
319.00200,0.91519,-0.45694,1.95249
319.05000,0.91146,-0.44768,1.97604
319.10100,0.90759,-0.43831,1.98292
319.15100,0.90375,-0.42899,1.98452
319.20000,0.89990,-0.41967,1.98327
319.25000,0.89602,-0.41037,1.96704
319.30000,0.89287,-0.40253,1.93528
319.35000,0.89095,-0.39721,1.89170
319.40100,0.89013,-0.39456,1.83640
319.45000,0.88995,-0.39379,1.77319
319.50000,0.88982,-0.39307,1.71004
319.55000,0.88970,-0.39229,1.65660
319.60000,0.88935,-0.39091,1.62701
319.65100,0.88896,-0.38828,1.62099
319.70100,0.88847,-0.38311,1.62861
319.75000,0.88785,-0.37464,1.65002
319.80000,0.88691,-0.36465,1.67784
319.85100,0.88571,-0.35472,1.70565
319.90100,0.88422,-0.34483,1.73392
319.95000,0.88246,-0.33499,1.76253
320.00000,0.88041,-0.32520,1.79128
320.05000,0.87830,-0.31553,1.81416
320.10000,0.87627,-0.30595,1.83063
320.15100,0.87437,-0.29652,1.84210
320.20100,0.87261,-0.28725,1.84705
320.25000,0.87093,-0.27806,1.84802
320.30000,0.86924,-0.26890,1.83890
320.35000,0.86752,-0.25995,1.81147
320.40100,0.86602,-0.25309,1.77120
320.45000,0.86522,-0.24868,1.72053
320.50100,0.86498,-0.24674,1.65983
320.55000,0.86493,-0.24594,1.59478
320.60200,0.86494,-0.24509,1.53948
320.65000,0.86510,-0.24392,1.50425
320.70000,0.86564,-0.24197,1.48948
320.75000,0.86634,-0.23664,1.49397
320.80100,0.86694,-0.22761,1.51590
320.85100,0.86735,-0.21790,1.54098
320.90100,0.86751,-0.20857,1.56787
320.95000,0.86741,-0.19925,1.59496
321.00100,0.86706,-0.18994,1.62242
321.05000,0.86645,-0.18066,1.65032
321.10000,0.86560,-0.17129,1.67117
321.15200,0.86466,-0.16186,1.67583
321.20000,0.86394,-0.15272,1.65606
321.25100,0.86359,-0.14574,1.61928
321.30000,0.86347,-0.14110,1.57259
321.35100,0.86350,-0.13863,1.51727
321.40100,0.86357,-0.13776,1.45585
321.45100,0.86368,-0.13695,1.40364
321.50000,0.86393,-0.13604,1.37140
321.55000,0.86476,-0.13370,1.36256
321.60100,0.86627,-0.12785,1.37155
321.65200,0.86788,-0.12029,1.39078
321.70000,0.86943,-0.11136,1.41701
321.75000,0.87073,-0.10215,1.44489
321.80000,0.87177,-0.09292,1.47318
321.85100,0.87254,-0.08367,1.50183
321.90000,0.87304,-0.07441,1.53085
321.95000,0.87328,-0.06524,1.54880
322.00000,0.87336,-0.05627,1.54382
322.05000,0.87342,-0.04848,1.51670
322.10100,0.87355,-0.04300,1.47688
322.15000,0.87384,-0.03986,1.42761
322.20000,0.87402,-0.03884,1.37007
322.25000,0.87419,-0.03804,1.32183
322.30100,0.87445,-0.03720,1.28983
322.35000,0.87504,-0.03605,1.27469
322.40100,0.87580,-0.03409,1.26885
322.45200,0.87673,-0.03112,1.26808
322.50000,0.87801,-0.02705,1.27255
322.55000,0.87963,-0.02175,1.28281
322.60000,0.88157,-0.01504,1.29926
322.65000,0.88384,-0.00659,1.32320
322.70000,0.88615,0.00313,1.35250
322.75000,0.88817,0.01292,1.38215
322.80100,0.88990,0.02277,1.41217
322.85100,0.89133,0.03267,1.44248
322.90000,0.89233,0.04102,1.45301
322.95100,0.89306,0.04680,1.43194
323.00000,0.89363,0.05042,1.39163
323.05000,0.89390,0.05173,1.34166
323.10000,0.89411,0.05253,1.28976
323.15100,0.89435,0.05332,1.24821
323.20100,0.89477,0.05424,1.22776
323.25000,0.89606,0.05745,1.23099
323.30000,0.89775,0.06227,1.24192
323.35000,0.89986,0.06856,1.25952
323.40100,0.90238,0.07669,1.28502
323.45000,0.90505,0.08630,1.31658
323.50100,0.90740,0.09601,1.34862
323.55000,0.90945,0.10580,1.38124
323.60100,0.91097,0.11529,1.39980
323.65000,0.91161,0.12389,1.39573
323.70100,0.91190,0.13099,1.37235
323.75100,0.91250,0.13572,1.33864
323.80000,0.91304,0.13787,1.29429
323.85100,0.91328,0.13865,1.24442
323.90000,0.91357,0.13943,1.19476
323.95100,0.91388,0.14018,1.15567
324.00200,0.91423,0.14093,1.13223
324.05000,0.91454,0.14160,1.11922
324.10100,0.91518,0.14291,1.11632
324.15000,0.91645,0.14552,1.12029
324.20000,0.91830,0.14937,1.13034
324.25100,0.92088,0.15493,1.14827
324.30000,0.92415,0.16244,1.17479
324.35000,0.92782,0.17161,1.20846
324.40200,0.93120,0.18102,1.24296
324.45000,0.93426,0.19054,1.27768
324.50000,0.93670,0.19969,1.29871
324.55200,0.93804,0.20773,1.29295
324.60100,0.93874,0.21261,1.26530
324.65200,0.93904,0.21361,1.22109
324.70000,0.93933,0.21434,1.17565
324.75000,0.93965,0.21506,1.13048
324.80100,0.94003,0.21581,1.09403
324.85000,0.94098,0.21713,1.08272
324.90000,0.94343,0.22173,1.09705
324.95000,0.94692,0.22874,1.12218
325.00100,0.95095,0.23749,1.15491
325.05100,0.95491,0.24705,1.19145
325.10100,0.95839,0.25620,1.22738
325.15000,0.96120,0.26472,1.25187
325.20000,0.96323,0.27249,1.25299
325.25200,0.96474,0.27842,1.23198
325.30100,0.96523,0.28002,1.19192
325.35100,0.96530,0.28019,1.14564
325.40000,0.96561,0.28084,1.10163
325.45000,0.96595,0.28147,1.05801
325.50000,0.96641,0.28217,1.02413
325.55100,0.96729,0.28329,1.01289
325.60300,0.96992,0.28741,1.02552
325.65000,0.97390,0.29416,1.05032
325.70000,0.97855,0.30260,1.08258
325.75100,0.98319,0.31161,1.11796
325.80000,0.98752,0.32081,1.15433
325.85100,0.99146,0.32996,1.18258
325.90100,0.99502,0.33873,1.18934
325.95000,0.99851,0.34746,1.18504
326.00100,1.00092,0.35355,1.16634
326.05000,1.00188,0.35583,1.13086
326.10000,1.00180,0.35567,1.08482
326.15000,1.00203,0.35607,1.04135
326.20000,1.00226,0.35645,0.99798
326.25100,1.00278,0.35712,0.96681
326.30000,1.00404,0.35877,0.96352
326.35200,1.00679,0.36269,0.97482
326.40200,1.01110,0.36921,0.99904
326.45000,1.01629,0.37756,1.03083
326.50000,1.02169,0.38696,1.06716
326.55000,1.02637,0.39579,1.09237
326.60100,1.03056,0.40418,1.09453
326.65100,1.03392,0.41081,1.08043
326.70100,1.03537,0.41351,1.04830
326.75300,1.03536,0.41351,1.00386
326.80100,1.03571,0.41403,0.96206
326.85000,1.03611,0.41457,0.92763
326.90100,1.03720,0.41587,0.91877
326.95100,1.04034,0.41996,0.93099
327.00000,1.04509,0.42651,0.95538
327.05100,1.05068,0.43468,0.98713
327.10000,1.05650,0.44385,1.02325
327.15000,1.06113,0.45188,1.04259
327.20000,1.06519,0.45914,1.04322
327.25000,1.06869,0.46519,1.03006
327.30100,1.07003,0.46744,0.99852
327.35100,1.06997,0.46733,0.95570
327.40100,1.06993,0.46727,0.91305
327.45000,1.07007,0.46743,0.87174
327.50000,1.07047,0.46788,0.83739
327.55000,1.07109,0.46854,0.81402
327.60000,1.07189,0.46932,0.80086
327.65100,1.07293,0.47035,0.79729
327.70000,1.07671,0.47419,0.81150
327.75000,1.08328,0.48134,0.84382
327.80200,1.08980,0.48892,0.87756
327.85000,1.09606,0.49671,0.91170
327.90200,1.10204,0.50472,0.94594
327.95200,1.10757,0.51257,0.96493
328.00000,1.11225,0.51937,0.96373
328.05000,1.11541,0.52388,0.94984
328.10000,1.11701,0.52606,0.92391
328.15100,1.11740,0.52656,0.88934
328.20000,1.11775,0.52698,0.85428
328.25200,1.11812,0.52739,0.81941
328.30100,1.11855,0.52783,0.79367
328.35100,1.11937,0.52859,0.78441
328.40000,1.12115,0.53036,0.78799
328.45100,1.12477,0.53404,0.80271
328.50100,1.12983,0.53941,0.82666
328.55000,1.13621,0.54656,0.85958
328.60000,1.14260,0.55425,0.89450
328.65100,1.14860,0.56182,0.91716
328.70100,1.15359,0.56831,0.91445
328.75000,1.15712,0.57284,0.89998
328.80100,1.15890,0.57505,0.87320
328.85100,1.15932,0.57554,0.83731
328.90000,1.15973,0.57597,0.80105
328.95100,1.16014,0.57639,0.76496
329.00000,1.16058,0.57678,0.73864
329.05000,1.16120,0.57730,0.72813
329.10100,1.16254,0.57849,0.72891
329.15000,1.16646,0.58203,0.74464
329.20000,1.17226,0.58752,0.77170
329.25000,1.17919,0.59450,0.80615
329.30000,1.18599,0.60184,0.84180
329.35100,1.19249,0.60915,0.86952
329.40100,1.19817,0.61575,0.87300
329.45000,1.20206,0.62033,0.85889
329.50000,1.20483,0.62348,0.83666
329.55000,1.20577,0.62451,0.80283
329.60000,1.20622,0.62495,0.76582
329.65000,1.20669,0.62538,0.72891
329.70100,1.20717,0.62580,0.69217
329.75200,1.20771,0.62622,0.66773
329.80000,1.20873,0.62703,0.66445
329.85000,1.21172,0.62938,0.67333
329.90100,1.21709,0.63376,0.69534
329.95000,1.22397,0.63968,0.72626
330.00000,1.23131,0.64643,0.76105
330.05000,1.23843,0.65346,0.79627
330.10200,1.24534,0.66054,0.82304
330.15000,1.25176,0.66728,0.82665
330.20000,1.25596,0.67179,0.81170
330.25000,1.25800,0.67391,0.78302
330.30200,1.25865,0.67452,0.75757
330.35100,1.25957,0.67536,0.76475
330.40000,1.26137,0.67713,0.78619
330.45100,1.26470,0.68056,0.81682
330.50000,1.26935,0.68571,0.85678
330.55100,1.27454,0.69198,0.90167
330.60200,1.27996,0.69916,0.94941
330.65200,1.28543,0.70722,0.99864
330.70100,1.29062,0.71575,1.04949
330.75100,1.29538,0.72454,1.10007
330.80000,1.29914,0.73228,1.12894
330.85100,1.30221,0.73907,1.12885
330.90000,1.30469,0.74428,1.10898
330.95100,1.30619,0.74719,1.07821
331.00000,1.30677,0.74844,1.05115
331.05100,1.30705,0.74895,1.03379
331.10000,1.30708,0.74895,1.01476
331.15000,1.30712,0.74901,1.00384
331.20000,1.30710,0.74896,0.99241
331.25000,1.30717,0.74904,1.00015
331.30000,1.30860,0.75126,1.00730
331.35000,1.30972,0.75315,1.01068
331.40000,1.31129,0.75568,1.03343
331.45200,1.31337,0.75928,1.06630
331.50000,1.31655,0.76509,1.10520
331.55000,1.31993,0.77198,1.13390
331.60000,1.32293,0.77854,1.13875
331.65000,1.32545,0.78467,1.12868
331.70100,1.32671,0.78828,1.11700
331.75000,1.32785,0.79100,1.12584
331.80000,1.32911,0.79400,1.13378
331.85000,1.33011,0.79633,1.13631
331.90100,1.33080,0.79830,1.14342
331.95000,1.33107,0.79988,1.13411
332.00000,1.33109,0.80120,1.11023
332.05000,1.33140,0.80182,1.08704
332.10200,1.33154,0.80220,1.07384
332.15100,1.33165,0.80255,1.03805
332.20100,1.33202,0.80314,1.01119
332.25000,1.33272,0.80403,1.01110
332.30000,1.33450,0.80676,1.03163
332.35000,1.33748,0.81183,1.06308
332.40000,1.34058,0.81764,1.10315
332.45000,1.34362,0.82383,1.13185
332.50100,1.34574,0.82856,1.15037
332.55000,1.34809,0.83401,1.18171
332.60000,1.35018,0.83990,1.20155
332.65100,1.35171,0.84425,1.21518
332.70200,1.35252,0.84720,1.22790
332.75100,1.35276,0.84962,1.21528
332.80000,1.35268,0.85055,1.17458
332.85200,1.35279,0.85080,1.12847
332.90100,1.35286,0.85090,1.08176
332.95100,1.35317,0.85140,1.05415
333.00100,1.35330,0.85165,1.03474
333.05000,1.35344,0.85178,1.01659
333.10000,1.35416,0.85264,1.02301
333.15000,1.35638,0.85623,1.04621
333.20000,1.35979,0.86231,1.07919
333.25100,1.36374,0.87007,1.11956
333.30000,1.36718,0.87788,1.14816
333.35100,1.37006,0.88501,1.14784
333.40000,1.37190,0.88940,1.13933
333.45200,1.37373,0.89342,1.14688
333.50000,1.37618,0.89896,1.17531
333.55000,1.37899,0.90595,1.21060
333.60100,1.38127,0.91267,1.23654
333.65100,1.38294,0.91883,1.23697
333.70100,1.38419,0.92402,1.21382
333.75000,1.38458,0.92520,1.17050
333.80000,1.38439,0.92477,1.11963
333.85000,1.38417,0.92435,1.06877
333.90100,1.38393,0.92395,1.01816
333.95000,1.38367,0.92356,0.96780
334.00100,1.38375,0.92362,0.93886
334.05000,1.38432,0.92415,0.93831
334.10100,1.38655,0.92712,0.95605
334.15000,1.39021,0.93238,0.98509
334.20000,1.39452,0.93904,1.01999
334.25000,1.39919,0.94690,1.05906
334.30000,1.40388,0.95558,1.10181
334.35000,1.40808,0.96430,1.14554
334.40000,1.41155,0.97222,1.17812
334.45000,1.41448,0.97968,1.18514
334.50100,1.41688,0.98616,1.16783
334.55100,1.41766,0.98813,1.12707
334.60000,1.41790,0.98857,1.07926
334.65000,1.41829,0.98926,1.03242
334.70100,1.41871,0.98993,0.98577
334.75000,1.41922,0.99065,0.94600
334.80100,1.42024,0.99182,0.92841
334.85000,1.42275,0.99513,0.94496
334.90200,1.42659,1.00057,0.97266
334.95100,1.43105,1.00731,1.00586
335.00000,1.43591,1.01530,1.04395
335.05000,1.44074,1.02386,1.07192
335.10000,1.44472,1.03168,1.07226
335.15100,1.44791,1.03762,1.04642
335.20100,1.45041,1.04176,1.00091
335.25000,1.45379,1.04672,0.95020
335.30100,1.45812,1.05244,0.89735
335.35000,1.46289,1.05840,0.85167
335.40100,1.46709,1.06363,0.81556
335.45100,1.46956,1.06625,0.78536
335.50100,1.47179,1.06852,0.76234
335.55000,1.47326,1.06986,0.73956
335.60000,1.47466,1.07111,0.72839
335.65000,1.47543,1.07180,0.71931
335.70200,1.47669,1.07294,0.73206
335.75000,1.47844,1.07455,0.76685
335.80000,1.47980,1.07593,0.81996
335.85000,1.48132,1.07760,0.86605
335.90100,1.48215,1.07866,0.88091
335.95000,1.48220,1.07903,0.86833
336.00000,1.48248,1.07949,0.83546
336.05100,1.48394,1.08104,0.78482
336.10000,1.48637,1.08332,0.72577
336.15100,1.48905,1.08556,0.65982
336.20100,1.49187,1.08770,0.60383
336.25100,1.49545,1.09053,0.57944
336.30000,1.49987,1.09402,0.58207
336.35100,1.50379,1.09666,0.61550
336.40100,1.50701,1.09904,0.66309
336.45000,1.51045,1.10173,0.70303
336.50100,1.51293,1.10382,0.72833
336.55000,1.51462,1.10534,0.75168
336.60200,1.51558,1.10621,0.74668
336.65000,1.51605,1.10667,0.71092
336.70000,1.51709,1.10751,0.65848
336.75000,1.51913,1.10898,0.59870
336.80000,1.52171,1.11072,0.54902
336.85000,1.52333,1.11171,0.51665
336.90100,1.52449,1.11241,0.49062
336.95000,1.52644,1.11383,0.48956
337.00000,1.52882,1.11525,0.51820
337.05100,1.53089,1.11651,0.56439
337.10100,1.53350,1.11816,0.60376
337.15000,1.53551,1.11929,0.61576
337.20000,1.53707,1.12015,0.61390
337.25000,1.53809,1.12079,0.61025
337.30000,1.53838,1.12097,0.58293
337.35000,1.53895,1.12136,0.55815
337.40000,1.53925,1.12156,0.54661
337.45100,1.53937,1.12164,0.53524
337.50000,1.53950,1.12167,0.53371
337.55000,1.53951,1.12163,0.52816
337.60200,1.53977,1.12187,0.53182
337.65100,1.54074,1.12258,0.56640
337.70000,1.54190,1.12336,0.61971
337.75000,1.54432,1.12521,0.67821
337.80200,1.54710,1.12746,0.72733
337.85100,1.54953,1.12942,0.75396
337.90000,1.55126,1.13078,0.75246
337.95100,1.55274,1.13191,0.73850
338.00200,1.55420,1.13309,0.70312
338.05000,1.55643,1.13487,0.64799
338.10000,1.55971,1.13719,0.58625
338.15100,1.56341,1.13962,0.53531
338.20000,1.56583,1.14101,0.50393
338.25000,1.56785,1.14213,0.45905
338.30100,1.56968,1.14293,0.41535
338.35000,1.57223,1.14400,0.40712
338.40000,1.57507,1.14528,0.42720
338.45000,1.57768,1.14651,0.46602
338.50000,1.58080,1.14818,0.51644
338.55000,1.58381,1.15000,0.57673
338.60100,1.58694,1.15204,0.62855
338.65000,1.58980,1.15387,0.65721
338.70000,1.59209,1.15521,0.65497
338.75000,1.59411,1.15633,0.64003
338.80200,1.59610,1.15746,0.60794
338.85000,1.59814,1.15872,0.55405
338.90100,1.59973,1.15962,0.48455
338.95000,1.60199,1.16071,0.41142
339.00100,1.60457,1.16179,0.34856
339.05000,1.60797,1.16355,0.31946
339.10000,1.61172,1.16556,0.31557
339.15100,1.61585,1.16781,0.33357
339.20100,1.61968,1.16920,0.37676
339.25000,1.62398,1.17104,0.42794
339.30000,1.62795,1.17299,0.48690
339.35000,1.63166,1.17509,0.54643
339.40000,1.63524,1.17727,0.59590
339.45000,1.63877,1.17946,0.62259
339.50200,1.64185,1.18130,0.61395
339.55200,1.64345,1.18231,0.57236
339.60000,1.64465,1.18303,0.51452
339.65000,1.64651,1.18400,0.44927
339.70000,1.64880,1.18506,0.39387
339.75200,1.65168,1.18663,0.36929
339.80200,1.65486,1.18843,0.36915
339.85200,1.65836,1.19049,0.38738
339.90000,1.66144,1.19185,0.43339
339.95000,1.66390,1.19307,0.49273
340.00200,1.66680,1.19475,0.55553
340.05100,1.66943,1.19650,0.62262
340.10000,1.67209,1.19841,0.68036
340.15000,1.67474,1.20038,0.71876
340.20000,1.67714,1.20217,0.72899
340.25000,1.67953,1.20413,0.70778
340.30000,1.68384,1.20768,0.67133
340.35000,1.68969,1.21213,0.62994
340.40000,1.69637,1.21677,0.58339
340.45000,1.70315,1.22100,0.53064
340.50200,1.70883,1.22412,0.47248
340.55200,1.71276,1.22597,0.40990
340.60000,1.71602,1.22726,0.34361
340.65200,1.71879,1.22815,0.27224
340.70000,1.72078,1.22863,0.19318
340.75000,1.72250,1.22888,0.12146
340.80000,1.72470,1.22951,0.07230
340.85000,1.72750,1.23004,0.05062
340.90100,1.73083,1.23044,0.05078
340.95000,1.73560,1.23093,0.06874
341.00000,1.74364,1.23166,0.10023
341.05000,1.75311,1.23278,0.13791
341.10200,1.76291,1.23433,0.17694
341.15100,1.77190,1.23612,0.21849
341.20100,1.78059,1.23825,0.26057
341.25100,1.78920,1.24074,0.30205
341.30000,1.79771,1.24358,0.34313
341.35100,1.80610,1.24677,0.38415
341.40200,1.81510,1.25061,0.42360
341.45000,1.82222,1.25369,0.46360
341.50000,1.82554,1.25540,0.50421
341.55000,1.82864,1.25713,0.53603
341.60200,1.83172,1.25892,0.54381
341.65000,1.83549,1.26119,0.52474
341.70200,1.84157,1.26459,0.49478
341.75000,1.84919,1.26854,0.45898
341.80000,1.85726,1.27229,0.41659
341.85100,1.86442,1.27523,0.37501
341.90000,1.86844,1.27675,0.35206
341.95000,1.87256,1.27835,0.35742
342.00000,1.87864,1.28069,0.37772
342.05100,1.88648,1.28393,0.40578
342.10000,1.89543,1.28795,0.43871
342.15000,1.90441,1.29235,0.47239
342.20000,1.91320,1.29680,0.49942
342.25100,1.92186,1.30115,0.51600
342.30000,1.93043,1.30542,0.52682
342.35000,1.93892,1.30962,0.53598
342.40000,1.94734,1.31375,0.54290
342.45200,1.95570,1.31785,0.54262
342.50000,1.96411,1.32202,0.53112
342.55000,1.97267,1.32640,0.50528
342.60000,1.98119,1.33082,0.46336
342.65000,1.98995,1.33494,0.41849
342.70000,1.99844,1.33840,0.37601
342.75200,2.00113,1.33877,0.33286
342.80100,2.00191,1.33902,0.28595
342.85100,2.00269,1.33923,0.23929
342.90000,2.00349,1.33941,0.19300
342.95100,2.00428,1.33953,0.15664
343.00000,2.00532,1.33984,0.14045
343.05100,2.00897,1.34072,0.14509
343.10100,2.01629,1.34192,0.16507
343.15000,2.02567,1.34361,0.19292
343.20100,2.03507,1.34563,0.22529
343.25000,2.04444,1.34791,0.25673
343.30000,2.05326,1.35039,0.29039
343.35100,2.06216,1.35322,0.32774
343.40000,2.07156,1.35662,0.36725
343.45000,2.08081,1.36040,0.40656
343.50000,2.08927,1.36424,0.44819
343.55000,2.09723,1.36828,0.49081
343.60000,2.10503,1.37266,0.53295
343.65000,2.11273,1.37722,0.56750
343.70200,2.12016,1.38158,0.57577
343.75100,2.12655,1.38537,0.55884
343.80100,2.12853,1.38653,0.51879
343.85100,2.12925,1.38692,0.47233
343.90000,2.12999,1.38727,0.42600
343.95000,2.13074,1.38760,0.37993
344.00000,2.13151,1.38788,0.33412
344.05000,2.13236,1.38820,0.30074
344.10000,2.13393,1.38915,0.29598
344.15000,2.13736,1.39052,0.30967
344.20100,2.14376,1.39267,0.33572
344.25100,2.15157,1.39556,0.36932
344.30000,2.16023,1.39911,0.40724
344.35200,2.16940,1.40328,0.44842
344.40000,2.17913,1.40818,0.48982
344.45200,2.18874,1.41356,0.53075
344.50000,2.19812,1.41931,0.57117
344.55100,2.20659,1.42494,0.60854
344.60000,2.21439,1.43034,0.63768
344.65000,2.22201,1.43564,0.64190
344.70100,2.22816,1.44001,0.62324
344.75000,2.23063,1.44170,0.58569
344.80100,2.23117,1.44201,0.53834
344.85100,2.23142,1.44212,0.48964
344.90100,2.23181,1.44230,0.44179
344.95000,2.23240,1.44252,0.39498
345.00200,2.23301,1.44272,0.34847
345.05100,2.23366,1.44306,0.31720
345.10100,2.23557,1.44383,0.31701
345.15100,2.24036,1.44544,0.33410
345.20100,2.24758,1.44805,0.36112
345.25100,2.25642,1.45156,0.39517
345.30100,2.26629,1.45589,0.43370
345.35000,2.27615,1.46069,0.47271
345.40000,2.28581,1.46586,0.51126
345.45000,2.29514,1.47104,0.54175
345.50000,2.30429,1.47613,0.55040
345.55100,2.31147,1.48028,0.53476
345.60100,2.31485,1.48219,0.50064
345.65000,2.31595,1.48277,0.45558
345.70100,2.31670,1.48312,0.40883
345.75100,2.31747,1.48343,0.36230
345.80000,2.31825,1.48370,0.31604
345.85000,2.31914,1.48396,0.28434
345.90000,2.32064,1.48477,0.27377
345.95000,2.32443,1.48635,0.28389
346.00100,2.33169,1.48861,0.30865
346.05000,2.34074,1.49165,0.34127
346.10100,2.35086,1.49546,0.37833
346.15000,2.36093,1.49967,0.41511
346.20100,2.37063,1.50382,0.43987
346.25000,2.37987,1.50774,0.44165
346.30000,2.38884,1.51149,0.43422
346.35000,2.39698,1.51499,0.42055
346.40000,2.40384,1.51795,0.40044
346.45000,2.40862,1.51989,0.37069
346.50100,2.41088,1.52073,0.32968
346.55000,2.41167,1.52098,0.28242
346.60200,2.41248,1.52119,0.23530
346.65100,2.41357,1.52153,0.20152
346.70000,2.41548,1.52238,0.19168
346.75100,2.41878,1.52387,0.19646
346.80100,2.42557,1.52561,0.21596
346.85000,2.43472,1.52776,0.24562
346.90000,2.44437,1.53034,0.27768
346.95000,2.45402,1.53325,0.30896
347.00100,2.46345,1.53620,0.33474
347.05000,2.47252,1.53884,0.34614
347.10000,2.48122,1.54114,0.34213
347.15000,2.48969,1.54327,0.32992
347.20000,2.49730,1.54517,0.31148
347.25100,2.50368,1.54683,0.28724
347.30000,2.50781,1.54799,0.25321
347.35000,2.50949,1.54839,0.20890
347.40000,2.51031,1.54855,0.16110
347.45000,2.51114,1.54866,0.11358
347.50000,2.51221,1.54877,0.07845
347.55100,2.51397,1.54905,0.06697
347.60100,2.51784,1.54955,0.07226
347.65200,2.52492,1.55021,0.09063
347.70000,2.53472,1.55124,0.12009
347.75000,2.54543,1.55271,0.15266
347.80000,2.55562,1.55442,0.18294
347.85000,2.56527,1.55608,0.20208
347.90200,2.57468,1.55755,0.20142
347.95100,2.58391,1.55888,0.19265
348.00000,2.59257,1.56003,0.17839
348.05100,2.60030,1.56101,0.15977
348.10000,2.60723,1.56184,0.13744
348.15000,2.61347,1.56256,0.11196
348.20100,2.61768,1.56276,0.07814
348.25100,2.61888,1.56280,0.03228
348.30000,2.61972,1.56281,-0.01492
348.35300,2.62028,1.56279,-0.04538
348.40100,2.62255,1.56265,-0.04918
348.45000,2.62814,1.56239,-0.03728
348.50000,2.63651,1.56217,-0.01513
348.55000,2.64557,1.56216,0.01400
348.60100,2.65481,1.56243,0.04403
348.65100,2.66406,1.56297,0.07348
348.70100,2.67335,1.56371,0.09619
348.75100,2.68247,1.56432,0.09955
348.80000,2.69108,1.56477,0.08806
348.85000,2.69689,1.56488,0.06187
348.90000,2.69974,1.56486,0.02358
348.95000,2.70043,1.56486,-0.02320
349.00000,2.70092,1.56483,-0.07069
349.05000,2.70159,1.56478,-0.10373
349.10200,2.70330,1.56441,-0.11315
349.15100,2.70655,1.56389,-0.11226
349.20000,2.71188,1.56304,-0.10236
349.25000,2.72083,1.56220,-0.07677
349.30100,2.73004,1.56163,-0.04542
349.35000,2.73927,1.56135,-0.01509
349.40000,2.74852,1.56135,0.01492
349.45100,2.75741,1.56154,0.03067
349.50000,2.76585,1.56167,0.02479
349.55000,2.77189,1.56169,0.00208
349.60100,2.77574,1.56167,-0.02956
349.65100,2.77752,1.56160,-0.06941
349.70100,2.77836,1.56153,-0.11293
349.75000,2.77919,1.56141,-0.15617
349.80000,2.78005,1.56124,-0.19237
349.85000,2.78124,1.56073,-0.20850
349.90000,2.78473,1.55959,-0.20503
349.95000,2.79191,1.55794,-0.18646
350.00200,2.80052,1.55646,-0.15677
350.05100,2.80964,1.55517,-0.12506
350.10000,2.81877,1.55417,-0.09266
350.15000,2.82798,1.55346,-0.06152
350.20100,2.83709,1.55306,-0.04103
350.25000,2.84601,1.55285,-0.03984
350.30100,2.85318,1.55295,-0.05534
350.35100,2.85752,1.55307,-0.08255
350.40000,2.85963,1.55306,-0.11897
350.45000,2.86047,1.55294,-0.16041
350.50000,2.86129,1.55279,-0.20165
350.55000,2.86211,1.55260,-0.24255
350.60100,2.86293,1.55237,-0.27422
350.65100,2.86389,1.55198,-0.29448
350.70100,2.86497,1.55144,-0.30605
350.75000,2.86638,1.55074,-0.31000
350.80000,2.86882,1.54983,-0.30851
350.85100,2.87250,1.54865,-0.30132
350.90100,2.87751,1.54711,-0.28814
350.95100,2.88405,1.54522,-0.26869
351.00100,2.89242,1.54299,-0.24133
351.05000,2.90217,1.54075,-0.20931
351.10200,2.91198,1.53882,-0.17768
351.15100,2.92026,1.53742,-0.16609
351.20100,2.92582,1.53648,-0.18099
351.25100,2.92798,1.53613,-0.21052
351.30000,2.92880,1.53594,-0.24567
351.35000,2.92962,1.53572,-0.28073
351.40000,2.93042,1.53548,-0.30800
351.45000,2.93131,1.53510,-0.31994
351.50000,2.93256,1.53463,-0.32162
351.55000,2.93509,1.53378,-0.31707
351.60000,2.93897,1.53251,-0.30613
351.65100,2.94438,1.53083,-0.28868
351.70100,2.95148,1.52879,-0.26430
351.75100,2.96058,1.52643,-0.23139
351.80100,2.97035,1.52431,-0.19591
351.85100,2.97990,1.52269,-0.17478
351.90000,2.98770,1.52174,-0.17702
351.95100,2.99326,1.52083,-0.18972
352.00100,2.99616,1.52025,-0.21353
352.05000,2.99713,1.52003,-0.24543
352.10000,2.99794,1.51981,-0.27795
352.15000,2.99875,1.51957,-0.31031
352.20000,2.99954,1.51930,-0.34251
352.25000,3.00033,1.51901,-0.36687
352.30100,3.00120,1.51858,-0.37614
352.35000,3.00259,1.51800,-0.37603
352.40100,3.00512,1.51699,-0.36997
352.45000,3.00897,1.51552,-0.35786
352.50100,3.01458,1.51347,-0.33796
352.55100,3.02222,1.51089,-0.30945
352.60100,3.03162,1.50805,-0.27359
352.65100,3.04005,1.50583,-0.25521
352.70200,3.04723,1.50430,-0.25670
352.75100,3.05154,1.50339,-0.27139
352.80000,3.05214,1.50324,-0.30176
352.85100,3.05294,1.50298,-0.33164
352.90000,3.05373,1.50270,-0.36136
352.95100,3.05452,1.50239,-0.39095
353.00200,3.05529,1.50205,-0.42041
353.05000,3.05604,1.50170,-0.43994
353.10000,3.05766,1.50081,-0.44068
353.15000,3.06255,1.49855,-0.42091
353.20000,3.06901,1.49576,-0.39088
353.25000,3.07686,1.49270,-0.35396
353.30200,3.08536,1.48975,-0.31402
353.35100,3.09400,1.48693,-0.28594
353.40000,3.10206,1.48463,-0.28008
353.45100,3.10810,1.48302,-0.28744
353.50000,3.10998,1.48257,-0.31258
353.55000,3.11010,1.48253,-0.34551
353.60000,3.11017,1.48248,-0.37848
353.65100,3.11026,1.48243,-0.41128
353.70100,3.11039,1.48236,-0.44372
353.75000,3.11052,1.48228,-0.47573
353.80300,3.11070,1.48190,-0.49565
353.85000,3.11259,1.48063,-0.49346
353.90000,3.11755,1.47802,-0.47413
353.95100,3.12402,1.47481,-0.44451
354.00000,3.13177,1.47129,-0.40819
354.05100,3.14012,1.46787,-0.36909
354.10000,3.14829,1.46497,-0.34486
354.15000,3.15566,1.46260,-0.34366
354.20100,3.16047,1.46092,-0.35588
354.25100,3.16260,1.46019,-0.37975
354.30200,3.16274,1.46012,-0.41256
354.35000,3.16285,1.46007,-0.44566
354.40000,3.16291,1.46003,-0.47796
354.45000,3.16299,1.45998,-0.51012
354.50100,3.16372,1.45949,-0.52934
354.55000,3.16592,1.45805,-0.52622
354.60100,3.17131,1.45495,-0.50711
354.65200,3.17859,1.45103,-0.47946
354.70000,3.18757,1.44657,-0.44453
354.75000,3.19649,1.44251,-0.41778
354.80000,3.20457,1.43901,-0.40996
354.85000,3.21009,1.43665,-0.41855
354.90100,3.21225,1.43574,-0.44113
354.95100,3.21245,1.43566,-0.47265
355.00000,3.21249,1.43565,-0.50487
355.05000,3.21252,1.43563,-0.53684
355.10100,3.21256,1.43560,-0.56854
355.15000,3.21278,1.43537,-0.58893
355.20000,3.21507,1.43371,-0.58543
355.25100,3.22028,1.43030,-0.56621
355.30000,3.22743,1.42586,-0.53852
355.35100,3.23621,1.42081,-0.50388
355.40100,3.24493,1.41620,-0.47797
355.45000,3.25264,1.41229,-0.47208
355.50000,3.25806,1.40955,-0.47908
355.55000,3.25996,1.40859,-0.50195
355.60100,3.26004,1.40854,-0.53325
355.65000,3.26010,1.40850,-0.56452
355.70000,3.26015,1.40847,-0.59536
355.75000,3.26020,1.40842,-0.62608
355.80100,3.26056,1.40812,-0.64501
355.85100,3.26253,1.40657,-0.64281
355.90000,3.26769,1.40278,-0.62381
355.95000,3.27439,1.39806,-0.59700
356.00200,3.28281,1.39253,-0.56273
356.05100,3.29139,1.38732,-0.54019
356.10100,3.29843,1.38317,-0.53640
356.15100,3.30264,1.38068,-0.54668
356.20100,3.30345,1.38018,-0.57315
356.25000,3.30353,1.38012,-0.60309
356.30000,3.30361,1.38006,-0.63290
356.35000,3.30367,1.38000,-0.66270
356.40100,3.30375,1.37992,-0.69228
356.45100,3.30402,1.37968,-0.71405
356.50000,3.30539,1.37845,-0.71681
356.55000,3.30994,1.37450,-0.69951
356.60200,3.31643,1.36915,-0.67241
356.65000,3.32399,1.36331,-0.64018
356.70200,3.33211,1.35748,-0.60613
356.75000,3.33992,1.35223,-0.58561
356.80000,3.34577,1.34840,-0.58558
356.85200,3.34839,1.34667,-0.60140
356.90100,3.34861,1.34651,-0.62905
356.95200,3.34870,1.34643,-0.65728
357.00100,3.34883,1.34632,-0.68545
357.05000,3.34895,1.34621,-0.71346
357.10100,3.34927,1.34591,-0.73627
357.15100,3.34983,1.34535,-0.74764
357.20000,3.35086,1.34433,-0.74871
357.25000,3.35567,1.33989,-0.72817
357.30000,3.36243,1.33404,-0.69748
357.35000,3.37014,1.32780,-0.66253
357.40100,3.37813,1.32179,-0.62701
357.45000,3.38595,1.31627,-0.60697
357.50000,3.39247,1.31180,-0.60234
357.55000,3.39616,1.30927,-0.61096
357.60000,3.39671,1.30888,-0.63514
357.65100,3.39684,1.30877,-0.66154
357.70000,3.39698,1.30866,-0.68782
357.75000,3.39712,1.30854,-0.71397
357.80000,3.39726,1.30841,-0.73992
357.85000,3.39739,1.30827,-0.76576
357.90000,3.39772,1.30792,-0.77396
357.95100,3.40058,1.30515,-0.76375
358.00000,3.40536,1.30065,-0.74304
358.05100,3.41167,1.29501,-0.71460
358.10000,3.41852,1.28910,-0.69133
358.15000,3.42404,1.28453,-0.68762
358.20100,3.42640,1.28257,-0.70108
358.25000,3.42670,1.28231,-0.72570
358.30000,3.42683,1.28217,-0.75129
358.35000,3.42698,1.28203,-0.77681
358.40100,3.42712,1.28189,-0.80215
358.45000,3.42739,1.28161,-0.81926
358.50100,3.42841,1.28051,-0.82154
358.55000,3.43219,1.27649,-0.80506
358.60100,3.43785,1.27075,-0.77800
358.65000,3.44474,1.26418,-0.74477
358.70000,3.45196,1.25755,-0.71784
358.75000,3.45804,1.25226,-0.70961
358.80000,3.46158,1.24920,-0.71574
358.85100,3.46297,1.24798,-0.73380
358.90000,3.46358,1.24741,-0.75611
358.95000,3.46419,1.24683,-0.77839
359.00000,3.46477,1.24624,-0.80056
359.05100,3.46535,1.24563,-0.82283
359.10000,3.46601,1.24491,-0.83821
359.15000,3.46713,1.24365,-0.84079
359.20100,3.47029,1.24016,-0.82779
359.25100,3.47495,1.23520,-0.80587
359.30000,3.48075,1.22920,-0.78615
359.35100,3.48580,1.22412,-0.78052
359.40100,3.48848,1.22146,-0.78960
359.45000,3.48918,1.22074,-0.80989
359.50000,3.48954,1.22033,-0.83226
359.55100,3.48986,1.21994,-0.85479
359.60000,3.49023,1.21950,-0.87705
359.65100,3.49077,1.21885,-0.88374
359.70100,3.49332,1.21577,-0.87320
359.75000,3.49745,1.21092,-0.85079
359.80100,3.50259,1.20524,-0.81901
359.85000,3.50834,1.19910,-0.79112
359.90100,3.51389,1.19342,-0.77910
359.95000,3.51737,1.18996,-0.78377
360.00100,3.51979,1.18752,-0.79747
360.05100,3.52156,1.18568,-0.81587
360.10000,3.52257,1.18459,-0.83853
360.15000,3.52295,1.18412,-0.86134
360.20000,3.52338,1.18357,-0.88350
360.25100,3.52367,1.18317,-0.90634
360.30200,3.52393,1.18284,-0.92947
360.35000,3.52448,1.18214,-0.93846
360.40200,3.52646,1.17947,-0.93188
360.45100,3.53050,1.17415,-0.91106
360.50100,3.53574,1.16755,-0.88242
360.55000,3.54155,1.16073,-0.84661
360.60100,3.54757,1.15395,-0.81639
360.65100,3.55232,1.14880,-0.81025
360.70000,3.55494,1.14601,-0.82059
360.75000,3.55686,1.14393,-0.83698
360.80100,3.55807,1.14255,-0.85838
360.85000,3.55854,1.14198,-0.88095
360.90000,3.55887,1.14155,-0.90339
360.95100,3.55918,1.14117,-0.92623
361.00100,3.55955,1.14066,-0.94873
361.05100,3.55978,1.14033,-0.97131
361.10100,3.56003,1.13993,-0.97767
361.15000,3.56158,1.13770,-0.96412
361.20000,3.56465,1.13337,-0.93836
361.25000,3.56819,1.12869,-0.90019
361.30000,3.57179,1.12437,-0.85077
361.35000,3.57659,1.11920,-0.79929
361.40100,3.58255,1.11338,-0.74784
361.45100,3.58879,1.10792,-0.69247
361.50100,3.59601,1.10226,-0.63763
361.55100,3.60382,1.09680,-0.58218
361.60000,3.61185,1.09183,-0.52514
361.65000,3.62040,1.08720,-0.46824
361.70000,3.62944,1.08295,-0.41177
361.75100,3.63800,1.07950,-0.36949
361.80000,3.64576,1.07669,-0.35495
361.85100,3.65150,1.07463,-0.35640
361.90100,3.65342,1.07402,-0.35796
361.95000,3.65464,1.07364,-0.35318
362.00100,3.65557,1.07338,-0.35105
362.05000,3.65610,1.07323,-0.34871
362.10100,3.65631,1.07315,-0.37248
362.15100,3.65652,1.07306,-0.39869
362.20000,3.65668,1.07299,-0.42496
362.25000,3.65718,1.07280,-0.43375
362.30100,3.65872,1.07207,-0.41626
362.35200,3.66158,1.07087,-0.40540
362.40200,3.66372,1.07006,-0.40233
362.45100,3.66618,1.06904,-0.37719
362.50100,3.66984,1.06767,-0.34040
362.55000,3.67474,1.06605,-0.29443
362.60100,3.68167,1.06409,-0.24662
362.65100,3.68825,1.06258,-0.20936
362.70200,3.69418,1.06178,-0.19951
362.75200,3.69845,1.06154,-0.20954
362.80100,3.69957,1.06149,-0.23309
362.85000,3.69982,1.06141,-0.26128
362.90000,3.70013,1.06131,-0.28861
362.95100,3.70047,1.06119,-0.31576
363.00100,3.70080,1.06108,-0.34306
363.05000,3.70133,1.06084,-0.35504
363.10000,3.70263,1.06034,-0.34004
363.15000,3.70547,1.05936,-0.31039
363.20000,3.71090,1.05759,-0.27340
363.25100,3.71790,1.05575,-0.23146
363.30100,3.72498,1.05443,-0.19824
363.35100,3.73127,1.05395,-0.19121
363.40000,3.73637,1.05374,-0.19965
363.45000,3.73912,1.05370,-0.21822
363.50000,3.73967,1.05361,-0.24617
363.55000,3.74015,1.05342,-0.27654
363.60200,3.74030,1.05335,-0.30604
363.65000,3.74054,1.05302,-0.32499
363.70000,3.74104,1.05237,-0.32085
363.75000,3.74387,1.05121,-0.29559
363.80100,3.74947,1.04961,-0.25963
363.85100,3.75634,1.04790,-0.21874
363.90100,3.76389,1.04637,-0.17166
363.95000,3.77131,1.04543,-0.13593
364.00000,3.77784,1.04537,-0.12765
364.05000,3.78345,1.04567,-0.13489
364.10100,3.78643,1.04582,-0.15415
364.15000,3.78684,1.04577,-0.18383
364.20000,3.78692,1.04574,-0.21513
364.25000,3.78700,1.04570,-0.24644
364.30100,3.78706,1.04567,-0.27772
364.35000,3.78711,1.04565,-0.30905
364.40000,3.78768,1.04552,-0.32407
364.45000,3.78852,1.04528,-0.32254
364.50300,3.79032,1.04453,-0.30342
364.55100,3.79563,1.04289,-0.26947
364.60000,3.80244,1.04111,-0.22895
364.65000,3.81036,1.03939,-0.18416
364.70000,3.81907,1.03798,-0.13670
364.75000,3.82844,1.03692,-0.08699
364.80000,3.83742,1.03641,-0.04867
364.85000,3.84558,1.03621,-0.03797
364.90100,3.85356,1.03606,-0.03697
364.95000,3.86087,1.03590,-0.04194
365.00100,3.86548,1.03591,-0.05728
365.05000,3.86673,1.03591,-0.08642
365.10000,3.86671,1.03590,-0.12097
365.15000,3.86668,1.03589,-0.15582
365.20000,3.86703,1.03573,-0.17659
365.25000,3.86794,1.03511,-0.17524
365.30100,3.87014,1.03405,-0.15891
365.35000,3.87570,1.03318,-0.12684
365.40100,3.88325,1.03233,-0.08915
365.45100,3.89092,1.03189,-0.06059
365.50000,3.89792,1.03187,-0.05279
365.55000,3.90182,1.03176,-0.05101
365.60200,3.90369,1.03167,-0.05323
365.65100,3.90477,1.03160,-0.08397
365.70000,3.90476,1.03160,-0.11889
365.75000,3.90482,1.03149,-0.14852
365.80100,3.90496,1.03139,-0.16681
365.85000,3.90497,1.03138,-0.17698
365.90000,3.90642,1.03108,-0.16053
365.95100,3.91076,1.03039,-0.13367
366.00000,3.91674,1.02967,-0.09727
366.05000,3.92461,1.02907,-0.05727
366.10000,3.93205,1.02875,-0.03281
366.15000,3.93840,1.02868,-0.03054
366.20100,3.94328,1.02870,-0.04480
366.25000,3.94486,1.02868,-0.07294
366.30000,3.94506,1.02865,-0.10713
366.35000,3.94533,1.02861,-0.12406
366.40000,3.94576,1.02868,-0.12988
366.45000,3.94591,1.02865,-0.13970
366.50100,3.94636,1.02824,-0.13573
366.55000,3.94775,1.02751,-0.12090
366.60100,3.95175,1.02702,-0.10541
366.65100,3.95549,1.02676,-0.09356
366.70000,3.95973,1.02638,-0.06843
366.75100,3.96498,1.02612,-0.04769
366.80000,3.96952,1.02616,-0.04499
366.85000,3.97314,1.02622,-0.06248
366.90000,3.97477,1.02619,-0.09128
366.95100,3.97560,1.02610,-0.12355
367.00100,3.97652,1.02589,-0.14935
367.05100,3.97780,1.02529,-0.15877
367.10000,3.97936,1.02438,-0.15604
367.15000,3.98118,1.02326,-0.14250
367.20000,3.98418,1.02196,-0.11989
367.25100,3.98899,1.02069,-0.08958
367.30200,3.99633,1.02005,-0.04911
367.35100,4.00534,1.01982,-0.00222
367.40000,4.01442,1.01994,0.03446
367.45000,4.02304,1.02019,0.04914
367.50000,4.03158,1.02043,0.06012
367.55000,4.04012,1.02068,0.06955
367.60000,4.04865,1.02092,0.07738
367.65000,4.05718,1.02117,0.08357
367.70200,4.06570,1.02141,0.08809
367.75200,4.07422,1.02166,0.09090
367.80200,4.08275,1.02191,0.09202
367.85000,4.09124,1.02217,0.08754
367.90000,4.09880,1.02244,0.07475
367.95100,4.10469,1.02271,0.05460
368.00200,4.10839,1.02286,0.02520
368.05100,4.10994,1.02288,-0.01301
368.10000,4.11079,1.02285,-0.05416
368.15000,4.11163,1.02279,-0.09524
368.20000,4.11250,1.02266,-0.12874
368.25100,4.11360,1.02227,-0.14839
368.30000,4.11500,1.02156,-0.15412
368.35100,4.11674,1.02056,-0.14848
368.40000,4.11960,1.01939,-0.13396
368.45000,4.12420,1.01801,-0.11203
368.50100,4.13104,1.01685,-0.08170
368.55100,4.14047,1.01625,-0.04023
368.60100,4.15047,1.01607,0.00319
368.65100,4.16029,1.01612,0.04100
368.70100,4.17004,1.01613,0.06903
368.75000,4.17980,1.01619,0.08768
368.80000,4.18952,1.01621,0.09909
368.85000,4.19881,1.01610,0.09329
368.90100,4.20675,1.01596,0.07905
368.95000,4.21257,1.01581,0.05561
369.00000,4.21612,1.01573,0.02271
369.05000,4.21755,1.01573,-0.01884
369.10000,4.21840,1.01569,-0.06277
369.15100,4.21924,1.01562,-0.09832
369.20000,4.22031,1.01528,-0.11253
369.25000,4.22266,1.01467,-0.10392
369.30000,4.22841,1.01403,-0.08047
369.35100,4.23552,1.01356,-0.04581
369.40100,4.24444,1.01332,-0.00699
369.45000,4.25434,1.01345,0.03294
369.50000,4.26460,1.01384,0.06666
369.55000,4.27488,1.01433,0.08504
369.60000,4.28510,1.01480,0.08207
369.65100,4.29513,1.01546,0.07279
369.70000,4.30450,1.01608,0.05912
369.75000,4.31321,1.01651,0.04136
369.80000,4.32128,1.01676,0.01964
369.85000,4.32862,1.01681,-0.00579
369.90100,4.33331,1.01680,-0.03745
369.95200,4.33514,1.01679,-0.08053
370.00000,4.33517,1.01680,-0.12267
370.05100,4.33530,1.01665,-0.14748
370.10100,4.33655,1.01611,-0.14718
370.15200,4.34154,1.01518,-0.12919
370.20000,4.34834,1.01430,-0.09849
370.25000,4.35650,1.01363,-0.05999
370.30000,4.36543,1.01328,-0.01807
370.35100,4.37435,1.01331,0.02497
370.40100,4.38293,1.01362,0.05146
370.45000,4.39139,1.01402,0.05521
370.50100,4.39938,1.01418,0.04024
370.55100,4.40517,1.01430,0.01375
370.60000,4.40982,1.01430,-0.01776
370.65000,4.41245,1.01424,-0.05750
370.70100,4.41340,1.01417,-0.10394
370.75100,4.41421,1.01410,-0.14259
370.80100,4.41500,1.01393,-0.15622
370.85100,4.41822,1.01319,-0.14525
370.90300,4.42440,1.01232,-0.12003
370.95100,4.43238,1.01150,-0.08756
371.00000,4.44110,1.01090,-0.04822
371.05000,4.45069,1.01063,-0.00825
371.10100,4.46018,1.01068,0.02400
371.15000,4.46962,1.01081,0.04164
371.20000,4.47871,1.01088,0.03307
371.25000,4.48613,1.01097,0.01238
371.30000,4.49143,1.01098,-0.01734
371.35100,4.49455,1.01091,-0.05597
371.40000,4.49612,1.01084,-0.09220
371.45100,4.49774,1.01067,-0.11193
371.50100,4.50149,1.01014,-0.10029
371.55100,4.50821,1.00954,-0.07533
371.60600,4.51677,1.00902,-0.04367
371.65000,4.52643,1.00878,-0.00668
371.70000,4.53643,1.00890,0.02984
371.75100,4.54629,1.00926,0.05831
371.80200,4.55619,1.00975,0.07153
371.85000,4.56515,1.01008,0.05924
371.90000,4.57167,1.01037,0.03409
371.95000,4.57595,1.01045,-0.00054
372.00100,4.57794,1.01042,-0.04445
372.05000,4.57879,1.01038,-0.08448
372.10000,4.57986,1.01008,-0.10636
372.15000,4.58209,1.00946,-0.10258
372.20100,4.58552,1.00874,-0.09049
372.25000,4.59033,1.00788,-0.07278
372.30100,4.59679,1.00709,-0.04763
372.35000,4.60529,1.00672,-0.01548
372.40100,4.61523,1.00675,0.02267
372.45000,4.62522,1.00717,0.06143
372.50100,4.63509,1.00769,0.09517
372.55000,4.64473,1.00801,0.11872
372.60000,4.65405,1.00803,0.12983
372.65000,4.66324,1.00794,0.13539
372.70100,4.67243,1.00785,0.13949
372.75200,4.68162,1.00776,0.14181
372.80000,4.69080,1.00768,0.14106
372.85000,4.69999,1.00763,0.12954
372.90100,4.70852,1.00760,0.10720
372.95200,4.71483,1.00755,0.07520
373.00000,4.71859,1.00749,0.03273
373.05000,4.72001,1.00749,-0.01917
373.10000,4.72087,1.00747,-0.06455
373.15000,4.72189,1.00724,-0.09075
373.20000,4.72341,1.00667,-0.09366
373.25000,4.72600,1.00604,-0.08979
373.30100,4.72965,1.00533,-0.08040
373.35100,4.73472,1.00448,-0.06589
373.40000,4.74145,1.00374,-0.04440
373.45000,4.75003,1.00339,-0.01581
373.50100,4.76002,1.00342,0.02033
373.55100,4.77000,1.00379,0.05511
373.60000,4.77998,1.00452,0.09009
373.65000,4.78984,1.00533,0.12007
373.70100,4.79947,1.00594,0.13223
373.75000,4.80879,1.00629,0.12943
373.80000,4.81794,1.00654,0.11607
373.85100,4.82552,1.00678,0.09045
373.90000,4.83078,1.00701,0.05498
373.95100,4.83375,1.00712,0.01011
374.00100,4.83484,1.00711,-0.04225
374.05100,4.83571,1.00705,-0.09534
374.10000,4.83657,1.00695,-0.13938
374.15100,4.83753,1.00670,-0.16306
374.20100,4.83991,1.00595,-0.16178
374.25000,4.84450,1.00498,-0.14732
374.30000,4.85052,1.00406,-0.12573
374.35000,4.85795,1.00313,-0.09650
374.40000,4.86680,1.00239,-0.06085
374.45100,4.87586,1.00201,-0.02363
374.50100,4.88493,1.00197,0.01334
374.55000,4.89402,1.00215,0.04405
374.60000,4.90284,1.00230,0.05485
374.65000,4.91155,1.00238,0.05280
374.70000,4.92009,1.00232,0.03802
374.75000,4.92786,1.00226,0.01304
374.80000,4.93319,1.00226,-0.02219
374.85100,4.93614,1.00220,-0.06719
374.90100,4.93723,1.00210,-0.11957
374.95000,4.93809,1.00197,-0.17267
375.00100,4.93892,1.00184,-0.21770
375.05000,4.93986,1.00155,-0.24463
375.10000,4.94176,1.00083,-0.24667
375.15100,4.94667,0.99937,-0.23265
375.20100,4.95357,0.99761,-0.20810
375.25100,4.96229,0.99580,-0.17610
375.30000,4.97207,0.99424,-0.14120
375.35000,4.98179,0.99301,-0.10761
375.40000,4.99173,0.99211,-0.07515
375.45000,5.00123,0.99157,-0.05307
375.50100,5.01030,0.99145,-0.04938
375.55000,5.01903,0.99161,-0.05999
375.60000,5.02595,0.99189,-0.08681
375.65100,5.02960,0.99198,-0.12708
375.70100,5.03105,0.99186,-0.17631
375.75000,5.03191,0.99169,-0.22777
375.80100,5.03278,0.99145,-0.26932
375.85100,5.03393,0.99088,-0.29085
375.90100,5.03598,0.98990,-0.29357
375.95000,5.04197,0.98793,-0.27720
376.00000,5.05052,0.98561,-0.25002
376.05000,5.06007,0.98331,-0.21850
376.10100,5.06967,0.98132,-0.18490
376.15100,5.07970,0.97962,-0.15074
376.20000,5.08912,0.97850,-0.12893
376.25000,5.09744,0.97834,-0.12981
376.30100,5.10484,0.97876,-0.14840
376.35100,5.10927,0.97907,-0.18347
376.40100,5.11128,0.97907,-0.22863
376.45100,5.11212,0.97885,-0.27839
376.50000,5.11296,0.97859,-0.32792
376.55000,5.11382,0.97825,-0.36853
376.60000,5.11502,0.97752,-0.38978
376.65000,5.11725,0.97615,-0.38941
376.70000,5.12251,0.97383,-0.37565
376.75000,5.13091,0.97058,-0.34836
376.80100,5.14030,0.96733,-0.31674
376.85100,5.14996,0.96431,-0.28415
376.90000,5.15960,0.96166,-0.25169
376.95000,5.16871,0.95971,-0.23363
377.00200,5.17660,0.95899,-0.24229
377.05000,5.18161,0.95873,-0.27172
377.10100,5.18320,0.95836,-0.31554
377.15000,5.18403,0.95807,-0.36258
377.20100,5.18484,0.95774,-0.40938
377.25100,5.18570,0.95731,-0.44800
377.30000,5.18692,0.95648,-0.46606
377.35000,5.18847,0.95531,-0.46990
377.40000,5.19185,0.95340,-0.46246
377.45200,5.19897,0.94987,-0.43811
377.50100,5.20785,0.94588,-0.40609
377.55000,5.21710,0.94209,-0.37276
377.60000,5.22648,0.93860,-0.33912
377.65000,5.23596,0.93544,-0.30534
377.70300,5.24512,0.93284,-0.28636
377.75100,5.25339,0.93113,-0.29058
377.80100,5.25875,0.92992,-0.31560
377.85100,5.26144,0.92900,-0.35226
377.90000,5.26232,0.92865,-0.39655
377.95100,5.26312,0.92829,-0.44103
378.00000,5.26390,0.92790,-0.48524
378.05000,5.26471,0.92744,-0.52151
378.10000,5.26579,0.92666,-0.54273
378.15000,5.26705,0.92568,-0.55314
378.20200,5.26853,0.92449,-0.55478
378.25000,5.27244,0.92200,-0.54195
378.30000,5.27872,0.91831,-0.51826
378.35100,5.28693,0.91379,-0.48582
378.40000,5.29586,0.90928,-0.45068
378.45100,5.30493,0.90508,-0.41544
378.50000,5.31415,0.90121,-0.37978
378.55000,5.32306,0.89788,-0.35926
378.60100,5.33058,0.89531,-0.36636
378.65100,5.33549,0.89340,-0.39012
378.70100,5.33769,0.89246,-0.42584
378.75200,5.33849,0.89208,-0.46778
378.80000,5.33927,0.89166,-0.50964
378.85000,5.34003,0.89122,-0.55127
378.90000,5.34074,0.89077,-0.58347
378.95100,5.34174,0.89003,-0.59467
379.00200,5.34523,0.88755,-0.58301
379.05000,5.35075,0.88400,-0.55687
379.10100,5.35771,0.87982,-0.52251
379.15000,5.36600,0.87524,-0.48567
379.20100,5.37493,0.87072,-0.45000
379.25100,5.38353,0.86677,-0.42787
379.30000,5.39050,0.86367,-0.43612
379.35100,5.39498,0.86152,-0.46078
379.40100,5.39704,0.86047,-0.49641
379.45100,5.39781,0.86003,-0.53782
379.50100,5.39857,0.85956,-0.57916
379.55200,5.39930,0.85905,-0.62026
379.60000,5.39994,0.85860,-0.65371
379.65300,5.40055,0.85813,-0.66792
379.70000,5.40362,0.85566,-0.65790
379.75100,5.40918,0.85145,-0.63307
379.80000,5.41579,0.84676,-0.59918
379.85000,5.42328,0.84185,-0.56058
379.90100,5.43101,0.83721,-0.52125
379.95200,5.43874,0.83292,-0.49784
380.00100,5.44588,0.82908,-0.50291
380.05000,5.44933,0.82717,-0.53045
380.10100,5.45014,0.82667,-0.57042
380.15000,5.45088,0.82617,-0.61068
380.20100,5.45160,0.82565,-0.65074
380.25000,5.45221,0.82518,-0.68189
380.30100,5.45264,0.82485,-0.69581
380.35000,5.45502,0.82282,-0.68849
380.40100,5.46019,0.81863,-0.66326
380.45000,5.46659,0.81379,-0.62927
380.50000,5.47391,0.80868,-0.59047
380.55000,5.48212,0.80338,-0.55371
380.60100,5.48937,0.79909,-0.53280
380.65000,5.49455,0.79608,-0.54580
380.70100,5.49697,0.79457,-0.57700
380.75000,5.49777,0.79403,-0.61612
380.80000,5.49849,0.79350,-0.65552
380.85200,5.49919,0.79294,-0.69472
380.90200,5.49985,0.79236,-0.72198
380.95200,5.50150,0.79085,-0.72060
381.00000,5.50566,0.78724,-0.70332
381.05000,5.51133,0.78254,-0.67664
381.10100,5.51783,0.77750,-0.64118
381.15200,5.52490,0.77235,-0.61872
381.20000,5.53118,0.76788,-0.62457
381.25000,5.53390,0.76589,-0.65272
381.30100,5.53460,0.76533,-0.69122
381.35000,5.53528,0.76475,-0.72977
381.40000,5.53594,0.76414,-0.76812
381.45000,5.53656,0.76350,-0.79654
381.50000,5.53718,0.76284,-0.80900
381.55100,5.53812,0.76182,-0.80976
381.60000,5.54017,0.75968,-0.80269
381.65100,5.54350,0.75628,-0.78764
381.70000,5.54846,0.75141,-0.76344
381.75000,5.55524,0.74513,-0.72978
381.80100,5.56208,0.73923,-0.68582
381.85000,5.56844,0.73418,-0.65506
381.90000,5.57421,0.72980,-0.65175
381.95000,5.57872,0.72635,-0.67686
382.00000,5.58298,0.72279,-0.71753
382.05000,5.58804,0.71816,-0.76362
382.10000,5.59353,0.71263,-0.81350
382.15100,5.59917,0.70634,-0.86603
382.20100,5.60455,0.69964,-0.92158
382.25000,5.60895,0.69349,-0.98353
382.30000,5.61214,0.68833,-1.05292
382.35100,5.61445,0.68391,-1.12576
382.40000,5.61636,0.67969,-1.18727
382.45000,5.61848,0.67516,-1.21844
382.50000,5.62107,0.67011,-1.22399
382.55000,5.62351,0.66432,-1.20311
382.60100,5.62662,0.65658,-1.17302
382.65000,5.62982,0.64936,-1.13152
382.70000,5.63270,0.64354,-1.08333
382.75100,5.63555,0.63811,-1.04337
382.80300,5.63806,0.63306,-1.01951
382.85200,5.64007,0.62859,-1.02025
382.90100,5.64178,0.62449,-1.04365
382.95000,5.64362,0.62047,-1.08959
383.00000,5.64538,0.61685,-1.14861
383.05000,5.64698,0.61295,-1.21368
383.10100,5.64827,0.60910,-1.28408
383.15000,5.64926,0.60529,-1.34595
383.20100,5.65040,0.60128,-1.38447
383.25200,5.65213,0.59653,-1.39675
383.30100,5.65404,0.59133,-1.39066
383.35000,5.65571,0.58483,-1.36504
383.40100,5.65767,0.57613,-1.32728
383.45000,5.65963,0.56887,-1.28179
383.50100,5.66132,0.56367,-1.22764
383.55100,5.66288,0.55968,-1.16717
383.60000,5.66446,0.55591,-1.11699
383.65000,5.66570,0.55255,-1.09533
383.70000,5.66661,0.54960,-1.10039
383.75200,5.66720,0.54713,-1.12965
383.80100,5.66860,0.54393,-1.17531
383.85100,5.67014,0.53994,-1.23091
383.90000,5.67154,0.53554,-1.29265
383.95000,5.67263,0.53116,-1.36003
384.00100,5.67331,0.52739,-1.43332
384.05300,5.67362,0.52405,-1.50029
384.10100,5.67392,0.52042,-1.54254
384.15000,5.67402,0.51664,-1.56355
384.20000,5.67404,0.51267,-1.56667
384.25100,5.67411,0.50811,-1.55305
384.30000,5.67438,0.50089,-1.52412
384.35000,5.67502,0.49109,-1.48444
384.40000,5.67611,0.48082,-1.44078
384.45000,5.67766,0.47080,-1.39699
384.50000,5.67918,0.46213,-1.34991
384.55000,5.68069,0.45605,-1.29923
384.60000,5.68188,0.45136,-1.25045
384.65000,5.68297,0.44683,-1.21842
384.70100,5.68405,0.44239,-1.21390
384.75000,5.68497,0.43817,-1.23027
384.80000,5.68571,0.43435,-1.27141
384.85100,5.68676,0.43055,-1.32665
384.90100,5.68759,0.42674,-1.38999
384.95000,5.68805,0.42361,-1.46168
385.00100,5.68824,0.42082,-1.52738
385.05000,5.68830,0.41739,-1.56751
385.10000,5.68827,0.41340,-1.57888
385.15100,5.68829,0.40802,-1.55682
385.20000,5.68851,0.40027,-1.52545
385.25000,5.68910,0.39116,-1.48748
385.30100,5.69017,0.38088,-1.44387
385.35300,5.69135,0.37211,-1.39745
385.40000,5.69246,0.36647,-1.34890
385.45100,5.69364,0.36180,-1.29386
385.50100,5.69457,0.35825,-1.24137
385.55000,5.69545,0.35481,-1.20959
385.60100,5.69609,0.35170,-1.20840
385.65000,5.69693,0.34890,-1.23097
385.70100,5.69819,0.34515,-1.26513
385.75000,5.69965,0.34052,-1.30908
385.80000,5.70112,0.33461,-1.36175
385.85200,5.70206,0.32946,-1.42073
385.90200,5.70250,0.32584,-1.48871
385.95000,5.70262,0.32291,-1.55217
386.00100,5.70262,0.31936,-1.59001
386.05000,5.70250,0.31486,-1.59910
386.10000,5.70239,0.30875,-1.57767
386.15000,5.70245,0.30113,-1.54774
386.20000,5.70282,0.29216,-1.51204
386.25200,5.70359,0.28237,-1.47189
386.30200,5.70453,0.27407,-1.42923
386.35000,5.70538,0.26846,-1.38240
386.40000,5.70617,0.26476,-1.32695
386.45000,5.70685,0.26198,-1.27525
386.50000,5.70751,0.25924,-1.23979
386.55000,5.70794,0.25681,-1.23246
386.60100,5.70835,0.25453,-1.24292
386.65100,5.70934,0.25153,-1.26353
386.70000,5.71083,0.24664,-1.29297
386.75000,5.71276,0.23962,-1.33154
386.80000,5.71452,0.23150,-1.37951
386.85000,5.71588,0.22321,-1.43185
386.90100,5.71661,0.21656,-1.48673
386.95200,5.71691,0.21123,-1.54684
387.00000,5.71692,0.20720,-1.60394
387.05000,5.71685,0.20315,-1.65120
387.10000,5.71666,0.19900,-1.68880
387.15000,5.71644,0.19485,-1.71761
387.20000,5.71619,0.19068,-1.73816
387.25000,5.71588,0.18645,-1.75095
387.30000,5.71551,0.18220,-1.75577
387.35000,5.71512,0.17794,-1.75179
387.40000,5.71453,0.17365,-1.73851
387.45000,5.71364,0.16836,-1.71648
387.50000,5.71246,0.16106,-1.68613
387.55000,5.71150,0.15137,-1.64632
387.60000,5.71095,0.14137,-1.60492
387.65100,5.71081,0.13137,-1.56384
387.70100,5.71109,0.12138,-1.52348
387.75100,5.71156,0.11317,-1.48252
387.80000,5.71203,0.10719,-1.44522
387.85000,5.71242,0.10131,-1.41455
387.90000,5.71279,0.09545,-1.38890
387.95100,5.71309,0.08972,-1.38057
388.00000,5.71341,0.08415,-1.38916
388.05100,5.71410,0.07857,-1.40814
388.10000,5.71516,0.07211,-1.43758
388.15000,5.71631,0.06361,-1.47660
388.20100,5.71703,0.05364,-1.52022
388.25000,5.71732,0.04365,-1.56370
388.30000,5.71718,0.03466,-1.60833
388.35000,5.71685,0.02772,-1.65341
388.40100,5.71643,0.02254,-1.69149
388.45000,5.71576,0.01712,-1.70481
388.50100,5.71490,0.01125,-1.69298
388.55100,5.71404,0.00393,-1.66687
388.60200,5.71332,-0.00471,-1.63298
388.65000,5.71288,-0.01445,-1.59859
388.70000,5.71277,-0.02337,-1.57306
388.75200,5.71277,-0.03196,-1.57051
388.80000,5.71270,-0.03862,-1.59756
388.85000,5.71237,-0.04559,-1.63575
388.90000,5.71167,-0.05363,-1.67905
388.95000,5.71086,-0.06063,-1.72429
389.00100,5.71029,-0.06401,-1.75435
389.05000,5.70942,-0.06766,-1.76126
389.10000,5.70848,-0.07141,-1.75453
389.15000,5.70759,-0.07609,-1.74027
389.20100,5.70654,-0.08269,-1.71590
389.25100,5.70542,-0.09112,-1.68210
389.30000,5.70461,-0.09987,-1.64622
389.35000,5.70424,-0.10762,-1.62171
389.40000,5.70410,-0.11490,-1.61763
389.45100,5.70384,-0.12186,-1.63160
389.50000,5.70328,-0.12901,-1.66559
389.55100,5.70235,-0.13703,-1.70741
389.60100,5.70095,-0.14571,-1.75264
389.65100,5.69947,-0.15428,-1.79771
389.70000,5.69818,-0.16105,-1.82870
389.75000,5.69642,-0.16803,-1.83446
389.80100,5.69434,-0.17536,-1.82196
389.85100,5.69227,-0.18400,-1.79364
389.90000,5.69026,-0.19353,-1.76052
389.95000,5.68854,-0.20335,-1.72462
390.00000,5.68720,-0.21320,-1.68424
390.05000,5.68651,-0.22338,-1.65106
390.10000,5.68611,-0.23103,-1.63064
390.15000,5.68588,-0.23659,-1.61354
390.20100,5.68568,-0.24145,-1.61876
390.25000,5.68531,-0.24692,-1.64373
390.30100,5.68464,-0.25430,-1.67922
390.35000,5.68374,-0.26230,-1.71251
390.40000,5.68275,-0.27037,-1.73695
390.45100,5.68166,-0.27853,-1.75286
390.50000,5.68044,-0.28681,-1.76068
390.55100,5.67895,-0.29531,-1.75779
390.60100,5.67727,-0.30399,-1.74363
390.65100,5.67544,-0.31284,-1.71686
390.70000,5.67419,-0.32261,-1.67607
390.75000,5.67335,-0.33257,-1.63450
390.80000,5.67292,-0.34256,-1.59341
390.85100,5.67289,-0.35256,-1.55280
390.90000,5.67315,-0.36234,-1.52319
390.95000,5.67342,-0.37190,-1.50686
391.00000,5.67364,-0.38139,-1.49864
391.05000,5.67385,-0.39087,-1.49859
391.10100,5.67412,-0.40037,-1.50694
391.15100,5.67450,-0.40997,-1.52436
391.20000,5.67488,-0.41983,-1.55321
391.25000,5.67488,-0.42964,-1.59059
391.30100,5.67450,-0.43961,-1.62706
391.35000,5.67394,-0.44953,-1.66326
391.40100,5.67384,-0.45424,-1.69725
391.45100,5.67379,-0.45668,-1.72204
391.50100,5.67363,-0.45919,-1.73341
391.55000,5.67343,-0.46169,-1.73477
391.60100,5.67300,-0.46439,-1.72780
391.65100,5.67239,-0.46829,-1.71475
391.70100,5.67157,-0.47374,-1.69558
391.75100,5.67051,-0.48109,-1.66864
391.80000,5.66971,-0.49079,-1.63207
391.85000,5.66930,-0.49936,-1.61386
391.90100,5.66917,-0.50504,-1.61180
391.95000,5.66910,-0.50887,-1.61689
392.00000,5.66902,-0.51134,-1.62777
392.05000,5.66897,-0.51231,-1.64485
392.10100,5.66890,-0.51310,-1.66272
392.15000,5.66882,-0.51389,-1.68057
392.20200,5.66873,-0.51468,-1.69838
392.25100,5.66862,-0.51546,-1.71616
392.30000,5.66850,-0.51625,-1.73388
392.35000,5.66836,-0.51703,-1.75154
392.40300,5.66821,-0.51781,-1.76310
392.45000,5.66759,-0.51988,-1.75967
392.50100,5.66650,-0.52420,-1.74551
392.55000,5.66520,-0.53027,-1.72408
392.60000,5.66372,-0.53823,-1.69486
392.65000,5.66280,-0.54797,-1.67017
392.70100,5.66263,-0.55506,-1.66129
392.75100,5.66276,-0.55990,-1.66174
392.80200,5.66274,-0.56201,-1.67361
392.85100,5.66266,-0.56261,-1.69176
392.90000,5.66258,-0.56314,-1.71018
392.95000,5.66248,-0.56373,-1.72840
393.00000,5.66235,-0.56448,-1.74598
393.05100,5.66221,-0.56523,-1.76356
393.10100,5.66206,-0.56594,-1.78112
393.15000,5.66197,-0.56627,-1.80021
393.20100,5.66178,-0.56664,-1.80818
393.25000,5.66105,-0.56910,-1.80154
393.30000,5.65968,-0.57499,-1.78030
393.35300,5.65821,-0.58218,-1.74904
393.40000,5.65694,-0.59003,-1.72756
393.45100,5.65622,-0.59615,-1.72218
393.50000,5.65599,-0.59969,-1.72761
393.55000,5.65589,-0.60045,-1.74481
393.60000,5.65579,-0.60088,-1.76344
393.65100,5.65573,-0.60118,-1.78255
393.70100,5.65566,-0.60148,-1.80155
393.75100,5.65559,-0.60179,-1.82044
393.80000,5.65551,-0.60209,-1.83919
393.85100,5.65525,-0.60271,-1.84410
393.90000,5.65411,-0.60679,-1.83141
393.95000,5.65254,-0.61287,-1.80838
394.00000,5.65086,-0.62034,-1.77556
394.05100,5.64935,-0.62838,-1.75340
394.10000,5.64842,-0.63445,-1.74755
394.15000,5.64793,-0.63805,-1.75296
394.20100,5.64779,-0.63987,-1.77526
394.25000,5.64754,-0.64137,-1.79984
394.30000,5.64741,-0.64185,-1.81865
394.35000,5.64728,-0.64225,-1.83802
394.40000,5.64714,-0.64265,-1.85757
394.45000,5.64695,-0.64318,-1.87676
394.50000,5.64676,-0.64378,-1.88180
394.55000,5.64559,-0.64689,-1.87358
394.60200,5.64362,-0.65339,-1.85150
394.65100,5.64178,-0.66024,-1.81678
394.70100,5.64078,-0.66537,-1.78641
394.75100,5.64063,-0.66954,-1.78335
394.80100,5.64061,-0.67334,-1.80222
394.85100,5.63976,-0.67689,-1.84418
394.90000,5.63813,-0.68215,-1.89131
394.95100,5.63574,-0.68880,-1.94111
395.00000,5.63298,-0.69535,-1.99669
395.05100,5.63013,-0.70116,-2.05889
395.10100,5.62717,-0.70632,-2.12608
395.15100,5.62404,-0.71100,-2.19663
395.20000,5.62084,-0.71545,-2.25618
395.25000,5.61773,-0.71975,-2.29664
395.30000,5.61446,-0.72412,-2.30569
395.35200,5.61114,-0.72848,-2.29489
395.40100,5.60743,-0.73310,-2.26300
395.45100,5.60369,-0.73781,-2.21595
395.50100,5.60039,-0.74226,-2.17444
395.55100,5.59701,-0.74685,-2.15725
395.60100,5.59401,-0.75113,-2.16465
395.65100,5.59114,-0.75526,-2.19835
395.70000,5.58852,-0.75869,-2.24844
395.75000,5.58489,-0.76296,-2.30270
395.80100,5.58120,-0.76683,-2.36426
395.85000,5.57687,-0.77082,-2.42829
395.90000,5.57257,-0.77430,-2.49678
395.95000,5.56827,-0.77746,-2.55248
396.00000,5.56362,-0.78085,-2.57230
396.05100,5.55856,-0.78452,-2.56715
396.10000,5.55251,-0.78854,-2.54383
396.15100,5.54530,-0.79361,-2.51294
396.20000,5.53771,-0.79934,-2.47521
396.25000,5.52990,-0.80573,-2.43042
396.30000,5.52295,-0.81201,-2.37474
396.35100,5.51694,-0.81779,-2.32274
396.40200,5.51151,-0.82306,-2.29210
396.45100,5.50698,-0.82753,-2.29441
396.50100,5.50400,-0.83072,-2.33027
396.55000,5.50098,-0.83375,-2.37990
396.60100,5.49739,-0.83698,-2.43665
396.65100,5.49322,-0.84031,-2.49797
396.70200,5.48882,-0.84339,-2.56375
396.75100,5.48484,-0.84580,-2.63544
396.80100,5.48133,-0.84766,-2.69853
396.85000,5.47745,-0.84981,-2.73181
396.90000,5.47264,-0.85279,-2.73459
396.95100,5.46657,-0.85580,-2.71613
397.00000,5.45860,-0.85954,-2.68751
397.05000,5.44988,-0.86398,-2.65434
397.10000,5.44115,-0.86881,-2.61733
397.15000,5.43265,-0.87395,-2.57753
397.20200,5.42430,-0.87947,-2.53451
397.25200,5.41673,-0.88498,-2.48638
397.30000,5.40962,-0.89041,-2.44357
397.35100,5.40323,-0.89521,-2.43005
397.40000,5.39729,-0.89962,-2.43763
397.45000,5.39179,-0.90367,-2.46298
397.50100,5.38752,-0.90695,-2.51111
397.55200,5.38404,-0.90933,-2.57200
397.60100,5.38025,-0.91173,-2.62314
397.65100,5.37575,-0.91474,-2.64306
397.70000,5.37078,-0.91807,-2.63904
397.75100,5.36521,-0.92159,-2.61357
397.80100,5.35857,-0.92560,-2.57675
397.85200,5.35158,-0.93023,-2.53247
397.90000,5.34486,-0.93515,-2.48429
397.95000,5.33818,-0.94059,-2.43229
398.00000,5.33189,-0.94630,-2.37628
398.05100,5.32584,-0.95213,-2.32876
398.10200,5.32003,-0.95779,-2.30623
398.15100,5.31491,-0.96293,-2.31495
398.20100,5.31056,-0.96761,-2.34364
398.25100,5.30626,-0.97227,-2.38129
398.30000,5.30175,-0.97669,-2.43074
398.35100,5.29739,-0.98023,-2.49081
398.40200,5.29307,-0.98349,-2.54248
398.45100,5.28813,-0.98729,-2.56403
398.50100,5.28296,-0.99125,-2.56606
398.55000,5.27761,-0.99535,-2.55244
398.60000,5.27189,-0.99959,-2.51572
398.65100,5.26574,-1.00422,-2.46901
398.70000,5.25913,-1.00972,-2.41900
398.75100,5.25299,-1.01543,-2.36697
398.80100,5.24720,-1.02115,-2.31962
398.85000,5.24131,-1.02703,-2.29431
398.90100,5.23565,-1.03279,-2.29833
398.95000,5.23202,-1.03670,-2.33354
399.00100,5.22880,-1.03991,-2.38406
399.05000,5.22496,-1.04333,-2.44100
399.10000,5.22076,-1.04684,-2.48807
399.15000,5.21600,-1.05079,-2.50353
399.20200,5.21091,-1.05487,-2.49351
399.25000,5.20637,-1.05840,-2.46046
399.30000,5.20231,-1.06183,-2.41521
399.35100,5.19814,-1.06575,-2.36250
399.40100,5.19327,-1.07083,-2.30806
399.45200,5.18830,-1.07662,-2.25122
399.50200,5.18356,-1.08258,-2.20281
399.55000,5.17902,-1.08844,-2.18751
399.60000,5.17539,-1.09348,-2.20339
399.65000,5.17306,-1.09652,-2.24513
399.70100,5.16991,-1.10026,-2.29487
399.75000,5.16622,-1.10420,-2.35116
399.80000,5.16228,-1.10815,-2.39885
399.85100,5.15846,-1.11192,-2.42448
399.90000,5.15462,-1.11565,-2.42495
399.95200,5.15079,-1.11920,-2.39674
400.00100,5.14684,-1.12299,-2.35377
400.05100,5.14229,-1.12779,-2.30539
400.10000,5.13753,-1.13335,-2.25275
400.15100,5.13296,-1.13932,-2.19600
400.20000,5.12878,-1.14550,-2.13565
400.25000,5.12491,-1.15180,-2.08864
400.30100,5.12150,-1.15780,-2.07543
400.35200,5.11915,-1.16210,-2.09520
400.40000,5.11725,-1.16525,-2.13672
400.45000,5.11471,-1.16903,-2.18718
400.50100,5.11164,-1.17310,-2.24424
400.55000,5.10829,-1.17705,-2.30707
400.60100,5.10478,-1.18090,-2.36007
400.65100,5.10124,-1.18472,-2.38866
400.70000,5.09746,-1.18867,-2.38601
400.75100,5.09378,-1.19251,-2.37184
400.80100,5.08991,-1.19648,-2.34081
400.85100,5.08502,-1.20175,-2.29685
400.90100,5.07989,-1.20783,-2.24814
400.95000,5.07460,-1.21476,-2.19704
401.00000,5.06976,-1.22185,-2.14175
401.05000,5.06579,-1.22845,-2.08053
401.10100,5.06236,-1.23473,-2.02923
401.15100,5.05902,-1.24103,-2.01121
401.20100,5.05618,-1.24691,-2.01618
401.25200,5.05434,-1.25079,-2.05237
401.30200,5.05258,-1.25396,-2.10436
401.35000,5.05021,-1.25772,-2.15789
401.40000,5.04777,-1.26139,-2.20074
401.45100,5.04506,-1.26528,-2.22257
401.50000,5.04184,-1.26960,-2.21901
401.55100,5.03848,-1.27402,-2.19407
401.60000,5.03447,-1.27983,-2.15574
401.65100,5.03061,-1.28595,-2.10882
401.70000,5.02744,-1.29156,-2.05437
401.75200,5.02521,-1.29604,-2.01869
401.80100,5.02376,-1.29979,-2.01373
401.85100,5.02177,-1.30403,-2.03134
401.90000,5.01870,-1.30999,-2.06122
401.95100,5.01474,-1.31709,-2.09793
402.00000,5.01012,-1.32466,-2.13922
402.05100,5.00513,-1.33213,-2.18013
402.10100,4.99984,-1.33938,-2.22107
402.15100,4.99427,-1.34641,-2.26212
402.20100,4.98965,-1.35213,-2.30289
402.25000,4.98724,-1.35477,-2.33920
402.30100,4.98461,-1.35759,-2.36365
402.35000,4.98153,-1.36081,-2.36892
402.40100,4.97803,-1.36440,-2.36076
402.45000,4.97276,-1.36975,-2.33292
402.50000,4.96636,-1.37669,-2.29683
402.55100,4.95985,-1.38430,-2.26025
402.60100,4.95377,-1.39175,-2.23467
402.65000,4.94852,-1.39847,-2.23615
402.70000,4.94401,-1.40408,-2.26230
402.75000,4.93866,-1.41032,-2.29723
402.80000,4.93254,-1.41696,-2.33543
402.85100,4.92615,-1.42336,-2.37371
402.90100,4.91962,-1.42965,-2.40478
402.95000,4.91293,-1.43606,-2.42165
403.00000,4.90559,-1.44251,-2.42884
403.05000,4.89811,-1.44893,-2.43535
403.10000,4.89059,-1.45530,-2.44185
403.15000,4.88303,-1.46163,-2.44831
403.20000,4.87543,-1.46790,-2.45472
403.25000,4.86780,-1.47411,-2.46109
403.30000,4.86012,-1.48026,-2.46743
403.35000,4.85240,-1.48637,-2.47374
403.40000,4.84465,-1.49244,-2.48004
403.45000,4.83684,-1.49848,-2.48629
403.50100,4.82899,-1.50448,-2.49252
403.55100,4.82108,-1.51045,-2.49878
403.60000,4.81316,-1.51634,-2.50488
403.65000,4.80520,-1.52220,-2.51091
403.70000,4.79718,-1.52803,-2.51684
403.75000,4.78914,-1.53379,-2.52287
403.80100,4.78106,-1.53952,-2.52869
403.85000,4.77295,-1.54519,-2.53440
403.90000,4.76482,-1.55081,-2.54005
403.95100,4.75664,-1.55640,-2.54561
404.00100,4.74844,-1.56193,-2.55116
404.05000,4.74022,-1.56741,-2.55673
404.10100,4.73197,-1.57285,-2.56223
404.15000,4.72369,-1.57824,-2.56767
404.20200,4.71532,-1.58362,-2.57303
404.25000,4.70689,-1.58899,-2.57828
404.30100,4.69842,-1.59432,-2.58346
404.35000,4.68992,-1.59960,-2.58854
404.40000,4.68141,-1.60483,-2.59356
404.45000,4.67289,-1.61001,-2.59849
404.50000,4.66439,-1.61511,-2.60336
404.55000,4.65586,-1.62018,-2.60822
404.60000,4.64733,-1.62518,-2.61315
404.65100,4.63878,-1.63012,-2.61802
404.70000,4.63020,-1.63503,-2.62283
404.75000,4.62160,-1.63990,-2.62757
404.80200,4.61297,-1.64473,-2.63225
404.85000,4.60432,-1.64951,-2.63686
404.90100,4.59565,-1.65426,-2.64141
404.95100,4.58695,-1.65897,-2.64588
405.00000,4.57823,-1.66365,-2.65029
405.05000,4.56949,-1.66828,-2.65463
405.10200,4.56073,-1.67288,-2.65891
405.15000,4.55194,-1.67744,-2.66311
405.20100,4.54314,-1.68197,-2.66726
405.25100,4.53432,-1.68646,-2.67133
405.30000,4.52547,-1.69091,-2.67535
405.35000,4.51661,-1.69535,-2.67910
405.40100,4.50773,-1.69976,-2.68283
405.45000,4.49882,-1.70414,-2.68666
405.50200,4.48991,-1.70848,-2.69035
405.55000,4.48098,-1.71279,-2.69396
405.60000,4.47203,-1.71706,-2.69749
405.65200,4.46308,-1.72130,-2.70095
405.70100,4.45410,-1.72552,-2.70448
405.75000,4.44511,-1.72970,-2.70795
405.80100,4.43609,-1.73386,-2.71132
405.85200,4.42706,-1.73799,-2.71462
405.90100,4.41802,-1.74208,-2.71785
405.95200,4.40895,-1.74615,-2.72102
406.00000,4.39988,-1.75020,-2.72414
406.05100,4.39079,-1.75421,-2.72720
406.10100,4.38168,-1.75820,-2.73020
406.15100,4.37256,-1.76217,-2.73320
406.20000,4.36343,-1.76610,-2.73616
406.25000,4.35429,-1.77001,-2.73892
406.30100,4.34514,-1.77390,-2.74174
406.35200,4.33592,-1.77778,-2.74476
406.40200,4.32670,-1.78163,-2.74772
406.45100,4.31746,-1.78545,-2.75060
406.50000,4.30821,-1.78925,-2.75342
406.55100,4.29894,-1.79302,-2.75617
406.60100,4.28967,-1.79677,-2.75885
406.65100,4.28039,-1.80049,-2.76146
406.70100,4.27110,-1.80419,-2.76401
406.75000,4.26180,-1.80787,-2.76649
406.80000,4.25248,-1.81153,-2.76413
406.85200,4.24489,-1.81446,-2.75572
406.90000,4.23715,-1.81760,-2.74600
406.95100,4.23054,-1.82041,-2.71469
407.00000,4.22364,-1.82371,-2.67362
407.05100,4.21590,-1.82781,-2.62954
407.10000,4.20766,-1.83268,-2.58391
407.15200,4.19996,-1.83774,-2.53442
407.20000,4.19285,-1.84269,-2.48999
407.25100,4.18565,-1.84776,-2.46212
407.30100,4.17821,-1.85314,-2.45237
407.35100,4.17060,-1.85912,-2.45316
407.40100,4.16395,-1.86463,-2.44257
407.45100,4.15853,-1.86927,-2.41146
407.50200,4.15274,-1.87464,-2.37340
407.55100,4.14705,-1.88015,-2.33827
407.60000,4.14127,-1.88579,-2.31641
407.65000,4.13544,-1.89148,-2.30002
407.70000,4.13275,-1.89432,-2.29226
407.75200,4.13245,-1.89465,-2.29842
407.80100,4.13221,-1.89492,-2.30580
407.85000,4.13192,-1.89524,-2.31337
407.90100,4.13163,-1.89556,-2.32103
407.95000,4.13133,-1.89588,-2.32878
408.00100,4.13103,-1.89619,-2.33661
408.05100,4.13072,-1.89651,-2.34453
408.10200,4.13042,-1.89682,-2.35251
408.15100,4.13010,-1.89713,-2.36057
408.20000,4.12979,-1.89744,-2.36869
408.25000,4.12947,-1.89775,-2.37687
408.30000,4.12915,-1.89806,-2.38511
408.35100,4.12882,-1.89836,-2.39340
408.40000,4.12849,-1.89866,-2.40173
408.45000,4.12816,-1.89896,-2.41011
408.50200,4.12783,-1.89926,-2.41852
408.55000,4.12581,-1.90120,-2.42656
408.60000,4.11911,-1.90715,-2.43438
408.65000,4.11253,-1.91278,-2.42827
408.70100,4.10733,-1.91730,-2.41237
408.75100,4.10223,-1.92188,-2.39740
408.80200,4.09811,-1.92567,-2.38202
408.85000,4.09611,-1.92754,-2.38038
408.90000,4.09590,-1.92773,-2.38916
408.95200,4.09574,-1.92788,-2.39848
409.00100,4.09557,-1.92804,-2.40772
409.05100,4.09542,-1.92817,-2.41705
409.10000,4.09540,-1.92819,-2.42663
409.15200,4.09542,-1.92818,-2.43650
409.20200,4.09544,-1.92817,-2.44639
409.25000,4.09479,-1.92871,-2.44366
409.30000,4.09297,-1.93029,-2.44130
409.35000,4.09240,-1.93077,-2.44812
409.40000,4.09223,-1.93090,-2.45689
409.45200,4.09211,-1.93100,-2.46576
409.50100,4.09193,-1.93115,-2.47465
409.55000,4.09000,-1.93301,-2.48399
409.60000,4.08284,-1.93860,-2.49256
409.65000,4.07525,-1.94435,-2.49043
409.70200,4.06847,-1.94959,-2.46778
409.75000,4.06161,-1.95525,-2.43416
409.80200,4.05421,-1.96182,-2.39675
409.85100,4.04744,-1.96824,-2.36627
409.90100,4.04260,-1.97302,-2.34724
409.95000,4.03977,-1.97590,-2.34193
410.00000,4.03913,-1.97655,-2.34962
410.05100,4.03903,-1.97664,-2.36077
410.10000,4.03888,-1.97679,-2.37183
410.15100,4.03873,-1.97693,-2.38292
410.20300,4.03858,-1.97707,-2.39405
410.25100,4.03843,-1.97721,-2.40522
410.30000,4.03827,-1.97735,-2.41641
410.35000,4.03812,-1.97748,-2.42762
410.40200,4.03796,-1.97762,-2.43886
410.45000,4.03781,-1.97775,-2.45011
410.50100,4.03765,-1.97788,-2.46136
410.55000,4.03749,-1.97801,-2.47263
410.60000,4.03733,-1.97813,-2.48389
410.65200,4.03716,-1.97826,-2.49515
410.70000,4.03700,-1.97838,-2.50640
410.75000,4.03677,-1.97854,-2.51005
410.80200,4.03370,-1.98083,-2.49839
410.85100,4.02903,-1.98433,-2.48440
410.90000,4.02626,-1.98639,-2.48170
410.95000,4.02520,-1.98721,-2.48802
411.00100,4.02497,-1.98738,-2.49880
411.05100,4.02482,-1.98749,-2.51003
411.10000,4.02419,-1.98795,-2.50927
411.15000,4.02220,-1.98938,-2.50728
411.20100,4.02096,-1.99027,-2.50568
411.25100,4.01732,-1.99300,-2.49047
411.30000,4.01235,-1.99678,-2.47442
411.35000,4.00816,-2.00003,-2.46463
411.40100,4.00695,-2.00097,-2.47014
411.45000,4.00671,-2.00116,-2.48106
411.50100,4.00656,-2.00128,-2.49254
411.55100,4.00641,-2.00139,-2.50403
411.60200,4.00626,-2.00150,-2.51553
411.65000,4.00610,-2.00161,-2.52704
411.70100,4.00595,-2.00172,-2.53854
411.75000,4.00522,-2.00222,-2.53789
411.80000,4.00146,-2.00485,-2.52319
411.85200,3.99583,-2.00896,-2.49879
411.90100,3.98978,-2.01352,-2.47889
411.95000,3.98631,-2.01620,-2.47362
412.00000,3.98486,-2.01734,-2.47855
412.05000,3.98460,-2.01754,-2.48990
412.10000,3.98445,-2.01765,-2.50197
412.15100,3.98430,-2.01777,-2.51406
412.20000,3.98414,-2.01788,-2.52615
412.25100,3.98399,-2.01798,-2.53825
412.30100,3.98383,-2.01809,-2.55035
412.35100,3.98368,-2.01819,-2.56244
412.40000,3.98352,-2.01829,-2.57452
412.45000,3.98334,-2.01840,-2.57931
412.50000,3.98219,-2.01933,-2.58079
412.55000,3.98156,-2.01973,-2.58293
412.60100,3.97866,-2.02158,-2.57200
412.65000,3.97298,-2.02532,-2.54774
412.70100,3.96599,-2.03019,-2.51625
412.75300,3.95863,-2.03549,-2.48886
412.80100,3.95289,-2.03983,-2.47236
412.85000,3.95069,-2.04151,-2.47370
412.90000,3.95056,-2.04162,-2.48620
412.95300,3.95042,-2.04172,-2.49896
413.00100,3.95028,-2.04183,-2.51172
413.05000,3.95014,-2.04193,-2.52451
413.10000,3.94999,-2.04203,-2.53731
413.15000,3.94985,-2.04213,-2.55012
413.20000,3.94970,-2.04223,-2.56294
413.25100,3.94956,-2.04232,-2.57576
413.30200,3.94941,-2.04242,-2.58857
413.35000,3.94926,-2.04251,-2.60138
413.40000,3.94889,-2.04274,-2.60257
413.45100,3.94543,-2.04486,-2.59005
413.50200,3.93961,-2.04853,-2.56614
413.55000,3.93310,-2.05275,-2.54502
413.60000,3.92857,-2.05572,-2.53608
413.65000,3.92639,-2.05722,-2.53904
413.70000,3.92527,-2.05798,-2.54768
413.75100,3.92505,-2.05813,-2.56080
413.80000,3.92491,-2.05822,-2.57442
413.85000,3.92476,-2.05831,-2.58804
413.90000,3.92462,-2.05840,-2.60164
413.95100,3.92447,-2.05848,-2.61524
414.00000,3.92433,-2.05857,-2.62881
414.05000,3.92366,-2.05896,-2.62930
414.10000,3.92000,-2.06107,-2.61630
414.15000,3.91403,-2.06462,-2.59260
414.20100,3.90744,-2.06869,-2.57526
414.25100,3.90277,-2.07161,-2.56762
414.30000,3.90152,-2.07234,-2.57587
414.35000,3.90138,-2.07242,-2.58980
414.40000,3.90124,-2.07251,-2.60385
414.45000,3.90110,-2.07259,-2.61789
414.50100,3.90096,-2.07267,-2.63192
414.55000,3.90081,-2.07275,-2.64592
414.60000,3.90067,-2.07283,-2.65990
414.65100,3.89997,-2.07322,-2.66047
414.70000,3.89640,-2.07515,-2.64799
414.75100,3.89031,-2.07852,-2.62446
414.80100,3.88352,-2.08236,-2.60347
414.85100,3.87761,-2.08585,-2.59021
414.90200,3.87451,-2.08767,-2.59037
414.95200,3.87360,-2.08822,-2.60140
415.00000,3.87343,-2.08832,-2.61617
415.05000,3.87328,-2.08841,-2.63115
415.10000,3.87314,-2.08848,-2.64611
415.15100,3.87299,-2.08856,-2.66104
415.20000,3.87285,-2.08864,-2.67594
415.25000,3.87270,-2.08871,-2.69079
415.30200,3.87246,-2.08883,-2.69769
415.35100,3.86943,-2.09032,-2.68879
415.40100,3.86326,-2.09341,-2.66583
415.45000,3.85571,-2.09745,-2.63583
415.50100,3.84789,-2.10184,-2.61075
415.55100,3.84223,-2.10516,-2.59765
415.60100,3.83953,-2.10670,-2.60068
415.65000,3.83954,-2.10668,-2.61699
415.70000,3.83961,-2.10663,-2.63372
415.75300,3.83964,-2.10661,-2.65033
415.80000,3.83968,-2.10659,-2.66684
415.85000,3.83967,-2.10659,-2.68303
415.90000,3.83961,-2.10661,-2.69952
415.95100,3.83965,-2.10659,-2.71639
416.00000,3.83990,-2.10648,-2.73366
416.05200,3.83959,-2.10667,-2.73775
416.10000,3.83646,-2.10812,-2.72755
416.15000,3.83029,-2.11093,-2.70525
416.20000,3.82256,-2.11465,-2.67387
416.25000,3.81510,-2.11853,-2.64508
416.30100,3.80864,-2.12194,-2.62791
416.35000,3.80504,-2.12392,-2.62777
416.40000,3.80233,-2.12544,-2.63355
416.45100,3.80039,-2.12651,-2.64422
416.50100,3.79925,-2.12711,-2.65971
416.55200,3.79914,-2.12717,-2.67845
416.60100,3.79922,-2.12719,-2.69742
416.65100,3.79914,-2.12723,-2.71525
416.70000,3.79921,-2.12721,-2.73321
416.75100,3.79923,-2.12720,-2.75074
416.80000,3.79879,-2.12737,-2.76885
416.85000,3.79849,-2.12734,-2.77876
416.90000,3.79601,-2.12835,-2.77343
416.95000,3.78996,-2.13079,-2.75285
417.00000,3.78207,-2.13414,-2.72239
417.05200,3.77394,-2.13779,-2.69567
417.10100,3.76722,-2.14100,-2.67930
417.15000,3.76320,-2.14292,-2.67824
417.20000,3.76271,-2.14309,-2.69402
417.25100,3.76272,-2.14309,-2.71233
417.30100,3.76258,-2.14316,-2.73002
417.35000,3.76266,-2.14314,-2.74881
417.40100,3.76263,-2.14315,-2.76682
417.45000,3.76273,-2.14311,-2.78517
417.50100,3.76257,-2.14315,-2.80353
417.55000,3.76274,-2.14310,-2.82208
417.60000,3.76237,-2.14328,-2.82726
417.65100,3.75897,-2.14452,-2.81783
417.70100,3.75230,-2.14685,-2.79537
417.75100,3.74399,-2.14997,-2.76475
417.80000,3.73570,-2.15324,-2.73744
417.85100,3.72843,-2.15629,-2.71947
417.90000,3.72380,-2.15829,-2.71658
417.95100,3.72274,-2.15866,-2.73077
418.00100,3.72272,-2.15867,-2.74998
418.05100,3.72268,-2.15870,-2.76947
418.10000,3.72269,-2.15872,-2.78950
418.15300,3.72275,-2.15871,-2.80886
418.20000,3.72278,-2.15871,-2.82819
418.25100,3.72286,-2.15870,-2.84781
418.30100,3.72270,-2.15877,-2.86713
418.35000,3.72247,-2.15887,-2.87509
418.40000,3.71946,-2.15989,-2.86837
418.45100,3.71312,-2.16173,-2.84756
418.50100,3.70519,-2.16427,-2.81863
418.55000,3.69710,-2.16699,-2.79217
418.60100,3.69044,-2.16925,-2.77875
418.65000,3.68698,-2.17043,-2.78276
418.70100,3.68467,-2.17128,-2.79410
418.75000,3.68317,-2.17180,-2.81004
418.80200,3.68266,-2.17197,-2.82985
418.85000,3.68284,-2.17193,-2.84970
418.90100,3.68277,-2.17200,-2.86982
418.95000,3.68282,-2.17201,-2.88956
419.00000,3.68291,-2.17198,-2.90872
419.05000,3.68268,-2.17218,-2.91577
419.10000,3.67902,-2.17318,-2.90634
419.15100,3.67245,-2.17483,-2.88516
419.20300,3.66385,-2.17722,-2.85520
419.25100,3.65497,-2.17971,-2.82830
419.30000,3.64796,-2.18183,-2.81564
419.35000,3.64366,-2.18312,-2.81611
419.40000,3.64304,-2.18324,-2.83281
419.45000,3.64322,-2.18319,-2.85313
419.50100,3.64336,-2.18316,-2.87325
419.55000,3.64336,-2.18316,-2.89268
419.60100,3.64347,-2.18313,-2.91247
419.65000,3.64366,-2.18310,-2.93263
419.70000,3.64373,-2.18309,-2.95193
419.75100,3.64362,-2.18316,-2.96047
419.80000,3.64084,-2.18388,-2.95484
419.85000,3.63431,-2.18527,-2.93441
419.90000,3.62587,-2.18716,-2.90602
419.95000,3.61636,-2.18961,-2.87306
420.00100,3.60684,-2.19227,-2.84635
420.05100,3.59857,-2.19465,-2.83008
420.10100,3.59218,-2.19659,-2.82263
420.15100,3.58683,-2.19824,-2.82007
420.20100,3.58354,-2.19926,-2.82686
420.25100,3.58156,-2.19989,-2.83958
420.30100,3.58064,-2.20016,-2.85695
420.35100,3.58052,-2.20019,-2.87766
420.40100,3.58049,-2.20020,-2.89874
420.45100,3.58036,-2.20023,-2.91930
420.50100,3.58023,-2.20026,-2.93974
420.55100,3.58010,-2.20029,-2.96006
420.60100,3.57996,-2.20031,-2.98026
420.65200,3.57983,-2.20033,-3.00032
420.70100,3.57969,-2.20035,-3.02024
420.75000,3.57944,-2.20044,-3.02766
420.80000,3.57612,-2.20095,-3.02163
420.85000,3.56936,-2.20185,-3.00191
420.90200,3.56065,-2.20319,-2.97421
420.95100,3.55089,-2.20501,-2.94210
421.00000,3.54118,-2.20690,-2.91482
421.05100,3.53197,-2.20859,-2.89582
421.10000,3.52504,-2.20978,-2.88780
421.15000,3.52060,-2.21046,-2.89089
421.20000,3.51729,-2.21105,-2.89927
421.25000,3.51515,-2.21154,-2.91273
421.30000,3.51415,-2.21175,-2.93104
421.35100,3.51399,-2.21178,-2.95277
421.40100,3.51385,-2.21180,-2.97459
421.45000,3.51372,-2.21183,-2.99627
421.50000,3.51359,-2.21184,-3.01780
421.55100,3.51346,-2.21186,-3.03919
421.60000,3.51332,-2.21187,-3.06041
421.65100,3.51318,-2.21188,-3.08147
421.70100,3.51305,-2.21189,-3.10236
421.75000,3.51289,-2.21190,-3.11690
421.80000,3.51104,-2.21200,-3.11805
421.85100,3.50701,-2.21218,-3.10998
421.90100,3.49968,-2.21256,-3.08861
421.95000,3.48999,-2.21323,-3.05754
422.00100,3.47999,-2.21423,-3.02547
422.05200,3.47029,-2.21533,-3.00331
422.10000,3.46225,-2.21611,-2.99072
422.15000,3.45533,-2.21668,-2.98300
422.20200,3.44884,-2.21717,-2.97796
422.25100,3.44371,-2.21741,-2.97926
422.30100,3.43872,-2.21763,-2.98119
422.35100,3.43407,-2.21782,-2.98500
422.40000,3.43047,-2.21796,-2.99357
422.45000,3.42795,-2.21807,-3.00674
422.50100,3.42652,-2.21816,-3.02447
422.55100,3.42614,-2.21819,-3.04639
422.60000,3.42601,-2.21820,-3.06927
422.65000,3.42588,-2.21821,-3.09199
422.70000,3.42574,-2.21821,-3.11452
422.75000,3.42577,-2.21821,-3.13748
422.80000,3.42564,-2.21821,3.12357
422.85000,3.42550,-2.21821,3.10164
422.90100,3.42537,-2.21820,3.08446
422.95000,3.42398,-2.21791,3.07920
423.00000,3.42097,-2.21758,3.08166
423.05100,3.41678,-2.21718,3.08947
423.10000,3.41111,-2.21668,3.10370
423.15000,3.40227,-2.21644,3.13205
423.20200,3.39227,-2.21650,-3.11950
423.25100,3.38252,-2.21677,-3.09394
423.30100,3.37465,-2.21682,-3.08163
423.35100,3.36913,-2.21669,-3.07997
423.40000,3.36654,-2.21664,-3.09062
423.45000,3.36660,-2.21662,-3.11206
423.50000,3.36687,-2.21662,-3.13432
423.55400,3.36695,-2.21662,3.12746
423.60000,3.36710,-2.21662,3.10581
423.65100,3.36752,-2.21664,3.08323
423.70000,3.36794,-2.21667,3.06085
423.75200,3.36836,-2.21671,3.03872
423.80200,3.36825,-2.21662,3.02770
423.85100,3.36521,-2.21611,3.03176
423.90000,3.35874,-2.21543,3.05058
423.95000,3.35132,-2.21479,3.07798
424.00100,3.34250,-2.21435,3.11176
424.05000,3.33351,-2.21422,3.13839
424.10000,3.32522,-2.21423,-3.12748
424.15000,3.31795,-2.21424,-3.11621
424.20000,3.31168,-2.21427,-3.11082
424.25000,3.30642,-2.21430,-3.11120
424.30000,3.30227,-2.21432,-3.11730
424.35000,3.29996,-2.21432,-3.13232
424.40100,3.29967,-2.21432,3.12942
424.45000,3.29975,-2.21432,3.10645
424.50100,3.30009,-2.21433,3.08300
424.55100,3.30054,-2.21436,3.05934
424.60000,3.30099,-2.21440,3.03593
424.65100,3.30142,-2.21445,3.01280
424.70100,3.30185,-2.21451,2.98993
424.75000,3.30227,-2.21458,2.96734
424.80100,3.30172,-2.21446,2.95943
424.85100,3.29781,-2.21366,2.96651
424.90000,3.29166,-2.21259,2.98502
424.95100,3.28427,-2.21151,3.01108
425.00100,3.27545,-2.21047,3.04471
425.05000,3.26667,-2.20984,3.06672
425.10000,3.26036,-2.20973,3.07236
425.15000,3.25645,-2.20979,3.06745
425.20100,3.25457,-2.20982,3.05422
425.25100,3.25435,-2.20984,3.03424
425.30100,3.25468,-2.20985,3.01184
425.35100,3.25473,-2.20986,2.99085
425.40100,3.25495,-2.20986,2.96894
425.45000,3.25513,-2.20987,2.94666
425.50000,3.25507,-2.20985,2.92444
425.55000,3.25501,-2.20968,2.91308
425.60100,3.25122,-2.20867,2.92040
425.65100,3.24424,-2.20717,2.94084
425.70000,3.23555,-2.20553,2.96875
425.75000,3.22706,-2.20420,2.98915
425.80200,3.22100,-2.20364,2.99550
425.85000,3.21707,-2.20339,2.99212
425.90000,3.21517,-2.20328,2.98037
425.95000,3.21533,-2.20332,2.96017
426.00000,3.21550,-2.20333,2.94004
426.05200,3.21577,-2.20338,2.91945
426.10000,3.21609,-2.20344,2.89918
426.15000,3.21634,-2.20348,2.87945
426.20100,3.21592,-2.20335,2.87346
426.25000,3.21210,-2.20226,2.88155
426.30000,3.20558,-2.20057,2.90210
426.35000,3.19787,-2.19880,2.93194
426.40100,3.18974,-2.19727,2.95348
426.45200,3.18376,-2.19634,2.96079
426.50000,3.18044,-2.19599,2.95651
426.55000,3.17935,-2.19591,2.94281
426.60100,3.17957,-2.19596,2.92364
426.65100,3.17986,-2.19601,2.90415
426.70200,3.18015,-2.19608,2.88470
426.75100,3.18044,-2.19613,2.86547
426.80000,3.18074,-2.19621,2.84662
426.85000,3.18016,-2.19600,2.84211
426.90000,3.17593,-2.19465,2.85231
426.95100,3.16908,-2.19268,2.87435
427.00200,3.16049,-2.19044,2.90290
427.05000,3.15212,-2.18868,2.92392
427.10100,3.14631,-2.18767,2.93138
427.15100,3.14207,-2.18715,2.93162
427.20000,3.13786,-2.18663,2.93169
427.25000,3.13364,-2.18612,2.93175
427.30100,3.12943,-2.18560,2.93181
427.35000,3.12522,-2.18508,2.93186
427.40100,3.12100,-2.18456,2.93192
427.45300,3.11835,-2.18442,2.92413
427.50100,3.11806,-2.18456,2.90652
427.55100,3.11842,-2.18465,2.88613
427.60100,3.11878,-2.18475,2.86569
427.65000,3.11913,-2.18485,2.84547
427.70000,3.11948,-2.18496,2.82551
427.75100,3.11981,-2.18508,2.80580
427.80000,3.12014,-2.18520,2.78634
427.85100,3.12046,-2.18532,2.76714
427.90200,3.12033,-2.18513,2.75886
427.95000,3.11686,-2.18362,2.76512
428.00000,3.11032,-2.18107,2.78449
428.05000,3.10209,-2.17810,2.81123
428.10000,3.09265,-2.17502,2.84287
428.15000,3.08378,-2.17254,2.86272
428.20100,3.07758,-2.17092,2.87152
428.25100,3.07485,-2.17028,2.86621
428.30000,3.07494,-2.17033,2.84894
428.35000,3.07523,-2.17041,2.83058
428.40100,3.07550,-2.17049,2.81245
428.45000,3.07580,-2.17059,2.79466
428.50100,3.07606,-2.17068,2.77695
428.55200,3.07634,-2.17079,2.75959
428.60000,3.07661,-2.17090,2.74248
428.65000,3.07688,-2.17100,2.72543
428.70100,3.07628,-2.17070,2.72161
428.75000,3.07250,-2.16889,2.73025
428.80100,3.06579,-2.16602,2.75136
428.85000,3.05759,-2.16276,2.77929
428.90000,3.04914,-2.15971,2.79934
428.95100,3.04299,-2.15761,2.80998
429.00100,3.03922,-2.15646,2.81106
429.05000,3.03801,-2.15609,2.80081
429.10000,3.03827,-2.15618,2.78432
429.15000,3.03853,-2.15628,2.76786
429.20100,3.03878,-2.15636,2.75145
429.25100,3.03900,-2.15645,2.73513
429.30100,3.03922,-2.15653,2.71900
429.35000,3.03944,-2.15663,2.70310
429.40000,3.03966,-2.15674,2.68748
429.45100,3.03973,-2.15668,2.67850
429.50000,3.03773,-2.15560,2.68017
429.55100,3.03320,-2.15314,2.69313
429.60100,3.02833,-2.15047,2.70807
429.65000,3.02327,-2.14764,2.72380
429.70000,3.01652,-2.14468,2.73610
429.75000,3.01054,-2.14262,2.73500
429.80000,3.00994,-2.14245,2.72519
429.85000,3.01012,-2.14251,2.71208
429.90100,3.01029,-2.14258,2.69918
429.95000,3.01045,-2.14266,2.68634
430.00100,3.00849,-2.14109,2.67363
430.05000,3.00132,-2.13694,2.66150
430.10100,2.99275,-2.13248,2.66048
430.15000,2.98399,-2.12800,2.67794
430.20000,2.97668,-2.12462,2.69191
430.25000,2.96883,-2.12080,2.68509
430.30000,2.96015,-2.11648,2.67314
430.35000,2.95152,-2.11205,2.66120
430.40100,2.94295,-2.10751,2.64936
430.45200,2.93442,-2.10287,2.63762
430.50000,2.92593,-2.09813,2.62592
430.55000,2.91750,-2.09328,2.61432
430.60300,2.90912,-2.08834,2.60284
430.65100,2.90080,-2.08330,2.59148
430.70000,2.89253,-2.07816,2.58024
430.75000,2.88432,-2.07293,2.56912
430.80000,2.87617,-2.06762,2.55802
430.85100,2.86808,-2.06222,2.54705
430.90000,2.86005,-2.05673,2.53621
430.95100,2.85207,-2.05115,2.52551
431.00000,2.84415,-2.04548,2.51496
431.05200,2.83629,-2.03973,2.50455
431.10200,2.82848,-2.03389,2.49430
431.15100,2.82073,-2.02797,2.48420
431.20000,2.81303,-2.02197,2.47427
431.25100,2.80539,-2.01590,2.46449
431.30100,2.79781,-2.00975,2.45488
431.35000,2.79028,-2.00352,2.44544
431.40000,2.78281,-1.99722,2.43618
431.45000,2.77540,-1.99085,2.42708
431.50100,2.76804,-1.98441,2.41817
431.55100,2.76073,-1.97791,2.40943
431.60000,2.75348,-1.97134,2.40087
431.65200,2.74628,-1.96470,2.39250
431.70000,2.73913,-1.95801,2.38431
431.75000,2.73204,-1.95125,2.37631
431.80200,2.72499,-1.94443,2.36849
431.85000,2.71799,-1.93756,2.36086
431.90200,2.71105,-1.93062,2.35342
431.95100,2.70415,-1.92364,2.34616
432.00100,2.69729,-1.91660,2.33910
432.05000,2.69042,-1.90945,2.33261
432.10000,2.68365,-1.90228,2.32621
432.15200,2.67694,-1.89508,2.31987
432.20100,2.67026,-1.88784,2.31372
432.25100,2.66364,-1.88055,2.30776
432.30000,2.65704,-1.87322,2.30198
432.35000,2.65049,-1.86585,2.29640
432.40000,2.64397,-1.85844,2.29100
432.45100,2.63749,-1.85099,2.28580
432.50100,2.63105,-1.84351,2.28078
432.55000,2.62464,-1.83599,2.27595
432.60000,2.61826,-1.82843,2.27131
432.65000,2.61192,-1.82085,2.26685
432.70000,2.60560,-1.81323,2.26258
432.75000,2.59931,-1.80558,2.25849
432.80000,2.59305,-1.79791,2.25460
432.85100,2.58682,-1.79020,2.25089
432.90000,2.58061,-1.78248,2.24736
432.95200,2.57442,-1.77472,2.24405
433.00100,2.56824,-1.76694,2.24115
433.05100,2.56208,-1.75915,2.23818
433.10000,2.55594,-1.75133,2.23543
433.15000,2.54981,-1.74349,2.23280
433.20100,2.54370,-1.73563,2.23040
433.25000,2.53762,-1.72776,2.22812
433.30000,2.53155,-1.71987,2.22601
433.35000,2.52549,-1.71197,2.22405
433.40100,2.51944,-1.70405,2.22221
433.45100,2.51340,-1.69612,2.22066
433.50100,2.50736,-1.68817,2.21932
433.55000,2.50134,-1.68021,2.21811
433.60000,2.49533,-1.67225,2.21696
433.65000,2.48931,-1.66426,2.21591
433.70000,2.48330,-1.65627,2.21503
433.75000,2.47730,-1.64827,2.21433
433.80100,2.47130,-1.64027,2.21381
433.85200,2.46530,-1.63226,2.21347
433.90100,2.45931,-1.62426,2.21329
433.95100,2.45332,-1.61625,2.21328
434.00000,2.44733,-1.60825,2.21343
434.05000,2.44133,-1.60024,2.21375
434.10100,2.43533,-1.59224,2.21422
434.15200,2.42933,-1.58424,2.21485
434.20000,2.42332,-1.57625,2.21563
434.25000,2.41731,-1.56826,2.21656
434.30100,2.41129,-1.56028,2.21763
434.35000,2.40526,-1.55230,2.21885
434.40000,2.39922,-1.54433,2.22021
434.45000,2.39316,-1.53637,2.22170
434.50000,2.38710,-1.52842,2.22332
434.55100,2.38102,-1.52048,2.22507
434.60100,2.37492,-1.51255,2.22695
434.65000,2.36881,-1.50462,2.22872
434.70100,2.36266,-1.49668,2.23058
434.75100,2.35652,-1.48878,2.23258
434.80000,2.35034,-1.48087,2.23466
434.85000,2.34415,-1.47297,2.23677
434.90000,2.33795,-1.46509,2.23893
434.95000,2.33174,-1.45724,2.24114
435.00000,2.32549,-1.44936,2.24359
435.05100,2.31923,-1.44149,2.24616
435.10100,2.31294,-1.43364,2.24882
435.15000,2.30664,-1.42579,2.25158
435.20000,2.30030,-1.41797,2.25442
435.25100,2.29395,-1.41016,2.25735
435.30200,2.28756,-1.40237,2.26036
435.35100,2.28116,-1.39460,2.26345
435.40200,2.27473,-1.38685,2.26661
435.45100,2.26827,-1.37911,2.26985
435.50000,2.26179,-1.37140,2.27317
435.55000,2.25528,-1.36370,2.27656
435.60100,2.24875,-1.35607,2.28093
435.65100,2.24221,-1.34849,2.28523
435.70000,2.23563,-1.34093,2.28959
435.75200,2.22901,-1.33340,2.29399
435.80000,2.22236,-1.32590,2.29846
435.85100,2.21568,-1.31843,2.30298
435.90000,2.20892,-1.31092,2.30800
435.95000,2.20211,-1.30343,2.31308
436.00000,2.19526,-1.29598,2.31823
436.05000,2.18837,-1.28856,2.32342
436.10000,2.18144,-1.28117,2.32867
436.15000,2.17447,-1.27382,2.33396
436.20000,2.16777,-1.26691,2.35012
436.25000,2.16219,-1.26144,2.38494
436.30000,2.15680,-1.25657,2.43094
436.35000,2.15033,-1.25128,2.47969
436.40100,2.14327,-1.24606,2.53163
436.45200,2.13553,-1.24096,2.58512
436.50200,2.12720,-1.23609,2.63956
436.55000,2.11832,-1.23153,2.69427
436.60100,2.10955,-1.22748,2.73293
436.65000,2.10244,-1.22458,2.76146
436.70200,2.09685,-1.22250,2.78738
436.75100,2.09056,-1.22029,2.81263
436.80100,2.08466,-1.21839,2.85159
436.85100,2.07739,-1.21639,2.89534
436.90100,2.06979,-1.21468,2.92574
436.95100,2.06093,-1.21275,2.93396
437.00000,2.05107,-1.21069,2.93691
437.05000,2.04122,-1.20866,2.93947
437.10000,2.03137,-1.20665,2.94176
437.15200,2.02154,-1.20467,2.94370
437.20100,2.01172,-1.20271,2.94542
437.25100,2.00189,-1.20076,2.94699
437.30100,1.99218,-1.19891,2.94811
437.35000,1.98675,-1.19824,2.95528
437.40000,1.98355,-1.19781,2.96639
437.45000,1.98316,-1.19777,2.96850
437.50000,1.98301,-1.19775,2.96950
437.55000,1.98289,-1.19773,2.97020
437.60100,1.98276,-1.19771,2.97068
437.65000,1.98263,-1.19767,2.97623
437.70000,1.98191,-1.19753,2.98214
437.75100,1.98162,-1.19750,2.98193
437.80200,1.98149,-1.19747,2.98625
437.85100,1.98080,-1.19734,2.99179
437.90000,1.98054,-1.19732,2.99224
437.95000,1.98041,-1.19730,2.99281
438.00200,1.98027,-1.19728,2.99317
438.05100,1.98014,-1.19726,2.99331
438.10000,1.98001,-1.19724,2.99326
438.15000,1.97987,-1.19722,2.99299
438.20000,1.97974,-1.19720,2.99253
438.25100,1.97960,-1.19718,2.99188
438.30100,1.97947,-1.19716,2.99103
438.35200,1.97934,-1.19714,2.99001
438.40000,1.97920,-1.19712,2.98880
438.45000,1.97907,-1.19710,2.98742
438.50100,1.97893,-1.19708,2.98586
438.55100,1.97880,-1.19705,2.98414
438.60000,1.97866,-1.19703,2.98227
438.65000,1.97853,-1.19701,2.98023
438.70000,1.97839,-1.19699,2.97804
438.75000,1.97826,-1.19697,2.97570
438.80100,1.97812,-1.19694,2.97322
438.85000,1.97799,-1.19692,2.97060
438.90100,1.97785,-1.19688,2.97401
438.95000,1.97691,-1.19669,2.97805
439.00000,1.97661,-1.19665,2.97539
439.05000,1.97624,-1.19660,2.98426
439.10100,1.97478,-1.19636,2.99091
439.15000,1.97356,-1.19627,2.99384
439.20000,1.97209,-1.19612,2.99719
439.25000,1.97180,-1.19610,2.99515
439.30200,1.97167,-1.19608,2.99318
439.35200,1.97154,-1.19606,2.99106
439.40100,1.97141,-1.19604,2.98877
439.45100,1.97128,-1.19602,2.98634
439.50000,1.97115,-1.19600,2.98375
439.55000,1.97102,-1.19598,2.98102
439.60100,1.97089,-1.19596,2.97815
439.65100,1.97075,-1.19593,2.97516
439.70100,1.97060,-1.19589,2.97562
439.75000,1.97030,-1.19581,2.98378
439.80300,1.96842,-1.19540,2.99203
439.85000,1.96764,-1.19535,2.99178
439.90100,1.96752,-1.19533,2.98946
439.95000,1.96736,-1.19531,2.98716
440.00000,1.96720,-1.19528,2.98486
440.05000,1.96703,-1.19526,2.98256
440.10100,1.96687,-1.19521,2.98475
440.15100,1.96491,-1.19469,3.00051
440.20000,1.96068,-1.19422,3.01454
440.25000,1.95942,-1.19416,3.01638
440.30000,1.95929,-1.19414,3.01393
440.35000,1.95915,-1.19412,3.01124
440.40300,1.95901,-1.19411,3.00840
440.45000,1.95887,-1.19409,3.00541
440.50000,1.95873,-1.19407,3.00229
440.55100,1.95859,-1.19405,2.99902
440.60000,1.95845,-1.19403,2.99562
440.65000,1.95831,-1.19401,2.99209
440.70100,1.95817,-1.19399,2.98844
440.75100,1.95803,-1.19396,2.98467
440.80100,1.95789,-1.19394,2.98078
440.85100,1.95775,-1.19392,2.97678
440.90000,1.95761,-1.19389,2.97267
440.95100,1.95747,-1.19387,2.96846
441.00000,1.95733,-1.19383,2.97038
441.05100,1.95621,-1.19362,2.98040
441.10100,1.95347,-1.19311,2.98893
441.15000,1.95258,-1.19305,2.98814
441.20100,1.95246,-1.19304,2.98490
441.25100,1.95233,-1.19302,2.98133
441.30200,1.95219,-1.19299,2.97743
441.35100,1.95206,-1.19297,2.97341
441.40000,1.95192,-1.19295,2.96930
441.45000,1.95179,-1.19292,2.96509
441.50000,1.95165,-1.19289,2.96645
441.55000,1.95044,-1.19265,2.97640
441.60100,1.94762,-1.19213,2.98472
441.65000,1.94687,-1.19207,2.98333
441.70100,1.94673,-1.19205,2.97979
441.75000,1.94660,-1.19202,2.97607
441.80000,1.94646,-1.19200,2.97224
441.85000,1.94632,-1.19198,2.96829
441.90000,1.94587,-1.19189,2.97664
441.95000,1.94427,-1.19165,2.98193
442.00100,1.94394,-1.19163,2.97805
442.05000,1.94378,-1.19160,2.97445
442.10000,1.94362,-1.19157,2.97075
442.15000,1.94320,-1.19149,2.97853
442.20000,1.94103,-1.19109,2.99432
442.25000,1.93735,-1.19056,3.00549
442.30000,1.93591,-1.19044,3.00650
442.35100,1.93577,-1.19043,3.00280
442.40200,1.93563,-1.19041,2.99888
442.45000,1.93525,-1.19034,3.00621
442.50000,1.93360,-1.19011,3.01091
442.55200,1.93322,-1.19007,3.00753
442.60100,1.93318,-1.19005,3.00322
442.65000,1.93259,-1.18996,3.01210
442.70000,1.93081,-1.18978,3.01746
442.75000,1.93067,-1.18976,3.01358
442.80100,1.93053,-1.18975,3.00963
442.85200,1.93039,-1.18973,3.00559
442.90100,1.93025,-1.18971,3.00142
442.95100,1.93011,-1.18969,2.99715
443.00100,1.92963,-1.18962,3.00519
443.05100,1.92686,-1.18918,3.02330
443.10000,1.92276,-1.18878,3.03617
443.15000,1.92159,-1.18877,3.03639
443.20000,1.92142,-1.18875,3.03275
443.25000,1.92125,-1.18873,3.02912
443.30100,1.92107,-1.18871,3.02537
443.35100,1.92052,-1.18864,3.03293
443.40100,1.91889,-1.18849,3.03709
443.45000,1.91875,-1.18848,3.03258
443.50100,1.91862,-1.18847,3.02793
443.55000,1.91848,-1.18845,3.02326
443.60100,1.91833,-1.18843,3.01865
443.65000,1.91817,-1.18842,3.01403
443.70000,1.91805,-1.18840,3.00896
443.75000,1.91791,-1.18838,3.00384
443.80000,1.91777,-1.18837,2.99865
443.85000,1.91761,-1.18834,2.99350
443.90000,1.91702,-1.18824,3.00039
443.95100,1.91514,-1.18801,3.00453
444.00000,1.91450,-1.18792,3.00978
444.05000,1.91286,-1.18772,3.01367
444.10000,1.91197,-1.18762,3.01992
444.15100,1.91031,-1.18745,3.02457
444.20100,1.91012,-1.18743,3.02005
444.25000,1.91000,-1.18742,3.01531
444.30000,1.90984,-1.18740,3.01061
444.35100,1.90971,-1.18738,3.00564
444.40100,1.90956,-1.18736,3.00068
444.45000,1.90946,-1.18735,2.99547
444.50100,1.90933,-1.18733,2.99014
444.55100,1.90921,-1.18730,2.98471
444.60100,1.90857,-1.18720,2.99211
444.65200,1.90677,-1.18697,2.99774
444.70100,1.90655,-1.18694,2.99256
444.75000,1.90644,-1.18692,2.98725
444.80000,1.90600,-1.18681,2.99277
444.85100,1.90457,-1.18659,3.00646
444.90000,1.90169,-1.18621,3.01724
444.95000,1.90055,-1.18613,3.01613
445.00000,1.90039,-1.18611,3.01130
445.05000,1.90024,-1.18609,3.00606
445.10000,1.89993,-1.18605,3.01333
445.15000,1.89893,-1.18591,3.01963
445.20000,1.89825,-1.18582,3.02639
445.25000,1.89657,-1.18565,3.03025
445.30100,1.89628,-1.18562,3.02533
445.35000,1.89600,-1.18559,3.02026
445.40000,1.89572,-1.18556,3.01510
445.45100,1.89544,-1.18552,3.00982
445.50000,1.89516,-1.18548,3.00444
445.55200,1.89487,-1.18544,2.99896
445.60000,1.89458,-1.18540,2.99338
445.65000,1.89443,-1.18547,2.99337
445.70000,1.89244,-1.18499,3.00540
445.75100,1.88792,-1.18452,3.01936
445.80200,1.88592,-1.18443,3.02238
445.85000,1.88570,-1.18441,3.01786
445.90100,1.88557,-1.18439,3.01280
445.95000,1.88528,-1.18435,3.00734
446.00000,1.88499,-1.18431,3.00177
446.05000,1.88470,-1.18427,2.99610
446.10100,1.88440,-1.18423,2.99035
446.15100,1.88411,-1.18418,2.98452
446.20200,1.88395,-1.18425,2.98417
446.25100,1.88133,-1.18367,2.99848
446.30100,1.87560,-1.18290,3.02694
446.35100,1.86922,-1.18223,3.05263
446.40000,1.86537,-1.18225,3.06337
446.45000,1.86427,-1.18223,3.06173
446.50100,1.86413,-1.18222,3.05583
446.55000,1.86403,-1.18221,3.04967
446.60000,1.86387,-1.18220,3.04370
446.65000,1.86377,-1.18218,3.03725
446.70000,1.86366,-1.18217,3.03079
446.75100,1.86355,-1.18215,3.02448
446.80000,1.86324,-1.18211,3.01772
446.85000,1.86292,-1.18207,3.01085
446.90100,1.86259,-1.18203,3.00392
446.95100,1.86227,-1.18198,2.99692
447.00000,1.86194,-1.18193,2.98987
447.05000,1.86161,-1.18188,2.98277
447.10100,1.86128,-1.18183,2.97563
447.15000,1.86059,-1.18170,2.98110
447.20000,1.85681,-1.18109,3.00002
447.25100,1.85057,-1.18028,3.02825
447.30100,1.84309,-1.17956,3.06457
447.35100,1.83582,-1.17913,3.09462
447.40100,1.83077,-1.17910,3.10876
447.45000,1.82859,-1.17909,3.11031
447.50000,1.82805,-1.17908,3.10389
447.55000,1.82772,-1.17907,3.09565
447.60000,1.82736,-1.17905,3.08726
447.65000,1.82699,-1.17903,3.07879
447.70000,1.82663,-1.17900,3.07027
447.75000,1.82626,-1.17898,3.06169
447.80200,1.82589,-1.17895,3.05306
447.85200,1.82552,-1.17891,3.04439
447.90100,1.82515,-1.17887,3.03568
447.95100,1.82478,-1.17883,3.02693
448.00000,1.82441,-1.17879,3.01816
448.05000,1.82404,-1.17874,3.00937
448.10200,1.82367,-1.17869,3.00055
448.15200,1.82343,-1.17875,2.99717
448.20100,1.82179,-1.17831,3.00519
448.25000,1.81754,-1.17757,3.02715
448.30000,1.81176,-1.17685,3.05727
448.35100,1.80450,-1.17636,3.08370
448.40000,1.79968,-1.17629,3.09554
448.45100,1.79818,-1.17629,3.09381
448.50000,1.79814,-1.17628,3.08494
448.55000,1.79821,-1.17628,3.07587
448.60300,1.79827,-1.17628,3.06677
448.65100,1.79834,-1.17629,3.05762
448.70000,1.79841,-1.17629,3.04844
448.75000,1.79848,-1.17629,3.03923
448.80100,1.79855,-1.17630,3.03000
448.85100,1.79862,-1.17630,3.02076
448.90000,1.79869,-1.17631,3.01150
448.95100,1.79876,-1.17631,3.00223
449.00000,1.79883,-1.17632,2.99296
449.05000,1.79890,-1.17633,2.98370
449.10000,1.79896,-1.17633,2.97444
449.15000,1.79832,-1.17618,2.97766
449.20100,1.79606,-1.17584,2.98041
449.25100,1.79486,-1.17565,2.98442
449.30100,1.79291,-1.17531,2.98872
449.35100,1.79259,-1.17529,2.98133
449.40200,1.79264,-1.17529,2.97285
449.45100,1.79210,-1.17516,2.97655
449.50000,1.78999,-1.17478,2.98083
449.55100,1.78913,-1.17469,2.97575
449.60100,1.78879,-1.17463,2.96777
449.65000,1.78843,-1.17457,2.95971
449.70000,1.78808,-1.17451,2.95166
449.75000,1.78773,-1.17444,2.94359
449.80000,1.78738,-1.17437,2.93552
449.85000,1.78718,-1.17440,2.93309
449.90000,1.78441,-1.17353,2.93574
449.95000,1.77823,-1.17233,2.94887
450.00100,1.77212,-1.17120,2.97830
450.05200,1.76463,-1.17006,3.01590
450.10200,1.75634,-1.16922,3.04553
450.15100,1.75052,-1.16902,3.06129
450.20000,1.74718,-1.16905,3.06708
450.25000,1.74613,-1.16904,3.06262
450.30000,1.74584,-1.16902,3.05349
450.35100,1.74590,-1.16901,3.04402
450.40000,1.74597,-1.16902,3.03447
450.45000,1.74605,-1.16903,3.02491
450.50100,1.74612,-1.16903,3.01535
450.55100,1.74620,-1.16904,3.00578
450.60100,1.74628,-1.16905,2.99622
450.65100,1.74635,-1.16905,2.98667
450.70100,1.74643,-1.16906,2.97713
450.75100,1.74651,-1.16908,2.96761
450.80000,1.74658,-1.16909,2.95811
450.85200,1.74665,-1.16910,2.94864
450.90000,1.74592,-1.16892,2.95120
450.95000,1.74344,-1.16858,2.95583
451.00000,1.74265,-1.16850,2.95011
451.05000,1.74252,-1.16847,2.94097
451.10100,1.74188,-1.16829,2.94305
451.15100,1.73960,-1.16799,2.94457
451.20000,1.73851,-1.16778,2.94694
451.25000,1.73610,-1.16736,2.95113
451.30000,1.73466,-1.16710,2.95465
451.35100,1.73054,-1.16632,2.97222
451.40100,1.72593,-1.16566,2.98542
451.45100,1.72395,-1.16556,2.98607
451.50100,1.72390,-1.16555,2.97868
451.55200,1.72388,-1.16554,2.97078
451.60000,1.72387,-1.16553,2.96289
451.65000,1.72386,-1.16551,2.95500
451.70100,1.72385,-1.16550,2.94711
451.75100,1.72383,-1.16549,2.93929
451.80100,1.72377,-1.16547,2.93145
451.85000,1.72373,-1.16545,2.92368
451.90000,1.72290,-1.16523,2.92774
451.95000,1.71815,-1.16417,2.93730
452.00000,1.71157,-1.16295,2.95025
452.05100,1.70607,-1.16200,2.96553
452.10100,1.70244,-1.16147,2.97262
452.15000,1.70087,-1.16134,2.97113
452.20000,1.70074,-1.16132,2.96322
452.25100,1.70071,-1.16131,2.95458
452.30000,1.70068,-1.16130,2.94597
452.35100,1.70065,-1.16128,2.93754
452.40000,1.70066,-1.16127,2.92899
452.45000,1.70057,-1.16124,2.92042
452.50100,1.69851,-1.16038,2.91127
452.55000,1.69192,-1.15817,2.90224
452.60000,1.68240,-1.15580,2.89383
452.65000,1.67291,-1.15336,2.88550
452.70100,1.66375,-1.15110,2.88930
452.75000,1.65689,-1.14942,2.89728
452.80000,1.64802,-1.14717,2.89247
452.85100,1.63853,-1.14472,2.88462
452.90100,1.62906,-1.14219,2.87670
452.95100,1.61961,-1.13959,2.86881
453.00000,1.61019,-1.13691,2.86101
453.05000,1.60078,-1.13416,2.85323
453.10000,1.59139,-1.13133,2.84553
453.15100,1.58202,-1.12844,2.83783
453.20100,1.57268,-1.12547,2.83018
453.25100,1.56335,-1.12243,2.82259
453.30000,1.55405,-1.11932,2.81506
453.35000,1.54477,-1.11613,2.80765
453.40000,1.53549,-1.11288,2.80022
453.45000,1.52624,-1.10955,2.79288
453.50100,1.51701,-1.10616,2.78561
453.55100,1.50780,-1.10270,2.77842
453.60100,1.49861,-1.09917,2.77131
453.65000,1.48944,-1.09558,2.76430
453.70000,1.48030,-1.09192,2.75738
453.75000,1.47119,-1.08820,2.75053
453.80000,1.46209,-1.08441,2.74378
453.85100,1.45302,-1.08057,2.73714
453.90100,1.44397,-1.07666,2.73060
453.95000,1.43495,-1.07269,2.72416
454.00000,1.42594,-1.06866,2.71782
454.05100,1.41698,-1.06458,2.71160
454.10200,1.40804,-1.06044,2.70549
454.15100,1.39913,-1.05626,2.69953
454.20100,1.39022,-1.05200,2.69363
454.25000,1.38132,-1.04770,2.68783
454.30000,1.37246,-1.04334,2.68210
454.35100,1.36360,-1.03893,2.67652
454.40000,1.35479,-1.03447,2.67107
454.45000,1.34589,-1.02992,2.66570
454.50100,1.33708,-1.02534,2.66042
454.55000,1.32826,-1.02069,2.65512
454.60000,1.31947,-1.01602,2.65018
454.65000,1.31076,-1.01132,2.64541
454.70000,1.30207,-1.00659,2.64077
454.75100,1.29339,-1.00181,2.63626
454.80000,1.28457,-0.99691,2.63180
454.85100,1.27587,-0.99201,2.62753
454.90000,1.26714,-0.98705,2.62352
454.95000,1.25848,-0.98209,2.61952
455.00100,1.24979,-0.97706,2.61550
455.05100,1.24118,-0.97204,2.61178
455.10100,1.23257,-0.96697,2.60819
455.15100,1.22392,-0.96184,2.60463
455.20100,1.21532,-0.95671,2.60134
455.25000,1.20673,-0.95154,2.59821
455.30000,1.19817,-0.94635,2.59516
455.35000,1.18960,-0.94112,2.59213
455.40100,1.18108,-0.93589,2.58933
455.45100,1.17257,-0.93063,2.58663
455.50000,1.16409,-0.92535,2.58420
455.55200,1.15562,-0.92006,2.58173
455.60000,1.14719,-0.91476,2.57948
455.65100,1.13872,-0.90942,2.57742
455.70000,1.13031,-0.90408,2.57546
455.75100,1.12188,-0.89871,2.57353
455.80200,1.11348,-0.89334,2.57187
455.85000,1.10508,-0.88796,2.57033
455.90000,1.09670,-0.88256,2.56889
455.95100,1.08833,-0.87715,2.56751
456.00000,1.07997,-0.87172,2.56607
456.05100,1.07162,-0.86627,2.56476
456.10000,1.06326,-0.86082,2.56363
456.15100,1.05491,-0.85537,2.56256
456.20000,1.04657,-0.84991,2.56171
456.25100,1.03822,-0.84443,2.56088
456.30000,1.02988,-0.83895,2.56028
456.35000,1.02154,-0.83348,2.55972
456.40200,1.01320,-0.82798,2.55931
456.45000,1.00484,-0.82248,2.55903
456.50100,0.99651,-0.81699,2.55875
456.55100,0.98818,-0.81150,2.55855
456.60000,0.97986,-0.80601,2.55838
456.65100,0.97152,-0.80050,2.55821
456.70200,0.96318,-0.79500,2.55804
456.75100,0.95484,-0.78949,2.55790
456.80000,0.94650,-0.78399,2.55777
456.85000,0.93816,-0.77848,2.55765
456.90200,0.92980,-0.77296,2.55803
456.95000,0.92141,-0.76743,2.55877
457.00100,0.91300,-0.76188,2.55951
457.05000,0.90458,-0.75634,2.56028
457.10000,0.89616,-0.75079,2.56108
457.15300,0.88771,-0.74524,2.56191
457.20200,0.87926,-0.73969,2.56277
457.25100,0.87079,-0.73414,2.56366
457.30000,0.86230,-0.72858,2.56459
457.35000,0.85383,-0.72306,2.56574
457.40000,0.84542,-0.71761,2.56740
457.45100,0.83700,-0.71217,2.56914
457.50100,0.82857,-0.70675,2.57102
457.55000,0.82012,-0.70134,2.57291
457.60000,0.81167,-0.69596,2.57476
457.65000,0.80322,-0.69059,2.57674
457.70000,0.79474,-0.68523,2.57880
457.75000,0.78625,-0.67989,2.58090
457.80000,0.77777,-0.67458,2.58307
457.85000,0.76931,-0.66931,2.58533
457.90000,0.76081,-0.66404,2.58757
457.95100,0.75227,-0.65877,2.58992
458.00000,0.74371,-0.65352,2.59233
458.05000,0.73517,-0.64831,2.59482
458.10000,0.72668,-0.64316,2.59739
458.15000,0.71817,-0.63803,2.60003
458.20000,0.70966,-0.63292,2.60271
458.25000,0.70113,-0.62784,2.60545
458.30000,0.69259,-0.62278,2.60824
458.35100,0.68403,-0.61774,2.61108
458.40000,0.67546,-0.61273,2.61397
458.45000,0.66688,-0.60774,2.61690
458.50200,0.65828,-0.60278,2.61988
458.55000,0.64967,-0.59785,2.62290
458.60000,0.64104,-0.59295,2.62596
458.65000,0.63240,-0.58807,2.62906
458.70000,0.62375,-0.58321,2.63220
458.75000,0.61505,-0.57838,2.63532
458.80100,0.60627,-0.57352,2.63835
458.85000,0.59746,-0.56869,2.64146
458.90100,0.58866,-0.56390,2.64457
458.95000,0.57983,-0.55913,2.64771
459.00200,0.57099,-0.55439,2.65084
459.05000,0.56214,-0.54968,2.65398
459.10000,0.55327,-0.54499,2.65718
459.15100,0.54439,-0.54033,2.66035
459.20100,0.53545,-0.53568,2.66376
459.25000,0.52648,-0.53106,2.66725
459.30100,0.51752,-0.52648,2.67068
459.35000,0.50852,-0.52192,2.67417
459.40000,0.49952,-0.51739,2.67768
459.45000,0.49050,-0.51290,2.68116
459.50000,0.48145,-0.50844,2.68471
459.55100,0.47240,-0.50399,2.68828
459.60000,0.46332,-0.49958,2.69189
459.65000,0.45421,-0.49519,2.69556
459.70000,0.44507,-0.49084,2.69924
459.75000,0.43592,-0.48652,2.70292
459.80100,0.42675,-0.48224,2.70660
459.85100,0.41757,-0.47799,2.71028
459.90100,0.40837,-0.47377,2.71396
459.95000,0.39916,-0.46958,2.71764
460.00100,0.38993,-0.46543,2.72132
460.05200,0.38068,-0.46132,2.72499
460.10000,0.37142,-0.45724,2.72866
460.15100,0.36216,-0.45319,2.73237
460.20100,0.35288,-0.44918,2.73607
460.25100,0.34360,-0.44522,2.73967
460.30000,0.33431,-0.44129,2.74325
460.35000,0.32499,-0.43739,2.74682
460.40000,0.31568,-0.43353,2.75040
460.45100,0.30636,-0.42970,2.75389
460.50300,0.29704,-0.42592,2.75749
460.55000,0.28774,-0.42219,2.76098
460.60100,0.27846,-0.41849,2.76430
460.65100,0.26912,-0.41481,2.76761
460.70000,0.25977,-0.41116,2.77099
460.75000,0.25043,-0.40755,2.77425
460.80100,0.24109,-0.40398,2.77766
460.85000,0.23178,-0.40045,2.78103
460.90100,0.22244,-0.39695,2.78433
460.95000,0.21315,-0.39350,2.78772
461.00100,0.20385,-0.39008,2.79110
461.05100,0.19453,-0.38669,2.79445
461.10100,0.18520,-0.38334,2.79778
461.15000,0.17586,-0.38001,2.80108
461.20000,0.16651,-0.37671,2.80436
461.25000,0.15714,-0.37344,2.80761
461.30100,0.14777,-0.37021,2.81083
461.35000,0.13838,-0.36700,2.81402
461.40100,0.12898,-0.36382,2.81719
461.45000,0.11957,-0.36068,2.82033
461.50100,0.11015,-0.35756,2.82344
461.55100,0.10072,-0.35447,2.82652
461.60000,0.09128,-0.35141,2.82957
461.65000,0.08183,-0.34837,2.83259
461.70000,0.07237,-0.34537,2.83558
461.75000,0.06291,-0.34239,2.83854
461.80000,0.05343,-0.33944,2.84146
461.85000,0.04394,-0.33652,2.84436
461.90000,0.03444,-0.33363,2.84722
461.95000,0.02493,-0.33076,2.85005
462.00100,0.01538,-0.32791,2.85281
462.05100,0.00576,-0.32507,2.85568
462.10100,-0.00388,-0.32225,2.85848
462.15000,-0.01354,-0.31946,2.86117
462.20000,-0.02319,-0.31669,2.86385
462.25100,-0.03286,-0.31395,2.86641
462.30000,-0.04254,-0.31123,2.86894
462.35000,-0.05222,-0.30853,2.87150
462.40100,-0.06193,-0.30585,2.87409
462.45000,-0.07163,-0.30320,2.87655
462.50000,-0.08134,-0.30057,2.87911
462.55000,-0.09107,-0.29797,2.88169
462.60000,-0.10080,-0.29539,2.88427
462.65200,-0.11053,-0.29284,2.88683
462.70000,-0.12026,-0.29032,2.88937
462.75100,-0.12999,-0.28782,2.89190
462.80000,-0.13972,-0.28535,2.89441
462.85000,-0.14946,-0.28290,2.89690
462.90000,-0.15919,-0.28048,2.89938
462.95000,-0.16892,-0.27808,2.90183
463.00200,-0.17866,-0.27571,2.90427
463.05000,-0.18839,-0.27337,2.90670
463.10100,-0.19812,-0.27105,2.90910
463.15100,-0.20785,-0.26876,2.91145
463.20000,-0.21762,-0.26648,2.91323
463.25000,-0.22741,-0.26421,2.91503
463.30100,-0.23719,-0.26196,2.91671
463.35000,-0.24698,-0.25973,2.91842
463.40000,-0.25678,-0.25752,2.92015
463.45200,-0.26657,-0.25533,2.92180
463.50200,-0.27637,-0.25315,2.92342
463.55100,-0.28615,-0.25099,2.92494
463.60000,-0.29594,-0.24884,2.92648
463.65000,-0.30574,-0.24671,2.92799
463.70000,-0.31553,-0.24459,2.92939
463.75100,-0.32532,-0.24249,2.93076
463.80000,-0.33511,-0.24040,2.93214
463.85000,-0.34491,-0.23833,2.93348
463.90100,-0.35470,-0.23627,2.93483
463.95000,-0.36450,-0.23423,2.93615
464.00000,-0.37407,-0.23232,2.92837
464.05000,-0.38075,-0.23091,2.89493
464.10100,-0.38691,-0.22920,2.84922
464.15100,-0.39457,-0.22669,2.80184
464.20100,-0.40280,-0.22355,2.75170
464.25000,-0.41103,-0.21993,2.69872
464.30100,-0.41980,-0.21548,2.64625
464.35000,-0.42841,-0.21090,2.60026
464.40100,-0.43528,-0.20703,2.56657
464.45100,-0.44122,-0.20300,2.52591
464.50000,-0.44794,-0.19802,2.48123
464.55000,-0.45508,-0.19220,2.43376
464.60000,-0.46206,-0.18618,2.39264
464.65000,-0.46732,-0.18145,2.36586
464.70000,-0.47024,-0.17866,2.35270
464.75000,-0.47133,-0.17757,2.35201
464.80000,-0.47137,-0.17753,2.35797
464.85100,-0.47140,-0.17750,2.36424
464.90100,-0.47144,-0.17746,2.37062
464.95100,-0.47147,-0.17743,2.37713
465.00000,-0.47150,-0.17741,2.38375
465.05000,-0.47152,-0.17738,2.39048
465.10100,-0.47155,-0.17736,2.39732
465.15000,-0.47177,-0.17716,2.39760
465.20000,-0.47251,-0.17645,2.39348
465.25000,-0.47282,-0.17616,2.39845
465.30100,-0.47298,-0.17602,2.40470
465.35200,-0.47315,-0.17586,2.41125
465.40000,-0.47328,-0.17574,2.41770
465.45100,-0.47349,-0.17555,2.40996
465.50000,-0.47445,-0.17467,2.40533
465.55000,-0.47465,-0.17448,2.41138
465.60000,-0.47482,-0.17432,2.41765
465.65000,-0.47496,-0.17419,2.42378
465.70100,-0.47505,-0.17411,2.43031
465.75000,-0.47527,-0.17392,2.43081
465.80000,-0.47611,-0.17317,2.43220
465.85000,-0.47633,-0.17299,2.42811
465.90000,-0.47829,-0.17123,2.40636
465.95100,-0.48201,-0.16774,2.37497
466.00100,-0.48647,-0.16340,2.35066
466.05000,-0.48885,-0.16101,2.34273
466.10100,-0.48937,-0.16047,2.33182
466.15000,-0.49049,-0.15928,2.32557
466.20100,-0.49135,-0.15837,2.32394
466.25100,-0.49226,-0.15740,2.32432
466.30100,-0.49248,-0.15718,2.33074
466.35000,-0.49266,-0.15698,2.33661
466.40000,-0.49280,-0.15684,2.34220
466.45000,-0.49298,-0.15665,2.34830
466.50000,-0.49309,-0.15655,2.35466
466.55000,-0.49322,-0.15643,2.36090
466.60100,-0.49336,-0.15628,2.36722
466.65100,-0.49355,-0.15610,2.37379
466.70200,-0.49370,-0.15595,2.38063
466.75000,-0.49372,-0.15593,2.38774
466.80000,-0.49374,-0.15591,2.39495
466.85000,-0.49376,-0.15590,2.40223
466.90100,-0.49396,-0.15571,2.40324
466.95000,-0.49563,-0.15418,2.38761
467.00200,-0.49920,-0.15074,2.36082
467.05200,-0.50426,-0.14554,2.32516
467.10100,-0.50957,-0.13981,2.29505
467.15100,-0.51310,-0.13577,2.27992
467.20000,-0.51472,-0.13386,2.27736
467.25000,-0.51500,-0.13354,2.28376
467.30000,-0.51514,-0.13339,2.29130
467.35100,-0.51527,-0.13323,2.29896
467.40100,-0.51541,-0.13308,2.30672
467.45000,-0.51557,-0.13293,2.30742
467.50100,-0.51621,-0.13225,2.30599
467.55100,-0.51641,-0.13202,2.31390
467.60100,-0.51661,-0.13179,2.32196
467.65100,-0.51680,-0.13158,2.32994
467.70200,-0.51695,-0.13143,2.33755
467.75000,-0.51709,-0.13128,2.34522
467.80000,-0.51724,-0.13113,2.35295
467.85100,-0.51739,-0.13098,2.36073
467.90100,-0.51754,-0.13084,2.36855
467.95000,-0.51772,-0.13069,2.36727
468.00000,-0.51837,-0.13008,2.36436
468.05000,-0.51876,-0.12970,2.36048
468.10000,-0.51967,-0.12882,2.36048
468.15000,-0.51987,-0.12861,2.36864
468.20000,-0.52003,-0.12847,2.37552
468.25000,-0.52018,-0.12832,2.38238
468.30000,-0.52035,-0.12818,2.38193
468.35000,-0.52112,-0.12745,2.37883
468.40000,-0.52137,-0.12722,2.38561
468.45000,-0.52163,-0.12699,2.38258
468.50100,-0.52411,-0.12460,2.36326
468.55200,-0.52769,-0.12103,2.34609
468.60200,-0.53031,-0.11836,2.33586
468.65100,-0.53261,-0.11597,2.32663
468.70000,-0.53382,-0.11468,2.32663
468.75000,-0.53428,-0.11419,2.32448
468.80000,-0.53515,-0.11329,2.32198
468.85000,-0.53536,-0.11307,2.32738
468.90100,-0.53555,-0.11286,2.33281
468.95000,-0.53570,-0.11270,2.33800
469.00000,-0.53586,-0.11254,2.34316
469.05000,-0.53602,-0.11237,2.34827
469.10000,-0.53618,-0.11221,2.35333
469.15100,-0.53635,-0.11205,2.35833
469.20100,-0.53653,-0.11189,2.35608
469.25000,-0.53796,-0.11044,2.34350
469.30100,-0.54055,-0.10776,2.33200
469.35100,-0.54135,-0.10693,2.33208
469.40000,-0.54151,-0.10676,2.33585
469.45000,-0.54173,-0.10651,2.33993
469.50000,-0.54195,-0.10626,2.34397
469.55000,-0.54250,-0.10568,2.33519
469.60100,-0.54414,-0.10396,2.32593
469.65000,-0.54466,-0.10340,2.32699
469.70000,-0.54484,-0.10321,2.33001
469.75000,-0.54505,-0.10297,2.33310
469.80000,-0.54651,-0.10155,2.33565
469.85000,-0.55082,-0.09710,2.32482
469.90100,-0.55420,-0.09344,2.30812
469.95100,-0.55865,-0.08849,2.29761
470.00200,-0.56482,-0.08152,2.29739
470.05200,-0.57147,-0.07403,2.30000
470.10100,-0.57363,-0.07117,2.30306
470.15000,-0.57381,-0.07096,2.30694
470.20000,-0.57399,-0.07077,2.31075
470.25000,-0.57417,-0.07057,2.31440
470.30100,-0.57573,-0.06897,2.31810
470.35000,-0.58105,-0.06360,2.32229
470.40000,-0.58786,-0.05641,2.32572
470.45000,-0.59474,-0.04912,2.32918
470.50100,-0.60165,-0.04185,2.33299
470.55000,-0.60858,-0.03462,2.33714
470.60000,-0.61555,-0.02741,2.34169
470.65000,-0.62256,-0.02022,2.34658
470.70300,-0.62962,-0.01308,2.35212
470.75100,-0.63162,-0.01107,2.35833
470.80100,-0.63185,-0.01083,2.36444
470.85000,-0.63203,-0.01065,2.37015
470.90100,-0.63357,-0.00913,2.37579
470.95000,-0.63811,-0.00460,2.38150
471.00000,-0.64488,0.00196,2.38717
471.05300,-0.65222,0.00883,2.39280
471.10000,-0.65963,0.01568,2.39900
471.15000,-0.66713,0.02252,2.40571
471.20000,-0.67469,0.02932,2.41282
471.25000,-0.68226,0.03603,2.41992
471.30000,-0.68990,0.04271,2.42750
471.35000,-0.69764,0.04935,2.43556
471.40000,-0.70532,0.05583,2.44320
471.45100,-0.70763,0.05754,2.45180
471.50000,-0.70798,0.05783,2.46074
471.55000,-0.70970,0.05943,2.46871
471.60100,-0.71593,0.06490,2.47659
471.65000,-0.72399,0.07117,2.48519
471.70100,-0.73211,0.07737,2.49399
471.75200,-0.74030,0.08351,2.50310
471.80100,-0.74855,0.08958,2.51253
471.85000,-0.75686,0.09557,2.52214
471.90000,-0.76524,0.10149,2.53196
471.95000,-0.77368,0.10732,2.54195
472.00000,-0.78218,0.11308,2.55208
472.05100,-0.79066,0.11868,2.56223
472.10000,-0.79915,0.12417,2.57299
472.15100,-0.80777,0.12962,2.58321
472.20300,-0.81642,0.13496,2.59350
472.25100,-0.82510,0.14019,2.60419
472.30100,-0.83377,0.14530,2.61409
472.35200,-0.84257,0.15036,2.62444
472.40100,-0.85131,0.15527,2.63510
472.45000,-0.85984,0.15994,2.64595
472.50100,-0.86870,0.16468,2.65667
472.55000,-0.87761,0.16931,2.66714
472.60100,-0.88668,0.17390,2.67845
472.65200,-0.89563,0.17832,2.68832
472.70000,-0.90463,0.18264,2.69815
472.75000,-0.91367,0.18688,2.70803
472.80100,-0.92276,0.19103,2.71796
472.85100,-0.93179,0.19504,2.72948
472.90100,-0.94070,0.19887,2.74147
472.95000,-0.94966,0.20260,2.75345
473.00100,-0.95866,0.20621,2.76541
473.05100,-0.96770,0.20972,2.77732
473.10000,-0.97642,0.21293,2.77655
473.15100,-0.98318,0.21541,2.76922
473.20000,-0.99148,0.21864,2.77679
473.25100,-1.00069,0.22210,2.78827
473.30000,-1.00981,0.22540,2.79972
473.35200,-1.01898,0.22861,2.81110
473.40100,-1.02829,0.23174,2.82241
473.45100,-1.03766,0.23478,2.83373
473.50100,-1.04716,0.23773,2.84473
473.55000,-1.05664,0.24057,2.85567
473.60000,-1.06584,0.24318,2.85950
473.65100,-1.07381,0.24532,2.85887
473.70100,-1.08147,0.24748,2.85939
473.75000,-1.08899,0.24947,2.85072
473.80300,-1.09664,0.25175,2.84044
473.85000,-1.10505,0.25436,2.84509
473.90100,-1.11448,0.25720,2.85398
473.95000,-1.12432,0.26006,2.86363
474.00000,-1.13418,0.26282,2.87319
474.05000,-1.14406,0.26548,2.88266
474.10000,-1.15397,0.26806,2.89203
474.15200,-1.16390,0.27054,2.90130
474.20100,-1.17385,0.27292,2.91046
474.25100,-1.18336,0.27472,2.91069
474.30000,-1.19059,0.27629,2.90571
474.35200,-1.19998,0.27853,2.91194
474.40200,-1.20993,0.28082,2.92027
474.45000,-1.21991,0.28302,2.92866
474.50100,-1.22990,0.28515,2.93695
474.55100,-1.23989,0.28719,2.94515
474.60100,-1.24991,0.28914,2.95316
474.65100,-1.25993,0.29102,2.96114
474.70100,-1.26997,0.29282,2.96901
474.75000,-1.28001,0.29453,2.97657
474.80000,-1.29007,0.29617,2.98402
474.85000,-1.30011,0.29773,2.99132
474.90000,-1.30980,0.29882,2.98934
474.95000,-1.31744,0.29984,2.98308
475.00000,-1.32668,0.30137,2.98681
475.05100,-1.33601,0.30253,2.98189
475.10100,-1.34309,0.30365,2.97407
475.15000,-1.35244,0.30525,2.97794
475.20000,-1.36246,0.30687,2.98411
475.25000,-1.37249,0.30843,2.99028
475.30100,-1.38242,0.30991,2.99590
475.35000,-1.39240,0.31135,3.00166
475.40000,-1.40235,0.31272,3.00713
475.45000,-1.41229,0.31404,3.01253
475.50000,-1.42222,0.31530,3.01785
475.55000,-1.43214,0.31651,3.02285
475.60000,-1.44206,0.31766,3.02771
475.65100,-1.45198,0.31877,3.03251
475.70000,-1.46191,0.31983,3.03724
475.75000,-1.47185,0.32085,3.04200
475.80000,-1.48182,0.32182,3.04676
475.85000,-1.49133,0.32263,3.04140
475.90100,-1.49892,0.32338,3.03258
475.95100,-1.50849,0.32442,3.03559
476.00000,-1.51844,0.32545,3.03985
476.05100,-1.52836,0.32644,3.04426
476.10100,-1.53828,0.32739,3.04839
476.15000,-1.54822,0.32829,3.05234
476.20100,-1.55817,0.32916,3.05622
476.25100,-1.56812,0.32999,3.06005
476.30000,-1.57808,0.33078,3.06381
476.35100,-1.58803,0.33154,3.06752
476.40100,-1.59799,0.33226,3.07115
476.45000,-1.60796,0.33294,3.07473
476.50100,-1.61792,0.33359,3.07824
476.55000,-1.62789,0.33420,3.08169
476.60000,-1.63786,0.33478,3.08508
476.65000,-1.64783,0.33532,3.08840
476.70100,-1.65780,0.33584,3.09165
476.75000,-1.66778,0.33632,3.09484
476.80000,-1.67775,0.33677,3.09796
476.85000,-1.68773,0.33718,3.10107
476.90200,-1.69719,0.33750,3.09475
476.95100,-1.70470,0.33788,3.08581
477.00100,-1.71436,0.33842,3.08786
477.05100,-1.72436,0.33894,3.09122
477.10000,-1.73437,0.33943,3.09436
477.15100,-1.74441,0.33989,3.09727
477.20000,-1.75441,0.34032,3.10040
477.25200,-1.76445,0.34072,3.10326
477.30000,-1.77450,0.34110,3.10589
477.35100,-1.78456,0.34145,3.10871
477.40100,-1.79462,0.34177,3.11150
477.45000,-1.80467,0.34206,3.11425
477.50000,-1.81472,0.34232,3.11698
477.55000,-1.82475,0.34256,3.11968
477.60000,-1.83477,0.34277,3.12235
477.65000,-1.84478,0.34295,3.12499
477.70100,-1.85478,0.34311,3.12760
477.75000,-1.86477,0.34324,3.13017
477.80100,-1.87475,0.34334,3.13272
477.85100,-1.88471,0.34342,3.13523
477.90000,-1.89467,0.34348,3.13770
477.95000,-1.90461,0.34351,3.14013
478.00000,-1.91455,0.34351,-3.14065
478.05100,-1.92458,0.34349,-3.13909
478.10000,-1.93461,0.34346,-3.13765
478.15000,-1.94464,0.34341,-3.13629
478.20000,-1.95466,0.34335,-3.13499
478.25100,-1.96469,0.34328,-3.13373
478.30000,-1.97472,0.34319,-3.13250
478.35100,-1.98475,0.34309,-3.13132
478.40000,-1.99476,0.34299,-3.13034
478.45000,-2.00478,0.34287,-3.12937
478.50000,-2.01480,0.34274,-3.12846
478.55000,-2.02481,0.34261,-3.12769
478.60000,-2.03470,0.34248,-3.13156
478.65000,-2.04466,0.34243,3.13751
478.70000,-2.05409,0.34262,3.10392
478.75000,-2.06407,0.34318,3.06705
478.80000,-2.07397,0.34386,3.03604
478.85000,-2.08397,0.34468,3.01844
478.90300,-2.09388,0.34581,3.01359
478.95200,-2.10381,0.34708,3.01468
479.00000,-2.11374,0.34834,3.01592
479.05000,-2.12368,0.34958,3.01715
479.10000,-2.13361,0.35082,3.01838
479.15100,-2.14355,0.35204,3.01964
479.20000,-2.15348,0.35325,3.02098
479.25200,-2.16339,0.35444,3.02233
479.30100,-2.17328,0.35562,3.02372
479.35200,-2.18318,0.35678,3.02513
479.40100,-2.19308,0.35793,3.02654
479.45200,-2.20298,0.35907,3.02795
479.50100,-2.21288,0.36019,3.02937
479.55000,-2.22278,0.36130,3.03080
479.60000,-2.23268,0.36240,3.03223
479.65100,-2.24259,0.36348,3.03366
479.70000,-2.25250,0.36454,3.03509
479.75100,-2.26241,0.36560,3.03653
479.80000,-2.27232,0.36663,3.03796
479.85000,-2.28223,0.36766,3.03939
479.90000,-2.29214,0.36867,3.04082
479.95100,-2.30206,0.36966,3.04225
480.00100,-2.31197,0.37064,3.04367
480.05200,-2.32189,0.37161,3.04509
480.10100,-2.33181,0.37257,3.04650
480.15000,-2.34173,0.37350,3.04793
480.20000,-2.35170,0.37443,3.04939
480.25200,-2.36166,0.37535,3.05075
480.30100,-2.37164,0.37625,3.05223
480.35100,-2.38162,0.37714,3.05365
480.40100,-2.39160,0.37801,3.05512
480.45100,-2.40158,0.37887,3.05657
480.50000,-2.41154,0.37971,3.05807
480.55000,-2.42151,0.38054,3.05955
480.60000,-2.43148,0.38135,3.06102
480.65200,-2.44145,0.38215,3.06246
480.70100,-2.45145,0.38293,3.06378
480.75200,-2.46146,0.38371,3.06504
480.80100,-2.47152,0.38448,3.06628
480.85000,-2.48157,0.38523,3.06751
480.90000,-2.49162,0.38597,3.06873
480.95000,-2.50166,0.38670,3.06995
481.00000,-2.51171,0.38742,3.07116
481.05100,-2.52176,0.38812,3.07237
481.10000,-2.53180,0.38881,3.07356
481.15100,-2.54184,0.38949,3.07475
481.20000,-2.55188,0.39016,3.07594
481.25000,-2.56192,0.39082,3.07711
481.30000,-2.57195,0.39146,3.07828
481.35000,-2.58198,0.39209,3.07944
481.40100,-2.59199,0.39271,3.08056
481.45200,-2.60199,0.39332,3.08146
481.50000,-2.61200,0.39392,3.08245
481.55000,-2.62200,0.39451,3.08346
481.60000,-2.63200,0.39508,3.08433
481.65000,-2.64201,0.39565,3.08523
481.70100,-2.65201,0.39621,3.08610
481.75200,-2.66201,0.39677,3.08696
481.80100,-2.67200,0.39731,3.08778
481.85000,-2.68201,0.39784,3.08865
481.90100,-2.69202,0.39837,3.08950
481.95100,-2.70203,0.39889,3.09032
482.00000,-2.71204,0.39940,3.09111
482.05000,-2.72205,0.39990,3.09188
482.10000,-2.73205,0.40039,3.09259
482.15100,-2.74206,0.40088,3.09327
482.20200,-2.75207,0.40136,3.09395
482.25000,-2.76207,0.40185,3.09461
482.30000,-2.77207,0.40233,3.09526
482.35100,-2.78207,0.40280,3.09589
482.40000,-2.79208,0.40327,3.09650
482.45100,-2.80208,0.40373,3.09709
482.50000,-2.81208,0.40418,3.09766
482.55000,-2.82208,0.40463,3.09821
482.60100,-2.83208,0.40508,3.09874
482.65000,-2.84208,0.40551,3.09924
482.70100,-2.85207,0.40593,3.09973
482.75000,-2.86207,0.40634,3.10020
482.80100,-2.87206,0.40675,3.10066
482.85000,-2.88206,0.40716,3.10107
482.90100,-2.89206,0.40756,3.10145
482.95100,-2.90206,0.40796,3.10182
483.00100,-2.91205,0.40836,3.10220
483.05000,-2.92205,0.40875,3.10256
483.10100,-2.93205,0.40914,3.10292
483.15000,-2.94204,0.40952,3.10329
483.20000,-2.95206,0.40990,3.10360
483.25100,-2.96206,0.41028,3.10388
483.30100,-2.97206,0.41066,3.10420
483.35000,-2.98206,0.41103,3.10444
483.40100,-2.99205,0.41140,3.10471
483.45100,-3.00204,0.41177,3.10496
483.50100,-3.01204,0.41214,3.10519
483.55100,-3.02203,0.41250,3.10540
483.60100,-3.03203,0.41286,3.10559
483.65000,-3.04202,0.41322,3.10575
483.70200,-3.05201,0.41358,3.10590
483.75000,-3.06201,0.41393,3.10602
483.80000,-3.07200,0.41429,3.10612
483.85000,-3.08200,0.41464,3.10623
483.90000,-3.09204,0.41500,3.10633
483.95000,-3.10208,0.41535,3.10641
484.00100,-3.11212,0.41570,3.10647
484.05200,-3.12216,0.41606,3.10652
484.10000,-3.13219,0.41641,3.10658
484.15000,-3.14223,0.41676,3.10663
484.20100,-3.15227,0.41711,3.10667
484.25200,-3.16230,0.41746,3.10671
484.30100,-3.17234,0.41781,3.10674
484.35100,-3.18237,0.41816,3.10677
484.40100,-3.19238,0.41851,3.10669
484.45000,-3.20237,0.41886,3.10661
484.50100,-3.21236,0.41921,3.10648
484.55100,-3.22234,0.41956,3.10631
484.60000,-3.23232,0.41992,3.10613
484.65000,-3.24231,0.42027,3.10593
484.70000,-3.25229,0.42063,3.10572
484.75100,-3.26229,0.42099,3.10554
484.80000,-3.27228,0.42135,3.10535
484.85200,-3.28227,0.42171,3.10515
484.90000,-3.29226,0.42208,3.10494
484.95100,-3.30225,0.42245,3.10473
485.00100,-3.31224,0.42281,3.10451
485.05000,-3.32222,0.42318,3.10424
485.10000,-3.33221,0.42356,3.10396
485.15000,-3.34220,0.42393,3.10368
485.20100,-3.35219,0.42431,3.10338
485.25200,-3.36217,0.42469,3.10306
485.30000,-3.37216,0.42508,3.10274
485.35000,-3.38215,0.42547,3.10241
485.40000,-3.39216,0.42586,3.10208
485.45000,-3.40214,0.42626,3.10170
485.50100,-3.41212,0.42668,3.10129
485.55000,-3.42211,0.42709,3.10088
485.60000,-3.43209,0.42751,3.10046
485.65100,-3.44207,0.42794,3.10003
485.70000,-3.45205,0.42837,3.09959
485.75100,-3.46203,0.42880,3.09915
485.80100,-3.47201,0.42924,3.09870
485.85000,-3.48200,0.42967,3.09825
485.90100,-3.49200,0.43011,3.09777
485.95000,-3.50199,0.43054,3.09732
486.00100,-3.51197,0.43099,3.09686
486.05000,-3.52196,0.43144,3.09640
486.10100,-3.53195,0.43189,3.09593
486.15000,-3.54194,0.43235,3.09546
486.20000,-3.55192,0.43282,3.09498
486.25000,-3.56191,0.43328,3.09449
486.30000,-3.57190,0.43376,3.09398
486.35000,-3.58190,0.43424,3.09344
486.40000,-3.59188,0.43472,3.09291
486.45000,-3.60186,0.43521,3.09236
486.50000,-3.61185,0.43570,3.09179
486.55100,-3.62183,0.43621,3.09129
486.60000,-3.63181,0.43671,3.09076
486.65000,-3.64179,0.43722,3.09022
486.70000,-3.65177,0.43774,3.08968
486.75000,-3.66175,0.43826,3.08914
486.80000,-3.67172,0.43879,3.08858
486.85000,-3.68171,0.43932,3.08798
486.90100,-3.69170,0.43986,3.08738
486.95000,-3.70167,0.44041,3.08682
487.00000,-3.71165,0.44096,3.08632
487.05000,-3.72163,0.44152,3.08577
487.10000,-3.73159,0.44208,3.08539
487.15000,-3.74158,0.44264,3.08496
487.20000,-3.75156,0.44321,3.08444
487.25000,-3.76153,0.44379,3.08390
487.30000,-3.77149,0.44436,3.08335
487.35300,-3.78146,0.44495,3.08280
487.40100,-3.79143,0.44554,3.08225
487.45000,-3.80140,0.44613,3.08170
487.50000,-3.81137,0.44673,3.08115
487.55100,-3.82134,0.44734,3.08060
487.60100,-3.83131,0.44795,3.08005
487.65300,-3.84127,0.44857,3.07950
487.70100,-3.85124,0.44919,3.07896
487.75000,-3.86121,0.44982,3.07841
487.80000,-3.87117,0.45045,3.07786
487.85000,-3.88114,0.45109,3.07732
487.90000,-3.89112,0.45173,3.07743
487.95000,-3.90110,0.45237,3.07755
488.00000,-3.91110,0.45301,3.07763
488.05000,-3.92109,0.45365,3.07766
488.10100,-3.93109,0.45429,3.07766
488.15200,-3.94108,0.45493,3.07770
488.20000,-3.95105,0.45557,3.07777
488.25100,-3.96103,0.45621,3.07784
488.30000,-3.97101,0.45684,3.07790
488.35000,-3.98099,0.45748,3.07796
488.40100,-3.99097,0.45812,3.07802
488.45000,-4.00095,0.45875,3.07808
488.50100,-4.01093,0.45939,3.07813
488.55000,-4.02091,0.46002,3.07817
488.60000,-4.03092,0.46065,3.07821
488.65100,-4.04091,0.46129,3.07827
488.70000,-4.05090,0.46192,3.07834
488.75100,-4.06090,0.46255,3.07835
488.80100,-4.07088,0.46318,3.07840
488.85100,-4.08086,0.46381,3.07845
488.90100,-4.09085,0.46444,3.07849
488.95000,-4.10083,0.46507,3.07852
489.00100,-4.11081,0.46570,3.07853
489.05000,-4.12079,0.46632,3.07855
489.10100,-4.13077,0.46696,3.07854
489.15200,-4.14076,0.46759,3.07852
489.20100,-4.15074,0.46822,3.07852
489.25100,-4.16072,0.46885,3.07852
489.30100,-4.17070,0.46948,3.07851
489.35200,-4.18068,0.47011,3.07850
489.40000,-4.19066,0.47074,3.07846
489.45000,-4.20065,0.47137,3.07850
489.50100,-4.21063,0.47200,3.07843
489.55000,-4.22060,0.47263,3.07843
489.60000,-4.23058,0.47326,3.07831
489.65100,-4.24056,0.47390,3.07825
489.70000,-4.25054,0.47453,3.07817
489.75000,-4.26052,0.47517,3.07809
489.80100,-4.27049,0.47580,3.07801
489.85000,-4.28047,0.47644,3.07794
489.90100,-4.29045,0.47707,3.07787
489.95000,-4.30043,0.47771,3.07780
490.00000,-4.31041,0.47835,3.07772
490.05100,-4.32039,0.47899,3.07763
490.10100,-4.33038,0.47963,3.07759
490.15000,-4.34037,0.48027,3.07764
490.20000,-4.35037,0.48091,3.07768
490.25100,-4.36037,0.48155,3.07772
490.30100,-4.37037,0.48219,3.07775
490.35000,-4.38037,0.48283,3.07779
490.40100,-4.39037,0.48347,3.07782
490.45100,-4.40037,0.48411,3.07784
490.50000,-4.41037,0.48475,3.07787
490.55200,-4.42036,0.48539,3.07788
490.60000,-4.43036,0.48603,3.07790
490.65100,-4.44035,0.48666,3.07792
490.70000,-4.45035,0.48730,3.07794
490.75000,-4.46034,0.48794,3.07795
490.80000,-4.47034,0.48857,3.07797
490.85100,-4.48033,0.48921,3.07798
490.90000,-4.49033,0.48985,3.07799
490.95100,-4.50031,0.49048,3.07787
491.00200,-4.51028,0.49112,3.07766
491.05100,-4.52025,0.49176,3.07740
491.10000,-4.53023,0.49240,3.07715
491.15000,-4.54021,0.49304,3.07688
491.20100,-4.55018,0.49369,3.07665
491.25000,-4.56016,0.49434,3.07640
491.30000,-4.57012,0.49499,3.07610
491.35100,-4.58009,0.49565,3.07578
491.40100,-4.59006,0.49631,3.07545
491.45100,-4.60003,0.49697,3.07510
491.50200,-4.61000,0.49763,3.07473
491.55000,-4.61997,0.49830,3.07433
491.60000,-4.62996,0.49898,3.07392
491.65300,-4.63996,0.49965,3.07347
491.70000,-4.64994,0.50034,3.07297
491.75000,-4.65990,0.50104,3.07243
491.80000,-4.66987,0.50174,3.07189
491.85000,-4.67983,0.50245,3.07132
491.90000,-4.68979,0.50317,3.07074
491.95000,-4.69975,0.50389,3.07015
492.00100,-4.70971,0.50462,3.06953
492.05100,-4.71968,0.50535,3.06891
492.10200,-4.72966,0.50608,3.06822
492.15100,-4.73963,0.50681,3.06759
492.20100,-4.74960,0.50755,3.06689
492.25100,-4.75957,0.50830,3.06623
492.30100,-4.76954,0.50906,3.06556
492.35000,-4.77951,0.50982,3.06487
492.40000,-4.78947,0.51059,3.06415
492.45100,-4.79944,0.51137,3.06342
492.50000,-4.80940,0.51215,3.06267
492.55100,-4.81936,0.51294,3.06190
492.60100,-4.82932,0.51374,3.06113
492.65100,-4.83929,0.51455,3.06029
492.70100,-4.84927,0.51537,3.05940
492.75000,-4.85923,0.51620,3.05854
492.80000,-4.86919,0.51703,3.05771
492.85000,-4.87915,0.51787,3.05693
492.90000,-4.88910,0.51872,3.05608
492.95000,-4.89905,0.51958,3.05521
493.00000,-4.90900,0.52045,3.05427
493.05100,-4.91896,0.52133,3.05328
493.10000,-4.92892,0.52221,3.05228
493.15000,-4.93888,0.52311,3.05127
493.20000,-4.94882,0.52402,3.05031
493.25000,-4.95879,0.52493,3.04943
493.30100,-4.96874,0.52585,3.04860
493.35100,-4.97865,0.52678,3.04766
493.40000,-4.98858,0.52772,3.04667
493.45000,-4.99850,0.52867,3.04567
493.50100,-5.00843,0.52963,3.04470
493.55000,-5.01837,0.53061,3.04372
493.60000,-5.02830,0.53160,3.04274
493.65000,-5.03822,0.53261,3.04174
493.70000,-5.04815,0.53362,3.04081
493.75200,-5.05808,0.53462,3.03982
493.80100,-5.06800,0.53564,3.03882
493.85100,-5.07793,0.53667,3.03781
493.90000,-5.08785,0.53771,3.03679
493.95000,-5.09777,0.53876,3.03577
494.00300,-5.10768,0.53982,3.03474
494.05100,-5.11760,0.54089,3.03371
494.10000,-5.12752,0.54196,3.03267
494.15200,-5.13743,0.54305,3.03163
494.20100,-5.14734,0.54415,3.03058
494.25100,-5.15726,0.54526,3.02953
494.30100,-5.16718,0.54639,3.02856
494.35100,-5.17709,0.54753,3.02748
494.40000,-5.18700,0.54868,3.02640
494.45000,-5.19690,0.54985,3.02532
494.50000,-5.20681,0.55103,3.02424
494.55100,-5.21671,0.55221,3.02316
494.60000,-5.22661,0.55341,3.02208
494.65000,-5.23652,0.55462,3.02100
494.70100,-5.24642,0.55584,3.01991
494.75000,-5.25632,0.55707,3.01882
494.80000,-5.26621,0.55830,3.01772
494.85000,-5.27611,0.55956,3.01663
494.90000,-5.28600,0.56082,3.01554
494.95000,-5.29590,0.56209,3.01444
495.00200,-5.30579,0.56337,3.01333
495.05200,-5.31568,0.56466,3.01224
495.10100,-5.32557,0.56597,3.01113
495.15100,-5.33545,0.56728,3.01002
495.20100,-5.34537,0.56860,3.00894
495.25000,-5.35527,0.56992,3.00787
495.30000,-5.36517,0.57126,3.00681
495.35200,-5.37508,0.57261,3.00573
495.40300,-5.38497,0.57397,3.00466
495.45000,-5.39487,0.57534,3.00358
495.50200,-5.40476,0.57671,3.00250
495.55000,-5.41465,0.57811,3.00141
495.60100,-5.42453,0.57951,3.00032
495.65000,-5.43442,0.58092,2.99922
495.70200,-5.44430,0.58234,2.99812
495.75200,-5.45418,0.58378,2.99702
495.80100,-5.46407,0.58522,2.99597
495.85000,-5.47396,0.58668,2.99486
495.90000,-5.48383,0.58814,2.99373
495.95100,-5.49371,0.58962,2.99257
496.00000,-5.50359,0.59111,2.99144
496.05000,-5.51347,0.59261,2.99025
496.10100,-5.52333,0.59412,2.98914
496.15200,-5.53319,0.59564,2.98805
496.20000,-5.54305,0.59717,2.98697
496.25000,-5.55290,0.59871,2.98590
496.30000,-5.56277,0.60027,2.98496
496.35000,-5.57263,0.60183,2.98400
496.40000,-5.58250,0.60341,2.98300
496.45100,-5.59235,0.60499,2.98206
496.50000,-5.60222,0.60658,2.98110
496.55100,-5.61204,0.60818,2.98018
496.60000,-5.62187,0.60978,2.97927
496.65000,-5.63170,0.61139,2.97835
496.70100,-5.64152,0.61302,2.97743
496.75000,-5.65135,0.61465,2.97651
496.80300,-5.66117,0.61629,2.97559
496.85100,-5.67099,0.61794,2.97467
496.90000,-5.68081,0.61960,2.97376
496.95000,-5.69062,0.62127,2.97284
497.00100,-5.70044,0.62294,2.97193
497.05100,-5.71026,0.62463,2.97102
497.10100,-5.72007,0.62632,2.97012
497.15300,-5.72989,0.62803,2.96922
497.20200,-5.73970,0.62974,2.96833
497.25100,-5.74952,0.63146,2.96745
497.30100,-5.75934,0.63319,2.96654
497.35100,-5.76915,0.63493,2.96560
497.40000,-5.77896,0.63668,2.96458
497.45000,-5.78877,0.63844,2.96349
497.50100,-5.79859,0.64022,2.96240
497.55100,-5.80841,0.64200,2.96138
497.60000,-5.81824,0.64380,2.96044
497.65200,-5.82808,0.64561,2.95954
497.70100,-5.83794,0.64743,2.95859
497.75000,-5.84779,0.64926,2.95756
497.80000,-5.85760,0.65109,2.95650
497.85200,-5.86742,0.65293,2.95546
497.90100,-5.87723,0.65478,2.95448
497.95000,-5.88704,0.65664,2.95347
498.00000,-5.89685,0.65851,2.95247
498.05000,-5.90667,0.66039,2.95146
498.10000,-5.91648,0.66229,2.95046
498.15100,-5.92629,0.66419,2.94947
498.20000,-5.93610,0.66610,2.94848
498.25000,-5.94591,0.66802,2.94750
498.30000,-5.95572,0.66995,2.94652
498.35100,-5.96553,0.67189,2.94554
498.40100,-5.97533,0.67384,2.94457
498.45100,-5.98513,0.67580,2.94360
498.50000,-5.99493,0.67777,2.94263
498.55000,-6.00473,0.67975,2.94167
498.60100,-6.01452,0.68174,2.94071
498.65100,-6.02431,0.68374,2.93976
498.70100,-6.03410,0.68575,2.93880
498.75000,-6.04388,0.68776,2.93785
498.80000,-6.05366,0.68979,2.93690
498.85000,-6.06344,0.69183,2.93595
498.90000,-6.07322,0.69387,2.93500
498.95000,-6.08299,0.69593,2.93406
499.00000,-6.09276,0.69799,2.93311
499.05100,-6.10253,0.70006,2.93217
499.10000,-6.11230,0.70215,2.93131
499.15000,-6.12206,0.70423,2.93039
499.20000,-6.13183,0.70633,2.92944
499.25000,-6.14158,0.70844,2.92852
499.30000,-6.15133,0.71055,2.92761
499.35000,-6.16108,0.71268,2.92670
499.40100,-6.17083,0.71482,2.92578
499.45100,-6.18057,0.71697,2.92492
499.50100,-6.19033,0.71912,2.92403
499.55100,-6.20010,0.72129,2.92310
499.60100,-6.20984,0.72345,2.92224
499.65100,-6.21957,0.72563,2.92142
499.70000,-6.22931,0.72781,2.92057
499.75000,-6.23904,0.73000,2.91971
499.80100,-6.24878,0.73220,2.91886
499.85200,-6.25851,0.73441,2.91802
499.90000,-6.26824,0.73663,2.91718
499.95200,-6.27797,0.73885,2.91635
500.00100,-6.28769,0.74109,2.91553
500.05100,-6.29742,0.74333,2.91471
500.10000,-6.30714,0.74558,2.91390
500.15000,-6.31686,0.74783,2.91309
500.20000,-6.32658,0.75010,2.91229
500.25000,-6.33630,0.75237,2.91149
500.30100,-6.34602,0.75465,2.91070
500.35100,-6.35573,0.75694,2.90992
500.40000,-6.36544,0.75923,2.90914
500.45000,-6.37515,0.76154,2.90836
500.50100,-6.38486,0.76385,2.90759
500.55100,-6.39457,0.76616,2.90683
500.60100,-6.40428,0.76849,2.90607
500.65000,-6.41398,0.77082,2.90532
500.70000,-6.42369,0.77316,2.90457
500.75000,-6.43340,0.77551,2.90396
500.80100,-6.44312,0.77787,2.90322
500.85000,-6.45283,0.78023,2.90242
500.90000,-6.46252,0.78261,2.90166
500.95000,-6.47222,0.78500,2.90093
501.00200,-6.48191,0.78740,2.90020
501.05000,-6.49160,0.78980,2.89949
501.10000,-6.50129,0.79221,2.89878
501.15000,-6.51097,0.79463,2.89807
501.20100,-6.52066,0.79704,2.89737
501.25100,-6.53035,0.79947,2.89668
501.30100,-6.54006,0.80190,2.89604
501.35000,-6.54976,0.80433,2.89538
501.40200,-6.55945,0.80677,2.89472
501.45100,-6.56915,0.80922,2.89407
501.50000,-6.57884,0.81167,2.89341
501.55100,-6.58854,0.81412,2.89276
501.60100,-6.59823,0.81659,2.89211
501.65000,-6.60792,0.81906,2.89147
501.70000,-6.61760,0.82154,2.89083
501.75000,-6.62729,0.82402,2.89019
501.80100,-6.63697,0.82651,2.88956
501.85200,-6.64665,0.82900,2.88893
501.90200,-6.65633,0.83150,2.88830
501.95200,-6.66601,0.83401,2.88767
502.00000,-6.67569,0.83653,2.88705
502.05000,-6.68536,0.83905,2.88643
502.10100,-6.69503,0.84157,2.88581
502.15100,-6.70470,0.84410,2.88519
502.20200,-6.71436,0.84664,2.88456
502.25000,-6.72402,0.84919,2.88394
502.30100,-6.73368,0.85174,2.88330
502.35000,-6.74334,0.85429,2.88268
502.40000,-6.75299,0.85685,2.88203
502.45000,-6.76265,0.85942,2.88140
502.50000,-6.77234,0.86201,2.88079
502.55000,-6.78204,0.86459,2.88018
502.60100,-6.79168,0.86717,2.87958
502.65000,-6.80131,0.86976,2.87897
502.70000,-6.81095,0.87236,2.87838
502.75000,-6.82059,0.87496,2.87778
502.80000,-6.83022,0.87756,2.87719
502.85100,-6.83985,0.88017,2.87660
502.90000,-6.84949,0.88279,2.87601
502.95000,-6.85912,0.88541,2.87543
503.00000,-6.86875,0.88804,2.87484
503.05100,-6.87837,0.89068,2.87426
503.10000,-6.88800,0.89331,2.87369
503.15100,-6.89763,0.89596,2.87311
503.20000,-6.90725,0.89861,2.87254
503.25000,-6.91687,0.90127,2.87196
503.30000,-6.92649,0.90393,2.87140
503.35000,-6.93611,0.90660,2.87083
503.40100,-6.94573,0.90927,2.87026
503.45000,-6.95534,0.91195,2.86970
503.50100,-6.96496,0.91463,2.86913
503.55100,-6.97457,0.91732,2.86857
503.60100,-6.98418,0.92001,2.86801
503.65000,-6.99379,0.92271,2.86746
503.70000,-7.00340,0.92542,2.86690
503.75000,-7.01300,0.92813,2.86635
503.80200,-7.02261,0.93084,2.86579
503.85100,-7.03221,0.93356,2.86524
503.90100,-7.04181,0.93629,2.86469
503.95000,-7.05146,0.93903,2.86423
504.00000,-7.06109,0.94178,2.86371
504.05000,-7.07070,0.94452,2.86316
504.10000,-7.08032,0.94727,2.86261
504.15000,-7.08993,0.95002,2.86209
504.20000,-7.09955,0.95279,2.86151
504.25000,-7.10917,0.95556,2.86094
504.30000,-7.11878,0.95833,2.86042
504.35000,-7.12839,0.96110,2.85988
504.40000,-7.13800,0.96388,2.85934
504.45000,-7.14760,0.96667,2.85882
504.50200,-7.15720,0.96946,2.85829
504.55000,-7.16680,0.97226,2.85777
504.60200,-7.17640,0.97506,2.85725
504.65100,-7.18600,0.97787,2.85673
504.70000,-7.19560,0.98068,2.85620
504.75100,-7.20519,0.98349,2.85568
504.80000,-7.21478,0.98631,2.85516
504.85000,-7.22438,0.98914,2.85464
504.90000,-7.23397,0.99197,2.85412
504.95200,-7.24355,0.99481,2.85360
505.00100,-7.25314,0.99765,2.85307
505.05100,-7.26273,1.00050,2.85255
505.10100,-7.27231,1.00335,2.85203
505.15000,-7.28189,1.00620,2.85151
505.20000,-7.29149,1.00907,2.85093
505.25000,-7.30108,1.01194,2.85036
505.30100,-7.31067,1.01482,2.84984
505.35000,-7.32024,1.01770,2.84932
505.40100,-7.32982,1.02058,2.84882
505.45100,-7.33938,1.02347,2.84829
505.50100,-7.34894,1.02636,2.84773
505.55100,-7.35851,1.02926,2.84719
505.60000,-7.36809,1.03216,2.84665
505.65000,-7.37766,1.03507,2.84614
505.70000,-7.38722,1.03799,2.84571
505.75000,-7.39678,1.04090,2.84529
505.80100,-7.40632,1.04382,2.84491
505.85100,-7.41586,1.04674,2.84455
505.90000,-7.42540,1.04965,2.84417
505.95100,-7.43493,1.05258,2.84379
506.00100,-7.44447,1.05551,2.84330
506.05000,-7.45401,1.05844,2.84274
506.10000,-7.46355,1.06138,2.84218
506.15000,-7.47309,1.06433,2.84162
506.20000,-7.48262,1.06728,2.84107
506.25200,-7.49216,1.07024,2.84051
506.30000,-7.50169,1.07321,2.83995
506.35100,-7.51122,1.07617,2.83939
506.40000,-7.52075,1.07915,2.83884
506.45100,-7.53028,1.08213,2.83828
506.50100,-7.53980,1.08511,2.83772
506.55000,-7.54933,1.08810,2.83716
506.60100,-7.55885,1.09110,2.83661
506.65100,-7.56837,1.09410,2.83605
506.70100,-7.57789,1.09710,2.83549
506.75000,-7.58741,1.10011,2.83493
506.80100,-7.59692,1.10313,2.83438
506.85100,-7.60643,1.10615,2.83382
506.90100,-7.61594,1.10917,2.83326
506.95000,-7.62545,1.11221,2.83270
507.00000,-7.63496,1.11524,2.83214
507.05000,-7.64448,1.11829,2.83159
507.10100,-7.65404,1.12135,2.83104
507.15000,-7.66360,1.12442,2.83050
507.20100,-7.67313,1.12749,2.82994
507.25100,-7.68264,1.13056,2.82937
507.30100,-7.69216,1.13363,2.82883
507.35000,-7.70169,1.13671,2.82831
507.40000,-7.71121,1.13980,2.82773
507.45100,-7.72073,1.14289,2.82718
507.50100,-7.73025,1.14599,2.82666
507.55100,-7.73976,1.14909,2.82584
507.60100,-7.74926,1.15220,2.82503
507.65000,-7.75876,1.15531,2.82422
507.70000,-7.76826,1.15843,2.82340
507.75000,-7.77775,1.16156,2.82259
507.80000,-7.78724,1.16470,2.82179
507.85000,-7.79674,1.16785,2.82100
507.90000,-7.80623,1.17100,2.82023
507.95100,-7.81571,1.17416,2.81949
508.00000,-7.82520,1.17733,2.81876
508.05100,-7.83468,1.18050,2.81806
508.10000,-7.84416,1.18368,2.81739
508.15000,-7.85364,1.18687,2.81673
508.20000,-7.86311,1.19006,2.81610
508.25000,-7.87258,1.19326,2.81550
508.30100,-7.88205,1.19647,2.81491
508.35100,-7.89154,1.19968,2.81429
508.40000,-7.90102,1.20290,2.81371
508.45100,-7.91049,1.20613,2.81320
508.50100,-7.91996,1.20935,2.81271
508.55100,-7.92942,1.21258,2.81223
508.60100,-7.93887,1.21582,2.81176
508.65100,-7.94833,1.21906,2.81133
508.70100,-7.95778,1.22230,2.81089
508.75000,-7.96723,1.22555,2.81049
508.80100,-7.97668,1.22880,2.81017
508.85000,-7.98614,1.23205,2.80994
508.90200,-7.99558,1.23531,2.80972
508.95100,-8.00503,1.23856,2.80952
509.00000,-8.01447,1.24182,2.80938
509.05100,-8.02391,1.24508,2.80931
509.10000,-8.03334,1.24833,2.80926
509.15000,-8.04278,1.25160,2.80908
509.20100,-8.05223,1.25488,2.80893
509.25100,-8.06167,1.25815,2.80878
509.30000,-8.07111,1.26144,2.80866
509.35100,-8.08056,1.26471,2.80859
509.40000,-8.09000,1.26800,2.80853
509.45000,-8.09944,1.27128,2.80849
509.50000,-8.10889,1.27456,2.80850
509.55000,-8.11833,1.27785,2.80852
509.60000,-8.12778,1.28113,2.80857
509.65100,-8.13723,1.28441,2.80865
509.70000,-8.14668,1.28769,2.80875
509.75100,-8.15613,1.29096,2.80899
509.80000,-8.16558,1.29423,2.80920
509.85100,-8.17503,1.29751,2.80938
509.90100,-8.18449,1.30077,2.80956
509.95000,-8.19395,1.30403,2.80992
510.00000,-8.20341,1.30728,2.81031
510.05000,-8.21287,1.31054,2.81066
510.10000,-8.22234,1.31379,2.81101
510.15100,-8.23183,1.31704,2.81137
510.20100,-8.24130,1.32029,2.81181
510.25000,-8.25077,1.32353,2.81221
510.30100,-8.26023,1.32676,2.81261
510.35100,-8.26970,1.32999,2.81306
510.40000,-8.27917,1.33321,2.81352
510.45000,-8.28864,1.33643,2.81407
510.50100,-8.29812,1.33965,2.81456
510.55000,-8.30759,1.34286,2.81507
510.60100,-8.31707,1.34606,2.81562
510.65000,-8.32655,1.34926,2.81622
510.70100,-8.33603,1.35246,2.81684
510.75200,-8.34551,1.35564,2.81750
510.80100,-8.35499,1.35882,2.81819
510.85100,-8.36447,1.36200,2.81890
510.90000,-8.37396,1.36517,2.81965
510.95100,-8.38337,1.36827,2.82609
511.00000,-8.39285,1.37132,2.83341
511.05100,-8.40222,1.37426,2.84109
511.10200,-8.41159,1.37712,2.84903
511.15100,-8.42098,1.37991,2.85719
511.20100,-8.43039,1.38262,2.86556
511.25100,-8.43982,1.38524,2.87415
511.30000,-8.44926,1.38779,2.88297
511.35100,-8.45872,1.39024,2.89204
511.40000,-8.46819,1.39261,2.90135
511.45000,-8.47768,1.39489,2.91092
511.50000,-8.48719,1.39707,2.92076
511.55100,-8.49671,1.39916,2.93090
511.60000,-8.50624,1.40115,2.94133
511.65000,-8.51578,1.40303,2.95208
511.70100,-8.52534,1.40481,2.96319
511.75100,-8.53491,1.40648,2.97465
511.80100,-8.54449,1.40803,2.98651
511.85100,-8.55428,1.40950,2.99885
511.90100,-8.56436,1.41088,3.01186
511.95100,-8.57459,1.41222,3.02453
512.00300,-8.58047,1.41245,3.03562
512.05000,-8.58148,1.41248,3.04867
512.10000,-8.58186,1.41251,3.06368
512.15200,-8.58217,1.41253,3.07926
512.20200,-8.58236,1.41253,3.09550
512.25200,-8.58249,1.41253,3.11212
512.30100,-8.58262,1.41253,3.12875
512.35100,-8.58275,1.41253,-3.13781
512.40000,-8.58288,1.41253,-3.12118
512.45100,-8.58301,1.41253,-3.10455
512.50000,-8.58315,1.41253,-3.08792
512.55000,-8.58329,1.41253,-3.07128
512.60000,-8.58342,1.41253,-3.05465
512.65000,-8.58356,1.41252,-3.03801
512.70300,-8.58370,1.41252,-3.02137
512.75000,-8.58384,1.41252,-3.00473
512.80100,-8.58399,1.41251,-2.98809
512.85000,-8.58413,1.41250,-2.97145
512.90000,-8.58427,1.41250,-2.95480
512.95000,-8.58442,1.41249,-2.93815
513.00000,-8.58457,1.41248,-2.92151
513.05000,-8.58471,1.41248,-2.90486
513.10000,-8.58486,1.41247,-2.88820
513.15100,-8.58501,1.41246,-2.87155
513.20100,-8.58516,1.41245,-2.85490
513.25100,-8.58532,1.41244,-2.83824
513.30000,-8.58547,1.41243,-2.82159
513.35000,-8.58562,1.41242,-2.80493
513.40000,-8.58578,1.41240,-2.78827
513.45100,-8.58593,1.41239,-2.77161
513.50100,-8.58609,1.41238,-2.75495
513.55000,-8.58624,1.41236,-2.73828
513.60000,-8.58640,1.41235,-2.72162
513.65000,-8.58656,1.41233,-2.70495
513.70200,-8.58672,1.41232,-2.68828
513.75000,-8.58688,1.41230,-2.67162
513.80000,-8.58704,1.41228,-2.65495
513.85200,-8.58721,1.41227,-2.63828
513.90000,-8.58737,1.41225,-2.62161
513.95000,-8.58753,1.41223,-2.60493
514.00000,-8.58791,1.41203,-2.58134
514.05000,-8.58821,1.41191,-2.55176
514.10000,-8.58879,1.41153,-2.52181
514.15000,-8.58940,1.41108,-2.49130
514.20000,-8.59001,1.41059,-2.46039
514.25100,-8.59049,1.41022,-2.42979
514.30100,-8.59078,1.40998,-2.39987
514.35100,-8.59127,1.40954,-2.36850
514.40100,-8.59169,1.40913,-2.33710
514.45100,-8.59169,1.40912,-2.30766
514.50100,-8.59170,1.40911,-2.27790
514.55000,-8.59171,1.40910,-2.24789
514.60100,-8.59172,1.40909,-2.21764
514.65200,-8.59172,1.40908,-2.18717
514.70000,-8.59173,1.40907,-2.15650
514.75000,-8.59174,1.40906,-2.12564
514.80000,-8.59174,1.40905,-2.09463
514.85100,-8.59175,1.40904,-2.06348
514.90000,-8.59175,1.40903,-2.03220
514.95100,-8.59176,1.40902,-2.00082
515.00100,-8.59177,1.40901,-1.96937
515.05000,-8.59177,1.40900,-1.93785
515.10000,-8.59177,1.40898,-1.90628
515.15100,-8.59178,1.40897,-1.87470
515.20000,-8.59178,1.40896,-1.84311
515.25000,-8.59179,1.40895,-1.81154
515.30100,-8.59179,1.40893,-1.77999
515.35100,-8.59179,1.40892,-1.74850
515.40000,-8.59179,1.40890,-1.71708
515.45000,-8.59180,1.40889,-1.68575
515.50000,-8.59180,1.40888,-1.65451
515.55100,-8.59180,1.40886,-1.62340
515.60000,-8.59180,1.40885,-1.59241
515.65000,-8.59180,1.40883,-1.56158
515.70000,-8.59180,1.40881,-1.53091
515.75100,-8.59180,1.40880,-1.50041
515.80100,-8.59180,1.40878,-1.47011
515.85000,-8.59138,1.40697,-1.43996
515.90100,-8.59025,1.40089,-1.41024
515.95000,-8.58851,1.39113,-1.37996
516.00000,-8.58646,1.38134,-1.34973
516.05000,-8.58408,1.37151,-1.31824
516.10100,-8.58137,1.36124,-1.28461
516.15000,-8.58105,1.35776,-1.24835
516.20000,-8.58093,1.35740,-1.21272
516.25100,-8.58092,1.35739,-1.17825
516.30000,-8.58092,1.35738,-1.14417
516.35000,-8.58091,1.35737,-1.11047
516.40000,-8.58090,1.35735,-1.07717
516.45000,-8.58090,1.35734,-1.04426
516.50000,-8.57963,1.35572,-1.01168
516.55000,-8.57545,1.34939,-0.98211
516.60100,-8.56985,1.34128,-0.95081
516.65000,-8.56391,1.33324,-0.91853
516.70000,-8.55771,1.32540,-0.88562
516.75200,-8.55125,1.31776,-0.85205
516.80100,-8.54470,1.31026,-0.81861
516.85100,-8.54321,1.30824,-0.78400
516.90100,-8.54254,1.30758,-0.74495
516.95100,-8.54188,1.30698,-0.70587
517.00200,-8.54124,1.30646,-0.66748
517.05100,-8.53943,1.30491,-0.63221
517.10000,-8.53434,1.30083,-0.59744
517.15000,-8.52632,1.29551,-0.56386
517.20000,-8.51778,1.29031,-0.53044
517.25000,-8.50907,1.28540,-0.49682
517.30100,-8.50020,1.28078,-0.46300
517.35000,-8.49118,1.27647,-0.42901
517.40000,-8.48202,1.27247,-0.39484
517.45000,-8.47272,1.26878,-0.36053
517.50200,-8.46330,1.26541,-0.32608
517.55100,-8.45378,1.26237,-0.29152
517.60000,-8.44415,1.25967,-0.25689
517.65000,-8.43444,1.25729,-0.22223
517.70000,-8.42465,1.25526,-0.18757
517.75000,-8.41479,1.25357,-0.15301
517.80000,-8.40489,1.25221,-0.11863
517.85100,-8.39494,1.25120,-0.08462
517.90100,-8.38496,1.25052,-0.05129
517.95300,-8.37497,1.25017,-0.01936
518.00000,-8.36500,1.25012,0.00895
518.05000,-8.35620,1.25021,0.03543
518.10000,-8.35078,1.25031,0.04487
518.15000,-8.34551,1.25042,0.04928
518.20100,-8.34024,1.25053,0.05200
518.25000,-8.33497,1.25065,0.05268
518.30100,-8.32970,1.25079,0.04529
518.35000,-8.32494,1.25093,0.02839
518.40000,-8.32129,1.25098,0.00636
518.45200,-8.31946,1.25098,-0.02303
518.50100,-8.31940,1.25098,-0.05917
518.55100,-8.31939,1.25097,-0.09447
518.60100,-8.31939,1.25097,-0.12774
518.65000,-8.31939,1.25097,-0.15878
518.70000,-8.31938,1.25097,-0.18744
518.75200,-8.31938,1.25097,-0.21370
518.80000,-8.31938,1.25097,-0.23758
518.85100,-8.31937,1.25097,-0.25915
518.90000,-8.31937,1.25097,-0.27852
518.95100,-8.31937,1.25097,-0.29589
519.00100,-8.31937,1.25097,-0.31144
519.05000,-8.31936,1.25097,-0.32529
519.10200,-8.31936,1.25097,-0.33769
519.15100,-8.31936,1.25097,-0.34878
519.20000,-8.31936,1.25097,-0.35869
519.25000,-8.31935,1.25096,-0.36754
519.30100,-8.31935,1.25096,-0.37550
519.35000,-8.31937,1.25097,-0.38278
519.40100,-8.31937,1.25097,-0.38971
519.45000,-8.31936,1.25097,-0.39549
519.50000,-8.31936,1.25096,-0.40070
519.55000,-8.31936,1.25096,-0.40540
519.60100,-8.31936,1.25096,-0.40967
519.65000,-8.31936,1.25096,-0.41352
519.70000,-8.31935,1.25096,-0.41699
519.75100,-8.31807,1.24986,-0.42116
519.80100,-8.31324,1.24609,-0.42589
519.85000,-8.30606,1.24195,-0.42829
519.90100,-8.29711,1.23779,-0.43031
519.95100,-8.28808,1.23362,-0.43241
520.00000,-8.27906,1.22943,-0.43499
520.05000,-8.27107,1.22599,-0.43641
520.10000,-8.26777,1.22467,-0.42745
520.15000,-8.26590,1.22385,-0.40503
520.20100,-8.26125,1.22191,-0.37343
520.25000,-8.25716,1.22042,-0.34086
520.30000,-8.25455,1.21953,-0.31606
520.35000,-8.25255,1.21895,-0.29167
520.40000,-8.25219,1.21884,-0.27043
520.45000,-8.25181,1.21874,-0.24935
520.50000,-8.25144,1.21865,-0.22851
520.55000,-8.25106,1.21857,-0.20792
520.60000,-8.25069,1.21849,-0.18760
520.65000,-8.25031,1.21842,-0.16753
520.70000,-8.24993,1.21836,-0.14772
520.75000,-8.24954,1.21831,-0.12819
520.80000,-8.24695,1.21783,-0.10923
520.85000,-8.23910,1.21695,-0.09064
520.90000,-8.22915,1.21613,-0.07209
520.95000,-8.21918,1.21551,-0.05380
521.00000,-8.20921,1.21506,-0.03578
521.05000,-8.19923,1.21480,-0.01802
521.10000,-8.18924,1.21471,-0.00054
521.15000,-8.17915,1.21479,0.01717
521.20000,-8.16899,1.21505,0.03519
521.25000,-8.15890,1.21549,0.05323
521.30000,-8.14860,1.21613,0.07168
521.35000,-8.13822,1.21695,0.08984
521.40000,-8.12798,1.21795,0.10793
521.45000,-8.11773,1.21914,0.12543
521.50000,-8.10758,1.22049,0.14268
521.55000,-8.09735,1.22202,0.15938
521.60000,-8.08720,1.22373,0.17576
521.65000,-8.07712,1.22558,0.19222
521.70000,-8.06709,1.22760,0.20825
521.75000,-8.05714,1.22977,0.22396
521.80000,-8.04730,1.23208,0.23981
521.85100,-8.03739,1.23454,0.25450
521.90000,-8.02763,1.23714,0.26762
521.95000,-8.01796,1.23985,0.28120
522.00000,-8.00832,1.24268,0.29439
522.05000,-7.99876,1.24563,0.30739
522.10000,-7.98920,1.24870,0.31983
522.15000,-7.98001,1.25181,0.33188
522.20000,-7.97086,1.25503,0.34357
522.25000,-7.96173,1.25835,0.35492
522.30000,-7.95248,1.26184,0.36583
522.35000,-7.94312,1.26546,0.37686
522.40000,-7.93370,1.26925,0.38739
522.45000,-7.92448,1.27305,0.39708
522.50000,-7.91550,1.27687,0.40673
522.55000,-7.90655,1.28077,0.41606
522.60000,-7.89763,1.28476,0.42506
522.65000,-7.88873,1.28883,0.43373
522.70000,-7.87986,1.29299,0.44209
522.75000,-7.87102,1.29721,0.45013
522.80100,-7.86221,1.30151,0.45785
522.85000,-7.85342,1.30588,0.46526
522.90000,-7.84466,1.31032,0.47238
522.95000,-7.83593,1.31482,0.47919
523.00000,-7.82713,1.31943,0.48518
523.05000,-7.81831,1.32411,0.49059
523.10000,-7.80952,1.32884,0.49574
523.15000,-7.80075,1.33361,0.50065
523.20000,-7.79201,1.33842,0.50551
523.25000,-7.78327,1.34329,0.51058
523.30000,-7.77457,1.34818,0.51485
523.35000,-7.76589,1.35312,0.51880
523.40000,-7.75718,1.35811,0.52284
523.45000,-7.74847,1.36316,0.52695
523.50000,-7.73980,1.36822,0.53089
523.55000,-7.73115,1.37331,0.53437
523.60000,-7.72249,1.37845,0.53766
523.65000,-7.71385,1.38362,0.54072
523.70000,-7.70523,1.38882,0.54358
523.75000,-7.69662,1.39403,0.54618
523.80000,-7.68803,1.39927,0.54868
523.85000,-7.67944,1.40453,0.55094
523.90000,-7.67087,1.40981,0.55299
523.95000,-7.66231,1.41511,0.55482
524.00000,-7.65377,1.42041,0.55652
524.05100,-7.64525,1.42571,0.55807
524.10000,-7.63676,1.43101,0.55956
524.15000,-7.62828,1.43630,0.56099
524.20000,-7.61981,1.44162,0.56198
524.25000,-7.61133,1.44697,0.56239
524.30000,-7.60286,1.45231,0.56259
524.35000,-7.59439,1.45765,0.56255
524.40000,-7.58594,1.46298,0.56239
524.45000,-7.57750,1.46830,0.56203
524.50000,-7.56905,1.47361,0.56147
524.55000,-7.56061,1.47892,0.56083
524.60000,-7.55216,1.48422,0.55998
524.65000,-7.54370,1.48951,0.55894
524.70000,-7.53525,1.49480,0.55775
524.75000,-7.52679,1.50007,0.55642
524.80000,-7.51832,1.50532,0.55493
524.85000,-7.50985,1.51056,0.55330
524.90000,-7.50138,1.51578,0.55152
524.95000,-7.49289,1.52099,0.54964
525.00000,-7.48440,1.52617,0.54759
525.05000,-7.47588,1.53134,0.54549
525.10000,-7.46736,1.53648,0.54320
525.15000,-7.45884,1.54159,0.54079
525.20000,-7.45030,1.54668,0.53827
525.25000,-7.44175,1.55175,0.53565
525.30000,-7.43320,1.55680,0.53290
525.35000,-7.42462,1.56184,0.53005
525.40000,-7.41602,1.56687,0.52716
525.45000,-7.40736,1.57189,0.52417
525.50000,-7.39868,1.57691,0.52109
525.55000,-7.39004,1.58186,0.51800
525.60000,-7.38135,1.58680,0.51483
525.65000,-7.37263,1.59172,0.51160
525.70000,-7.36396,1.59658,0.50822
525.75000,-7.35527,1.60140,0.50474
525.80000,-7.34657,1.60619,0.50119
525.85000,-7.33786,1.61095,0.49756
525.90000,-7.32913,1.61568,0.49388
525.95000,-7.32038,1.62038,0.49013
526.00000,-7.31162,1.62504,0.48633
526.05000,-7.30284,1.62966,0.48247
526.10000,-7.29404,1.63425,0.47855
526.15000,-7.28512,1.63886,0.47463
526.20000,-7.27624,1.64340,0.47066
526.25000,-7.26733,1.64791,0.46666
526.30000,-7.25841,1.65239,0.46263
526.35000,-7.24946,1.65683,0.45848
526.40000,-7.24053,1.66122,0.45437
526.45000,-7.23160,1.66556,0.45022
526.50000,-7.22262,1.66988,0.44618
526.55000,-7.21364,1.67416,0.44209
526.60100,-7.20468,1.67836,0.43776
526.65000,-7.19570,1.68253,0.43346
526.70000,-7.18671,1.68667,0.42924
526.75000,-7.17770,1.69077,0.42491
526.80000,-7.16866,1.69484,0.42049
526.85000,-7.15962,1.69886,0.41613
526.90000,-7.15055,1.70284,0.41171
526.95000,-7.14146,1.70679,0.40728
527.00000,-7.13235,1.71070,0.40285
527.05000,-7.12323,1.71456,0.39842
527.10100,-7.11409,1.71839,0.39400
527.15000,-7.10493,1.72217,0.38959
527.20000,-7.09576,1.72591,0.38521
527.25000,-7.08658,1.72961,0.38085
527.30000,-7.07738,1.73327,0.37648
527.35000,-7.06816,1.73689,0.37215
527.40000,-7.05893,1.74048,0.36781
527.45000,-7.04968,1.74402,0.36352
527.50000,-7.04041,1.74752,0.35922
527.55000,-7.03114,1.75098,0.35497
527.60000,-7.02184,1.75440,0.35071
527.65000,-7.01253,1.75779,0.34651
527.70000,-7.00321,1.76113,0.34230
527.75000,-6.99387,1.76444,0.33815
527.80000,-6.98451,1.76771,0.33398
527.85000,-6.97514,1.77094,0.32984
527.90000,-6.96575,1.77415,0.32573
527.95000,-6.95636,1.77730,0.32165
528.00000,-6.94694,1.78041,0.31769
528.05000,-6.93750,1.78350,0.31365
528.10000,-6.92807,1.78654,0.30982
528.15000,-6.91860,1.78956,0.30589
528.20000,-6.90912,1.79254,0.30198
528.25000,-6.89964,1.79548,0.29816
528.30000,-6.89011,1.79839,0.29437
528.35000,-6.88056,1.80128,0.29059
528.40000,-6.87100,1.80412,0.28679
528.45000,-6.86142,1.80695,0.28315
528.50000,-6.85189,1.80971,0.27952
528.55000,-6.84233,1.81244,0.27597
528.60000,-6.83270,1.81516,0.27243
528.65000,-6.82313,1.81782,0.26902
528.70000,-6.81347,1.82047,0.26553
528.75000,-6.80381,1.82308,0.26225
528.80000,-6.79418,1.82567,0.25896
528.85000,-6.78445,1.82824,0.25555
528.90000,-6.77474,1.83076,0.25234
528.95100,-6.76505,1.83324,0.24939
529.00000,-6.75541,1.83569,0.24640
529.05000,-6.74572,1.83812,0.24341
529.10000,-6.73604,1.84052,0.24056
529.15000,-6.72635,1.84288,0.23775
529.20000,-6.71662,1.84523,0.23496
529.25000,-6.70691,1.84754,0.23223
529.30000,-6.69719,1.84983,0.22960
529.35000,-6.68749,1.85209,0.22691
529.40100,-6.67779,1.85430,0.22426
529.45000,-6.66810,1.85649,0.22163
529.50000,-6.65840,1.85864,0.21905
529.55000,-6.64869,1.86078,0.21651
529.60000,-6.63898,1.86289,0.21404
529.65000,-6.62925,1.86498,0.21161
529.70000,-6.61953,1.86704,0.20924
529.75000,-6.60980,1.86908,0.20692
529.80000,-6.60006,1.87110,0.20465
529.85000,-6.59031,1.87310,0.20245
529.90000,-6.58056,1.87507,0.20029
529.95000,-6.57080,1.87703,0.19819
530.00000,-6.56104,1.87896,0.19614
530.05000,-6.55128,1.88088,0.19413
530.10000,-6.54151,1.88277,0.19218
530.15000,-6.53173,1.88465,0.19027
530.20000,-6.52195,1.88650,0.18842
530.25000,-6.51216,1.88836,0.18674
530.30000,-6.50238,1.89020,0.18504
530.35000,-6.49259,1.89203,0.18336
530.40000,-6.48279,1.89384,0.18172
530.45000,-6.47300,1.89563,0.18013
530.50000,-6.46319,1.89740,0.17860
530.55000,-6.45339,1.89917,0.17711
530.60000,-6.44358,1.90092,0.17567
530.65000,-6.43377,1.90265,0.17428
530.70000,-6.42395,1.90437,0.17295
530.75000,-6.41413,1.90608,0.17165
530.80000,-6.40431,1.90778,0.17041
530.85000,-6.39448,1.90946,0.16921
530.90000,-6.38465,1.91114,0.16806
530.95000,-6.37482,1.91280,0.16697
531.00000,-6.36498,1.91445,0.16593
531.05000,-6.35513,1.91610,0.16488
531.10000,-6.34527,1.91773,0.16381
531.15000,-6.33540,1.91936,0.16278
531.20000,-6.32554,1.92098,0.16179
531.25000,-6.31567,1.92258,0.16086
531.30000,-6.30579,1.92418,0.15998
531.35000,-6.29592,1.92577,0.15915
531.40000,-6.28605,1.92735,0.15837
531.45000,-6.27617,1.92892,0.15763
531.50000,-6.26630,1.93049,0.15695
531.55100,-6.25642,1.93205,0.15631
531.60000,-6.24654,1.93360,0.15571
531.65000,-6.23666,1.93515,0.15516
531.70000,-6.22678,1.93669,0.15466
531.75000,-6.21690,1.93823,0.15419
531.80000,-6.20702,1.93976,0.15379
531.85000,-6.19717,1.94130,0.14733
531.90000,-6.18818,1.94233,0.12143
531.95000,-6.18160,1.94295,0.07655
532.00000,-6.17382,1.94336,0.02834
532.05000,-6.16508,1.94339,-0.02193
532.10000,-6.15576,1.94294,-0.07389
532.15000,-6.14636,1.94230,-0.12039
532.20000,-6.13834,1.94155,-0.15691
532.25000,-6.13223,1.94044,-0.20110
532.30000,-6.12509,1.93881,-0.24934
532.35000,-6.11734,1.93660,-0.30057
532.40000,-6.10913,1.93386,-0.35353
532.45000,-6.10128,1.93101,-0.40232
532.50000,-6.09417,1.92812,-0.43657
532.55000,-6.08797,1.92524,-0.46406
532.60000,-6.08278,1.92262,-0.48520
532.65000,-6.08003,1.92123,-0.49175
532.70000,-6.07911,1.92074,-0.48767
532.75000,-6.07863,1.92048,-0.48084
532.80000,-6.07814,1.92023,-0.47377
532.85000,-6.07767,1.91999,-0.46655
532.90000,-6.07731,1.91981,-0.45974
532.95000,-6.07690,1.91961,-0.45255
533.00000,-6.07644,1.91939,-0.44518
533.05000,-6.07602,1.91919,-0.43773
533.10000,-6.07566,1.91902,-0.43037
533.15000,-6.07529,1.91886,-0.42288
533.20000,-6.07493,1.91869,-0.41527
533.25000,-6.07456,1.91853,-0.40755
533.30000,-6.07419,1.91838,-0.39971
533.35000,-6.07382,1.91822,-0.39177
533.40000,-6.07345,1.91807,-0.38373
533.45000,-6.07308,1.91792,-0.37559
533.50100,-6.07271,1.91778,-0.36737
533.55000,-6.07234,1.91764,-0.35907
533.60000,-6.07196,1.91750,-0.35069
533.65000,-6.07159,1.91736,-0.34224
533.70000,-6.07121,1.91723,-0.33372
533.75000,-6.07082,1.91711,-0.33134
533.80000,-6.06954,1.91665,-0.32868
533.85000,-6.06897,1.91647,-0.31978
533.90000,-6.06859,1.91635,-0.31174
533.95000,-6.06821,1.91623,-0.30368
534.00000,-6.06783,1.91611,-0.29556
534.05000,-6.06745,1.91600,-0.28739
534.10000,-6.06706,1.91589,-0.27918
534.15000,-6.06668,1.91578,-0.27092
534.20000,-6.06629,1.91567,-0.26263
534.25000,-6.06591,1.91557,-0.25430
534.30000,-6.06552,1.91547,-0.24595
534.35000,-6.06513,1.91538,-0.24349
534.40000,-6.06312,1.91476,-0.25682
534.45000,-6.05769,1.91320,-0.28533
534.50000,-6.05118,1.91115,-0.32310
534.55000,-6.04342,1.90836,-0.36501
534.60000,-6.03468,1.90508,-0.39936
534.65000,-6.02676,1.90208,-0.42477
534.70000,-6.02023,1.89934,-0.44427
534.75000,-6.01518,1.89713,-0.45601
534.80000,-6.01267,1.89605,-0.45516
534.85000,-6.01207,1.89578,-0.44399
534.90000,-6.01151,1.89551,-0.43199
534.95000,-6.01100,1.89528,-0.42032
535.00000,-6.01042,1.89502,-0.40823
535.05000,-6.00984,1.89477,-0.39620
535.10000,-6.00937,1.89457,-0.38452
535.15000,-6.00898,1.89441,-0.37340
535.20000,-6.00848,1.89421,-0.36164
535.25000,-6.00796,1.89402,-0.34981
535.30000,-6.00736,1.89381,-0.33767
535.35000,-6.00678,1.89360,-0.32553
535.40000,-6.00619,1.89340,-0.31343
535.45000,-6.00577,1.89325,-0.30194
535.50100,-6.00542,1.89314,-0.29082
535.55000,-6.00507,1.89304,-0.27972
535.60000,-6.00436,1.89284,-0.28002
535.65000,-6.00252,1.89234,-0.27716
535.70000,-6.00209,1.89223,-0.26658
535.75000,-6.00170,1.89213,-0.26299
535.80000,-6.00013,1.89172,-0.25934
535.85000,-5.99934,1.89157,-0.25819
535.90000,-5.99780,1.89109,-0.26730
535.95000,-5.99624,1.89066,-0.27678
536.00000,-5.99193,1.88935,-0.29623
536.05000,-5.98650,1.88776,-0.31505
536.10000,-5.98111,1.88619,-0.32887
536.15000,-5.97583,1.88462,-0.33996
536.20000,-5.97092,1.88309,-0.34900
536.25000,-5.96639,1.88159,-0.35601
536.30000,-5.96287,1.88036,-0.35834
536.35000,-5.96028,1.87942,-0.35652
536.40000,-5.95887,1.87896,-0.34862
536.45000,-5.95852,1.87883,-0.33664
536.50000,-5.95818,1.87871,-0.32466
536.55000,-5.95783,1.87860,-0.31270
536.60000,-5.95749,1.87849,-0.30077
536.65000,-5.95714,1.87838,-0.28886
536.70000,-5.95680,1.87828,-0.27698
536.75000,-5.95645,1.87818,-0.26514
536.80000,-5.95560,1.87794,-0.26499
536.85000,-5.95239,1.87699,-0.27728
536.90000,-5.94624,1.87513,-0.30263
536.95000,-5.93836,1.87254,-0.33456
537.00000,-5.93081,1.86994,-0.35630
537.05000,-5.92524,1.86796,-0.36744
537.10000,-5.92108,1.86650,-0.37218
537.15000,-5.91836,1.86545,-0.37028
537.20000,-5.91684,1.86488,-0.36285
537.25000,-5.91636,1.86471,-0.35089
537.30000,-5.91599,1.86457,-0.33836
537.35000,-5.91561,1.86444,-0.32585
537.40000,-5.91524,1.86432,-0.31336
537.45000,-5.91486,1.86420,-0.30091
537.50000,-5.91448,1.86408,-0.28850
537.55000,-5.91410,1.86397,-0.27613
537.60000,-5.91372,1.86387,-0.26380
537.65000,-5.91333,1.86377,-0.25153
537.70000,-5.91295,1.86367,-0.23931
537.75000,-5.91256,1.86358,-0.22715
537.80000,-5.91217,1.86350,-0.22142
537.85000,-5.90988,1.86294,-0.22738
537.90000,-5.90438,1.86150,-0.24911
537.95000,-5.89638,1.85934,-0.27985
538.00000,-5.88713,1.85651,-0.31538
538.05000,-5.87774,1.85351,-0.34573
538.10000,-5.87074,1.85116,-0.36415
538.15000,-5.86522,1.84917,-0.37538
538.20100,-5.86146,1.84783,-0.37740
538.25000,-5.86007,1.84735,-0.36871
538.30000,-5.85964,1.84719,-0.35581
538.35000,-5.85927,1.84705,-0.34257
538.40000,-5.85890,1.84692,-0.32937
538.45000,-5.85852,1.84680,-0.31620
538.50000,-5.85814,1.84668,-0.30308
538.55100,-5.85777,1.84656,-0.29001
538.60000,-5.85739,1.84645,-0.27699
538.65000,-5.85701,1.84634,-0.26403
538.70000,-5.85662,1.84624,-0.25113
538.75000,-5.85624,1.84615,-0.23830
538.80000,-5.85586,1.84606,-0.22554
538.85000,-5.85547,1.84597,-0.21285
538.90000,-5.85508,1.84589,-0.20024
538.95000,-5.85469,1.84582,-0.19341
539.00000,-5.85264,1.84538,-0.19707
539.05000,-5.84773,1.84423,-0.21565
539.10000,-5.84089,1.84260,-0.23606
539.15000,-5.83564,1.84140,-0.24601
539.20000,-5.83144,1.84045,-0.25109
539.25000,-5.82754,1.83952,-0.25385
539.30000,-5.82588,1.83915,-0.24533
539.35000,-5.82549,1.83905,-0.23282
539.40000,-5.82500,1.83894,-0.21988
539.45100,-5.82432,1.83880,-0.20617
539.50000,-5.82360,1.83865,-0.19247
539.55000,-5.82288,1.83852,-0.17890
539.60000,-5.82216,1.83839,-0.16547
539.65000,-5.82167,1.83837,-0.15876
539.70000,-5.81974,1.83799,-0.16201
539.75000,-5.81538,1.83717,-0.17801
539.80000,-5.80806,1.83570,-0.20917
539.85000,-5.79993,1.83395,-0.23870
539.90000,-5.79361,1.83247,-0.25566
539.95000,-5.79031,1.83166,-0.25654
540.00000,-5.78821,1.83113,-0.25066
540.05000,-5.78696,1.83082,-0.24020
540.10000,-5.78626,1.83065,-0.22688
540.15000,-5.78555,1.83048,-0.21361
540.20000,-5.78485,1.83033,-0.20043
540.25000,-5.78415,1.83019,-0.18734
540.30000,-5.78344,1.83006,-0.17437
540.35100,-5.78274,1.82994,-0.16152
540.40000,-5.78203,1.82983,-0.14878
540.45000,-5.78133,1.82973,-0.13616
540.50000,-5.77919,1.82917,-0.12490
540.55000,-5.77376,1.82857,-0.12118
540.60000,-5.76811,1.82779,-0.13942
540.65000,-5.76041,1.82658,-0.17129
540.70000,-5.75202,1.82510,-0.20082
540.75000,-5.74382,1.82372,-0.22460
540.80000,-5.73800,1.82290,-0.23630
540.85000,-5.73540,1.82241,-0.23281
540.90000,-5.73472,1.82225,-0.21946
540.95000,-5.73403,1.82210,-0.20579
541.00000,-5.73331,1.82195,-0.19218
541.05000,-5.73259,1.82182,-0.17868
541.10000,-5.73188,1.82169,-0.16531
541.15000,-5.73116,1.82158,-0.15206
541.20000,-5.73045,1.82148,-0.13894
541.25000,-5.72974,1.82138,-0.12595
541.30000,-5.72744,1.82086,-0.11438
541.35100,-5.71937,1.81978,-0.10315
541.40000,-5.70912,1.81879,-0.09063
541.45000,-5.69888,1.81792,-0.07821
541.50000,-5.68859,1.81718,-0.06567
541.55000,-5.67830,1.81657,-0.05325
541.60000,-5.66800,1.81609,-0.04098
541.65000,-5.65770,1.81573,-0.02885
541.70000,-5.64740,1.81549,-0.01686
541.75000,-5.63711,1.81538,-0.00503
541.80000,-5.62682,1.81539,0.00666
541.85000,-5.61653,1.81552,0.01819
541.90000,-5.60624,1.81577,0.02957
541.95000,-5.59597,1.81613,0.04079
542.00000,-5.58570,1.81661,0.05185
542.05000,-5.57545,1.81720,0.06275
542.10000,-5.56520,1.81790,0.07349
542.15000,-5.55497,1.81871,0.08406
542.20000,-5.54475,1.81962,0.09446
542.25000,-5.53507,1.82054,0.09838
542.30000,-5.52674,1.82130,0.09774
542.35000,-5.51705,1.82229,0.10549
542.40000,-5.50724,1.82337,0.11438
542.45000,-5.49754,1.82453,0.12342
542.50000,-5.48784,1.82578,0.13231
542.55000,-5.47816,1.82711,0.14104
542.60100,-5.46826,1.82855,0.14934
542.65000,-5.45842,1.83007,0.15752
542.70000,-5.44874,1.83164,0.16571
542.75000,-5.43896,1.83332,0.17369
542.80000,-5.42919,1.83507,0.18134
542.85000,-5.41955,1.83687,0.18916
542.90100,-5.40993,1.83875,0.19684
542.95000,-5.40032,1.84071,0.20435
543.00000,-5.39071,1.84273,0.21171
543.05000,-5.38112,1.84483,0.21892
543.10000,-5.37147,1.84701,0.22571
543.15000,-5.36184,1.84926,0.23251
543.20000,-5.35222,1.85157,0.23909
543.25000,-5.34251,1.85396,0.24540
543.30000,-5.33282,1.85642,0.25158
543.35000,-5.32324,1.85891,0.25765
543.40000,-5.31364,1.86147,0.26385
543.45000,-5.30402,1.86409,0.26960
543.50000,-5.29439,1.86678,0.27520
543.55000,-5.28476,1.86953,0.28141
543.60000,-5.27508,1.87234,0.28714
543.65000,-5.26549,1.87520,0.29268
543.70000,-5.25584,1.87813,0.29768
543.75000,-5.24616,1.88113,0.30288
543.80000,-5.23650,1.88417,0.30797
543.85000,-5.22685,1.88727,0.31287
543.90000,-5.21724,1.89039,0.31771
543.95000,-5.20767,1.89356,0.32248
544.00000,-5.19813,1.89677,0.32720
544.05000,-5.18862,1.90001,0.33186
544.10000,-5.17916,1.90329,0.33646
544.15000,-5.16973,1.90661,0.34099
544.20000,-5.16034,1.90995,0.34546
544.25000,-5.15099,1.91334,0.34986
544.30000,-5.14168,1.91675,0.35420
544.35000,-5.13240,1.92020,0.35848
544.40000,-5.12316,1.92368,0.36270
544.45000,-5.11375,1.92726,0.36557
544.50000,-5.10435,1.93088,0.36825
544.55000,-5.09496,1.93451,0.37080
544.60000,-5.08558,1.93817,0.37320
544.65000,-5.07620,1.94185,0.37548
544.70000,-5.06685,1.94555,0.37763
544.75000,-5.05752,1.94926,0.37964
544.80000,-5.04821,1.95299,0.38141
544.85000,-5.03892,1.95672,0.38308
544.90000,-5.02963,1.96048,0.38465
544.95000,-5.02034,1.96425,0.38615
545.00000,-5.01105,1.96804,0.38754
545.05000,-5.00180,1.97183,0.38877
545.10000,-4.99255,1.97562,0.38986
545.15000,-4.98330,1.97943,0.39088
545.20000,-4.97405,1.98325,0.39179
545.25000,-4.96481,1.98707,0.39260
545.30000,-4.95557,1.99090,0.39331
545.35000,-4.94634,1.99473,0.39394
545.40000,-4.93710,1.99858,0.38992
545.45000,-4.92783,2.00249,0.37599
545.50000,-4.91862,2.00624,0.34725
545.55000,-4.91143,2.00860,0.29905
545.60000,-4.90372,2.01076,0.24664
545.65000,-4.89536,2.01262,0.19214
545.70000,-4.88649,2.01409,0.13641
545.75000,-4.87721,2.01510,0.07990
545.80000,-4.86765,2.01559,0.02282
545.85000,-4.85786,2.01553,-0.03441
545.90000,-4.84791,2.01490,-0.09167
545.95000,-4.83799,2.01371,-0.14845
546.00000,-4.82814,2.01195,-0.20451
546.05000,-4.81841,2.00965,-0.25988
546.10000,-4.80882,2.00682,-0.31451
546.15000,-4.79940,2.00347,-0.36855
546.20000,-4.79018,1.99962,-0.42199
546.25000,-4.78121,1.99530,-0.47439
546.30000,-4.77248,1.99052,-0.52609
546.35000,-4.76499,1.98609,-0.56257
546.40000,-4.75941,1.98288,-0.58510
546.45000,-4.75548,1.98047,-0.59984
546.50000,-4.75156,1.97807,-0.61337
546.55000,-4.74767,1.97567,-0.62472
546.60000,-4.74386,1.97328,-0.63498
546.65000,-4.74017,1.97091,-0.64411
546.70000,-4.73738,1.96895,-0.64833
546.75000,-4.73614,1.96802,-0.64423
546.80000,-4.73580,1.96778,-0.63515
546.85000,-4.73552,1.96757,-0.62551
546.90000,-4.73524,1.96737,-0.61566
546.95000,-4.73496,1.96717,-0.60564
547.00000,-4.73467,1.96698,-0.59543
547.05000,-4.73438,1.96678,-0.58506
547.10000,-4.73409,1.96659,-0.57451
547.15000,-4.73380,1.96640,-0.56382
547.20000,-4.73350,1.96622,-0.55298
547.25000,-4.73321,1.96604,-0.54201
547.30000,-4.73291,1.96586,-0.53090
547.35000,-4.73261,1.96569,-0.51967
547.40100,-4.73231,1.96552,-0.50833
547.45000,-4.73200,1.96535,-0.49688
547.50000,-4.73170,1.96519,-0.48534
547.55000,-4.73139,1.96503,-0.47371
547.60000,-4.73108,1.96487,-0.46200
547.65000,-4.73077,1.96472,-0.45022
547.70000,-4.73046,1.96458,-0.43833
547.75000,-4.72989,1.96432,-0.43982
547.80000,-4.72671,1.96275,-0.45771
547.85000,-4.72256,1.96074,-0.46635
547.90000,-4.72050,1.95983,-0.46178
547.95000,-4.72016,1.95966,-0.45014
548.00000,-4.71973,1.95946,-0.45002
548.05000,-4.71672,1.95791,-0.46701
548.10000,-4.71246,1.95577,-0.47964
548.15000,-4.70897,1.95399,-0.48251
548.20000,-4.70721,1.95319,-0.47655
548.25000,-4.70680,1.95300,-0.46496
548.30000,-4.70638,1.95279,-0.45241
548.35000,-4.70603,1.95263,-0.44002
548.40000,-4.70572,1.95248,-0.42775
548.45100,-4.70540,1.95234,-0.41544
548.50000,-4.70509,1.95220,-0.40309
548.55100,-4.70456,1.95197,-0.40513
548.60000,-4.70130,1.95051,-0.42283
548.65000,-4.69566,1.94787,-0.44956
548.70100,-4.68877,1.94439,-0.48393
548.75000,-4.68117,1.94043,-0.51321
548.80000,-4.67421,1.93662,-0.53319
548.85000,-4.66891,1.93360,-0.54357
548.90000,-4.66572,1.93173,-0.54333
548.95000,-4.66423,1.93086,-0.53442
549.00000,-4.66338,1.93038,-0.52137
549.05000,-4.66303,1.93018,-0.50660
549.10000,-4.66256,1.92991,-0.49113
549.15000,-4.66196,1.92959,-0.47494
549.20000,-4.66135,1.92927,-0.45872
549.25000,-4.66074,1.92896,-0.44255
549.30000,-4.66013,1.92867,-0.42640
549.35000,-4.65963,1.92845,-0.41090
549.40000,-4.65932,1.92831,-0.39629
549.45000,-4.65900,1.92818,-0.38171
549.50000,-4.65868,1.92806,-0.36715
549.55000,-4.65822,1.92786,-0.36505
549.60000,-4.65480,1.92647,-0.37884
549.65000,-4.65003,1.92445,-0.39007
549.70000,-4.64619,1.92291,-0.39141
549.75000,-4.64454,1.92241,-0.38139
549.80000,-4.64407,1.92222,-0.36643
549.85000,-4.64369,1.92208,-0.36410
549.90000,-4.64078,1.92079,-0.37669
549.95000,-4.63501,1.91841,-0.40158
550.00000,-4.62883,1.91583,-0.42624
550.05000,-4.62277,1.91328,-0.44122
550.10100,-4.61688,1.91074,-0.45195
550.15000,-4.61175,1.90839,-0.45839
550.20000,-4.60967,1.90748,-0.44992
550.25000,-4.60929,1.90729,-0.43377
550.30000,-4.60897,1.90715,-0.41780
550.35000,-4.60866,1.90701,-0.40189
550.40000,-4.60834,1.90688,-0.38600
550.45000,-4.60802,1.90675,-0.37017
550.50000,-4.60769,1.90663,-0.35438
550.55000,-4.60737,1.90651,-0.33865
550.60000,-4.60704,1.90640,-0.32298
550.65000,-4.60657,1.90623,-0.32053
550.70000,-4.60356,1.90509,-0.33177
550.75000,-4.59787,1.90304,-0.35713
550.80100,-4.59126,1.90057,-0.37984
550.85000,-4.58570,1.89838,-0.38921
550.90000,-4.58301,1.89742,-0.38301
550.95000,-4.58231,1.89717,-0.36627
551.00000,-4.58174,1.89697,-0.34944
551.05000,-4.58105,1.89672,-0.33217
551.10000,-4.58042,1.89651,-0.31516
551.15000,-4.57970,1.89629,-0.29795
551.20000,-4.57913,1.89608,-0.29535
551.25000,-4.57577,1.89495,-0.30778
551.30000,-4.56999,1.89302,-0.33315
551.35000,-4.56330,1.89066,-0.35123
551.40000,-4.55819,1.88883,-0.35754
551.45000,-4.55614,1.88809,-0.34800
551.50000,-4.55542,1.88784,-0.33103
551.55000,-4.55473,1.88761,-0.31397
551.60000,-4.55402,1.88739,-0.29691
551.65000,-4.55333,1.88719,-0.28011
551.70100,-4.55261,1.88699,-0.26339
551.75000,-4.55197,1.88678,-0.26084
551.80000,-4.54858,1.88577,-0.27311
551.85000,-4.54271,1.88404,-0.29828
551.90100,-4.53586,1.88190,-0.32196
551.95000,-4.52965,1.87985,-0.33573
552.00000,-4.52612,1.87873,-0.33435
552.05000,-4.52424,1.87812,-0.32362
552.10000,-4.52315,1.87777,-0.30849
552.15000,-4.52246,1.87755,-0.29159
552.20000,-4.52174,1.87735,-0.27457
552.25000,-4.52103,1.87715,-0.25769
552.30000,-4.52029,1.87697,-0.24090
552.35000,-4.51955,1.87679,-0.22419
552.40000,-4.51892,1.87665,-0.21928
552.45000,-4.51583,1.87584,-0.22914
552.50000,-4.51000,1.87437,-0.25316
552.55000,-4.50255,1.87231,-0.28617
552.60000,-4.49438,1.86989,-0.31678
552.65000,-4.48654,1.86737,-0.33898
552.70000,-4.48117,1.86559,-0.34716
552.75000,-4.47890,1.86490,-0.33855
552.80000,-4.47817,1.86465,-0.32110
552.85000,-4.47743,1.86441,-0.30350
552.90000,-4.47669,1.86419,-0.28603
552.95000,-4.47595,1.86397,-0.26870
553.00000,-4.47520,1.86377,-0.25140
553.05000,-4.47445,1.86359,-0.23425
553.10000,-4.47371,1.86342,-0.21724
553.15000,-4.47298,1.86327,-0.20046
553.20000,-4.47224,1.86312,-0.18389
553.25000,-4.47150,1.86299,-0.16734
553.30000,-4.47071,1.86282,-0.16324
553.35000,-4.46747,1.86219,-0.17295
553.40000,-4.46147,1.86103,-0.19631
553.45000,-4.45378,1.85937,-0.22891
553.50000,-4.44545,1.85740,-0.25893
553.55000,-4.43745,1.85533,-0.28140
553.60000,-4.43037,1.85332,-0.29806
553.65000,-4.42513,1.85174,-0.30425
553.70000,-4.42117,1.85057,-0.30339
553.75000,-4.41968,1.85018,-0.28909
553.80000,-4.41890,1.84996,-0.27117
553.85000,-4.41814,1.84975,-0.25310
553.90000,-4.41738,1.84954,-0.23520
553.95000,-4.41662,1.84936,-0.21739
554.00100,-4.41586,1.84920,-0.19964
554.05000,-4.41510,1.84905,-0.18216
554.10000,-4.41434,1.84892,-0.16486
554.15000,-4.41361,1.84880,-0.14774
554.20000,-4.41286,1.84870,-0.13073
554.25000,-4.41213,1.84861,-0.11399
554.30000,-4.41132,1.84848,-0.11008
554.35000,-4.40795,1.84801,-0.11817
554.40000,-4.40174,1.84716,-0.14058
554.45000,-4.39378,1.84591,-0.17224
554.50000,-4.38517,1.84438,-0.20192
554.55000,-4.37799,1.84306,-0.21945
554.60000,-4.37341,1.84212,-0.22277
554.65000,-4.37020,1.84144,-0.21865
554.70000,-4.36784,1.84093,-0.20978
554.75000,-4.36627,1.84062,-0.19678
554.80000,-4.36541,1.84046,-0.18018
554.85000,-4.36467,1.84033,-0.16307
554.90000,-4.36391,1.84021,-0.14607
554.95000,-4.36318,1.84010,-0.12933
555.00000,-4.36244,1.84002,-0.11270
555.05000,-4.36172,1.83994,-0.09633
555.10000,-4.36101,1.83988,-0.08013
555.15000,-4.36030,1.83984,-0.06421
555.20000,-4.35925,1.83975,-0.06112
555.25000,-4.35552,1.83945,-0.07016
555.30000,-4.34906,1.83890,-0.09260
555.35000,-4.34097,1.83802,-0.12428
555.40000,-4.33223,1.83688,-0.15333
555.45000,-4.32501,1.83585,-0.17073
555.50000,-4.31881,1.83501,-0.18324
555.55000,-4.31262,1.83418,-0.19568
555.60100,-4.30644,1.83335,-0.20804
555.65000,-4.30026,1.83252,-0.22013
555.70000,-4.29429,1.83165,-0.22830
555.75000,-4.28832,1.83079,-0.23642
555.80000,-4.28236,1.82992,-0.24453
555.85000,-4.27640,1.82906,-0.25261
555.90000,-4.27044,1.82820,-0.26068
555.95000,-4.26511,1.82731,-0.26299
556.00000,-4.26249,1.82678,-0.25258
556.05000,-4.26167,1.82656,-0.23144
556.10000,-4.26084,1.82637,-0.21027
556.15000,-4.26001,1.82618,-0.18933
556.20000,-4.25919,1.82602,-0.16865
556.25000,-4.25836,1.82587,-0.14823
556.30000,-4.25754,1.82575,-0.12805
556.35000,-4.25673,1.82563,-0.10813
556.40000,-4.25592,1.82554,-0.08849
556.45100,-4.25511,1.82546,-0.06910
556.50000,-4.25431,1.82541,-0.04999
556.55000,-4.25352,1.82536,-0.03115
556.60000,-4.25273,1.82533,-0.01259
556.65000,-4.25020,1.82533,0.00628
556.70000,-4.24172,1.82547,0.02395
556.75100,-4.23216,1.82579,0.04164
556.80000,-4.22261,1.82627,0.05912
556.85000,-4.21306,1.82692,0.07634
556.90000,-4.20348,1.82769,0.08973
556.95000,-4.19378,1.82861,0.09576
557.00000,-4.18400,1.82963,0.09165
557.05100,-4.17414,1.83068,0.07674
557.10000,-4.16462,1.83124,0.06316
557.15000,-4.15496,1.83185,0.07081
557.20000,-4.14501,1.83263,0.08345
557.25000,-4.13506,1.83352,0.09599
557.30000,-4.12513,1.83454,0.10839
557.35000,-4.11521,1.83568,0.12063
557.40000,-4.10531,1.83695,0.13273
557.45000,-4.09542,1.83833,0.14467
557.50000,-4.08555,1.83983,0.15646
557.55000,-4.07569,1.84144,0.16808
557.60000,-4.06586,1.84317,0.17956
557.65000,-4.05604,1.84501,0.19091
557.70000,-4.04606,1.84699,0.20286
557.75000,-4.03623,1.84907,0.21423
557.80000,-4.02635,1.85127,0.22566
557.85000,-4.01636,1.85362,0.23749
557.90000,-4.00637,1.85609,0.24925
557.95000,-3.99644,1.85867,0.26072
558.00000,-3.98655,1.86136,0.27192
558.05000,-3.97667,1.86416,0.28298
558.10000,-3.96684,1.86707,0.29382
558.15000,-3.95703,1.87008,0.30445
558.20000,-3.94726,1.87321,0.31491
558.25000,-3.93754,1.87642,0.32506
558.30000,-3.92784,1.87974,0.33498
558.35000,-3.91819,1.88315,0.34471
558.40000,-3.90858,1.88664,0.35415
558.45000,-3.89901,1.89023,0.36338
558.50000,-3.88945,1.89391,0.37263
558.55000,-3.87995,1.89766,0.38149
558.60000,-3.87052,1.90149,0.38997
558.65000,-3.86112,1.90539,0.39821
558.70000,-3.85175,1.90938,0.40639
558.75000,-3.84242,1.91342,0.41419
558.80000,-3.83316,1.91752,0.42156
558.85100,-3.82400,1.92167,0.42848
558.90000,-3.81486,1.92588,0.43526
558.95000,-3.80575,1.93014,0.44207
559.00000,-3.79670,1.93446,0.44873
559.05100,-3.78763,1.93886,0.45524
559.10000,-3.77863,1.94330,0.46104
559.15000,-3.76970,1.94776,0.46640
559.20000,-3.76080,1.95228,0.47158
559.25000,-3.75191,1.95684,0.47658
559.30000,-3.74305,1.96144,0.48141
559.35000,-3.73421,1.96609,0.48607
559.40000,-3.72540,1.97078,0.49056
559.45000,-3.71660,1.97550,0.49488
559.50000,-3.70782,1.98026,0.49903
559.55000,-3.69907,1.98506,0.50323
559.60000,-3.69033,1.98989,0.50706
559.65000,-3.68163,1.99475,0.51099
559.70000,-3.67299,1.99962,0.51500
559.75000,-3.66438,2.00451,0.51890
559.80000,-3.65579,2.00944,0.52259
559.85000,-3.64721,2.01440,0.52609
559.90000,-3.63864,2.01940,0.52941
559.95000,-3.63008,2.02442,0.53253
560.00000,-3.62154,2.02947,0.53548
560.05100,-3.61300,2.03455,0.53824
560.10000,-3.60448,2.03966,0.54082
560.15000,-3.59597,2.04478,0.54323
560.20000,-3.58746,2.04993,0.54546
560.25000,-3.57896,2.05510,0.54753
560.30000,-3.57047,2.06029,0.54943
560.35000,-3.56196,2.06551,0.55118
560.40000,-3.55343,2.07076,0.55283
560.45100,-3.54491,2.07603,0.55423
560.50000,-3.53641,2.08130,0.55556
560.55000,-3.52790,2.08659,0.55670
560.60000,-3.51941,2.09188,0.55777
560.65000,-3.51093,2.09717,0.55867
560.70000,-3.50244,2.10247,0.55940
560.75000,-3.49394,2.10781,0.55994
560.80000,-3.48542,2.11314,0.56047
560.85000,-3.47691,2.11848,0.56097
560.90000,-3.46841,2.12380,0.56146
560.95000,-3.45992,2.12913,0.56178
561.00000,-3.45146,2.13446,0.56166
561.05000,-3.44301,2.13977,0.56161
561.10000,-3.43457,2.14508,0.56155
561.15000,-3.42613,2.15040,0.56149
561.20000,-3.41768,2.15571,0.56115
561.25000,-3.40923,2.16102,0.56069
561.30000,-3.40076,2.16633,0.56019
561.35000,-3.39230,2.17164,0.55971
561.40000,-3.38383,2.17694,0.55927
561.45000,-3.37536,2.18224,0.55891
561.50000,-3.36689,2.18754,0.55867
561.55000,-3.35841,2.19284,0.55859
561.60000,-3.34993,2.19814,0.55875
561.65000,-3.34144,2.20345,0.55923
561.70000,-3.33294,2.20878,0.56019
561.75000,-3.32443,2.21412,0.56187
561.80000,-3.31592,2.21950,0.56479
561.85000,-3.30740,2.22492,0.57000
561.90000,-3.29895,2.23039,0.57952
561.95000,-3.29083,2.23566,0.59038
562.00000,-3.28679,2.23806,0.61055
562.05000,-3.28377,2.24025,0.64969
562.10000,-3.28266,2.24113,0.70452
562.15000,-3.28255,2.24123,0.76658
562.20000,-3.28242,2.24136,0.82948
562.25000,-3.28227,2.24153,0.89281
562.30000,-3.28210,2.24175,0.95636
562.35000,-3.28193,2.24202,1.01993
562.40000,-3.28174,2.24235,1.08338
562.45000,-3.28155,2.24274,1.14661
562.50000,-3.28136,2.24319,1.20952
562.55000,-3.28119,2.24370,1.27203
562.60000,-3.28106,2.24422,1.32371
562.65000,-3.28111,2.24445,1.35249
562.70000,-3.28064,2.24618,1.35796
562.75000,-3.27951,2.25093,1.34802
562.80000,-3.27757,2.25892,1.32339
562.85000,-3.27511,2.26807,1.29300
562.90000,-3.27239,2.27703,1.26196
562.95000,-3.26939,2.28594,1.23145
563.00000,-3.26612,2.29474,1.20081
563.05000,-3.26256,2.30348,1.17058
563.10000,-3.25875,2.31210,1.14058
563.15000,-3.25512,2.32006,1.12617
563.20100,-3.25152,2.32787,1.12745
563.25000,-3.24788,2.33570,1.13847
563.30000,-3.24426,2.34352,1.16055
563.35000,-3.24165,2.34978,1.19564
563.40000,-3.24015,2.35384,1.24549
563.45000,-3.23867,2.35866,1.30196
563.50000,-3.23758,2.36314,1.36633
563.55000,-3.23697,2.36676,1.42627
563.60000,-3.23717,2.36960,1.46035
563.65000,-3.23781,2.37146,1.46697
563.70000,-3.23753,2.37377,1.45048
563.75000,-3.23683,2.37869,1.41359
563.80000,-3.23583,2.38418,1.36574
563.85000,-3.23429,2.39076,1.31843
563.90000,-3.23255,2.39686,1.26588
563.95000,-3.23047,2.40286,1.20737
564.00000,-3.22819,2.40898,1.15742
564.05000,-3.22569,2.41527,1.12590
564.10000,-3.22249,2.42218,1.12405
564.15100,-3.21900,2.42935,1.13342
564.20000,-3.21535,2.43666,1.15880
564.25000,-3.21240,2.44373,1.20232
564.30100,-3.21037,2.44944,1.25904
564.35000,-3.20864,2.45543,1.32020
564.40000,-3.20716,2.46206,1.38289
564.45000,-3.20604,2.46917,1.44657
564.50000,-3.20541,2.47609,1.51298
564.55000,-3.20524,2.48313,1.58029
564.60000,-3.20555,2.49018,1.64847
564.65000,-3.20638,2.49755,1.71593
564.70000,-3.20758,2.50419,1.78634
564.75000,-3.20946,2.51152,1.85403
564.80000,-3.21169,2.51830,1.92351
564.85000,-3.21395,2.52384,1.99749
564.90000,-3.21638,2.52868,2.07374
564.95000,-3.21929,2.53353,2.14931
565.00000,-3.22202,2.53739,2.22838
565.05000,-3.22521,2.54120,2.30671
565.10000,-3.22821,2.54433,2.35690
565.15000,-3.23046,2.54654,2.36761
565.20000,-3.23272,2.54875,2.36526
565.25000,-3.23589,2.55188,2.35587
565.30000,-3.24018,2.55625,2.33910
565.35000,-3.24594,2.56235,2.31264
565.40000,-3.25256,2.56982,2.27966
565.45000,-3.25894,2.57752,2.24657
565.50000,-3.26507,2.58542,2.21360
565.55000,-3.27093,2.59352,2.18054
565.60000,-3.27652,2.60181,2.14768
565.65000,-3.28144,2.60970,2.10833
565.70000,-3.28575,2.61737,2.06125
565.75000,-3.28931,2.62430,2.03484
565.80000,-3.29234,2.63042,2.03867
565.85000,-3.29417,2.63391,2.07345
565.90000,-3.29572,2.63657,2.12529
565.95000,-3.29780,2.63971,2.18444
566.00000,-3.30046,2.64323,2.24818
566.05100,-3.30374,2.64704,2.31456
566.10000,-3.30758,2.65093,2.38274
566.15000,-3.31188,2.65474,2.45232
566.20000,-3.31658,2.65834,2.52297
566.25000,-3.32155,2.66161,2.59475
566.30100,-3.32682,2.66456,2.66702
566.35000,-3.33218,2.66707,2.74036
566.40000,-3.33701,2.66891,2.81692
566.45000,-3.34151,2.67023,2.89568
566.50000,-3.34585,2.67115,2.96444
566.55000,-3.34951,2.67132,3.00877
566.60000,-3.35257,2.67147,3.03232
566.65000,-3.35489,2.67168,3.07362
566.70100,-3.35627,2.67174,3.13065
566.75100,-3.35745,2.67171,-3.08447
566.80000,-3.35953,2.67151,-3.01242
566.85000,-3.36235,2.67104,-2.93810
566.90000,-3.36572,2.67020,-2.86245
566.95000,-3.36945,2.66898,-2.78591
567.00000,-3.37341,2.66733,-2.70900
567.05000,-3.37752,2.66523,-2.63201
567.10000,-3.38168,2.66269,-2.55514
567.15000,-3.38582,2.65970,-2.47855
567.20000,-3.38987,2.65628,-2.40224
567.25000,-3.39379,2.65242,-2.32642
567.30000,-3.39752,2.64815,-2.25104
567.35000,-3.40102,2.64348,-2.17615
567.40000,-3.40425,2.63842,-2.10179
567.45000,-3.40717,2.63299,-2.02799
567.50000,-3.40976,2.62721,-1.95480
567.55000,-3.41196,2.62113,-1.88212
567.60000,-3.41343,2.61591,-1.80552
567.65000,-3.41417,2.61221,-1.72270
567.70000,-3.41446,2.60960,-1.63547
567.75100,-3.41450,2.60777,-1.54510
567.80000,-3.41441,2.60649,-1.45252
567.85000,-3.41427,2.60566,-1.35854
567.90000,-3.41417,2.60527,-1.26412
567.95000,-3.41409,2.60503,-1.17057
568.00000,-3.41398,2.60481,-1.07850
568.05000,-3.41385,2.60459,-0.98794
568.10000,-3.41370,2.60439,-0.89889
568.15000,-3.41354,2.60420,-0.81137
568.20000,-3.41336,2.60403,-0.72536
568.25000,-3.41316,2.60387,-0.64089
568.30000,-3.41296,2.60373,-0.55795
568.35000,-3.41274,2.60360,-0.47655
568.40100,-3.41251,2.60350,-0.39668
568.45000,-3.41228,2.60341,-0.31836
568.50000,-3.41204,2.60334,-0.24158
568.55000,-3.41179,2.60329,-0.16634
568.60000,-3.41156,2.60330,-0.10199
568.65000,-3.41089,2.60326,-0.05393
568.70000,-3.40830,2.60313,-0.01461
568.75000,-3.40336,2.60312,0.01389
568.80000,-3.39570,2.60335,0.03007
568.85000,-3.38587,2.60367,0.03491
568.90000,-3.37585,2.60404,0.03793
568.95000,-3.36585,2.60443,0.04036
569.00000,-3.35583,2.60484,0.04166
569.05000,-3.34584,2.60526,0.04211
569.10000,-3.33584,2.60568,0.04189
569.15000,-3.32587,2.60610,0.04065
569.20000,-3.31591,2.60649,0.03828
569.25000,-3.30599,2.60683,0.03525
569.30000,-3.29609,2.60717,0.03127
569.35000,-3.28621,2.60745,0.02650
569.40000,-3.27636,2.60769,0.02088
569.45000,-3.26652,2.60786,0.01435
569.50000,-3.25670,2.60797,0.00713
569.55000,-3.24691,2.60800,-0.00109
569.60000,-3.23713,2.60794,-0.00995
569.65000,-3.22736,2.60780,-0.01935
569.70000,-3.21762,2.60756,-0.02946
569.75000,-3.20789,2.60723,-0.03994
569.80000,-3.19817,2.60679,-0.05107
569.85000,-3.18848,2.60623,-0.06266
569.90000,-3.17881,2.60557,-0.07485
569.95000,-3.16917,2.60478,-0.08765
570.00000,-3.15954,2.60387,-0.10059
570.05000,-3.14993,2.60283,-0.11418
570.10000,-3.14033,2.60166,-0.12811
570.15000,-3.13077,2.60036,-0.14261
570.20100,-3.12125,2.59892,-0.15742
570.25000,-3.11174,2.59733,-0.17240
570.30000,-3.10226,2.59561,-0.18765
570.35000,-3.09282,2.59374,-0.20346
570.40000,-3.08341,2.59172,-0.21932
570.45000,-3.07405,2.58955,-0.23567
570.50000,-3.06467,2.58720,-0.25246
570.55000,-3.05537,2.58471,-0.26920
570.60000,-3.04609,2.58206,-0.28596
570.65000,-3.03690,2.57927,-0.30295
570.70000,-3.02778,2.57633,-0.31990
570.75000,-3.01871,2.57324,-0.33723
570.80000,-3.00971,2.57000,-0.35465
570.85000,-3.00076,2.56660,-0.37201
570.90000,-2.99190,2.56303,-0.38990
570.95000,-2.98310,2.55933,-0.40817
571.00000,-2.97439,2.55547,-0.42682
571.05100,-2.96614,2.55178,-0.43103
571.10000,-2.95969,2.54894,-0.42058
571.15000,-2.95472,2.54677,-0.40308
571.20000,-2.95024,2.54491,-0.38265
571.25000,-2.94745,2.54403,-0.35353
571.30000,-2.94683,2.54381,-0.31738
571.35000,-2.94644,2.54367,-0.28247
571.40000,-2.94587,2.54347,-0.25756
571.45000,-2.94286,2.54263,-0.24506
571.50000,-2.93730,2.54117,-0.24646
571.55000,-2.92885,2.53891,-0.26324
571.60000,-2.91973,2.53634,-0.28444
571.65000,-2.91069,2.53359,-0.30616
571.70000,-2.90169,2.53064,-0.32756
571.75000,-2.89261,2.52746,-0.34113
571.80000,-2.88467,2.52467,-0.34419
571.85000,-2.88039,2.52337,-0.32900
571.90000,-2.87918,2.52311,-0.30188
571.95000,-2.87899,2.52305,-0.27169
572.00000,-2.87880,2.52300,-0.24191
572.05000,-2.87862,2.52296,-0.21261
572.10000,-2.87815,2.52283,-0.19228
572.15000,-2.87485,2.52207,-0.18570
572.20000,-2.86815,2.52069,-0.19567
572.25000,-2.85933,2.51883,-0.21746
572.30000,-2.85018,2.51669,-0.24178
572.35000,-2.84071,2.51422,-0.26482
572.40000,-2.83216,2.51196,-0.27428
572.45000,-2.82596,2.51035,-0.27180
572.50000,-2.82195,2.50928,-0.26123
572.55000,-2.81911,2.50855,-0.24569
572.60000,-2.81747,2.50817,-0.22524
572.65000,-2.81700,2.50808,-0.20018
572.70000,-2.81682,2.50804,-0.17420
572.75000,-2.81663,2.50801,-0.14858
572.80000,-2.81593,2.50790,-0.13331
572.85000,-2.81216,2.50730,-0.13160
572.90000,-2.80550,2.50631,-0.14311
572.95000,-2.79655,2.50490,-0.16604
573.00000,-2.78710,2.50317,-0.19111
573.05000,-2.77776,2.50136,-0.20849
573.10000,-2.76891,2.49963,-0.22088
573.15000,-2.76042,2.49794,-0.23177
573.20000,-2.75198,2.49626,-0.24143
573.25000,-2.74365,2.49458,-0.25016
573.30000,-2.73542,2.49291,-0.25809
573.35000,-2.72726,2.49124,-0.26535
573.40000,-2.71923,2.48958,-0.27140
573.45000,-2.71168,2.48796,-0.27524
573.50000,-2.70482,2.48638,-0.27596
573.55000,-2.69797,2.48480,-0.27669
573.60000,-2.69112,2.48322,-0.27741
573.65000,-2.68426,2.48165,-0.27813
573.70000,-2.67741,2.48007,-0.27885
573.75000,-2.67136,2.47863,-0.27448
573.80000,-2.66763,2.47774,-0.25927
573.85000,-2.66517,2.47735,-0.23671
573.90000,-2.66397,2.47722,-0.20707
573.95000,-2.66320,2.47706,-0.17605
574.00000,-2.66227,2.47691,-0.14490
574.05000,-2.66149,2.47683,-0.11490
574.10000,-2.66063,2.47676,-0.08491
574.15000,-2.65972,2.47670,-0.05536
574.20000,-2.65882,2.47666,-0.02637
574.25000,-2.65606,2.47663,0.00182
574.30000,-2.64795,2.47677,0.02964
574.35000,-2.63864,2.47718,0.05680
574.40000,-2.62933,2.47783,0.08345
574.45100,-2.62001,2.47863,0.10271
574.50000,-2.61082,2.47934,0.10694
574.55000,-2.60184,2.48016,0.09769
574.60000,-2.59248,2.48097,0.07508
574.65000,-2.58308,2.48157,0.05177
574.70000,-2.57348,2.48194,0.03947
574.75000,-2.56341,2.48232,0.04508
574.80000,-2.55306,2.48287,0.06571
574.85000,-2.54263,2.48366,0.08941
574.90000,-2.53219,2.48470,0.11252
574.95000,-2.52195,2.48596,0.13571
575.00000,-2.51160,2.48746,0.15806
575.05000,-2.50133,2.48915,0.18004
575.10000,-2.49117,2.49106,0.20082
575.15000,-2.48117,2.49319,0.22073
575.20000,-2.47135,2.49522,0.23117
575.25000,-2.46188,2.49694,0.22254
575.30000,-2.45255,2.49856,0.20408
575.35000,-2.44329,2.50012,0.17390
575.40000,-2.43472,2.50145,0.13012
575.45000,-2.42622,2.50234,0.07990
575.50000,-2.41750,2.50282,0.02923
575.55000,-2.40876,2.50285,-0.02106
575.60000,-2.40001,2.50245,-0.07072
575.65000,-2.39129,2.50162,-0.12021
575.70000,-2.38260,2.50035,-0.16897
575.75000,-2.37398,2.49866,-0.21748
575.80000,-2.36544,2.49656,-0.26551
575.85000,-2.35700,2.49404,-0.31319
575.90000,-2.34867,2.49113,-0.36005
575.95000,-2.34047,2.48782,-0.40655
576.00000,-2.33243,2.48414,-0.45263
576.05000,-2.32455,2.48008,-0.49804
576.10000,-2.31685,2.47567,-0.54301
576.15000,-2.30924,2.47105,-0.57953
576.20000,-2.30276,2.46685,-0.59011
576.25000,-2.29875,2.46422,-0.58426
576.30000,-2.29632,2.46270,-0.56785
576.35000,-2.29579,2.46238,-0.53968
576.40000,-2.29519,2.46204,-0.51200
576.45000,-2.29517,2.46211,-0.49989
576.50000,-2.29443,2.46172,-0.49080
576.55000,-2.29392,2.46146,-0.46457
576.60000,-2.29384,2.46143,-0.45054
576.65000,-2.29335,2.46120,-0.45126
576.70000,-2.29082,2.45992,-0.46459
576.75000,-2.28558,2.45717,-0.49407
576.80000,-2.27889,2.45340,-0.53212
576.85000,-2.27230,2.44947,-0.55392
576.90100,-2.26793,2.44687,-0.54977
576.95000,-2.26591,2.44580,-0.53147
577.00000,-2.26534,2.44548,-0.50370
577.05000,-2.26485,2.44523,-0.47582
577.10000,-2.26463,2.44526,-0.46279
577.15100,-2.26346,2.44465,-0.46761
577.20000,-2.25975,2.44270,-0.48752
577.25000,-2.25407,2.43966,-0.50287
577.30000,-2.24953,2.43727,-0.49782
577.35000,-2.24805,2.43666,-0.47570
577.40000,-2.24783,2.43653,-0.44796
577.45000,-2.24752,2.43639,-0.42008
577.50000,-2.24754,2.43646,-0.40735
577.55000,-2.24595,2.43568,-0.41455
577.60000,-2.24151,2.43363,-0.43768
577.65000,-2.23560,2.43074,-0.47045
577.70000,-2.22868,2.42704,-0.50955
577.75000,-2.22129,2.42290,-0.54132
577.80000,-2.21412,2.41868,-0.54716
577.85000,-2.20958,2.41621,-0.53144
577.90000,-2.20726,2.41528,-0.50064
577.95000,-2.20669,2.41498,-0.46219
578.00000,-2.20667,2.41497,-0.42178
578.05000,-2.20664,2.41496,-0.38272
578.10000,-2.20664,2.41495,-0.36097
578.15000,-2.20491,2.41425,-0.36608
578.20000,-2.20067,2.41256,-0.38620
578.25000,-2.19479,2.41006,-0.41622
578.30000,-2.18747,2.40665,-0.45196
578.35000,-2.17968,2.40289,-0.47713
578.40100,-2.17259,2.39940,-0.47328
578.45000,-2.16586,2.39613,-0.45826
578.50000,-2.15927,2.39298,-0.43320
578.55000,-2.15305,2.39021,-0.39090
578.60000,-2.14948,2.38937,-0.34884
578.65000,-2.14695,2.38880,-0.33996
578.70000,-2.14295,2.38730,-0.35349
578.75000,-2.13727,2.38512,-0.37939
578.80000,-2.13028,2.38217,-0.41306
578.85000,-2.12331,2.37896,-0.45403
578.90000,-2.11975,2.37718,-0.50612
578.95000,-2.11867,2.37655,-0.56742
579.00000,-2.11858,2.37649,-0.63288
579.05000,-2.11852,2.37644,-0.69810
579.10100,-2.11846,2.37639,-0.76296
579.15000,-2.11840,2.37633,-0.82756
579.20100,-2.11835,2.37627,-0.89179
579.25000,-2.11831,2.37621,-0.95596
579.30000,-2.11827,2.37615,-1.02057
579.35000,-2.11824,2.37609,-1.08588
579.40000,-2.11821,2.37604,-1.15162
579.45000,-2.11819,2.37598,-1.21708
579.50000,-2.11817,2.37593,-1.28209
579.55000,-2.11815,2.37587,-1.34668
579.60000,-2.11814,2.37582,-1.41075
579.65000,-2.11814,2.37576,-1.47432
579.70000,-2.11813,2.37570,-1.53735
579.75000,-2.11813,2.37564,-1.59985
579.80000,-2.11814,2.37559,-1.66177
579.85000,-2.11814,2.37553,-1.72387
579.90000,-2.11815,2.37549,-1.78672
579.95000,-2.11816,2.37544,-1.84967
580.00000,-2.11818,2.37540,-1.91265
580.05100,-2.11819,2.37535,-1.97526
580.10000,-2.11821,2.37531,-2.03719
580.15000,-2.11823,2.37528,-2.09847
580.20000,-2.11826,2.37524,-2.15908
580.25000,-2.11828,2.37520,-2.21900
580.30000,-2.11831,2.37517,-2.27825
580.35000,-2.11834,2.37514,-2.33679
580.40000,-2.11837,2.37510,-2.39475
580.45000,-2.11840,2.37508,-2.45233
580.50000,-2.11844,2.37505,-2.50925
580.55000,-2.11847,2.37503,-2.56536
580.60000,-2.11851,2.37501,-2.62058
580.65000,-2.11854,2.37499,-2.67503
580.70000,-2.11858,2.37497,-2.72907
580.75000,-2.11862,2.37495,-2.78439
580.80000,-2.11865,2.37494,-2.84293
580.85000,-2.11868,2.37493,-2.90631
580.90000,-2.11872,2.37495,-2.96060
580.95000,-2.11981,2.37453,-2.99426
581.00000,-2.12488,2.37333,-3.00847
581.05000,-2.13296,2.37204,-3.00886
581.10000,-2.14279,2.37069,-3.00121
581.15000,-2.15249,2.36928,-2.99246
581.20000,-2.16215,2.36778,-2.98328
581.25000,-2.17178,2.36620,-2.97370
581.30000,-2.18139,2.36452,-2.96369
581.35000,-2.19097,2.36275,-2.95332
581.40000,-2.20051,2.36087,-2.94258
581.45000,-2.21011,2.35889,-2.93164
581.50000,-2.21947,2.35703,-2.93134
581.55000,-2.22874,2.35524,-2.94612
581.60000,-2.23783,2.35357,-2.97713
581.65000,-2.24571,2.35242,-3.02200
581.70000,-2.25109,2.35213,-3.06953
581.75000,-2.25619,2.35187,-3.09832
581.80000,-2.26264,2.35153,-3.10478
581.85000,-2.27184,2.35113,-3.09827
581.90000,-2.28191,2.35064,-3.08763
581.95000,-2.29200,2.35005,-3.07662
582.00000,-2.30212,2.34933,-3.06516
582.05000,-2.31224,2.34850,-3.05353
582.10100,-2.32222,2.34756,-3.04204
582.15000,-2.33182,2.34668,-3.03729
582.20000,-2.34124,2.34595,-3.03909
582.25000,-2.35051,2.34534,-3.04909
582.30000,-2.35980,2.34468,-3.07508
582.35000,-2.36884,2.34425,-3.11780
582.40000,-2.37625,2.34422,3.11032
582.45000,-2.38099,2.34428,3.05339
582.50000,-2.38545,2.34460,3.01814
582.55000,-2.39019,2.34526,3.00195
582.60000,-2.39622,2.34624,2.99612
582.65000,-2.40324,2.34739,2.99519
582.70000,-2.41124,2.34865,2.99890
582.75000,-2.42030,2.35000,3.00731
582.80000,-2.43028,2.35129,3.01958
582.85000,-2.44054,2.35248,3.03347
582.90000,-2.45085,2.35352,3.04781
582.95000,-2.46117,2.35442,3.06206
583.00000,-2.47151,2.35516,3.07671
583.05000,-2.48142,2.35559,3.08332
583.10000,-2.49064,2.35565,3.07065
583.15000,-2.49850,2.35558,3.03740
583.20000,-2.50354,2.35564,2.98451
583.25000,-2.50679,2.35611,2.91774
583.30000,-2.50896,2.35657,2.85449
583.35000,-2.51127,2.35722,2.81453
583.40000,-2.51520,2.35882,2.80305
583.45000,-2.52261,2.36155,2.80948
583.50000,-2.53213,2.36476,2.82601
583.55000,-2.54193,2.36786,2.84361
583.60000,-2.55168,2.37075,2.86112
583.65000,-2.56146,2.37347,2.87920
583.70000,-2.57130,2.37601,2.89735
583.75000,-2.58114,2.37837,2.91563
583.80000,-2.59111,2.38055,2.93303
583.85000,-2.60111,2.38256,2.95208
583.90100,-2.61075,2.38418,2.96077
583.95000,-2.61930,2.38502,2.94509
584.00000,-2.62524,2.38518,2.90641
584.05000,-2.62802,2.38555,2.84659
584.10000,-2.62986,2.38611,2.78809
584.15000,-2.63196,2.38698,2.75157
584.20000,-2.63573,2.38877,2.74310
584.25000,-2.64311,2.39197,2.75285
584.30000,-2.65240,2.39567,2.77273
584.35000,-2.66221,2.39935,2.79281
584.40000,-2.67211,2.40283,2.81276
584.45000,-2.68208,2.40611,2.83279
584.50000,-2.69173,2.40907,2.85243
584.55000,-2.70173,2.41194,2.87321
584.60000,-2.71116,2.41417,2.88359
584.65000,-2.72012,2.41589,2.87452
584.70000,-2.72807,2.41709,2.84484
584.75000,-2.73479,2.41857,2.80017
584.80000,-2.73966,2.42036,2.74175
584.85000,-2.74247,2.42126,2.68465
584.90000,-2.74546,2.42243,2.65188
584.95000,-2.74869,2.42387,2.63480
585.00000,-2.75249,2.42589,2.62909
585.05000,-2.75843,2.42930,2.63566
585.10000,-2.76715,2.43404,2.65493
585.15000,-2.77603,2.43863,2.67471
585.20000,-2.78499,2.44303,2.69448
585.25000,-2.79404,2.44726,2.71463
585.30000,-2.80317,2.45130,2.73519
585.35000,-2.81239,2.45515,2.75617
585.40000,-2.82130,2.45854,2.76427
585.45000,-2.82824,2.46122,2.74467
585.50000,-2.83214,2.46295,2.69880
585.55000,-2.83476,2.46429,2.63789
585.60000,-2.83641,2.46525,2.59736
585.65000,-2.83865,2.46663,2.58707
585.70000,-2.84348,2.46965,2.58986
585.75000,-2.85048,2.47392,2.60335
585.80000,-2.85890,2.47884,2.62351
585.85000,-2.86765,2.48370,2.64524
585.90000,-2.87649,2.48836,2.66738
585.95000,-2.88501,2.49261,2.67606
586.00000,-2.89159,2.49592,2.65670
586.05000,-2.89531,2.49798,2.61112
586.10000,-2.89773,2.49949,2.55073
586.15000,-2.89912,2.50046,2.51114
586.20000,-2.90115,2.50201,2.50136
586.25000,-2.90516,2.50500,2.50252
586.30000,-2.91034,2.50883,2.51004
586.35000,-2.91680,2.51350,2.52414
586.40000,-2.92475,2.51902,2.54570
586.45000,-2.93309,2.52454,2.56892
586.50000,-2.94156,2.52986,2.59256
586.55000,-2.95015,2.53498,2.61660
586.60000,-2.95840,2.53965,2.62642
586.65000,-2.96387,2.54280,2.60364
586.70000,-2.96739,2.54500,2.55817
586.75100,-2.96953,2.54649,2.49853
586.80000,-2.97081,2.54747,2.44678
586.85000,-2.97220,2.54864,2.42111
586.90000,-2.97518,2.55131,2.42068
586.95000,-2.97924,2.55486,2.42796
587.00000,-2.98425,2.55914,2.44174
587.05000,-2.99054,2.56433,2.46393
587.10000,-2.99784,2.57004,2.49230
587.15000,-3.00531,2.57555,2.52122
587.20000,-3.01278,2.58071,2.55572
587.25000,-3.01856,2.58434,2.58582
587.30000,-3.02370,2.58739,2.59225
587.35000,-3.02912,2.59068,2.58524
587.40000,-3.03453,2.59400,2.55370
587.45000,-3.03886,2.59703,2.50454
587.50000,-3.04296,2.60026,2.44692
587.55000,-3.04745,2.60424,2.38646
587.60000,-3.05188,2.60842,2.33584
587.65000,-3.05638,2.61277,2.31290
587.70000,-3.06077,2.61747,2.32346
587.75000,-3.06606,2.62299,2.34758
587.80000,-3.07200,2.62885,2.38099
587.85000,-3.07843,2.63473,2.42205
587.90100,-3.08586,2.64103,2.46610
587.95000,-3.09373,2.64706,2.51555
588.00000,-3.10091,2.65197,2.56833
588.05000,-3.10801,2.65628,2.62421
588.10000,-3.11624,2.66075,2.67514
588.15000,-3.12402,2.66441,2.73001
588.20000,-3.13184,2.66757,2.78823
588.25000,-3.13992,2.67025,2.83106
588.30000,-3.14612,2.67206,2.86099
588.35000,-3.15034,2.67290,2.88716
588.40000,-3.15396,2.67309,2.88612
588.45000,-3.15642,2.67350,2.88021
588.50000,-3.15791,2.67385,2.87993
588.55000,-3.15900,2.67407,2.87794
588.60000,-3.15967,2.67418,2.87812
588.65000,-3.15983,2.67408,2.85192
588.70000,-3.16078,2.67443,2.80674
588.75000,-3.16354,2.67548,2.75426
588.80000,-3.16686,2.67685,2.70696
588.85000,-3.17072,2.67885,2.69222
588.90000,-3.17483,2.68117,2.70177
588.95000,-3.18009,2.68368,2.73130
589.00000,-3.18665,2.68644,2.76854
589.05000,-3.19386,2.68911,2.81264
589.10000,-3.20215,2.69177,2.85950
589.15000,-3.21104,2.69411,2.90880
589.20000,-3.22012,2.69602,2.96109
589.25000,-3.22924,2.69742,3.01818
589.30000,-3.23738,2.69819,3.07910
589.35000,-3.24537,2.69844,-3.14098
589.40200,-3.25321,2.69818,-3.07627
589.45000,-3.26118,2.69740,-3.01143
589.50000,-3.26921,2.69608,-2.94656
589.55000,-3.27728,2.69421,-2.88186
589.60000,-3.28528,2.69181,-2.81718
589.65000,-3.29323,2.68884,-2.75282
589.70000,-3.30108,2.68533,-2.68879
589.75000,-3.30878,2.68127,-2.62503
589.80000,-3.31629,2.67668,-2.56160
589.85000,-3.32360,2.67156,-2.49861
589.90000,-3.33065,2.66592,-2.43598
589.95000,-3.33742,2.65978,-2.37375
590.00000,-3.34389,2.65314,-2.31203
590.05000,-3.34999,2.64605,-2.25063
590.10000,-3.35573,2.63848,-2.18979
590.15000,-3.36106,2.63050,-2.12932
590.20000,-3.36596,2.62211,-2.06932
590.25000,-3.37041,2.61332,-2.00985
590.30000,-3.37437,2.60419,-1.95079
590.35000,-3.37720,2.59620,-1.89234
590.40000,-3.37807,2.59328,-1.82919
590.45000,-3.37830,2.59229,-1.75993
590.50000,-3.37834,2.59205,-1.68820
590.55000,-3.37836,2.59180,-1.61715
590.60000,-3.37836,2.59155,-1.54689
590.65000,-3.37835,2.59130,-1.47741
590.70000,-3.37832,2.59105,-1.40874
590.75000,-3.37827,2.59081,-1.34089
590.80000,-3.37820,2.59057,-1.27387
590.85000,-3.37812,2.59033,-1.20770
590.90000,-3.37803,2.59010,-1.14238
590.95000,-3.37791,2.58988,-1.07793
591.00000,-3.37779,2.58967,-1.01436
591.05000,-3.37765,2.58946,-0.95167
591.10000,-3.37750,2.58926,-0.88988
591.15000,-3.37734,2.58907,-0.82899
591.20000,-3.37716,2.58889,-0.76902
591.25000,-3.37698,2.58873,-0.70996
591.30000,-3.37679,2.58857,-0.65182
591.35000,-3.37659,2.58842,-0.59461
591.40000,-3.37638,2.58829,-0.53834
591.45000,-3.37616,2.58817,-0.48301
591.50000,-3.37594,2.58806,-0.42862
591.55000,-3.37571,2.58796,-0.37518
591.60000,-3.37547,2.58790,-0.33255
591.65000,-3.37291,2.58695,-0.30806
591.70100,-3.36773,2.58527,-0.29651
591.75000,-3.36004,2.58286,-0.29921
591.80000,-3.35080,2.57994,-0.31139
591.85000,-3.34161,2.57691,-0.32441
591.90100,-3.33246,2.57377,-0.33734
591.95000,-3.32337,2.57050,-0.35101
592.00000,-3.31433,2.56712,-0.36479
592.05000,-3.30535,2.56362,-0.37933
592.10000,-3.29643,2.55999,-0.39387
592.15000,-3.28758,2.55622,-0.40907
592.20000,-3.27878,2.55232,-0.42410
592.25100,-3.27005,2.54830,-0.43966
592.30000,-3.26139,2.54414,-0.45541
592.35000,-3.25281,2.53985,-0.47162
592.40000,-3.24430,2.53542,-0.48779
592.45000,-3.23587,2.53086,-0.50442
592.50000,-3.22751,2.52616,-0.52096
592.55000,-3.21925,2.52132,-0.53793
592.60000,-3.21107,2.51635,-0.55478
592.65000,-3.20297,2.51124,-0.57176
592.70000,-3.19497,2.50599,-0.58892
592.75000,-3.18707,2.50061,-0.60662
592.80000,-3.17916,2.49509,-0.61930
592.85000,-3.17115,2.48942,-0.62222
592.90000,-3.16364,2.48405,-0.61686
592.95000,-3.15684,2.47928,-0.60623
593.00000,-3.15077,2.47514,-0.59047
593.05000,-3.14542,2.47163,-0.56968
593.10000,-3.14082,2.46876,-0.54394
593.15000,-3.13722,2.46672,-0.51357
593.20000,-3.13622,2.46617,-0.47607
593.25000,-3.13604,2.46609,-0.43519
593.30000,-3.13575,2.46598,-0.40598
593.35000,-3.13278,2.46466,-0.39223
593.40000,-3.12678,2.46216,-0.39519
593.45000,-3.11840,2.45857,-0.41227
593.50000,-3.10973,2.45467,-0.43188
593.55000,-3.10113,2.45061,-0.45142
593.60000,-3.09261,2.44638,-0.47085
593.65000,-3.08419,2.44198,-0.49095
593.70000,-3.07617,2.43770,-0.49769
593.75000,-3.06878,2.43377,-0.48829
593.80000,-3.06345,2.43101,-0.46505
593.85000,-3.05978,2.42924,-0.42757
593.90000,-3.05777,2.42838,-0.37423
593.95000,-3.05711,2.42814,-0.30527
594.00000,-3.05665,2.42803,-0.24260
594.05000,-3.05646,2.42810,-0.20215
594.10000,-3.05506,2.42772,-0.18702
594.15000,-3.04990,2.42664,-0.19070
594.20000,-3.04178,2.42495,-0.20800
594.25000,-3.03241,2.42283,-0.23277
594.30000,-3.02332,2.42054,-0.25859
594.35000,-3.01429,2.41800,-0.28442
594.40000,-3.00534,2.41526,-0.31038
594.45000,-2.99648,2.41229,-0.33649
594.50000,-2.98770,2.40910,-0.36267
594.55000,-2.97901,2.40567,-0.38931
594.60000,-2.97210,2.40283,-0.41846
594.65000,-2.96858,2.40120,-0.45705
594.70000,-2.96738,2.40059,-0.50611
594.75000,-2.96661,2.40013,-0.55745
594.80000,-2.96582,2.39961,-0.60872
594.85000,-2.96502,2.39902,-0.65989
594.90000,-2.96423,2.39837,-0.71095
594.95000,-2.96344,2.39766,-0.76189
595.00000,-2.96267,2.39688,-0.81265
595.05000,-2.96188,2.39601,-0.86320
595.10000,-2.96109,2.39504,-0.91349
595.15100,-2.96030,2.39395,-0.96354
595.20000,-2.95950,2.39274,-1.01331
595.25000,-2.95870,2.39138,-1.06280
595.30000,-2.95791,2.38987,-1.11199
595.35000,-2.95713,2.38819,-1.16089
595.40000,-2.95637,2.38632,-1.20947
595.45000,-2.95565,2.38426,-1.25775
595.50000,-2.95498,2.38200,-1.30571
595.55000,-2.95437,2.37953,-1.35334
595.60000,-2.95384,2.37683,-1.40064
595.65000,-2.95342,2.37393,-1.44762
595.70000,-2.95310,2.37079,-1.49423
595.75000,-2.95293,2.36744,-1.54053
595.80000,-2.95290,2.36387,-1.58644
595.85000,-2.95304,2.36011,-1.63197
595.90000,-2.95337,2.35628,-1.67708
595.95000,-2.95387,2.35239,-1.72175
596.00100,-2.95455,2.34846,-1.76599
596.05000,-2.95542,2.34452,-1.80978
596.10000,-2.95648,2.34058,-1.85312
596.15000,-2.95771,2.33665,-1.89601
596.20000,-2.95911,2.33276,-1.93844
596.25000,-2.96069,2.32892,-1.98041
596.30000,-2.96242,2.32514,-2.02192
596.35000,-2.96430,2.32145,-2.06295
596.40000,-2.96632,2.31786,-2.10352
596.45000,-2.96846,2.31439,-2.14361
596.50000,-2.97072,2.31104,-2.18322
596.55000,-2.97307,2.30782,-2.22235
596.60000,-2.97544,2.30484,-2.26139
596.65000,-2.97795,2.30192,-2.29955
596.70000,-2.98045,2.29923,-2.33756
596.75000,-2.98299,2.29670,-2.37505
596.80000,-2.98557,2.29432,-2.41201
596.85000,-2.98769,2.29250,-2.45087
596.90000,-2.98983,2.29080,-2.48909
596.95000,-2.99217,2.28909,-2.52566
597.00000,-2.99448,2.28752,-2.56171
597.05000,-2.99668,2.28613,-2.59756
597.10000,-2.99871,2.28496,-2.63359
597.15000,-3.00066,2.28393,-2.66924
597.20100,-3.00245,2.28305,-2.70484
597.25000,-3.00700,2.28099,-2.73758
597.30000,-3.01503,2.27770,-2.76986
597.35000,-3.02362,2.27452,-2.80349
597.40000,-3.03232,2.27161,-2.83640
597.45000,-3.04112,2.26899,-2.86888
597.50000,-3.05002,2.26666,-2.90070
597.55000,-3.05901,2.26460,-2.93187
597.60000,-3.06807,2.26281,-2.96237
597.65000,-3.07720,2.26130,-2.99224
597.70000,-3.08638,2.26006,-3.02147
597.75000,-3.09562,2.25908,-3.05009
597.80000,-3.10489,2.25836,-3.07812
597.85000,-3.11419,2.25789,-3.10562
597.90000,-3.12351,2.25769,-3.13269
597.95000,-3.13284,2.25773,3.12375
598.00000,-3.14229,2.25798,3.10427
598.05000,-3.15189,2.25839,3.09360
598.10000,-3.16163,2.25897,3.09014
598.15000,-3.17169,2.25961,3.09652
598.20000,-3.18243,2.26001,3.12141
598.25000,-3.19276,2.26003,-3.12333
598.30000,-3.20275,2.25965,-3.08229
598.35000,-3.21271,2.25885,-3.04128
598.40000,-3.22264,2.25764,-3.00032
598.45000,-3.23251,2.25603,-2.95941
598.50000,-3.24230,2.25402,-2.91863
598.55000,-3.25201,2.25161,-2.87797
598.60000,-3.26161,2.24881,-2.83745
598.65000,-3.27108,2.24562,-2.79710
598.70000,-3.28043,2.24206,-2.75698
598.75000,-3.28962,2.23812,-2.71730
598.80000,-3.29865,2.23383,-2.67766
598.85000,-3.30750,2.22918,-2.63831
598.90000,-3.31616,2.22419,-2.59930
598.95000,-3.32463,2.21886,-2.56058
599.00000,-3.33288,2.21321,-2.52219
599.05000,-3.34091,2.20725,-2.48422
599.10100,-3.34871,2.20100,-2.44662
599.15000,-3.35627,2.19445,-2.40923
599.20000,-3.36358,2.18763,-2.37210
599.25000,-3.37063,2.18054,-2.33520
599.30000,-3.37589,2.17484,-2.29480
599.35000,-3.37835,2.17195,-2.24472
599.40000,-3.37907,2.17101,-2.18429
599.45000,-3.37921,2.17080,-2.12016
599.50000,-3.37933,2.17058,-2.05629
599.55000,-3.37944,2.17035,-1.99277
599.60000,-3.37954,2.17011,-1.92962
599.65000,-3.37962,2.16987,-1.86685
599.70000,-3.37969,2.16963,-1.80449
599.75000,-3.37974,2.16938,-1.74255
599.80100,-3.37977,2.16913,-1.68105
599.85000,-3.37979,2.16887,-1.62000
599.90000,-3.37980,2.16862,-1.55942
599.95000,-3.37979,2.16836,-1.49933
600.00000,-3.37976,2.16811,-1.43976
600.05000,-3.37972,2.16786,-1.38071
600.10000,-3.37966,2.16761,-1.32221
600.15000,-3.37959,2.16736,-1.26426
600.20000,-3.37951,2.16712,-1.20688
600.25000,-3.37941,2.16688,-1.15009
600.30000,-3.37930,2.16665,-1.09389
600.35000,-3.37918,2.16643,-1.03830
600.40000,-3.37904,2.16621,-0.98333
600.45000,-3.37889,2.16600,-0.92900
600.50000,-3.37873,2.16580,-0.87530
600.55000,-3.37856,2.16561,-0.82225
600.60000,-3.37838,2.16542,-0.76987
600.65000,-3.37820,2.16525,-0.71815
600.70000,-3.37800,2.16509,-0.66711
600.75000,-3.37779,2.16493,-0.61677
600.80000,-3.37758,2.16479,-0.56711
600.85000,-3.37736,2.16466,-0.51816
600.90000,-3.37713,2.16453,-0.46992
600.95000,-3.37690,2.16442,-0.42239
601.00000,-3.37666,2.16432,-0.37559
601.05000,-3.37642,2.16423,-0.32950
601.10000,-3.37618,2.16416,-0.28415
601.15000,-3.37593,2.16409,-0.23953
601.20000,-3.37568,2.16403,-0.19566
601.25000,-3.37542,2.16399,-0.15252
601.30000,-3.37517,2.16396,-0.11013
601.35000,-3.37491,2.16393,-0.06849
601.40000,-3.37465,2.16392,-0.02760
601.45000,-3.37440,2.16392,0.01253
601.50000,-3.37228,2.16408,0.05232
601.55000,-3.36453,2.16466,0.08658
601.60000,-3.35494,2.16567,0.12316
601.65000,-3.34505,2.16708,0.16040
601.70000,-3.33521,2.16886,0.19693
601.75000,-3.32544,2.17099,0.23273
601.80000,-3.31576,2.17347,0.26789
601.85000,-3.30616,2.17628,0.30220
601.90000,-3.29666,2.17941,0.33576
601.95100,-3.28728,2.18286,0.36856
602.00000,-3.27801,2.18661,0.40066
602.05000,-3.26887,2.19065,0.43198
602.10000,-3.25985,2.19498,0.46255
602.15000,-3.25097,2.19957,0.49238
602.20000,-3.24223,2.20443,0.52145
602.25000,-3.23363,2.20953,0.54976
602.30000,-3.22511,2.21490,0.57768
602.35000,-3.21681,2.22047,0.60449
602.40000,-3.20866,2.22626,0.63054
602.45000,-3.20066,2.23226,0.65584
602.50000,-3.19281,2.23846,0.68041
602.55000,-3.18511,2.24484,0.70423
602.60000,-3.17757,2.25140,0.72732
602.65000,-3.17017,2.25813,0.74967
602.70000,-3.16285,2.26495,0.77202
602.75100,-3.15943,2.26789,0.79375
602.80000,-3.15909,2.26824,0.81492
602.85000,-3.15896,2.26840,0.82748
602.90000,-3.15855,2.26885,0.83064
602.95000,-3.15816,2.26929,0.83584
603.00000,-3.15715,2.27040,0.82901
603.05000,-3.15449,2.27327,0.82531
603.10000,-3.15232,2.27567,0.82756
603.15000,-3.15015,2.27807,0.81395
603.20000,-3.14677,2.28156,0.78999
603.25000,-3.14162,2.28660,0.75638
603.30000,-3.13516,2.29244,0.71532
603.35000,-3.12846,2.29797,0.66807
603.40000,-3.12094,2.30359,0.62046
603.45000,-3.11297,2.30897,0.57374
603.50000,-3.10450,2.31417,0.52853
603.55000,-3.09576,2.31902,0.48416
603.60000,-3.08681,2.32348,0.43936
603.65000,-3.07767,2.32753,0.39525
603.70000,-3.06835,2.33117,0.35126
603.75000,-3.05889,2.33441,0.30759
603.80000,-3.04930,2.33723,0.26433
603.85000,-3.03959,2.33963,0.22141
603.90100,-3.02980,2.34162,0.17805
603.95000,-3.01992,2.34318,0.13560
604.00000,-3.00999,2.34432,0.09340
604.05000,-3.00001,2.34504,0.05171
604.10000,-2.99002,2.34535,0.01031
604.15000,-2.98015,2.34525,-0.03127
604.20000,-2.97071,2.34476,-0.07406
604.25100,-2.96187,2.34390,-0.11875
604.30000,-2.95306,2.34265,-0.16296
604.35000,-2.94433,2.34102,-0.20740
604.40000,-2.93562,2.33898,-0.25045
604.45000,-2.92696,2.33657,-0.29278
604.50000,-2.91842,2.33379,-0.33474
604.55000,-2.91048,2.33096,-0.36057
604.60000,-2.90536,2.32911,-0.37017
604.65000,-2.90307,2.32829,-0.36532
604.70100,-2.90245,2.32809,-0.35328
604.75000,-2.90226,2.32802,-0.33963
604.80000,-2.90207,2.32796,-0.32598
604.85000,-2.90187,2.32789,-0.31234
604.90000,-2.90168,2.32783,-0.29872
604.95000,-2.90148,2.32777,-0.28512
605.00000,-2.90129,2.32772,-0.27155
605.05000,-2.90109,2.32766,-0.25799
605.10000,-2.90089,2.32761,-0.24447
605.15000,-2.90069,2.32756,-0.23099
605.20000,-2.90049,2.32752,-0.21755
605.25000,-2.90029,2.32747,-0.20415
605.30000,-2.90008,2.32744,-0.19700
605.35000,-2.89834,2.32705,-0.20162
605.40000,-2.89376,2.32597,-0.22034
605.45000,-2.88657,2.32422,-0.25281
605.50100,-2.87746,2.32169,-0.28827
605.55000,-2.86800,2.31895,-0.31913
605.60000,-2.86030,2.31648,-0.34062
605.65000,-2.85384,2.31429,-0.35560
605.70000,-2.84772,2.31221,-0.36715
605.75000,-2.84460,2.31114,-0.36488
605.80000,-2.84323,2.31064,-0.35462
605.85000,-2.84291,2.31052,-0.33970
605.90000,-2.84272,2.31046,-0.32411
605.95000,-2.84253,2.31040,-0.30856
606.00000,-2.84234,2.31034,-0.29306
606.05000,-2.84215,2.31028,-0.27761
606.10000,-2.84195,2.31023,-0.26221
606.15000,-2.84176,2.31018,-0.24687
606.20000,-2.84156,2.31013,-0.23159
606.25000,-2.84137,2.31008,-0.21639
606.30000,-2.84117,2.31004,-0.20126
606.35000,-2.84098,2.31000,-0.18622
606.40000,-2.84078,2.30997,-0.17127
606.45000,-2.84058,2.30994,-0.15641
606.50000,-2.84038,2.30991,-0.14164
606.55000,-2.84018,2.30989,-0.13308
606.60000,-2.83855,2.30963,-0.13488
606.65000,-2.83418,2.30890,-0.15022
606.70000,-2.82641,2.30759,-0.17861
606.75000,-2.81700,2.30572,-0.21250
606.80000,-2.80733,2.30371,-0.24173
606.85000,-2.79875,2.30179,-0.26313
606.90000,-2.79060,2.29988,-0.28180
606.95000,-2.78246,2.29798,-0.29960
607.00000,-2.77442,2.29609,-0.31649
607.05000,-2.76726,2.29425,-0.32905
607.10000,-2.76051,2.29245,-0.33929
607.15000,-2.75414,2.29067,-0.34738
607.20000,-2.74816,2.28893,-0.35331
607.25000,-2.74259,2.28722,-0.35702
607.30000,-2.73743,2.28554,-0.35848
607.35100,-2.73318,2.28401,-0.35570
607.40000,-2.73020,2.28293,-0.34717
607.45000,-2.72847,2.28232,-0.33306
607.50000,-2.72797,2.28216,-0.31370
607.55000,-2.72779,2.28211,-0.29297
607.60000,-2.72761,2.28205,-0.27238
607.65000,-2.72743,2.28200,-0.25196
607.70000,-2.72724,2.28196,-0.23172
607.75000,-2.72706,2.28192,-0.21164
607.80000,-2.72687,2.28188,-0.19175
607.85000,-2.72668,2.28184,-0.17205
607.90000,-2.72649,2.28181,-0.15253
607.95000,-2.72630,2.28179,-0.13321
608.00000,-2.72611,2.28176,-0.11407
608.05100,-2.72591,2.28174,-0.09514
608.10000,-2.72572,2.28172,-0.07641
608.15000,-2.72553,2.28171,-0.05787
608.20000,-2.72534,2.28170,-0.03955
608.25000,-2.72514,2.28170,-0.02144
608.30000,-2.72455,2.28168,-0.01432
608.35000,-2.72215,2.28161,-0.01466
608.40000,-2.71731,2.28146,-0.02433
608.45000,-2.70909,2.28115,-0.05119
608.50000,-2.69998,2.28052,-0.08430
608.55000,-2.69081,2.27970,-0.11164
608.60000,-2.68381,2.27905,-0.12475
608.65000,-2.68014,2.27883,-0.12125
608.70000,-2.67944,2.27881,-0.10561
608.75000,-2.67926,2.27879,-0.08818
608.80000,-2.67907,2.27877,-0.07090
608.85000,-2.67888,2.27876,-0.05379
608.90000,-2.67869,2.27875,-0.03685
608.95000,-2.67850,2.27875,-0.02010
609.00000,-2.67819,2.27875,-0.00311
609.05000,-2.67787,2.27875,0.01377
609.10000,-2.67767,2.27875,0.02997
609.15000,-2.67730,2.27880,0.03721
609.20000,-2.67436,2.27897,0.03364
609.25000,-2.66814,2.27914,0.01394
609.30000,-2.65998,2.27914,-0.01590
609.35000,-2.65188,2.27896,-0.03499
609.40000,-2.64705,2.27885,-0.03943
609.45000,-2.64472,2.27882,-0.03148
609.50100,-2.64412,2.27880,-0.01464
609.55000,-2.64352,2.27880,0.00217
609.60000,-2.64291,2.27880,0.01875
609.65000,-2.64232,2.27882,0.03512
609.70000,-2.64173,2.27884,0.05127
609.75000,-2.63976,2.27912,0.06670
609.80100,-2.63452,2.27953,0.07490
609.85000,-2.62937,2.27993,0.06441
609.90000,-2.62155,2.28033,0.03545
609.95100,-2.61254,2.28049,0.00083
610.00000,-2.60341,2.28041,-0.01952
610.05000,-2.59525,2.28035,-0.02518
610.10000,-2.59199,2.28034,-0.02331
610.15000,-2.59117,2.28033,-0.00912
610.20000,-2.59060,2.28033,0.00656
610.25000,-2.59003,2.28034,0.02207
610.30000,-2.58946,2.28036,0.03740
610.35000,-2.58891,2.28038,0.05255
610.40000,-2.58734,2.28064,0.06698
610.45000,-2.57894,2.28133,0.08083
610.50000,-2.56865,2.28224,0.09541
610.55000,-2.55833,2.28331,0.11006
610.60000,-2.54804,2.28452,0.12457
610.65000,-2.53777,2.28588,0.13895
610.70100,-2.52752,2.28739,0.15319
610.75000,-2.51730,2.28905,0.16728
610.80000,-2.50711,2.29084,0.18123
610.85000,-2.49741,2.29249,0.18861
610.90000,-2.48801,2.29387,0.18486
610.95000,-2.47884,2.29506,0.16785
611.00000,-2.46992,2.29642,0.15284
611.05000,-2.46048,2.29799,0.15563
611.10000,-2.45041,2.29961,0.16784
611.15000,-2.44036,2.30136,0.18012
611.20000,-2.43045,2.30323,0.19179
611.25000,-2.42059,2.30520,0.20330
611.30000,-2.41080,2.30727,0.21436
611.35000,-2.40105,2.30945,0.22533
611.40000,-2.39133,2.31173,0.23631
611.45000,-2.38164,2.31413,0.24733
611.50000,-2.37197,2.31662,0.25836
611.55000,-2.36233,2.31923,0.26942
611.60000,-2.35272,2.32194,0.28055
611.65000,-2.34314,2.32476,0.29180
611.70000,-2.33359,2.32769,0.30322
611.75000,-2.32408,2.33073,0.31488
611.80000,-2.31461,2.33388,0.32689
611.85000,-2.30517,2.33715,0.33937
611.90000,-2.29589,2.34047,0.34742
611.95000,-2.28881,2.34298,0.35013
612.00000,-2.28289,2.34504,0.34412
612.05000,-2.27827,2.34657,0.31415
612.10000,-2.27220,2.34842,0.27559
612.15000,-2.26482,2.35031,0.23211
612.20000,-2.25707,2.35193,0.18306
612.25000,-2.24794,2.35338,0.13382
612.30000,-2.23819,2.35444,0.08301
612.35000,-2.22823,2.35501,0.03071
612.40100,-2.21823,2.35507,-0.01977
612.45000,-2.20825,2.35462,-0.06976
612.50000,-2.19829,2.35367,-0.11932
612.55000,-2.18840,2.35224,-0.16860
612.60000,-2.17858,2.35032,-0.21713
612.65000,-2.17075,2.34861,-0.26628
612.70000,-2.16742,2.34762,-0.32442
612.75000,-2.16614,2.34716,-0.39050
612.80000,-2.16593,2.34706,-0.46075
612.85000,-2.16576,2.34697,-0.53076
612.90000,-2.16560,2.34687,-0.60028
612.95000,-2.16545,2.34676,-0.66932
613.00000,-2.16530,2.34663,-0.73783
613.05000,-2.16517,2.34650,-0.80580
613.10000,-2.16504,2.34636,-0.87321
613.15000,-2.16492,2.34621,-0.94004
613.20000,-2.16482,2.34606,-1.00627
613.25000,-2.16472,2.34590,-1.07189
613.30000,-2.16464,2.34573,-1.13689
613.35000,-2.16457,2.34556,-1.20124
613.40000,-2.16451,2.34539,-1.26494
613.45000,-2.16446,2.34521,-1.32796
613.50000,-2.16442,2.34503,-1.39031
613.55000,-2.16439,2.34485,-1.45196
613.60000,-2.16437,2.34467,-1.51290
613.65000,-2.16437,2.34449,-1.57313
613.70000,-2.16438,2.34431,-1.63263
613.75000,-2.16439,2.34413,-1.69139
613.80000,-2.16442,2.34395,-1.74941
613.85000,-2.16446,2.34378,-1.80667
613.90000,-2.16450,2.34361,-1.86317
613.95000,-2.16456,2.34345,-1.91889
614.00000,-2.16462,2.34328,-1.97383
614.05000,-2.16469,2.34313,-2.02799
614.10000,-2.16477,2.34297,-2.08135
614.15000,-2.16486,2.34283,-2.13391
614.20000,-2.16495,2.34269,-2.18568
614.25000,-2.16505,2.34255,-2.23663
614.30000,-2.16516,2.34242,-2.28678
614.35000,-2.16527,2.34230,-2.33611
614.40000,-2.16539,2.34219,-2.38462
614.45000,-2.16551,2.34208,-2.43231
614.50000,-2.16563,2.34197,-2.47917
614.55000,-2.16576,2.34188,-2.52520
614.60000,-2.16590,2.34179,-2.57040
614.65000,-2.16603,2.34171,-2.61477
614.70000,-2.16822,2.34045,-2.65724
614.75000,-2.17490,2.33710,-2.69530
614.80000,-2.18322,2.33333,-2.73567
614.85000,-2.19179,2.32989,-2.78020
614.90100,-2.20075,2.32674,-2.82398
614.95000,-2.21028,2.32383,-2.86614
615.00000,-2.21981,2.32139,-2.90979
615.05000,-2.22936,2.31939,-2.95557
615.10000,-2.23787,2.31785,-3.00419
615.15000,-2.24049,2.31765,-3.05574
615.20000,-2.24162,2.31756,-3.09191
615.25000,-2.24561,2.31733,-3.11420
615.30000,-2.25255,2.31712,-3.12414
615.35000,-2.26216,2.31694,-3.12216
615.40000,-2.27215,2.31673,-3.11778
615.45000,-2.28214,2.31646,-3.11317
615.50000,-2.29218,2.31615,-3.10798
615.55000,-2.30221,2.31579,-3.10227
615.60000,-2.31219,2.31536,-3.09629
615.65000,-2.32216,2.31488,-3.09007
615.70000,-2.33221,2.31432,-3.08295
615.75000,-2.34225,2.31370,-3.07563
615.80000,-2.35227,2.31303,-3.07407
615.85000,-2.36228,2.31256,-3.08697
615.90000,-2.37101,2.31240,-3.12048
615.95000,-2.37848,2.31238,3.11559
616.00000,-2.38444,2.31257,3.05661
616.05000,-2.38834,2.31275,2.99742
616.10000,-2.39207,2.31307,2.95879
616.15000,-2.39729,2.31434,2.94488
616.20000,-2.40614,2.31623,2.94889
616.25000,-2.41587,2.31808,2.95847
616.30000,-2.42572,2.31985,2.96765
616.35000,-2.43551,2.32150,2.97820
616.40000,-2.44549,2.32308,2.98949
616.45000,-2.45525,2.32452,3.00049
616.50000,-2.46487,2.32583,3.01217
616.55000,-2.47449,2.32702,3.02428
616.60000,-2.48413,2.32810,3.03650
616.65000,-2.49377,2.32905,3.04885
616.70000,-2.50377,2.32992,3.06182
616.75000,-2.51358,2.33050,3.06593
616.80000,-2.52315,2.33083,3.05227
616.85000,-2.53040,2.33102,3.01595
616.90000,-2.53581,2.33150,2.96328
616.95000,-2.53959,2.33225,2.89770
617.00000,-2.54202,2.33275,2.83512
617.05000,-2.54439,2.33324,2.79039
617.10000,-2.54695,2.33397,2.76355
617.15000,-2.55091,2.33567,2.75361
617.20000,-2.55821,2.33876,2.76058
617.25000,-2.56779,2.34251,2.77734
617.30000,-2.57732,2.34605,2.79401
617.35000,-2.58689,2.34943,2.81014
617.40000,-2.59665,2.35270,2.82720
617.45000,-2.60653,2.35582,2.84442
617.50000,-2.61646,2.35877,2.86155
617.55000,-2.62649,2.36156,2.87926
617.60000,-2.63656,2.36417,2.89694
617.65000,-2.64669,2.36659,2.91558
617.70000,-2.65620,2.36836,2.92202
617.75000,-2.66446,2.36910,2.90478
617.80000,-2.67047,2.36943,2.86558
617.85000,-2.67506,2.37029,2.81139
617.90000,-2.67779,2.37130,2.74304
617.95000,-2.67954,2.37204,2.68023
618.00000,-2.68147,2.37302,2.64067
618.05000,-2.68492,2.37506,2.63086
618.10000,-2.69199,2.37902,2.64108
618.15000,-2.70100,2.38384,2.66079
618.20000,-2.71039,2.38861,2.68198
618.25000,-2.71988,2.39318,2.70332
618.30000,-2.72946,2.39755,2.72461
618.35000,-2.73914,2.40171,2.74586
618.40000,-2.74890,2.40567,2.76702
618.45000,-2.75875,2.40942,2.78868
618.50000,-2.76842,2.41287,2.80954
618.55000,-2.77753,2.41573,2.81755
618.60000,-2.78519,2.41768,2.80138
618.65100,-2.78975,2.41924,2.75888
618.70000,-2.79279,2.42056,2.70001
618.75000,-2.79447,2.42142,2.63031
618.80000,-2.79545,2.42199,2.56914
618.85000,-2.79658,2.42276,2.52987
618.90000,-2.79789,2.42376,2.50597
618.95000,-2.79977,2.42527,2.49452
619.00000,-2.80508,2.42935,2.50376
619.05000,-2.81275,2.43491,2.52792
619.10000,-2.82047,2.44020,2.55357
619.15000,-2.82832,2.44529,2.57937
619.20000,-2.83630,2.45017,2.60510
619.25000,-2.84440,2.45485,2.63081
619.30000,-2.85262,2.45932,2.65655
619.35000,-2.86094,2.46357,2.68279
619.40000,-2.86936,2.46759,2.70947
619.45000,-2.87801,2.47165,2.72739
619.50000,-2.88673,2.47569,2.72277
619.55000,-2.89336,2.47868,2.69232
619.60000,-2.89633,2.48021,2.63614
619.65000,-2.89775,2.48105,2.57017
619.70000,-2.89804,2.48124,2.49928
619.75000,-2.89819,2.48139,2.43947
619.80000,-2.89859,2.48183,2.40495
619.85000,-2.90107,2.48413,2.40104
619.90000,-2.90567,2.48829,2.41239
619.95000,-2.91138,2.49330,2.43170
620.00100,-2.91840,2.49917,2.45876
620.05000,-2.92570,2.50494,2.48657
620.10000,-2.93315,2.51051,2.51433
620.15000,-2.94076,2.51586,2.54233
620.20000,-2.94850,2.52099,2.57082
620.25000,-2.95638,2.52589,2.59955
620.30100,-2.96381,2.53026,2.61096
620.35000,-2.96977,2.53377,2.59404
620.40000,-2.97443,2.53672,2.55627
620.45000,-2.97752,2.53887,2.50323
620.50000,-2.97909,2.54003,2.45474
620.55000,-2.98084,2.54147,2.43600
620.60000,-2.98493,2.54498,2.44279
620.65000,-2.99106,2.55007,2.46068
620.70000,-2.99811,2.55564,2.48784
620.75000,-3.00554,2.56117,2.51729
620.80000,-3.01314,2.56647,2.54693
620.85000,-3.02063,2.57143,2.56160
620.90000,-3.02712,2.57570,2.54873
620.95000,-3.03185,2.57899,2.51278
621.00000,-3.03559,2.58185,2.46144
621.05100,-3.03972,2.58540,2.40467
621.10000,-3.04392,2.58923,2.35697
621.15000,-3.04795,2.59292,2.32317
621.20000,-3.05220,2.59690,2.31311
621.25000,-3.05654,2.60102,2.31689
621.30000,-3.06168,2.60632,2.33710
621.35000,-3.06867,2.61337,2.36920
621.40000,-3.07593,2.62020,2.40457
621.45000,-3.08235,2.62580,2.44923
621.50000,-3.08795,2.63020,2.50343
621.55000,-3.09353,2.63427,2.54718
621.60000,-3.09912,2.63827,2.56470
621.65000,-3.10276,2.64063,2.57015
621.70000,-3.10553,2.64249,2.59402
621.75000,-3.11003,2.64513,2.63003
621.80000,-3.11512,2.64785,2.67601
621.85000,-3.12083,2.65053,2.72857
621.90000,-3.12683,2.65304,2.77174
621.95000,-3.13213,2.65477,2.78453
622.00000,-3.13657,2.65556,2.77192
622.05100,-3.14046,2.65609,2.73442
622.10000,-3.14396,2.65763,2.68212
622.15000,-3.14772,2.65949,2.63650
622.20000,-3.15178,2.66170,2.61114
622.25000,-3.15641,2.66455,2.61132
622.30100,-3.16153,2.66788,2.63077
622.35000,-3.16732,2.67098,2.66898
622.40000,-3.17433,2.67438,2.71250
622.45000,-3.18210,2.67771,2.76050
622.50000,-3.19078,2.68094,2.81037
622.55000,-3.19934,2.68363,2.86477
622.60200,-3.20758,2.68571,2.92336
622.65000,-3.21571,2.68725,2.98458
622.70000,-3.22379,2.68827,3.04755
622.75000,-3.23145,2.68874,3.11318
622.80000,-3.23885,2.68871,-3.10268
622.85000,-3.24640,2.68816,-3.03549
622.90000,-3.25403,2.68709,-2.96846
622.95000,-3.26163,2.68549,-2.90144
623.00000,-3.26923,2.68336,-2.83470
623.05000,-3.27677,2.68069,-2.76829
623.10000,-3.28423,2.67748,-2.70224
623.15000,-3.29157,2.67373,-2.63657
623.20000,-3.29870,2.66948,-2.57113
623.25000,-3.30564,2.66470,-2.50614
623.30000,-3.31235,2.65940,-2.44162
623.35000,-3.31879,2.65362,-2.37749
623.40000,-3.32492,2.64735,-2.31377
623.45000,-3.33074,2.64061,-2.25059
623.50000,-3.33616,2.63344,-2.18775
623.55000,-3.34122,2.62582,-2.12549
623.60000,-3.34584,2.61782,-2.06361
623.65000,-3.35000,2.60946,-2.00213
623.70000,-3.35371,2.60071,-1.94128
623.75000,-3.35627,2.59325,-1.87984
623.80000,-3.35712,2.59021,-1.81397
623.85000,-3.35738,2.58900,-1.74226
623.90000,-3.35742,2.58873,-1.66734
623.95000,-3.35744,2.58848,-1.59306
624.00000,-3.35743,2.58823,-1.51964
624.05000,-3.35741,2.58799,-1.44709
624.10000,-3.35737,2.58774,-1.37543
624.15000,-3.35731,2.58750,-1.30466
624.20000,-3.35724,2.58727,-1.23482
624.25000,-3.35715,2.58704,-1.16589
624.30000,-3.35705,2.58681,-1.09791
624.35000,-3.35693,2.58660,-1.03087
624.40000,-3.35679,2.58639,-0.96479
624.45000,-3.35665,2.58619,-0.89967
624.50000,-3.35649,2.58600,-0.83552
624.55000,-3.35631,2.58582,-0.77235
624.60000,-3.35613,2.58566,-0.71017
624.65000,-3.35594,2.58550,-0.64898
624.70000,-3.35574,2.58536,-0.58878
624.75000,-3.35553,2.58523,-0.52959
624.80000,-3.35531,2.58513,-0.48320
624.85000,-3.35351,2.58422,-0.44614
624.90000,-3.35156,2.58332,-0.41833
624.95000,-3.34653,2.58106,-0.40427
625.00000,-3.33805,2.57742,-0.40578
625.05000,-3.32894,2.57347,-0.41167
625.10000,-3.31984,2.56946,-0.41791
625.15000,-3.31078,2.56539,-0.42445
625.20000,-3.30179,2.56128,-0.43187
625.25000,-3.29293,2.55713,-0.44030
625.30000,-3.28410,2.55291,-0.44899
625.35000,-3.27531,2.54861,-0.45786
625.40000,-3.26649,2.54421,-0.46684
625.45000,-3.25777,2.53976,-0.47644
625.50000,-3.24912,2.53524,-0.48637
625.55000,-3.24054,2.53065,-0.49679
625.60000,-3.23202,2.52597,-0.50784
625.65000,-3.22355,2.52119,-0.51909
625.70000,-3.21515,2.51632,-0.53077
625.75000,-3.20681,2.51136,-0.54267
625.80000,-3.19854,2.50630,-0.55477
625.85000,-3.19033,2.50115,-0.56726
625.90000,-3.18220,2.49589,-0.58009
625.95000,-3.17413,2.49062,-0.58153
626.00000,-3.16798,2.48677,-0.56310
626.05000,-3.16539,2.48523,-0.52223
626.10000,-3.16469,2.48484,-0.47551
626.15000,-3.16442,2.48472,-0.44267
626.20000,-3.16186,2.48350,-0.42363
626.25000,-3.15652,2.48106,-0.42048
626.30000,-3.14897,2.47762,-0.43064
626.35000,-3.14031,2.47355,-0.44796
626.40000,-3.13173,2.46933,-0.46541
626.45000,-3.12322,2.46497,-0.48307
626.50000,-3.11479,2.46045,-0.50082
626.55000,-3.10645,2.45578,-0.51922
626.60000,-3.09862,2.45138,-0.52286
626.65000,-3.09287,2.44824,-0.49629
626.70000,-3.08974,2.44667,-0.45355
626.75000,-3.08872,2.44620,-0.39918
626.80000,-3.08859,2.44620,-0.35116
626.85000,-3.08789,2.44599,-0.32513
626.90000,-3.08457,2.44482,-0.31627
626.95000,-3.07867,2.44281,-0.32202
627.00000,-3.07009,2.43983,-0.34297
627.05000,-3.06122,2.43655,-0.36622
627.10000,-3.05245,2.43306,-0.38938
627.15000,-3.04376,2.42938,-0.41279
627.20000,-3.03520,2.42550,-0.43622
627.25000,-3.02830,2.42226,-0.46290
627.30000,-3.02506,2.42061,-0.50212
627.35000,-3.02432,2.42019,-0.55267
627.40000,-3.02387,2.41990,-0.60474
627.45000,-3.02343,2.41957,-0.65675
627.50000,-3.02298,2.41921,-0.70866
627.55000,-3.02254,2.41881,-0.76042
627.60000,-3.02209,2.41836,-0.81193
627.65000,-3.02162,2.41784,-0.86310
627.70000,-3.02113,2.41724,-0.91395
627.75000,-3.02063,2.41655,-0.96446
627.80100,-3.02012,2.41577,-1.01465
627.85000,-3.01960,2.41488,-1.06451
627.90000,-3.01907,2.41388,-1.11405
627.95000,-3.01856,2.41276,-1.16326
628.00000,-3.01806,2.41152,-1.21214
628.05000,-3.01760,2.41020,-1.26073
628.10000,-3.01719,2.40880,-1.30901
628.15000,-3.01684,2.40735,-1.35698
628.20000,-3.01655,2.40585,-1.40464
628.25000,-3.01632,2.40428,-1.45192
628.30000,-3.01616,2.40259,-1.49880
628.35000,-3.01607,2.40078,-1.54525
628.40000,-3.01607,2.39886,-1.59128
628.45000,-3.01616,2.39680,-1.63687
628.50000,-3.01636,2.39459,-1.68202
628.55000,-3.01667,2.39223,-1.72672
628.60000,-3.01713,2.38971,-1.77097
628.65000,-3.01773,2.38703,-1.81477
628.70000,-3.01850,2.38420,-1.85813
628.75000,-3.01946,2.38121,-1.90103
628.80000,-3.02060,2.37809,-1.94347
628.85000,-3.02196,2.37482,-1.98547
628.90000,-3.02352,2.37147,-2.02700
628.95000,-3.02526,2.36811,-2.06805
629.00000,-3.02715,2.36478,-2.10861
629.05000,-3.02920,2.36150,-2.14867
629.10000,-3.03140,2.35827,-2.18825
629.15100,-3.03374,2.35510,-2.22733
629.20000,-3.03621,2.35202,-2.26592
629.25000,-3.03881,2.34902,-2.30402
629.30000,-3.04152,2.34612,-2.34162
629.35000,-3.04434,2.34333,-2.37874
629.40000,-3.04724,2.34066,-2.41536
629.45000,-3.05022,2.33810,-2.45150
629.50000,-3.05326,2.33568,-2.48715
629.55000,-3.05636,2.33339,-2.52231
629.60000,-3.05949,2.33124,-2.55698
629.65000,-3.06265,2.32923,-2.59117
629.70000,-3.06581,2.32736,-2.62487
629.75000,-3.06898,2.32563,-2.65808
629.80000,-3.07213,2.32404,-2.69081
629.85000,-3.07526,2.32258,-2.72304
629.90000,-3.07836,2.32126,-2.75479
629.95000,-3.08443,2.31892,-2.78303
630.00100,-3.09288,2.31590,-2.81417
630.05000,-3.10240,2.31283,-2.84453
630.10000,-3.11200,2.31005,-2.87434
630.15000,-3.12168,2.30755,-2.90365
630.20000,-3.13143,2.30533,-2.93246
630.25000,-3.13965,2.30366,-2.94161
630.30000,-3.14657,2.30219,-2.92442
630.35000,-3.15510,2.30019,-2.89826
630.40000,-3.16467,2.29765,-2.86731
630.45000,-3.17425,2.29479,-2.83556
630.50000,-3.18374,2.29163,-2.80344
630.55000,-3.19312,2.28816,-2.77145
630.60000,-3.20238,2.28439,-2.73912
630.65000,-3.21152,2.28033,-2.70699
630.70000,-3.22052,2.27597,-2.67445
630.75000,-3.22937,2.27132,-2.64201
630.80000,-3.23807,2.26639,-2.60954
630.85000,-3.24660,2.26118,-2.57717
630.90000,-3.25496,2.25569,-2.54479
630.95000,-3.26314,2.24994,-2.51259
631.00000,-3.27113,2.24393,-2.48046
631.05000,-3.27893,2.23766,-2.44848
631.10000,-3.28652,2.23115,-2.41666
631.15000,-3.29389,2.22440,-2.38494
631.20000,-3.30106,2.21743,-2.35338
631.25000,-3.30799,2.21022,-2.32177
631.30000,-3.31470,2.20281,-2.29039
631.35000,-3.32095,2.19560,-2.27120
631.40000,-3.32625,2.18935,-2.27961
631.45000,-3.33087,2.18392,-2.30646
631.50000,-3.33528,2.17913,-2.34853
631.55000,-3.33810,2.17627,-2.39365
631.60000,-3.34141,2.17302,-2.41192
631.65000,-3.34537,2.16921,-2.40911
631.70000,-3.35101,2.16404,-2.38633
631.75000,-3.35635,2.15886,-2.34909
631.80000,-3.35895,2.15611,-2.29967
631.85000,-3.35977,2.15516,-2.24072
631.90000,-3.35988,2.15500,-2.17777
631.95000,-3.35999,2.15484,-2.11519
632.00000,-3.36009,2.15467,-2.05305
632.05000,-3.36017,2.15448,-1.99136
632.10000,-3.36025,2.15429,-1.93012
632.15000,-3.36032,2.15408,-1.86933
632.20000,-3.36038,2.15387,-1.80899
632.25000,-3.36043,2.15366,-1.74906
632.30000,-3.36046,2.15344,-1.68955
632.35000,-3.36048,2.15322,-1.63043
632.40000,-3.36049,2.15299,-1.57173
632.45100,-3.36048,2.15277,-1.51347
632.50000,-3.36046,2.15255,-1.45569
632.55000,-3.36043,2.15232,-1.39843
632.60000,-3.36038,2.15210,-1.34171
632.65000,-3.36032,2.15187,-1.28554
632.70000,-3.36025,2.15165,-1.22994
632.75000,-3.36016,2.15143,-1.17491
632.80000,-3.36007,2.15121,-1.12045
632.85000,-3.35996,2.15100,-1.06659
632.90000,-3.35983,2.15079,-1.01331
632.95000,-3.35970,2.15059,-0.96061
633.00000,-3.35956,2.15039,-0.90850
633.05000,-3.35940,2.15020,-0.85699
633.10000,-3.35924,2.15002,-0.80607
633.15000,-3.35907,2.14985,-0.75577
633.20000,-3.35888,2.14969,-0.70612
633.25000,-3.35869,2.14954,-0.65712
633.30000,-3.35849,2.14939,-0.60878
633.35000,-3.35829,2.14925,-0.56112
633.40000,-3.35807,2.14913,-0.51412
633.45000,-3.35785,2.14901,-0.46780
633.50000,-3.35763,2.14890,-0.42216
633.55000,-3.35740,2.14880,-0.37719
633.60000,-3.35716,2.14872,-0.33290
633.65000,-3.35693,2.14864,-0.28929
633.70000,-3.35668,2.14857,-0.24637
633.75000,-3.35644,2.14852,-0.20415
633.80000,-3.35619,2.14847,-0.16264
633.85000,-3.35594,2.14844,-0.12185
633.90000,-3.35569,2.14841,-0.08177
633.95000,-3.35544,2.14839,-0.04241
634.00000,-3.35518,2.14839,-0.00376
634.05000,-3.35295,2.14848,0.03428
634.10000,-3.34533,2.14891,0.06825
634.15000,-3.33563,2.14975,0.10370
634.20000,-3.32571,2.15096,0.13960
634.25000,-3.31583,2.15253,0.17484
634.30000,-3.30602,2.15444,0.20941
634.35000,-3.29627,2.15668,0.24327
634.40000,-3.28661,2.15925,0.27644
634.45000,-3.27704,2.16213,0.30886
634.50000,-3.26758,2.16532,0.34045
634.55000,-3.25821,2.16880,0.37157
634.60000,-3.24895,2.17257,0.40195
634.65000,-3.23981,2.17662,0.43163
634.70000,-3.23079,2.18093,0.46062
634.75000,-3.22190,2.18551,0.48892
634.80000,-3.21314,2.19032,0.51653
634.85000,-3.20451,2.19538,0.54344
634.90000,-3.19602,2.20066,0.56965
634.95000,-3.18767,2.20616,0.59517
635.00000,-3.17946,2.21186,0.61998
635.05000,-3.17141,2.21776,0.64391
635.10000,-3.16349,2.22385,0.66717
635.15000,-3.15572,2.23011,0.68973
635.20000,-3.14809,2.23655,0.71164
635.25000,-3.14060,2.24315,0.73287
635.30000,-3.13325,2.24991,0.75345
635.35000,-3.12604,2.25681,0.77337
635.40000,-3.11899,2.26367,0.79377
635.45000,-3.11569,2.26677,0.80395
635.50000,-3.11308,2.26936,0.79105
635.55000,-3.10957,2.27283,0.76635
635.60000,-3.10475,2.27733,0.73272
635.65000,-3.09862,2.28262,0.69120
635.70000,-3.09173,2.28806,0.64598
635.75000,-3.08454,2.29323,0.60040
635.80000,-3.07711,2.29807,0.55502
635.85000,-3.06947,2.30257,0.50990
635.90000,-3.06163,2.30672,0.46458
635.95000,-3.05361,2.31052,0.41958
636.00000,-3.04543,2.31395,0.37468
636.05000,-3.03709,2.31702,0.33013
636.10000,-3.02861,2.31971,0.28577
636.15000,-3.02003,2.32203,0.24157
636.20000,-3.01134,2.32397,0.19755
636.25000,-3.00256,2.32553,0.15430
636.30000,-2.99372,2.32671,0.11129
636.35000,-2.98482,2.32751,0.06859
636.40000,-2.97589,2.32794,0.02621
636.45000,-2.96694,2.32798,-0.01580
636.50000,-2.95799,2.32765,-0.05742
636.55000,-2.94905,2.32695,-0.09862
636.60000,-2.94013,2.32589,-0.13938
636.65000,-2.93125,2.32446,-0.17965
636.70000,-2.92243,2.32267,-0.21969
636.75000,-2.91368,2.32054,-0.25922
636.80000,-2.90500,2.31805,-0.29820
636.85000,-2.89637,2.31539,-0.33133
636.90000,-2.88824,2.31265,-0.35373
636.95000,-2.88187,2.31031,-0.36508
637.00000,-2.87813,2.30902,-0.36213
637.05000,-2.87739,2.30878,-0.34256
637.10000,-2.87674,2.30855,-0.32218
637.15000,-2.87609,2.30834,-0.30199
637.20000,-2.87543,2.30814,-0.28211
637.25000,-2.87477,2.30795,-0.26242
637.30000,-2.87411,2.30778,-0.24297
637.35000,-2.87345,2.30762,-0.22376
637.40000,-2.87279,2.30748,-0.20475
637.45000,-2.87213,2.30734,-0.18596
637.50000,-2.87147,2.30723,-0.16739
637.55000,-2.87105,2.30725,-0.15533
637.60000,-2.86950,2.30697,-0.15571
637.65000,-2.86551,2.30626,-0.16871
637.70000,-2.85853,2.30494,-0.19717
637.75000,-2.85005,2.30308,-0.23371
637.80000,-2.84124,2.30097,-0.26632
637.85000,-2.83321,2.29885,-0.28818
637.90000,-2.82866,2.29764,-0.29081
637.95000,-2.82626,2.29695,-0.28145
638.00000,-2.82474,2.29653,-0.26716
638.05000,-2.82400,2.29633,-0.24880
638.10000,-2.82336,2.29616,-0.23000
638.15000,-2.82274,2.29601,-0.21145
638.20000,-2.82208,2.29587,-0.19308
638.25000,-2.82143,2.29575,-0.17477
638.30000,-2.82079,2.29565,-0.15664
638.35000,-2.82015,2.29555,-0.13871
638.40000,-2.81951,2.29547,-0.12097
638.45000,-2.81888,2.29534,-0.11524
638.50000,-2.81601,2.29495,-0.12195
638.55000,-2.81045,2.29413,-0.14216
638.60000,-2.80271,2.29290,-0.17365
638.65000,-2.79430,2.29139,-0.20310
638.70000,-2.78663,2.28985,-0.22278
638.75000,-2.78085,2.28856,-0.23171
638.80000,-2.77676,2.28768,-0.23127
638.85000,-2.77546,2.28744,-0.21620
638.90000,-2.77482,2.28730,-0.19754
638.95000,-2.77419,2.28718,-0.17906
639.00000,-2.77355,2.28706,-0.16074
639.05000,-2.77291,2.28697,-0.14258
639.10000,-2.77228,2.28688,-0.12463
639.15000,-2.77164,2.28681,-0.10686
639.20000,-2.77101,2.28674,-0.08929
639.25000,-2.77038,2.28669,-0.07191
639.30000,-2.76985,2.28661,-0.06495
639.35000,-2.76731,2.28639,-0.06896
639.40000,-2.76266,2.28596,-0.08412
639.45000,-2.75529,2.28520,-0.11299
639.50000,-2.74688,2.28422,-0.14162
639.55000,-2.73962,2.28324,-0.15956
639.60000,-2.73509,2.28261,-0.16286
639.65000,-2.73202,2.28214,-0.15807
639.70000,-2.72977,2.28180,-0.14883
639.75000,-2.72835,2.28161,-0.13531
639.80000,-2.72764,2.28152,-0.11817
639.85000,-2.72703,2.28145,-0.10065
639.90000,-2.72641,2.28140,-0.08341
639.95000,-2.72580,2.28135,-0.06636
640.00000,-2.72518,2.28132,-0.04951
640.05000,-2.72458,2.28129,-0.03285
640.10000,-2.72397,2.28127,-0.01639
640.15000,-2.72362,2.28126,-0.00707
640.20000,-2.72219,2.28123,-0.00570
640.25000,-2.71972,2.28117,-0.00983
640.30000,-2.71506,2.28104,-0.02505
640.35000,-2.70775,2.28070,-0.05403
640.40000,-2.69889,2.28023,-0.08500
640.45000,-2.69119,2.27968,-0.10668
640.50000,-2.68437,2.27902,-0.12375
640.55000,-2.67756,2.27837,-0.14032
640.60000,-2.67074,2.27772,-0.15682
640.65000,-2.66393,2.27707,-0.17330
640.70000,-2.65712,2.27642,-0.18977
640.75000,-2.65031,2.27578,-0.20621
640.80000,-2.64351,2.27514,-0.22263
640.85000,-2.63670,2.27450,-0.23904
640.90000,-2.62990,2.27386,-0.25544
640.95000,-2.62310,2.27323,-0.27181
641.00000,-2.61630,2.27259,-0.28811
641.05000,-2.60950,2.27196,-0.30429
641.10000,-2.60270,2.27133,-0.32041
641.15000,-2.59591,2.27071,-0.33650
641.20000,-2.58912,2.27008,-0.35245
641.25000,-2.58233,2.26946,-0.36766
641.30000,-2.57554,2.26883,-0.38167
641.35000,-2.56875,2.26820,-0.39470
641.40000,-2.56197,2.26758,-0.40761
641.45000,-2.55517,2.26693,-0.41684
641.50000,-2.54837,2.26627,-0.42249
641.55000,-2.54157,2.26560,-0.42485
641.60000,-2.53548,2.26500,-0.42184
641.65000,-2.53136,2.26460,-0.40978
641.70000,-2.52927,2.26439,-0.38854
641.75000,-2.52893,2.26433,-0.35974
641.80000,-2.52878,2.26427,-0.33027
641.85000,-2.52862,2.26422,-0.30111
641.90000,-2.52846,2.26417,-0.27227
641.95100,-2.52829,2.26413,-0.24376
642.00000,-2.52813,2.26409,-0.21559
642.05000,-2.52796,2.26406,-0.18774
642.10000,-2.52779,2.26403,-0.16022
642.15000,-2.52762,2.26400,-0.13304
642.20000,-2.52745,2.26398,-0.10619
642.25000,-2.52728,2.26397,-0.07970
642.30000,-2.52711,2.26395,-0.05357
642.35100,-2.52694,2.26395,-0.02779
642.40000,-2.52677,2.26395,-0.00239
642.45000,-2.52659,2.26395,0.02263
642.50000,-2.52642,2.26395,0.04728
642.55000,-2.52625,2.26396,0.07156
642.60000,-2.52607,2.26398,0.09546
642.65000,-2.52434,2.26441,0.11931
642.70000,-2.51752,2.26555,0.14298
642.75000,-2.50827,2.26700,0.16820
642.80000,-2.49904,2.26869,0.19305
642.85000,-2.48985,2.27060,0.21748
642.90000,-2.48058,2.27274,0.23400
642.95000,-2.47140,2.27484,0.23133
643.00000,-2.46240,2.27680,0.21790
643.05000,-2.45332,2.27868,0.19448
643.10000,-2.44394,2.28046,0.18052
643.15000,-2.43401,2.28255,0.18218
643.20000,-2.42395,2.28447,0.20003
643.25000,-2.41406,2.28657,0.22033
643.30000,-2.40386,2.28897,0.24202
643.35000,-2.39365,2.29161,0.26372
643.40000,-2.38351,2.29447,0.28508
643.45000,-2.37344,2.29753,0.30609
643.50000,-2.36346,2.30076,0.32658
643.55000,-2.35356,2.30422,0.34669
643.60000,-2.34426,2.30735,0.35529
643.65000,-2.33532,2.31015,0.34962
643.70000,-2.32650,2.31285,0.33451
643.75000,-2.31784,2.31573,0.32521
643.80000,-2.30883,2.31880,0.33618
643.85000,-2.29903,2.32228,0.35408
643.90000,-2.28927,2.32599,0.37193
643.95000,-2.27966,2.32981,0.38915
644.00000,-2.27046,2.33353,0.39941
644.05000,-2.26153,2.33700,0.40006
644.10000,-2.25292,2.34020,0.38436
644.15000,-2.24445,2.34330,0.35602
644.20000,-2.23633,2.34616,0.31371
644.25000,-2.22852,2.34848,0.26260
644.30000,-2.22014,2.35049,0.20943
644.35000,-2.21161,2.35207,0.15665
644.40000,-2.20299,2.35320,0.10429
644.45000,-2.19431,2.35388,0.05263
644.50000,-2.18560,2.35411,0.00120
644.55000,-2.17687,2.35390,-0.04946
644.60000,-2.16816,2.35325,-0.09981
644.65000,-2.15947,2.35216,-0.14957
644.70000,-2.15083,2.35064,-0.19871
644.75000,-2.14225,2.34891,-0.24141
644.80000,-2.13623,2.34747,-0.27031
644.85000,-2.13126,2.34601,-0.29130
644.90000,-2.12775,2.34508,-0.29927
644.95000,-2.12360,2.34371,-0.32140
645.00000,-2.11791,2.34183,-0.33740
645.05000,-2.11223,2.33989,-0.33881
645.10000,-2.10685,2.33810,-0.32955
645.15000,-2.10331,2.33718,-0.30716
645.20000,-2.10215,2.33693,-0.27296
645.25000,-2.10179,2.33682,-0.23610
645.30000,-2.10150,2.33690,-0.21339
645.35000,-2.10089,2.33672,-0.21497
645.40000,-2.09767,2.33590,-0.23235
645.45000,-2.09195,2.33443,-0.26334
645.50000,-2.08485,2.33237,-0.30153
645.55000,-2.07717,2.32989,-0.32770
645.60000,-2.06931,2.32719,-0.33347
645.65000,-2.06326,2.32530,-0.32340
645.70000,-2.05946,2.32418,-0.30033
645.75000,-2.05782,2.32374,-0.26469
645.80000,-2.05771,2.32371,-0.22001
645.85000,-2.05767,2.32370,-0.17382
645.90000,-2.05762,2.32366,-0.14031
645.95000,-2.05739,2.32353,-0.13383
646.00000,-2.05560,2.32316,-0.14219
646.05000,-2.05117,2.32251,-0.15015
646.10000,-2.04757,2.32196,-0.15280
646.15000,-2.04341,2.32117,-0.17004
646.20000,-2.03731,2.32001,-0.20123
646.25000,-2.02986,2.31833,-0.23922
646.30000,-2.02143,2.31606,-0.28139
646.35000,-2.01281,2.31353,-0.31333
646.40000,-2.00392,2.31065,-0.32034
646.45000,-1.99532,2.30803,-0.30450
646.50000,-1.98763,2.30574,-0.27360
646.55000,-1.98199,2.30427,-0.23080
646.60000,-1.97869,2.30358,-0.17623
646.65000,-1.97792,2.30345,-0.11075
646.70000,-1.97785,2.30345,-0.05186
646.75000,-1.97804,2.30348,-0.01897
646.80000,-1.97858,2.30341,-0.00914
646.85100,-1.97691,2.30334,-0.01516
646.90000,-1.97243,2.30317,-0.03474
646.95000,-1.96526,2.30277,-0.06809
647.00000,-1.95629,2.30199,-0.10698
647.05000,-1.94720,2.30081,-0.14877
647.10000,-1.93836,2.29927,-0.19081
647.15000,-1.92960,2.29737,-0.23259
647.20000,-1.92089,2.29524,-0.26303
647.25000,-1.91326,2.29347,-0.28545
647.30000,-1.90923,2.29221,-0.32578
647.35000,-1.90650,2.29121,-0.38290
647.40000,-1.90519,2.29064,-0.44964
647.45000,-1.90501,2.29055,-0.52081
647.50000,-1.90492,2.29049,-0.59194
647.55000,-1.90483,2.29043,-0.66284
647.60000,-1.90475,2.29036,-0.73407
647.65000,-1.90468,2.29030,-0.80611
647.70000,-1.90463,2.29023,-0.87949
647.75000,-1.90458,2.29018,-0.95467
647.80000,-1.90455,2.29012,-1.03203
647.85000,-1.90452,2.29007,-1.11200
647.90000,-1.90450,2.29003,-1.19474
647.95000,-1.90448,2.28998,-1.27993
648.00000,-1.90447,2.28994,-1.36719
648.05000,-1.90446,2.28989,-1.45624
648.10000,-1.90446,2.28985,-1.54659
648.15000,-1.90446,2.28980,-1.63767
648.20000,-1.90447,2.28976,-1.72886
648.25000,-1.90448,2.28971,-1.81939
648.30000,-1.90449,2.28967,-1.90911
648.35000,-1.90451,2.28963,-1.99800
648.40000,-1.90453,2.28959,-2.08604
648.45000,-1.90455,2.28955,-2.17311
648.50000,-1.90458,2.28952,-2.25960
648.55000,-1.90461,2.28948,-2.34557
648.60000,-1.90464,2.28945,-2.43154
648.65000,-1.90468,2.28942,-2.51850
648.70000,-1.90471,2.28940,-2.60715
648.75000,-1.90475,2.28938,-2.69783
648.80000,-1.90480,2.28936,-2.79037
648.85000,-1.90484,2.28934,-2.88434
648.90000,-1.90490,2.28933,-2.97898
648.95000,-1.90496,2.28932,-3.07306
649.00000,-1.90503,2.28932,3.11705
649.05000,-1.90509,2.28933,3.02514
649.10000,-1.90515,2.28934,2.93441
649.15000,-1.90521,2.28935,2.84489
649.20000,-1.90527,2.28937,2.75667
649.25000,-1.90533,2.28940,2.66954
649.30000,-1.90538,2.28943,2.58307
649.35000,-1.90543,2.28950,2.50939
649.40100,-1.90588,2.28991,2.45909
649.45000,-1.90779,2.29152,2.42967
649.50000,-1.91186,2.29510,2.41299
649.55000,-1.91788,2.30055,2.41231
649.60000,-1.92533,2.30718,2.41597
649.65100,-1.93290,2.31384,2.42337
649.70000,-1.94053,2.32044,2.43456
649.75000,-1.94816,2.32688,2.44527
649.80000,-1.95589,2.33327,2.45838
649.85000,-1.96358,2.33946,2.47152
649.90000,-1.97121,2.34543,2.48384
649.95000,-1.97898,2.35133,2.50019
650.00000,-1.98724,2.35739,2.51789
650.05000,-1.99577,2.36341,2.53594
650.10000,-2.00404,2.36903,2.55241
650.15000,-2.01231,2.37446,2.57047
650.20000,-2.02074,2.37978,2.58973
650.25000,-2.02909,2.38480,2.61094
650.30000,-2.03757,2.38960,2.63672
650.35000,-2.04617,2.39420,2.66553
650.40000,-2.05499,2.39859,2.69421
650.45000,-2.06392,2.40272,2.72296
650.50000,-2.07316,2.40665,2.75228
650.55000,-2.08229,2.41024,2.78159
650.60000,-2.09172,2.41361,2.81182
650.65000,-2.10105,2.41665,2.84126
650.70000,-2.11058,2.41946,2.87012
650.75000,-2.12016,2.42197,2.89915
650.80000,-2.12977,2.42418,2.93094
650.85000,-2.13955,2.42612,2.95951
650.90000,-2.14939,2.42778,2.98797
650.95000,-2.15927,2.42916,3.01642
651.00000,-2.16918,2.43025,3.04492
651.05000,-2.17912,2.43107,3.07348
651.10000,-2.18908,2.43159,3.10173
651.15000,-2.19906,2.43185,3.12999
651.20000,-2.20872,2.43182,-3.12370
651.25000,-2.21793,2.43151,-3.09243
651.30000,-2.22713,2.43091,-3.06120
651.35000,-2.23632,2.43003,-3.03045
651.40000,-2.24548,2.42887,-2.99980
651.45000,-2.25461,2.42742,-2.96946
651.50000,-2.26369,2.42570,-2.93923
651.55000,-2.27279,2.42378,-2.91698
651.60000,-2.28176,2.42196,-2.91507
651.65000,-2.29055,2.42025,-2.93301
651.70000,-2.29699,2.41909,-2.97470
651.75000,-2.30174,2.41841,-3.03186
651.80000,-2.30480,2.41817,-3.10111
651.85000,-2.30584,2.41816,3.10420
651.90000,-2.30631,2.41819,3.03342
651.95000,-2.30690,2.41836,2.97646
652.00000,-2.30773,2.41880,2.93642
652.05000,-2.30935,2.41999,2.92897
652.10000,-2.31220,2.42155,2.93163
652.15000,-2.31783,2.42369,2.94559
652.20000,-2.32472,2.42600,2.96460
652.25000,-2.33419,2.42767,2.99413
652.30000,-2.34410,2.42899,3.02514
652.35000,-2.35405,2.43000,3.05577
652.40000,-2.36403,2.43070,3.08620
652.45000,-2.37402,2.43110,3.11643
652.50000,-2.38402,2.43121,-3.13675
652.55000,-2.39402,2.43101,-3.10692
652.60000,-2.40396,2.43068,-3.08293
652.65000,-2.41394,2.43029,-3.07202
652.70000,-2.42388,2.42992,-3.06444
652.75100,-2.43380,2.42958,-3.05784
652.80000,-2.44363,2.42932,-3.05490
652.85000,-2.45339,2.42911,-3.05714
652.90000,-2.46315,2.42889,-3.06845
652.95000,-2.47292,2.42862,-3.09620
653.00000,-2.48239,2.42841,-3.14074
653.05000,-2.49011,2.42846,3.08614
653.10000,-2.49547,2.42870,3.01920
653.15000,-2.49819,2.42911,2.94130
653.20000,-2.49967,2.42941,2.86937
653.25000,-2.50121,2.42980,2.81209
653.30000,-2.50280,2.43026,2.76533
653.35000,-2.50455,2.43093,2.73698
653.40000,-2.50676,2.43213,2.73349
653.45000,-2.50929,2.43368,2.74305
653.50000,-2.51331,2.43571,2.76760
653.55000,-2.52039,2.43848,2.80136
653.60000,-2.52888,2.44137,2.84493
653.65000,-2.53785,2.44390,2.89264
653.70000,-2.54716,2.44602,2.94336
653.75000,-2.55698,2.44773,2.99454
653.80000,-2.56584,2.44880,3.05080
653.85000,-2.57424,2.44928,3.09453
653.90000,-2.58213,2.44938,3.10979
653.95000,-2.58972,2.44935,3.10848
654.00000,-2.59718,2.44933,3.08708
654.05000,-2.60423,2.44952,3.04609
654.10000,-2.61009,2.45012,2.99225
654.15000,-2.61594,2.45118,2.93247
654.20000,-2.62230,2.45274,2.87059
654.25000,-2.62896,2.45482,2.80732
654.30000,-2.63488,2.45710,2.73948
654.35000,-2.64043,2.45940,2.68069
654.40000,-2.64614,2.46192,2.64738
654.45100,-2.65215,2.46484,2.64444
654.50000,-2.65805,2.46767,2.65396
654.55000,-2.66376,2.47035,2.67530
654.60000,-2.66936,2.47296,2.71011
654.65000,-2.67534,2.47564,2.75775
654.70000,-2.68332,2.47864,2.80704
654.75000,-2.69208,2.48143,2.85791
654.80000,-2.70055,2.48369,2.89627
654.85000,-2.70872,2.48559,2.90652
654.90000,-2.71621,2.48723,2.89042
654.95000,-2.72055,2.48838,2.84713
655.00000,-2.72540,2.48999,2.79531
655.05000,-2.73114,2.49225,2.73986
655.10000,-2.73705,2.49497,2.68036
655.15000,-2.74239,2.49784,2.61540
655.20000,-2.74746,2.50075,2.55982
655.25000,-2.75241,2.50361,2.52911
655.30000,-2.75735,2.50654,2.52375
655.35000,-2.76217,2.50939,2.53225
655.40000,-2.76681,2.51216,2.55208
655.45000,-2.77223,2.51567,2.58282
655.50000,-2.77958,2.52008,2.62248
655.55000,-2.78821,2.52481,2.66112
655.60000,-2.79707,2.52921,2.70083
655.65000,-2.80602,2.53322,2.74385
655.70000,-2.81490,2.53669,2.79188
655.75000,-2.82330,2.53952,2.82729
655.80000,-2.83135,2.54195,2.83801
655.85000,-2.83915,2.54409,2.83523
655.90000,-2.84603,2.54574,2.80683
655.95000,-2.85130,2.54768,2.75871
656.00000,-2.85735,2.55031,2.70611
656.05000,-2.86393,2.55360,2.65070
656.10000,-2.87074,2.55749,2.59311
656.15000,-2.87744,2.56154,2.54425
656.20000,-2.88406,2.56556,2.51230
656.25000,-2.89087,2.56982,2.49965
656.30000,-2.89761,2.57404,2.49682
656.35000,-2.90437,2.57832,2.50435
656.40000,-2.91125,2.58277,2.52559
656.45000,-2.91887,2.58795,2.55927
656.50000,-2.92731,2.59328,2.59807
656.55000,-2.93517,2.59780,2.64230
656.60000,-2.94210,2.60136,2.67139
656.65000,-2.94812,2.60399,2.67509
656.70000,-2.95282,2.60575,2.64918
656.75000,-2.95677,2.60797,2.60527
656.80000,-2.96169,2.61106,2.55559
656.85000,-2.96721,2.61494,2.50201
656.90000,-2.97303,2.61953,2.44590
656.95000,-2.97871,2.62428,2.39910
657.00000,-2.98443,2.62911,2.36493
657.05000,-2.99063,2.63448,2.35468
657.10000,-2.99633,2.63981,2.37550
657.15000,-3.00132,2.64444,2.41507
657.20000,-3.00708,2.64933,2.46099
657.25000,-3.01305,2.65391,2.51347
657.30000,-3.01936,2.65822,2.57021
657.35000,-3.02609,2.66228,2.62940
657.40000,-3.03304,2.66591,2.69098
657.45000,-3.04052,2.66924,2.75296
657.50000,-3.04793,2.67200,2.81710
657.55000,-3.05547,2.67426,2.88223
657.60000,-3.06284,2.67600,2.93554
657.65000,-3.06975,2.67717,2.95639
657.70100,-3.07568,2.67732,2.95280
657.75000,-3.08054,2.67750,2.92408
657.80000,-3.08521,2.67865,2.87725
657.85000,-3.09049,2.68023,2.82371
657.90000,-3.09661,2.68244,2.76722
657.95000,-3.10290,2.68489,2.71855
658.00000,-3.10939,2.68757,2.68753
658.05000,-3.11651,2.69097,2.68804
658.10000,-3.12302,2.69401,2.71412
658.15000,-3.12808,2.69618,2.75904
658.20000,-3.13368,2.69827,2.81135
658.25000,-3.14004,2.70025,2.86755
658.30000,-3.14700,2.70198,2.92639
658.35000,-3.15443,2.70337,2.98701
658.40000,-3.16169,2.70427,3.05080
658.45000,-3.16884,2.70468,3.11676
658.50000,-3.17570,2.70465,-3.11185
658.55000,-3.18192,2.70445,-3.07970
658.60000,-3.18806,2.70433,-3.05071
658.65000,-3.19402,2.70428,-3.02841
658.70000,-3.19800,2.70393,-3.00116
658.75000,-3.20083,2.70349,-2.95542
658.80000,-3.20462,2.70267,-2.90172
658.85000,-3.20941,2.70134,-2.84364
658.90000,-3.21488,2.69948,-2.78270
658.95000,-3.22075,2.69706,-2.71967
659.00000,-3.22686,2.69407,-2.65540
659.05000,-3.23303,2.69055,-2.59019
659.10000,-3.23920,2.68647,-2.52465
659.15000,-3.24480,2.68221,-2.45676
659.20000,-3.25062,2.67712,-2.39069
659.25000,-3.25620,2.67155,-2.32472
659.30100,-3.26085,2.66625,-2.25533
659.35000,-3.26508,2.66068,-2.18541
659.40000,-3.26842,2.65557,-2.11196
659.45000,-3.27146,2.65006,-2.03903
659.50000,-3.27428,2.64396,-1.96757
659.55000,-3.27640,2.63833,-1.89340
659.60000,-3.27820,2.63221,-1.82048
659.65000,-3.27934,2.62696,-1.74382
659.70000,-3.27998,2.62219,-1.66494
659.75000,-3.28024,2.61734,-1.58614
659.80000,-3.28012,2.61238,-1.50763
659.85000,-3.27961,2.60737,-1.42940
659.90100,-3.27869,2.60233,-1.35147
659.95000,-3.27735,2.59727,-1.27393
660.00000,-3.27560,2.59226,-1.19668
660.05000,-3.27344,2.58732,-1.11974
660.10000,-3.27114,2.58300,-1.04095
660.15000,-3.26851,2.57890,-0.96204
660.20000,-3.26553,2.57497,-0.88335
660.25000,-3.26222,2.57124,-0.80486
660.30000,-3.25858,2.56774,-0.72659
660.35000,-3.25463,2.56451,-0.64853
660.40000,-3.25041,2.56155,-0.57066
660.45000,-3.24623,2.55896,-0.50429
660.50000,-3.24217,2.55655,-0.45919
660.55000,-3.23778,2.55386,-0.43249
660.60000,-3.23296,2.55112,-0.42490
660.65000,-3.22659,2.54823,-0.42624
660.70000,-3.22035,2.54540,-0.42864
660.75000,-3.21360,2.54230,-0.43104
660.80000,-3.20682,2.53916,-0.43398
660.85000,-3.20033,2.53614,-0.43709
660.90000,-3.19374,2.53304,-0.44009
660.95000,-3.18675,2.52973,-0.44369
661.00000,-3.18009,2.52655,-0.44759
661.05000,-3.17274,2.52297,-0.45184
661.10000,-3.16544,2.51941,-0.45656
661.15000,-3.15829,2.51587,-0.46138
661.20000,-3.15069,2.51207,-0.46672
661.25000,-3.14306,2.50820,-0.47195
661.30000,-3.13591,2.50452,-0.47791
661.35000,-3.12793,2.50036,-0.48382
661.40000,-3.11943,2.49586,-0.49011
661.45000,-3.11109,2.49137,-0.49709
661.50000,-3.10279,2.48683,-0.50438
661.55000,-3.09443,2.48226,-0.50187
661.60000,-3.08707,2.47844,-0.47620
661.65000,-3.08088,2.47545,-0.43647
661.70000,-3.07574,2.47321,-0.38232
661.75000,-3.07173,2.47177,-0.33241
661.80000,-3.06706,2.47021,-0.31242
661.85000,-3.05990,2.46786,-0.30835
661.90000,-3.05073,2.46488,-0.31571
661.95000,-3.04135,2.46177,-0.32534
662.00000,-3.03206,2.45859,-0.33495
662.05000,-3.02282,2.45532,-0.34435
662.10000,-3.01360,2.45196,-0.35426
662.15000,-3.00440,2.44851,-0.36424
662.20000,-2.99531,2.44498,-0.37471
662.25000,-2.98626,2.44135,-0.38574
662.30000,-2.97731,2.43777,-0.38537
662.35000,-2.96889,2.43448,-0.36578
662.40000,-2.96118,2.43167,-0.33052
662.45000,-2.95556,2.42987,-0.28319
662.50000,-2.95213,2.42897,-0.22729
662.55000,-2.94897,2.42831,-0.18050
662.60000,-2.94540,2.42760,-0.15727
662.65000,-2.93937,2.42653,-0.15252
662.70000,-2.93055,2.42508,-0.16139
662.75000,-2.92092,2.42344,-0.17505
662.80000,-2.91144,2.42169,-0.18926
662.85000,-2.90199,2.41981,-0.20400
662.90000,-2.89237,2.41775,-0.21821
662.95000,-2.88276,2.41553,-0.23209
663.00000,-2.87339,2.41323,-0.24726
663.05000,-2.86464,2.41114,-0.24881
663.10000,-2.85624,2.40916,-0.23684
663.15000,-2.84801,2.40726,-0.21506
663.20000,-2.84140,2.40602,-0.18489
663.25000,-2.83748,2.40540,-0.14370
663.30000,-2.83514,2.40516,-0.10734
663.35000,-2.83180,2.40472,-0.09142
663.40000,-2.82522,2.40404,-0.09267
663.45000,-2.81605,2.40310,-0.10586
663.50000,-2.80649,2.40199,-0.12294
663.55000,-2.79701,2.40072,-0.14078
663.60000,-2.78757,2.39927,-0.15884
663.65000,-2.77823,2.39784,-0.16848
663.70000,-2.76891,2.39642,-0.17295
663.75000,-2.75960,2.39501,-0.17594
663.80000,-2.75029,2.39359,-0.17763
663.85000,-2.74097,2.39216,-0.17665
663.90000,-2.73177,2.39070,-0.16812
663.95000,-2.72407,2.38946,-0.15196
664.00000,-2.71863,2.38868,-0.12713
664.05000,-2.71558,2.38834,-0.09327
664.10000,-2.71459,2.38826,-0.05187
664.15000,-2.71390,2.38824,-0.01004
664.20000,-2.71325,2.38825,0.03105
664.25000,-2.71275,2.38830,0.06450
664.30000,-2.71023,2.38869,0.08167
664.35000,-2.70339,2.38930,0.07719
664.40000,-2.69468,2.38995,0.06204
664.45000,-2.68520,2.39045,0.04273
664.50000,-2.67571,2.39076,0.02321
664.55000,-2.66621,2.39089,0.00377
664.60000,-2.65669,2.39083,-0.01590
664.65000,-2.64725,2.39063,-0.02623
664.70000,-2.63844,2.39043,-0.02656
664.75000,-2.63088,2.39026,-0.01997
664.80000,-2.62409,2.39017,-0.00939
664.85000,-2.61812,2.39016,0.00535
664.90000,-2.61414,2.39018,0.02958
664.95000,-2.61230,2.39024,0.06461
665.00000,-2.61111,2.39031,0.10230
665.05000,-2.60993,2.39044,0.13959
665.10000,-2.60894,2.39060,0.16358
665.15000,-2.60534,2.39129,0.17201
665.20000,-2.59901,2.39242,0.16588
665.25000,-2.59166,2.39362,0.15372
665.30000,-2.58325,2.39488,0.13605
665.35000,-2.57395,2.39606,0.11392
665.40000,-2.56457,2.39702,0.09136
665.45000,-2.55517,2.39778,0.06823
665.50000,-2.54562,2.39833,0.05396
665.55000,-2.53731,2.39867,0.05429
665.60000,-2.53075,2.39899,0.06472
665.65000,-2.52652,2.39916,0.08897
665.70000,-2.52549,2.39923,0.12616
665.75000,-2.52537,2.39925,0.16935
665.80000,-2.52526,2.39927,0.21551
665.85000,-2.52515,2.39932,0.25216
665.90000,-2.52398,2.39974,0.27021
665.95000,-2.52114,2.40055,0.27619
666.00000,-2.51733,2.40164,0.27692
666.05000,-2.51243,2.40304,0.27240
666.10000,-2.50630,2.40474,0.26218
666.15000,-2.49872,2.40673,0.24579
666.20000,-2.48959,2.40891,0.22125
666.25000,-2.48049,2.41082,0.19323
666.30000,-2.47134,2.41246,0.16468
666.35000,-2.46201,2.41390,0.14786
666.40000,-2.45253,2.41533,0.15382
666.45000,-2.44751,2.41618,0.19319
666.50000,-2.44446,2.41686,0.25115
666.55100,-2.44249,2.41743,0.32026
666.60000,-2.44141,2.41782,0.36612
666.65000,-2.44024,2.41829,0.37738
666.70000,-2.43792,2.41923,0.38086
666.75000,-2.43368,2.42094,0.37705
666.80000,-2.42802,2.42316,0.36651
666.85000,-2.42084,2.42587,0.34937
666.90000,-2.41188,2.42902,0.32468
666.95000,-2.40301,2.43185,0.29299
667.00100,-2.39394,2.43441,0.25775
667.05000,-2.38468,2.43666,0.21840
667.10000,-2.37568,2.43842,0.17323
667.15000,-2.36614,2.43986,0.12491
667.20000,-2.35620,2.44085,0.07529
667.25000,-2.34621,2.44136,0.02593
667.30100,-2.33621,2.44137,-0.02304
667.35000,-2.32622,2.44090,-0.07161
667.40000,-2.31627,2.43994,-0.12005
667.45000,-2.30638,2.43851,-0.16813
667.50000,-2.29656,2.43660,-0.21607
667.55000,-2.28699,2.43424,-0.26385
667.60000,-2.27742,2.43141,-0.31127
667.65000,-2.26797,2.42813,-0.35799
667.70000,-2.25869,2.42440,-0.40478
667.75000,-2.24959,2.42025,-0.45100
667.80000,-2.24070,2.41569,-0.49722
667.85000,-2.23401,2.41198,-0.54628
667.90000,-2.23073,2.40988,-0.60540
667.95000,-2.22921,2.40876,-0.67215
668.00000,-2.22811,2.40783,-0.74025
668.05100,-2.22714,2.40688,-0.80809
668.10000,-2.22630,2.40594,-0.87566
668.15000,-2.22559,2.40502,-0.94295
668.20000,-2.22498,2.40413,-1.00999
668.25000,-2.22449,2.40328,-1.07682
668.30000,-2.22409,2.40249,-1.14349
668.35000,-2.22379,2.40175,-1.21006
668.40000,-2.22355,2.40106,-1.27641
668.45000,-2.22338,2.40041,-1.34249
668.50000,-2.22326,2.39982,-1.40833
668.55000,-2.22319,2.39927,-1.47395
668.60000,-2.22316,2.39877,-1.53941
668.65000,-2.22316,2.39831,-1.60475
668.70000,-2.22318,2.39790,-1.67004
668.75000,-2.22323,2.39753,-1.73537
668.80000,-2.22330,2.39721,-1.80083
668.85000,-2.22338,2.39692,-1.86654
668.90000,-2.22346,2.39667,-1.93266
668.95000,-2.22355,2.39645,-1.99942
669.00000,-2.22365,2.39626,-2.06701
669.05000,-2.22374,2.39610,-2.13574
669.10000,-2.22384,2.39596,-2.20595
669.15000,-2.22394,2.39583,-2.27630
669.20000,-2.22404,2.39572,-2.34604
669.25000,-2.22416,2.39561,-2.41509
669.30000,-2.22428,2.39551,-2.48344
669.35000,-2.22440,2.39542,-2.55108
669.40000,-2.22453,2.39534,-2.61808
669.45000,-2.22467,2.39527,-2.68440
669.50000,-2.22480,2.39520,-2.75000
669.55000,-2.22495,2.39515,-2.81491
669.60000,-2.22509,2.39511,-2.87903
669.65000,-2.22523,2.39507,-2.94233
669.70000,-2.22538,2.39505,-3.00491
669.75000,-2.22553,2.39503,-3.06672
669.80000,-2.22567,2.39505,-3.11890
669.85000,-2.22657,2.39504,3.12847
669.90000,-2.23016,2.39528,3.10517
669.95000,-2.23791,2.39569,3.09991
670.00000,-2.24785,2.39609,3.10445
670.05000,-2.25783,2.39643,3.10993
670.10000,-2.26785,2.39672,3.11580
670.15000,-2.27783,2.39694,3.12203
670.20000,-2.28782,2.39710,3.12864
670.25000,-2.29781,2.39720,3.13569
670.30000,-2.30779,2.39722,-3.14005
670.35000,-2.31778,2.39716,-3.13243
670.40000,-2.32776,2.39703,-3.12443
670.45000,-2.33775,2.39681,-3.11603
670.50000,-2.34780,2.39651,-3.10696
670.55000,-2.35779,2.39612,-3.09774
670.60000,-2.36778,2.39563,-3.08805
670.65000,-2.37775,2.39511,-3.08196
670.70000,-2.38770,2.39461,-3.07918
670.75000,-2.39764,2.39411,-3.07760
670.80000,-2.40759,2.39361,-3.07765
670.85000,-2.41754,2.39308,-3.08683
670.90000,-2.42752,2.39254,-3.11262
670.95000,-2.43744,2.39242,3.12787
671.00000,-2.44564,2.39247,3.07290
671.05100,-2.45155,2.39271,3.00633
671.10000,-2.45506,2.39294,2.94021
671.15000,-2.45834,2.39309,2.89203
671.20000,-2.46145,2.39338,2.85694
671.25000,-2.46693,2.39531,2.84647
671.30000,-2.47601,2.39811,2.85377
671.35000,-2.48537,2.40083,2.86375
671.40000,-2.49475,2.40346,2.87417
671.45000,-2.50415,2.40598,2.88505
671.50000,-2.51356,2.40839,2.89639
671.55000,-2.52300,2.41070,2.90763
671.60000,-2.53246,2.41289,2.91934
671.65000,-2.54193,2.41497,2.93143
671.70000,-2.55142,2.41694,2.94366
671.75000,-2.56093,2.41878,2.95605
671.80000,-2.57045,2.42051,2.96920
671.85000,-2.57996,2.42209,2.98332
671.90000,-2.58923,2.42332,2.98725
671.95000,-2.59793,2.42411,2.97088
672.00000,-2.60377,2.42462,2.92978
672.05000,-2.60791,2.42551,2.87270
672.10000,-2.61086,2.42620,2.81775
672.15000,-2.61379,2.42693,2.78006
672.20000,-2.61747,2.42840,2.76396
672.25000,-2.62414,2.43122,2.76650
672.30000,-2.63355,2.43486,2.78180
672.35000,-2.64300,2.43834,2.79714
672.40000,-2.65242,2.44164,2.81362
672.45000,-2.66211,2.44484,2.83004
672.50000,-2.67194,2.44790,2.84730
672.55000,-2.68184,2.45080,2.86483
672.60000,-2.69143,2.45318,2.87286
672.65000,-2.69962,2.45460,2.85580
672.70000,-2.70486,2.45557,2.81428
672.75000,-2.70841,2.45679,2.75733
672.80000,-2.71058,2.45763,2.70445
672.85000,-2.71290,2.45867,2.67015
672.90000,-2.71537,2.45990,2.64975
672.95000,-2.71843,2.46156,2.64043
673.00100,-2.72415,2.46478,2.64528
673.05000,-2.73261,2.46933,2.66296
673.10000,-2.74197,2.47406,2.68444
673.15000,-2.75135,2.47855,2.70547
673.20000,-2.76084,2.48286,2.72670
673.25000,-2.77050,2.48699,2.74885
673.30000,-2.78019,2.49087,2.77116
673.35000,-2.78999,2.49455,2.79430
673.40000,-2.79929,2.49757,2.80547
673.45000,-2.80620,2.49949,2.78681
673.50000,-2.81005,2.50088,2.74304
673.55000,-2.81184,2.50168,2.68743
673.60000,-2.81269,2.50212,2.62821
673.65000,-2.81354,2.50263,2.57948
673.70000,-2.81458,2.50338,2.54608
673.75000,-2.81573,2.50427,2.52417
673.80000,-2.81722,2.50541,2.51287
673.85000,-2.82143,2.50857,2.51704
673.90000,-2.82929,2.51414,2.53930
673.95000,-2.83760,2.51971,2.56345
674.00000,-2.84604,2.52507,2.58749
674.05000,-2.85460,2.53023,2.61186
674.10000,-2.86330,2.53517,2.63686
674.15000,-2.87211,2.53990,2.66229
674.20000,-2.88104,2.54439,2.68814
674.25000,-2.88970,2.54846,2.70051
674.30000,-2.89671,2.55170,2.68556
674.35000,-2.90020,2.55349,2.64527
674.40000,-2.90133,2.55413,2.59408
674.45000,-2.90181,2.55444,2.54022
674.50000,-2.90226,2.55477,2.49776
674.55000,-2.90291,2.55534,2.47803
674.60000,-2.90621,2.55800,2.48030
674.65000,-2.91212,2.56251,2.49964
674.70000,-2.91935,2.56777,2.52731
674.75000,-2.92699,2.57299,2.55708
674.80000,-2.93477,2.57797,2.58731
674.85000,-2.94270,2.58271,2.61801
674.90000,-2.95065,2.58718,2.63351
674.95000,-2.95714,2.59081,2.61923
675.00000,-2.96037,2.59273,2.58141
675.05000,-2.96134,2.59336,2.53294
675.10000,-2.96175,2.59366,2.48204
675.15000,-2.96211,2.59397,2.44159
675.20000,-2.96283,2.59462,2.42364
675.25000,-2.96595,2.59736,2.42795
675.30000,-2.97164,2.60223,2.44760
675.35000,-2.97845,2.60774,2.47658
675.40000,-2.98579,2.61330,2.50823
675.45000,-2.99324,2.61859,2.54246
675.50000,-3.00138,2.62399,2.57284
675.55000,-3.00918,2.62885,2.59033
675.60000,-3.01593,2.63299,2.57929
675.65000,-3.01998,2.63562,2.54106
675.70000,-3.02311,2.63788,2.48725
675.75000,-3.02626,2.64031,2.44156
675.80000,-3.02935,2.64276,2.42525
675.85100,-3.03228,2.64512,2.43084
675.90000,-3.03512,2.64744,2.45126
675.95000,-3.03870,2.65031,2.48306
676.00000,-3.04396,2.65421,2.52512
676.05000,-3.05071,2.65876,2.57237
676.10000,-3.05839,2.66341,2.62166
676.15000,-3.06684,2.66797,2.67207
676.20000,-3.07508,2.67188,2.72710
676.25000,-3.08369,2.67540,2.78325
676.30000,-3.09303,2.67864,2.83580
676.35000,-3.10161,2.68109,2.89267
676.40000,-3.11048,2.68307,2.95061
676.45000,-3.11922,2.68449,3.01071
676.50000,-3.12744,2.68526,3.06033
676.55000,-3.13386,2.68558,3.09526
676.60000,-3.13885,2.68569,-3.13733
676.65000,-3.14361,2.68553,-3.08159
676.70100,-3.14924,2.68502,-3.02239
676.75000,-3.15550,2.68408,-2.96086
676.80000,-3.16216,2.68264,-2.89775
676.85000,-3.16908,2.68068,-2.83368
676.90000,-3.17610,2.67819,-2.76892
676.95000,-3.18320,2.67515,-2.70397
677.00000,-3.19022,2.67158,-2.63880
677.05000,-3.19716,2.66746,-2.57377
677.10000,-3.20393,2.66282,-2.50886
677.15000,-3.21050,2.65767,-2.44418
677.20000,-3.21683,2.65201,-2.37988
677.25000,-3.22285,2.64589,-2.31579
677.30000,-3.22856,2.63928,-2.25216
677.35000,-3.23390,2.63226,-2.18883
677.40000,-3.23885,2.62480,-2.12594
677.45000,-3.24339,2.61695,-2.06346
677.50000,-3.24747,2.60874,-2.00136
677.55000,-3.25109,2.60017,-1.93976
677.60000,-3.25421,2.59130,-1.87855
677.65000,-3.25643,2.58349,-1.81261
677.70000,-3.25757,2.57808,-1.73733
677.75000,-3.25805,2.57433,-1.65529
677.80000,-3.25817,2.57179,-1.56897
677.85000,-3.25810,2.57018,-1.47986
677.90000,-3.25798,2.56929,-1.38905
677.95000,-3.25787,2.56882,-1.29796
678.00000,-3.25772,2.56837,-1.20826
678.05000,-3.25754,2.56796,-1.12001
678.10000,-3.25734,2.56758,-1.03326
678.15000,-3.25711,2.56723,-0.94801
678.20000,-3.25686,2.56691,-0.86427
678.25000,-3.25659,2.56662,-0.78177
678.30000,-3.25629,2.56635,-0.70035
678.35000,-3.25598,2.56610,-0.62003
678.40000,-3.25564,2.56588,-0.54083
678.45000,-3.25529,2.56571,-0.47404
678.50000,-3.25379,2.56480,-0.43329
678.55000,-3.24772,2.56194,-0.41740
678.60000,-3.23897,2.55808,-0.41505
678.65000,-3.22981,2.55404,-0.41501
678.70000,-3.22066,2.55001,-0.41555
678.75000,-3.21152,2.54598,-0.41663
678.80000,-3.20238,2.54192,-0.41814
678.85000,-3.19328,2.53787,-0.42055
678.90000,-3.18418,2.53377,-0.42317
678.95000,-3.17514,2.52967,-0.42644
679.00000,-3.16613,2.52554,-0.43012
679.05000,-3.15709,2.52136,-0.43445
679.10000,-3.14812,2.51716,-0.43941
679.15000,-3.13921,2.51292,-0.44469
679.20000,-3.13032,2.50864,-0.45035
679.25000,-3.12147,2.50430,-0.45637
679.30000,-3.11266,2.49992,-0.46274
679.35000,-3.10389,2.49549,-0.46967
679.40000,-3.09516,2.49100,-0.47715
679.45000,-3.08648,2.48644,-0.48521
679.50000,-3.07853,2.48239,-0.47945
679.55000,-3.07109,2.47859,-0.45732
679.60000,-3.06625,2.47630,-0.41564
679.65000,-3.06498,2.47577,-0.35814
679.70000,-3.06457,2.47565,-0.30797
679.75000,-3.06305,2.47516,-0.27745
679.80000,-3.05837,2.47382,-0.26461
679.85000,-3.05171,2.47199,-0.26316
679.90000,-3.04342,2.46969,-0.27084
679.95000,-3.03413,2.46704,-0.28430
680.00000,-3.02487,2.46427,-0.29807
680.05000,-3.01565,2.46136,-0.31205
680.10000,-3.00650,2.45833,-0.32635
680.15000,-2.99739,2.45518,-0.34075
680.20000,-2.98833,2.45189,-0.35548
680.25000,-2.97933,2.44847,-0.37063
680.30000,-2.97050,2.44503,-0.37399
680.35000,-2.96183,2.44173,-0.35642
680.40000,-2.95619,2.43980,-0.32332
680.45000,-2.95308,2.43881,-0.28022
680.50000,-2.95192,2.43868,-0.24133
680.55000,-2.94901,2.43791,-0.22436
680.60000,-2.94341,2.43656,-0.22136
680.65000,-2.93554,2.43471,-0.23113
680.70000,-2.92625,2.43244,-0.24898
680.75000,-2.91701,2.43000,-0.26715
680.80000,-2.90782,2.42739,-0.28544
680.85000,-2.89903,2.42490,-0.28985
680.90000,-2.89053,2.42253,-0.27333
680.95000,-2.88573,2.42142,-0.23554
681.00000,-2.88427,2.42109,-0.18736
681.05000,-2.88396,2.42112,-0.14459
681.10000,-2.88344,2.42102,-0.11734
681.15000,-2.88072,2.42062,-0.10376
681.20000,-2.87571,2.42001,-0.10278
681.25000,-2.86807,2.41907,-0.11609
681.30000,-2.85872,2.41787,-0.13854
681.35000,-2.84940,2.41646,-0.16139
681.40000,-2.84011,2.41484,-0.18420
681.45000,-2.83086,2.41301,-0.20711
681.50000,-2.82147,2.41095,-0.22052
681.55000,-2.81214,2.40907,-0.20975
681.60000,-2.80444,2.40758,-0.18517
681.65000,-2.79879,2.40661,-0.15107
681.70000,-2.79544,2.40617,-0.10681
681.75000,-2.79440,2.40608,-0.05284
681.80000,-2.79402,2.40608,-0.00476
681.85000,-2.79363,2.40616,0.02719
681.90000,-2.79280,2.40656,0.04448
681.95000,-2.79087,2.40718,0.05355
682.00000,-2.78806,2.40795,0.05807
682.05000,-2.78410,2.40876,0.05694
682.10100,-2.77727,2.40924,0.04246
682.15000,-2.76779,2.40952,0.01545
682.20000,-2.75784,2.40955,-0.01085
682.25000,-2.74785,2.40931,-0.03668
682.30000,-2.73786,2.40881,-0.06247
682.35000,-2.72789,2.40806,-0.08819
682.40000,-2.71824,2.40728,-0.10248
682.45000,-2.70897,2.40666,-0.09861
682.50000,-2.69986,2.40617,-0.08711
682.55000,-2.69089,2.40581,-0.06796
682.60000,-2.68192,2.40544,-0.03495
682.65000,-2.67371,2.40532,0.01253
682.70000,-2.66763,2.40538,0.07041
682.75000,-2.66417,2.40546,0.12864
682.80000,-2.66086,2.40564,0.17294
682.85000,-2.65748,2.40590,0.20725
682.90000,-2.65408,2.40621,0.23197
682.95000,-2.65063,2.40660,0.24737
683.00000,-2.64706,2.40713,0.25391
683.05000,-2.64249,2.40843,0.24642
683.10000,-2.63441,2.41047,0.21955
683.15000,-2.62480,2.41246,0.18963
683.20000,-2.61495,2.41420,0.16029
683.25000,-2.60506,2.41565,0.13147
683.30000,-2.59512,2.41682,0.10245
683.35000,-2.58516,2.41770,0.07357
683.40000,-2.57569,2.41824,0.04101
683.45000,-2.56622,2.41849,0.02403
683.50000,-2.55647,2.41865,0.02634
683.55000,-2.54751,2.41890,0.04911
683.60000,-2.54077,2.41928,0.09156
683.65000,-2.53565,2.41987,0.14812
683.70000,-2.53231,2.42048,0.21744
683.75000,-2.53028,2.42087,0.28375
683.80000,-2.52816,2.42140,0.33478
683.85000,-2.52603,2.42197,0.36620
683.90000,-2.52402,2.42262,0.37391
683.95000,-2.51881,2.42473,0.35835
684.00000,-2.51095,2.42754,0.32787
684.05000,-2.50226,2.43033,0.29366
684.10000,-2.49348,2.43283,0.25919
684.15000,-2.48459,2.43502,0.22553
684.20000,-2.47566,2.43691,0.19106
684.25000,-2.46670,2.43848,0.15488
684.30000,-2.45758,2.43967,0.13295
684.35000,-2.44794,2.44102,0.13083
684.40000,-2.43793,2.44240,0.14708
684.45000,-2.42986,2.44355,0.18660
684.50000,-2.42544,2.44450,0.24469
684.55000,-2.42241,2.44507,0.30156
684.60000,-2.41968,2.44540,0.33681
684.65000,-2.41728,2.44585,0.34489
684.70000,-2.41426,2.44697,0.33334
684.75000,-2.40943,2.44859,0.31335
684.80000,-2.40292,2.45061,0.28216
684.85000,-2.39550,2.45268,0.23971
684.90000,-2.38835,2.45423,0.18721
684.95000,-2.38088,2.45542,0.13084
685.00000,-2.37271,2.45626,0.07334
685.05000,-2.36424,2.45663,0.01461
685.10000,-2.35570,2.45650,-0.04367
685.15000,-2.34716,2.45588,-0.10118
685.20100,-2.33866,2.45477,-0.15815
685.25000,-2.33022,2.45318,-0.21459
685.30000,-2.32187,2.45112,-0.27061
685.35000,-2.31364,2.44858,-0.32599
685.40000,-2.30555,2.44559,-0.38070
685.45000,-2.29762,2.44217,-0.43535
685.50000,-2.29110,2.43895,-0.49068
685.55000,-2.28738,2.43683,-0.55484
685.60000,-2.28528,2.43543,-0.62554
685.65000,-2.28350,2.43404,-0.69675
685.70000,-2.28191,2.43261,-0.76772
685.75000,-2.28051,2.43116,-0.83838
685.80000,-2.27929,2.42971,-0.90872
685.85000,-2.27824,2.42827,-0.97876
685.90000,-2.27736,2.42685,-1.04851
685.95000,-2.27663,2.42547,-1.11798
686.00000,-2.27603,2.42414,-1.18718
686.05000,-2.27556,2.42284,-1.25608
686.10000,-2.27518,2.42153,-1.32445
686.15000,-2.27490,2.42021,-1.39228
686.20000,-2.27471,2.41889,-1.45956
686.25000,-2.27460,2.41758,-1.52627
686.30000,-2.27459,2.41627,-1.59241
686.35000,-2.27466,2.41499,-1.65796
686.40000,-2.27481,2.41372,-1.72292
686.45000,-2.27504,2.41249,-1.78728
686.50000,-2.27535,2.41128,-1.85103
686.55000,-2.27572,2.41012,-1.91415
686.60000,-2.27616,2.40899,-1.97665
686.65000,-2.27667,2.40791,-2.03851
686.70000,-2.27723,2.40688,-2.09972
686.75000,-2.27785,2.40589,-2.16028
686.80000,-2.27851,2.40496,-2.22018
686.85000,-2.27922,2.40408,-2.27941
686.90000,-2.27997,2.40326,-2.33797
686.95000,-2.28075,2.40249,-2.39585
687.00000,-2.28157,2.40178,-2.45305
687.05000,-2.28241,2.40112,-2.50956
687.10000,-2.28328,2.40053,-2.56538
687.15000,-2.28416,2.39999,-2.62049
687.20000,-2.28507,2.39950,-2.67489
687.25000,-2.28598,2.39907,-2.72859
687.30000,-2.28690,2.39870,-2.78156
687.35000,-2.28783,2.39837,-2.83381
687.40000,-2.28876,2.39811,-2.88533
687.45000,-2.28968,2.39789,-2.93611
687.50000,-2.29061,2.39772,-2.98615
687.55000,-2.29134,2.39763,-3.03616
687.60000,-2.29174,2.39761,-3.08668
687.65000,-2.29264,2.39758,-3.13446
687.70000,-2.29405,2.39761,3.11513
687.75000,-2.29884,2.39784,3.09549
687.80000,-2.30714,2.39830,3.09105
687.85000,-2.31701,2.39880,3.09419
687.90000,-2.32706,2.39925,3.09868
687.95000,-2.33711,2.39966,3.10353
688.00000,-2.34718,2.40002,3.10861
688.05000,-2.35723,2.40033,3.11414
688.10000,-2.36730,2.40058,3.12017
688.15000,-2.37741,2.40076,3.12670
688.20000,-2.38747,2.40088,3.13328
688.25000,-2.39755,2.40093,3.14068
688.30000,-2.40760,2.40090,-3.13489
688.35000,-2.41730,2.40085,-3.13749
688.40000,-2.42488,2.40086,3.12599
688.45000,-2.42987,2.40086,3.09499
688.50000,-2.43197,2.40083,3.05210
688.55100,-2.43236,2.40086,3.00213
688.60000,-2.43268,2.40095,2.95963
688.65000,-2.43362,2.40136,2.93227
688.70000,-2.43573,2.40196,2.91272
688.75000,-2.43908,2.40279,2.89934
688.80000,-2.44353,2.40392,2.89143
688.85000,-2.44927,2.40543,2.88941
688.90000,-2.45718,2.40772,2.89718
688.95000,-2.46665,2.41013,2.91142
689.00100,-2.47640,2.41234,2.92680
689.05000,-2.48619,2.41440,2.94223
689.10000,-2.49601,2.41630,2.95775
689.15000,-2.50585,2.41805,2.97346
689.20000,-2.51573,2.41965,2.98926
689.25000,-2.52562,2.42109,3.00500
689.30000,-2.53554,2.42237,3.02130
689.35100,-2.54387,2.42335,3.01992
689.40000,-2.54962,2.42412,2.99056
689.45000,-2.55328,2.42475,2.94569
689.50000,-2.55455,2.42503,2.88992
689.55000,-2.55475,2.42511,2.84070
689.60000,-2.55518,2.42539,2.81380
689.65000,-2.55775,2.42647,2.80455
689.70000,-2.56187,2.42793,2.80292
689.75000,-2.56724,2.42983,2.80674
689.80000,-2.57392,2.43214,2.81653
689.85000,-2.58207,2.43483,2.83256
689.90000,-2.59170,2.43780,2.85470
689.95000,-2.60130,2.44052,2.87635
690.00000,-2.61097,2.44303,2.89770
690.05000,-2.62068,2.44533,2.91925
690.10000,-2.63044,2.44743,2.94146
690.15000,-2.63995,2.44908,2.95121
690.20000,-2.64797,2.45021,2.93526
690.25000,-2.65222,2.45112,2.89134
690.30000,-2.65439,2.45173,2.83459
690.35000,-2.65486,2.45189,2.77077
690.40000,-2.65504,2.45199,2.71739
690.45000,-2.65528,2.45220,2.68738
690.50000,-2.65806,2.45379,2.68282
690.55000,-2.66259,2.45604,2.68958
690.60000,-2.66818,2.45873,2.70226
690.65000,-2.67518,2.46194,2.72232
690.70000,-2.68368,2.46559,2.75025
690.75000,-2.69233,2.46902,2.77821
690.80000,-2.70108,2.47221,2.80567
690.85000,-2.70990,2.47515,2.83367
690.90000,-2.71879,2.47784,2.86217
690.95000,-2.72760,2.48018,2.87820
691.00000,-2.73575,2.48180,2.87164
691.05000,-2.74156,2.48282,2.83779
691.10000,-2.74461,2.48381,2.78447
691.15000,-2.74546,2.48415,2.72134
691.20000,-2.74563,2.48425,2.66620
691.25000,-2.74580,2.48440,2.62942
691.30000,-2.74754,2.48551,2.62170
691.35000,-2.75304,2.48872,2.63506
691.40000,-2.76051,2.49283,2.65893
691.45000,-2.76875,2.49700,2.68833
691.50000,-2.77713,2.50093,2.71789
691.55000,-2.78563,2.50461,2.74768
691.60000,-2.79421,2.50802,2.77795
691.65000,-2.80271,2.51110,2.79631
691.70000,-2.81096,2.51388,2.79234
691.75000,-2.81789,2.51610,2.76485
691.80000,-2.82185,2.51773,2.71613
691.85000,-2.82336,2.51846,2.65599
691.90000,-2.82354,2.51856,2.59017
691.95000,-2.82370,2.51868,2.53567
692.00000,-2.82412,2.51911,2.50897
692.05000,-2.82712,2.52139,2.50962
692.10000,-2.83277,2.52549,2.52651
692.15000,-2.83975,2.53029,2.55310
692.20000,-2.84752,2.53531,2.58322
692.25000,-2.85544,2.54009,2.61327
692.30000,-2.86346,2.54461,2.64464
692.35000,-2.87262,2.54938,2.67564
692.40000,-2.88141,2.55367,2.70645
692.45000,-2.89005,2.55763,2.72809
692.50000,-2.89845,2.56129,2.72623
692.55000,-2.90447,2.56391,2.69619
692.60000,-2.90716,2.56525,2.64341
692.65000,-2.90798,2.56572,2.58152
692.70000,-2.90815,2.56583,2.51697
692.75000,-2.90830,2.56598,2.46407
692.80000,-2.90861,2.56633,2.43288
692.85000,-2.91104,2.56851,2.43318
692.90000,-2.91649,2.57312,2.44990
692.95000,-2.92353,2.57883,2.47409
693.00000,-2.93146,2.58490,2.50209
693.05000,-2.93956,2.59076,2.53032
693.10000,-2.94783,2.59638,2.55875
693.15000,-2.95626,2.60176,2.58831
693.20000,-2.96485,2.60688,2.61844
693.25000,-2.97285,2.61128,2.63387
693.30000,-2.97929,2.61464,2.62083
693.35000,-2.98271,2.61666,2.57980
693.40000,-2.98466,2.61794,2.52673
693.45000,-2.98733,2.61998,2.47192
693.50000,-2.99135,2.62316,2.42717
693.55000,-2.99546,2.62648,2.39447
693.60000,-2.99967,2.62991,2.37282
693.65000,-3.00400,2.63351,2.36175
693.70000,-3.00852,2.63732,2.36042
693.75000,-3.01345,2.64159,2.37555
693.80000,-3.01913,2.64682,2.40731
693.85000,-3.02621,2.65299,2.44887
693.90000,-3.03398,2.65914,2.49430
693.95000,-3.04199,2.66490,2.54257
694.00000,-3.05034,2.67030,2.59326
694.05000,-3.05900,2.67529,2.64459
694.10100,-3.06791,2.67983,2.69597
694.15000,-3.07698,2.68387,2.74863
694.20000,-3.08630,2.68746,2.80006
694.25000,-3.09580,2.69056,2.85207
694.30000,-3.10545,2.69317,2.90329
694.35000,-3.11480,2.69518,2.95727
694.40000,-3.12359,2.69657,3.01542
694.45000,-3.13220,2.69740,3.07596
694.50000,-3.14058,2.69768,3.12213
694.55000,-3.14623,2.69771,-3.12967
694.60000,-3.15003,2.69757,-3.08098
694.65000,-3.15455,2.69717,-3.02507
694.70000,-3.15985,2.69638,-2.96518
694.75000,-3.16578,2.69513,-2.90293
694.80000,-3.17210,2.69338,-2.83905
694.85000,-3.17866,2.69109,-2.77418
694.90000,-3.18533,2.68827,-2.70872
694.95000,-3.19202,2.68491,-2.64295
695.00000,-3.19865,2.68101,-2.57707
695.05000,-3.20514,2.67659,-2.51123
695.10000,-3.21147,2.67165,-2.44564
695.15000,-3.21756,2.66621,-2.38027
695.20000,-3.22337,2.66029,-2.31520
695.25000,-3.22887,2.65392,-2.25048
695.30000,-3.23403,2.64710,-2.18614
695.35000,-3.23881,2.63986,-2.12221
695.40000,-3.24318,2.63222,-2.05874
695.45100,-3.24711,2.62420,-1.99573
695.50000,-3.25058,2.61586,-1.93310
695.55000,-3.25356,2.60719,-1.87099
695.60000,-3.25536,2.60029,-1.80906
695.65000,-3.25602,2.59716,-1.74121
695.70000,-3.25624,2.59565,-1.66720
695.75000,-3.25626,2.59526,-1.58931
695.80000,-3.25626,2.59504,-1.51150
695.85000,-3.25624,2.59482,-1.43460
695.90000,-3.25620,2.59461,-1.35863
695.95000,-3.25614,2.59440,-1.28360
696.00000,-3.25607,2.59419,-1.20954
696.05000,-3.25599,2.59399,-1.13645
696.10000,-3.25589,2.59379,-1.06434
696.15000,-3.25578,2.59361,-0.99322
696.20000,-3.25565,2.59343,-0.92311
696.25000,-3.25552,2.59326,-0.85401
696.30000,-3.25537,2.59310,-0.78594
696.35000,-3.25521,2.59295,-0.71889
696.40000,-3.25504,2.59281,-0.65288
696.45000,-3.25486,2.59269,-0.58791
696.50000,-3.25468,2.59260,-0.53494
696.55000,-3.25284,2.59149,-0.49926
696.60000,-3.24724,2.58849,-0.47919
696.65000,-3.23883,2.58413,-0.47530
696.70000,-3.22995,2.57955,-0.47544
696.75000,-3.22108,2.57498,-0.47603
696.80000,-3.21223,2.57041,-0.47754
696.85000,-3.20339,2.56583,-0.47947
696.90000,-3.19458,2.56123,-0.48204
696.95000,-3.18578,2.55661,-0.48515
697.00000,-3.17700,2.55196,-0.48901
697.05000,-3.16827,2.54729,-0.49326
