time,voltage,percentage
0.00000,12.60000,100.00000
0.00000,12.60000,100.00000
0.00000,12.04951,100.00000
0.05000,12.04663,99.99780
0.10000,12.04424,99.99558
0.15000,12.04234,99.99336
0.20000,12.04063,99.99114
0.25000,12.03956,99.98891
0.30000,12.03848,99.98668
0.35000,12.03780,99.98444
0.40000,12.03713,99.98221
0.45000,12.03644,99.97997
0.50000,12.03592,99.97773
0.55000,12.03565,99.97549
0.60000,12.03473,99.97325
0.65000,12.03440,99.97101
0.70000,12.03401,99.96877
0.75000,12.03415,99.96652
0.80000,12.03463,99.96428
0.85000,12.03478,99.96204
0.90000,12.13044,99.96018
0.95000,12.12548,99.95831
1.00000,12.12843,99.95644
1.05000,12.13015,99.95458
1.10000,12.13130,99.95273
1.15000,12.13248,99.95088
1.20000,12.13366,99.94904
1.25000,12.13484,99.94720
1.30000,12.13601,99.94537
1.35000,12.13717,99.94355
1.40000,12.13832,99.94173
1.45000,12.13947,99.93991
1.50000,12.14060,99.93810
1.55000,12.14173,99.93629
1.60000,12.14285,99.93449
1.65000,12.14396,99.93270
1.70000,12.14506,99.93098
1.75000,12.14616,99.92928
1.80000,12.14724,99.92757
1.85000,12.14831,99.92587
1.90000,12.14937,99.92416
1.95000,12.15041,99.92247
2.00000,12.15145,99.92078
2.05000,12.15247,99.91910
2.10000,12.15348,99.91742
2.15000,12.15448,99.91574
2.20000,12.15546,99.91407
2.25000,12.15641,99.91240
2.30000,12.15728,99.91074
2.35000,12.15814,99.90907
2.40000,12.15900,99.90742
2.45000,12.15984,99.90577
2.50000,12.16074,99.90411
2.55000,12.16162,99.90247
2.60000,12.16250,99.90083
2.65000,12.16335,99.89919
2.70000,12.16419,99.89756
2.75000,12.16501,99.89593
2.80000,12.16581,99.89430
2.85000,12.16661,99.89268
2.90000,12.46919,99.89223
2.95000,12.21011,99.89077
3.00000,12.21090,99.88932
3.05000,12.21191,99.88787
3.10000,12.21301,99.88642
3.15000,12.21376,99.88499
3.20000,12.21448,99.88354
3.25000,12.21517,99.88211
3.30000,12.21585,99.88068
3.35000,12.21651,99.87925
3.40000,12.21715,99.87782
3.45000,12.21779,99.87640
3.50000,12.21840,99.87498
3.55000,12.21899,99.87357
3.60000,12.21957,99.87215
3.65000,12.22013,99.87074
3.70000,12.22069,99.86933
3.75000,12.22124,99.86792
3.80000,12.22085,99.86652
3.85000,12.22008,99.86510
3.90000,12.21934,99.86369
3.95000,12.21866,99.86227
4.00000,12.21800,99.86086
4.05000,12.21734,99.85944
4.10000,12.21670,99.85802
4.15000,12.21607,99.85659
4.20000,12.21544,99.85516
4.25000,12.21482,99.85374
4.30000,12.21418,99.85231
4.35000,12.21354,99.85088
4.40000,12.21292,99.84944
4.45000,12.21239,99.84801
4.50000,12.21187,99.84657
4.55000,12.21137,99.84513
4.60000,12.21087,99.84370
4.65000,12.21038,99.84225
4.70000,12.20992,99.84081
4.75000,12.20946,99.83936
4.80000,12.20903,99.83792
4.85000,12.20860,99.83647
4.90000,12.20819,99.83503
4.95000,12.20779,99.83358
5.00000,12.20740,99.83213
5.05000,12.20702,99.83068
5.10000,12.20665,99.82922
5.15000,12.20629,99.82777
5.20000,9.00000,99.80724
5.25000,12.16166,99.80562
5.30000,12.16136,99.80400
5.35000,12.16104,99.80238
5.40000,12.16073,99.80077
5.45000,12.16043,99.79915
5.50000,12.16015,99.79752
5.55000,12.15987,99.79591
5.60000,12.15961,99.79429
5.65000,12.15936,99.79266
5.70000,12.15912,99.79104
5.75000,12.15889,99.78942
5.80000,12.15867,99.78780
5.85000,12.15846,99.78617
5.90000,12.15826,99.78455
5.95000,12.15807,99.78293
6.00000,12.15789,99.78130
6.05000,12.15771,99.77968
6.10000,12.15755,99.77805
6.15000,12.15739,99.77643
6.20000,12.15724,99.77480
6.25000,12.15710,99.77318
6.30000,12.15696,99.77155
6.35000,12.15684,99.76993
6.40000,12.15672,99.76830
6.45000,12.15661,99.76669
6.50000,12.15651,99.76506
6.55000,12.15642,99.76344
6.60000,12.15633,99.76181
6.65000,12.15625,99.76019
6.70000,12.15617,99.75856
6.75000,12.15609,99.75694
6.80000,12.15602,99.75531
6.85000,12.15596,99.75369
6.90000,12.15591,99.75207
6.95000,12.15587,99.75044
7.00000,12.15583,99.74882
7.05000,12.15579,99.74720
7.10000,12.15576,99.74557
7.15000,12.15574,99.74396
7.20000,12.15571,99.74233
7.25000,12.15570,99.74072
7.30000,12.15568,99.73909
7.35000,12.15567,99.73747
7.40000,12.15565,99.73586
7.45000,12.15564,99.73424
7.50000,12.15563,99.73262
7.55000,12.15562,99.73100
7.60000,12.15561,99.72938
7.65000,12.15561,99.72776
7.70000,12.15563,99.72614
7.75000,12.15565,99.72453
7.80000,12.15568,99.72292
7.85000,12.15571,99.72130
7.90000,12.15574,99.71968
7.95000,12.15577,99.71807
8.00000,12.15581,99.71645
8.05000,12.15584,99.71484
8.10000,12.15588,99.71323
8.15000,12.15592,99.71162
8.20000,12.15596,99.71001
8.25000,12.15601,99.70840
8.30000,12.15604,99.70679
8.35000,12.15609,99.70518
8.40000,12.15613,99.70357
8.45000,12.15618,99.70197
8.50000,12.15623,99.70036
8.55000,12.15628,99.69875
8.60000,12.15633,99.69714
8.65000,12.15638,99.69554
8.70000,12.15643,99.69393
8.75000,12.15648,99.69233
8.80000,12.15653,99.69073
8.85000,12.15659,99.68913
8.90000,12.15664,99.68752
8.95000,12.15670,99.68592
9.00000,12.15675,99.68432
9.05000,12.15681,99.68272
9.10000,12.15687,99.68112
9.15000,12.15693,99.67952
9.20000,12.15699,99.67793
9.25000,12.15704,99.67632
9.30000,12.15711,99.67473
9.35000,12.15716,99.67313
9.40000,12.15722,99.67154
9.45000,12.15728,99.66994
9.50000,12.15734,99.66835
9.55000,12.15739,99.66676
9.60000,12.15745,99.66516
9.65000,12.15751,99.66357
9.70000,12.15756,99.66198
9.75000,12.15763,99.66039
9.80000,12.15768,99.65880
9.85000,12.15773,99.65720
9.90000,12.15779,99.65562
9.95000,12.15784,99.65403
10.00000,12.15788,99.65244
10.05000,12.15793,99.65086
10.10000,12.15798,99.64927
10.15000,12.15802,99.64768
10.20000,12.15806,99.64610
10.25000,12.15810,99.64452
10.30000,12.15813,99.64293
10.35000,12.15817,99.64134
10.40000,12.15821,99.63976
10.45000,12.15824,99.63818
10.50000,12.15827,99.63660
10.55000,12.15829,99.63502
10.60000,12.15832,99.63344
10.65000,12.15835,99.63186
10.70000,12.15837,99.63028
10.75000,12.15839,99.62870
10.80000,12.15841,99.62712
10.85000,12.15843,99.62554
10.90000,12.15845,99.62396
10.95000,12.15846,99.62238
11.00000,12.15848,99.62081
11.05000,12.15849,99.61923
11.10000,12.15850,99.61766
11.15000,12.15850,99.61608
11.20000,12.15851,99.61451
11.25000,12.15851,99.61293
11.30000,12.15851,99.61136
11.35000,12.15851,99.60979
11.40000,12.15851,99.60822
11.45000,12.15851,99.60664
11.50000,12.15850,99.60506
11.55000,12.15850,99.60349
11.60000,12.15848,99.60192
11.65000,12.15846,99.60035
11.70000,12.15844,99.59879
11.75000,12.15841,99.59721
11.80000,12.15838,99.59564
11.85000,12.15836,99.59407
11.90000,12.15832,99.59250
11.95000,12.15830,99.59093
12.00000,12.15827,99.58936
12.05000,12.15821,99.58779
12.10000,12.15802,99.58623
12.15000,12.15783,99.58466
12.20000,12.15764,99.58308
12.25000,12.15746,99.58152
12.30000,12.15727,99.57995
12.35000,12.15709,99.57838
12.40000,12.15691,99.57681
12.45000,12.15674,99.57523
12.50000,12.15656,99.57366
12.55000,12.15639,99.57209
12.60000,12.15622,99.57052
12.65000,12.15605,99.56895
12.70000,12.15589,99.56738
12.75000,12.15573,99.56580
12.80000,12.15556,99.56423
12.85000,12.15541,99.56266
12.90000,12.15525,99.56109
12.95000,12.15509,99.55952
13.00000,12.15494,99.55794
13.05000,12.15479,99.55637
13.10000,12.15463,99.55479
13.15000,12.15448,99.55322
13.20000,12.15433,99.55165
13.25000,12.15418,99.55007
13.30000,12.15403,99.54850
13.35000,12.15388,99.54693
13.40000,12.15373,99.54535
13.45000,12.15359,99.54378
13.50000,12.15345,99.54220
13.55000,12.15331,99.54063
13.60000,12.15317,99.53905
13.65000,12.15304,99.53748
13.70000,12.15290,99.53590
13.75000,12.15277,99.53432
13.80000,12.15263,99.53275
13.85000,12.15250,99.53117
13.90000,12.15237,99.52960
13.95000,12.15225,99.52802
14.00000,12.15212,99.52645
14.05000,12.15199,99.52487
14.10000,12.15187,99.52330
14.15000,12.15175,99.52172
14.20000,12.15162,99.52015
14.25000,12.15150,99.51857
14.30000,12.15138,99.51700
14.35000,12.15127,99.51542
14.40000,12.15115,99.51385
14.45000,12.15103,99.51227
14.50000,12.15092,99.51070
14.55000,12.15080,99.50912
14.60000,12.15068,99.50755
14.65000,12.15057,99.50597
14.70000,12.15047,99.50439
14.75000,12.15036,99.50282
14.80000,12.15026,99.50124
14.85000,12.15015,99.49966
14.90000,12.15004,99.49809
14.95000,12.14994,99.49651
15.00000,12.14983,99.49493
15.05000,12.14973,99.49336
15.10000,12.14963,99.49178
15.15000,12.14954,99.49021
15.20000,12.14943,99.48863
15.25000,12.14934,99.48706
15.30000,12.14923,99.48548
15.35000,12.14914,99.48391
15.40000,12.14906,99.48233
15.45000,12.14897,99.48076
15.50000,12.14888,99.47918
15.55000,12.14880,99.47761
15.60000,12.14871,99.47603
15.65000,12.14863,99.47446
15.70000,12.14855,99.47288
15.75000,12.14847,99.47131
15.80000,12.14839,99.46973
15.85000,12.14830,99.46815
15.90000,12.14822,99.46658
15.95000,12.14814,99.46501
16.00000,12.14806,99.46343
16.05000,12.14797,99.46186
16.10000,12.14789,99.46029
16.15000,12.14780,99.45871
16.20000,12.14771,99.45714
16.25000,12.14762,99.45557
16.30000,12.14753,99.45399
16.35000,12.14744,99.45242
16.40000,12.14735,99.45084
16.45000,12.14727,99.44927
16.50000,12.14717,99.44769
16.55000,12.14709,99.44612
16.60000,12.14700,99.44455
16.65000,12.14691,99.44298
16.70000,12.14682,99.44141
16.75000,12.14674,99.43983
16.80000,12.14665,99.43826
16.85000,12.14657,99.43668
16.90000,12.14648,99.43511
16.95000,12.14639,99.43354
17.00000,12.14631,99.43197
17.05000,12.14622,99.43040
17.10000,12.14613,99.42882
17.15000,12.14605,99.42725
17.20000,12.14596,99.42567
17.25000,12.14588,99.42410
17.30000,12.14579,99.42253
17.35000,12.14570,99.42096
17.40000,12.14562,99.41939
17.45000,12.14553,99.41782
17.50000,12.14545,99.41624
17.55000,12.14536,99.41467
17.60000,12.13800,99.41307
17.65000,12.13843,99.41148
17.70000,12.13839,99.40988
17.75000,12.13834,99.40828
17.80000,12.13830,99.40668
17.85000,12.13827,99.40509
17.90000,12.13823,99.40350
17.95000,12.13820,99.40189
18.00000,12.13817,99.40030
18.05000,12.13814,99.39870
18.10000,12.13812,99.39711
18.15000,12.13810,99.39552
18.20000,12.13808,99.39392
18.25000,12.13806,99.39233
18.30000,12.13805,99.39073
18.35000,12.13804,99.38914
18.40000,12.13803,99.38755
18.45000,12.13802,99.38596
18.50000,12.13802,99.38436
18.55000,12.13802,99.38277
18.60000,12.13803,99.38118
18.65000,12.13804,99.37959
18.70000,12.13805,99.37800
18.75000,12.13806,99.37641
18.80000,12.13808,99.37482
18.85000,12.13810,99.37323
18.90000,12.13812,99.37164
18.95000,12.13814,99.37006
19.00000,12.13816,99.36847
19.05000,12.13819,99.36688
19.10000,12.13821,99.36530
19.15000,12.13823,99.36371
19.20000,12.13824,99.36213
19.25000,12.13825,99.36054
19.30000,12.13826,99.35896
19.35000,12.13827,99.35738
19.40000,12.13828,99.35579
19.45000,12.13829,99.35420
19.50000,12.13830,99.35262
19.55000,12.13831,99.35104
19.60000,12.13833,99.34946
19.65000,12.13834,99.34788
19.70000,12.13835,99.34630
19.75000,12.13836,99.34472
19.80000,12.13838,99.34314
19.85000,12.13839,99.34156
19.90000,12.13840,99.33998
19.95000,12.13842,99.33840
20.00000,12.13843,99.33682
20.05000,12.13844,99.33524
20.10000,12.13845,99.33366
20.15000,12.13845,99.33209
20.20000,12.13846,99.33051
20.25000,12.13847,99.32893
20.30000,12.13847,99.32736
20.35000,12.13848,99.32578
20.40000,12.13849,99.32421
20.45000,12.13849,99.32264
20.50000,12.13850,99.32106
20.55000,12.13850,99.31949
20.60000,12.13850,99.31792
20.65000,12.13850,99.31635
20.70000,12.13850,99.31477
20.75000,12.13850,99.31320
20.80000,12.13850,99.31163
20.85000,12.13850,99.31006
20.90000,12.13850,99.30849
20.95000,12.13850,99.30692
21.00000,12.13851,99.30534
21.05000,12.13851,99.30378
21.10000,12.13852,99.30221
21.15000,12.13852,99.30064
21.20000,12.13832,99.29907
21.25000,12.13812,99.29750
21.30000,12.13792,99.29593
21.35000,12.13771,99.29436
21.40000,12.13751,99.29279
21.45000,12.13730,99.29122
21.50000,12.13709,99.28965
21.55000,12.13688,99.28808
21.60000,12.13667,99.28651
21.65000,12.13646,99.28493
21.70000,12.13625,99.28336
21.75000,12.13604,99.28178
21.80000,12.13583,99.28021
21.85000,12.13564,99.27864
21.90000,12.13547,99.27706
21.95000,12.13530,99.27549
22.00000,12.13513,99.27391
22.05000,12.13496,99.27234
22.10000,12.13479,99.27076
22.15000,12.13463,99.26919
22.20000,12.13446,99.26761
22.25000,12.13430,99.26604
22.30000,12.13414,99.26446
22.35000,12.13397,99.26289
22.40000,12.13381,99.26131
22.45000,12.13364,99.25973
22.50000,12.13348,99.25816
22.55000,12.13332,99.25658
22.60000,12.13316,99.25500
22.65000,12.13301,99.25342
22.70000,12.13285,99.25184
22.75000,12.13269,99.25026
22.80000,12.13254,99.24869
22.85000,12.13239,99.24711
22.90000,12.13224,99.24553
22.95000,12.13209,99.24395
23.00000,12.13194,99.24237
23.05000,12.13180,99.24079
23.10000,12.13165,99.23921
23.15000,12.13151,99.23763
23.20000,12.13137,99.23605
23.25000,12.13123,99.23447
23.30000,12.13109,99.23289
23.35000,12.13095,99.23131
23.40000,12.13082,99.22973
23.45000,12.13069,99.22815
23.50000,12.13056,99.22657
23.55000,12.13044,99.22499
23.60000,12.13032,99.22341
23.65000,12.13020,99.22182
23.70000,12.13008,99.22025
23.75000,12.12997,99.21867
23.80000,12.12986,99.21709
23.85000,12.12974,99.21551
23.90000,12.12963,99.21392
23.95000,12.12952,99.21234
24.00000,12.12942,99.21076
24.05000,12.12932,99.20918
24.10000,12.12921,99.20760
24.15000,12.12910,99.20602
24.20000,12.12901,99.20444
24.25000,12.12893,99.20286
24.30000,12.12884,99.20128
24.35000,12.12876,99.19970
24.40000,12.12868,99.19811
24.45000,12.12860,99.19653
24.50000,12.12853,99.19495
24.55000,12.12847,99.19337
24.60000,12.12840,99.19180
24.65000,12.12834,99.19022
24.70000,12.12828,99.18864
24.75000,12.12822,99.18706
24.80000,12.12817,99.18548
24.85000,12.12812,99.18390
24.90000,12.12808,99.18232
24.95000,12.12804,99.18074
25.00000,12.12801,99.17916
25.05000,12.12805,99.17758
25.10000,12.12817,99.17600
25.15000,12.12825,99.17443
25.20000,12.12825,99.17285
25.25000,12.12822,99.17128
25.30000,12.12812,99.16970
25.35000,12.12797,99.16812
25.40000,12.12781,99.16655
25.45000,12.12762,99.16497
25.50000,12.12748,99.16340
25.55000,12.12737,99.16182
25.60000,12.12766,99.16024
25.65000,12.12809,99.15867
25.70000,12.12853,99.15710
25.75000,12.12897,99.15553
25.80000,12.12856,99.15396
25.85000,12.12792,99.15239
25.90000,12.12730,99.15081
25.95000,12.12667,99.14924
26.00000,12.12605,99.14766
26.05000,12.12548,99.14608
26.10000,12.12487,99.14449
26.15000,12.12427,99.14291
26.20000,12.12368,99.14133
26.25000,11.98177,99.13911
26.30000,11.99387,99.13694
26.35000,11.99362,99.13477
26.40000,12.11287,99.13314
26.45000,11.98258,99.13093
26.50000,11.99817,99.12878
26.55000,11.99652,99.12663
26.60000,11.99794,99.12447
26.65000,12.10740,99.12283
26.70000,12.41362,99.12237
26.75000,12.15689,99.12092
26.80000,12.15402,99.11945
26.85000,12.15129,99.11797
26.90000,12.15005,99.11650
26.95000,12.14947,99.11501
27.00000,12.14937,99.11353
27.05000,12.14961,99.11205
27.10000,12.14971,99.11058
27.15000,12.15005,99.10910
27.20000,9.00000,99.08930
27.25000,12.11046,99.08768
27.30000,12.11024,99.08606
27.35000,12.10924,99.08443
27.40000,12.10823,99.08280
27.45000,12.10724,99.08117
27.50000,12.10628,99.07954
27.55000,12.10534,99.07790
27.60000,12.41067,99.07744
27.65000,12.14799,99.07596
27.70000,12.14703,99.07448
27.75000,12.14521,99.07299
27.80000,9.00000,99.05306
27.85000,12.10170,99.05142
27.90000,12.00013,99.04930
27.95000,12.09130,99.04762
28.00000,12.00071,99.04549
28.05000,12.09095,99.04381
28.10000,12.40839,99.04335
28.15000,12.14182,99.04186
28.20000,12.14030,99.04037
28.25000,12.13861,99.03886
28.30000,12.13821,99.03736
28.35000,12.13826,99.03586
28.40000,9.00000,99.01591
28.45000,12.09821,99.01427
28.50000,12.09846,99.01262
28.55000,12.09803,99.01097
28.60000,12.09754,99.00932
28.65000,12.09716,99.00767
28.70000,12.09684,99.00601
28.75000,12.09654,99.00436
28.80000,12.09620,99.00271
28.85000,12.09582,99.00105
28.90000,12.09543,98.99939
28.95000,12.09507,98.99773
29.00000,12.09474,98.99608
29.05000,12.09442,98.99442
29.10000,12.09414,98.99276
29.15000,12.09386,98.99110
29.20000,12.09362,98.98943
29.25000,12.09339,98.98778
29.30000,12.09318,98.98611
29.35000,12.09301,98.98445
29.40000,12.09284,98.98279
29.45000,12.09270,98.98112
29.50000,12.09258,98.97946
29.55000,12.09248,98.97780
29.60000,12.09240,98.97614
29.65000,12.09234,98.97447
29.70000,12.09230,98.97281
29.75000,12.09231,98.97115
29.80000,12.09237,98.96949
29.85000,12.09244,98.96783
29.90000,12.09255,98.96617
29.95000,12.09267,98.96451
30.00000,12.09279,98.96285
30.05000,12.09291,98.96120
30.10000,12.09304,98.95954
30.15000,12.09318,98.95789
30.20000,12.09335,98.95623
30.25000,12.09354,98.95457
30.30000,12.09373,98.95293
30.35000,12.09396,98.95127
30.40000,12.09425,98.94962
30.45000,12.09455,98.94798
30.50000,12.09487,98.94633
30.55000,12.09521,98.94469
30.60000,12.09549,98.94304
30.65000,12.09578,98.94140
30.70000,12.09612,98.93976
30.75000,12.09647,98.93813
30.80000,12.09684,98.93649
30.85000,12.09722,98.93485
30.90000,12.09761,98.93322
30.95000,12.09801,98.93159
31.00000,12.09846,98.92996
31.05000,12.09891,98.92834
31.10000,12.09937,98.92671
31.15000,12.09983,98.92509
31.20000,12.10030,98.92347
31.25000,12.10078,98.92185
31.30000,12.10127,98.92023
31.35000,12.10177,98.91862
31.40000,12.10227,98.91701
31.45000,12.10277,98.91540
31.50000,12.10327,98.91380
31.55000,12.10376,98.91219
31.60000,12.10426,98.91058
31.65000,12.10473,98.90899
31.70000,12.10520,98.90739
31.75000,12.10565,98.90579
31.80000,12.10611,98.90420
31.85000,12.10656,98.90261
31.90000,12.10702,98.90102
31.95000,12.10747,98.89943
32.00000,12.10792,98.89785
32.05000,12.10837,98.89626
32.10000,12.10881,98.89468
32.15000,12.10923,98.89310
32.20000,12.10965,98.89153
32.25000,12.11006,98.88995
32.30000,12.11046,98.88838
32.35000,12.11084,98.88681
32.40000,12.11120,98.88524
32.45000,12.11122,98.88367
32.50000,12.11069,98.88210
32.55000,12.11019,98.88052
32.60000,12.10968,98.87895
32.65000,12.10921,98.87737
32.70000,12.10875,98.87580
32.75000,12.10833,98.87422
32.80000,12.10794,98.87264
32.85000,12.10756,98.87106
32.90000,12.10717,98.86948
32.95000,12.10680,98.86790
33.00000,12.10643,98.86631
33.05000,12.10607,98.86473
33.10000,12.10571,98.86314
33.15000,12.10536,98.86156
33.20000,12.10502,98.85997
33.25000,12.10469,98.85838
33.30000,12.10436,98.85679
33.35000,12.10404,98.85520
33.40000,12.10373,98.85361
33.45000,12.10343,98.85202
33.50000,12.10313,98.85043
33.55000,12.10284,98.84883
33.60000,12.10256,98.84724
33.65000,12.10230,98.84564
33.70000,12.10203,98.84405
33.75000,12.10178,98.84245
33.80000,12.10152,98.84086
33.85000,12.10127,98.83926
33.90000,12.10104,98.83766
33.95000,12.10081,98.83606
34.00000,12.10059,98.83447
34.05000,12.10038,98.83286
34.10000,12.10017,98.83127
34.15000,12.09998,98.82967
34.20000,12.09979,98.82806
34.25000,12.09962,98.82646
34.30000,12.09944,98.82487
34.35000,12.09927,98.82327
34.40000,12.09911,98.82166
34.45000,12.09895,98.82006
34.50000,12.09881,98.81846
34.55000,12.09867,98.81686
34.60000,12.09854,98.81525
34.65000,12.09842,98.81365
34.70000,12.09831,98.81205
34.75000,12.09821,98.81045
34.80000,12.09811,98.80885
34.85000,12.09802,98.80724
34.90000,12.09794,98.80564
34.95000,12.09787,98.80404
35.00000,12.09780,98.80244
35.05000,12.09774,98.80083
35.10000,12.09769,98.79923
35.15000,12.09765,98.79763
35.20000,12.09761,98.79603
35.25000,12.09756,98.79443
35.30000,12.09753,98.79283
35.35000,12.09750,98.79123
35.40000,12.09747,98.78963
35.45000,12.09746,98.78802
35.50000,12.09744,98.78643
35.55000,12.09744,98.78483
35.60000,12.09744,98.78323
35.65000,12.09744,98.78163
35.70000,12.09744,98.78003
35.75000,12.09745,98.77843
35.80000,12.09748,98.77683
35.85000,12.09752,98.77524
35.90000,12.09757,98.77364
35.95000,12.09761,98.77205
36.00000,12.09767,98.77045
36.05000,12.09773,98.76885
36.10000,12.09780,98.76727
36.15000,12.09786,98.76567
36.20000,12.09794,98.76408
36.25000,12.09801,98.76248
36.30000,12.09809,98.76089
36.35000,12.09818,98.75930
36.40000,12.09828,98.75771
36.45000,12.09838,98.75612
36.50000,12.09849,98.75453
36.55000,12.09860,98.75294
36.60000,12.09871,98.75136
36.65000,12.09883,98.74977
36.70000,12.09895,98.74818
36.75000,12.09908,98.74660
36.80000,12.09921,98.74502
36.85000,12.09935,98.74343
36.90000,12.09949,98.74185
36.95000,12.09963,98.74027
37.00000,12.09978,98.73869
37.05000,12.09994,98.73711
37.10000,12.10009,98.73553
37.15000,12.10025,98.73396
37.20000,12.10042,98.73238
37.25000,12.10058,98.73080
37.30000,12.10076,98.72923
37.35000,12.10093,98.72765
37.40000,12.10111,98.72608
37.45000,12.10129,98.72451
37.50000,12.10147,98.72294
37.55000,12.10165,98.72137
37.60000,12.10161,98.71980
37.65000,12.10124,98.71823
37.70000,12.10087,98.71666
37.75000,12.10050,98.71509
37.80000,12.10014,98.71352
37.85000,12.09977,98.71194
37.90000,12.09941,98.71037
37.95000,12.09905,98.70879
38.00000,12.09869,98.70721
38.05000,12.09834,98.70564
38.10000,12.09800,98.70406
38.15000,12.09767,98.70248
38.20000,12.09734,98.70090
38.25000,12.09702,98.69931
38.30000,12.09671,98.69773
38.35000,12.09640,98.69614
38.40000,12.09612,98.69456
38.45000,12.09583,98.69298
38.50000,12.09556,98.69139
38.55000,12.09530,98.68980
38.60000,12.09506,98.68822
38.65000,12.09484,98.68663
38.70000,12.09462,98.68504
38.75000,12.09443,98.68345
38.80000,12.09425,98.68186
38.85000,12.09411,98.68027
38.90000,12.09400,98.67869
38.95000,12.09389,98.67709
39.00000,12.09377,98.67551
39.05000,12.09367,98.67392
39.10000,12.09352,98.67233
39.15000,12.09341,98.67074
39.20000,12.09331,98.66915
39.25000,12.09324,98.66756
39.30000,12.09318,98.66597
39.35000,12.09315,98.66438
39.40000,12.09313,98.66279
39.45000,12.09316,98.66120
39.50000,12.09320,98.65961
39.55000,12.09327,98.65803
39.60000,12.09336,98.65644
39.65000,12.09346,98.65485
39.70000,12.09359,98.65327
39.75000,12.09374,98.65169
39.80000,12.09390,98.65010
39.85000,12.09409,98.64852
39.90000,12.09429,98.64694
39.95000,12.09451,98.64536
40.00000,12.09474,98.64378
40.05000,12.09499,98.64220
40.10000,12.09525,98.64062
40.15000,12.09552,98.63905
40.20000,12.09581,98.63748
40.25000,12.09612,98.63591
40.30000,12.09643,98.63434
40.35000,12.09672,98.63277
40.40000,12.09621,98.63120
40.45000,12.09570,98.62962
40.50000,12.09518,98.62805
40.55000,12.09465,98.62648
40.60000,12.09410,98.62490
40.65000,12.09355,98.62332
40.70000,12.09299,98.62174
40.75000,12.09245,98.62016
40.80000,12.09190,98.61858
40.85000,12.09135,98.61699
40.90000,12.09080,98.61540
40.95000,12.09082,98.61382
41.00000,12.09149,98.61223
41.05000,12.09253,98.61065
41.10000,12.09391,98.60908
41.15000,12.09515,98.60751
41.20000,12.09324,98.60593
41.25000,12.09090,98.60435
41.30000,12.08833,98.60275
41.35000,12.08559,98.60115
41.40000,12.08258,98.59953
41.45000,12.07919,98.59791
41.50000,12.07561,98.59626
41.55000,12.07174,98.59460
41.60000,12.06768,98.59293
41.65000,12.38442,98.59249
41.70000,9.00000,98.57117
41.75000,12.06817,98.56951
41.80000,12.07176,98.56786
41.85000,12.07360,98.56622
41.90000,12.07600,98.56459
41.95000,12.07824,98.56297
42.00000,12.07682,98.56133
42.05000,12.07366,98.55970
42.10000,12.07052,98.55804
42.15000,12.06735,98.55638
42.20000,12.06429,98.55471
42.25000,12.06259,98.55303
42.30000,12.06574,98.55136
42.35000,12.06959,98.54971
42.40000,12.07330,98.54807
42.45000,12.07692,98.54645
42.50000,12.07710,98.54482
42.55000,12.07495,98.54319
42.60000,12.07292,98.54156
42.65000,12.07091,98.53991
42.70000,12.06895,98.53825
42.75000,12.06704,98.53660
42.80000,12.06687,98.53493
42.85000,12.07119,98.53329
42.90000,12.07580,98.53167
42.95000,12.08009,98.53006
43.00000,12.08421,98.52847
43.05000,12.08516,98.52688
43.10000,12.08408,98.52528
43.15000,12.08317,98.52369
43.20000,12.08223,98.52209
43.25000,12.08131,98.52049
43.30000,12.08041,98.51888
43.35000,12.07952,98.51728
43.40000,12.07868,98.51567
43.45000,12.07788,98.51405
43.50000,12.07715,98.51244
43.55000,12.07803,98.51083
43.60000,12.08220,98.50923
43.65000,12.08718,98.50765
43.70000,12.08647,98.50607
43.75000,12.08547,98.50449
43.80000,12.08549,98.50291
43.85000,12.08517,98.50133
43.90000,12.08490,98.49974
43.95000,12.08462,98.49816
44.00000,12.08432,98.49657
44.05000,12.08398,98.49499
44.10000,12.08362,98.49340
44.15000,12.08322,98.49181
44.20000,12.08278,98.49022
44.25000,12.08121,98.48862
44.30000,12.07779,98.48701
44.35000,12.07415,98.48540
44.40000,12.07040,98.48376
44.45000,12.06676,98.48211
44.50000,12.37828,98.48167
44.55000,12.11018,98.48019
44.60000,12.10913,98.47870
44.65000,12.10740,98.47720
44.70000,12.10620,98.47571
44.75000,12.10615,98.47421
44.80000,12.10616,98.47271
44.85000,12.10530,98.47121
44.90000,12.10478,98.46971
44.95000,12.10458,98.46821
45.00000,9.00000,98.44667
45.05000,12.05869,98.44500
45.10000,12.05935,98.44333
45.15000,12.05997,98.44167
45.20000,12.05981,98.44000
45.25000,12.05983,98.43834
45.30000,12.05999,98.43667
45.35000,12.06032,98.43501
45.40000,12.06080,98.43335
45.45000,12.06143,98.43169
45.50000,12.06229,98.43004
45.55000,12.06330,98.42839
45.60000,12.06457,98.42674
45.65000,12.06593,98.42511
45.70000,12.06760,98.42348
45.75000,12.06939,98.42185
45.80000,12.07135,98.42023
45.85000,12.07345,98.41862
45.90000,12.07332,98.41702
45.95000,12.07220,98.41541
46.00000,12.07101,98.41379
46.05000,12.06963,98.41216
46.10000,12.06799,98.41054
46.15000,12.06598,98.40890
46.20000,12.06361,98.40726
46.25000,12.06083,98.40560
46.30000,12.05754,98.40394
46.35000,12.05363,98.40225
46.40000,12.04896,98.40056
46.45000,12.37369,98.40011
46.50000,12.08247,98.39854
46.55000,12.07373,98.39693
46.60000,12.06852,98.39532
46.65000,12.06963,98.39370
46.70000,12.06977,98.39208
46.75000,12.07060,98.39046
46.80000,12.07125,98.38885
46.85000,12.07166,98.38725
46.90000,12.07275,98.38564
46.95000,12.07410,98.38404
47.00000,12.07544,98.38245
47.05000,12.07643,98.38086
47.10000,12.07741,98.37927
47.15000,12.07834,98.37769
47.20000,12.07919,98.37611
47.25000,9.00000,98.35435
47.30000,12.03429,98.35254
47.35000,12.03645,98.35073
47.40000,12.04480,98.34903
47.45000,12.07136,98.34743
47.50000,12.37044,98.34698
47.55000,12.00215,98.34504
47.60000,11.99016,98.34305
47.65000,11.98600,98.34104
47.70000,11.98502,98.33903
47.75000,11.98479,98.33702
47.80000,11.98436,98.33501
47.85000,11.98402,98.33299
47.90000,11.98373,98.33098
47.95000,11.98353,98.32896
48.00000,11.98341,98.32695
48.05000,11.98344,98.32494
48.10000,11.98351,98.32292
48.15000,11.98360,98.32091
48.20000,11.98378,98.31889
48.25000,11.98401,98.31689
48.30000,11.98436,98.31488
48.35000,11.98483,98.31287
48.40000,11.98533,98.31087
48.45000,11.98585,98.30887
48.50000,11.98639,98.30687
48.55000,11.98692,98.30487
48.60000,11.98766,98.30288
48.65000,11.98831,98.30089
48.70000,11.98907,98.29890
48.75000,11.98987,98.29692
48.80000,11.99065,98.29494
48.85000,11.99149,98.29297
48.90000,11.99246,98.29100
48.95000,11.99340,98.28903
49.00000,11.99441,98.28707
49.05000,11.99546,98.28511
49.10000,11.99660,98.28316
49.15000,11.99769,98.28121
49.20000,11.99880,98.27927
49.25000,11.99998,98.27734
49.30000,12.00115,98.27540
49.35000,12.00237,98.27348
49.40000,12.00355,98.27155
49.45000,12.00475,98.26964
49.50000,12.00598,98.26772
49.55000,12.00723,98.26582
49.60000,12.00850,98.26392
49.65000,12.00979,98.26202
49.70000,12.01110,98.26013
49.75000,12.01243,98.25825
49.80000,12.01378,98.25637
49.85000,12.01514,98.25449
49.90000,12.01652,98.25263
49.95000,12.01791,98.25077
50.00000,12.01932,98.24892
50.05000,12.02073,98.24707
50.10000,9.00000,98.22514
50.15000,11.97729,98.22312
50.20000,11.97440,98.22110
50.25000,12.36288,98.22065
50.30000,11.96774,98.21861
50.35000,11.93326,98.21642
50.40000,11.92782,98.21420
50.45000,11.92622,98.21199
50.50000,11.92620,98.20978
50.55000,11.92610,98.20756
50.60000,11.92590,98.20535
50.65000,11.92569,98.20313
50.70000,11.92551,98.20091
50.75000,11.92540,98.19870
50.80000,11.92538,98.19648
50.85000,11.92549,98.19427
50.90000,11.92576,98.19205
50.95000,11.92618,98.18985
51.00000,11.92678,98.18764
51.05000,11.92756,98.18543
51.10000,11.92852,98.18324
51.15000,11.92964,98.18104
51.20000,11.93096,98.17886
51.25000,11.93241,98.17667
51.30000,11.93394,98.17449
51.35000,11.93604,98.17233
51.40000,11.93996,98.17017
51.45000,11.94347,98.16804
51.50000,11.94694,98.16592
51.55000,11.95041,98.16381
51.60000,11.95391,98.16171
51.65000,11.95744,98.15964
51.70000,11.96096,98.15757
51.75000,11.96448,98.15553
51.80000,9.00000,98.13340
51.85000,11.92487,98.13120
51.90000,11.92915,98.12901
51.95000,11.93541,98.12686
52.00000,11.94879,98.12476
52.05000,12.35705,98.12431
52.10000,12.08035,98.12280
52.15000,12.05217,98.12118
52.20000,12.04211,98.11951
52.25000,12.03573,98.11783
52.30000,12.03030,98.11613
52.35000,12.02513,98.11433
52.40000,12.02059,98.11251
52.45000,12.01668,98.11068
52.50000,12.01421,98.10884
52.55000,12.01407,98.10700
52.60000,12.01377,98.10516
52.65000,12.01247,98.10332
52.70000,12.01123,98.10146
52.75000,12.01007,98.09961
52.80000,12.00897,98.09775
52.85000,12.00796,98.09589
52.90000,12.00701,98.09402
52.95000,12.00615,98.09216
53.00000,12.00534,98.09028
53.05000,12.00487,98.08841
53.10000,12.00492,98.08654
53.15000,12.00470,98.08466
53.20000,12.00460,98.08279
53.25000,12.00455,98.08092
53.30000,12.00450,98.07905
53.35000,12.00470,98.07717
53.40000,12.00485,98.07530
53.45000,12.00496,98.07343
53.50000,12.00533,98.07156
53.55000,12.00580,98.06970
53.60000,12.00622,98.06784
53.65000,12.00669,98.06598
53.70000,12.00723,98.06412
53.75000,12.00788,98.06226
53.80000,12.00851,98.06041
53.85000,12.00912,98.05856
53.90000,12.01097,98.05672
53.95000,12.01474,98.05489
54.00000,12.01686,98.05307
54.05000,12.01898,98.05126
54.10000,12.02228,98.04947
54.15000,12.02855,98.04777
54.20000,12.04471,98.04613
54.25000,9.00000,98.02451
54.30000,12.35133,98.02406
54.35000,12.02443,98.02236
54.40000,12.00776,98.02052
54.45000,12.00100,98.01865
54.50000,11.99711,98.01675
54.55000,11.99806,98.01487
54.60000,12.00040,98.01300
54.65000,12.00267,98.01114
54.70000,12.00498,98.00928
54.75000,12.00648,98.00743
54.80000,12.00792,98.00559
54.85000,12.00986,98.00376
54.90000,12.01168,98.00193
54.95000,12.01342,98.00011
55.00000,12.01537,97.99830
55.05000,12.01758,97.99650
55.10000,12.01988,97.99478
55.15000,12.02252,97.99307
55.20000,12.02531,97.99138
55.25000,12.02835,97.98969
55.30000,12.03166,97.98802
55.35000,12.03533,97.98637
55.40000,12.03930,97.98473
55.45000,12.04357,97.98310
55.50000,9.00000,97.96129
55.55000,12.00524,97.95945
55.60000,12.01096,97.95763
55.65000,12.05494,97.95605
55.70000,12.34733,97.95561
55.75000,11.96803,97.95363
55.80000,11.96281,97.95161
55.85000,11.96051,97.94960
55.90000,11.96022,97.94758
55.95000,11.96109,97.94556
56.00000,11.96220,97.94356
56.05000,11.96338,97.94155
56.10000,11.96455,97.93955
56.15000,11.96534,97.93756
56.20000,11.96606,97.93557
56.25000,11.96681,97.93358
56.30000,11.96759,97.93159
56.35000,11.96840,97.92961
56.40000,11.96922,97.92764
56.45000,11.97007,97.92566
56.50000,11.97094,97.92369
56.55000,11.97182,97.92172
56.60000,11.97271,97.91976
56.65000,11.97361,97.91780
56.70000,11.97451,97.91585
56.75000,11.97541,97.91390
56.80000,11.97631,97.91195
56.85000,11.97721,97.91001
56.90000,11.97809,97.90807
56.95000,11.97896,97.90614
57.00000,11.97980,97.90421
57.05000,11.98063,97.90228
57.10000,11.98142,97.90035
57.15000,11.98217,97.89844
57.20000,11.98287,97.89651
57.25000,11.98352,97.89461
57.30000,11.98411,97.89269
57.35000,11.98463,97.89079
57.40000,11.98506,97.88888
57.45000,11.98542,97.88697
57.50000,11.98569,97.88507
57.55000,11.98585,97.88316
57.60000,11.98589,97.88126
57.65000,11.98583,97.87936
57.70000,11.98564,97.87746
57.75000,11.98534,97.87556
57.80000,11.98492,97.87366
57.85000,11.98437,97.87175
57.90000,11.98369,97.86984
57.95000,11.98292,97.86793
58.00000,11.98210,97.86601
58.05000,11.98122,97.86410
58.10000,11.98030,97.86217
58.15000,11.97932,97.86025
58.20000,11.97832,97.85833
58.25000,11.97743,97.85640
58.30000,11.97648,97.85446
58.35000,11.97558,97.85252
58.40000,11.97482,97.85059
58.45000,11.97408,97.84864
58.50000,11.97334,97.84669
58.55000,11.97270,97.84475
58.60000,11.97234,97.84280
58.65000,11.97201,97.84086
58.70000,11.97168,97.83891
58.75000,11.97164,97.83695
58.80000,11.97190,97.83501
58.85000,11.97229,97.83306
58.90000,11.97276,97.83112
58.95000,11.97362,97.82918
59.00000,11.97435,97.82724
59.05000,11.97506,97.82531
59.10000,11.97562,97.82338
59.15000,11.97652,97.82145
59.20000,9.00000,97.79980
59.25000,11.94221,97.79774
59.30000,11.94375,97.79568
59.35000,11.94486,97.79364
59.40000,11.94609,97.79160
59.45000,11.94746,97.78957
59.50000,11.94892,97.78754
59.55000,11.95045,97.78552
59.60000,11.95205,97.78351
59.65000,11.95372,97.78149
59.70000,11.95543,97.77950
59.75000,11.95718,97.77750
59.80000,11.95897,97.77552
59.85000,11.96078,97.77354
59.90000,11.96264,97.77157
59.95000,11.96451,97.76961
60.00000,11.96641,97.76765
60.05000,11.96832,97.76571
60.10000,11.97024,97.76377
60.15000,11.97217,97.76184
60.20000,11.97412,97.75992
60.25000,11.97595,97.75800
60.30000,11.97750,97.75610
60.35000,11.97892,97.75420
60.40000,11.98041,97.75230
60.45000,11.98197,97.75041
60.50000,11.98359,97.74854
60.55000,11.98525,97.74666
60.60000,11.98694,97.74479
60.65000,11.98867,97.74293
60.70000,11.99044,97.74107
60.75000,12.33496,97.74063
60.80000,12.03852,97.73904
60.85000,12.04010,97.73745
60.90000,12.03676,97.73585
60.95000,12.03368,97.73424
61.00000,12.03543,97.73264
61.05000,12.03706,97.73104
61.10000,12.03886,97.72945
61.15000,12.04004,97.72787
61.20000,12.05007,97.72632
61.25000,12.05910,97.72481
61.30000,12.06137,97.72330
61.35000,12.06294,97.72181
61.40000,12.06436,97.72031
61.45000,12.06567,97.71883
61.50000,12.06707,97.71735
61.55000,12.06854,97.71588
61.60000,12.07006,97.71441
61.65000,12.07144,97.71294
61.70000,12.07290,97.71149
61.75000,12.07417,97.71004
61.80000,12.07533,97.70860
61.85000,12.07658,97.70715
61.90000,12.07788,97.70571
61.95000,12.07921,97.70428
62.00000,12.08041,97.70286
62.05000,12.08154,97.70143
62.10000,12.08274,97.70001
62.15000,12.08391,97.69860
62.20000,12.08495,97.69720
62.25000,12.08332,97.69578
62.30000,12.07875,97.69435
62.35000,12.07497,97.69290
62.40000,12.07271,97.69145
62.45000,12.07890,97.69002
62.50000,12.08100,97.68860
62.55000,12.08017,97.68717
62.60000,12.07914,97.68575
62.65000,12.07821,97.68431
62.70000,12.07732,97.68288
62.75000,12.07638,97.68143
62.80000,12.07546,97.67999
62.85000,12.07456,97.67855
62.90000,12.07373,97.67710
62.95000,12.07289,97.67565
63.00000,12.07212,97.67419
63.05000,12.07040,97.67274
63.10000,12.06691,97.67126
63.15000,12.06499,97.66978
63.20000,12.06417,97.66830
63.25000,12.06327,97.66682
63.30000,12.06313,97.66533
63.35000,12.06422,97.66385
63.40000,12.06359,97.66236
63.45000,12.06303,97.66087
63.50000,12.06237,97.65939
63.55000,12.06178,97.65790
63.60000,12.06123,97.65640
63.65000,12.06122,97.65491
63.70000,12.06126,97.65342
63.75000,12.06045,97.65193
63.80000,12.06001,97.65043
63.85000,12.05956,97.64893
63.90000,12.05918,97.64744
63.95000,12.05878,97.64594
64.00000,12.05834,97.64443
64.05000,12.05797,97.64294
64.10000,12.05759,97.64143
64.15000,12.05702,97.63992
64.20000,12.05635,97.63841
64.25000,12.05556,97.63690
64.30000,12.05196,97.63538
64.35000,12.05065,97.63385
64.40000,12.05080,97.63232
64.45000,12.05073,97.63080
64.50000,12.04970,97.62926
64.55000,12.04909,97.62773
64.60000,12.04892,97.62620
64.65000,12.04906,97.62466
64.70000,12.04914,97.62313
64.75000,12.04942,97.62160
64.80000,12.04960,97.62007
64.85000,12.04977,97.61854
64.90000,12.04959,97.61701
64.95000,12.04971,97.61548
65.00000,12.04991,97.61395
65.05000,12.05007,97.61243
65.10000,12.05004,97.61090
65.15000,12.05026,97.60938
65.20000,12.05026,97.60785
65.25000,12.05042,97.60632
65.30000,12.05053,97.60480
65.35000,12.05056,97.60327
65.40000,12.05076,97.60175
65.45000,12.05122,97.60023
65.50000,12.05020,97.59871
65.55000,12.04766,97.59717
65.60000,12.04681,97.59563
65.65000,9.00000,97.57432
65.70000,12.00336,97.57262
65.75000,12.00283,97.57092
65.80000,12.00202,97.56922
65.85000,12.00116,97.56752
65.90000,12.32669,97.56707
65.95000,12.05449,97.56557
66.00000,12.05292,97.56406
66.05000,12.04675,97.56254
66.10000,12.04202,97.56099
66.15000,12.04205,97.55944
66.20000,9.00000,97.53790
66.25000,11.99636,97.53619
66.30000,11.99616,97.53448
66.35000,11.99455,97.53268
66.40000,12.32491,97.53223
66.45000,12.03876,97.53069
66.50000,12.02601,97.52908
66.55000,12.01233,97.52744
66.60000,12.00941,97.52577
66.65000,12.00954,97.52411
66.70000,12.00979,97.52245
66.75000,12.00958,97.52078
66.80000,12.00940,97.51913
66.85000,12.00957,97.51746
66.90000,12.01003,97.51580
66.95000,12.01062,97.51414
67.00000,12.01066,97.51249
67.05000,12.01108,97.51084
67.10000,12.01160,97.50919
67.15000,12.01159,97.50754
67.20000,12.01168,97.50588
67.25000,12.01092,97.50423
67.30000,12.01001,97.50257
67.35000,12.00935,97.50092
67.40000,12.00852,97.49925
67.45000,12.00761,97.49759
67.50000,12.00701,97.49593
67.55000,12.00623,97.49426
67.60000,12.00518,97.49258
67.65000,12.00408,97.49091
67.70000,12.00295,97.48922
67.75000,12.00283,97.48754
67.80000,12.01003,97.48589
67.85000,9.00000,97.46416
67.90000,11.99991,97.46248
67.95000,12.00712,97.46082
68.00000,12.00429,97.45915
68.05000,11.99603,97.45746
68.10000,11.98032,97.45562
68.15000,12.32094,97.45518
68.20000,11.97614,97.45332
68.25000,11.96404,97.45142
68.30000,11.98744,97.44962
68.35000,9.00000,97.42786
68.40000,11.99467,97.42616
68.45000,12.00570,97.42451
68.50000,12.00953,97.42287
68.55000,12.01147,97.42123
68.60000,12.01362,97.41961
68.65000,12.31849,97.41917
68.70000,12.06022,97.41772
68.75000,12.06160,97.41628
68.80000,12.06171,97.41484
68.85000,12.06231,97.41341
68.90000,12.05770,97.41195
68.95000,12.05334,97.41048
69.00000,12.04961,97.40900
69.05000,12.04859,97.40751
69.10000,12.05000,97.40603
69.15000,12.05067,97.40455
69.20000,12.05090,97.40307
69.25000,12.05144,97.40159
69.30000,12.05200,97.40012
69.35000,12.05210,97.39864
69.40000,12.05163,97.39717
69.45000,12.05120,97.39569
69.50000,12.05088,97.39421
69.55000,12.05035,97.39274
69.60000,12.05012,97.39126
69.65000,12.04967,97.38978
69.70000,12.04933,97.38829
69.75000,12.04901,97.38681
69.80000,12.04885,97.38532
69.85000,12.04842,97.38384
69.90000,12.04814,97.38235
69.95000,12.04791,97.38087
70.00000,12.04767,97.37938
70.05000,12.04746,97.37789
70.10000,12.04726,97.37640
70.15000,12.04708,97.37492
70.20000,12.04691,97.37343
70.25000,12.04676,97.37193
70.30000,12.04662,97.37045
70.35000,12.04649,97.36896
70.40000,12.04638,97.36747
70.45000,12.04628,97.36597
70.50000,12.04619,97.36449
70.55000,12.04612,97.36299
70.60000,12.04606,97.36150
70.65000,12.04601,97.36002
70.70000,12.04598,97.35852
70.75000,12.04971,97.35705
70.80000,12.05830,97.35561
70.85000,12.06137,97.35417
70.90000,9.00000,97.33284
70.95000,12.00746,97.33121
71.00000,12.00922,97.32958
71.05000,12.01393,97.32798
71.10000,12.02179,97.32640
71.15000,12.01298,97.32479
71.20000,11.99374,97.32311
71.25000,12.31398,97.32267
71.30000,11.97754,97.32085
71.35000,11.94967,97.31892
71.40000,11.94164,97.31696
71.45000,11.94050,97.31499
71.50000,11.94089,97.31303
71.55000,11.94193,97.31107
71.60000,11.94264,97.30912
71.65000,11.94338,97.30717
71.70000,11.94418,97.30522
71.75000,11.94501,97.30328
71.80000,11.94588,97.30134
71.85000,11.94677,97.29940
71.90000,11.94769,97.29747
71.95000,11.94871,97.29554
72.00000,11.94978,97.29362
72.05000,11.95093,97.29170
72.10000,11.95214,97.28979
72.15000,11.95340,97.28788
72.20000,11.95470,97.28597
72.25000,11.95605,97.28408
72.30000,11.95743,97.28219
72.35000,11.95885,97.28030
72.40000,11.96380,97.27843
72.45000,11.97646,97.27663
72.50000,11.99216,97.27495
72.55000,9.00000,97.25321
72.60000,11.98793,97.25152
72.65000,12.30997,97.25108
72.70000,12.05197,97.24963
72.75000,12.03871,97.24814
72.80000,12.03887,97.24664
72.85000,12.03902,97.24516
72.90000,12.03856,97.24366
72.95000,12.03780,97.24216
73.00000,12.03703,97.24066
73.05000,12.03626,97.23916
73.10000,12.03550,97.23766
73.15000,12.03473,97.23615
73.20000,12.03337,97.23463
73.25000,12.03161,97.23312
73.30000,12.03016,97.23159
73.35000,12.02894,97.23006
73.40000,12.02785,97.22853
73.45000,12.02682,97.22699
73.50000,12.02590,97.22546
73.55000,12.02505,97.22391
73.60000,12.02425,97.22237
73.65000,12.02356,97.22082
73.70000,12.02292,97.21927
73.75000,12.02230,97.21771
73.80000,12.02177,97.21616
73.85000,12.02129,97.21461
73.90000,12.02085,97.21305
73.95000,12.02045,97.21149
74.00000,12.02010,97.20993
74.05000,12.01982,97.20837
74.10000,12.01960,97.20681
74.15000,12.01939,97.20525
74.20000,12.01921,97.20369
74.25000,12.01914,97.20213
74.30000,12.01895,97.20056
74.35000,12.01890,97.19900
74.40000,12.01891,97.19744
74.45000,12.01889,97.19588
74.50000,12.01888,97.19431
74.55000,12.01899,97.19276
74.60000,12.01910,97.19119
74.65000,12.01922,97.18964
74.70000,12.01937,97.18807
74.75000,12.01950,97.18652
74.80000,12.01972,97.18496
74.85000,12.01996,97.18340
74.90000,12.02023,97.18185
74.95000,12.02051,97.18030
75.00000,12.02090,97.17875
75.05000,12.02172,97.17720
75.10000,12.02186,97.17565
75.15000,12.02213,97.17410
75.20000,12.02249,97.17256
75.25000,12.02293,97.17102
75.30000,12.02338,97.16948
75.35000,12.02384,97.16794
75.40000,12.02431,97.16640
75.45000,9.00000,97.14487
75.50000,11.97906,97.14317
75.55000,11.98126,97.14148
75.60000,11.98810,97.13981
75.65000,11.99725,97.13818
75.70000,12.00882,97.13659
75.75000,12.00422,97.13498
75.80000,12.30444,97.13454
75.85000,12.01471,97.13297
75.90000,11.99646,97.13134
75.95000,11.98423,97.12965
76.00000,11.98345,97.12798
76.05000,11.98365,97.12629
76.10000,11.98346,97.12461
76.15000,11.98305,97.12292
76.20000,11.98329,97.12124
76.25000,11.98316,97.11956
76.30000,11.98359,97.11787
76.35000,11.98364,97.11620
76.40000,11.98358,97.11452
76.45000,11.98383,97.11283
76.50000,11.98398,97.11115
76.55000,11.98430,97.10947
76.60000,11.98443,97.10780
76.65000,11.98467,97.10612
76.70000,11.98488,97.10445
76.75000,11.98501,97.10278
76.80000,11.98551,97.10110
76.85000,11.98578,97.09943
76.90000,11.98626,97.09777
76.95000,11.98662,97.09610
77.00000,11.98703,97.09444
77.05000,11.98744,97.09277
77.10000,11.98785,97.09112
77.15000,11.98828,97.08945
77.20000,11.98874,97.08780
77.25000,11.98921,97.08614
77.30000,11.98975,97.08450
77.35000,11.99031,97.08284
77.40000,11.99088,97.08119
77.45000,11.99143,97.07955
77.50000,11.99211,97.07791
77.55000,11.99273,97.07627
77.60000,11.99392,97.07463
77.65000,11.99500,97.07301
77.70000,11.99609,97.07138
77.75000,11.99720,97.06976
77.80000,9.00000,97.04806
77.85000,11.95309,97.04620
77.90000,11.95494,97.04434
77.95000,11.95832,97.04250
78.00000,11.96236,97.04068
78.05000,11.96672,97.03888
78.10000,11.97089,97.03716
78.15000,11.97560,97.03547
78.20000,11.98064,97.03379
78.25000,11.98547,97.03214
78.30000,11.99032,97.03049
78.35000,11.99521,97.02888
78.40000,12.00000,97.02728
78.45000,12.29909,97.02683
78.50000,12.05182,97.02543
78.55000,12.04745,97.02401
78.60000,12.04734,97.02259
78.65000,12.04707,97.02116
78.70000,12.04672,97.01974
78.75000,12.04635,97.01833
78.80000,12.04603,97.01690
78.85000,12.04572,97.01547
78.90000,12.04541,97.01405
78.95000,12.04509,97.01262
79.00000,12.04478,97.01119
79.05000,12.04447,97.00977
79.10000,12.04418,97.00833
79.15000,12.04388,97.00690
79.20000,12.04359,97.00547
79.25000,12.03951,97.00402
79.30000,12.02954,97.00254
79.35000,12.02108,97.00102
79.40000,12.01417,96.99948
79.45000,12.01495,96.99794
79.50000,12.01572,96.99640
79.55000,12.01546,96.99487
79.60000,12.01509,96.99332
79.65000,12.01497,96.99178
79.70000,12.01483,96.99024
79.75000,12.01454,96.98871
79.80000,12.01442,96.98717
79.85000,12.01202,96.98562
79.90000,12.00676,96.98405
79.95000,12.00370,96.98247
80.00000,12.00154,96.98088
80.05000,12.00423,96.97930
80.10000,12.00488,96.97772
80.15000,12.00514,96.97615
80.20000,12.00527,96.97458
80.25000,12.00390,96.97300
80.30000,12.00158,96.97141
80.35000,12.00099,96.96982
80.40000,12.00086,96.96823
80.45000,12.00094,96.96664
80.50000,12.00123,96.96506
80.55000,12.00186,96.96347
80.60000,12.00265,96.96189
80.65000,12.00368,96.96031
80.70000,12.00507,96.95874
80.75000,12.00632,96.95718
80.80000,12.00792,96.95561
80.85000,12.00938,96.95406
80.90000,12.01111,96.95251
80.95000,12.01315,96.95097
81.00000,9.00000,96.92951
81.05000,11.97108,96.92782
81.10000,11.97481,96.92614
81.15000,11.98192,96.92448
81.20000,11.99014,96.92287
81.25000,11.99923,96.92128
81.30000,11.99805,96.91969
81.35000,11.98773,96.91806
81.40000,12.29391,96.91762
81.45000,12.01224,96.91608
81.50000,12.00233,96.91451
81.55000,11.99526,96.91291
81.60000,11.99432,96.91131
81.65000,11.99459,96.90971
81.70000,11.99452,96.90810
81.75000,11.99452,96.90650
81.80000,11.99443,96.90490
81.85000,11.99437,96.90330
81.90000,11.99436,96.90170
81.95000,11.99438,96.90010
82.00000,11.99442,96.89850
82.05000,11.99450,96.89690
82.10000,11.99460,96.89530
82.15000,11.99473,96.89370
82.20000,11.99490,96.89211
82.25000,11.99508,96.89050
82.30000,11.99530,96.88891
82.35000,11.99553,96.88731
82.40000,11.99579,96.88572
82.45000,11.99608,96.88413
82.50000,11.99639,96.88254
82.55000,11.99674,96.88095
82.60000,11.99717,96.87936
82.65000,11.99765,96.87778
82.70000,11.99816,96.87620
82.75000,11.99870,96.87462
82.80000,11.99926,96.87304
82.85000,11.99986,96.87147
82.90000,12.00047,96.86989
82.95000,12.00112,96.86832
83.00000,12.00178,96.86675
83.05000,9.00000,96.84519
83.10000,11.95714,96.84339
83.15000,11.95800,96.84158
83.20000,11.95847,96.83978
83.25000,11.95911,96.83799
83.30000,11.95966,96.83620
83.35000,11.96033,96.83448
83.40000,11.96107,96.83276
83.45000,11.96188,96.83105
83.50000,11.96275,96.82935
83.55000,11.96368,96.82764
83.60000,11.96438,96.82594
83.65000,11.96408,96.82423
83.70000,11.96334,96.82253
83.75000,11.96267,96.82082
83.80000,11.96204,96.81911
83.85000,11.96142,96.81741
83.90000,11.96046,96.81569
83.95000,11.95951,96.81397
84.00000,11.95859,96.81218
84.05000,11.95770,96.81038
84.10000,11.95684,96.80858
84.15000,11.95602,96.80678
84.20000,11.95524,96.80497
84.25000,11.95449,96.80316
84.30000,11.95379,96.80135
84.35000,11.95313,96.79954
84.40000,11.95251,96.79771
84.45000,11.95193,96.79590
84.50000,11.95138,96.79408
84.55000,11.95086,96.79226
84.60000,11.95035,96.79044
84.65000,11.94987,96.78860
84.70000,11.94942,96.78678
84.75000,11.94899,96.78495
84.80000,11.94851,96.78312
84.85000,11.94805,96.78129
84.90000,11.94769,96.77946
84.95000,11.94738,96.77763
85.00000,11.94709,96.77579
85.05000,11.94680,96.77396
85.10000,11.94653,96.77212
85.15000,11.94627,96.77028
85.20000,11.94601,96.76845
85.25000,11.94576,96.76661
85.30000,11.94555,96.76477
85.35000,11.94535,96.76293
85.40000,11.94516,96.76109
85.45000,11.94496,96.75925
85.50000,11.94474,96.75741
85.55000,11.94455,96.75557
85.60000,11.94434,96.75372
85.65000,11.94412,96.75188
85.70000,11.94389,96.75005
85.75000,11.94358,96.74820
85.80000,11.94315,96.74635
85.85000,11.94271,96.74451
85.90000,11.94224,96.74266
85.95000,11.94175,96.74081
86.00000,11.94126,96.73896
86.05000,11.94074,96.73711
86.10000,11.94020,96.73525
86.15000,11.93964,96.73339
86.20000,11.93906,96.73154
86.25000,11.93846,96.72968
86.30000,11.93785,96.72781
86.35000,11.93723,96.72594
86.40000,11.93658,96.72408
86.45000,11.93592,96.72221
86.50000,11.93525,96.72034
86.55000,11.93456,96.71847
86.60000,11.93386,96.71659
86.65000,11.93315,96.71471
86.70000,11.93243,96.71283
86.75000,11.93170,96.71095
86.80000,11.93097,96.70905
86.85000,11.93024,96.70717
86.90000,11.92951,96.70528
86.95000,11.92879,96.70338
87.00000,11.92807,96.70148
87.05000,11.92737,96.69958
87.10000,11.92668,96.69768
87.15000,11.92656,96.69578
87.20000,11.92645,96.69388
87.25000,11.92633,96.69197
87.30000,11.92622,96.69007
87.35000,11.92611,96.68816
87.40000,11.92600,96.68626
87.45000,11.92591,96.68436
87.50000,11.92582,96.68246
87.55000,11.92575,96.68056
87.60000,11.92569,96.67865
87.65000,11.92565,96.67675
87.70000,11.92564,96.67485
87.75000,11.92565,96.67295
87.80000,11.92569,96.67104
87.85000,11.92577,96.66914
87.90000,11.92587,96.66724
87.95000,11.92599,96.66534
88.00000,11.92615,96.66344
88.05000,11.92630,96.66155
88.10000,11.92646,96.65965
88.15000,11.92668,96.65776
88.20000,11.92696,96.65587
88.25000,11.92729,96.65398
88.30000,11.92768,96.65208
88.35000,11.92813,96.65019
88.40000,11.92803,96.64831
88.45000,11.92805,96.64642
88.50000,11.92812,96.64453
88.55000,11.92825,96.64265
88.60000,11.92845,96.64076
88.65000,11.92871,96.63888
88.70000,11.92903,96.63699
88.75000,11.92944,96.63512
88.80000,11.92992,96.63324
88.85000,11.93050,96.63136
88.90000,11.93116,96.62949
88.95000,11.93191,96.62762
89.00000,11.93274,96.62576
89.05000,11.93368,96.62389
89.10000,11.93470,96.62204
89.15000,11.93602,96.62019
89.20000,11.93761,96.61834
89.25000,11.93936,96.61651
89.30000,11.94121,96.61468
89.35000,11.94317,96.61285
89.40000,11.94525,96.61104
89.45000,11.94746,96.60924
89.50000,11.94981,96.60744
89.55000,11.95223,96.60573
89.60000,11.95479,96.60403
89.65000,11.95743,96.60234
89.70000,11.96015,96.60066
89.75000,11.96297,96.59899
89.80000,12.27995,96.59855
89.85000,12.01474,96.59708
89.90000,12.01849,96.59562
89.95000,12.01726,96.59416
90.00000,12.01135,96.59267
90.05000,9.00000,96.57102
90.10000,11.96013,96.56935
90.15000,11.95916,96.56767
90.20000,11.96040,96.56600
90.25000,11.96281,96.56434
90.30000,11.96541,96.56269
90.35000,12.27778,96.56224
90.40000,12.01587,96.56078
90.45000,12.01856,96.55933
90.50000,12.01812,96.55788
90.55000,12.01595,96.55643
90.60000,12.01481,96.55497
90.65000,9.00000,96.53336
90.70000,11.96764,96.53173
90.75000,11.96750,96.53009
90.80000,11.96853,96.52846
90.85000,12.27571,96.52802
90.90000,12.01790,96.52657
90.95000,12.02016,96.52514
91.00000,12.02113,96.52371
91.05000,12.02052,96.52228
91.10000,12.02042,96.52084
91.15000,12.02043,96.51941
91.20000,12.02057,96.51798
91.25000,12.02077,96.51655
91.30000,12.02105,96.51512
91.35000,12.02138,96.51369
91.40000,12.02176,96.51227
91.45000,12.02216,96.51084
91.50000,12.02258,96.50941
91.55000,12.02303,96.50800
91.60000,12.02351,96.50658
91.65000,12.02400,96.50516
91.70000,12.02450,96.50375
91.75000,12.02500,96.50233
91.80000,12.02552,96.50092
91.85000,12.02604,96.49951
91.90000,12.02656,96.49811
91.95000,12.02708,96.49670
92.00000,12.02760,96.49530
92.05000,12.02811,96.49390
92.10000,12.02862,96.49251
92.15000,12.02804,96.49110
92.20000,12.02746,96.48970
92.25000,12.02689,96.48830
92.30000,12.02632,96.48689
92.35000,12.02575,96.48549
92.40000,12.02520,96.48408
92.45000,12.02466,96.48267
92.50000,12.02412,96.48125
92.55000,12.02359,96.47984
92.60000,12.02303,96.47842
92.65000,12.02247,96.47700
92.70000,12.02193,96.47558
92.75000,12.02140,96.47415
92.80000,12.02087,96.47273
92.85000,12.02036,96.47131
92.90000,12.01986,96.46987
92.95000,12.01937,96.46844
93.00000,12.01890,96.46701
93.05000,12.01843,96.46558
93.10000,9.00000,96.44403
93.15000,11.97120,96.44242
93.20000,11.97064,96.44081
93.25000,12.27189,96.44037
93.30000,12.01305,96.43892
93.35000,12.01158,96.43747
93.40000,12.01038,96.43601
93.45000,12.00986,96.43456
93.50000,12.00951,96.43309
93.55000,12.00916,96.43163
93.60000,12.00882,96.43017
93.65000,12.00849,96.42870
93.70000,12.00817,96.42725
93.75000,12.00786,96.42578
93.80000,12.00756,96.42431
93.85000,12.00728,96.42284
93.90000,9.00000,96.40126
93.95000,11.96042,96.39962
94.00000,11.96018,96.39798
94.05000,11.95934,96.39633
94.10000,11.95832,96.39469
94.15000,12.26946,96.39424
94.20000,12.00134,96.39276
94.25000,12.00043,96.39127
94.30000,11.99978,96.38979
94.35000,11.99968,96.38830
94.40000,11.99954,96.38681
94.45000,9.00000,96.36520
94.50000,11.95295,96.36354
94.55000,11.95297,96.36189
94.60000,11.95276,96.36022
94.65000,11.95224,96.35856
94.70000,11.95167,96.35690
94.75000,11.95115,96.35523
94.80000,11.95067,96.35356
94.85000,11.95023,96.35190
94.90000,11.94984,96.35023
94.95000,11.94948,96.34856
95.00000,11.94917,96.34688
95.05000,11.94890,96.34521
95.10000,11.94867,96.34354
95.15000,11.94848,96.34187
95.20000,11.94834,96.34019
95.25000,11.94823,96.33852
95.30000,11.94822,96.33684
95.35000,11.94827,96.33517
95.40000,11.94836,96.33350
95.45000,11.94849,96.33182
95.50000,11.94867,96.33015
95.55000,11.94888,96.32848
95.60000,11.94912,96.32681
95.65000,11.94942,96.32514
95.70000,11.94975,96.32348
95.75000,11.95011,96.32181
95.80000,11.95051,96.32014
95.85000,11.95094,96.31849
95.90000,11.95140,96.31683
95.95000,11.95189,96.31517
96.00000,11.95242,96.31351
96.05000,11.95297,96.31187
96.10000,11.95355,96.31021
96.15000,11.95415,96.30856
96.20000,11.95478,96.30692
96.25000,11.95543,96.30528
96.30000,11.95610,96.30364
96.35000,11.95680,96.30200
96.40000,11.95751,96.30037
96.45000,11.95823,96.29874
96.50000,11.95897,96.29711
96.55000,11.95971,96.29549
96.60000,11.96047,96.29387
96.65000,11.96125,96.29225
96.70000,11.96203,96.29063
96.75000,11.96283,96.28902
96.80000,11.96362,96.28741
96.85000,11.96442,96.28581
96.90000,11.96523,96.28421
96.95000,11.96604,96.28262
97.00000,11.96685,96.28102
97.05000,11.96765,96.27943
97.10000,11.96845,96.27784
97.15000,11.96924,96.27625
97.20000,11.97002,96.27467
97.25000,11.97081,96.27309
97.30000,11.97158,96.27151
97.35000,11.97233,96.26994
97.40000,11.97309,96.26838
97.45000,11.97255,96.26681
97.50000,11.97171,96.26523
97.55000,11.97088,96.26366
97.60000,11.97007,96.26208
97.65000,11.96927,96.26049
97.70000,11.96848,96.25890
97.75000,11.96772,96.25732
97.80000,11.96697,96.25573
97.85000,11.96625,96.25414
97.90000,11.96554,96.25254
97.95000,11.96485,96.25094
98.00000,11.96419,96.24934
98.05000,11.96354,96.24773
98.10000,11.96292,96.24613
98.15000,11.96233,96.24452
98.20000,11.96175,96.24291
98.25000,11.96122,96.24130
98.30000,11.96069,96.23969
98.35000,11.96020,96.23808
98.40000,11.95974,96.23647
98.45000,11.95932,96.23485
98.50000,11.95891,96.23323
98.55000,11.95855,96.23161
98.60000,11.95823,96.22999
98.65000,11.95793,96.22836
98.70000,11.95769,96.22675
98.75000,11.95747,96.22512
98.80000,11.95731,96.22350
98.85000,11.95718,96.22188
98.90000,11.95709,96.22025
98.95000,11.95707,96.21863
99.00000,11.95710,96.21700
99.05000,11.95718,96.21539
99.10000,11.95732,96.21376
99.15000,11.95753,96.21214
99.20000,11.95779,96.21052
99.25000,11.95811,96.20890
99.30000,11.95852,96.20728
99.35000,11.95904,96.20567
99.40000,11.95967,96.20406
99.45000,11.96043,96.20245
99.50000,11.96132,96.20085
99.55000,11.96238,96.19925
99.60000,11.96364,96.19765
99.65000,11.96514,96.19606
99.70000,11.96696,96.19448
99.75000,11.96850,96.19291
99.80000,11.96852,96.19133
99.85000,11.96838,96.18975
99.90000,11.96822,96.18818
99.95000,11.96805,96.18660
100.00000,11.96787,96.18502
100.05000,11.96768,96.18345
100.10000,11.96748,96.18187
100.15000,11.96728,96.18029
100.20000,11.96707,96.17871
100.25000,11.96684,96.17713
100.30000,11.96656,96.17554
100.35000,11.96626,96.17397
100.40000,11.96602,96.17239
100.45000,11.96574,96.17080
100.50000,11.96549,96.16921
100.55000,11.96523,96.16763
100.60000,11.96498,96.16605
100.65000,11.96470,96.16446
100.70000,11.96445,96.16287
100.75000,11.96422,96.16129
100.80000,11.96398,96.15969
100.85000,11.96375,96.15810
100.90000,11.96354,96.15652
100.95000,11.96332,96.15492
101.00000,11.96312,96.15334
101.05000,11.96292,96.15174
101.10000,11.96274,96.15015
101.15000,11.96256,96.14856
101.20000,11.96239,96.14697
101.25000,11.96222,96.14537
101.30000,11.96209,96.14378
101.35000,11.96196,96.14218
101.40000,11.96184,96.14059
101.45000,11.96173,96.13899
101.50000,11.96163,96.13740
101.55000,11.96154,96.13580
101.60000,11.96147,96.13421
101.65000,11.96140,96.13261
101.70000,11.96136,96.13102
101.75000,11.96132,96.12943
101.80000,11.96130,96.12783
101.85000,11.96129,96.12624
101.90000,11.96128,96.12465
101.95000,11.96128,96.12305
102.00000,11.96129,96.12146
102.05000,11.96129,96.11987
102.10000,11.96130,96.11827
102.15000,11.96130,96.11668
102.20000,11.96134,96.11509
102.25000,11.96141,96.11349
102.30000,11.96208,96.11191
102.35000,11.96333,96.11032
102.40000,11.96478,96.10874
102.45000,11.96642,96.10717
102.50000,11.96610,96.10560
102.55000,11.96372,96.10402
102.60000,11.96092,96.10242
102.65000,11.95826,96.10082
102.70000,11.95735,96.09922
102.75000,11.95732,96.09761
102.80000,11.95757,96.09601
102.85000,11.95780,96.09441
102.90000,11.95802,96.09280
102.95000,11.95823,96.09120
103.00000,11.95845,96.08960
103.05000,11.95854,96.08801
103.10000,11.95756,96.08640
103.15000,11.95611,96.08479
103.20000,11.95470,96.08318
103.25000,11.95365,96.08156
103.30000,11.95154,96.07993
103.35000,11.94983,96.07831
103.40000,11.94888,96.07667
103.45000,11.94805,96.07504
103.50000,11.94585,96.07339
103.55000,11.94103,96.07172
103.60000,12.25661,96.07128
103.65000,9.00000,96.04900
103.70000,11.78549,96.04665
103.75000,11.78336,96.04430
103.80000,11.78100,96.04193
103.85000,11.78184,96.03957
103.90000,11.78193,96.03721
103.95000,11.78149,96.03485
104.00000,11.78433,96.03250
104.05000,11.78354,96.03015
104.10000,11.78620,96.02781
104.15000,11.78780,96.02547
104.20000,11.79011,96.02315
104.25000,11.79082,96.02083
104.30000,11.79457,96.01852
104.35000,12.25345,96.01807
104.40000,11.88532,96.01613
104.45000,11.87771,96.01415
104.50000,11.87366,96.01216
104.55000,11.87045,96.01016
104.60000,11.86844,96.00815
104.65000,11.86984,96.00615
104.70000,11.87584,96.00417
104.75000,9.00000,95.98205
104.80000,11.82057,95.97985
104.85000,11.81513,95.97764
104.90000,11.81224,95.97541
104.95000,11.81106,95.97318
105.00000,11.80995,95.97095
105.05000,11.81161,95.96872
105.10000,11.81200,95.96649
105.15000,12.25052,95.96605
105.20000,11.84944,95.96397
105.25000,11.83300,95.96183
105.30000,11.82141,95.95965
105.35000,11.81368,95.95743
105.40000,11.80684,95.95518
105.45000,11.80145,95.95292
105.50000,9.00000,95.93101
105.55000,11.83760,95.92889
105.60000,11.83160,95.92676
105.65000,11.82845,95.92461
105.70000,11.82896,95.92245
105.75000,12.24775,95.92201
105.80000,9.00000,95.90000
105.85000,12.24613,95.89955
105.90000,11.81511,95.89736
105.95000,11.80798,95.89513
106.00000,11.80218,95.89289
106.05000,11.79737,95.89062
106.10000,11.79373,95.88834
106.15000,9.00000,95.86649
106.20000,11.84380,95.86443
106.25000,11.83836,95.86233
106.30000,11.83264,95.86021
106.35000,11.83051,95.85809
106.40000,11.83032,95.85596
106.45000,11.83172,95.85384
106.50000,11.83230,95.85172
106.55000,11.83235,95.84961
106.60000,12.24300,95.84916
106.65000,11.80491,95.84694
106.70000,11.79914,95.84469
106.75000,11.79529,95.84243
106.80000,11.79251,95.84016
106.85000,11.78369,95.83784
106.90000,11.77625,95.83551
106.95000,11.78034,95.83319
107.00000,9.00000,95.81146
107.05000,11.84896,95.80943
107.10000,11.84242,95.80736
107.15000,11.83802,95.80527
107.20000,11.83652,95.80318
107.25000,11.83593,95.80109
107.30000,11.83690,95.79901
107.35000,11.83754,95.79693
107.40000,11.83802,95.79485
107.45000,11.83819,95.79276
107.50000,12.23971,95.79231
107.55000,11.79301,95.79005
107.60000,11.78515,95.78777
107.65000,11.77429,95.78543
107.70000,11.76445,95.78306
107.75000,11.76300,95.78068
107.80000,11.77307,95.77834
107.85000,9.00000,95.75682
107.90000,11.85445,95.75481
107.95000,11.84875,95.75278
108.00000,11.84261,95.75073
108.05000,11.84263,95.74868
108.10000,11.84134,95.74662
108.15000,11.84136,95.74456
108.20000,11.84082,95.74250
108.25000,11.84048,95.74045
108.30000,11.84116,95.73839
108.35000,12.23685,95.73794
108.40000,11.78507,95.73566
108.45000,11.78131,95.73337
108.50000,11.78041,95.73107
108.55000,11.78143,95.72878
108.60000,11.78295,95.72649
108.65000,9.00000,95.70482
108.70000,11.85369,95.70282
108.75000,11.84904,95.70081
108.80000,11.84413,95.69877
108.85000,11.84270,95.69673
108.90000,11.83948,95.69468
108.95000,11.83987,95.69263
109.00000,11.83825,95.69057
109.05000,11.83832,95.68851
109.10000,11.83598,95.68645
109.15000,12.23424,95.68600
109.20000,11.81416,95.68385
109.25000,11.81080,95.68168
109.30000,11.80779,95.67950
109.35000,11.80574,95.67731
109.40000,11.80431,95.67513
109.45000,11.80366,95.67294
109.50000,11.80350,95.67074
109.55000,9.00000,95.64894
109.60000,11.85359,95.64696
109.65000,11.84915,95.64495
109.70000,11.84610,95.64294
109.75000,11.84240,95.64091
109.80000,11.83976,95.63886
109.85000,11.83603,95.63681
109.90000,11.83322,95.63474
109.95000,11.83211,95.63268
110.00000,11.82967,95.63059
110.05000,11.82844,95.62851
110.10000,11.82979,95.62643
110.15000,11.82806,95.62435
110.20000,11.82417,95.62225
110.25000,11.82626,95.62016
110.30000,12.23092,95.61971
110.35000,11.86042,95.61776
110.40000,11.85468,95.61578
110.45000,11.84739,95.61378
110.50000,11.84341,95.61176
110.55000,11.84015,95.60972
110.60000,11.83665,95.60767
110.65000,11.83321,95.60561
110.70000,11.82982,95.60353
110.75000,11.82648,95.60145
110.80000,11.82346,95.59935
110.85000,11.82125,95.59724
110.90000,11.81902,95.59512
110.95000,11.81639,95.59299
111.00000,11.81190,95.59085
111.05000,11.81108,95.58871
111.10000,11.81403,95.58657
111.15000,11.82046,95.58447
111.20000,11.82869,95.58239
111.25000,11.83478,95.58034
111.30000,11.84150,95.57832
111.35000,9.00000,95.55662
111.40000,11.86999,95.55471
111.45000,11.86517,95.55279
111.50000,11.86543,95.55087
111.55000,11.86553,95.54895
111.60000,11.86272,95.54702
111.65000,11.86042,95.54507
111.70000,11.86204,95.54314
111.75000,11.85681,95.54119
111.80000,12.22699,95.54074
111.85000,11.84466,95.53874
111.90000,11.84104,95.53673
111.95000,11.83693,95.53469
112.00000,11.83504,95.53265
112.05000,11.83445,95.53061
112.10000,11.83461,95.52857
112.15000,11.83536,95.52654
112.20000,11.83656,95.52451
112.25000,11.83944,95.52248
112.30000,9.00000,95.50079
112.35000,11.86408,95.49888
112.40000,11.86485,95.49697
112.45000,11.85774,95.49503
112.50000,11.85767,95.49309
112.55000,11.85604,95.49114
112.60000,11.85448,95.48919
112.65000,11.85447,95.48724
112.70000,11.85243,95.48528
112.75000,11.85607,95.48333
112.80000,12.22395,95.48289
112.85000,11.86310,95.48096
112.90000,11.85896,95.47903
112.95000,11.85682,95.47710
113.00000,9.00000,95.45536
113.05000,11.85482,95.45341
113.10000,12.22205,95.45297
113.15000,9.00000,95.43124
113.20000,11.84528,95.42927
113.25000,11.84698,95.42730
113.30000,12.22029,95.42686
113.35000,11.87716,95.42500
113.40000,11.87412,95.42315
113.45000,11.87137,95.42128
113.50000,11.86867,95.41940
113.55000,11.86627,95.41751
113.60000,11.86450,95.41561
113.65000,11.86293,95.41371
113.70000,11.86141,95.41180
113.75000,11.86021,95.40989
113.80000,9.00000,95.38824
113.85000,12.21809,95.38779
113.90000,9.00000,95.36615
113.95000,11.84981,95.36420
114.00000,11.84770,95.36226
114.05000,11.85237,95.36033
114.10000,12.21629,95.35988
114.15000,9.00000,95.33822
114.20000,12.21473,95.33777
114.25000,11.86428,95.33589
114.30000,11.86103,95.33401
114.35000,11.85824,95.33211
114.40000,11.85567,95.33019
114.45000,11.85301,95.32828
114.50000,11.85005,95.32635
114.55000,9.00000,95.30469
114.60000,11.84874,95.30276
114.65000,11.84469,95.30081
114.70000,11.84649,95.29887
114.75000,11.83959,95.29691
114.80000,11.83697,95.29493
114.85000,11.83588,95.29295
114.90000,11.83315,95.29096
114.95000,11.83473,95.28898
115.00000,11.83040,95.28698
115.05000,11.83079,95.28498
115.10000,12.21210,95.28453
115.15000,11.82051,95.28249
115.20000,11.80729,95.28040
115.25000,11.79727,95.27827
115.30000,11.79528,95.27613
115.35000,11.79398,95.27399
115.40000,11.79224,95.27184
115.45000,11.79240,95.26968
115.50000,11.79571,95.26755
115.55000,9.00000,95.24590
115.60000,11.84297,95.24396
115.65000,11.83701,95.24200
115.70000,11.83409,95.24002
115.75000,11.83280,95.23804
115.80000,11.83012,95.23605
115.85000,11.83279,95.23407
115.90000,11.82836,95.23207
115.95000,11.82722,95.23007
116.00000,11.82861,95.22807
116.05000,11.82078,95.22604
116.10000,12.20910,95.22560
116.15000,11.84233,95.22366
116.20000,11.83836,95.22170
116.25000,11.83510,95.21973
116.30000,11.83389,95.21776
116.35000,11.82976,95.21577
116.40000,11.82429,95.21376
116.45000,11.82027,95.21173
116.50000,11.82205,95.20971
116.55000,9.00000,95.18803
116.60000,11.83851,95.18608
116.65000,11.83257,95.18411
116.70000,11.82882,95.18213
116.75000,11.83055,95.18015
116.80000,11.82825,95.17816
116.85000,11.82879,95.17618
116.90000,12.20646,95.17573
116.95000,11.85599,95.17385
117.00000,11.85337,95.17197
117.05000,9.00000,95.15031
117.10000,12.20476,95.14986
117.15000,11.85534,95.14799
117.20000,11.85616,95.14612
117.25000,9.00000,95.12448
117.30000,11.82435,95.12249
117.35000,11.82315,95.12050
117.40000,11.81935,95.11849
117.45000,11.82082,95.11649
117.50000,11.81926,95.11448
117.55000,11.81755,95.11246
117.60000,12.20255,95.11202
117.65000,11.87304,95.11023
117.70000,11.86972,95.10842
117.75000,11.86751,95.10661
117.80000,11.86662,95.10479
117.85000,11.86696,95.10297
117.90000,11.86880,95.10116
117.95000,11.87117,95.09936
118.00000,9.00000,95.07777
118.05000,11.82119,95.07578
118.10000,11.81835,95.07378
118.15000,11.81482,95.07176
118.20000,11.81318,95.06974
118.25000,11.81359,95.06772
118.30000,11.80098,95.06565
118.35000,12.20000,95.06520
118.40000,11.89030,95.06355
118.45000,11.88742,95.06190
118.50000,11.88525,95.06023
118.55000,11.88325,95.05856
118.60000,11.88132,95.05688
118.65000,11.87943,95.05521
118.70000,11.87760,95.05351
118.75000,11.87583,95.05181
118.80000,11.87415,95.05011
118.85000,11.87254,95.04840
118.90000,11.87101,95.04668
118.95000,11.86958,95.04488
119.00000,11.86826,95.04308
119.05000,11.86707,95.04128
119.10000,11.86629,95.03947
119.15000,11.86608,95.03767
119.20000,11.86647,95.03586
119.25000,11.86744,95.03405
119.30000,11.86870,95.03226
119.35000,9.00000,95.01080
119.40000,11.82881,95.00884
119.45000,11.82369,95.00687
119.50000,11.82141,95.00490
119.55000,11.81656,95.00290
119.60000,11.81982,95.00092
119.65000,12.19699,95.00047
119.70000,11.88292,94.99880
119.75000,11.88053,94.99713
119.80000,11.87856,94.99545
119.85000,11.87666,94.99377
119.90000,11.87484,94.99207
119.95000,11.87309,94.99038
120.00000,11.87142,94.98867
120.05000,11.86982,94.98696
120.10000,11.86830,94.98524
120.15000,11.86685,94.98345
120.20000,11.86549,94.98165
120.25000,11.86420,94.97984
120.30000,11.86298,94.97803
120.35000,11.86186,94.97622
120.40000,11.86105,94.97440
120.45000,11.86058,94.97259
120.50000,11.86046,94.97076
120.55000,11.86069,94.96895
120.60000,11.86126,94.96713
120.65000,11.86218,94.96532
120.70000,11.86334,94.96352
120.75000,9.00000,94.94213
120.80000,11.82956,94.94019
120.85000,11.82897,94.93826
120.90000,11.82550,94.93631
120.95000,11.82294,94.93435
121.00000,11.82565,94.93240
121.05000,11.82240,94.93044
121.10000,11.81888,94.92846
121.15000,11.82271,94.92650
121.20000,11.81871,94.92452
121.25000,12.19366,94.92407
121.30000,11.87416,94.92239
121.35000,11.87111,94.92070
121.40000,11.86889,94.91899
121.45000,11.86727,94.91729
121.50000,11.86617,94.91557
121.55000,11.86551,94.91386
121.60000,11.86523,94.91214
121.65000,11.86532,94.91043
121.70000,11.86573,94.90871
121.75000,11.86643,94.90701
121.80000,11.86745,94.90530
121.85000,9.00000,94.88391
121.90000,11.82537,94.88197
121.95000,11.81450,94.87998
122.00000,11.81785,94.87801
122.05000,11.81778,94.87605
122.10000,12.19127,94.87560
122.15000,11.87745,94.87393
122.20000,11.87539,94.87227
122.25000,11.87417,94.87059
122.30000,11.87348,94.86892
122.35000,9.00000,94.84749
122.40000,11.80641,94.84548
122.45000,11.80967,94.84349
122.50000,11.81058,94.84150
122.55000,11.80545,94.83949
122.60000,12.18926,94.83904
122.65000,9.00000,94.81758
122.70000,12.18773,94.81714
122.75000,11.87516,94.81548
122.80000,11.87344,94.81381
122.85000,11.87310,94.81215
122.90000,11.87345,94.81049
122.95000,11.87411,94.80883
123.00000,11.87471,94.80717
123.05000,11.87538,94.80552
123.10000,9.00000,94.78408
123.15000,11.80020,94.78207
123.20000,11.80060,94.78005
123.25000,11.79823,94.77802
123.30000,11.79739,94.77599
123.35000,11.80081,94.77398
123.40000,11.79548,94.77194
123.45000,11.79614,94.76991
123.50000,12.18537,94.76946
123.55000,11.88029,94.76783
123.60000,11.87706,94.76619
123.65000,11.87470,94.76454
123.70000,11.87286,94.76289
123.75000,11.87141,94.76123
123.80000,11.87063,94.75956
123.85000,11.87052,94.75790
123.90000,11.87064,94.75623
123.95000,11.87105,94.75457
124.00000,11.87163,94.75291
124.05000,11.87233,94.75126
124.10000,11.87308,94.74960
124.15000,9.00000,94.72818
124.20000,11.80241,94.72618
124.25000,12.18322,94.72573
124.30000,9.00000,94.70429
124.35000,11.79374,94.70227
124.40000,11.79061,94.70023
124.45000,11.79473,94.69820
124.50000,12.18147,94.69775
124.55000,11.88043,94.69614
124.60000,11.87811,94.69452
124.65000,11.87653,94.69289
124.70000,11.87560,94.69126
124.75000,11.87541,94.68963
124.80000,11.87548,94.68800
124.85000,11.87595,94.68637
124.90000,9.00000,94.66493
124.95000,11.79110,94.66290
125.00000,11.78752,94.66086
125.05000,11.78973,94.65882
125.10000,11.78789,94.65678
125.15000,11.78197,94.65472
125.20000,11.77978,94.65264
125.25000,11.78351,94.65058
125.30000,12.17915,94.65013
125.35000,11.88478,94.64854
125.40000,11.88176,94.64694
125.45000,11.87965,94.64534
125.50000,11.87801,94.64373
125.55000,11.87699,94.64211
125.60000,11.87651,94.64050
125.65000,11.87631,94.63887
125.70000,11.87643,94.63725
125.75000,11.87679,94.63564
125.80000,9.00000,94.61417
125.85000,12.17726,94.61372
125.90000,9.00000,94.59225
125.95000,11.77836,94.59018
126.00000,12.17566,94.58973
126.05000,9.00000,94.56828
126.10000,12.17413,94.56783
126.15000,9.00000,94.54636
126.20000,12.17260,94.54591
126.25000,9.00000,94.52443
126.30000,11.76954,94.52235
126.35000,11.76743,94.52026
126.40000,12.17093,94.51981
126.45000,11.88048,94.51823
126.50000,11.87809,94.51665
126.55000,11.87652,94.51506
126.60000,11.87532,94.51347
126.65000,11.87429,94.51188
126.70000,11.87416,94.51028
126.75000,11.87441,94.50869
126.80000,11.87465,94.50710
126.85000,9.00000,94.48562
126.90000,11.77105,94.48355
126.95000,11.76404,94.48145
127.00000,11.76944,94.47939
127.05000,11.76850,94.47730
127.10000,12.16884,94.47685
127.15000,11.87812,94.47528
127.20000,11.87478,94.47369
127.25000,11.87241,94.47210
127.30000,11.87062,94.47050
127.35000,11.86919,94.46889
127.40000,11.86798,94.46728
127.45000,11.86673,94.46566
127.50000,11.86621,94.46404
127.55000,11.86649,94.46243
127.60000,11.86680,94.46082
127.65000,11.86711,94.45920
127.70000,11.86744,94.45759
127.75000,11.86781,94.45598
127.80000,11.86821,94.45437
127.85000,9.00000,94.43293
127.90000,11.77230,94.43087
127.95000,11.77093,94.42882
128.00000,12.16667,94.42837
128.05000,11.87206,94.42677
128.10000,9.00000,94.40530
128.15000,12.16511,94.40485
128.20000,11.86959,94.40325
128.25000,11.86872,94.40166
128.30000,11.86885,94.40006
128.35000,9.00000,94.37862
128.40000,11.76921,94.37657
128.45000,11.76561,94.37450
128.50000,11.76152,94.37242
128.55000,11.76012,94.37033
128.60000,12.16322,94.36988
128.65000,11.87103,94.36830
128.70000,11.86772,94.36671
128.75000,11.86512,94.36511
128.80000,11.86292,94.36350
128.85000,11.86113,94.36189
128.90000,11.85991,94.36026
128.95000,11.85943,94.35864
129.00000,11.85981,94.35702
129.05000,11.86019,94.35540
129.10000,11.86059,94.35378
129.15000,11.86097,94.35217
129.20000,9.00000,94.33075
129.25000,12.16131,94.33030
129.30000,9.00000,94.30888
129.35000,12.15979,94.30843
129.40000,11.86355,94.30683
129.45000,9.00000,94.28541
129.50000,11.76592,94.28336
129.55000,11.76500,94.28131
129.60000,12.15812,94.28086
129.65000,11.86568,94.27928
129.70000,9.00000,94.25785
129.75000,12.15657,94.25740
129.80000,9.00000,94.23595
129.85000,12.15506,94.23550
129.90000,11.86270,94.23392
129.95000,11.86201,94.23233
130.00000,11.86231,94.23075
130.05000,9.00000,94.20930
130.10000,11.75190,94.20722
130.15000,11.75446,94.20515
130.20000,11.75277,94.20307
130.25000,12.15326,94.20263
130.30000,11.86465,94.20106
130.35000,11.86225,94.19949
130.40000,11.86098,94.19791
130.45000,11.86024,94.19633
130.50000,9.00000,94.17487
130.55000,12.15163,94.17442
130.60000,11.86172,94.17284
130.65000,9.00000,94.15141
130.70000,11.74450,94.14931
130.75000,11.74769,94.14722
130.80000,11.74686,94.14513
130.85000,12.14989,94.14468
130.90000,11.86288,94.14312
130.95000,11.85981,94.14155
131.00000,11.85755,94.13997
131.05000,11.85592,94.13838
131.10000,11.85466,94.13680
131.15000,11.85382,94.13520
131.20000,11.85345,94.13361
131.25000,11.85376,94.13201
131.30000,11.85394,94.13042
131.35000,9.00000,94.10899
131.40000,12.14813,94.10854
131.45000,11.85586,94.10696
131.50000,11.85535,94.10538
131.55000,9.00000,94.08392
131.60000,11.74444,94.08184
131.65000,12.14650,94.08139
131.70000,9.00000,94.05991
131.75000,11.74079,94.05782
131.80000,12.14493,94.05737
131.85000,11.85712,94.05581
131.90000,11.85520,94.05424
131.95000,9.00000,94.03279
132.00000,12.14337,94.03234
132.05000,11.85384,94.03077
132.10000,11.85303,94.02920
132.15000,11.85327,94.02763
132.20000,11.85343,94.02606
132.25000,11.85363,94.02449
132.30000,9.00000,94.00305
132.35000,11.74182,94.00098
132.40000,11.74236,93.99891
132.45000,11.73872,93.99682
132.50000,11.73266,93.99471
132.55000,12.14149,93.99426
132.60000,11.85510,93.99270
132.65000,11.85152,93.99113
132.70000,11.84876,93.98955
132.75000,11.84662,93.98796
132.80000,11.84515,93.98637
132.85000,11.84473,93.98476
132.90000,11.84494,93.98317
132.95000,11.84513,93.98158
133.00000,11.84534,93.97998
133.05000,11.84553,93.97839
133.10000,11.84572,93.97680
133.15000,11.84599,93.97520
133.20000,11.84628,93.97362
133.25000,11.84659,93.97203
133.30000,9.00000,93.95061
133.35000,11.73985,93.94853
133.40000,11.73921,93.94646
133.45000,11.73389,93.94436
133.50000,11.73713,93.94228
133.55000,12.13937,93.94183
133.60000,11.84917,93.94025
133.65000,11.84612,93.93867
133.70000,11.84390,93.93707
133.75000,11.84280,93.93548
133.80000,11.84279,93.93388
133.85000,11.84295,93.93229
133.90000,11.84312,93.93069
133.95000,11.84326,93.92910
134.00000,11.84342,93.92751
134.05000,9.00000,93.90607
134.10000,11.74287,93.90401
134.15000,12.13758,93.90356
134.20000,11.84727,93.90199
134.25000,9.00000,93.88055
134.30000,12.13605,93.88010
134.35000,9.00000,93.85868
134.40000,11.72791,93.85658
134.45000,11.72931,93.85448
134.50000,11.72731,93.85238
134.55000,11.72667,93.85027
134.60000,11.72502,93.84816
134.65000,11.72014,93.84602
134.70000,11.72247,93.84390
134.75000,12.13412,93.84345
134.80000,11.85478,93.84192
134.85000,11.85151,93.84038
134.90000,11.84906,93.83883
134.95000,11.84734,93.83727
135.00000,11.84561,93.83570
135.05000,11.84391,93.83413
135.10000,11.84221,93.83256
135.15000,11.84049,93.83097
135.20000,11.83878,93.82938
135.25000,11.83708,93.82778
135.30000,11.83536,93.82618
135.35000,11.83366,93.82457
135.40000,11.83198,93.82295
135.45000,11.83035,93.82133
135.50000,11.82875,93.81970
135.55000,11.82720,93.81807
135.60000,11.82567,93.81643
135.65000,11.82416,93.81478
135.70000,11.82268,93.81313
135.75000,11.82121,93.81148
135.80000,11.81975,93.80981
135.85000,11.81828,93.80814
135.90000,11.81681,93.80647
135.95000,11.81534,93.80479
136.00000,11.81386,93.80311
136.05000,11.81238,93.80142
136.10000,11.81089,93.79972
136.15000,11.80941,93.79803
136.20000,11.80791,93.79632
136.25000,11.80642,93.79460
136.30000,11.80492,93.79288
136.35000,11.80343,93.79109
136.40000,11.80194,93.78929
136.45000,11.80045,93.78748
136.50000,11.79896,93.78567
136.55000,11.79747,93.78384
136.60000,11.79641,93.78202
136.65000,11.79585,93.78020
136.70000,11.79555,93.77837
136.75000,11.79552,93.77654
136.80000,11.79574,93.77471
136.85000,11.79627,93.77289
136.90000,11.79710,93.77106
136.95000,11.79818,93.76925
137.00000,11.79935,93.76744
137.05000,11.80053,93.76563
137.10000,11.80174,93.76383
137.15000,9.00000,93.74250
137.20000,11.77077,93.74059
137.25000,11.76919,93.73866
137.30000,11.76613,93.73672
137.35000,11.76577,93.73479
137.40000,12.13109,93.73434
137.45000,11.81136,93.73265
137.50000,11.80907,93.73096
137.55000,11.80748,93.72926
137.60000,11.80638,93.72756
137.65000,11.80558,93.72585
137.70000,11.80498,93.72414
137.75000,11.80474,93.72243
137.80000,11.80527,93.72073
137.85000,9.00000,93.69934
137.90000,11.76723,93.69741
137.95000,11.76450,93.69548
138.00000,11.76307,93.69353
138.05000,11.76160,93.69159
138.10000,11.76061,93.68964
138.15000,12.12925,93.68919
138.20000,11.81681,93.68754
138.25000,11.81485,93.68587
138.30000,11.81324,93.68420
138.35000,11.81193,93.68253
138.40000,11.81131,93.68085
138.45000,11.81095,93.67918
138.50000,11.81103,93.67750
138.55000,11.81160,93.67583
138.60000,9.00000,93.65433
138.65000,11.76094,93.65239
138.70000,11.75959,93.65044
138.75000,11.75681,93.64848
138.80000,11.75596,93.64652
138.85000,12.12750,93.64607
138.90000,11.82333,93.64445
138.95000,11.82152,93.64282
139.00000,11.81956,93.64118
139.05000,11.81771,93.63954
139.10000,11.81633,93.63789
139.15000,11.81655,93.63625
139.20000,11.81742,93.63460
139.25000,9.00000,93.61299
139.30000,11.75545,93.61103
139.35000,11.75277,93.60907
139.40000,11.75136,93.60709
139.45000,11.74974,93.60512
139.50000,12.12576,93.60467
139.55000,11.82588,93.60307
139.60000,11.82315,93.60145
139.65000,11.81991,93.59982
139.70000,11.81695,93.59818
139.75000,11.81492,93.59653
139.80000,11.81450,93.59488
139.85000,11.81515,93.59324
139.90000,11.81571,93.59159
139.95000,9.00000,93.57000
140.00000,11.75019,93.56802
140.05000,11.74816,93.56605
140.10000,11.74557,93.56406
140.15000,12.12366,93.56361
140.20000,11.82619,93.56202
140.25000,11.82421,93.56041
140.30000,11.82143,93.55880
140.35000,11.81960,93.55717
140.40000,11.82000,93.55555
140.45000,11.82076,93.55393
140.50000,9.00000,93.53242
140.55000,11.74523,93.53043
140.60000,11.74313,93.52844
140.65000,11.74055,93.52644
140.70000,11.73907,93.52444
140.75000,11.73696,93.52242
140.80000,12.12153,93.52198
140.85000,11.83416,93.52042
140.90000,11.83264,93.51885
140.95000,11.83057,93.51728
141.00000,11.82936,93.51570
141.05000,11.82928,93.51412
141.10000,11.82987,93.51254
141.15000,11.83046,93.51097
141.20000,9.00000,93.48952
141.25000,11.73634,93.48751
141.30000,11.73425,93.48550
141.35000,11.73283,93.48347
141.40000,12.11958,93.48302
141.45000,11.83992,93.48149
141.50000,11.83883,93.47996
141.55000,11.83752,93.47842
141.60000,11.83690,93.47688
141.65000,11.83610,93.47533
141.70000,11.83605,93.47379
141.75000,9.00000,93.45234
141.80000,11.73037,93.45032
141.85000,11.72812,93.44828
141.90000,11.72618,93.44624
141.95000,11.72457,93.44419
142.00000,11.78993,93.44247
142.05000,12.11771,93.44202
142.10000,11.84449,93.44052
142.15000,11.84362,93.43901
142.20000,11.84167,93.43749
142.25000,11.84123,93.43597
142.30000,11.84150,93.43446
142.35000,9.00000,93.41335
142.40000,11.79804,93.41167
142.45000,11.71317,93.40958
142.50000,11.78828,93.40786
142.55000,11.80053,93.40620
142.60000,11.79993,93.40453
142.65000,11.80002,93.40285
142.70000,11.80019,93.40118
142.75000,11.80038,93.39952
142.80000,11.80058,93.39785
142.85000,11.80079,93.39619
142.90000,11.80099,93.39452
142.95000,11.80120,93.39286
143.00000,11.80142,93.39120
143.05000,11.80164,93.38953
143.10000,11.80186,93.38787
143.15000,11.80208,93.38621
143.20000,11.80230,93.38455
143.25000,11.80252,93.38289
143.30000,11.80273,93.38123
143.35000,11.80295,93.37958
143.40000,11.80317,93.37792
143.45000,11.80339,93.37627
143.50000,11.80362,93.37461
143.55000,11.80385,93.37296
143.60000,11.80406,93.37131
143.65000,11.80427,93.36966
143.70000,11.80446,93.36801
143.75000,11.80466,93.36636
143.80000,11.80485,93.36471
143.85000,11.80502,93.36306
143.90000,11.80518,93.36141
143.95000,11.80535,93.35977
144.00000,11.80549,93.35812
144.05000,11.80564,93.35648
144.10000,11.80575,93.35484
144.15000,11.80585,93.35319
144.20000,11.80593,93.35155
144.25000,11.80592,93.34991
144.30000,11.80571,93.34826
144.35000,11.80537,93.34661
144.40000,11.80497,93.34497
144.45000,11.80450,93.34332
144.50000,11.80389,93.34167
144.55000,11.80312,93.34001
144.60000,11.80212,93.33836
144.65000,11.80085,93.33669
144.70000,11.79922,93.33503
144.75000,11.79711,93.33335
144.80000,11.79441,93.33167
144.85000,11.79091,93.32996
144.90000,11.78636,93.32825
144.95000,12.11542,93.32780
145.00000,11.82147,93.32622
145.05000,11.81089,93.32460
145.10000,9.00000,93.30283
145.15000,11.73274,93.30083
145.20000,11.72959,93.29882
145.25000,11.72849,93.29681
145.30000,12.11375,93.29636
145.35000,11.77183,93.29452
145.40000,11.75546,93.29261
145.45000,11.74479,93.29066
145.50000,11.74012,93.28870
145.55000,11.73998,93.28673
145.60000,9.00000,93.26501
145.65000,11.73133,93.26301
145.70000,11.72881,93.26100
145.75000,11.72664,93.25899
145.80000,11.72489,93.25697
145.85000,11.72502,93.25495
145.90000,12.11124,93.25450
145.95000,11.69970,93.25238
146.00000,11.69517,93.25024
146.05000,11.69156,93.24809
146.10000,11.68777,93.24592
146.15000,11.68527,93.24374
146.20000,11.68861,93.24158
146.25000,9.00000,93.22041
146.30000,11.73445,93.21843
146.35000,11.73074,93.21644
146.40000,11.72871,93.21445
146.45000,11.72692,93.21244
146.50000,11.72554,93.21043
146.55000,11.72551,93.20842
146.60000,12.10752,93.20797
146.65000,11.67715,93.20576
146.70000,11.67114,93.20354
146.75000,11.66518,93.20129
146.80000,11.66789,93.19905
146.85000,11.67857,93.19686
146.90000,9.00000,93.17645
146.95000,11.73330,93.17448
147.00000,11.73023,93.17249
147.05000,11.72816,93.17050
147.10000,11.72633,93.16850
147.15000,11.72501,93.16650
147.20000,11.72370,93.16449
147.25000,12.10362,93.16403
147.30000,11.67125,93.16181
147.35000,11.66626,93.15958
147.40000,11.66154,93.15733
147.45000,11.66223,93.15507
147.50000,11.66985,93.15285
147.55000,11.68068,93.15067
147.60000,9.00000,93.13119
147.65000,11.73290,93.12922
147.70000,11.73105,93.12725
147.75000,11.72833,93.12527
147.80000,11.72668,93.12328
147.85000,11.72592,93.12128
147.90000,11.72397,93.11929
147.95000,12.09960,93.11882
148.00000,11.68136,93.11665
148.05000,11.67634,93.11446
148.10000,11.67305,93.11226
148.15000,11.67683,93.11008
148.20000,9.00000,93.09126
148.25000,11.72999,93.08929
148.30000,11.72614,93.08731
148.35000,11.72469,93.08532
148.40000,11.72371,93.08333
148.45000,11.72193,93.08133
148.50000,11.72066,93.07932
148.55000,12.09657,93.07885
148.60000,11.70123,93.07677
148.65000,11.69788,93.07467
148.70000,11.69678,93.07257
148.75000,11.69342,93.07046
148.80000,11.69771,93.06837
148.85000,9.00000,93.04992
148.90000,11.72755,93.04794
148.95000,11.72705,93.04597
149.00000,11.72411,93.04399
149.05000,11.72264,93.04200
149.10000,11.72228,93.04001
149.15000,11.72049,93.03801
149.20000,12.09429,93.03754
149.25000,11.71682,93.03552
149.30000,11.71839,93.03352
149.35000,11.72191,93.03152
149.40000,11.72376,93.02954
149.45000,11.71990,93.02754
149.50000,11.71776,93.02554
149.55000,11.71820,93.02353
149.60000,11.71644,93.02151
149.65000,11.71031,93.01948
149.70000,11.70908,93.01743
149.75000,11.70642,93.01538
149.80000,11.70804,93.01334
149.85000,11.70972,93.01130
149.90000,11.71189,93.00927
149.95000,9.00000,92.99061
150.00000,11.74312,92.98871
150.05000,11.74315,92.98681
150.10000,11.74066,92.98490
150.15000,11.73869,92.98299
150.20000,11.73879,92.98106
150.25000,11.73828,92.97915
150.30000,11.73533,92.97722
150.35000,11.73510,92.97529
150.40000,12.09375,92.97482
150.45000,11.75729,92.97298
150.50000,11.75502,92.97112
150.55000,11.74917,92.96925
150.60000,11.74414,92.96735
150.65000,11.73889,92.96544
150.70000,9.00000,92.94585
150.75000,11.73742,92.94393
150.80000,11.73694,92.94202
150.85000,11.73421,92.94009
150.90000,11.73132,92.93815
150.95000,12.09341,92.93769
151.00000,11.75711,92.93585
151.05000,11.76241,92.93404
151.10000,11.76778,92.93224
151.15000,11.77008,92.93053
151.20000,11.76764,92.92874
151.25000,11.76175,92.92693
151.30000,11.75670,92.92509
151.35000,9.00000,92.90467
151.40000,11.73728,92.90276
151.45000,11.73532,92.90085
151.50000,11.73270,92.89893
151.55000,11.73125,92.89699
151.60000,11.72893,92.89505
151.65000,12.09358,92.89459
151.70000,11.76836,92.89288
151.75000,11.77011,92.89118
151.80000,11.77587,92.88950
151.85000,11.77586,92.88782
151.90000,11.77401,92.88613
151.95000,9.00000,92.86510
152.00000,11.72783,92.86317
152.05000,11.72597,92.86122
152.10000,11.72470,92.85927
152.15000,11.72291,92.85731
152.20000,11.72264,92.85535
152.25000,12.09287,92.85490
152.30000,9.00000,92.83366
152.35000,12.09158,92.83321
152.40000,11.78441,92.83157
152.45000,11.78794,92.82995
152.50000,11.78994,92.82833
152.55000,11.79316,92.82673
152.60000,11.79625,92.82514
152.65000,9.00000,92.80365
152.70000,11.71525,92.80167
152.75000,11.71738,92.79971
152.80000,11.74232,92.79784
152.85000,11.75564,92.79602
152.90000,11.75688,92.79421
152.95000,11.75891,92.79241
153.00000,11.76166,92.79070
153.05000,11.76538,92.78899
153.10000,11.70521,92.78698
153.15000,11.70950,92.78498
153.20000,11.78348,92.78335
153.25000,11.79468,92.78176
153.30000,12.09054,92.78132
153.35000,11.81862,92.77982
153.40000,11.80919,92.77828
153.45000,11.80263,92.77673
153.50000,11.80043,92.77515
153.55000,11.80021,92.77359
153.60000,11.79994,92.77202
153.65000,11.79963,92.77045
153.70000,11.79931,92.76888
153.75000,11.79901,92.76730
153.80000,11.79874,92.76573
153.85000,11.79817,92.76415
153.90000,11.79561,92.76257
153.95000,11.79038,92.76096
154.00000,11.78560,92.75934
154.05000,11.78130,92.75770
154.10000,11.77935,92.75605
154.15000,11.77861,92.75440
154.20000,11.77927,92.75275
154.25000,11.77930,92.75111
154.30000,11.77930,92.74946
154.35000,11.77931,92.74782
154.40000,11.77936,92.74617
154.45000,11.77937,92.74452
154.50000,11.77942,92.74287
154.55000,11.77923,92.74123
154.60000,11.77687,92.73957
154.65000,11.77376,92.73791
154.70000,11.77079,92.73623
154.75000,11.76867,92.73454
154.80000,11.76808,92.73285
154.85000,11.76847,92.73116
154.90000,11.76915,92.72948
154.95000,11.76990,92.72780
155.00000,11.77046,92.72612
155.05000,11.77097,92.72444
155.10000,11.77151,92.72276
155.15000,11.77209,92.72109
155.20000,11.77269,92.71942
155.25000,11.77326,92.71775
155.30000,11.77385,92.71609
155.35000,11.77446,92.71442
155.40000,11.77511,92.71276
155.45000,11.77454,92.71110
155.50000,11.77347,92.70943
155.55000,11.77228,92.70776
155.60000,11.77188,92.70609
155.65000,11.77302,92.70442
155.70000,11.77438,92.70276
155.75000,11.77533,92.70110
155.80000,11.77624,92.69945
155.85000,11.77711,92.69779
155.90000,11.77790,92.69614
155.95000,11.77884,92.69450
156.00000,11.77978,92.69286
156.05000,9.00000,92.67131
156.10000,11.73507,92.66943
156.15000,11.73513,92.66754
156.20000,11.73565,92.66566
156.25000,11.73643,92.66378
156.30000,11.73703,92.66190
156.35000,11.73756,92.66003
156.40000,11.73859,92.65816
156.45000,11.74009,92.65630
156.50000,11.74196,92.65444
156.55000,11.74392,92.65260
156.60000,11.74605,92.65076
156.65000,11.74840,92.64893
156.70000,11.75027,92.64711
156.75000,11.75058,92.64529
156.80000,11.75068,92.64346
156.85000,11.75083,92.64165
156.90000,11.75101,92.63983
156.95000,11.75126,92.63802
157.00000,11.75151,92.63620
157.05000,11.75180,92.63438
157.10000,11.75213,92.63257
157.15000,11.75249,92.63076
157.20000,11.75285,92.62894
157.25000,11.75320,92.62714
157.30000,11.75348,92.62533
157.35000,11.75373,92.62353
157.40000,11.75459,92.62172
157.45000,11.75487,92.61992
157.50000,11.75463,92.61812
157.55000,11.75426,92.61632
157.60000,11.75365,92.61451
157.65000,11.75272,92.61270
157.70000,11.75141,92.61089
157.75000,11.75004,92.60907
157.80000,11.74886,92.60725
157.85000,11.74750,92.60542
157.90000,11.74566,92.60358
157.95000,11.74332,92.60173
158.00000,11.74032,92.59988
158.05000,11.73619,92.59800
158.10000,11.72884,92.59610
158.15000,12.08649,92.59565
158.20000,11.73997,92.59379
158.25000,11.71044,92.59181
158.30000,11.69227,92.58977
158.35000,11.68618,92.58769
158.40000,11.68066,92.58560
158.45000,11.67657,92.58349
158.50000,11.67517,92.58138
158.55000,11.67862,92.57928
158.60000,11.68320,92.57719
158.65000,11.68697,92.57512
158.70000,11.68987,92.57307
158.75000,11.69264,92.57102
158.80000,11.69479,92.56898
158.85000,11.69645,92.56696
158.90000,11.69683,92.56493
158.95000,11.69148,92.56288
159.00000,11.68370,92.56080
159.05000,11.67809,92.55870
159.10000,11.67402,92.55658
159.15000,11.67083,92.55445
159.20000,11.66807,92.55231
159.25000,11.66744,92.55017
159.30000,11.66951,92.54803
159.35000,11.66663,92.54589
159.40000,11.68183,92.54380
159.45000,11.68736,92.54174
159.50000,11.69004,92.53969
159.55000,11.69182,92.53764
159.60000,11.69372,92.53561
159.65000,11.69561,92.53358
159.70000,11.69734,92.53156
159.75000,11.69553,92.52953
159.80000,11.68744,92.52747
159.85000,11.68310,92.52539
159.90000,11.68164,92.52331
159.95000,11.68057,92.52122
160.00000,11.67966,92.51913
160.05000,11.67867,92.51703
160.10000,11.67875,92.51494
160.15000,11.68280,92.51286
160.20000,11.69544,92.51083
160.25000,9.00000,92.49026
160.30000,11.67009,92.48813
160.35000,11.67268,92.48602
160.40000,11.67558,92.48392
160.45000,11.67898,92.48183
160.50000,11.68226,92.47976
160.55000,11.68522,92.47770
160.60000,11.68779,92.47565
160.65000,11.69018,92.47361
160.70000,11.69251,92.47158
160.75000,11.69483,92.46956
160.80000,11.69712,92.46754
160.85000,11.69947,92.46555
160.90000,11.70219,92.46355
160.95000,11.70548,92.46157
161.00000,11.70926,92.45961
161.05000,11.71349,92.45766
161.10000,11.71797,92.45573
161.15000,12.08064,92.45528
161.20000,11.78779,92.45370
161.25000,11.78729,92.45212
161.30000,11.77880,92.45051
161.35000,11.76922,92.44885
161.40000,11.76598,92.44719
161.45000,11.76416,92.44552
161.50000,11.76278,92.44384
161.55000,11.76207,92.44216
161.60000,11.76252,92.44048
161.65000,11.76750,92.43882
161.70000,11.77398,92.43719
161.75000,11.78091,92.43559
161.80000,11.78351,92.43398
161.85000,11.78561,92.43240
161.90000,11.78743,92.43082
161.95000,11.78483,92.42922
162.00000,11.78160,92.42762
162.05000,11.77824,92.42600
162.10000,11.77470,92.42437
162.15000,11.77326,92.42274
162.20000,11.77225,92.42110
162.25000,11.77135,92.41945
162.30000,11.77296,92.41782
162.35000,11.78290,92.41621
162.40000,11.79210,92.41466
162.45000,11.79728,92.41311
162.50000,11.79908,92.41158
162.55000,11.80092,92.41004
162.60000,11.80236,92.40852
162.65000,11.80021,92.40699
162.70000,11.79294,92.40543
162.75000,11.78754,92.40385
162.80000,11.78420,92.40225
162.85000,11.78244,92.40066
162.90000,11.78132,92.39906
162.95000,11.78088,92.39745
163.00000,11.77978,92.39584
163.05000,11.78990,92.39426
163.10000,11.80459,92.39275
163.15000,11.81082,92.39126
163.20000,11.81244,92.38978
163.25000,11.81410,92.38830
163.30000,11.81591,92.38683
163.35000,11.81550,92.38535
163.40000,11.80981,92.38386
163.45000,11.80403,92.38235
163.50000,11.79888,92.38081
163.55000,11.79508,92.37926
163.60000,11.79348,92.37770
163.65000,11.79188,92.37614
163.70000,11.79157,92.37458
163.75000,11.79233,92.37302
163.80000,11.79446,92.37147
163.85000,11.80951,92.36997
163.90000,11.82142,92.36852
163.95000,11.82470,92.36708
164.00000,11.82608,92.36565
164.05000,11.82746,92.36423
164.10000,11.82545,92.36279
164.15000,11.82097,92.36134
164.20000,11.81497,92.35987
164.25000,11.80987,92.35838
164.30000,11.80637,92.35686
164.35000,11.80466,92.35535
164.40000,11.80292,92.35384
164.45000,11.80277,92.35232
164.50000,11.80560,92.35081
164.55000,11.80797,92.34930
164.60000,11.80980,92.34782
164.65000,11.82012,92.34636
164.70000,11.82979,92.34495
164.75000,11.83135,92.34354
164.80000,11.83150,92.34212
164.85000,11.83154,92.34071
164.90000,11.83138,92.33930
164.95000,11.82854,92.33788
165.00000,11.82620,92.33646
165.05000,11.82232,92.33501
165.10000,11.81943,92.33355
165.15000,11.81799,92.33209
165.20000,11.81653,92.33063
165.25000,11.81488,92.32915
165.30000,11.81380,92.32767
165.35000,11.81485,92.32620
165.40000,11.82047,92.32475
165.45000,11.82600,92.32332
165.50000,11.82983,92.32191
165.55000,11.83018,92.32049
165.60000,11.83035,92.31908
165.65000,11.83019,92.31767
165.70000,11.82851,92.31625
165.75000,11.82935,92.31483
165.80000,11.82826,92.31341
165.85000,11.82666,92.31198
165.90000,11.82492,92.31055
165.95000,11.82340,92.30910
166.00000,11.82174,92.30766
166.05000,11.82214,92.30621
166.10000,9.00000,92.28761
166.15000,11.48110,92.28475
166.20000,11.60052,92.28237
166.25000,11.59296,92.27995
166.30000,12.07191,92.27949
166.35000,9.00000,92.26018
166.40000,12.07116,92.25970
166.45000,11.84450,92.25836
166.50000,9.00000,92.23871
166.55000,12.07023,92.23824
166.60000,11.83537,92.23686
166.65000,11.83535,92.23548
166.70000,11.83307,92.23410
166.75000,11.83153,92.23270
166.80000,11.82997,92.23131
166.85000,11.83006,92.22991
166.90000,9.00000,92.20985
166.95000,11.60086,92.20750
167.00000,12.06958,92.20703
167.05000,11.83327,92.20565
167.10000,11.83344,92.20427
167.15000,11.82758,92.20287
167.20000,9.00000,92.18262
167.25000,12.06857,92.18215
167.30000,11.82582,92.18075
167.35000,11.82664,92.17935
167.40000,9.00000,92.15897
167.45000,12.06756,92.15850
167.50000,11.83335,92.15714
167.55000,11.83137,92.15576
167.60000,9.00000,92.13515
167.65000,12.06662,92.13469
167.70000,11.83127,92.13332
167.75000,11.82740,92.13194
167.80000,11.82599,92.13054
167.85000,9.00000,92.10968
167.90000,12.06559,92.10923
167.95000,9.00000,92.08832
168.00000,12.06423,92.08786
168.05000,11.81947,92.08646
168.10000,9.00000,92.06549
168.15000,12.06287,92.06503
168.20000,11.82188,92.06364
168.25000,11.82363,92.06226
168.30000,11.82754,92.06089
168.35000,11.83044,92.05953
168.40000,11.82917,92.05817
168.45000,11.82743,92.05680
168.50000,11.82609,92.05543
168.55000,11.82546,92.05405
168.60000,11.82288,92.05267
168.65000,9.00000,92.03123
168.70000,12.06254,92.03078
168.75000,9.00000,92.00930
168.80000,12.06107,92.00885
168.85000,11.81084,92.00743
168.90000,11.80966,92.00600
168.95000,11.80890,92.00458
169.00000,11.81099,92.00316
169.05000,11.80565,92.00172
169.10000,9.00000,91.98016
169.15000,11.59776,91.97783
169.20000,11.59422,91.97549
169.25000,11.58333,91.97311
169.30000,12.06005,91.97266
169.35000,11.81873,91.97128
169.40000,11.81035,91.96986
169.45000,11.80074,91.96841
169.50000,11.79201,91.96693
169.55000,11.78718,91.96542
169.60000,11.78347,91.96391
169.65000,11.78019,91.96237
169.70000,11.77728,91.96083
169.75000,9.00000,91.93876
169.80000,11.58622,91.93639
169.85000,11.59161,91.93405
169.90000,11.59345,91.93172
169.95000,12.05885,91.93127
170.00000,11.77835,91.92974
170.05000,9.00000,91.90762
170.10000,12.05746,91.90718
170.15000,9.00000,91.88497
170.20000,11.59167,91.88264
170.25000,12.05593,91.88219
170.30000,11.68975,91.88026
170.35000,11.67173,91.87825
170.40000,9.00000,91.85600
170.45000,11.58220,91.85365
170.50000,11.58058,91.85128
170.55000,11.57595,91.84889
170.60000,11.57804,91.84652
170.65000,11.57037,91.84412
170.70000,11.57651,91.84174
170.75000,11.57748,91.83936
170.80000,12.05348,91.83891
170.85000,11.53647,91.83637
170.90000,11.53827,91.83385
170.95000,11.54088,91.83132
171.00000,11.54341,91.82881
171.05000,11.54593,91.82632
171.10000,11.54847,91.82382
171.15000,11.55103,91.82134
171.20000,11.55352,91.81888
171.25000,11.55580,91.81642
171.30000,11.55879,91.81397
171.35000,11.56205,91.81154
171.40000,11.56549,91.80912
171.45000,11.56893,91.80671
171.50000,11.57272,91.80432
171.55000,11.57617,91.80195
171.60000,11.57903,91.79958
171.65000,11.58197,91.79723
171.70000,11.58449,91.79488
171.75000,11.58768,91.79256
171.80000,11.59101,91.79025
171.85000,11.59458,91.78794
171.90000,11.59785,91.78565
171.95000,11.60112,91.78338
172.00000,11.60436,91.78112
172.05000,11.60678,91.77886
172.10000,11.60989,91.77663
172.15000,11.61301,91.77440
172.20000,11.61616,91.77219
172.25000,11.61933,91.76999
172.30000,11.62246,91.76780
172.35000,11.62566,91.76562
172.40000,11.62888,91.76347
172.45000,11.63212,91.76131
172.50000,11.63537,91.75918
172.55000,11.63857,91.75706
172.60000,9.00000,91.73517
172.65000,11.59924,91.73289
172.70000,11.60214,91.73064
172.75000,11.60408,91.72839
172.80000,11.60606,91.72614
172.85000,11.60799,91.72391
172.90000,11.60976,91.72167
172.95000,11.61118,91.71945
173.00000,11.61215,91.71723
173.05000,11.61256,91.71501
173.10000,11.61224,91.71280
173.15000,11.61083,91.71057
173.20000,11.60785,91.70834
173.25000,11.60331,91.70609
173.30000,11.59604,91.70380
173.35000,12.04883,91.70335
173.40000,11.61870,91.70116
173.45000,11.60559,91.69892
173.50000,11.60462,91.69667
173.55000,11.60808,91.69444
173.60000,11.61172,91.69222
173.65000,11.61532,91.69002
173.70000,11.61861,91.68783
173.75000,11.62197,91.68565
173.80000,11.62536,91.68349
173.85000,9.00000,91.66132
173.90000,11.58607,91.65901
173.95000,11.73779,91.65737
174.00000,11.75214,91.65579
174.05000,11.74684,91.65419
174.10000,11.74328,91.65257
174.15000,11.73813,91.65093
174.20000,11.73794,91.64930
174.25000,11.73538,91.64765
174.30000,11.73474,91.64600
174.35000,11.73233,91.64434
174.40000,11.73096,91.64268
174.45000,11.72978,91.64101
174.50000,11.72738,91.63934
174.55000,11.72561,91.63765
174.60000,11.72510,91.63596
174.65000,11.72445,91.63428
174.70000,11.72330,91.63258
174.75000,11.72059,91.63088
174.80000,11.72093,91.62918
174.85000,11.71854,91.62747
174.90000,11.71835,91.62576
174.95000,11.71678,91.62404
175.00000,11.71438,91.62224
175.05000,11.71508,91.62045
175.10000,11.71311,91.61864
175.15000,11.71313,91.61684
175.20000,11.71166,91.61502
175.25000,11.71114,91.61321
175.30000,11.71076,91.61140
175.35000,11.70922,91.60958
175.40000,11.70787,91.60775
175.45000,11.70693,91.60593
175.50000,11.70544,91.60409
175.55000,11.70437,91.60225
175.60000,11.70292,91.60041
175.65000,11.70196,91.59856
175.70000,11.70091,91.59671
175.75000,11.69947,91.59485
175.80000,11.69839,91.59299
175.85000,11.69749,91.59113
175.90000,11.69639,91.58926
175.95000,11.69503,91.58738
176.00000,11.69411,91.58550
176.05000,12.04520,91.58505
176.10000,11.79786,91.58365
176.15000,11.79722,91.58224
176.20000,11.79477,91.58083
176.25000,11.79421,91.57941
176.30000,11.79446,91.57799
176.35000,11.79515,91.57658
176.40000,11.79594,91.57516
176.45000,11.79674,91.57375
176.50000,11.79749,91.57235
176.55000,11.79823,91.57095
176.60000,11.79894,91.56954
176.65000,11.79873,91.56814
176.70000,11.79684,91.56673
176.75000,11.79416,91.56532
176.80000,11.79146,91.56388
176.85000,11.78838,91.56245
176.90000,11.78590,91.56100
176.95000,11.78558,91.55954
177.00000,11.78561,91.55809
177.05000,11.78554,91.55664
177.10000,11.78501,91.55518
177.15000,11.78450,91.55373
177.20000,11.78399,91.55228
177.25000,11.78349,91.55081
177.30000,11.78193,91.54935
177.35000,11.77828,91.54787
177.40000,11.77701,91.54639
177.45000,11.77523,91.54489
177.50000,11.77376,91.54340
177.55000,11.77237,91.54190
177.60000,11.77107,91.54039
177.65000,11.76986,91.53888
177.70000,11.76872,91.53736
177.75000,11.76764,91.53584
177.80000,11.76662,91.53432
177.85000,11.76571,91.53280
177.90000,11.76506,91.53127
177.95000,11.76394,91.52973
178.00000,11.76303,91.52820
178.05000,11.76220,91.52666
178.10000,11.76139,91.52512
178.15000,11.76060,91.52357
178.20000,11.75984,91.52202
178.25000,11.75910,91.52047
178.30000,11.75837,91.51891
178.35000,11.75766,91.51736
178.40000,11.75697,91.51580
178.45000,11.75630,91.51424
178.50000,11.75565,91.51267
178.55000,11.75504,91.51110
178.60000,11.75522,91.50954
178.65000,11.75549,91.50797
178.70000,11.75638,91.50642
178.75000,11.75642,91.50485
178.80000,11.75670,91.50329
178.85000,11.75698,91.50173
178.90000,11.75727,91.50018
178.95000,11.75761,91.49862
179.00000,11.75797,91.49706
179.05000,11.75838,91.49551
179.10000,11.75869,91.49396
179.15000,11.75905,91.49241
179.20000,11.75941,91.49086
179.25000,11.75979,91.48931
179.30000,11.76020,91.48777
179.35000,11.76062,91.48622
179.40000,11.76106,91.48468
179.45000,9.00000,91.46340
179.50000,11.71666,91.46170
179.55000,11.71709,91.45999
179.60000,11.71728,91.45829
179.65000,11.71748,91.45659
179.70000,11.71769,91.45489
179.75000,11.71791,91.45319
179.80000,11.71813,91.45148
179.85000,11.71876,91.44979
179.90000,11.71894,91.44809
179.95000,11.71916,91.44640
180.00000,11.71937,91.44470
180.05000,11.71960,91.44301
180.10000,11.71982,91.44131
180.15000,11.72006,91.43962
180.20000,11.72031,91.43793
180.25000,11.72057,91.43624
180.30000,11.72085,91.43456
180.35000,11.72112,91.43287
180.40000,11.72141,91.43118
180.45000,11.72170,91.42950
180.50000,11.72199,91.42782
180.55000,11.72228,91.42613
180.60000,11.72256,91.42445
180.65000,11.72283,91.42277
180.70000,11.72311,91.42109
180.75000,11.72338,91.41942
180.80000,11.72366,91.41774
180.85000,11.72396,91.41606
180.90000,11.72425,91.41439
180.95000,11.72455,91.41271
181.00000,11.72485,91.41104
181.05000,11.72516,91.40937
181.10000,11.72587,91.40771
181.15000,11.72617,91.40604
181.20000,11.72650,91.40437
181.25000,11.72684,91.40271
181.30000,11.72717,91.40105
181.35000,11.72749,91.39939
181.40000,11.72780,91.39773
181.45000,11.72810,91.39607
181.50000,11.72840,91.39442
181.55000,11.72870,91.39276
181.60000,11.72900,91.39111
181.65000,11.72930,91.38945
181.70000,11.72961,91.38779
181.75000,11.72992,91.38615
181.80000,11.73024,91.38450
181.85000,11.73057,91.38285
181.90000,11.73093,91.38120
181.95000,11.73129,91.37955
182.00000,11.73166,91.37791
182.05000,11.73205,91.37627
182.10000,11.73243,91.37463
182.15000,11.73283,91.37299
182.20000,11.73320,91.37135
182.25000,11.73357,91.36972
182.30000,11.73393,91.36809
182.35000,11.73429,91.36646
182.40000,11.73498,91.36482
182.45000,11.73519,91.36319
182.50000,11.73542,91.36156
182.55000,11.73564,91.35994
182.60000,11.73586,91.35831
182.65000,11.73609,91.35668
182.70000,11.73635,91.35506
182.75000,11.73667,91.35344
182.80000,11.73705,91.35181
182.85000,11.73746,91.35020
182.90000,11.73789,91.34858
182.95000,11.73833,91.34696
183.00000,11.73880,91.34534
183.05000,11.73929,91.34373
183.10000,11.73979,91.34212
183.15000,11.74022,91.34052
183.20000,11.74057,91.33891
183.25000,11.74081,91.33730
183.30000,11.74099,91.33569
183.35000,11.74113,91.33409
183.40000,11.74130,91.33248
183.45000,11.74156,91.33088
183.50000,11.74197,91.32928
183.55000,11.74261,91.32768
183.60000,11.74334,91.32609
183.65000,11.74464,91.32449
183.70000,11.74554,91.32291
183.75000,11.74664,91.32132
183.80000,11.74802,91.31975
183.85000,11.74979,91.31818
183.90000,11.74865,91.31660
183.95000,11.74505,91.31501
184.00000,11.74105,91.31341
184.05000,12.04110,91.31296
184.10000,11.78090,91.31151
184.15000,11.77684,91.31004
184.20000,9.00000,91.28846
184.25000,11.74403,91.28687
184.30000,11.74640,91.28529
184.35000,11.74501,91.28371
184.40000,11.73860,91.28210
184.45000,12.03959,91.28166
184.50000,11.67689,91.27974
184.55000,11.60616,91.27753
184.60000,11.60202,91.27531
184.65000,11.59981,91.27309
184.70000,11.60151,91.27086
184.75000,11.60306,91.26865
184.80000,11.60381,91.26643
184.85000,11.60452,91.26423
184.90000,11.60586,91.26202
184.95000,11.60757,91.25983
185.00000,11.61030,91.25764
185.05000,11.61072,91.25546
185.10000,11.61709,91.25330
185.15000,11.62863,91.25119
185.20000,11.64910,91.24916
185.25000,11.67507,91.24724
185.30000,11.68312,91.24534
185.35000,11.68786,91.24347
185.40000,11.70411,91.24165
185.45000,11.70259,91.23984
185.50000,11.70917,91.23812
185.55000,9.00000,91.21641
185.60000,12.03690,91.21596
185.65000,11.77335,91.21449
185.70000,11.76990,91.21302
185.75000,11.76746,91.21153
185.80000,11.76514,91.21004
185.85000,11.76196,91.20853
185.90000,11.75729,91.20700
185.95000,11.75220,91.20546
186.00000,11.74768,91.20390
186.05000,11.74543,91.20232
186.10000,11.74436,91.20074
186.15000,11.74375,91.19917
186.20000,11.74278,91.19759
186.25000,11.74232,91.19601
186.30000,11.74153,91.19442
186.35000,11.74067,91.19283
186.40000,11.74009,91.19125
186.45000,11.73889,91.18964
186.50000,11.73865,91.18805
186.55000,11.73874,91.18645
186.60000,11.73929,91.18486
186.65000,11.73927,91.18327
186.70000,11.73911,91.18168
186.75000,11.73906,91.18008
186.80000,11.73915,91.17849
186.85000,11.73923,91.17690
186.90000,11.73890,91.17530
186.95000,11.73850,91.17371
187.00000,11.73812,91.17210
187.05000,11.73814,91.17051
187.10000,11.73830,91.16891
187.15000,11.73847,91.16732
187.20000,11.73863,91.16573
187.25000,11.73890,91.16413
187.30000,11.73920,91.16254
187.35000,11.73990,91.16095
187.40000,11.73967,91.15936
187.45000,11.73993,91.15777
187.50000,11.73862,91.15617
187.55000,11.73273,91.15456
187.60000,11.73315,91.15294
187.65000,11.73386,91.15133
187.70000,11.73449,91.14972
187.75000,11.73508,91.14811
187.80000,11.73565,91.14651
187.85000,11.73623,91.14491
187.90000,11.73677,91.14330
187.95000,11.73730,91.14170
188.00000,11.73795,91.14011
188.05000,11.73860,91.13851
188.10000,11.73919,91.13692
188.15000,11.73971,91.13533
188.20000,11.74014,91.13374
188.25000,11.74062,91.13216
188.30000,11.74120,91.13058
188.35000,11.74234,91.12900
188.40000,11.74280,91.12742
188.45000,11.74357,91.12585
188.50000,11.74430,91.12428
188.55000,9.00000,91.10287
188.60000,11.70009,91.10107
188.65000,11.70065,91.09926
188.70000,11.70084,91.09745
188.75000,11.70116,91.09565
188.80000,11.70147,91.09385
188.85000,11.70182,91.09205
188.90000,11.70217,91.09025
188.95000,11.70252,91.08845
189.00000,11.70287,91.08665
189.05000,11.70343,91.08486
189.10000,11.70375,91.08307
189.15000,11.70408,91.08135
189.20000,11.70443,91.07964
189.25000,11.70481,91.07792
189.30000,11.70521,91.07621
189.35000,11.70562,91.07449
189.40000,11.70600,91.07278
189.45000,11.70636,91.07108
189.50000,11.70670,91.06937
189.55000,11.70703,91.06767
189.60000,11.70736,91.06596
189.65000,11.70770,91.06426
189.70000,11.70809,91.06256
189.75000,11.70856,91.06087
189.80000,11.70900,91.05917
189.85000,11.70954,91.05747
189.90000,11.71008,91.05578
189.95000,11.71083,91.05409
190.00000,11.71132,91.05241
190.05000,11.71171,91.05072
190.10000,11.71203,91.04903
190.15000,11.71229,91.04735
190.20000,11.71260,91.04567
190.25000,11.71292,91.04399
190.30000,11.71331,91.04231
190.35000,11.71377,91.04063
190.40000,11.71416,91.03896
190.45000,11.71438,91.03728
190.50000,11.71462,91.03561
190.55000,11.71493,91.03394
190.60000,11.71542,91.03226
190.65000,11.71597,91.03060
190.70000,11.71653,91.02893
190.75000,11.71731,91.02727
190.80000,11.71774,91.02561
190.85000,11.71814,91.02395
190.90000,11.71843,91.02229
190.95000,11.71866,91.02064
191.00000,11.71908,91.01898
191.05000,11.71954,91.01733
191.10000,11.72007,91.01567
191.15000,11.72065,91.01402
191.20000,11.72048,91.01237
191.25000,11.71981,91.01072
191.30000,11.71894,91.00906
191.35000,11.71831,91.00741
191.40000,11.71847,91.00575
191.45000,11.71904,91.00410
191.50000,11.71977,91.00245
191.55000,11.72050,91.00080
191.60000,11.72146,90.99915
191.65000,11.72215,90.99751
191.70000,11.72289,90.99587
191.75000,11.72362,90.99423
191.80000,11.72436,90.99260
191.85000,11.72510,90.99097
191.90000,11.72507,90.98934
191.95000,11.72444,90.98771
192.00000,11.72397,90.98607
192.05000,11.58147,90.98380
192.10000,11.59191,90.98157
192.15000,11.59061,90.97933
192.20000,11.58901,90.97710
192.25000,11.59065,90.97486
192.30000,11.59111,90.97263
192.35000,11.59116,90.97040
192.40000,11.59284,90.96817
192.45000,11.59388,90.96595
192.50000,11.59509,90.96373
192.55000,11.59561,90.96152
192.60000,11.59759,90.95931
192.65000,11.59928,90.95712
192.70000,11.59972,90.95493
192.75000,11.60137,90.95274
192.80000,11.60235,90.95055
192.85000,11.60417,90.94837
192.90000,12.03069,90.94792
192.95000,11.59677,90.94572
193.00000,11.59001,90.94348
193.05000,11.58465,90.94123
193.10000,11.58191,90.93896
193.15000,11.58043,90.93669
193.20000,9.00000,90.91467
193.25000,11.62141,90.91257
193.30000,11.61501,90.91044
193.35000,11.61109,90.90829
193.40000,11.60819,90.90614
193.45000,11.60774,90.90399
193.50000,11.60832,90.90184
193.55000,11.60944,90.89969
193.60000,12.02811,90.89925
193.65000,9.00000,90.87727
193.70000,12.02652,90.87682
193.75000,11.55404,90.87447
193.80000,11.55241,90.87209
193.85000,11.55286,90.86973
193.90000,11.55301,90.86736
193.95000,11.55136,90.86500
194.00000,11.54608,90.86260
194.05000,11.53552,90.86017
194.10000,11.52608,90.85770
194.15000,11.52549,90.85522
194.20000,11.52723,90.85276
194.25000,11.52896,90.85030
194.30000,11.53076,90.84785
194.35000,11.53252,90.84541
194.40000,11.52812,90.84295
194.45000,11.50872,90.84042
194.50000,11.62583,90.83834
194.55000,11.68860,90.83652
194.60000,11.69607,90.83481
194.65000,11.69949,90.83310
194.70000,11.70263,90.83141
194.75000,11.70555,90.82973
194.80000,11.70661,90.82806
194.85000,11.70644,90.82638
194.90000,11.70583,90.82470
194.95000,11.70527,90.82302
195.00000,11.70479,90.82133
195.05000,11.70439,90.81966
195.10000,11.70436,90.81797
195.15000,11.70520,90.81629
195.20000,11.70639,90.81461
195.25000,11.70798,90.81294
195.30000,11.70900,90.81128
195.35000,11.71008,90.80962
195.40000,11.71101,90.80796
195.45000,11.71182,90.80630
195.50000,11.71270,90.80465
195.55000,11.71391,90.80301
195.60000,11.71449,90.80136
195.65000,11.71470,90.79972
195.70000,11.71474,90.79807
195.75000,11.71469,90.79643
195.80000,11.71452,90.79479
195.85000,11.71434,90.79314
195.90000,11.71421,90.79150
195.95000,11.71442,90.78986
196.00000,11.71516,90.78822
196.05000,11.71562,90.78658
196.10000,11.71624,90.78494
196.15000,11.71672,90.78331
196.20000,11.71720,90.78168
196.25000,11.71768,90.78004
196.30000,11.71814,90.77841
196.35000,11.71869,90.77679
196.40000,11.71931,90.77516
196.45000,11.71989,90.77354
196.50000,11.72039,90.77193
196.55000,11.72078,90.77030
196.60000,11.72116,90.76869
196.65000,11.72154,90.76707
196.70000,11.72183,90.76546
196.75000,11.72233,90.76385
196.80000,11.72263,90.76224
196.85000,11.72318,90.76063
196.90000,11.72376,90.75903
196.95000,11.72435,90.75742
197.00000,11.72495,90.75582
197.05000,11.72557,90.75422
197.10000,11.72620,90.75262
197.15000,11.72682,90.75103
197.20000,11.72746,90.74944
197.25000,11.72810,90.74785
197.30000,11.72875,90.74626
197.35000,11.72944,90.74468
197.40000,11.73033,90.74310
197.45000,11.73086,90.74152
197.50000,11.73879,90.73997
197.55000,9.00000,90.71850
197.60000,11.68841,90.71669
197.65000,11.68883,90.71488
197.70000,11.68901,90.71308
197.75000,11.68925,90.71127
197.80000,11.68951,90.70947
197.85000,11.68973,90.70767
197.90000,11.63523,90.70565
197.95000,11.64482,90.70367
198.00000,11.64333,90.70168
198.05000,11.68315,90.69985
198.10000,11.69254,90.69814
198.15000,11.69012,90.69634
198.20000,11.68917,90.69453
198.25000,11.68895,90.69273
198.30000,11.68914,90.69093
198.35000,11.68936,90.68913
198.40000,11.68960,90.68732
198.45000,11.68984,90.68552
198.50000,11.69011,90.68372
198.55000,11.69038,90.68193
198.60000,11.69075,90.68014
198.65000,11.69104,90.67834
198.70000,11.69133,90.67654
198.75000,11.69162,90.67483
198.80000,11.69191,90.67311
198.85000,11.69220,90.67139
198.90000,11.63574,90.66938
198.95000,11.64551,90.66740
199.00000,11.64343,90.66542
199.05000,11.68545,90.66361
199.10000,11.69460,90.66190
199.15000,11.69241,90.66019
199.20000,11.69199,90.65848
199.25000,11.69230,90.65676
199.30000,11.69256,90.65504
199.35000,11.69283,90.65334
199.40000,11.69310,90.65163
199.45000,11.69338,90.64992
199.50000,11.69366,90.64821
199.55000,11.69387,90.64650
199.60000,11.57864,90.64426
199.65000,11.68085,90.64243
199.70000,11.69689,90.64073
199.75000,11.57481,90.63848
199.80000,11.58979,90.63629
199.85000,11.58849,90.63409
199.90000,11.58876,90.63189
199.95000,11.58842,90.62969
200.00000,11.58788,90.62749
200.05000,11.59060,90.62531
200.10000,11.59116,90.62312
200.15000,11.59133,90.62093
200.20000,11.59288,90.61875
200.25000,11.59510,90.61658
200.30000,11.59541,90.61441
200.35000,11.59659,90.61225
200.40000,12.01956,90.61180
200.45000,9.00000,90.58983
200.50000,12.01805,90.58939
200.55000,11.72688,90.58781
200.60000,11.72366,90.58623
200.65000,11.72192,90.58464
200.70000,11.72122,90.58305
200.75000,11.72099,90.58145
200.80000,11.72129,90.57986
200.85000,11.72169,90.57827
200.90000,9.00000,90.55631
200.95000,11.60314,90.55418
201.00000,11.59958,90.55205
201.05000,12.01615,90.55160
201.10000,9.00000,90.52965
201.15000,12.01460,90.52921
201.20000,11.72478,90.52764
201.25000,11.72300,90.52606
201.30000,11.72232,90.52449
201.35000,11.72206,90.52291
201.40000,11.72197,90.52134
201.45000,11.72171,90.51976
201.50000,11.72157,90.51818
201.55000,11.72152,90.51660
201.60000,9.00000,90.49467
201.65000,11.59860,90.49255
201.70000,11.59760,90.49041
201.75000,11.59663,90.48827
201.80000,11.59683,90.48614
201.85000,11.59696,90.48400
201.90000,12.01254,90.48356
201.95000,11.72174,90.48199
202.00000,11.71781,90.48040
202.05000,11.71473,90.47881
202.10000,11.71291,90.47720
202.15000,11.71251,90.47559
202.20000,11.71271,90.47399
202.25000,11.71273,90.47239
202.30000,11.71275,90.47078
202.35000,11.71285,90.46918
202.40000,9.00000,90.44728
202.45000,12.01080,90.44684
202.50000,11.71477,90.44524
202.55000,11.71422,90.44365
202.60000,11.71436,90.44206
202.65000,9.00000,90.42017
202.70000,11.59990,90.41805
202.75000,11.59708,90.41593
202.80000,12.00904,90.41549
202.85000,9.00000,90.39358
202.90000,11.59466,90.39146
202.95000,11.59364,90.38933
203.00000,12.00740,90.38889
203.05000,9.00000,90.36697
203.10000,12.00587,90.36652
203.15000,11.71564,90.36496
203.20000,9.00000,90.34290
203.25000,11.54909,90.34061
203.30000,12.00424,90.34016
203.35000,9.00000,90.32650
203.40000,9.47358,90.31595
203.45000,11.97855,90.31541
203.50000,9.25006,90.30397
203.55000,11.97393,90.30342
203.60000,11.38363,90.30048
203.65000,10.12634,90.29253
203.70000,11.97072,90.29195
203.75000,11.97638,90.29142
203.80000,11.60789,90.28938
203.85000,10.98250,90.28484
203.90000,11.83567,90.28374
203.95000,11.60469,90.28168
204.00000,11.44697,90.27900
204.05000,10.32984,90.27187
204.10000,11.97375,90.27132
204.15000,11.64549,90.26942
204.20000,11.59337,90.26733
204.25000,11.64005,90.26541
204.30000,11.48979,90.26289
204.35000,9.41262,90.25211
204.40000,11.47585,90.24955
204.45000,11.57849,90.24739
204.50000,11.56610,90.24519
204.55000,11.96439,90.24459
204.60000,11.97400,90.24405
204.65000,11.73755,90.24259
204.70000,11.47750,90.24003
204.75000,11.59144,90.23793
204.80000,11.15926,90.23410
204.85000,11.77312,90.23278
204.90000,11.51661,90.23038
204.95000,11.78292,90.22909
205.00000,11.40197,90.22623
205.05000,11.62084,90.22425
205.10000,11.51932,90.22186
205.15000,11.51681,90.21946
205.20000,11.52580,90.21709
205.25000,11.53193,90.21476
205.30000,11.44409,90.21207
205.35000,11.43182,90.20934
205.40000,11.21584,90.20573
205.45000,11.32479,90.20258
205.50000,11.70902,90.20101
205.55000,11.76827,90.19968
205.60000,11.73514,90.19821
205.65000,11.54003,90.19591
205.70000,11.44587,90.19323
205.75000,11.55649,90.19099
205.80000,11.63188,90.18905
205.85000,11.52806,90.18670
205.90000,11.44376,90.18401
205.95000,11.40504,90.18118
206.00000,11.40387,90.17833
206.05000,11.31173,90.17513
206.10000,11.85949,90.17413
206.15000,11.70448,90.17256
206.20000,11.58872,90.17045
206.25000,11.37638,90.16750
206.30000,11.61689,90.16550
206.35000,11.30299,90.16226
206.40000,11.59380,90.16018
206.45000,11.47631,90.15762
206.50000,11.70440,90.15605
206.55000,11.43396,90.15333
206.60000,11.60642,90.15129
206.65000,11.10258,90.14725
206.70000,11.65638,90.14542
206.75000,11.26487,90.14203
206.80000,11.54266,90.13974
206.85000,11.50687,90.13731
206.90000,11.84985,90.13630
206.95000,11.73294,90.13483
207.00000,11.34585,90.13176
207.05000,11.44386,90.12908
207.10000,11.62755,90.12714
207.15000,11.67382,90.12545
207.20000,11.69668,90.12385
207.25000,11.50155,90.12140
207.30000,11.51157,90.11900
207.35000,11.19177,90.11531
207.40000,11.18791,90.11162
207.45000,11.33139,90.10850
207.50000,11.94406,90.10784
207.55000,11.86527,90.10688
207.60000,11.66150,90.10507
207.65000,11.65249,90.10323
207.70000,11.40384,90.10040
207.75000,11.52098,90.09803
207.80000,11.69525,90.09643
207.85000,11.39294,90.09355
207.90000,11.66347,90.09175
207.95000,11.36966,90.08878
208.00000,11.50263,90.08634
208.05000,11.21689,90.08276
208.10000,11.67109,90.08107
208.15000,11.80846,90.07990
208.20000,11.45287,90.07726
208.25000,11.70285,90.07569
208.30000,11.44643,90.07303
208.35000,11.51688,90.07066
208.40000,11.70869,90.06910
208.45000,11.47709,90.06657
208.50000,11.46336,90.06397
208.55000,11.36965,90.06100
208.60000,11.46086,90.05840
208.65000,11.95595,90.05780
208.70000,11.53940,90.05551
208.75000,11.40571,90.05269
208.80000,11.20055,90.04906
208.85000,11.68206,90.04741
208.90000,10.84010,90.04234
208.95000,11.66390,90.04062
209.00000,11.97448,90.04010
209.05000,11.67546,90.03843
209.10000,11.69266,90.03683
209.15000,11.72400,90.03534
209.20000,11.50850,90.03293
209.25000,11.16917,90.02917
209.30000,10.98920,90.02470
209.35000,11.87678,90.02379
209.40000,11.97781,90.02329
209.45000,11.64256,90.02142
209.50000,11.65542,90.01959
209.55000,11.18561,90.01590
209.60000,9.23888,90.00446
209.65000,10.71879,89.99892
209.70000,11.58449,89.99681
209.75000,11.58196,89.99471
209.80000,11.58097,89.99259
209.85000,11.57740,89.99046
209.90000,11.57286,89.98832
209.95000,11.96303,89.98777
210.00000,11.97519,89.98727
210.05000,11.98364,89.98679
210.10000,11.13695,89.98291
210.15000,10.42166,89.97618
210.20000,10.99754,89.97175
210.25000,11.97192,89.97124
210.30000,11.97651,89.97074
210.35000,11.98434,89.97027
210.40000,10.11226,89.96231
210.45000,10.34756,89.95529
210.50000,10.75414,89.94989
210.55000,11.26261,89.94652
210.60000,11.96982,89.94601
210.65000,11.97396,89.94550
210.70000,11.74334,89.94410
210.75000,9.00000,89.92835
210.80000,11.58082,89.92625
210.85000,11.57855,89.92414
210.90000,11.57740,89.92203
210.95000,11.62537,89.92010
211.00000,11.97851,89.91962
211.05000,9.00000,89.90293
211.10000,11.34470,89.89989
211.15000,11.59159,89.89784
211.20000,11.59013,89.89578
211.25000,11.58958,89.89372
211.30000,11.58873,89.89166
211.35000,11.94816,89.89105
211.40000,10.87445,89.88615
211.45000,11.58703,89.88408
211.50000,11.58443,89.88200
211.55000,11.58225,89.87991
211.60000,11.58012,89.87782
211.65000,11.57901,89.87572
211.70000,11.57753,89.87361
211.75000,11.57700,89.87150
211.80000,11.98600,89.87106
211.85000,11.64373,89.86921
211.90000,11.64380,89.86737
211.95000,9.00000,89.84550
212.00000,11.60315,89.84350
212.05000,11.60107,89.84150
212.10000,11.59893,89.83949
212.15000,11.59760,89.83746
212.20000,11.98423,89.83702
212.25000,11.64570,89.83519
212.30000,11.64121,89.83334
212.35000,11.63766,89.83149
212.40000,11.63443,89.82961
212.45000,11.63132,89.82773
212.50000,11.62831,89.82584
212.55000,9.00000,89.80387
212.60000,11.98249,89.80342
212.65000,11.62430,89.80152
212.70000,9.00000,89.77955
212.75000,11.98092,89.77911
212.80000,9.00000,89.75712
212.85000,11.57630,89.75504
212.90000,11.57445,89.75294
212.95000,11.57243,89.75085
213.00000,11.97924,89.75040
213.05000,9.00000,89.72841
213.10000,11.57491,89.72633
213.15000,11.97766,89.72588
213.20000,11.61541,89.72396
213.25000,11.61070,89.72202
213.30000,11.60708,89.72006
213.35000,9.00000,89.69811
213.40000,11.97601,89.69766
213.45000,9.00000,89.67570
213.50000,11.57611,89.67363
213.55000,11.97444,89.67319
213.60000,9.00000,89.65121
213.65000,11.57188,89.64913
213.70000,11.57218,89.64706
213.75000,11.57086,89.64497
213.80000,11.57161,89.64290
213.85000,11.57229,89.64082
213.90000,11.97266,89.64038
213.95000,11.59813,89.63841
214.00000,11.59260,89.63642
214.05000,11.58835,89.63441
214.10000,11.58525,89.63239
214.15000,11.58261,89.63036
214.20000,11.58072,89.62832
214.25000,11.57985,89.62627
214.30000,11.58002,89.62424
214.35000,9.00000,89.60232
214.40000,11.58266,89.60029
214.45000,11.57932,89.59825
214.50000,11.57700,89.59621
214.55000,11.57665,89.59416
214.60000,11.57541,89.59211
214.65000,11.57753,89.59007
214.70000,11.57813,89.58802
214.75000,11.97043,89.58758
214.80000,11.58048,89.58554
214.85000,11.57471,89.58349
214.90000,11.57012,89.58141
214.95000,11.56699,89.57933
215.00000,11.56442,89.57724
215.05000,11.56228,89.57513
215.10000,11.56078,89.57302
215.15000,11.56027,89.57092
215.20000,9.00000,89.54905
215.25000,11.59166,89.54707
215.30000,11.58717,89.54507
215.35000,11.58505,89.54307
215.40000,11.58408,89.54105
215.45000,11.58425,89.53905
215.50000,11.58442,89.53704
215.55000,11.58526,89.53503
215.60000,11.96819,89.53459
215.65000,11.56357,89.53250
215.70000,11.55795,89.53039
215.75000,11.55346,89.52826
215.80000,11.55107,89.52612
215.85000,11.55041,89.52398
215.90000,11.55117,89.52184
215.95000,9.00000,89.49999
216.00000,11.59188,89.49802
216.05000,11.58677,89.49603
216.10000,11.58407,89.49403
216.15000,11.58248,89.49202
216.20000,11.58205,89.49001
216.25000,11.58286,89.48801
216.30000,11.58353,89.48601
216.35000,11.58306,89.48400
216.40000,11.96599,89.48356
216.45000,11.55616,89.48145
216.50000,11.55031,89.47931
216.55000,11.54480,89.47716
216.60000,11.53920,89.47498
216.65000,11.53343,89.47278
216.70000,11.52751,89.47055
216.75000,11.52145,89.46831
216.80000,11.51530,89.46603
216.85000,11.50900,89.46374
216.90000,11.50258,89.46141
216.95000,11.49603,89.45906
217.00000,11.49000,89.45669
217.05000,11.48507,89.45430
217.10000,11.48160,89.45190
217.15000,11.47939,89.44948
217.20000,11.47859,89.44707
217.25000,9.00000,89.42540
217.30000,11.62488,89.42358
217.35000,11.61798,89.42172
217.40000,11.61281,89.41985
217.45000,11.60938,89.41795
217.50000,11.60705,89.41606
217.55000,11.60579,89.41415
217.60000,11.60468,89.41225
217.65000,11.60472,89.41034
217.70000,11.60467,89.40844
217.75000,11.60475,89.40653
217.80000,11.60469,89.40462
217.85000,11.60471,89.40272
217.90000,11.96218,89.40227
217.95000,11.53175,89.40007
218.00000,11.53142,89.39787
218.05000,11.53457,89.39569
218.10000,11.53796,89.39352
218.15000,11.53924,89.39135
218.20000,11.53919,89.38918
218.25000,11.53904,89.38702
218.30000,11.53879,89.38485
218.35000,11.53841,89.38268
218.40000,11.53798,89.38052
218.45000,11.53741,89.37834
218.50000,11.53674,89.37617
218.55000,11.53624,89.37399
218.60000,11.53526,89.37181
218.65000,11.53456,89.36963
218.70000,11.53622,89.36745
218.75000,11.53624,89.36528
218.80000,11.53297,89.36309
218.85000,11.53144,89.36090
218.90000,11.53005,89.35870
218.95000,11.52864,89.35649
219.00000,11.52728,89.35429
219.05000,11.52601,89.35207
219.10000,11.52478,89.34985
219.15000,11.52377,89.34763
219.20000,11.52277,89.34540
219.25000,11.52215,89.34317
219.30000,11.52177,89.34094
219.35000,11.52174,89.33871
219.40000,11.52204,89.33648
219.45000,11.52273,89.33426
219.50000,11.53807,89.33209
219.55000,11.56320,89.33003
219.60000,11.57773,89.32803
219.65000,11.58090,89.32603
219.70000,11.58390,89.32405
219.75000,11.58696,89.32208
219.80000,11.59007,89.32012
219.85000,11.59322,89.31818
219.90000,11.59639,89.31625
219.95000,11.59956,89.31433
220.00000,11.60271,89.31242
220.05000,11.60582,89.31053
220.10000,9.00000,89.29572
220.15000,11.94925,89.29523
220.20000,11.61741,89.29339
220.25000,11.61576,89.29154
220.30000,9.00000,89.27447
220.35000,11.76550,89.27327
220.40000,11.23136,89.26990
220.45000,11.72167,89.26853
220.50000,11.39705,89.26582
220.55000,11.58096,89.26383
220.60000,11.45323,89.26134
220.65000,11.52106,89.25912
220.70000,11.53487,89.25696
220.75000,11.53535,89.25480
220.80000,11.53602,89.25264
220.85000,11.53789,89.25049
220.90000,11.53766,89.24834
220.95000,11.53752,89.24619
221.00000,11.53899,89.24403
221.05000,11.54023,89.24190
221.10000,11.54181,89.23976
221.15000,11.54253,89.23763
221.20000,11.54385,89.23550
221.25000,11.54379,89.23338
221.30000,11.54659,89.23126
221.35000,11.54758,89.22915
221.40000,11.55075,89.22705
221.45000,11.55195,89.22495
221.50000,11.95407,89.22450
221.55000,11.63116,89.22279
221.60000,11.62656,89.22100
221.65000,11.62325,89.21919
221.70000,11.61915,89.21736
221.75000,11.61578,89.21552
221.80000,11.61479,89.21368
221.85000,9.00000,89.19299
221.90000,11.55746,89.19093
221.95000,11.55333,89.18884
222.00000,11.55360,89.18677
222.05000,11.54974,89.18467
222.10000,11.95298,89.18421
222.15000,11.64146,89.18256
222.20000,11.63652,89.18088
222.25000,11.63170,89.17918
222.30000,11.62715,89.17747
222.35000,11.62294,89.17567
222.40000,9.00000,89.15440
222.45000,11.55488,89.15233
222.50000,11.54927,89.15024
222.55000,11.55323,89.14816
222.60000,11.55111,89.14608
222.65000,11.54940,89.14399
222.70000,11.95295,89.14354
222.75000,11.59757,89.14165
222.80000,11.58679,89.13970
222.85000,11.57676,89.13773
222.90000,11.56798,89.13571
222.95000,11.55975,89.13366
223.00000,11.55218,89.13158
223.05000,11.54535,89.12948
223.10000,11.53962,89.12736
223.15000,9.00000,89.10560
223.20000,11.56489,89.10358
223.25000,11.55908,89.10154
223.30000,11.55773,89.09949
223.35000,11.55637,89.09743
223.40000,11.55337,89.09537
223.45000,11.55205,89.09330
223.50000,11.55304,89.09123
223.55000,11.55050,89.08916
223.60000,11.95111,89.08871
223.65000,11.52236,89.08652
223.70000,11.51515,89.08430
223.75000,11.50954,89.08207
223.80000,11.50487,89.07981
223.85000,11.50122,89.07755
223.90000,11.49956,89.07526
223.95000,11.49876,89.07298
224.00000,9.00000,89.05123
224.05000,11.56975,89.04924
224.10000,11.56530,89.04723
224.15000,11.56002,89.04520
224.20000,11.55663,89.04316
224.25000,11.55355,89.04111
224.30000,11.55277,89.03905
224.35000,11.55358,89.03699
224.40000,11.55468,89.03494
224.45000,11.55363,89.03289
224.50000,11.54986,89.03082
224.55000,11.94868,89.03037
224.60000,11.51176,89.02815
224.65000,11.50535,89.02591
224.70000,11.50038,89.02364
224.75000,11.49689,89.02136
224.80000,11.49508,89.01908
224.85000,9.00000,88.99735
224.90000,11.94684,88.99690
224.95000,9.00000,88.97516
225.00000,11.56118,88.97315
225.05000,11.55688,88.97112
225.10000,11.55371,88.96909
225.15000,11.55366,88.96705
225.20000,11.55403,88.96501
225.25000,11.55143,88.96296
225.30000,11.55242,88.96091
225.35000,11.55144,88.95887
225.40000,11.94497,88.95842
225.45000,11.50444,88.95618
225.50000,11.49847,88.95393
225.55000,11.49368,88.95165
225.60000,11.49044,88.94936
225.65000,11.48839,88.94706
225.70000,11.48726,88.94476
225.75000,9.00000,88.92307
225.80000,11.56711,88.92108
225.85000,11.56267,88.91909
225.90000,11.55630,88.91707
225.95000,11.55430,88.91504
226.00000,11.54830,88.91299
226.05000,11.54598,88.91093
226.10000,11.54358,88.90886
226.15000,11.54117,88.90678
226.20000,11.53906,88.90469
226.25000,11.53750,88.90260
226.30000,11.53756,88.90051
226.35000,11.53586,88.89840
226.40000,11.53751,88.89631
226.45000,11.53863,88.89422
226.50000,11.53828,88.89213
226.55000,11.53703,88.89004
226.60000,11.94230,88.88959
226.65000,11.51269,88.88740
226.70000,11.50668,88.88519
226.75000,11.50113,88.88294
226.80000,11.49572,88.88068
226.85000,11.49086,88.87841
226.90000,11.48680,88.87611
226.95000,11.48296,88.87380
227.00000,11.48006,88.87148
227.05000,11.47838,88.86916
227.10000,11.47773,88.86683
227.15000,11.47786,88.86450
227.20000,9.00000,88.84283
227.25000,11.56575,88.84087
227.30000,11.56304,88.83888
227.35000,11.55549,88.83687
227.40000,11.55355,88.83485
227.45000,11.55086,88.83282
227.50000,11.54869,88.83078
227.55000,11.54335,88.82872
227.60000,11.54326,88.82666
227.65000,11.53944,88.82458
227.70000,11.54138,88.82252
227.75000,11.54052,88.82045
227.80000,11.53887,88.81837
227.85000,11.53973,88.81630
227.90000,11.54040,88.81423
227.95000,11.53696,88.81215
228.00000,11.93939,88.81170
228.05000,9.00000,88.78950
228.10000,11.44253,88.78705
228.15000,11.43880,88.78458
228.20000,11.43888,88.78211
228.25000,11.44118,88.77966
228.30000,11.43750,88.77718
228.35000,11.43751,88.77471
228.40000,11.43828,88.77224
228.45000,11.44094,88.76978
228.50000,11.44108,88.76733
228.55000,11.44087,88.76487
228.60000,11.44271,88.76242
228.65000,11.44251,88.75997
228.70000,11.44191,88.75752
228.75000,11.44471,88.75508
228.80000,11.44556,88.75264
228.85000,11.44825,88.75021
228.90000,11.44979,88.74780
228.95000,11.44972,88.74538
229.00000,11.44944,88.74296
229.05000,11.45619,88.74056
229.10000,11.44899,88.73814
229.15000,11.93624,88.73769
229.20000,11.46957,88.73536
229.25000,11.47062,88.73302
229.30000,11.47215,88.73069
229.35000,11.47417,88.72837
229.40000,11.47643,88.72606
229.45000,11.47869,88.72375
229.50000,11.48104,88.72147
229.55000,11.48338,88.71918
229.60000,11.48580,88.71691
229.65000,11.48822,88.71465
229.70000,11.49072,88.71239
229.75000,11.49321,88.71015
229.80000,11.49577,88.70792
229.85000,11.49832,88.70570
229.90000,11.50094,88.70348
229.95000,11.50355,88.70129
230.00000,11.50622,88.69910
230.05000,11.50887,88.69691
230.10000,11.51159,88.69475
230.15000,11.51428,88.69260
230.20000,11.51703,88.69044
230.25000,11.51976,88.68832
230.30000,11.52254,88.68619
230.35000,11.52530,88.68407
230.40000,11.52810,88.68198
230.45000,11.53088,88.67989
230.50000,11.53370,88.67781
230.55000,11.53649,88.67574
230.60000,11.53933,88.67368
230.65000,9.00000,88.65189
230.70000,11.49922,88.64967
230.75000,11.50198,88.64748
230.80000,11.50425,88.64529
230.85000,11.50675,88.64311
230.90000,11.50950,88.64095
230.95000,11.51226,88.63879
231.00000,11.51500,88.63664
231.05000,11.51793,88.63451
231.10000,11.52074,88.63239
231.15000,11.60347,88.63068
231.20000,11.61211,88.62899
231.25000,11.61070,88.62730
231.30000,11.60533,88.62559
231.35000,11.60521,88.62388
231.40000,11.60277,88.62209
231.45000,11.60226,88.62029
231.50000,11.59927,88.61848
231.55000,11.59937,88.61668
231.60000,11.59681,88.61486
231.65000,11.59563,88.61304
231.70000,11.59411,88.61121
231.75000,11.59435,88.60938
231.80000,11.59239,88.60754
231.85000,11.59265,88.60571
231.90000,11.59051,88.60387
231.95000,11.59044,88.60203
232.00000,11.58950,88.60018
232.05000,11.58915,88.59834
232.10000,11.58782,88.59649
232.15000,11.58771,88.59464
232.20000,11.58586,88.59277
232.25000,11.58523,88.59091
232.30000,11.58410,88.58904
232.35000,11.58240,88.58717
232.40000,11.58141,88.58530
232.45000,11.58029,88.58341
232.50000,11.57925,88.58153
232.55000,11.57814,88.57964
232.60000,11.57711,88.57774
232.65000,11.57609,88.57585
232.70000,11.57511,88.57395
232.75000,11.57407,88.57204
232.80000,11.57312,88.57014
232.85000,11.57213,88.56822
232.90000,11.57130,88.56631
232.95000,11.93159,88.56586
233.00000,11.61068,88.56417
233.05000,11.60864,88.56248
233.10000,11.60768,88.56078
233.15000,11.60740,88.55908
233.20000,11.60765,88.55739
233.25000,11.60860,88.55569
233.30000,9.00000,88.53412
233.35000,11.57033,88.53221
233.40000,11.56834,88.53029
233.45000,11.56622,88.52836
233.50000,11.56478,88.52642
233.55000,11.92984,88.52598
233.60000,11.61702,88.52432
233.65000,11.61514,88.52266
233.70000,11.61397,88.52099
233.75000,11.61359,88.51933
233.80000,11.61421,88.51765
233.85000,9.00000,88.49606
233.90000,11.56281,88.49413
233.95000,11.56004,88.49218
234.00000,11.55799,88.49023
234.05000,11.55651,88.48827
234.10000,11.92810,88.48782
234.15000,11.62211,88.48618
234.20000,11.61990,88.48455
234.25000,11.61838,88.48290
234.30000,11.61757,88.48126
234.35000,11.61753,88.47961
234.40000,11.61823,88.47797
234.45000,11.61908,88.47633
234.50000,9.00000,88.45471
234.55000,11.55645,88.45276
234.60000,11.55398,88.45080
234.65000,11.55256,88.44883
234.70000,11.92638,88.44838
234.75000,11.62400,88.44676
234.80000,11.62158,88.44514
234.85000,11.62009,88.44351
234.90000,11.61948,88.44187
234.95000,11.61929,88.44024
235.00000,11.61992,88.43861
235.05000,11.62060,88.43698
235.10000,11.62141,88.43536
235.15000,9.00000,88.41373
235.20000,11.55238,88.41177
235.25000,11.55027,88.40980
235.30000,11.54821,88.40782
235.35000,11.54667,88.40583
235.40000,11.54529,88.40384
235.45000,11.92457,88.40340
235.50000,11.62874,88.40180
235.55000,11.62693,88.40021
235.60000,11.62575,88.39861
235.65000,11.62514,88.39700
235.70000,11.62551,88.39540
235.75000,11.62603,88.39380
235.80000,11.62655,88.39220
235.85000,11.62702,88.39060
235.90000,9.00000,88.36896
235.95000,11.54487,88.36697
236.00000,11.54276,88.36497
236.05000,11.54062,88.36298
236.10000,11.53865,88.36096
236.15000,11.53707,88.35895
236.20000,11.92276,88.35850
236.25000,11.63583,88.35694
236.30000,11.63389,88.35538
236.35000,11.63262,88.35381
236.40000,11.63219,88.35224
236.45000,11.63246,88.35067
236.50000,11.63290,88.34910
236.55000,11.63332,88.34753
236.60000,11.63377,88.34597
236.65000,9.00000,88.32430
236.70000,11.53641,88.32228
236.75000,11.53437,88.32027
236.80000,11.53306,88.31824
236.85000,11.92106,88.31779
236.90000,11.63658,88.31625
236.95000,11.63464,88.31469
237.00000,11.63345,88.31313
237.05000,11.63317,88.31157
237.10000,11.63353,88.31001
237.15000,11.63388,88.30845
237.20000,11.63426,88.30690
237.25000,11.63463,88.30534
237.30000,11.63504,88.30379
237.35000,9.00000,88.28211
237.40000,11.53233,88.28009
237.45000,11.53067,88.27806
237.50000,11.52857,88.27602
237.55000,11.52652,88.27398
237.60000,11.91930,88.27353
237.65000,11.64247,88.27201
237.70000,11.64106,88.27048
237.75000,11.64021,88.26896
237.80000,11.64015,88.26743
237.85000,11.64036,88.26591
237.90000,9.00000,88.24420
237.95000,11.52424,88.24216
238.00000,11.52223,88.24010
238.05000,11.52073,88.23804
238.10000,11.91764,88.23759
238.15000,11.64379,88.23608
238.20000,11.64165,88.23457
238.25000,11.64041,88.23305
238.30000,11.64013,88.23153
238.35000,11.64025,88.23001
238.40000,11.64038,88.22849
238.45000,11.64051,88.22697
238.50000,11.64067,88.22546
238.55000,11.64082,88.22394
238.60000,11.64101,88.22242
238.65000,9.00000,88.20071
238.70000,11.52100,88.19865
238.75000,11.51952,88.19659
238.80000,11.91599,88.19615
238.85000,11.64380,88.19465
238.90000,11.64196,88.19314
238.95000,11.64095,88.19163
239.00000,11.64035,88.19012
239.05000,11.64041,88.18861
239.10000,11.64056,88.18709
239.15000,11.64068,88.18558
239.20000,11.64084,88.18407
239.25000,11.64098,88.18256
239.30000,9.00000,88.16085
239.35000,11.51938,88.15879
239.40000,11.51675,88.15673
239.45000,11.51536,88.15466
239.50000,11.91431,88.15421
239.55000,11.64360,88.15272
239.60000,11.64137,88.15121
239.65000,11.63991,88.14970
239.70000,11.63908,88.14819
239.75000,11.63884,88.14668
239.80000,11.63892,88.14516
239.85000,11.63900,88.14365
239.90000,11.63913,88.14214
239.95000,11.63923,88.14063
240.00000,11.63937,88.13912
240.05000,11.63950,88.13761
240.10000,11.63967,88.13610
240.15000,11.63982,88.13459
240.20000,9.00000,88.11288
240.25000,11.51776,88.11083
240.30000,11.58593,88.10912
240.35000,11.91268,88.10868
240.40000,11.64012,88.10718
240.45000,11.63942,88.10567
240.50000,11.63950,88.10416
240.55000,9.00000,88.08282
240.60000,11.59404,88.08115
240.65000,11.50502,88.07905
240.70000,11.51565,88.07699
240.75000,11.58579,88.07529
240.80000,11.59617,88.07362
240.85000,11.91105,88.07317
240.90000,11.63820,88.07167
240.95000,11.63808,88.07017
241.00000,11.63802,88.06866
241.05000,9.00000,88.04732
241.10000,11.59253,88.04564
241.15000,11.59272,88.04398
241.20000,11.59270,88.04230
241.25000,11.59277,88.04063
241.30000,11.59285,88.03896
241.35000,11.59292,88.03729
241.40000,11.59299,88.03562
241.45000,11.42435,88.03321
241.50000,11.60517,88.03159
241.55000,11.59106,88.02991
241.60000,11.42501,88.02750
241.65000,11.88527,88.02696
241.70000,9.27658,88.01601
241.75000,11.86951,88.01540
241.80000,11.87897,88.01482
241.85000,9.80347,88.00596
241.90000,11.44235,88.00362
241.95000,11.43852,88.00127
242.00000,11.43649,87.99891
242.05000,11.43616,87.99655
242.10000,11.88492,87.99602
242.15000,10.66214,87.99058
242.20000,9.99457,87.98248
242.25000,11.86855,87.98187
242.30000,11.87849,87.98132
242.35000,10.47145,87.97512
242.40000,10.65867,87.96967
242.45000,11.44187,87.96734
242.50000,11.43991,87.96500
242.55000,11.43970,87.96266
242.60000,11.88085,87.96212
242.65000,11.64355,87.96066
242.70000,9.48075,87.95052
242.75000,11.28464,87.94756
242.80000,11.51378,87.94552
242.85000,11.51050,87.94347
242.90000,11.50835,87.94140
242.95000,11.50719,87.93934
243.00000,11.50260,87.93725
243.05000,11.86769,87.93665
243.10000,11.88617,87.93613
243.15000,9.00000,87.92276
243.20000,11.46194,87.92052
243.25000,11.45793,87.91826
243.30000,11.45622,87.91599
243.35000,11.45570,87.91372
243.40000,11.45537,87.91145
243.45000,11.44859,87.90916
243.50000,11.88488,87.90864
243.55000,10.92268,87.90425
243.60000,9.44096,87.89396
243.65000,11.38650,87.89142
243.70000,11.50769,87.88937
243.75000,11.50470,87.88730
243.80000,11.87741,87.88675
243.85000,11.88810,87.88625
243.90000,9.00000,87.87392
243.95000,10.76000,87.86890
244.00000,11.46422,87.86667
244.05000,11.46221,87.86443
244.10000,11.46147,87.86220
244.15000,11.46157,87.85996
244.20000,11.45775,87.85771
244.25000,11.88318,87.85719
244.30000,11.88724,87.85669
244.35000,9.06263,87.84491
244.40000,11.45493,87.84265
244.45000,10.77885,87.83770
244.50000,11.87178,87.83713
244.55000,11.88524,87.83662
244.60000,11.83433,87.83590
244.65000,9.00000,87.82140
244.70000,11.03368,87.81747
244.75000,11.46806,87.81526
244.80000,11.46701,87.81306
244.85000,11.46414,87.81084
244.90000,11.86921,87.81026
244.95000,11.89318,87.80979
245.00000,10.60249,87.80415
245.05000,9.00000,87.78928
245.10000,11.52363,87.78731
245.15000,11.52070,87.78532
245.20000,11.51937,87.78333
245.25000,11.51859,87.78133
245.30000,11.51699,87.77934
245.35000,11.87188,87.77879
245.40000,11.88110,87.77827
245.45000,9.00000,87.76431
245.50000,11.47995,87.76216
245.55000,11.47919,87.76001
245.60000,11.86126,87.75941
245.65000,10.63045,87.75388
245.70000,11.52206,87.75191
245.75000,11.51938,87.74992
245.80000,11.51795,87.74793
245.85000,11.51635,87.74593
245.90000,11.51611,87.74393
245.95000,11.59616,87.74232
246.00000,11.47878,87.74018
246.05000,11.48737,87.73807
246.10000,11.60564,87.73650
246.15000,11.59925,87.73489
246.20000,11.60067,87.73331
246.25000,11.60098,87.73171
246.30000,11.60123,87.73013
246.35000,11.60148,87.72853
246.40000,11.60174,87.72694
246.45000,11.60200,87.72536
246.50000,11.60226,87.72377
246.55000,11.60250,87.72218
246.60000,11.60275,87.72060
246.65000,11.60297,87.71902
246.70000,11.60318,87.71744
246.75000,11.60339,87.71585
246.80000,11.60359,87.71427
246.85000,11.60380,87.71269
246.90000,11.60399,87.71111
246.95000,11.60418,87.70953
247.00000,11.60436,87.70795
247.05000,11.60454,87.70638
247.10000,11.60471,87.70480
247.15000,11.60487,87.70322
247.20000,11.60503,87.70165
247.25000,11.60518,87.70007
247.30000,11.60533,87.69850
247.35000,11.60547,87.69693
247.40000,11.60562,87.69536
247.45000,11.60576,87.69378
247.50000,11.60589,87.69221
247.55000,11.60602,87.69064
247.60000,11.60614,87.68907
247.65000,11.60626,87.68750
247.70000,11.60637,87.68593
247.75000,11.60648,87.68436
247.80000,11.60658,87.68279
247.85000,11.60661,87.68122
247.90000,11.60650,87.67965
247.95000,11.60639,87.67809
248.00000,11.60628,87.67651
248.05000,11.60618,87.67494
248.10000,11.60609,87.67337
248.15000,11.60600,87.67180
248.20000,11.60591,87.67023
248.25000,11.60583,87.66866
248.30000,11.60575,87.66708
248.35000,11.60566,87.66551
248.40000,11.60557,87.66394
248.45000,11.60550,87.66237
248.50000,11.60541,87.66080
248.55000,11.60533,87.65923
248.60000,11.60526,87.65765
248.65000,11.60520,87.65607
248.70000,11.60513,87.65450
248.75000,11.60507,87.65293
248.80000,11.60501,87.65135
248.85000,11.60495,87.64978
248.90000,11.60490,87.64821
248.95000,11.60486,87.64663
249.00000,11.60482,87.64506
249.05000,11.60479,87.64348
249.10000,11.60476,87.64191
249.15000,11.60473,87.64034
249.20000,11.60471,87.63876
249.25000,11.60469,87.63718
249.30000,11.60467,87.63560
249.35000,11.60465,87.63403
249.40000,11.60464,87.63245
249.45000,11.60463,87.63088
249.50000,11.60463,87.62930
249.55000,11.60462,87.62773
249.60000,11.60462,87.62616
249.65000,11.60463,87.62458
249.70000,11.60463,87.62301
249.75000,11.60464,87.62143
249.80000,11.60465,87.61986
249.85000,11.60466,87.61828
249.90000,11.60468,87.61671
249.95000,11.60470,87.61514
250.00000,11.60472,87.61356
250.05000,11.60473,87.61198
250.10000,11.60475,87.61041
250.15000,11.60477,87.60883
250.20000,11.60479,87.60726
250.25000,11.60481,87.60569
250.30000,11.60483,87.60412
250.35000,11.60485,87.60254
250.40000,11.60487,87.60097
250.45000,11.60490,87.59940
250.50000,11.60493,87.59782
250.55000,11.60496,87.59625
250.60000,11.60499,87.59467
250.65000,11.60502,87.59310
250.70000,11.60505,87.59153
250.75000,11.60509,87.58996
250.80000,11.60512,87.58839
250.85000,11.60516,87.58681
250.90000,11.60520,87.58524
250.95000,11.60524,87.58367
251.00000,11.60528,87.58210
251.05000,11.60532,87.58053
251.10000,11.60537,87.57896
251.15000,11.60541,87.57738
251.20000,11.60545,87.57582
251.25000,11.60550,87.57425
251.30000,11.60555,87.57268
251.35000,11.60559,87.57111
251.40000,11.60564,87.56953
251.45000,11.60569,87.56797
251.50000,11.60575,87.56640
251.55000,11.60580,87.56483
251.60000,11.60582,87.56326
251.65000,11.60574,87.56169
251.70000,11.60566,87.56013
251.75000,11.60559,87.55856
251.80000,11.60551,87.55698
251.85000,11.60544,87.55541
251.90000,11.60536,87.55385
251.95000,11.60528,87.55228
252.00000,11.60521,87.55070
252.05000,11.60513,87.54913
252.10000,11.60505,87.54756
252.15000,11.60497,87.54599
252.20000,11.60489,87.54442
252.25000,11.60481,87.54285
252.30000,11.60473,87.54128
252.35000,11.60465,87.53970
252.40000,11.60457,87.53813
252.45000,11.60449,87.53656
252.50000,11.60441,87.53498
252.55000,11.60433,87.53341
252.60000,11.60425,87.53184
252.65000,11.60417,87.53026
252.70000,11.60410,87.52869
252.75000,11.60402,87.52711
252.80000,11.60395,87.52554
252.85000,11.60387,87.52396
252.90000,11.60380,87.52239
252.95000,11.60372,87.52081
253.00000,11.60364,87.51923
253.05000,11.60356,87.51766
253.10000,11.60349,87.51608
253.15000,11.60341,87.51451
253.20000,11.60333,87.51293
253.25000,11.60326,87.51135
253.30000,11.60318,87.50978
253.35000,11.60310,87.50820
253.40000,11.60302,87.50662
253.45000,11.60294,87.50504
253.50000,11.60285,87.50346
253.55000,11.60277,87.50189
253.60000,11.60269,87.50031
253.65000,11.60261,87.49873
253.70000,11.60253,87.49715
253.75000,11.60245,87.49557
253.80000,11.60237,87.49400
253.85000,11.60230,87.49242
253.90000,11.60222,87.49084
253.95000,11.60214,87.48925
254.00000,11.60207,87.48767
254.05000,11.60199,87.48609
254.10000,11.60192,87.48451
254.15000,11.60184,87.48293
254.20000,11.60177,87.48135
254.25000,11.60170,87.47977
254.30000,11.60163,87.47819
254.35000,11.60157,87.47660
254.40000,11.60150,87.47502
254.45000,11.60144,87.47343
254.50000,11.60138,87.47186
254.55000,11.60131,87.47027
254.60000,11.60125,87.46869
254.65000,11.60119,87.46710
254.70000,11.60113,87.46552
254.75000,11.60107,87.46394
254.80000,11.60101,87.46236
254.85000,11.60095,87.46077
254.90000,11.60089,87.45919
254.95000,11.60085,87.45760
255.00000,11.60079,87.45602
255.05000,11.60075,87.45444
255.10000,11.60070,87.45285
255.15000,11.60065,87.45126
255.20000,11.60060,87.44968
255.25000,11.60055,87.44810
255.30000,11.60051,87.44651
255.35000,11.60046,87.44492
255.40000,11.60041,87.44334
255.45000,11.60036,87.44176
255.50000,11.60032,87.44017
255.55000,11.60028,87.43858
255.60000,11.60025,87.43700
255.65000,11.60022,87.43541
255.70000,11.60019,87.43383
255.75000,11.60016,87.43224
255.80000,11.59604,87.43064
255.85000,11.59630,87.42904
255.90000,11.59630,87.42744
255.95000,11.59629,87.42583
256.00000,11.59628,87.42424
256.05000,11.59627,87.42264
256.10000,11.59627,87.42104
256.15000,11.59626,87.41943
256.20000,11.59626,87.41784
256.25000,11.59626,87.41624
256.30000,11.59626,87.41463
256.35000,11.59625,87.41304
256.40000,11.59625,87.41144
256.45000,11.59626,87.40984
256.50000,11.59627,87.40824
256.55000,11.59628,87.40664
256.60000,11.59630,87.40504
256.65000,11.59630,87.40344
256.70000,11.59630,87.40184
256.75000,11.59632,87.40024
256.80000,11.59633,87.39864
256.85000,11.59635,87.39704
256.90000,11.59637,87.39545
256.95000,11.59639,87.39384
257.00000,11.59641,87.39225
257.05000,11.59643,87.39065
257.10000,11.59645,87.38905
257.15000,11.59647,87.38745
257.20000,11.59650,87.38586
257.25000,11.59653,87.38425
257.30000,11.59655,87.38266
257.35000,11.59658,87.38107
257.40000,11.59661,87.37946
257.45000,11.59663,87.37787
257.50000,11.59666,87.37627
257.55000,11.59669,87.37468
257.60000,11.59672,87.37308
257.65000,11.59675,87.37148
257.70000,11.59679,87.36989
257.75000,11.59682,87.36829
257.80000,11.59685,87.36670
257.85000,11.59688,87.36510
257.90000,11.59692,87.36350
257.95000,11.59695,87.36191
258.00000,11.59698,87.36031
258.05000,11.59701,87.35872
258.10000,11.59705,87.35712
258.15000,11.59708,87.35553
258.20000,11.59711,87.35394
258.25000,11.59715,87.35234
258.30000,11.59718,87.35075
258.35000,11.59722,87.34916
258.40000,11.59726,87.34756
258.45000,11.59731,87.34597
258.50000,11.59735,87.34438
258.55000,11.59739,87.34279
258.60000,11.59743,87.34119
258.65000,11.59746,87.33960
258.70000,11.59750,87.33801
258.75000,11.59754,87.33642
258.80000,11.59758,87.33482
258.85000,11.59762,87.33324
258.90000,11.59766,87.33164
258.95000,11.59769,87.33006
259.00000,11.59772,87.32846
259.05000,11.59776,87.32687
259.10000,11.59779,87.32528
259.15000,11.59782,87.32369
259.20000,11.59786,87.32211
259.25000,11.59789,87.32051
259.30000,11.59792,87.31892
259.35000,11.59795,87.31734
259.40000,11.59798,87.31574
259.45000,11.59802,87.31416
259.50000,11.59805,87.31257
259.55000,11.59808,87.31098
259.60000,11.59811,87.30939
259.65000,11.59814,87.30780
259.70000,11.59817,87.30621
259.75000,11.59819,87.30463
259.80000,11.59822,87.30304
259.85000,11.59825,87.30145
259.90000,11.59827,87.29987
259.95000,11.59830,87.29828
260.00000,11.59833,87.29669
260.05000,11.59835,87.29510
260.10000,11.59837,87.29352
260.15000,11.59840,87.29193
260.20000,11.59842,87.29034
260.25000,11.59844,87.28876
260.30000,11.59846,87.28717
260.35000,11.59849,87.28559
260.40000,11.59851,87.28400
260.45000,11.59853,87.28242
260.50000,11.59855,87.28083
260.55000,11.59857,87.27924
260.60000,11.59859,87.27766
260.65000,11.59861,87.27608
260.70000,11.59862,87.27449
260.75000,11.59864,87.27290
260.80000,11.59866,87.27132
260.85000,11.59867,87.26974
260.90000,11.59869,87.26816
260.95000,11.59870,87.26657
261.00000,11.59871,87.26498
261.05000,11.59872,87.26340
261.10000,11.59873,87.26182
261.15000,11.59874,87.26024
261.20000,11.59875,87.25865
261.25000,11.59876,87.25707
261.30000,11.59877,87.25549
261.35000,11.59878,87.25390
261.40000,11.59879,87.25232
261.45000,11.59879,87.25074
261.50000,11.59880,87.24915
261.55000,11.59881,87.24757
261.60000,11.59882,87.24599
261.65000,11.59884,87.24441
261.70000,11.59883,87.24282
261.75000,11.59883,87.24124
261.80000,11.59882,87.23966
261.85000,11.59882,87.23808
261.90000,11.59883,87.23650
261.95000,11.59883,87.23491
262.00000,11.59883,87.23333
262.05000,11.59884,87.23175
262.10000,11.59884,87.23016
262.15000,11.59885,87.22858
262.20000,11.59885,87.22701
262.25000,11.59885,87.22543
262.30000,11.45729,87.22321
262.35000,11.59535,87.22161
262.40000,11.45664,87.21940
262.45000,11.46925,87.21723
262.50000,11.59774,87.21565
262.55000,11.59533,87.21406
262.60000,11.59682,87.21247
262.65000,11.59737,87.21088
262.70000,11.46321,87.20869
262.75000,11.59634,87.20711
262.80000,11.59617,87.20551
262.85000,11.59747,87.20393
262.90000,11.59830,87.20235
262.95000,11.46513,87.20016
263.00000,11.47740,87.19804
263.05000,11.59652,87.19645
263.10000,11.46460,87.19427
263.15000,11.59467,87.19267
263.20000,11.59800,87.19109
263.25000,11.59956,87.18951
263.30000,11.60057,87.18794
263.35000,11.60130,87.18637
263.40000,11.60128,87.18480
263.45000,11.60095,87.18324
263.50000,11.60064,87.18166
263.55000,11.60034,87.18009
263.60000,11.60005,87.17851
263.65000,11.59977,87.17694
263.70000,11.59949,87.17536
263.75000,11.59922,87.17379
263.80000,11.59895,87.17221
263.85000,11.59869,87.17063
263.90000,11.59844,87.16905
263.95000,11.59821,87.16747
264.00000,11.59797,87.16589
264.05000,11.59775,87.16431
264.10000,11.59754,87.16273
264.15000,11.59733,87.16114
264.20000,11.59713,87.15956
264.25000,11.59694,87.15797
264.30000,11.59675,87.15639
264.35000,11.59658,87.15481
264.40000,11.59641,87.15322
264.45000,11.59625,87.15163
264.50000,11.59609,87.15005
264.55000,11.59595,87.14846
264.60000,11.59581,87.14687
264.65000,11.59567,87.14528
264.70000,11.59555,87.14369
264.75000,11.59543,87.14211
264.80000,11.59531,87.14051
264.85000,11.59521,87.13892
264.90000,11.59511,87.13733
264.95000,11.59501,87.13574
265.00000,11.59493,87.13415
265.05000,11.59485,87.13256
265.10000,11.59477,87.13097
265.15000,11.59471,87.12938
265.20000,11.59465,87.12778
265.25000,11.59459,87.12619
265.30000,11.59453,87.12460
265.35000,11.59449,87.12301
265.40000,11.59445,87.12141
265.45000,11.59441,87.11983
265.50000,11.59438,87.11823
265.55000,11.59435,87.11664
265.60000,11.59433,87.11505
265.65000,11.59432,87.11346
265.70000,11.59431,87.11186
265.75000,11.59431,87.11028
265.80000,11.59430,87.10868
265.85000,11.59431,87.10709
265.90000,11.59432,87.10550
265.95000,11.59434,87.10390
266.00000,11.59436,87.10231
266.05000,11.59439,87.10072
266.10000,11.59442,87.09913
266.15000,11.59446,87.09754
266.20000,11.59449,87.09595
266.25000,11.59453,87.09436
266.30000,11.59458,87.09277
266.35000,11.59462,87.09118
266.40000,11.59466,87.08959
266.45000,11.59471,87.08801
266.50000,11.59475,87.08641
266.55000,11.59480,87.08482
266.60000,11.59486,87.08324
266.65000,11.59491,87.08165
266.70000,11.59496,87.08006
266.75000,11.59501,87.07848
266.80000,11.59507,87.07689
266.85000,11.59513,87.07530
266.90000,11.59519,87.07372
266.95000,11.59526,87.07213
267.00000,11.59533,87.07054
267.05000,11.59540,87.06895
267.10000,11.59547,87.06737
267.15000,11.59554,87.06578
267.20000,11.59562,87.06420
267.25000,11.59569,87.06261
267.30000,11.59577,87.06104
267.35000,11.59585,87.05945
267.40000,11.59593,87.05787
267.45000,11.59601,87.05628
267.50000,11.59609,87.05470
267.55000,11.59618,87.05312
267.60000,11.59626,87.05154
267.65000,11.59634,87.04996
267.70000,11.59643,87.04838
267.75000,11.59652,87.04680
267.80000,11.59660,87.04522
267.85000,11.59669,87.04364
267.90000,11.59678,87.04206
267.95000,11.59686,87.04048
268.00000,11.59695,87.03890
268.05000,11.59704,87.03732
268.10000,11.59713,87.03575
268.15000,11.59722,87.03417
268.20000,11.59731,87.03259
268.25000,11.59739,87.03102
268.30000,11.59749,87.02944
268.35000,11.59758,87.02787
268.40000,11.59766,87.02630
268.45000,11.59776,87.02472
268.50000,11.59785,87.02315
268.55000,11.59794,87.02158
268.60000,11.59803,87.02000
268.65000,11.59812,87.01843
268.70000,11.59821,87.01686
268.75000,11.59829,87.01529
268.80000,11.59837,87.01372
268.85000,11.59846,87.01215
268.90000,11.59854,87.01057
268.95000,11.59862,87.00900
269.00000,11.59871,87.00744
269.05000,11.59879,87.00587
269.10000,11.59888,87.00430
269.15000,11.59875,87.00273
269.20000,11.59863,87.00116
269.25000,11.59850,86.99959
269.30000,11.59837,86.99802
269.35000,11.59824,86.99644
269.40000,11.59810,86.99488
269.45000,11.59796,86.99331
269.50000,11.59783,86.99174
269.55000,11.59769,86.99016
269.60000,11.59756,86.98859
269.65000,11.59744,86.98701
269.70000,11.59732,86.98544
269.75000,11.59721,86.98387
269.80000,11.59709,86.98229
269.85000,11.59699,86.98072
269.90000,11.59688,86.97914
269.95000,11.59678,86.97757
270.00000,11.59668,86.97599
270.05000,11.59658,86.97442
270.10000,11.59648,86.97284
270.15000,11.59638,86.97127
270.20000,11.59628,86.96969
270.25000,11.59618,86.96811
270.30000,11.59609,86.96654
270.35000,11.59599,86.96496
270.40000,11.59590,86.96338
270.45000,11.59581,86.96180
270.50000,11.59572,86.96023
270.55000,11.59563,86.95865
270.60000,11.59554,86.95707
270.65000,11.59545,86.95549
270.70000,11.59537,86.95391
270.75000,11.59528,86.95233
270.80000,11.59520,86.95075
270.85000,11.59512,86.94917
270.90000,11.59504,86.94759
270.95000,11.59496,86.94601
271.00000,11.59489,86.94443
271.05000,11.59482,86.94285
271.10000,11.59474,86.94127
271.15000,11.59467,86.93969
271.20000,11.59460,86.93810
271.25000,11.59454,86.93652
271.30000,11.59447,86.93494
271.35000,11.59441,86.93336
271.40000,11.59434,86.93178
271.45000,11.59428,86.93020
271.50000,11.59422,86.92862
271.55000,11.59416,86.92703
271.60000,11.59411,86.92545
271.65000,11.59405,86.92387
271.70000,11.59399,86.92229
271.75000,11.59394,86.92071
271.80000,11.59389,86.91912
271.85000,11.59383,86.91754
271.90000,11.59379,86.91595
271.95000,11.59374,86.91438
272.00000,11.59370,86.91279
272.05000,11.59365,86.91121
272.10000,11.59361,86.90962
272.15000,11.59357,86.90804
272.20000,11.59353,86.90646
272.25000,11.59348,86.90488
272.30000,11.59345,86.90329
272.35000,11.59341,86.90171
272.40000,11.59338,86.90012
272.45000,11.59334,86.89854
272.50000,11.59331,86.89696
272.55000,11.59328,86.89537
272.60000,11.59325,86.89379
272.65000,11.59322,86.89220
272.70000,11.59319,86.89062
272.75000,11.59316,86.88904
272.80000,11.59313,86.88746
272.85000,11.59311,86.88587
272.90000,11.59308,86.88429
272.95000,11.59306,86.88271
273.00000,11.59305,86.88112
273.05000,11.59302,86.87954
273.10000,11.59300,86.87795
273.15000,11.59299,86.87637
273.20000,11.59298,86.87479
273.25000,11.59296,86.87321
273.30000,11.59295,86.87162
273.35000,11.59294,86.87004
273.40000,11.59292,86.86845
273.45000,11.59291,86.86687
273.50000,11.59289,86.86529
273.55000,11.59288,86.86371
273.60000,11.59287,86.86212
273.65000,11.59286,86.86054
273.70000,11.59285,86.85896
273.75000,11.59284,86.85738
273.80000,11.59283,86.85579
273.85000,11.59282,86.85421
273.90000,11.59281,86.85262
273.95000,11.59280,86.85104
274.00000,11.59279,86.84946
274.05000,11.59279,86.84788
274.10000,11.59278,86.84630
274.15000,11.59277,86.84471
274.20000,11.59277,86.84313
274.25000,11.59276,86.84155
274.30000,11.59276,86.83997
274.35000,11.59275,86.83839
274.40000,11.59275,86.83681
274.45000,11.59275,86.83522
274.50000,11.59275,86.83364
274.55000,11.59274,86.83206
274.60000,11.59273,86.83047
274.65000,11.59273,86.82890
274.70000,11.59273,86.82732
274.75000,11.59273,86.82574
274.80000,11.59272,86.82415
274.85000,11.59271,86.82257
274.90000,11.59270,86.82099
274.95000,11.59268,86.81941
275.00000,11.59267,86.81783
275.05000,11.59266,86.81625
275.10000,11.59265,86.81467
275.15000,11.59264,86.81309
275.20000,11.59263,86.81151
275.25000,11.59262,86.80993
275.30000,11.59261,86.80834
275.35000,11.59260,86.80676
275.40000,11.59259,86.80518
275.45000,11.59258,86.80360
275.50000,11.59258,86.80202
275.55000,11.59257,86.80045
275.60000,11.59256,86.79887
275.65000,11.59255,86.79729
275.70000,11.59254,86.79570
275.75000,11.59253,86.79412
275.80000,11.59252,86.79254
275.85000,11.59251,86.79096
275.90000,11.59250,86.78938
275.95000,11.59250,86.78780
276.00000,11.59249,86.78622
276.05000,11.59249,86.78465
276.10000,11.59249,86.78307
276.15000,11.59249,86.78149
276.20000,11.59250,86.77991
276.25000,11.59250,86.77833
276.30000,11.59250,86.77675
276.35000,11.59250,86.77517
276.40000,11.59250,86.77359
276.45000,11.59250,86.77202
276.50000,11.59250,86.77044
276.55000,11.59250,86.76886
276.60000,11.59250,86.76728
276.65000,11.59250,86.76570
276.70000,11.59250,86.76412
276.75000,11.59250,86.76254
276.80000,11.59250,86.76097
276.85000,11.59249,86.75939
276.90000,11.59249,86.75781
276.95000,11.59249,86.75623
277.00000,11.59249,86.75466
277.05000,11.59248,86.75308
277.10000,11.59248,86.75150
277.15000,11.59248,86.74992
277.20000,11.59247,86.74835
277.25000,11.59247,86.74677
277.30000,11.59247,86.74519
277.35000,11.59246,86.74362
277.40000,11.59246,86.74204
277.45000,11.59246,86.74046
277.50000,11.59245,86.73889
277.55000,11.59244,86.73731
277.60000,11.59243,86.73573
277.65000,11.59243,86.73416
277.70000,11.59242,86.73258
277.75000,11.59241,86.73101
277.80000,11.59240,86.72943
277.85000,11.59240,86.72785
277.90000,11.59239,86.72628
277.95000,11.59238,86.72470
278.00000,11.59238,86.72313
278.05000,11.59237,86.72155
278.10000,11.59237,86.71998
278.15000,11.59236,86.71840
278.20000,11.59235,86.71683
278.25000,11.59234,86.71525
278.30000,11.59234,86.71368
278.35000,11.59233,86.71210
278.40000,11.59232,86.71053
278.45000,11.59231,86.70895
278.50000,11.59230,86.70737
278.55000,11.59229,86.70580
278.60000,11.59228,86.70422
278.65000,11.59227,86.70265
278.70000,11.59226,86.70107
278.75000,11.59225,86.69950
278.80000,11.59224,86.69793
278.85000,11.59223,86.69635
278.90000,11.59221,86.69478
278.95000,11.59220,86.69321
279.00000,11.59219,86.69163
279.05000,11.59218,86.69006
279.10000,11.59216,86.68848
279.15000,11.59214,86.68690
279.20000,11.59213,86.68533
279.25000,11.59211,86.68376
279.30000,11.59210,86.68218
279.35000,11.59209,86.68061
279.40000,11.59208,86.67904
279.45000,11.59206,86.67747
279.50000,11.59204,86.67589
279.55000,11.59203,86.67432
279.60000,11.59201,86.67274
279.65000,11.59199,86.67117
279.70000,11.59197,86.66959
279.75000,11.59196,86.66802
279.80000,11.59194,86.66645
279.85000,11.59192,86.66487
279.90000,11.59190,86.66330
279.95000,11.59188,86.66173
280.00000,11.59186,86.66016
280.05000,11.59183,86.65858
280.10000,11.59181,86.65701
280.15000,11.59179,86.65543
280.20000,11.59177,86.65386
280.25000,11.59175,86.65229
280.30000,11.59173,86.65072
280.35000,11.59170,86.64914
280.40000,11.59168,86.64757
280.45000,11.59166,86.64600
280.50000,11.59164,86.64442
280.55000,11.59161,86.64285
280.60000,11.59159,86.64127
280.65000,11.59156,86.63970
280.70000,11.59154,86.63813
280.75000,11.59151,86.63656
280.80000,11.59149,86.63499
280.85000,11.59145,86.63341
280.90000,11.59143,86.63184
280.95000,11.59140,86.63026
281.00000,11.59137,86.62869
281.05000,11.59135,86.62712
281.10000,11.59132,86.62555
281.15000,11.59129,86.62397
281.20000,11.59127,86.62240
281.25000,11.59124,86.62083
281.30000,11.59122,86.61926
281.35000,11.59119,86.61768
281.40000,11.59116,86.61611
281.45000,11.59113,86.61453
281.50000,11.59111,86.61296
281.55000,11.59108,86.61139
281.60000,11.59105,86.60982
281.65000,11.59102,86.60825
281.70000,11.59100,86.60667
281.75000,11.59097,86.60509
281.80000,11.59094,86.60352
281.85000,11.59091,86.60195
281.90000,11.59088,86.60038
281.95000,11.59085,86.59881
282.00000,11.59083,86.59724
282.05000,11.59079,86.59566
282.10000,11.59077,86.59409
282.15000,11.59074,86.59251
282.20000,11.59071,86.59094
282.25000,11.59067,86.58937
282.30000,11.59064,86.58780
282.35000,11.59061,86.58623
282.40000,11.59058,86.58465
282.45000,11.59056,86.58308
282.50000,11.59053,86.58150
282.55000,11.59050,86.57993
282.60000,11.59048,86.57836
282.65000,11.59045,86.57679
282.70000,11.59042,86.57522
282.75000,11.59039,86.57364
282.80000,11.59036,86.57207
282.85000,11.59033,86.57050
282.90000,11.59030,86.56892
282.95000,11.59027,86.56735
283.00000,11.59023,86.56578
283.05000,11.59020,86.56420
283.10000,11.59017,86.56263
283.15000,11.59013,86.56106
283.20000,11.59010,86.55949
283.25000,11.59007,86.55791
283.30000,11.59003,86.55634
283.35000,11.59000,86.55477
283.40000,11.58996,86.55319
283.45000,11.58993,86.55162
283.50000,11.58989,86.55005
283.55000,11.58986,86.54848
283.60000,11.58983,86.54691
283.65000,11.58979,86.54533
283.70000,11.58976,86.54375
283.75000,11.58972,86.54218
283.80000,11.58969,86.54061
283.85000,11.58966,86.53904
283.90000,11.58962,86.53747
283.95000,11.58959,86.53589
284.00000,11.58956,86.53432
284.05000,11.58952,86.53275
284.10000,11.58949,86.53117
284.15000,11.58945,86.52960
284.20000,11.58942,86.52802
284.25000,11.58938,86.52645
284.30000,11.58935,86.52488
284.35000,11.58931,86.52331
284.40000,11.58928,86.52174
284.45000,11.58925,86.52016
284.50000,11.58921,86.51859
284.55000,11.58918,86.51701
284.60000,11.58915,86.51544
284.65000,11.58911,86.51387
284.70000,11.58908,86.51229
284.75000,11.58905,86.51072
284.80000,11.58901,86.50915
284.85000,11.58898,86.50758
284.90000,11.58894,86.50600
284.95000,11.58891,86.50443
285.00000,11.58888,86.50285
285.05000,11.58884,86.50128
285.10000,11.58881,86.49971
285.15000,11.58877,86.49813
285.20000,11.58874,86.49656
285.25000,11.58871,86.49499
285.30000,11.58867,86.49342
285.35000,11.58863,86.49184
285.40000,11.58860,86.49026
285.45000,11.58857,86.48869
285.50000,11.58854,86.48712
285.55000,11.58851,86.48555
285.60000,11.58848,86.48397
285.65000,11.58845,86.48240
285.70000,11.58842,86.48083
285.75000,11.58839,86.47926
285.80000,11.58836,86.47768
285.85000,11.58833,86.47610
285.90000,11.58830,86.47453
285.95000,11.58826,86.47296
286.00000,11.58823,86.47139
286.05000,11.58819,86.46981
286.10000,11.58816,86.46824
286.15000,11.58812,86.46667
286.20000,11.58809,86.46510
286.25000,11.58805,86.46352
286.30000,11.58802,86.46194
286.35000,11.58798,86.46037
286.40000,11.58795,86.45880
286.45000,11.58791,86.45722
286.50000,11.58788,86.45565
286.55000,11.58785,86.45408
286.60000,11.58781,86.45251
286.65000,11.58778,86.45093
286.70000,11.58774,86.44936
286.75000,11.58771,86.44778
286.80000,11.58767,86.44621
286.85000,11.58764,86.44463
286.90000,11.58760,86.44306
286.95000,11.58757,86.44149
287.00000,11.58754,86.43992
287.05000,11.58750,86.43834
287.10000,11.58747,86.43677
287.15000,11.58744,86.43520
287.20000,11.58741,86.43362
287.25000,11.58737,86.43204
287.30000,11.58734,86.43047
287.35000,11.58731,86.42890
287.40000,11.58727,86.42732
287.45000,11.58724,86.42575
287.50000,11.58720,86.42418
287.55000,11.58717,86.42261
287.60000,11.58714,86.42103
287.65000,11.58710,86.41946
287.70000,11.58707,86.41788
287.75000,11.58703,86.41631
287.80000,11.58700,86.41473
287.85000,11.58697,86.41316
287.90000,11.58693,86.41159
287.95000,11.58690,86.41001
288.00000,11.58686,86.40844
288.05000,11.58683,86.40687
288.10000,11.58680,86.40530
288.15000,11.58676,86.40372
288.20000,11.58673,86.40215
288.25000,11.58669,86.40057
288.30000,11.58666,86.39900
288.35000,11.58663,86.39742
288.40000,11.58659,86.39585
288.45000,11.58655,86.39428
288.50000,11.58652,86.39270
288.55000,11.58649,86.39113
288.60000,11.58646,86.38956
288.65000,11.58643,86.38799
288.70000,11.58640,86.38641
288.75000,11.58637,86.38483
288.80000,11.58634,86.38326
288.85000,11.58631,86.38168
288.90000,11.58628,86.38011
288.95000,11.58625,86.37854
289.00000,11.58622,86.37697
289.05000,11.58618,86.37539
289.10000,11.58615,86.37382
289.15000,11.58612,86.37225
289.20000,11.58608,86.37067
289.25000,11.58605,86.36909
289.30000,11.58601,86.36752
289.35000,11.58597,86.36595
289.40000,11.58594,86.36437
289.45000,11.58590,86.36280
289.50000,11.58587,86.36123
289.55000,11.58583,86.35966
289.60000,11.58580,86.35808
289.65000,11.58576,86.35651
289.70000,11.58573,86.35493
289.75000,11.58569,86.35336
289.80000,11.58566,86.35178
289.85000,11.58562,86.35021
289.90000,11.58559,86.34863
289.95000,11.58555,86.34706
290.00000,11.58551,86.34549
290.05000,11.58547,86.34392
290.10000,11.58544,86.34234
290.15000,11.58540,86.34077
290.20000,11.58537,86.33920
290.25000,11.58533,86.33762
290.30000,11.58530,86.33604
290.35000,11.58526,86.33447
290.40000,11.58523,86.33289
290.45000,11.58519,86.33132
290.50000,11.58516,86.32975
290.55000,11.58512,86.32818
290.60000,11.58509,86.32660
290.65000,11.58506,86.32503
290.70000,11.58502,86.32346
290.75000,11.58497,86.32188
290.80000,11.58492,86.32030
290.85000,11.58488,86.31873
290.90000,11.58483,86.31715
290.95000,11.58478,86.31558
291.00000,11.58474,86.31401
291.05000,11.58470,86.31243
291.10000,11.58467,86.31086
291.15000,11.58463,86.30929
291.20000,11.58460,86.30771
291.25000,11.58456,86.30614
291.30000,11.58453,86.30456
291.35000,11.58449,86.30299
291.40000,11.58445,86.30141
291.45000,11.58442,86.29984
291.50000,11.58438,86.29826
291.55000,11.58434,86.29669
291.60000,11.58430,86.29511
291.65000,11.58426,86.29354
291.70000,11.58423,86.29197
291.75000,11.58419,86.29039
291.80000,11.58416,86.28882
291.85000,11.58413,86.28724
291.90000,11.58410,86.28567
291.95000,11.58407,86.28410
292.00000,11.58404,86.28252
292.05000,11.58401,86.28094
292.10000,11.58398,86.27937
292.15000,11.58394,86.27779
292.20000,11.58391,86.27622
292.25000,11.58387,86.27464
292.30000,11.58383,86.27307
292.35000,11.58380,86.27150
292.40000,11.58376,86.26992
292.45000,11.58372,86.26835
292.50000,11.58368,86.26678
292.55000,11.58364,86.26520
292.60000,11.58361,86.26363
292.65000,11.58357,86.26205
292.70000,11.58353,86.26048
292.75000,11.58349,86.25890
292.80000,11.58346,86.25732
292.85000,11.58342,86.25575
292.90000,11.58338,86.25418
292.95000,11.58334,86.25260
293.00000,11.58330,86.25103
293.05000,11.58326,86.24945
293.10000,11.58322,86.24788
293.15000,11.58318,86.24631
293.20000,11.58315,86.24473
293.25000,11.58311,86.24316
293.30000,11.58307,86.24158
293.35000,11.58303,86.24001
293.40000,11.58300,86.23843
293.45000,11.58296,86.23685
293.50000,11.58292,86.23528
293.55000,11.58288,86.23370
293.60000,11.58285,86.23213
293.65000,11.58288,86.23056
293.70000,11.58291,86.22898
293.75000,11.58293,86.22741
293.80000,11.58296,86.22584
293.85000,11.58298,86.22426
293.90000,11.58300,86.22269
293.95000,11.58232,86.22112
294.00000,11.57955,86.21953
294.05000,11.57987,86.21794
294.10000,11.57976,86.21635
294.15000,11.57967,86.21477
294.20000,11.57956,86.21318
294.25000,11.57947,86.21160
294.30000,11.57937,86.21001
294.35000,11.57928,86.20843
294.40000,11.57771,86.20683
294.45000,11.57772,86.20524
294.50000,11.57762,86.20365
294.55000,11.57754,86.20206
294.60000,11.57745,86.20046
294.65000,11.57738,86.19887
294.70000,11.57729,86.19728
294.75000,11.57722,86.19569
294.80000,11.57714,86.19409
294.85000,11.57707,86.19250
294.90000,11.57701,86.19090
294.95000,11.57696,86.18931
295.00000,11.57691,86.18771
295.05000,11.57688,86.18613
295.10000,11.57683,86.18453
295.15000,11.57681,86.18294
295.20000,11.57675,86.18134
295.25000,11.57672,86.17975
295.30000,11.57667,86.17815
295.35000,11.57663,86.17656
295.40000,11.57658,86.17496
295.45000,11.57654,86.17337
295.50000,11.57649,86.17178
295.55000,11.57646,86.17019
295.60000,11.57642,86.16859
295.65000,11.57640,86.16700
295.70000,11.57637,86.16541
295.75000,11.57635,86.16381
295.80000,11.57632,86.16222
295.85000,11.57630,86.16062
295.90000,11.57627,86.15903
295.95000,11.57626,86.15744
296.00000,11.57624,86.15585
296.05000,11.57623,86.15425
296.10000,11.57621,86.15266
296.15000,11.57620,86.15106
296.20000,11.57618,86.14947
296.25000,11.57618,86.14788
296.30000,11.57617,86.14629
296.35000,11.57616,86.14469
296.40000,11.57614,86.14310
296.45000,11.57613,86.14151
296.50000,11.57612,86.13992
296.55000,11.57611,86.13832
296.60000,11.57611,86.13673
296.65000,11.57611,86.13514
296.70000,11.57611,86.13354
296.75000,11.57611,86.13195
296.80000,11.57610,86.13036
296.85000,11.57611,86.12877
296.90000,11.57612,86.12718
296.95000,11.57613,86.12559
297.00000,11.57613,86.12400
297.05000,11.57614,86.12241
297.10000,11.57616,86.12082
297.15000,11.57617,86.11922
297.20000,11.57619,86.11764
297.25000,11.57621,86.11604
297.30000,11.57622,86.11446
297.35000,11.57624,86.11286
297.40000,11.57626,86.11127
297.45000,11.57627,86.10969
297.50000,11.57629,86.10810
297.55000,11.57631,86.10651
297.60000,11.57633,86.10492
297.65000,11.57635,86.10333
297.70000,11.57638,86.10175
297.75000,11.57640,86.10016
297.80000,11.57642,86.09857
297.85000,11.57645,86.09698
297.90000,11.57646,86.09539
297.95000,11.57647,86.09380
298.00000,11.57649,86.09222
298.05000,11.57649,86.09064
298.10000,11.57651,86.08905
298.15000,11.57651,86.08746
298.20000,11.57652,86.08588
298.25000,11.57652,86.08429
298.30000,11.57652,86.08270
298.35000,11.57652,86.08112
298.40000,11.57652,86.07953
298.45000,11.57651,86.07795
298.50000,11.57650,86.07636
298.55000,11.57649,86.07478
298.60000,11.57648,86.07319
298.65000,11.57646,86.07160
298.70000,11.57644,86.07002
298.75000,11.57642,86.06844
298.80000,11.57640,86.06685
298.85000,11.57637,86.06526
298.90000,11.57633,86.06368
298.95000,11.57629,86.06210
299.00000,11.57624,86.06051
299.05000,11.57619,86.05893
299.10000,11.57613,86.05734
299.15000,11.57607,86.05576
299.20000,11.57599,86.05417
299.25000,11.57590,86.05258
299.30000,11.57580,86.05100
299.35000,11.57569,86.04942
299.40000,11.57556,86.04783
299.45000,11.57541,86.04624
299.50000,11.57525,86.04465
299.55000,11.57505,86.04307
299.60000,11.57482,86.04147
299.65000,11.57456,86.03989
299.70000,11.57425,86.03830
299.75000,11.57388,86.03671
299.80000,11.57343,86.03511
299.85000,11.57286,86.03352
299.90000,11.57216,86.03191
299.95000,11.57125,86.03032
300.00000,11.57001,86.02871
300.05000,11.56823,86.02710
300.10000,11.56552,86.02547
300.15000,11.56081,86.02383
300.20000,11.55092,86.02216
300.25000,11.87046,86.02171
300.30000,11.47309,86.01965
300.35000,11.43312,86.01743
300.40000,11.42733,86.01519
300.45000,11.42560,86.01294
300.50000,11.42569,86.01070
300.55000,11.42894,86.00846
300.60000,11.43283,86.00624
300.65000,11.43639,86.00404
300.70000,11.43978,86.00185
300.75000,11.44302,85.99967
300.80000,11.44614,85.99751
300.85000,11.44915,85.99535
300.90000,11.45207,85.99322
300.95000,11.45490,85.99109
301.00000,11.45767,85.98897
301.05000,11.46038,85.98686
301.10000,11.46303,85.98477
301.15000,11.46564,85.98269
301.20000,11.46821,85.98061
301.25000,11.47075,85.97855
301.30000,11.47326,85.97649
301.35000,11.47574,85.97445
301.40000,11.47820,85.97242
301.45000,11.48064,85.97040
301.50000,11.48306,85.96838
301.55000,11.48547,85.96638
301.60000,11.48786,85.96439
301.65000,11.49024,85.96240
301.70000,11.49261,85.96043
301.75000,11.49497,85.95847
301.80000,11.49731,85.95651
301.85000,11.49965,85.95457
301.90000,11.50198,85.95263
301.95000,11.50429,85.95071
302.00000,11.50660,85.94878
302.05000,11.50890,85.94688
302.10000,11.51119,85.94498
302.15000,11.51347,85.94309
302.20000,9.00000,85.92110
302.25000,11.47135,85.91905
302.30000,11.47353,85.91702
302.35000,11.47484,85.91498
302.40000,11.47524,85.91294
302.45000,11.47548,85.91091
302.50000,11.47582,85.90888
302.55000,11.47623,85.90685
302.60000,11.47673,85.90482
302.65000,11.47736,85.90280
302.70000,11.47813,85.90078
302.75000,11.47910,85.89877
302.80000,11.48033,85.89676
302.85000,11.48193,85.89475
302.90000,11.48408,85.89275
302.95000,11.48709,85.89077
303.00000,11.49160,85.88881
303.05000,11.49906,85.88687
303.10000,11.51343,85.88499
303.15000,11.86493,85.88455
303.20000,11.58803,85.88303
303.25000,11.54849,85.88137
303.30000,11.54133,85.87968
303.35000,11.54469,85.87800
303.40000,11.55522,85.87636
303.45000,11.56500,85.87476
303.50000,11.57414,85.87318
303.55000,11.58228,85.87165
303.60000,11.58925,85.87014
303.65000,11.59628,85.86866
303.70000,11.60120,85.86720
303.75000,11.60548,85.86575
303.80000,11.60883,85.86431
303.85000,11.61147,85.86288
303.90000,11.61352,85.86147
303.95000,11.61510,85.86006
304.00000,11.61637,85.85866
304.05000,11.61734,85.85725
304.10000,11.61807,85.85586
304.15000,11.61803,85.85446
304.20000,11.61758,85.85306
304.25000,11.61726,85.85165
304.30000,11.61705,85.85026
304.35000,11.61693,85.84885
304.40000,11.61689,85.84745
304.45000,11.61692,85.84605
304.50000,11.61675,85.84464
304.55000,11.61668,85.84324
304.60000,11.61669,85.84184
304.65000,11.61674,85.84044
304.70000,11.61683,85.83904
304.75000,11.61696,85.83763
304.80000,11.61712,85.83624
304.85000,11.61730,85.83483
304.90000,11.61751,85.83344
304.95000,11.61773,85.83203
305.00000,11.61781,85.83064
305.05000,11.61751,85.82924
305.10000,11.61720,85.82784
305.15000,11.61688,85.82644
305.20000,11.61655,85.82504
305.25000,11.61622,85.82363
305.30000,11.61589,85.82223
305.35000,11.61556,85.82082
305.40000,11.61522,85.81941
305.45000,11.61488,85.81800
305.50000,11.61455,85.81660
305.55000,11.61422,85.81519
305.60000,11.61389,85.81377
305.65000,11.61357,85.81236
305.70000,11.61325,85.81094
305.75000,11.61293,85.80953
305.80000,11.61263,85.80811
305.85000,11.61232,85.80669
305.90000,11.61201,85.80527
305.95000,11.61172,85.80386
306.00000,11.61142,85.80244
306.05000,11.61114,85.80102
306.10000,11.61086,85.79959
306.15000,11.61060,85.79817
306.20000,11.61034,85.79675
306.25000,11.61008,85.79532
306.30000,11.60983,85.79389
306.35000,11.60960,85.79247
306.40000,11.52122,85.79063
306.45000,11.33921,85.78806
306.50000,11.52444,85.78624
306.55000,11.52489,85.78442
306.60000,11.52567,85.78259
306.65000,11.52660,85.78078
306.70000,11.52758,85.77896
306.75000,11.52843,85.77715
306.80000,11.52922,85.77534
306.85000,11.53003,85.77354
306.90000,11.53087,85.77174
306.95000,11.53172,85.76995
307.00000,11.53259,85.76823
307.05000,11.53348,85.76652
307.10000,11.53439,85.76481
307.15000,11.53532,85.76310
307.20000,11.53625,85.76140
307.25000,11.53721,85.75970
307.30000,11.53817,85.75800
307.35000,11.53915,85.75631
307.40000,11.54014,85.75462
307.45000,11.54115,85.75294
307.50000,11.54216,85.75126
307.55000,11.54318,85.74959
307.60000,11.54422,85.74792
307.65000,9.00000,85.72681
307.70000,11.50152,85.72491
307.75000,11.50251,85.72301
307.80000,11.50340,85.72111
307.85000,11.50444,85.71921
307.90000,11.50547,85.71732
307.95000,11.50651,85.71543
308.00000,11.50756,85.71355
308.05000,11.50861,85.71168
308.10000,11.50966,85.70980
308.15000,11.51072,85.70794
308.20000,11.51178,85.70607
308.25000,11.51284,85.70422
308.30000,11.51389,85.70235
308.35000,11.51495,85.70051
308.40000,11.51614,85.69866
308.45000,11.51736,85.69682
308.50000,11.51858,85.69498
308.55000,11.51978,85.69315
308.60000,11.52099,85.69133
308.65000,11.52217,85.68951
308.70000,11.52336,85.68770
308.75000,11.52459,85.68588
308.80000,11.52581,85.68408
308.85000,11.52703,85.68228
308.90000,11.52823,85.68049
308.95000,11.52940,85.67877
309.00000,11.53055,85.67706
309.05000,11.53171,85.67535
309.10000,11.53286,85.67365
309.15000,11.53399,85.67195
309.20000,11.53514,85.67026
309.25000,11.53629,85.66856
309.30000,11.53738,85.66688
309.35000,11.53853,85.66520
309.40000,11.53959,85.66353
309.45000,11.54066,85.66185
309.50000,11.54172,85.66019
309.55000,11.54267,85.65852
309.60000,11.54361,85.65686
309.65000,11.54454,85.65520
309.70000,11.54546,85.65356
309.75000,11.54637,85.65191
309.80000,11.54726,85.65026
309.85000,11.54815,85.64862
309.90000,11.54903,85.64698
309.95000,11.54989,85.64535
310.00000,11.55075,85.64371
310.05000,11.55159,85.64209
310.10000,11.55242,85.64046
310.15000,11.55324,85.63884
310.20000,11.55405,85.63722
310.25000,11.55484,85.63560
310.30000,11.55563,85.63400
310.35000,11.55640,85.63239
310.40000,11.85595,85.63194
310.45000,11.60118,85.63050
310.50000,11.60196,85.62907
310.55000,11.60287,85.62763
310.60000,11.60360,85.62621
310.65000,11.60429,85.62478
310.70000,11.60499,85.62336
310.75000,11.60566,85.62193
310.80000,11.60631,85.62052
310.85000,11.60695,85.61910
310.90000,11.60758,85.61769
310.95000,11.60819,85.61628
311.00000,11.60879,85.61488
311.05000,11.60937,85.61347
311.10000,11.60959,85.61206
311.15000,11.60899,85.61066
311.20000,11.60840,85.60925
311.25000,11.60783,85.60784
311.30000,11.60727,85.60642
311.35000,11.60673,85.60501
311.40000,11.60620,85.60359
311.45000,11.60569,85.60217
311.50000,11.60518,85.60075
311.55000,11.60470,85.59933
311.60000,11.60422,85.59791
311.65000,11.60376,85.59648
311.70000,11.60332,85.59505
311.75000,11.60289,85.59363
311.80000,11.60247,85.59220
311.85000,11.60206,85.59077
311.90000,11.60167,85.58933
311.95000,11.60129,85.58790
312.00000,11.60092,85.58646
312.05000,11.60057,85.58503
312.10000,11.60023,85.58359
312.15000,9.00000,85.56275
312.20000,11.55486,85.56115
312.25000,11.55447,85.55954
312.30000,11.55408,85.55793
312.35000,11.55376,85.55632
312.40000,11.55345,85.55471
312.45000,11.55315,85.55310
312.50000,11.55285,85.55149
312.55000,11.55257,85.54987
312.60000,11.55230,85.54826
312.65000,11.55204,85.54665
312.70000,11.55180,85.54504
312.75000,11.55156,85.54342
312.80000,11.55134,85.54180
312.85000,11.55112,85.54018
312.90000,11.55092,85.53857
312.95000,11.55073,85.53695
313.00000,11.55055,85.53532
313.05000,11.55037,85.53371
313.10000,11.55021,85.53209
313.15000,11.55006,85.53046
313.20000,11.54992,85.52885
313.25000,11.54978,85.52722
313.30000,11.54966,85.52560
313.35000,11.54955,85.52398
313.40000,11.54944,85.52235
313.45000,11.54934,85.52074
313.50000,11.54925,85.51911
313.55000,11.54917,85.51749
313.60000,11.54910,85.51587
313.65000,11.54903,85.51424
313.70000,11.54898,85.51262
313.75000,11.54893,85.51100
313.80000,11.54889,85.50938
313.85000,11.54885,85.50775
313.90000,11.54881,85.50613
313.95000,11.54879,85.50451
314.00000,11.54878,85.50288
314.05000,11.54876,85.50126
314.10000,11.54876,85.49964
314.15000,11.54877,85.49802
314.20000,11.54878,85.49639
314.25000,11.54880,85.49477
314.30000,11.54882,85.49315
314.35000,11.54884,85.49153
314.40000,11.54887,85.48991
314.45000,11.54890,85.48829
314.50000,11.54894,85.48666
314.55000,11.54898,85.48505
314.60000,11.54902,85.48343
314.65000,11.54908,85.48180
314.70000,11.54914,85.48019
314.75000,11.54920,85.47857
314.80000,11.54927,85.47695
314.85000,11.54934,85.47533
314.90000,11.54941,85.47372
314.95000,11.54949,85.47210
315.00000,11.54957,85.47048
315.05000,11.54964,85.46886
315.10000,11.54972,85.46725
315.15000,11.54980,85.46564
315.20000,11.54989,85.46402
315.25000,11.54997,85.46241
315.30000,11.55006,85.46079
315.35000,11.55015,85.45918
315.40000,11.55026,85.45757
315.45000,11.55038,85.45596
315.50000,11.55049,85.45435
315.55000,11.55061,85.45274
315.60000,11.55073,85.45113
315.65000,11.55085,85.44952
315.70000,11.55098,85.44791
315.75000,11.55111,85.44630
315.80000,11.55124,85.44469
315.85000,11.55137,85.44308
315.90000,11.55150,85.44147
315.95000,11.55162,85.43987
316.00000,11.55175,85.43826
316.05000,11.55190,85.43666
316.10000,11.55205,85.43506
316.15000,11.55220,85.43346
316.20000,11.55236,85.43185
316.25000,11.55253,85.43025
316.30000,11.55271,85.42865
316.35000,11.55290,85.42705
316.40000,11.55310,85.42545
316.45000,11.55333,85.42385
316.50000,11.55357,85.42226
316.55000,11.55383,85.42066
316.60000,11.55413,85.41907
316.65000,11.55446,85.41747
316.70000,11.55484,85.41589
316.75000,11.55528,85.41430
316.80000,11.55578,85.41271
316.85000,11.55637,85.41113
316.90000,11.55707,85.40955
316.95000,11.55790,85.40797
317.00000,11.55892,85.40639
317.05000,11.56015,85.40482
317.10000,11.55910,85.40324
317.15000,11.55712,85.40166
317.20000,11.55464,85.40008
317.25000,11.55147,85.39848
317.30000,11.54733,85.39686
317.35000,11.54177,85.39522
317.40000,11.84997,85.39477
317.45000,11.57795,85.39326
317.50000,11.56153,85.39170
317.55000,11.54347,85.39007
317.60000,11.52929,85.38838
317.65000,11.51481,85.38657
317.70000,11.49993,85.38470
317.75000,11.48680,85.38277
317.80000,11.47400,85.38079
317.85000,11.46508,85.37878
317.90000,11.46357,85.37675
317.95000,11.46567,85.37475
318.00000,11.47052,85.37276
318.05000,11.47347,85.37078
318.10000,11.47392,85.36880
318.15000,11.47446,85.36683
318.20000,11.47506,85.36485
318.25000,11.47572,85.36288
318.30000,11.47645,85.36092
318.35000,11.47723,85.35896
318.40000,11.47808,85.35700
318.45000,11.47899,85.35505
318.50000,11.47995,85.35310
318.55000,11.48097,85.35115
318.60000,11.48205,85.34921
318.65000,11.48318,85.34727
318.70000,11.48436,85.34534
318.75000,11.48559,85.34341
318.80000,11.48687,85.34149
318.85000,11.48819,85.33958
318.90000,11.48956,85.33767
318.95000,11.49097,85.33576
319.00000,11.49242,85.33386
319.05000,11.49391,85.33197
319.10000,11.49544,85.33009
319.15000,11.49700,85.32821
319.20000,11.49859,85.32633
319.25000,11.50021,85.32447
319.30000,11.50185,85.32261
319.35000,11.50353,85.32076
319.40000,11.50522,85.31892
319.45000,11.50694,85.31708
319.50000,11.50867,85.31525
319.55000,11.51042,85.31342
319.60000,11.51219,85.31160
319.65000,11.51397,85.30979
319.70000,9.00000,85.28856
319.75000,11.47172,85.28659
319.80000,11.47469,85.28463
319.85000,11.48011,85.28269
319.90000,11.48735,85.28078
319.95000,11.49521,85.27891
320.00000,11.50574,85.27708
320.05000,11.84537,85.27663
320.10000,11.59335,85.27520
320.15000,11.59301,85.27378
320.20000,11.57901,85.27230
320.25000,11.57079,85.27079
320.30000,11.56491,85.26926
320.35000,11.56258,85.26772
320.40000,11.56388,85.26618
320.45000,11.56376,85.26464
320.50000,11.56343,85.26311
320.55000,11.56307,85.26157
320.60000,11.56280,85.26003
320.65000,11.56255,85.25848
320.70000,11.56234,85.25694
320.75000,11.56215,85.25540
320.80000,11.56201,85.25386
320.85000,11.56191,85.25232
320.90000,11.56182,85.25078
320.95000,11.56183,85.24924
321.00000,11.56184,85.24770
321.05000,11.56187,85.24615
321.10000,11.56192,85.24461
321.15000,11.56199,85.24306
321.20000,11.56207,85.24153
321.25000,11.56217,85.23999
321.30000,11.56227,85.23845
321.35000,11.56239,85.23691
321.40000,11.56251,85.23537
321.45000,11.56263,85.23383
321.50000,11.56276,85.23229
321.55000,11.56289,85.23076
321.60000,11.56302,85.22923
321.65000,11.56315,85.22768
321.70000,11.56328,85.22615
321.75000,11.56340,85.22462
321.80000,11.56351,85.22308
321.85000,11.56343,85.22155
321.90000,11.56324,85.22002
321.95000,11.56317,85.21848
322.00000,11.56313,85.21695
322.05000,11.56310,85.21542
322.10000,11.56309,85.21388
322.15000,11.56310,85.21235
322.20000,11.56313,85.21082
322.25000,11.56318,85.20928
322.30000,11.56324,85.20775
322.35000,11.56332,85.20621
322.40000,11.56341,85.20468
322.45000,11.56352,85.20315
322.50000,11.56364,85.20161
322.55000,11.56378,85.20009
322.60000,11.56393,85.19855
322.65000,11.56410,85.19703
322.70000,11.56428,85.19550
322.75000,11.56447,85.19397
322.80000,11.56467,85.19244
322.85000,11.56488,85.19092
322.90000,11.56511,85.18940
322.95000,11.56534,85.18787
323.00000,11.56559,85.18635
323.05000,11.56584,85.18483
323.10000,11.56611,85.18331
323.15000,9.00000,85.16203
323.20000,11.52108,85.16034
323.25000,11.52165,85.15865
323.30000,11.52220,85.15697
323.35000,11.52173,85.15529
323.40000,11.52134,85.15361
323.45000,11.52103,85.15192
323.50000,11.52077,85.15024
323.55000,11.52057,85.14855
323.60000,11.52043,85.14687
323.65000,11.52033,85.14518
323.70000,11.52030,85.14349
323.75000,11.52078,85.14181
323.80000,11.52401,85.14014
323.85000,11.52904,85.13848
323.90000,11.53421,85.13685
323.95000,11.53962,85.13524
324.00000,11.54503,85.13364
324.05000,11.55035,85.13207
324.10000,11.54915,85.13050
324.15000,11.54954,85.12892
324.20000,11.54992,85.12735
324.25000,11.55041,85.12578
324.30000,11.55058,85.12421
324.35000,11.54978,85.12264
324.40000,11.54895,85.12106
324.45000,11.54804,85.11948
324.50000,11.54697,85.11790
324.55000,11.54602,85.11632
324.60000,11.54503,85.11473
324.65000,11.54403,85.11314
324.70000,11.54304,85.11153
324.75000,11.54202,85.10994
324.80000,11.54099,85.10833
324.85000,11.53992,85.10673
324.90000,11.53881,85.10511
324.95000,11.53771,85.10349
325.00000,11.53664,85.10188
325.05000,11.53579,85.10025
325.10000,11.53593,85.09863
325.15000,11.53705,85.09701
325.20000,11.53796,85.09540
325.25000,11.53870,85.09379
325.30000,11.53923,85.09218
325.35000,11.53964,85.09057
325.40000,11.53984,85.08896
325.45000,11.53989,85.08736
325.50000,11.53979,85.08575
325.55000,11.53915,85.08414
325.60000,11.39648,85.08189
325.65000,11.40802,85.07969
325.70000,11.40709,85.07749
325.75000,11.40715,85.07529
325.80000,11.80193,85.07468
325.85000,10.61917,85.06934
325.90000,11.35423,85.06693
325.95000,11.35234,85.06451
326.00000,11.35234,85.06210
326.05000,11.34455,85.05965
326.10000,11.34321,85.05719
326.15000,11.34935,85.05476
326.20000,11.34615,85.05232
326.25000,11.34437,85.04987
326.30000,11.34723,85.04744
326.35000,11.34570,85.04500
326.40000,11.34169,85.04254
326.45000,11.34048,85.04008
326.50000,11.34029,85.03761
326.55000,11.33292,85.03513
326.60000,11.32035,85.03259
326.65000,11.31798,85.03003
326.70000,11.37124,85.02769
326.75000,11.39781,85.02547
326.80000,11.39031,85.02320
326.85000,11.38517,85.02092
326.90000,11.38237,85.01863
326.95000,11.38137,85.01633
327.00000,11.27399,85.01362
327.05000,11.33119,85.01112
327.10000,11.33257,85.00864
327.15000,11.34738,85.00620
327.20000,11.33323,85.00372
327.25000,11.32814,85.00121
327.30000,11.29890,84.99860
327.35000,11.29590,84.99596
327.40000,11.27416,84.99325
327.45000,11.27048,84.99052
327.50000,11.27293,84.98779
327.55000,11.27482,84.98508
327.60000,11.27677,84.98237
327.65000,11.27883,84.97968
327.70000,11.28236,84.97699
327.75000,11.28460,84.97432
327.80000,11.28707,84.97166
327.85000,11.28966,84.96901
327.90000,11.29235,84.96636
327.95000,11.29513,84.96374
328.00000,11.29806,84.96112
328.05000,11.30106,84.95851
328.10000,11.30420,84.95592
328.15000,11.30740,84.95335
328.20000,11.31076,84.95078
328.25000,11.31301,84.94823
328.30000,11.31600,84.94569
328.35000,11.83203,84.94523
328.40000,11.54598,84.94367
328.45000,11.53795,84.94208
328.50000,11.53124,84.94046
328.55000,11.52997,84.93884
328.60000,11.52497,84.93720
328.65000,11.52510,84.93556
328.70000,11.52512,84.93393
328.75000,11.52303,84.93228
328.80000,11.52111,84.93063
328.85000,11.51911,84.92896
328.90000,11.51777,84.92730
328.95000,11.51616,84.92563
329.00000,11.51421,84.92395
329.05000,11.51278,84.92226
329.10000,9.00000,84.90113
329.15000,11.35478,84.89876
329.20000,11.35204,84.89636
329.25000,11.35050,84.89397
329.30000,11.82920,84.89352
329.35000,11.51653,84.89185
329.40000,11.51157,84.89017
329.45000,11.50875,84.88847
329.50000,11.51221,84.88680
329.55000,11.51558,84.88513
329.60000,11.51671,84.88347
329.65000,9.00000,84.86230
329.70000,11.36496,84.85997
329.75000,11.36222,84.85763
329.80000,11.36076,84.85529
329.85000,11.82757,84.85483
329.90000,11.52199,84.85320
329.95000,11.51653,84.85154
330.00000,11.51366,84.84988
330.05000,11.51473,84.84821
330.10000,11.51794,84.84657
330.15000,11.51863,84.84492
330.20000,11.51933,84.84328
330.25000,9.00000,84.82197
330.30000,11.37528,84.81969
330.35000,11.37252,84.81740
330.40000,11.37105,84.81510
330.45000,11.82570,84.81464
330.50000,11.51482,84.81300
330.55000,11.50866,84.81132
330.60000,11.50481,84.80962
330.65000,11.50394,84.80793
330.70000,11.50690,84.80625
330.75000,11.51039,84.80458
330.80000,9.00000,84.78332
330.85000,11.38165,84.78107
330.90000,11.37959,84.77882
330.95000,11.37804,84.77655
331.00000,11.82366,84.77610
331.05000,11.50781,84.77443
331.10000,11.50124,84.77273
331.15000,11.49654,84.77101
331.20000,11.49661,84.76930
331.25000,11.50179,84.76761
331.30000,11.50333,84.76591
331.35000,11.50372,84.76423
331.40000,9.00000,84.74300
331.45000,11.38978,84.74079
331.50000,11.38700,84.73858
331.55000,11.38561,84.73635
331.60000,11.82156,84.73590
331.65000,11.50284,84.73421
331.70000,11.49700,84.73251
331.75000,11.49512,84.73080
331.80000,11.49697,84.72910
331.85000,11.49891,84.72739
331.90000,11.50041,84.72571
331.95000,9.00000,84.70451
332.00000,11.39462,84.70232
332.05000,11.39256,84.70013
332.10000,11.39102,84.69794
332.15000,11.81953,84.69749
332.20000,11.50175,84.69581
332.25000,11.49786,84.69411
332.30000,11.49725,84.69242
332.35000,11.49948,84.69073
332.40000,11.50021,84.68905
332.45000,11.50094,84.68736
332.50000,9.00000,84.66616
332.55000,11.39792,84.66400
332.60000,11.39579,84.66183
332.65000,11.39429,84.65967
332.70000,11.81755,84.65921
332.75000,11.50224,84.65754
332.80000,11.49870,84.65586
332.85000,11.49765,84.65417
332.90000,11.49816,84.65249
332.95000,11.49940,84.65080
333.00000,11.49987,84.64912
333.05000,9.00000,84.62794
333.10000,11.40069,84.62580
333.15000,11.39733,84.62365
333.20000,11.39719,84.62150
333.25000,11.81555,84.62104
333.30000,11.50190,84.61938
333.35000,11.49817,84.61770
333.40000,11.49712,84.61602
333.45000,11.49796,84.61434
333.50000,11.49887,84.61266
333.55000,9.00000,84.59150
333.60000,11.40161,84.58937
333.65000,11.39889,84.58723
333.70000,11.39806,84.58509
333.75000,11.81357,84.58464
333.80000,11.50112,84.58298
333.85000,11.49707,84.58131
333.90000,11.49481,84.57962
333.95000,11.49443,84.57794
334.00000,11.49579,84.57626
334.05000,11.49613,84.57458
334.10000,11.49649,84.57291
334.15000,9.00000,84.55178
334.20000,11.40426,84.54967
334.25000,11.40288,84.54756
334.30000,11.40130,84.54544
334.35000,11.81151,84.54498
334.40000,11.49823,84.54332
334.45000,11.49459,84.54165
334.50000,11.49287,84.53996
334.55000,11.49221,84.53828
334.60000,11.49158,84.53659
334.65000,11.49239,84.53490
334.70000,11.49301,84.53323
334.75000,11.49345,84.53155
334.80000,9.00000,84.51047
334.85000,11.40847,84.50838
334.90000,11.40639,84.50629
334.95000,11.40489,84.50420
335.00000,11.80943,84.50375
335.05000,11.49739,84.50208
335.10000,11.49444,84.50041
335.15000,11.49290,84.49874
335.20000,11.49211,84.49706
335.25000,11.49242,84.49538
335.30000,11.49324,84.49371
335.35000,11.49384,84.49204
335.40000,9.00000,84.47099
335.45000,11.40998,84.46892
335.50000,11.40795,84.46684
335.55000,11.40647,84.46475
335.60000,11.80744,84.46430
335.65000,11.49842,84.46265
335.70000,11.49522,84.46100
335.75000,11.49342,84.45933
335.80000,11.49292,84.45766
335.85000,11.49330,84.45599
335.90000,11.49398,84.45433
335.95000,11.49460,84.45267
336.00000,11.49524,84.45102
336.05000,9.00000,84.42996
336.10000,11.41198,84.42790
336.15000,11.40991,84.42584
336.20000,11.40838,84.42377
336.25000,11.80548,84.42332
336.30000,11.50078,84.42169
336.35000,11.49788,84.42005
336.40000,11.49597,84.41840
336.45000,11.49496,84.41675
336.50000,11.49501,84.41510
336.55000,11.49559,84.41345
336.60000,11.49623,84.41180
336.65000,11.49690,84.41016
336.70000,9.00000,84.38908
336.75000,11.41334,84.38704
336.80000,11.41126,84.38499
336.85000,11.40980,84.38293
336.90000,11.80359,84.38248
336.95000,11.50248,84.38087
337.00000,11.49975,84.37924
337.05000,11.49806,84.37761
337.10000,11.49745,84.37597
337.15000,11.49779,84.37434
337.20000,11.49836,84.37271
337.25000,11.49895,84.37108
337.30000,11.49955,84.36945
337.35000,9.00000,84.34834
337.40000,11.41302,84.34630
337.45000,11.41094,84.34426
337.50000,11.40945,84.34221
337.55000,11.80171,84.34176
337.60000,11.50538,84.34016
337.65000,11.50279,84.33855
337.70000,11.50101,84.33694
337.75000,11.50020,84.33532
337.80000,11.50019,84.33371
337.85000,11.50061,84.33209
337.90000,11.50110,84.33047
337.95000,11.50165,84.32887
338.00000,11.50220,84.32726
338.05000,9.00000,84.30610
338.10000,11.41255,84.30408
338.15000,11.41050,84.30204
338.20000,11.40903,84.30000
338.25000,11.79981,84.29955
338.30000,11.50693,84.29796
338.35000,11.50426,84.29636
338.40000,11.50237,84.29477
338.45000,11.50141,84.29316
338.50000,11.50130,84.29156
338.55000,11.50166,84.28996
338.60000,11.50202,84.28835
338.65000,11.50238,84.28675
338.70000,11.50280,84.28516
338.75000,11.50324,84.28355
338.80000,11.50369,84.28196
338.85000,9.00000,84.26077
338.90000,11.41275,84.25876
338.95000,11.41064,84.25673
339.00000,11.40917,84.25469
339.05000,11.79784,84.25424
339.10000,11.50788,84.25267
339.15000,11.50523,84.25109
339.20000,11.50340,84.24950
339.25000,11.50243,84.24791
339.30000,11.50216,84.24632
339.35000,11.50237,84.24472
339.40000,11.50268,84.24313
339.45000,11.50303,84.24154
339.50000,11.50338,84.23995
339.55000,11.50384,84.23837
339.60000,11.50420,84.23678
339.65000,9.00000,84.21557
339.70000,11.41248,84.21355
339.75000,11.41034,84.21154
339.80000,11.79592,84.21108
339.85000,11.50793,84.20952
339.90000,11.50570,84.20795
339.95000,11.50461,84.20638
340.00000,11.50435,84.20480
340.05000,11.50465,84.20322
340.10000,11.50504,84.20164
340.15000,11.50540,84.20007
340.20000,11.50584,84.19849
340.25000,9.00000,84.17728
340.30000,11.40984,84.17526
340.35000,11.40846,84.17324
340.40000,11.79408,84.17279
340.45000,11.50898,84.17123
340.50000,11.50678,84.16968
340.55000,11.50543,84.16811
340.60000,11.50519,84.16654
340.65000,11.50548,84.16497
340.70000,11.50583,84.16341
340.75000,11.50621,84.16184
340.80000,11.50653,84.16029
340.85000,11.50688,84.15872
340.90000,9.00000,84.13750
340.95000,11.40808,84.13548
341.00000,11.40596,84.13346
341.05000,11.79221,84.13301
341.10000,11.50998,84.13146
341.15000,11.50794,84.12991
341.20000,11.50661,84.12836
341.25000,11.50654,84.12680
341.30000,11.50680,84.12525
341.35000,11.50709,84.12370
341.40000,11.50738,84.12215
341.45000,11.50771,84.12060
341.50000,9.00000,84.09963
341.55000,11.39545,84.09757
341.60000,11.40563,84.09556
341.65000,11.40414,84.09353
341.70000,11.45662,84.09172
341.75000,11.79030,84.09127
341.80000,11.50810,84.08972
341.85000,11.50625,84.08817
341.90000,11.50498,84.08662
341.95000,11.50388,84.08507
342.00000,11.50281,84.08350
342.05000,11.50174,84.08194
342.10000,11.50068,84.08037
342.15000,11.49980,84.07880
342.20000,11.49921,84.07722
342.25000,11.49892,84.07564
342.30000,11.49893,84.07407
342.35000,11.49917,84.07249
342.40000,11.49938,84.07092
342.45000,11.49963,84.06934
342.50000,11.49988,84.06777
342.55000,11.50012,84.06620
342.60000,11.50033,84.06463
342.65000,9.00000,84.04362
342.70000,11.45562,84.04181
342.75000,11.45572,84.04000
342.80000,11.45548,84.03819
342.85000,11.45508,84.03638
342.90000,11.45459,84.03456
342.95000,11.45397,84.03275
343.00000,11.45323,84.03093
343.05000,11.45236,84.02911
343.10000,11.40253,84.02709
343.15000,11.41318,84.02512
343.20000,11.78797,84.02467
343.25000,11.49307,84.02307
343.30000,11.48891,84.02147
343.35000,11.48551,84.01985
343.40000,11.48292,84.01822
343.45000,11.48144,84.01659
343.50000,11.48048,84.01495
343.55000,11.47945,84.01331
343.60000,11.47836,84.01166
343.65000,9.00000,83.99042
343.70000,11.41221,83.98845
343.75000,11.41009,83.98647
343.80000,11.40857,83.98448
343.85000,11.40708,83.98248
343.90000,11.78582,83.98203
343.95000,11.46679,83.98035
344.00000,11.46054,83.97865
344.05000,11.45598,83.97684
344.10000,11.45269,83.97504
344.15000,11.45010,83.97321
344.20000,11.45155,83.97140
344.25000,11.45482,83.96960
344.30000,11.45562,83.96780
344.35000,11.45631,83.96600
344.40000,9.00000,83.94494
344.45000,11.41130,83.94297
344.50000,11.40789,83.94099
344.55000,11.40714,83.93900
344.60000,11.40555,83.93701
344.65000,11.40401,83.93502
344.70000,11.78330,83.93456
344.75000,11.45656,83.93285
344.80000,11.45283,83.93105
344.85000,11.45107,83.92924
344.90000,11.45099,83.92743
344.95000,11.45213,83.92563
345.00000,11.45374,83.92383
345.05000,11.45497,83.92204
345.10000,11.45620,83.92032
345.15000,9.00000,83.89940
345.20000,11.40758,83.89742
345.25000,11.40487,83.89544
345.30000,11.40276,83.89345
345.35000,11.40064,83.89144
345.40000,11.39912,83.88943
345.45000,11.39756,83.88742
345.50000,11.39607,83.88541
345.55000,11.78084,83.88495
345.60000,11.47868,83.88333
345.65000,11.47741,83.88171
345.70000,11.47744,83.88008
345.75000,11.47832,83.87846
345.80000,11.48003,83.87684
345.85000,11.48166,83.87523
345.90000,11.48325,83.87363
345.95000,11.48486,83.87203
346.00000,11.48650,83.87045
346.05000,11.48813,83.86886
346.10000,9.00000,83.84784
346.15000,11.39884,83.84584
346.20000,11.39673,83.84383
346.25000,11.39458,83.84181
346.30000,11.39312,83.83979
346.35000,11.44686,83.83798
346.40000,11.45905,83.83629
346.45000,11.45914,83.83460
346.50000,11.46086,83.83292
346.55000,11.46288,83.83125
346.60000,11.46484,83.82958
346.65000,11.46677,83.82793
346.70000,11.46865,83.82628
346.75000,11.46971,83.82463
346.80000,11.47065,83.82299
346.85000,11.47162,83.82135
346.90000,11.47259,83.81972
346.95000,11.47355,83.81808
347.00000,11.47451,83.81646
347.05000,11.47547,83.81483
347.10000,11.47642,83.81322
347.15000,11.47739,83.81160
347.20000,11.47834,83.80999
347.25000,11.47931,83.80838
347.30000,11.48029,83.80678
347.35000,11.48124,83.80518
347.40000,11.48217,83.80357
347.45000,11.48306,83.80199
347.50000,11.48394,83.80039
347.55000,11.48479,83.79881
347.60000,11.27330,83.79631
347.65000,11.28819,83.79388
347.70000,11.28610,83.79143
347.75000,11.28448,83.78898
347.80000,11.28413,83.78653
347.85000,11.28426,83.78407
347.90000,11.28519,83.78162
347.95000,11.28610,83.77918
348.00000,11.28788,83.77675
348.05000,11.28950,83.77432
348.10000,11.29072,83.77190
348.15000,11.29271,83.76948
348.20000,11.29473,83.76707
348.25000,11.29621,83.76467
348.30000,11.29859,83.76228
348.35000,11.30024,83.75990
348.40000,11.30274,83.75752
348.45000,11.30463,83.75516
348.50000,11.30678,83.75280
348.55000,11.30957,83.75046
348.60000,11.31176,83.74812
348.65000,11.31411,83.74580
348.70000,11.31657,83.74348
348.75000,11.77658,83.74303
348.80000,11.51570,83.74157
348.85000,11.51070,83.74009
348.90000,11.50708,83.73859
348.95000,11.50473,83.73709
349.00000,11.50366,83.73559
349.05000,11.50308,83.73408
349.10000,11.50231,83.73257
349.15000,11.50156,83.73105
349.20000,11.50085,83.72953
349.25000,11.50019,83.72801
349.30000,11.49957,83.72649
349.35000,11.49897,83.72497
349.40000,11.49839,83.72344
349.45000,11.49783,83.72192
349.50000,11.49730,83.72038
349.55000,11.49680,83.71886
349.60000,11.49633,83.71732
349.65000,11.49584,83.71578
349.70000,9.00000,83.69432
349.75000,11.34236,83.69212
349.80000,11.34168,83.68990
349.85000,11.77452,83.68945
349.90000,11.49543,83.68792
349.95000,11.49216,83.68638
350.00000,11.48984,83.68483
350.05000,11.48823,83.68327
350.10000,11.48734,83.68171
350.15000,11.48697,83.68015
350.20000,11.48663,83.67859
350.25000,11.48632,83.67702
350.30000,11.48604,83.67545
350.35000,11.48579,83.67389
350.40000,11.48557,83.67233
350.45000,9.00000,83.65089
350.50000,11.35205,83.64874
350.55000,11.77266,83.64828
350.60000,11.48646,83.64673
350.65000,11.48395,83.64516
350.70000,11.48266,83.64359
350.75000,11.48177,83.64201
350.80000,11.48122,83.64043
350.85000,9.00000,83.61902
350.90000,11.35415,83.61687
350.95000,11.35278,83.61472
351.00000,11.77088,83.61427
351.05000,11.48224,83.61271
351.10000,11.47907,83.61113
351.15000,11.47709,83.60954
351.20000,11.47610,83.60795
351.25000,11.47601,83.60636
351.30000,11.47594,83.60477
351.35000,11.47590,83.60318
351.40000,11.47588,83.60159
351.45000,11.47589,83.60000
351.50000,9.00000,83.57860
351.55000,11.35731,83.57648
351.60000,11.35611,83.57435
351.65000,11.35590,83.57222
351.70000,11.76894,83.57177
351.75000,11.47717,83.57019
351.80000,11.47358,83.56860
351.85000,11.47124,83.56700
351.90000,11.46955,83.56539
351.95000,11.46876,83.56378
352.00000,11.46853,83.56217
352.05000,11.46857,83.56056
352.10000,11.46867,83.55895
352.15000,11.46878,83.55734
352.20000,11.46892,83.55573
352.25000,11.46909,83.55412
352.30000,9.00000,83.53275
352.35000,11.36398,83.53065
352.40000,11.36190,83.52856
352.45000,11.36041,83.52645
352.50000,11.76693,83.52600
352.55000,11.47159,83.52441
352.60000,11.46819,83.52280
352.65000,11.46599,83.52119
352.70000,11.46482,83.51958
352.75000,11.46420,83.51796
352.80000,11.46407,83.51633
352.85000,11.46423,83.51472
352.90000,11.46446,83.51310
352.95000,11.46469,83.51148
353.00000,9.00000,83.49011
353.05000,11.36659,83.48804
353.10000,11.36468,83.48596
353.15000,11.76505,83.48551
353.20000,11.46722,83.48392
353.25000,11.46513,83.48231
353.30000,11.46426,83.48069
353.35000,11.46442,83.47908
353.40000,9.00000,83.45771
353.45000,11.36455,83.45564
353.50000,11.36249,83.45355
353.55000,11.76332,83.45310
353.60000,11.46732,83.45151
353.65000,11.46502,83.44991
353.70000,11.46387,83.44830
353.75000,11.46296,83.44669
353.80000,11.46271,83.44508
353.85000,11.46294,83.44347
353.90000,9.00000,83.42210
353.95000,11.36515,83.42004
354.00000,11.36234,83.41796
354.05000,11.76153,83.41751
354.10000,11.46556,83.41592
354.15000,11.46320,83.41431
354.20000,11.46212,83.41270
354.25000,11.46208,83.41110
354.30000,11.46233,83.40949
354.35000,9.00000,83.38812
354.40000,11.36301,83.38606
354.45000,11.36112,83.38399
354.50000,11.35953,83.38191
354.55000,11.75972,83.38146
354.60000,11.46478,83.37987
354.65000,11.46192,83.37827
354.70000,11.46065,83.37666
354.75000,11.46052,83.37506
354.80000,11.46067,83.37345
354.85000,11.46087,83.37185
354.90000,11.46105,83.37025
354.95000,11.46131,83.36864
355.00000,9.00000,83.34727
355.05000,11.36276,83.34521
355.10000,11.36004,83.34315
355.15000,11.35863,83.34107
355.20000,11.75783,83.34062
355.25000,11.46434,83.33904
355.30000,11.46174,83.33744
355.35000,11.46034,83.33585
355.40000,11.45971,83.33424
355.45000,11.45985,83.33264
355.50000,11.46004,83.33104
355.55000,11.46024,83.32944
355.60000,9.00000,83.30807
355.65000,11.36089,83.30602
355.70000,11.35950,83.30396
355.75000,11.75603,83.30350
355.80000,11.46283,83.30192
355.85000,11.46043,83.30032
355.90000,11.45947,83.29873
355.95000,11.45955,83.29713
356.00000,11.45979,83.29554
356.05000,11.46004,83.29395
356.10000,9.00000,83.27258
356.15000,11.35993,83.27052
356.20000,11.35800,83.26846
356.25000,11.35657,83.26640
356.30000,11.75421,83.26595
356.35000,11.46230,83.26437
356.40000,11.45976,83.26278
356.45000,11.45838,83.26118
356.50000,11.45772,83.25959
356.55000,11.45777,83.25800
356.60000,11.45797,83.25640
356.65000,11.45817,83.25481
356.70000,11.45841,83.25321
356.75000,11.45863,83.25162
356.80000,9.00000,83.23026
356.85000,11.35969,83.22821
356.90000,11.35765,83.22615
356.95000,11.35616,83.22409
357.00000,11.75231,83.22364
357.05000,11.46124,83.22207
357.10000,11.45860,83.22048
357.15000,11.45703,83.21889
357.20000,11.45633,83.21729
357.25000,11.45649,83.21571
357.30000,11.45668,83.21411
357.35000,11.45692,83.21252
357.40000,11.45718,83.21093
357.45000,11.45747,83.20934
357.50000,9.00000,83.18798
357.55000,11.35911,83.18594
357.60000,11.35700,83.18388
357.65000,11.35553,83.18183
357.70000,11.75043,83.18138
357.75000,11.45988,83.17981
357.80000,11.45718,83.17822
357.85000,11.45593,83.17664
357.90000,11.45565,83.17505
357.95000,11.45584,83.17345
358.00000,11.45610,83.17187
358.05000,11.45636,83.17028
358.10000,11.45662,83.16870
358.15000,11.45689,83.16711
358.20000,9.00000,83.14576
358.25000,11.35807,83.14371
358.30000,11.35595,83.14167
358.35000,11.35459,83.13962
358.40000,11.74855,83.13917
358.45000,11.45953,83.13760
358.50000,11.45703,83.13602
358.55000,11.45574,83.13444
358.60000,11.45566,83.13286
358.65000,11.45592,83.13128
358.70000,11.45621,83.12970
358.75000,11.45649,83.12812
358.80000,11.45686,83.12654
358.85000,9.00000,83.10518
358.90000,11.35627,83.10314
358.95000,11.35422,83.10109
359.00000,11.74677,83.10064
359.05000,11.46028,83.09908
359.10000,11.45825,83.09752
359.15000,11.45720,83.09595
359.20000,11.45720,83.09438
359.25000,11.45747,83.09281
359.30000,11.45772,83.09125
359.35000,9.00000,83.06988
359.40000,11.35335,83.06783
359.45000,11.35126,83.06578
359.50000,11.34991,83.06373
359.55000,11.74498,83.06328
359.60000,11.46070,83.06173
359.65000,11.45843,83.06017
359.70000,11.45705,83.05860
359.75000,11.45697,83.05704
359.80000,11.45725,83.05548
359.85000,11.45748,83.05392
359.90000,11.45776,83.05236
359.95000,11.45807,83.05080
360.00000,11.45840,83.04924
360.05000,9.00000,83.02787
360.10000,11.35109,83.02583
360.15000,11.34911,83.02377
360.20000,11.74319,83.02332
360.25000,11.46140,83.02178
360.30000,11.45941,83.02023
360.35000,11.45834,83.01868
360.40000,11.45754,83.01713
360.45000,11.45715,83.01557
360.50000,11.45730,83.01402
360.55000,11.45757,83.01247
360.60000,11.45797,83.01091
360.65000,9.00000,82.98954
360.70000,11.34977,82.98750
360.75000,11.34761,82.98544
360.80000,11.34612,82.98339
360.85000,11.74137,82.98294
360.90000,11.46127,82.98141
360.95000,11.45887,82.97986
361.00000,11.45738,82.97831
361.05000,11.45681,82.97676
361.10000,11.45654,82.97521
361.15000,11.45665,82.97366
361.20000,11.45698,82.97211
361.25000,11.45734,82.97057
361.30000,11.45771,82.96902
361.35000,11.45811,82.96748
361.40000,11.45853,82.96593
361.45000,9.00000,82.94456
361.50000,11.34807,82.94251
361.55000,11.34604,82.94046
361.60000,11.34449,82.93841
361.65000,11.73951,82.93796
361.70000,11.46194,82.93643
361.75000,11.45928,82.93490
361.80000,11.45760,82.93336
361.85000,11.45642,82.93182
361.90000,11.45586,82.93027
361.95000,11.45602,82.92872
362.00000,11.45633,82.92718
362.05000,11.45669,82.92564
362.10000,11.45708,82.92410
362.15000,11.45749,82.92255
362.20000,11.45791,82.92101
362.25000,11.45836,82.91948
362.30000,9.00000,82.89810
362.35000,11.34684,82.89606
362.40000,11.34461,82.89401
362.45000,11.34327,82.89196
362.50000,11.73763,82.89151
362.55000,11.46152,82.88999
362.60000,11.45914,82.88847
362.65000,11.45776,82.88693
362.70000,11.45751,82.88540
362.75000,11.45774,82.88387
362.80000,11.45801,82.88233
362.85000,11.45829,82.88081
362.90000,11.45859,82.87927
362.95000,11.45890,82.87775
363.00000,11.45920,82.87622
363.05000,11.45950,82.87469
363.10000,9.00000,82.85332
363.15000,11.34458,82.85127
363.20000,11.34269,82.84922
363.25000,11.40854,82.84751
363.30000,11.73581,82.84706
363.35000,11.46133,82.84555
363.40000,11.46069,82.84403
363.45000,11.46011,82.84252
363.50000,11.46004,82.84100
363.55000,11.46026,82.83949
363.60000,11.46050,82.83797
363.65000,9.00000,82.81692
363.70000,11.33106,82.81483
363.75000,11.34173,82.81278
363.80000,11.40819,82.81107
363.85000,11.41914,82.80941
363.90000,11.41782,82.80774
363.95000,11.41761,82.80607
364.00000,11.41769,82.80440
364.05000,11.41781,82.80273
364.10000,11.41791,82.80106
364.15000,11.41803,82.79939
364.20000,11.41815,82.79771
364.25000,11.41829,82.79605
364.30000,11.41843,82.79438
364.35000,11.41859,82.79271
364.40000,11.41873,82.79105
364.45000,11.41882,82.78938
364.50000,11.41892,82.78771
364.55000,11.41903,82.78605
364.60000,11.41915,82.78439
364.65000,11.41928,82.78272
364.70000,11.41941,82.78106
364.75000,11.41955,82.77940
364.80000,11.41970,82.77773
364.85000,11.41986,82.77607
364.90000,11.42002,82.77441
364.95000,11.42019,82.77275
365.00000,11.42037,82.77110
365.05000,11.42056,82.76943
365.10000,11.42075,82.76778
365.15000,11.42095,82.76612
365.20000,11.42117,82.76447
365.25000,11.42140,82.76281
365.30000,11.42163,82.76115
365.35000,11.42187,82.75951
365.40000,11.42212,82.75785
365.45000,11.42240,82.75620
365.50000,11.42270,82.75455
365.55000,11.42299,82.75291
365.60000,11.42330,82.75126
365.65000,11.42361,82.74961
365.70000,11.42393,82.74797
365.75000,11.42426,82.74633
365.80000,11.42459,82.74469
365.85000,11.42493,82.74305
365.90000,11.42526,82.74141
365.95000,11.42560,82.73977
366.00000,11.42595,82.73814
366.05000,11.42630,82.73650
366.10000,11.42666,82.73487
366.15000,11.42700,82.73324
366.20000,11.42734,82.73161
366.25000,11.42769,82.72998
366.30000,11.42803,82.72836
366.35000,11.42838,82.72673
366.40000,11.42872,82.72511
366.45000,11.42906,82.72348
366.50000,11.42939,82.72186
366.55000,11.42975,82.72024
366.60000,11.43010,82.71862
366.65000,11.43040,82.71700
366.70000,11.43073,82.71539
366.75000,11.43106,82.71378
366.80000,11.43136,82.71216
366.85000,11.43163,82.71055
366.90000,11.43191,82.70894
366.95000,11.43219,82.70733
367.00000,11.43249,82.70572
367.05000,11.43281,82.70411
367.10000,11.43312,82.70251
367.15000,11.43343,82.70090
367.20000,11.43374,82.69930
367.25000,11.43405,82.69769
367.30000,11.43436,82.69609
367.35000,11.43466,82.69450
367.40000,11.43496,82.69289
367.45000,11.43526,82.69130
367.50000,11.43555,82.68970
367.55000,11.43584,82.68811
367.60000,11.43613,82.68652
367.65000,11.43641,82.68492
367.70000,11.43670,82.68333
367.75000,11.43697,82.68174
367.80000,11.43725,82.68015
367.85000,11.43752,82.67857
367.90000,11.43779,82.67698
367.95000,11.43805,82.67539
368.00000,11.43830,82.67381
368.05000,11.43855,82.67223
368.10000,11.43880,82.67064
368.15000,11.43905,82.66906
368.20000,11.43929,82.66748
368.25000,11.43953,82.66590
368.30000,11.43977,82.66432
368.35000,11.44001,82.66274
368.40000,11.44025,82.66116
368.45000,11.44047,82.65959
368.50000,11.44070,82.65802
368.55000,11.44092,82.65644
368.60000,11.44114,82.65487
368.65000,11.44136,82.65330
368.70000,11.44156,82.65173
368.75000,11.44176,82.65016
368.80000,11.44195,82.64859
368.85000,11.44201,82.64702
368.90000,11.44178,82.64545
368.95000,11.44155,82.64388
369.00000,11.44133,82.64231
369.05000,11.44110,82.64074
369.10000,11.44089,82.63916
369.15000,11.44067,82.63759
369.20000,11.44046,82.63602
369.25000,11.44026,82.63444
369.30000,11.44006,82.63287
369.35000,11.43987,82.63129
369.40000,11.43968,82.62971
369.45000,11.43950,82.62814
369.50000,11.43932,82.62656
369.55000,11.43914,82.62498
369.60000,11.43896,82.62340
369.65000,11.43880,82.62182
369.70000,11.43863,82.62024
369.75000,11.43848,82.61866
369.80000,11.43832,82.61708
369.85000,11.43816,82.61549
369.90000,11.43802,82.61391
369.95000,11.43788,82.61233
370.00000,11.43774,82.61075
370.05000,11.43760,82.60916
370.10000,11.43747,82.60758
370.15000,11.43734,82.60600
370.20000,11.26388,82.60365
370.25000,11.27670,82.60136
370.30000,11.27579,82.59907
370.35000,11.27560,82.59677
370.40000,11.27658,82.59448
370.45000,11.27833,82.59219
370.50000,11.27870,82.58991
370.55000,11.28047,82.58764
370.60000,11.28189,82.58537
370.65000,11.28327,82.58311
370.70000,11.28534,82.58086
370.75000,11.43060,82.57925
370.80000,11.27810,82.57697
370.85000,11.29366,82.57475
370.90000,11.73032,82.57430
370.95000,11.48066,82.57288
371.00000,11.47785,82.57146
371.05000,11.47584,82.57002
371.10000,11.47459,82.56858
371.15000,11.47398,82.56714
371.20000,11.47342,82.56570
371.25000,11.47287,82.56425
371.30000,11.47234,82.56281
371.35000,11.47183,82.56136
371.40000,11.47134,82.55991
371.45000,11.47086,82.55846
371.50000,11.47040,82.55700
371.55000,11.46995,82.55555
371.60000,11.46952,82.55409
371.65000,11.46911,82.55263
371.70000,11.46871,82.55117
371.75000,11.46833,82.54971
371.80000,11.46796,82.54825
371.85000,11.46761,82.54678
371.90000,11.46727,82.54532
371.95000,11.46695,82.54385
372.00000,11.46664,82.54238
372.05000,11.46635,82.54092
372.10000,11.46607,82.53944
372.15000,11.46581,82.53797
372.20000,11.46556,82.53651
372.25000,11.46532,82.53503
372.30000,11.46510,82.53356
372.35000,11.46489,82.53208
372.40000,11.46469,82.53061
372.45000,11.46451,82.52914
372.50000,9.00000,82.50741
372.55000,11.72833,82.50697
372.60000,9.00000,82.48523
372.65000,11.30583,82.48308
372.70000,11.30331,82.48090
372.75000,11.30364,82.47874
372.80000,11.72661,82.47829
372.85000,11.46522,82.47683
372.90000,11.46255,82.47536
372.95000,11.46047,82.47388
373.00000,11.45840,82.47240
373.05000,11.45646,82.47091
373.10000,11.45463,82.46941
373.15000,11.45292,82.46790
373.20000,11.45134,82.46638
373.25000,11.44989,82.46487
373.30000,11.44857,82.46335
373.35000,11.44776,82.46182
373.40000,11.44755,82.46030
373.45000,11.44741,82.45876
373.50000,11.44729,82.45724
373.55000,11.44718,82.45571
373.60000,11.44709,82.45419
373.65000,11.44702,82.45265
373.70000,11.44697,82.45113
373.75000,11.44693,82.44960
373.80000,11.44691,82.44807
373.85000,11.44690,82.44654
373.90000,11.44691,82.44501
373.95000,11.44693,82.44348
374.00000,11.44697,82.44196
374.05000,9.00000,82.42030
374.10000,11.72464,82.41985
374.15000,11.44805,82.41833
374.20000,11.44757,82.41681
374.25000,11.44764,82.41529
374.30000,11.44772,82.41377
374.35000,9.00000,82.39210
374.40000,11.72304,82.39165
374.45000,11.44858,82.39014
374.50000,11.44808,82.38863
374.55000,9.00000,82.36696
374.60000,11.31412,82.36485
374.65000,11.31198,82.36274
374.70000,11.72136,82.36229
374.75000,9.00000,82.34060
374.80000,11.31020,82.33849
374.85000,11.71978,82.33804
374.90000,11.44978,82.33655
374.95000,11.44746,82.33504
375.00000,11.44544,82.33353
375.05000,11.44350,82.33202
375.10000,11.44166,82.33050
375.15000,11.44002,82.32896
375.20000,11.43864,82.32743
375.25000,11.43828,82.32590
375.30000,11.43826,82.32436
375.35000,11.43827,82.32282
375.40000,11.43830,82.32129
375.45000,11.43834,82.31975
375.50000,11.43840,82.31821
375.55000,11.43847,82.31668
375.60000,9.00000,82.29503
375.65000,11.71802,82.29458
375.70000,9.00000,82.27292
375.75000,11.71651,82.27248
375.80000,11.43948,82.27095
375.85000,11.43893,82.26943
375.90000,9.00000,82.24777
375.95000,11.71496,82.24732
376.00000,9.00000,82.22565
376.05000,11.71344,82.22520
376.10000,9.00000,82.20352
376.15000,11.30945,82.20144
376.20000,11.30861,82.19936
376.25000,11.71182,82.19891
376.30000,11.43910,82.19740
376.35000,11.43684,82.19589
376.40000,11.43507,82.19437
376.45000,11.43344,82.19285
376.50000,11.43220,82.19131
376.55000,11.43145,82.18979
376.60000,11.43072,82.18825
376.65000,11.43028,82.18671
376.70000,11.43020,82.18518
376.75000,11.43022,82.18364
376.80000,11.43027,82.18211
376.85000,11.43033,82.18057
376.90000,11.43040,82.17903
376.95000,11.43049,82.17750
377.00000,11.43059,82.17596
377.05000,11.43070,82.17443
377.10000,11.43083,82.17290
377.15000,9.00000,82.15125
377.20000,11.31451,82.14919
377.25000,11.31239,82.14713
377.30000,11.31160,82.14506
377.35000,11.70988,82.14461
377.40000,11.43331,82.14309
377.45000,11.43035,82.14156
377.50000,11.42810,82.14002
377.55000,11.42666,82.13848
377.60000,11.42600,82.13694
377.65000,11.42576,82.13539
377.70000,11.42583,82.13384
377.75000,11.42602,82.13230
377.80000,11.42623,82.13075
377.85000,11.42645,82.12921
377.90000,11.42668,82.12767
377.95000,11.42693,82.12613
378.00000,11.42719,82.12459
378.05000,11.42746,82.12305
378.10000,11.42774,82.12151
378.15000,9.00000,82.09987
378.20000,11.31545,82.09782
378.25000,11.31354,82.09577
378.30000,11.31205,82.09371
378.35000,11.70796,82.09327
378.40000,11.43184,82.09175
378.45000,11.42904,82.09023
378.50000,11.42673,82.08869
378.55000,11.42497,82.08715
378.60000,11.42324,82.08560
378.65000,11.42195,82.08405
378.70000,11.42102,82.08249
378.75000,11.42029,82.08093
378.80000,11.41982,82.07937
378.85000,11.41945,82.07780
378.90000,11.41963,82.07624
378.95000,11.41995,82.07468
379.00000,11.42030,82.07313
379.05000,11.42065,82.07156
379.10000,11.42102,82.07001
379.15000,11.42140,82.06846
379.20000,11.42179,82.06690
379.25000,11.42219,82.06535
379.30000,11.42260,82.06380
379.35000,9.00000,82.04217
379.40000,11.32017,82.04015
379.45000,11.31804,82.03812
379.50000,11.31593,82.03609
379.55000,11.70596,82.03564
379.60000,11.42828,82.03413
379.65000,11.42661,82.03259
379.70000,11.42562,82.03106
379.75000,11.42559,82.02953
379.80000,11.42587,82.02800
379.85000,11.42617,82.02647
379.90000,11.42647,82.02494
379.95000,9.00000,82.00360
380.00000,11.30363,82.00153
380.05000,11.31379,81.99949
380.10000,11.31168,81.99744
380.15000,11.37474,81.99565
380.20000,11.70418,81.99520
380.25000,11.42695,81.99368
380.30000,11.42529,81.99216
380.35000,11.42386,81.99062
380.40000,11.42357,81.98909
380.45000,11.42381,81.98756
380.50000,11.42410,81.98603
380.55000,11.42439,81.98450
380.60000,11.42469,81.98297
380.65000,9.00000,81.96162
380.70000,11.37960,81.95993
380.75000,11.37987,81.95824
380.80000,11.38005,81.95654
380.85000,11.38026,81.95485
380.90000,11.38049,81.95316
380.95000,11.38072,81.95147
381.00000,11.30541,81.94941
381.05000,11.31560,81.94739
381.10000,11.37339,81.94567
381.15000,11.38448,81.94400
381.20000,11.38320,81.94232
381.25000,11.38318,81.94064
381.30000,11.38332,81.93896
381.35000,11.38341,81.93728
381.40000,11.38351,81.93561
381.45000,11.38363,81.93393
381.50000,11.38375,81.93225
381.55000,11.38389,81.93057
381.60000,11.38403,81.92890
381.65000,11.38418,81.92722
381.70000,11.38434,81.92555
381.75000,11.38451,81.92388
381.80000,11.38469,81.92220
381.85000,11.38488,81.92053
381.90000,11.38507,81.91886
381.95000,11.38528,81.91720
382.00000,11.38549,81.91553
382.05000,11.38570,81.91386
382.10000,11.38593,81.91219
382.15000,11.38616,81.91052
382.20000,11.38640,81.90886
382.25000,11.38665,81.90720
382.30000,11.38690,81.90553
382.35000,11.38716,81.90387
382.40000,11.24551,81.90157
382.45000,11.25986,81.89934
382.50000,11.25587,81.89708
382.55000,11.25467,81.89482
382.60000,11.25448,81.89256
382.65000,11.25549,81.89030
382.70000,11.25590,81.88805
382.75000,11.25775,81.88580
382.80000,11.25886,81.88356
382.85000,11.26022,81.88132
382.90000,11.26156,81.87910
382.95000,11.26309,81.87687
383.00000,11.26529,81.87466
383.05000,11.26678,81.87245
383.10000,11.70080,81.87200
383.15000,9.00000,81.85009
383.20000,11.69928,81.84964
383.25000,9.00000,81.82774
383.30000,11.69775,81.82729
383.35000,11.41927,81.82577
383.40000,11.41678,81.82423
383.45000,11.41466,81.82269
383.50000,11.41264,81.82114
383.55000,11.41075,81.81959
383.60000,11.40899,81.81802
383.65000,11.40737,81.81646
383.70000,11.40589,81.81488
383.75000,11.40482,81.81330
383.80000,11.40416,81.81172
383.85000,11.40390,81.81014
383.90000,11.40376,81.80856
383.95000,11.40363,81.80698
384.00000,11.40352,81.80539
384.05000,11.40344,81.80381
384.10000,11.40339,81.80222
384.15000,9.00000,81.78039
384.20000,11.69593,81.77994
384.25000,11.40433,81.77837
384.30000,11.40299,81.77679
384.35000,9.00000,81.75494
384.40000,11.28524,81.75283
384.45000,11.69432,81.75239
384.50000,11.40456,81.75082
384.55000,11.40225,81.74924
384.60000,11.40051,81.74766
384.65000,11.39918,81.74607
384.70000,11.39858,81.74448
384.75000,11.39870,81.74290
384.80000,9.00000,81.72106
384.85000,11.28539,81.71896
384.90000,11.28329,81.71684
384.95000,11.69257,81.71640
385.00000,11.40207,81.71483
385.05000,11.39915,81.71325
385.10000,11.39700,81.71166
385.15000,11.39498,81.71006
385.20000,11.39292,81.70846
385.25000,11.39098,81.70685
385.30000,11.38914,81.70523
385.35000,11.38739,81.70361
385.40000,11.38569,81.70197
385.45000,11.38412,81.70033
385.50000,11.38272,81.69869
385.55000,11.38220,81.69704
385.60000,11.38202,81.69540
385.65000,11.38244,81.69376
385.70000,11.38289,81.69212
385.75000,9.00000,81.67033
385.80000,11.29867,81.66830
385.85000,11.69070,81.66785
385.90000,9.00000,81.64605
385.95000,11.29471,81.64400
386.00000,11.29320,81.64194
386.05000,11.68908,81.64150
386.10000,11.38692,81.63988
386.15000,11.38445,81.63826
386.20000,11.38317,81.63663
386.25000,11.38275,81.63500
386.30000,11.38271,81.63338
386.35000,9.00000,81.61158
386.40000,11.29386,81.60953
386.45000,11.29117,81.60748
386.50000,11.28974,81.60541
386.55000,11.28888,81.60334
386.60000,11.68726,81.60290
386.65000,11.38708,81.60129
386.70000,11.38330,81.59967
386.75000,11.38043,81.59804
386.80000,11.37860,81.59640
386.85000,11.37731,81.59476
386.90000,11.37699,81.59311
386.95000,11.37707,81.59147
387.00000,11.37747,81.58982
387.05000,11.37790,81.58818
387.10000,11.37835,81.58654
387.15000,11.37883,81.58491
387.20000,9.00000,81.56312
387.25000,11.29478,81.56108
387.30000,11.29276,81.55904
387.35000,11.29128,81.55699
387.40000,11.29044,81.55494
387.45000,11.68531,81.55449
387.50000,11.38260,81.55287
387.55000,11.37880,81.55125
387.60000,11.37590,81.54960
387.65000,11.37385,81.54795
387.70000,11.37210,81.54630
387.75000,11.37106,81.54464
387.80000,11.37042,81.54298
387.85000,11.37013,81.54131
387.90000,11.37015,81.53965
387.95000,11.37049,81.53799
388.00000,11.37091,81.53633
388.05000,11.37134,81.53467
388.10000,11.37181,81.53301
388.15000,9.00000,81.51124
388.20000,11.29916,81.50923
388.25000,11.29716,81.50721
388.30000,11.29504,81.50518
388.35000,11.68337,81.50474
388.40000,11.37694,81.50311
388.45000,11.37383,81.50146
388.50000,11.37175,81.49982
388.55000,11.37035,81.49816
388.60000,11.36952,81.49651
388.65000,11.36904,81.49484
388.70000,11.36892,81.49318
388.75000,11.36916,81.49152
388.80000,11.36966,81.48987
388.85000,9.00000,81.46809
388.90000,11.29831,81.46609
388.95000,11.29567,81.46407
389.00000,11.29422,81.46204
389.05000,11.29331,81.46002
389.10000,11.29237,81.45799
389.15000,11.68142,81.45754
389.20000,11.37555,81.45592
389.25000,11.37213,81.45428
389.30000,11.36918,81.45262
389.35000,11.36631,81.45096
389.40000,11.36353,81.44929
389.45000,11.36086,81.44760
389.50000,11.35826,81.44591
389.55000,11.35574,81.44421
389.60000,11.35329,81.44250
389.65000,11.35092,81.44070
389.70000,11.34863,81.43890
389.75000,11.34642,81.43708
389.80000,11.34428,81.43526
389.85000,11.34220,81.43343
389.90000,11.34018,81.43159
389.95000,11.33822,81.42975
390.00000,11.33632,81.42789
390.05000,11.33476,81.42604
390.10000,11.33359,81.42417
390.15000,11.33282,81.42231
390.20000,11.33248,81.42044
390.25000,11.33289,81.41858
390.30000,11.33385,81.41672
390.35000,11.33485,81.41486
390.40000,11.33587,81.41300
390.45000,11.33691,81.41116
390.50000,11.33797,81.40931
390.55000,11.33905,81.40747
390.60000,11.34016,81.40564
390.65000,11.34128,81.40381
390.70000,11.34241,81.40198
390.75000,9.00000,81.38029
390.80000,11.32240,81.37839
390.85000,11.31914,81.37647
390.90000,11.31713,81.37456
390.95000,11.31617,81.37263
391.00000,11.31654,81.37071
391.05000,11.67879,81.37026
391.10000,11.35136,81.36855
391.15000,11.34904,81.36676
391.20000,11.34748,81.36496
391.25000,11.34669,81.36316
391.30000,11.34676,81.36136
391.35000,11.34772,81.35956
391.40000,9.00000,81.33784
391.45000,11.31456,81.33591
391.50000,11.31200,81.33398
391.55000,11.31047,81.33204
391.60000,11.31077,81.33010
391.65000,11.67694,81.32966
391.70000,11.35440,81.32796
391.75000,11.35192,81.32626
391.80000,11.35021,81.32455
391.85000,11.34937,81.32285
391.90000,11.34931,81.32114
391.95000,11.35014,81.31943
392.00000,9.00000,81.29768
392.05000,11.30996,81.29575
392.10000,11.30740,81.29380
392.15000,11.30594,81.29185
392.20000,11.30562,81.28990
392.25000,11.67512,81.28945
392.30000,11.35608,81.28778
392.35000,11.35358,81.28609
392.40000,11.35201,81.28439
392.45000,11.35124,81.28270
392.50000,11.35131,81.28101
392.55000,11.35223,81.27931
392.60000,9.00000,81.25754
392.65000,11.30563,81.25559
392.70000,11.30293,81.25364
392.75000,11.30151,81.25168
392.80000,11.67335,81.25124
392.85000,11.35769,81.24957
392.90000,11.35480,81.24789
392.95000,11.35265,81.24621
393.00000,11.35152,81.24452
393.05000,11.35120,81.24284
393.10000,11.35195,81.24115
393.15000,11.35283,81.23946
393.20000,9.00000,81.21768
393.25000,11.30229,81.21573
393.30000,11.29900,81.21377
393.35000,11.29695,81.21179
393.40000,11.29667,81.20982
393.45000,11.67151,81.20937
393.50000,11.35870,81.20773
393.55000,11.35567,81.20605
393.60000,11.35352,81.20438
393.65000,11.35228,81.20271
393.70000,11.35255,81.20103
393.75000,11.35327,81.19936
393.80000,11.35399,81.19769
393.85000,9.00000,81.17588
393.90000,11.29800,81.17392
393.95000,11.29536,81.17194
394.00000,11.29267,81.16997
394.05000,11.29124,81.16798
394.10000,11.29020,81.16599
394.15000,11.66963,81.16554
394.20000,11.36113,81.16391
394.25000,11.35838,81.16226
394.30000,11.35645,81.16061
394.35000,11.35578,81.15894
394.40000,11.35630,81.15729
394.45000,11.35689,81.15564
394.50000,11.35750,81.15398
394.55000,9.00000,81.13215
394.60000,11.29049,81.13017
394.65000,11.28901,81.12818
394.70000,11.28686,81.12618
394.75000,11.28476,81.12418
394.80000,11.28324,81.12217
394.85000,11.66776,81.12173
394.90000,11.36456,81.12011
394.95000,11.36190,81.11848
395.00000,11.36032,81.11685
395.05000,11.35988,81.11521
395.10000,11.36044,81.11358
395.15000,11.36103,81.11195
395.20000,9.00000,81.09009
395.25000,11.28381,81.08808
395.30000,11.28111,81.08607
395.35000,11.27965,81.08405
395.40000,11.66600,81.08361
395.45000,11.36601,81.08200
395.50000,11.36373,81.08039
395.55000,11.36226,81.07877
395.60000,11.36170,81.07715
395.65000,11.36198,81.07553
395.70000,11.36243,81.07391
395.75000,9.00000,81.05203
395.80000,11.27891,81.05002
395.85000,11.27679,81.04800
395.90000,11.27465,81.04596
395.95000,11.27311,81.04393
396.00000,11.27156,81.04189
396.05000,11.66415,81.04144
396.10000,11.36866,81.03985
396.15000,11.36563,81.03825
396.20000,11.36354,81.03664
396.25000,11.36243,81.03503
396.30000,11.36232,81.03342
396.35000,11.36264,81.03181
396.40000,11.36304,81.03020
396.45000,11.36348,81.02859
396.50000,9.00000,81.00669
396.55000,11.27409,81.00467
396.60000,11.27080,81.00263
396.65000,11.26935,81.00059
396.70000,11.66237,81.00014
396.75000,11.36702,80.99855
396.80000,11.36417,80.99696
396.85000,11.36213,80.99535
396.90000,11.36118,80.99374
396.95000,11.36139,80.99213
397.00000,11.36169,80.99052
397.05000,11.36200,80.98892
397.10000,9.00000,80.96700
397.15000,11.27087,80.96497
397.20000,11.26939,80.96294
397.25000,11.26663,80.96089
397.30000,11.26455,80.95883
397.35000,11.66056,80.95839
397.40000,11.36749,80.95681
397.45000,11.36463,80.95522
397.50000,11.36270,80.95362
397.55000,11.36184,80.95203
397.60000,11.36194,80.95042
397.65000,11.36224,80.94883
397.70000,11.36255,80.94723
397.75000,9.00000,80.92530
397.80000,11.26624,80.92326
397.85000,11.26417,80.92120
397.90000,11.26203,80.91914
397.95000,11.26053,80.91708
398.00000,11.65875,80.91663
398.05000,11.36838,80.91507
398.10000,11.36559,80.91349
398.15000,11.36367,80.91190
398.20000,11.36296,80.91032
398.25000,11.36309,80.90873
398.30000,11.36335,80.90714
398.35000,11.36363,80.90556
398.40000,9.00000,80.88361
398.45000,11.26164,80.88155
398.50000,11.25947,80.87949
398.55000,11.25675,80.87742
398.60000,11.25525,80.87534
398.65000,11.65694,80.87489
398.70000,11.36921,80.87334
398.75000,11.36638,80.87177
398.80000,11.36456,80.87019
398.85000,11.36377,80.86861
398.90000,11.36380,80.86703
398.95000,11.36398,80.86546
399.00000,9.00000,80.84349
399.05000,11.25599,80.84142
399.10000,11.25331,80.83934
399.15000,11.65525,80.83890
399.20000,11.36733,80.83734
399.25000,11.36538,80.83577
399.30000,11.36434,80.83421
399.35000,11.36421,80.83263
399.40000,9.00000,80.81065
399.45000,11.25224,80.80858
399.50000,11.25076,80.80650
399.55000,11.24921,80.80441
399.60000,11.65354,80.80396
399.65000,11.36485,80.80240
399.70000,11.36109,80.80082
399.75000,11.35864,80.79924
399.80000,11.35695,80.79765
399.85000,11.35591,80.79605
399.90000,11.35573,80.79446
399.95000,11.35599,80.79286
400.00000,11.35629,80.79127
400.05000,11.35662,80.78967
400.10000,11.35697,80.78809
400.15000,9.00000,80.76611
400.20000,11.25358,80.76405
400.25000,11.25215,80.76197
400.30000,11.25060,80.75990
400.35000,11.65175,80.75945
400.40000,11.35822,80.75787
400.45000,11.35435,80.75628
400.50000,11.35196,80.75468
400.55000,11.35080,80.75307
400.60000,11.35034,80.75146
400.65000,11.35047,80.74985
400.70000,11.35071,80.74824
400.75000,11.35098,80.74664
400.80000,9.00000,80.72466
400.85000,11.25379,80.72260
400.90000,11.25232,80.72054
400.95000,11.25016,80.71847
401.00000,11.64998,80.71803
401.05000,11.35333,80.71643
401.10000,11.34959,80.71483
401.15000,11.34734,80.71321
401.20000,11.34622,80.71159
401.25000,11.34618,80.70998
401.30000,11.34651,80.70836
401.35000,11.34683,80.70674
401.40000,9.00000,80.68476
401.45000,11.25318,80.68271
401.50000,11.25041,80.68065
401.55000,11.24897,80.67858
401.60000,11.64822,80.67814
401.65000,11.34776,80.67653
401.70000,11.34377,80.67491
401.75000,11.34122,80.67328
401.80000,11.33940,80.67164
401.85000,11.33826,80.67000
401.90000,11.33817,80.66836
401.95000,11.33844,80.66672
402.00000,11.33880,80.66508
402.05000,11.33922,80.66344
402.10000,9.00000,80.64146
402.15000,11.25324,80.63942
402.20000,11.25219,80.63737
402.25000,11.24996,80.63531
402.30000,11.64642,80.63486
402.35000,11.34064,80.63324
402.40000,11.33670,80.63160
402.45000,11.33417,80.62995
402.50000,11.33309,80.62830
402.55000,11.33341,80.62664
402.60000,11.33375,80.62498
402.65000,9.00000,80.60301
402.70000,11.25251,80.60097
402.75000,11.25045,80.59892
402.80000,11.24832,80.59686
402.85000,11.64467,80.59642
402.90000,11.33450,80.59478
402.95000,11.33023,80.59312
403.00000,11.32775,80.59145
403.05000,11.32722,80.58978
403.10000,11.32763,80.58811
403.15000,11.32809,80.58644
403.20000,9.00000,80.56446
403.25000,11.25086,80.56242
403.30000,11.24874,80.56037
403.35000,11.24723,80.55832
403.40000,11.64292,80.55788
403.45000,11.32874,80.55621
403.50000,11.32437,80.55454
403.55000,11.32208,80.55286
403.60000,11.32143,80.55117
403.65000,11.32178,80.54948
403.70000,9.00000,80.52750
403.75000,11.24939,80.52546
403.80000,11.24669,80.52341
403.85000,11.24587,80.52135
403.90000,11.64117,80.52091
403.95000,11.32239,80.51923
404.00000,11.31779,80.51754
404.05000,11.31526,80.51584
404.10000,11.31479,80.51414
404.15000,9.00000,80.49213
404.20000,11.63958,80.49169
404.25000,9.00000,80.46970
404.30000,11.24306,80.46764
404.35000,11.24236,80.46559
404.40000,11.24075,80.46353
404.45000,11.63793,80.46308
404.50000,11.31503,80.46140
404.55000,11.31026,80.45969
404.60000,11.30763,80.45789
404.65000,11.30678,80.45609
404.70000,9.00000,80.43378
404.75000,11.22466,80.43166
404.80000,11.19331,80.42942
404.85000,11.16134,80.42705
404.90000,11.16143,80.42468
404.95000,11.16253,80.42232
405.00000,11.16817,80.41998
405.05000,11.16667,80.41763
405.10000,11.16407,80.41528
405.15000,11.16861,80.41293
405.20000,11.16871,80.41060
405.25000,11.16867,80.40826
405.30000,11.63560,80.40781
405.35000,9.00000,80.38551
405.40000,11.63405,80.38506
405.45000,9.00000,80.36256
405.50000,11.12850,80.36008
405.55000,11.17558,80.35778
405.60000,11.12018,80.35526
405.65000,11.63228,80.35482
405.70000,11.27608,80.35293
405.75000,9.00000,80.33045
405.80000,11.63069,80.33001
405.85000,11.26849,80.32809
405.90000,11.26544,80.32616
405.95000,9.00000,80.30369
406.00000,11.13711,80.30125
406.05000,11.15275,80.29887
406.10000,11.13347,80.29642
406.15000,11.14828,80.29403
406.20000,11.13177,80.29157
406.25000,11.13640,80.28914
406.30000,11.12074,80.28664
406.35000,11.11028,80.28410
406.40000,11.62849,80.28365
406.45000,9.00000,80.26113
406.50000,11.11932,80.25863
406.55000,11.62686,80.25819
406.60000,9.00000,80.23569
406.65000,11.62531,80.23525
406.70000,9.00000,80.21278
406.75000,11.62376,80.21233
406.80000,11.25747,80.21040
406.85000,11.25320,80.20844
406.90000,11.25042,80.20648
406.95000,11.24910,80.20451
407.00000,9.00000,80.18208
407.05000,11.12916,80.17963
407.10000,11.12239,80.17717
407.15000,11.11830,80.17468
407.20000,11.11458,80.17219
407.25000,11.11205,80.16968
407.30000,11.10954,80.16716
407.35000,11.10819,80.16463
407.40000,11.10939,80.16212
407.45000,11.11051,80.15961
407.50000,11.11164,80.15710
407.55000,11.62134,80.15665
407.60000,11.26061,80.15474
407.65000,11.25273,80.15279
407.70000,11.24616,80.15082
407.75000,9.00000,80.12842
407.80000,11.13438,80.12601
407.85000,11.13059,80.12358
407.90000,11.12940,80.12115
407.95000,11.13058,80.11873
408.00000,11.61941,80.11829
408.05000,11.24125,80.11629
408.10000,11.23430,80.11429
408.15000,11.22917,80.11225
408.20000,11.22546,80.11021
408.25000,11.22331,80.10815
408.30000,11.22285,80.10609
408.35000,9.00000,80.08377
408.40000,11.14897,80.08143
408.45000,11.61758,80.08099
408.50000,9.00000,80.05865
408.55000,11.14519,80.05630
408.60000,11.61598,80.05585
408.65000,11.22365,80.05381
408.70000,9.00000,80.03150
408.75000,11.14970,80.02917
408.80000,11.14535,80.02682
408.85000,11.61429,80.02638
408.90000,11.21897,80.02433
408.95000,11.21302,80.02225
409.00000,11.20908,80.02016
409.05000,9.00000,79.99789
409.10000,11.15688,79.99561
409.15000,11.15312,79.99329
409.20000,11.15008,79.99097
409.25000,11.15148,79.98866
409.30000,11.15258,79.98635
409.35000,11.15374,79.98405
409.40000,11.61229,79.98360
409.45000,11.20607,79.98151
409.50000,11.06715,79.97886
409.55000,11.10564,79.97636
409.60000,11.10180,79.97385
409.65000,11.09981,79.97134
409.70000,11.09911,79.96881
409.75000,11.09935,79.96629
409.80000,11.10033,79.96378
409.85000,11.10188,79.96127
409.90000,11.10387,79.95877
409.95000,11.10620,79.95628
410.00000,11.10867,79.95380
410.05000,11.11119,79.95132
410.10000,11.11376,79.94886
410.15000,11.11639,79.94641
410.20000,11.11908,79.94398
410.25000,11.12181,79.94155
410.30000,11.12460,79.93913
410.35000,11.12743,79.93673
410.40000,11.13031,79.93433
410.45000,11.13323,79.93195
410.50000,11.13619,79.92959
410.55000,11.13919,79.92723
410.60000,11.14222,79.92488
410.65000,11.14529,79.92255
410.70000,11.14839,79.92023
410.75000,11.15151,79.91793
410.80000,11.15467,79.91563
410.85000,11.15785,79.91335
410.90000,11.16105,79.91109
410.95000,11.16428,79.90883
411.00000,11.16752,79.90659
411.05000,11.17078,79.90436
411.10000,11.17406,79.90215
411.15000,11.17735,79.89994
411.20000,11.18066,79.89775
411.25000,11.18397,79.89558
411.30000,11.18729,79.89342
411.35000,11.19062,79.89127
411.40000,11.19396,79.88913
411.45000,9.00000,79.86698
411.50000,11.15431,79.86470
411.55000,11.15750,79.86243
411.60000,11.24352,79.86050
411.65000,11.25733,79.85862
411.70000,11.25223,79.85672
411.75000,11.24671,79.85480
411.80000,11.24215,79.85287
411.85000,11.23988,79.85092
411.90000,11.23601,79.84896
411.95000,11.23332,79.84699
412.00000,11.23190,79.84502
412.05000,11.23205,79.84304
412.10000,11.23049,79.84106
412.15000,11.22983,79.83908
412.20000,11.22831,79.83709
412.25000,11.22765,79.83510
412.30000,11.22640,79.83310
412.35000,11.22687,79.83110
412.40000,11.22612,79.82910
412.45000,11.22571,79.82710
412.50000,11.22460,79.82510
412.55000,11.22378,79.82310
412.60000,11.22406,79.82109
412.65000,11.22363,79.81908
412.70000,11.22360,79.81708
412.75000,11.22284,79.81506
412.80000,11.22392,79.81306
412.85000,11.22267,79.81105
412.90000,11.22343,79.80904
412.95000,11.22322,79.80703
413.00000,11.22364,79.80502
413.05000,11.22394,79.80302
413.10000,11.22407,79.80102
413.15000,11.22403,79.79901
413.20000,11.22427,79.79701
413.25000,11.22483,79.79501
413.30000,11.22482,79.79301
413.35000,11.22588,79.79102
413.40000,11.22632,79.78902
413.45000,11.22621,79.78703
413.50000,11.22584,79.78503
413.55000,11.22571,79.78303
413.60000,11.22477,79.78103
413.65000,11.60694,79.78059
413.70000,11.19659,79.77847
413.75000,11.18943,79.77633
413.80000,11.18400,79.77417
413.85000,11.17964,79.77199
413.90000,11.17792,79.76981
413.95000,9.00000,79.74787
414.00000,11.23412,79.74591
414.05000,11.22981,79.74394
414.10000,11.22705,79.74196
414.15000,11.22481,79.73997
414.20000,11.22343,79.73797
414.25000,11.22277,79.73597
414.30000,11.22255,79.73396
414.35000,11.22170,79.73196
414.40000,11.60489,79.73151
414.45000,11.16398,79.72928
414.50000,11.15573,79.72701
414.55000,11.14842,79.72472
414.60000,11.14203,79.72240
414.65000,11.13655,79.72005
414.70000,11.13275,79.71770
414.75000,11.13096,79.71533
414.80000,9.00000,79.69347
414.85000,11.24068,79.69154
414.90000,11.23409,79.68960
414.95000,11.23088,79.68764
415.00000,11.22921,79.68567
415.05000,11.22888,79.68370
415.10000,11.22901,79.68173
415.15000,11.22838,79.67976
415.20000,11.22822,79.67780
415.25000,11.22717,79.67582
415.30000,11.60248,79.67538
415.35000,11.11807,79.67297
415.40000,11.12722,79.67060
415.45000,11.16725,79.66839
415.50000,11.16498,79.66616
415.55000,11.16493,79.66394
415.60000,11.16543,79.66173
415.65000,11.16675,79.65952
415.70000,11.16828,79.65730
415.75000,11.16901,79.65510
415.80000,11.16970,79.65290
415.85000,11.17046,79.65070
415.90000,11.17129,79.64851
415.95000,11.17219,79.64632
416.00000,11.17324,79.64413
416.05000,11.17373,79.64194
416.10000,11.17455,79.63977
416.15000,11.17548,79.63759
416.20000,11.17654,79.63542
416.25000,11.17699,79.63325
416.30000,11.17751,79.63108
416.35000,11.17908,79.62892
416.40000,11.18064,79.62676
416.45000,11.18385,79.62463
416.50000,11.18640,79.62249
416.55000,11.18792,79.62037
416.60000,11.19029,79.61825
416.65000,11.19335,79.61615
416.70000,11.19673,79.61406
416.75000,11.19985,79.61198
416.80000,11.20155,79.60991
416.85000,11.20324,79.60785
416.90000,11.20514,79.60579
416.95000,11.20714,79.60374
417.00000,11.20644,79.60169
417.05000,11.20569,79.59964
417.10000,11.20524,79.59759
417.15000,11.20505,79.59553
417.20000,11.20652,79.59348
417.25000,11.20806,79.59144
417.30000,11.20954,79.58940
417.35000,11.21075,79.58737
417.40000,11.21156,79.58534
417.45000,11.21643,79.58333
417.50000,11.22141,79.58134
417.55000,11.22698,79.57938
417.60000,11.23004,79.57742
417.65000,11.23453,79.57549
417.70000,11.23892,79.57356
417.75000,11.24104,79.57166
417.80000,11.24306,79.56976
417.85000,9.00000,79.54873
417.90000,11.20233,79.54667
417.95000,11.20427,79.54462
418.00000,11.20598,79.54258
418.05000,11.20777,79.54054
418.10000,11.20954,79.53851
418.15000,11.21124,79.53649
418.20000,11.21278,79.53448
418.25000,11.21419,79.53246
418.30000,11.21549,79.53046
418.35000,11.21661,79.52846
418.40000,11.21793,79.52647
418.45000,11.21916,79.52448
418.50000,11.22030,79.52249
418.55000,11.22135,79.52051
418.60000,11.22231,79.51853
418.65000,11.22317,79.51656
418.70000,11.22394,79.51459
418.75000,11.22459,79.51263
418.80000,11.22512,79.51066
418.85000,11.22544,79.50870
418.90000,11.22557,79.50674
418.95000,11.22556,79.50477
419.00000,11.22542,79.50281
419.05000,11.22515,79.50085
419.10000,11.22474,79.49888
419.15000,11.22421,79.49691
419.20000,11.22353,79.49494
419.25000,11.22271,79.49297
419.30000,11.22174,79.49099
419.35000,11.22065,79.48901
419.40000,11.27596,79.48732
419.45000,11.28437,79.48566
419.50000,11.28160,79.48400
419.55000,11.28083,79.48233
419.60000,11.27863,79.48065
419.65000,11.20348,79.47860
419.70000,11.20980,79.47658
419.75000,11.19948,79.47451
419.80000,11.20592,79.47247
419.85000,11.20490,79.47043
419.90000,11.20107,79.46838
419.95000,11.19778,79.46630
420.00000,11.19906,79.46424
420.05000,11.19538,79.46216
420.10000,11.19403,79.46008
420.15000,11.19407,79.45798
420.20000,11.19067,79.45589
420.25000,11.18971,79.45379
420.30000,11.19161,79.45169
420.35000,11.18796,79.44958
420.40000,11.18745,79.44747
420.45000,11.18762,79.44537
420.50000,11.18445,79.44324
420.55000,11.18321,79.44112
420.60000,11.18374,79.43899
420.65000,11.18283,79.43687
420.70000,11.18301,79.43474
420.75000,11.18040,79.43260
420.80000,11.17919,79.43046
420.85000,11.17886,79.42831
420.90000,11.17735,79.42616
420.95000,11.17664,79.42401
421.00000,11.17293,79.42184
421.05000,11.16779,79.41966
421.10000,11.16054,79.41745
421.15000,11.15878,79.41522
421.20000,11.15992,79.41301
421.25000,11.16174,79.41080
421.30000,11.16290,79.40859
421.35000,11.16506,79.40639
421.40000,11.16544,79.40421
421.45000,11.16862,79.40202
421.50000,11.16957,79.39985
421.55000,11.17085,79.39767
421.60000,11.59607,79.39723
421.65000,11.12028,79.39486
421.70000,11.11972,79.39248
421.75000,11.12009,79.39011
421.80000,11.12106,79.38773
421.85000,11.12250,79.38538
421.90000,11.12422,79.38302
421.95000,11.12597,79.38067
422.00000,11.12776,79.37833
422.05000,11.12960,79.37599
422.10000,11.13147,79.37366
422.15000,11.13339,79.37135
422.20000,11.13535,79.36903
422.25000,11.13736,79.36674
422.30000,11.13941,79.36444
422.35000,11.14149,79.36215
422.40000,11.14361,79.35988
422.45000,11.14576,79.35761
422.50000,11.14794,79.35535
422.55000,11.15014,79.35310
422.60000,11.15235,79.35086
422.65000,11.15458,79.34863
422.70000,11.15681,79.34641
422.75000,11.15905,79.34419
422.80000,11.16128,79.34199
422.85000,11.16351,79.33979
422.90000,11.16574,79.33761
422.95000,11.16797,79.33543
423.00000,11.17016,79.33326
423.05000,11.17230,79.33110
423.10000,11.17438,79.32895
423.15000,11.17636,79.32681
423.20000,11.17825,79.32467
423.25000,11.18003,79.32254
423.30000,11.18169,79.32042
423.35000,11.18322,79.31831
423.40000,11.18462,79.31620
423.45000,11.18583,79.31409
423.50000,11.18718,79.31200
423.55000,11.18854,79.30990
423.60000,11.18999,79.30782
423.65000,11.19127,79.30573
423.70000,9.00000,79.28385
423.75000,11.59235,79.28341
423.80000,9.00000,79.26147
423.85000,11.21336,79.25949
423.90000,11.59082,79.25905
423.95000,9.00000,79.23740
424.00000,11.54778,79.23678
424.05000,11.28619,79.23516
424.10000,11.09292,79.23270
424.15000,10.92892,79.22960
424.20000,11.19603,79.22755
424.25000,11.20618,79.22556
424.30000,11.19347,79.22350
424.35000,11.19423,79.22145
424.40000,11.19424,79.21940
424.45000,11.19222,79.21734
424.50000,11.19334,79.21529
424.55000,11.19263,79.21323
424.60000,11.19201,79.21117
424.65000,11.19146,79.20911
424.70000,11.19217,79.20705
424.75000,11.19163,79.20499
424.80000,11.19129,79.20293
424.85000,11.19205,79.20087
424.90000,11.19115,79.19881
424.95000,11.19152,79.19675
425.00000,11.19193,79.19469
425.05000,11.19189,79.19264
425.10000,11.19251,79.19058
425.15000,11.19184,79.18853
425.20000,11.19200,79.18647
425.25000,11.19303,79.18442
425.30000,11.19355,79.18237
425.35000,11.19332,79.18032
425.40000,11.19397,79.17827
425.45000,11.19411,79.17622
425.50000,11.19403,79.17417
425.55000,11.19393,79.17213
425.60000,11.19381,79.17008
425.65000,11.19389,79.16803
425.70000,11.58175,79.16756
425.75000,11.11535,79.16520
425.80000,11.12331,79.16287
425.85000,11.14402,79.16063
425.90000,11.15578,79.15843
425.95000,11.15779,79.15624
426.00000,11.15931,79.15405
426.05000,11.16094,79.15188
426.10000,11.16266,79.14970
426.15000,11.16446,79.14754
426.20000,11.16634,79.14539
426.25000,11.16829,79.14324
426.30000,11.17029,79.14110
426.35000,11.17233,79.13897
426.40000,11.17442,79.13685
426.45000,11.17653,79.13474
426.50000,11.17866,79.13263
426.55000,11.18080,79.13053
426.60000,11.18295,79.12844
426.65000,11.18510,79.12637
426.70000,11.18724,79.12430
426.75000,11.18938,79.12223
426.80000,11.19149,79.12018
426.85000,11.19360,79.11813
426.90000,11.19568,79.11610
426.95000,11.19774,79.11407
427.00000,11.21542,79.11211
427.05000,11.23814,79.11024
427.10000,11.24105,79.10839
427.15000,11.23906,79.10653
427.20000,11.23875,79.10467
427.25000,11.23841,79.10280
427.30000,11.23811,79.10094
427.35000,11.23780,79.09907
427.40000,11.23758,79.09720
427.45000,11.23739,79.09533
427.50000,11.23728,79.09346
427.55000,11.23724,79.09159
427.60000,11.23730,79.08972
427.65000,11.23742,79.08785
427.70000,11.23763,79.08599
427.75000,11.23791,79.08412
427.80000,11.23826,79.08226
427.85000,11.23867,79.08040
427.90000,11.23915,79.07854
427.95000,11.23968,79.07668
428.00000,11.24024,79.07482
428.05000,9.00000,79.05339
428.10000,11.18544,79.05132
428.15000,11.18664,79.04926
428.20000,11.18678,79.04720
428.25000,11.18659,79.04514
428.30000,11.18594,79.04307
428.35000,11.18468,79.04100
428.40000,11.18354,79.03893
428.45000,11.18147,79.03684
428.50000,11.58416,79.03640
428.55000,11.22373,79.03448
428.60000,11.21552,79.03253
428.65000,11.20869,79.03056
428.70000,11.20521,79.02857
428.75000,11.20228,79.02657
428.80000,11.19921,79.02456
428.85000,11.19607,79.02254
428.90000,11.19296,79.02050
428.95000,11.18997,79.01846
429.00000,11.18719,79.01640
429.05000,11.18468,79.01433
429.10000,11.18250,79.01225
429.15000,11.18069,79.01017
429.20000,11.17932,79.00808
429.25000,11.17852,79.00598
429.30000,9.00000,78.98402
429.35000,11.29091,78.98246
429.40000,11.58221,78.98201
429.45000,9.00000,78.96037
429.50000,11.22745,78.95849
429.55000,11.19916,78.95649
429.60000,11.19038,78.95445
429.65000,11.18744,78.95241
429.70000,11.18481,78.95036
429.75000,11.17929,78.94828
429.80000,11.17457,78.94619
429.85000,11.17308,78.94408
429.90000,11.17098,78.94198
429.95000,11.16992,78.93987
430.00000,11.16630,78.93774
430.05000,11.16653,78.93562
430.10000,11.16838,78.93349
430.15000,11.16475,78.93137
430.20000,11.16398,78.92923
430.25000,11.16543,78.92710
430.30000,11.16243,78.92496
430.35000,11.16140,78.92281
430.40000,11.16140,78.92067
430.45000,11.16013,78.91852
430.50000,11.16071,78.91637
430.55000,11.16126,78.91422
430.60000,11.15975,78.91207
430.65000,11.16001,78.90993
430.70000,11.15937,78.90778
430.75000,11.15897,78.90562
430.80000,11.16022,78.90347
430.85000,11.15809,78.90131
430.90000,11.15530,78.89915
430.95000,11.15620,78.89699
431.00000,11.15203,78.89481
431.05000,11.15252,78.89263
431.10000,11.14863,78.89043
431.15000,11.14814,78.88824
431.20000,11.14994,78.88605
431.25000,11.15093,78.88387
431.30000,11.15384,78.88170
431.35000,11.15531,78.87953
431.40000,11.15596,78.87737
431.45000,11.15542,78.87521
431.50000,11.15587,78.87305
431.55000,11.57863,78.87260
431.60000,11.11263,78.87027
431.65000,11.11219,78.86793
431.70000,11.11256,78.86559
431.75000,11.11360,78.86327
431.80000,11.11511,78.86094
431.85000,11.11673,78.85863
431.90000,11.11838,78.85632
431.95000,11.12009,78.85401
432.00000,11.12186,78.85172
432.05000,11.12368,78.84943
432.10000,11.12556,78.84715
432.15000,11.12749,78.84487
432.20000,11.12947,78.84261
432.25000,11.13150,78.84035
432.30000,11.13357,78.83810
432.35000,11.13569,78.83587
432.40000,11.13785,78.83364
432.45000,11.14004,78.83141
432.50000,11.14228,78.82920
432.55000,11.14455,78.82700
432.60000,11.14686,78.82481
432.65000,11.14920,78.82262
432.70000,11.15157,78.82045
432.75000,11.15397,78.81828
432.80000,11.15639,78.81613
432.85000,11.15884,78.81399
432.90000,11.16132,78.81185
432.95000,11.16381,78.80972
433.00000,11.16633,78.80761
433.05000,11.16887,78.80551
433.10000,11.17142,78.80341
433.15000,11.17399,78.80133
433.20000,11.17657,78.79926
433.25000,11.17917,78.79720
433.30000,11.18178,78.79514
433.35000,11.18440,78.79311
433.40000,11.18702,78.79107
433.45000,11.18966,78.78905
433.50000,11.19230,78.78704
433.55000,9.00000,78.76503
433.60000,11.15130,78.76287
433.65000,11.15383,78.76071
433.70000,11.15607,78.75857
433.75000,11.15862,78.75643
433.80000,11.27061,78.75481
433.85000,11.28398,78.75324
433.90000,11.27052,78.75162
433.95000,11.27426,78.75002
434.00000,11.25826,78.74834
434.05000,11.25686,78.74667
434.10000,11.25085,78.74498
434.15000,11.47175,78.74413
434.20000,11.00309,78.74137
434.25000,11.18332,78.73933
434.30000,11.18789,78.73731
434.35000,11.18084,78.73527
434.40000,11.18082,78.73322
434.45000,11.17999,78.73117
434.50000,11.18004,78.72913
434.55000,11.18003,78.72707
434.60000,11.18008,78.72502
434.65000,11.17958,78.72298
434.70000,11.17931,78.72092
434.75000,11.17945,78.71887
434.80000,11.18045,78.71683
434.85000,11.17968,78.71478
434.90000,11.18013,78.71273
434.95000,11.18007,78.71068
435.00000,11.18010,78.70863
435.05000,11.18018,78.70659
435.10000,11.18154,78.70454
435.15000,11.18098,78.70250
435.20000,11.18206,78.70046
435.25000,11.18290,78.69843
435.30000,11.18285,78.69640
435.35000,11.18268,78.69436
435.40000,11.18381,78.69233
435.45000,11.18370,78.69029
435.50000,11.18392,78.68826
435.55000,11.18572,78.68624
435.60000,11.18476,78.68421
435.65000,11.18448,78.68219
435.70000,11.18350,78.68015
435.75000,11.57351,78.67971
435.80000,11.19545,78.67773
435.85000,11.18962,78.67572
435.90000,11.18528,78.67370
435.95000,11.18272,78.67166
436.00000,11.18226,78.66962
436.05000,9.00000,78.64766
436.10000,11.19032,78.64566
436.15000,11.18693,78.64365
436.20000,11.18483,78.64163
436.25000,11.18344,78.63961
436.30000,11.18258,78.63758
436.35000,11.57158,78.63714
436.40000,11.18458,78.63512
436.45000,11.17834,78.63307
436.50000,11.17401,78.63101
436.55000,11.17154,78.62894
436.60000,11.17046,78.62686
436.65000,9.00000,78.60491
436.70000,11.19062,78.60292
436.75000,11.18717,78.60092
436.80000,11.18508,78.59891
436.85000,11.18371,78.59689
436.90000,11.18292,78.59487
436.95000,11.18203,78.59285
437.00000,11.56959,78.59241
437.05000,11.17109,78.59034
437.10000,11.16477,78.58825
437.15000,11.15994,78.58614
437.20000,11.15681,78.58402
437.25000,11.15497,78.58189
437.30000,11.15452,78.57977
437.35000,9.00000,78.55783
437.40000,11.19278,78.55585
437.45000,11.18828,78.55386
437.50000,11.18678,78.55187
437.55000,11.18574,78.54987
437.60000,11.18499,78.54787
437.65000,11.18419,78.54587
437.70000,11.56754,78.54542
437.75000,11.15805,78.54331
437.80000,11.15199,78.54118
437.85000,11.14715,78.53902
437.90000,11.14342,78.53686
437.95000,11.14080,78.53468
438.00000,11.13956,78.53250
438.05000,9.00000,78.51060
438.10000,11.19708,78.50865
438.15000,11.19290,78.50669
438.20000,11.18972,78.50471
438.25000,11.18892,78.50274
438.30000,11.18866,78.50076
438.35000,11.18779,78.49877
438.40000,11.56549,78.49833
438.45000,11.14400,78.49617
438.50000,11.13868,78.49400
438.55000,11.13459,78.49180
438.60000,11.13223,78.48959
438.65000,11.13103,78.48739
438.70000,9.00000,78.46551
438.75000,11.19745,78.46357
438.80000,11.19285,78.46162
438.85000,11.18964,78.45965
438.90000,11.18876,78.45768
438.95000,11.18892,78.45571
439.00000,11.18822,78.45374
439.05000,11.18805,78.45176
439.10000,11.56344,78.45132
439.15000,11.13575,78.44913
439.20000,11.13063,78.44693
439.25000,11.12657,78.44472
439.30000,11.12333,78.44248
439.35000,11.12069,78.44025
439.40000,11.11927,78.43800
439.45000,9.00000,78.41615
439.50000,11.20164,78.41424
439.55000,11.19740,78.41232
439.60000,11.19414,78.41037
439.65000,11.19212,78.40842
439.70000,11.19201,78.40647
439.75000,11.19177,78.40452
439.80000,11.56136,78.40408
439.85000,11.12528,78.40186
439.90000,11.11917,78.39962
439.95000,11.11430,78.39736
440.00000,11.11115,78.39509
440.05000,11.10901,78.39281
440.10000,9.00000,78.37100
440.15000,11.20278,78.36910
440.20000,11.19775,78.36718
440.25000,11.19333,78.36524
440.30000,11.19129,78.36330
440.35000,11.19030,78.36135
440.40000,11.19128,78.35941
440.45000,11.19133,78.35746
440.50000,11.19047,78.35551
440.55000,11.55922,78.35507
440.60000,11.10245,78.35277
440.65000,11.09394,78.35044
440.70000,11.08559,78.34808
440.75000,11.07703,78.34567
440.80000,11.06878,78.34325
440.85000,11.06119,78.34078
440.90000,11.05407,78.33829
440.95000,11.04771,78.33578
441.00000,11.04264,78.33324
441.05000,11.03948,78.33070
441.10000,11.03882,78.32815
441.15000,11.03959,78.32561
441.20000,9.00000,78.30410
441.25000,11.22462,78.30230
441.30000,11.21766,78.30047
441.35000,11.21082,78.29861
441.40000,11.20610,78.29674
441.45000,11.20238,78.29485
441.50000,11.20000,78.29295
441.55000,11.19887,78.29105
441.60000,11.19877,78.28914
441.65000,11.19915,78.28724
441.70000,11.19904,78.28534
441.75000,11.19952,78.28343
441.80000,11.19938,78.28153
441.85000,11.19913,78.27963
441.90000,11.19882,78.27773
441.95000,11.19645,78.27582
442.00000,11.55302,78.27536
442.05000,11.02398,78.27276
442.10000,11.01648,78.27013
442.15000,11.00112,78.26744
442.20000,10.98291,78.26468
442.25000,9.00000,78.24438
442.30000,10.99614,78.24167
442.35000,11.09344,78.23936
442.40000,11.18627,78.23741
442.45000,11.17317,78.23541
442.50000,11.16132,78.23337
442.55000,11.15151,78.23129
442.60000,11.15199,78.22920
442.65000,11.14588,78.22710
442.70000,11.10238,78.22482
442.75000,10.99225,78.22211
442.80000,11.02384,78.21951
442.85000,11.01855,78.21690
442.90000,11.01505,78.21428
442.95000,11.01323,78.21165
443.00000,11.01256,78.20901
443.05000,11.00747,78.20636
443.10000,11.00792,78.20370
443.15000,11.09364,78.20139
443.20000,11.15559,78.19933
443.25000,11.14896,78.19724
443.30000,11.13438,78.19509
443.35000,11.12952,78.19292
443.40000,11.12611,78.19075
443.45000,11.12589,78.18857
443.50000,11.11312,78.18633
443.55000,11.10874,78.18409
443.60000,11.11541,78.18187
443.65000,11.10296,78.17960
443.70000,11.09879,78.17731
443.75000,10.99277,78.17460
443.80000,11.04198,78.17209
443.85000,11.03138,78.16953
443.90000,11.02486,78.16695
443.95000,11.02371,78.16437
444.00000,11.00803,78.16172
444.05000,11.06907,78.15932
444.10000,11.12819,78.15714
444.15000,11.12592,78.15497
444.20000,11.11350,78.15274
444.25000,11.11830,78.15054
444.30000,11.11241,78.14831
444.35000,11.11169,78.14607
444.40000,11.10630,78.14382
444.45000,11.10867,78.14158
444.50000,11.09898,78.13930
444.55000,11.07885,78.13693
444.60000,11.06927,78.13453
444.65000,11.07182,78.13214
444.70000,11.07192,78.12975
444.75000,11.07230,78.12737
444.80000,11.07271,78.12498
444.85000,11.07514,78.12260
444.90000,11.07532,78.12023
444.95000,11.07751,78.11787
445.00000,11.07898,78.11551
445.05000,11.08056,78.11315
445.10000,11.07951,78.11079
445.15000,11.08104,78.10844
445.20000,11.08372,78.10611
445.25000,11.08374,78.10377
445.30000,11.08772,78.10145
445.35000,11.00766,78.09880
445.40000,11.01525,78.09619
445.45000,11.01658,78.09359
445.50000,11.49905,78.09293
445.55000,11.08916,78.09061
445.60000,11.10592,78.08836
445.65000,11.11266,78.08614
445.70000,11.11900,78.08395
445.75000,11.12606,78.08178
445.80000,11.13367,78.07964
445.85000,11.14168,78.07754
445.90000,11.15025,78.07546
445.95000,11.15914,78.07343
446.00000,11.16794,78.07143
446.05000,11.17665,78.06946
446.10000,11.18527,78.06753
446.15000,11.19336,78.06563
446.20000,11.20115,78.06376
446.25000,11.20882,78.06193
446.30000,11.21537,78.06011
446.35000,11.22127,78.05840
446.40000,11.22497,78.05670
446.45000,11.22716,78.05501
446.50000,11.22724,78.05332
446.55000,11.22654,78.05163
446.60000,11.22426,78.04992
446.65000,11.22085,78.04821
446.70000,11.16144,78.04618
446.75000,11.13567,78.04405
446.80000,11.13899,78.04194
446.85000,11.14328,78.03984
446.90000,11.14734,78.03777
446.95000,11.15116,78.03570
447.00000,11.15476,78.03365
447.05000,11.15816,78.03161
447.10000,9.00000,78.01601
447.15000,11.23438,78.01435
447.20000,11.23888,78.01271
447.25000,11.24295,78.01109
447.30000,11.24389,78.00946
447.35000,11.24705,78.00785
447.40000,11.24990,78.00626
447.45000,11.25104,78.00466
447.50000,11.25262,78.00307
447.55000,11.25604,78.00150
447.60000,11.25681,77.99992
447.65000,11.25542,77.99835
447.70000,11.25456,77.99677
447.75000,11.25401,77.99519
447.80000,11.25067,77.99359
447.85000,11.24847,77.99199
447.90000,11.12998,77.98985
447.95000,11.14160,77.98775
448.00000,11.14155,77.98565
448.05000,11.14259,77.98356
448.10000,11.23370,77.98190
448.15000,11.24190,77.98027
448.20000,11.23831,77.97863
448.25000,11.23623,77.97698
448.30000,11.23542,77.97533
448.35000,11.23490,77.97367
448.40000,11.23384,77.97202
448.45000,11.15005,77.96996
448.50000,11.16055,77.96793
448.55000,11.15995,77.96590
448.60000,11.16061,77.96389
448.65000,11.22022,77.96218
448.70000,11.22840,77.96050
448.75000,11.22624,77.95882
448.80000,11.22562,77.95712
448.85000,11.22445,77.95543
448.90000,11.16281,77.95342
448.95000,11.17320,77.95145
449.00000,11.17284,77.94948
449.05000,11.17392,77.94752
449.10000,11.17571,77.94556
449.15000,11.21185,77.94374
449.20000,11.22032,77.94203
449.25000,11.21771,77.94032
449.30000,11.21570,77.93851
449.35000,11.21413,77.93671
449.40000,11.21299,77.93490
449.45000,11.18212,77.93297
449.50000,11.19159,77.93108
449.55000,11.19116,77.92918
449.60000,11.19179,77.92728
449.65000,11.19243,77.92539
449.70000,11.19301,77.92350
449.75000,11.20026,77.92165
449.80000,11.20818,77.91982
449.85000,11.20607,77.91798
449.90000,11.20393,77.91613
449.95000,11.18985,77.91423
450.00000,11.19797,77.91236
450.05000,11.19625,77.91049
450.10000,11.19598,77.90862
450.15000,11.19597,77.90674
450.20000,11.19588,77.90486
450.25000,11.19577,77.90298
450.30000,11.19155,77.90109
450.35000,11.20001,77.89923
450.40000,11.19859,77.89737
450.45000,11.18736,77.89545
450.50000,11.19545,77.89358
450.55000,11.19319,77.89169
450.60000,11.19223,77.88981
450.65000,11.19186,77.88792
450.70000,11.19148,77.88602
450.75000,11.19111,77.88412
450.80000,11.18610,77.88222
450.85000,11.19481,77.88033
450.90000,11.19335,77.87845
450.95000,11.18202,77.87652
451.00000,11.19103,77.87463
451.05000,11.18849,77.87273
451.10000,11.18763,77.87082
451.15000,11.18725,77.86891
451.20000,11.18097,77.86697
451.25000,11.19098,77.86508
451.30000,11.18896,77.86318
451.35000,11.18740,77.86127
451.40000,11.54601,77.86083
451.45000,11.23350,77.85918
451.50000,11.23069,77.85751
451.55000,11.22886,77.85584
451.60000,11.22837,77.85417
451.65000,11.22898,77.85250
451.70000,9.00000,77.83070
451.75000,11.18473,77.82880
451.80000,11.18269,77.82687
451.85000,11.18048,77.82495
451.90000,11.17904,77.82301
451.95000,11.54430,77.82257
452.00000,11.23568,77.82093
452.05000,11.23286,77.81928
452.10000,11.23091,77.81763
452.15000,11.23027,77.81597
452.20000,11.23100,77.81432
452.25000,11.23189,77.81267
452.30000,9.00000,77.79083
452.35000,11.17670,77.78889
452.40000,11.17407,77.78695
452.45000,11.17257,77.78500
452.50000,11.17096,77.78304
452.55000,11.16943,77.78107
452.60000,11.54254,77.78062
452.65000,11.23693,77.77900
452.70000,11.23360,77.77736
452.75000,11.23117,77.77571
452.80000,11.23051,77.77406
452.85000,11.23119,77.77242
452.90000,11.23190,77.77077
452.95000,11.23264,77.76913
453.00000,9.00000,77.74725
453.05000,11.16910,77.74530
453.10000,11.16572,77.74332
453.15000,11.16436,77.74135
453.20000,11.16273,77.73936
453.25000,11.54078,77.73891
453.30000,11.23801,77.73730
453.35000,11.23475,77.73567
453.40000,11.23280,77.73404
453.45000,11.23265,77.73241
453.50000,11.23323,77.73077
453.55000,9.00000,77.70887
453.60000,11.16103,77.70689
453.65000,11.15896,77.70489
453.70000,11.53913,77.70444
453.75000,11.23623,77.70283
453.80000,11.23336,77.70120
453.85000,11.23163,77.69957
453.90000,11.23164,77.69794
453.95000,9.00000,77.67602
454.00000,11.15781,77.67403
454.05000,11.15570,77.67203
454.10000,11.15360,77.67002
454.15000,11.53745,77.66958
454.20000,11.23448,77.66796
454.25000,11.23086,77.66634
454.30000,11.22862,77.66470
454.35000,11.22825,77.66306
454.40000,11.22883,77.66142
454.45000,9.00000,77.63948
454.50000,11.15321,77.63747
454.55000,11.15179,77.63547
454.60000,11.53580,77.63503
454.65000,11.23131,77.63340
454.70000,11.22825,77.63177
454.75000,11.22676,77.63013
454.80000,11.22673,77.62849
454.85000,9.00000,77.60654
454.90000,11.15002,77.60453
454.95000,11.14860,77.60252
455.00000,11.14643,77.60050
455.05000,11.53412,77.60005
455.10000,11.22752,77.59843
455.15000,11.22347,77.59678
455.20000,11.22103,77.59512
455.25000,11.22016,77.59347
455.30000,11.22045,77.59181
455.35000,11.22097,77.59016
455.40000,9.00000,77.56820
455.45000,11.14811,77.56618
455.50000,11.14532,77.56417
455.55000,11.14393,77.56214
455.60000,11.53240,77.56170
455.65000,11.22281,77.56006
455.70000,11.21898,77.55840
455.75000,11.21684,77.55674
455.80000,11.21589,77.55507
455.85000,11.21626,77.55341
455.90000,11.21717,77.55174
455.95000,9.00000,77.52977
456.00000,11.14470,77.52776
456.05000,11.14275,77.52573
456.10000,11.14056,77.52370
456.15000,11.13968,77.52167
456.20000,11.53064,77.52122
456.25000,11.21923,77.51958
456.30000,11.21426,77.51791
456.35000,9.00000,77.49569
456.40000,11.52909,77.49524
456.45000,11.21209,77.49357
456.50000,9.00000,77.47133
456.55000,11.07316,77.46904
456.60000,11.52748,77.46859
456.65000,9.00000,77.44632
456.70000,11.06810,77.44402
456.75000,11.07256,77.44173
456.80000,11.05959,77.43940
456.85000,11.06813,77.43710
456.90000,11.07056,77.43481
456.95000,11.52565,77.43436
457.00000,11.22082,77.43274
457.05000,11.21463,77.43109
457.10000,11.21064,77.42944
457.15000,9.00000,77.40719
457.20000,11.06831,77.40489
457.25000,11.06265,77.40258
457.30000,11.07645,77.40031
457.35000,11.06961,77.39803
457.40000,11.52385,77.39758
457.45000,11.20423,77.39590
457.50000,11.19646,77.39420
457.55000,11.19069,77.39240
457.60000,9.00000,77.37014
457.65000,11.52226,77.36969
457.70000,9.00000,77.34743
457.75000,11.06661,77.34515
457.80000,11.06446,77.34286
457.85000,11.52061,77.34241
457.90000,11.18609,77.34060
457.95000,9.00000,77.31832
458.00000,11.51906,77.31788
458.05000,9.00000,77.29559
458.10000,11.06347,77.29330
458.15000,11.06585,77.29103
458.20000,11.06145,77.28873
458.25000,11.06473,77.28645
458.30000,11.51731,77.28601
458.35000,11.18725,77.28422
458.40000,11.18170,77.28240
458.45000,11.17685,77.28057
458.50000,11.17368,77.27872
458.55000,11.17317,77.27687
458.60000,9.00000,77.25465
458.65000,11.51567,77.25420
458.70000,9.00000,77.23195
458.75000,11.06582,77.22968
458.80000,11.06106,77.22740
458.85000,11.05758,77.22511
458.90000,11.05454,77.22280
458.95000,11.05603,77.22050
459.00000,11.51386,77.22005
459.05000,9.00000,77.19778
459.10000,11.51234,77.19733
459.15000,11.17148,77.19550
459.20000,11.16883,77.19365
459.25000,11.16767,77.19180
459.30000,9.00000,77.16953
459.35000,11.05131,77.16722
459.40000,11.06005,77.16495
459.45000,11.05941,77.16267
459.50000,11.05057,77.16036
459.55000,11.51052,77.15992
459.60000,9.00000,77.13755
459.65000,11.01541,77.13511
459.70000,11.50892,77.13466
459.75000,9.00000,77.11224
459.80000,11.50738,77.11179
459.85000,11.21930,77.11023
459.90000,11.22189,77.10868
459.95000,11.22560,77.10715
460.00000,11.23084,77.10563
460.05000,9.00000,77.08325
460.10000,11.01974,77.08084
460.15000,11.50570,77.08040
460.20000,9.00000,77.05804
460.25000,11.01559,77.05562
460.30000,11.50403,77.05518
460.35000,11.25124,77.05375
460.40000,11.25171,77.05232
460.45000,11.25069,77.05090
460.50000,11.24858,77.04946
460.55000,11.24709,77.04802
460.60000,11.24605,77.04658
460.65000,11.24509,77.04513
460.70000,11.24613,77.04369
460.75000,11.24902,77.04225
460.80000,11.25029,77.04082
460.85000,11.24942,77.03939
460.90000,11.24838,77.03796
460.95000,11.24749,77.03651
461.00000,11.24674,77.03507
461.05000,11.24608,77.03363
461.10000,11.24454,77.03218
461.15000,11.24362,77.03072
461.20000,11.24339,77.02927
461.25000,11.24327,77.02782
461.30000,11.24326,77.02636
461.35000,11.24586,77.02491
461.40000,11.25214,77.02349
461.45000,11.25561,77.02208
461.50000,11.25687,77.02068
461.55000,11.25637,77.01927
461.60000,11.25578,77.01787
461.65000,11.25521,77.01646
461.70000,11.25466,77.01505
461.75000,11.25412,77.01363
461.80000,11.25359,77.01221
461.85000,11.25308,77.01079
461.90000,11.25258,77.00937
461.95000,11.25210,77.00795
462.00000,11.25163,77.00652
462.05000,11.25118,77.00510
462.10000,11.25074,77.00367
462.15000,11.25031,77.00224
462.20000,11.24989,77.00081
462.25000,11.24949,76.99937
462.30000,11.24910,76.99794
462.35000,11.24872,76.99651
462.40000,11.24836,76.99507
462.45000,11.24800,76.99363
462.50000,11.24766,76.99220
462.55000,9.00000,76.97053
462.60000,11.50182,76.97008
462.65000,11.24786,76.96864
462.70000,11.24721,76.96721
462.75000,11.24695,76.96577
462.80000,11.24656,76.96433
462.85000,11.24625,76.96289
462.90000,11.24592,76.96145
462.95000,11.24563,76.96001
463.00000,9.00000,76.93832
463.05000,11.50046,76.93787
463.10000,11.24795,76.93645
463.15000,11.24651,76.93501
463.20000,11.24564,76.93358
463.25000,9.00000,76.91185
463.30000,11.49911,76.91140
463.35000,11.24496,76.90997
463.40000,9.00000,76.88821
463.45000,11.49768,76.88776
463.50000,11.24437,76.88634
463.55000,11.24377,76.88490
463.60000,11.24321,76.88347
463.65000,9.00000,76.86168
463.70000,11.49629,76.86123
463.75000,11.24261,76.85980
463.80000,9.00000,76.83799
463.85000,11.49485,76.83754
463.90000,11.24186,76.83611
463.95000,11.24081,76.83468
464.00000,11.24019,76.83324
464.05000,9.00000,76.81142
464.10000,11.49343,76.81097
464.15000,9.00000,76.78913
464.20000,11.03235,76.78682
464.25000,11.03069,76.78450
464.30000,11.49186,76.78405
464.35000,11.24406,76.78264
464.40000,9.00000,76.76079
464.45000,11.49050,76.76034
464.50000,11.23518,76.75890
464.55000,11.23287,76.75746
464.60000,11.23167,76.75601
464.65000,11.23046,76.75455
464.70000,11.22990,76.75310
464.75000,11.22934,76.75164
464.80000,11.22880,76.75018
464.85000,11.22828,76.74871
464.90000,11.22781,76.74725
464.95000,9.00000,76.72536
465.00000,11.48916,76.72491
465.05000,11.22734,76.72346
465.10000,11.22585,76.72198
465.15000,11.22575,76.72052
465.20000,11.22525,76.71905
465.25000,11.22481,76.71758
465.30000,11.22439,76.71610
465.35000,11.22400,76.71463
465.40000,9.00000,76.69276
465.45000,11.48774,76.69231
465.50000,9.00000,76.67043
465.55000,11.03581,76.66814
465.60000,11.48620,76.66770
465.65000,9.00000,76.64581
465.70000,11.48473,76.64536
465.75000,11.22314,76.64390
465.80000,11.22098,76.64243
465.85000,11.22017,76.64096
465.90000,11.21921,76.63949
465.95000,11.21874,76.63801
466.00000,11.21826,76.63653
466.05000,11.21781,76.63505
466.10000,11.21762,76.63357
466.15000,11.21723,76.63208
466.20000,9.00000,76.61024
466.25000,11.48326,76.60979
466.30000,11.21657,76.60831
466.35000,11.21527,76.60682
466.40000,9.00000,76.58500
466.45000,11.48167,76.58455
466.50000,9.00000,76.56277
466.55000,11.47999,76.56232
466.60000,11.20449,76.56080
466.65000,11.20317,76.55928
466.70000,11.20167,76.55775
466.75000,11.20025,76.55622
466.80000,11.19883,76.55469
466.85000,11.19701,76.55315
466.90000,11.19559,76.55159
466.95000,11.19403,76.55004
467.00000,9.00000,76.52888
467.05000,11.03370,76.52663
467.10000,11.03196,76.52436
467.15000,11.47650,76.52390
467.20000,9.00000,76.50312
467.25000,11.47482,76.50266
467.30000,11.19190,76.50111
467.35000,11.18587,76.49953
467.40000,11.18484,76.49796
467.45000,11.19601,76.49641
467.50000,11.20961,76.49493
467.55000,11.20894,76.49345
467.60000,11.20878,76.49196
467.65000,9.00000,76.47160
467.70000,11.03739,76.46938
467.75000,11.03623,76.46714
467.80000,11.03615,76.46490
467.85000,11.47301,76.46445
467.90000,11.22412,76.46302
467.95000,11.22173,76.46159
468.00000,11.21813,76.46014
468.05000,11.21101,76.45867
468.10000,11.20652,76.45718
468.15000,11.20241,76.45567
468.20000,9.00000,76.43496
468.25000,11.47236,76.43450
468.30000,11.19036,76.43295
468.35000,11.18262,76.43138
468.40000,9.00000,76.41075
468.45000,11.47047,76.41029
468.50000,11.18860,76.40874
468.55000,11.19950,76.40724
468.60000,9.00000,76.38676
468.65000,11.04178,76.38457
468.70000,11.04094,76.38238
468.75000,11.46911,76.38191
468.80000,11.20870,76.38045
468.85000,11.20963,76.37898
468.90000,11.20437,76.37750
468.95000,11.20025,76.37600
469.00000,11.19183,76.37447
469.05000,11.18277,76.37290
469.10000,11.18112,76.37133
469.15000,11.18054,76.36976
469.20000,11.18836,76.36821
469.25000,9.00000,76.34766
469.30000,11.46797,76.34721
469.35000,9.00000,76.32663
469.40000,11.46663,76.32617
469.45000,11.19331,76.32465
469.50000,9.00000,76.30405
469.55000,11.46533,76.30360
469.60000,11.18997,76.30207
469.65000,9.00000,76.28145
469.70000,11.46391,76.28099
469.75000,9.00000,76.26038
469.80000,11.03643,76.25819
469.85000,11.03445,76.25600
469.90000,11.03336,76.25379
469.95000,11.46254,76.25334
470.00000,11.20336,76.25188
470.05000,11.20161,76.25041
470.10000,11.19695,76.24892
470.15000,11.18989,76.24741
470.20000,11.18588,76.24588
470.25000,9.00000,76.22505
470.30000,11.03965,76.22288
470.35000,11.03764,76.22070
470.40000,11.46171,76.22025
470.45000,11.19262,76.21875
470.50000,11.19241,76.21725
470.55000,11.18696,76.21574
470.60000,11.18163,76.21420
470.65000,9.00000,76.19320
470.70000,11.46062,76.19275
470.75000,11.18139,76.19122
470.80000,9.00000,76.17020
470.85000,11.45927,76.16975
470.90000,11.18092,76.16822
470.95000,11.18082,76.16669
471.00000,11.18021,76.16515
471.05000,9.00000,76.14411
471.10000,11.45796,76.14366
471.15000,11.17982,76.14213
471.20000,11.18009,76.14060
471.25000,9.00000,76.11954
471.30000,11.03482,76.11737
471.35000,11.45659,76.11691
471.40000,11.18483,76.11541
471.45000,9.00000,76.09431
471.50000,11.03200,76.09214
471.55000,11.02853,76.08995
471.60000,11.45568,76.08950
471.65000,11.19443,76.08804
471.70000,11.19258,76.08656
471.75000,11.18762,76.08508
471.80000,9.00000,76.06355
471.85000,11.45496,76.06310
471.90000,11.17793,76.06158
471.95000,11.17576,76.06005
472.00000,9.00000,76.03834
472.05000,11.45386,76.03790
472.10000,9.00000,76.01611
472.15000,11.02823,76.01393
472.20000,11.45245,76.01349
472.25000,9.00000,75.99166
472.30000,11.45103,75.99122
472.35000,11.16123,75.98965
472.40000,11.15880,75.98808
472.45000,9.00000,75.96622
472.50000,11.44963,75.96577
472.55000,9.00000,75.94392
472.60000,11.44819,75.94347
472.65000,11.15945,75.94191
472.70000,9.00000,75.92001
472.75000,11.01886,75.91782
472.80000,11.01663,75.91563
472.85000,11.01830,75.91344
472.90000,11.44686,75.91299
472.95000,11.14704,75.91139
473.00000,11.13987,75.90976
473.05000,11.13434,75.90810
473.10000,11.12989,75.90643
473.15000,11.12686,75.90475
473.20000,11.12537,75.90307
473.25000,11.12478,75.90137
473.30000,11.12465,75.89968
473.35000,9.00000,75.87769
473.40000,11.02666,75.87554
473.45000,11.44553,75.87510
473.50000,9.00000,75.85308
473.55000,11.02284,75.85093
473.60000,11.02266,75.84877
473.65000,11.02099,75.84660
473.70000,11.02069,75.84444
473.75000,11.44400,75.84399
473.80000,11.11223,75.84219
473.85000,11.10260,75.84035
473.90000,11.09373,75.83849
473.95000,11.08742,75.83659
474.00000,11.08437,75.83467
474.05000,11.08389,75.83276
474.10000,11.08395,75.83085
474.15000,9.00000,75.80882
474.20000,11.03278,75.80671
474.25000,11.02858,75.80458
474.30000,11.02750,75.80245
474.35000,11.02782,75.80032
474.40000,11.44243,75.79987
474.45000,11.07591,75.79794
474.50000,11.06517,75.79595
474.55000,11.05618,75.79394
474.60000,11.04978,75.79189
474.65000,11.04641,75.78984
474.70000,9.00000,75.76781
474.75000,11.03850,75.76572
474.80000,11.03358,75.76363
474.85000,11.02911,75.76151
474.90000,11.02876,75.75939
474.95000,11.03058,75.75728
475.00000,11.44074,75.75683
475.05000,11.04277,75.75477
475.10000,11.03408,75.75267
475.15000,11.02877,75.75055
475.20000,11.02730,75.74843
475.25000,11.02868,75.74631
475.30000,11.03201,75.74420
475.35000,9.00000,75.72220
475.40000,11.03844,75.72012
475.45000,11.03458,75.71803
475.50000,11.02974,75.71593
475.55000,11.02912,75.71381
475.60000,11.03012,75.71171
475.65000,11.02884,75.70959
475.70000,11.03144,75.70750
475.75000,11.02748,75.70538
475.80000,11.43888,75.70493
475.85000,11.07643,75.70301
475.90000,11.07198,75.70107
475.95000,11.06844,75.69912
476.00000,11.06732,75.69716
476.05000,11.06749,75.69520
476.10000,11.06855,75.69324
476.15000,11.07202,75.69131
476.20000,11.07398,75.68938
476.25000,11.07500,75.68745
476.30000,11.07561,75.68552
476.35000,9.00000,75.66360
476.40000,11.04409,75.66155
476.45000,11.04325,75.65951
476.50000,11.04072,75.65745
476.55000,11.03873,75.65538
476.60000,11.03858,75.65331
476.65000,11.03849,75.65125
476.70000,11.43715,75.65080
476.75000,11.05463,75.64880
476.80000,11.04263,75.64675
476.85000,11.03201,75.64466
476.90000,11.02301,75.64253
476.95000,11.01484,75.64037
477.00000,11.00741,75.63818
477.05000,11.00070,75.63596
477.10000,10.99542,75.63373
477.15000,9.00000,75.61185
477.20000,11.05938,75.60987
477.25000,11.05274,75.60787
477.30000,11.04951,75.60585
477.35000,11.04921,75.60384
477.40000,11.03192,75.60175
477.45000,10.97511,75.59944
477.50000,11.43524,75.59899
477.55000,10.98984,75.59674
477.60000,10.98188,75.59446
477.65000,9.00000,75.57233
477.70000,10.99565,75.57011
477.75000,10.99188,75.56787
477.80000,10.99006,75.56563
477.85000,10.98992,75.56338
477.90000,10.99035,75.56113
477.95000,10.99076,75.55889
478.00000,10.99265,75.55666
478.05000,10.99441,75.55444
478.10000,10.99629,75.55222
478.15000,11.43328,75.55177
478.20000,10.97286,75.54945
478.25000,9.00000,75.52752
478.30000,11.43176,75.52708
478.35000,10.97348,75.52477
478.40000,10.97321,75.52247
478.45000,10.97380,75.52016
478.50000,10.97488,75.51786
478.55000,10.97622,75.51557
478.60000,10.97755,75.51328
478.65000,10.97893,75.51100
478.70000,10.98035,75.50873
478.75000,10.98182,75.50645
478.80000,10.98333,75.50419
478.85000,10.98487,75.50193
478.90000,10.98646,75.49968
478.95000,10.98808,75.49744
479.00000,10.98973,75.49520
479.05000,10.99139,75.49297
479.10000,10.99308,75.49075
479.15000,10.99478,75.48853
479.20000,10.99649,75.48631
479.25000,10.99822,75.48411
479.30000,10.99995,75.48192
479.35000,11.00166,75.47973
479.40000,11.00333,75.47754
479.45000,11.00496,75.47536
479.50000,11.00656,75.47320
479.55000,11.00812,75.47103
479.60000,11.00967,75.46887
479.65000,11.01118,75.46673
479.70000,11.01266,75.46458
479.75000,11.01410,75.46244
479.80000,11.01550,75.46030
479.85000,11.01686,75.45818
479.90000,11.01820,75.45605
479.95000,11.01951,75.45394
480.00000,11.02026,75.45183
480.05000,11.01967,75.44971
480.10000,11.01821,75.44759
480.15000,11.01615,75.44546
480.20000,11.01340,75.44331
480.25000,11.00991,75.44116
480.30000,11.00567,75.43899
480.35000,11.00072,75.43680
480.40000,10.99520,75.43459
480.45000,9.00000,75.41305
480.50000,11.12772,75.41144
480.55000,11.12362,75.40981
480.60000,11.11867,75.40817
480.65000,11.11809,75.40652
480.70000,11.11439,75.40486
480.75000,11.11430,75.40321
480.80000,11.11153,75.40153
480.85000,11.10989,75.39985
480.90000,11.10759,75.39816
480.95000,11.10782,75.39648
481.00000,11.10621,75.39479
481.05000,11.10585,75.39310
481.10000,11.10450,75.39140
481.15000,11.10325,75.38969
481.20000,11.10170,75.38799
481.25000,11.10061,75.38627
481.30000,11.09959,75.38455
481.35000,11.09757,75.38275
481.40000,11.09631,75.38095
481.45000,11.09440,75.37914
481.50000,11.09305,75.37732
481.55000,11.09091,75.37550
481.60000,11.42411,75.37503
481.65000,10.91713,75.37251
481.70000,10.91127,75.36997
481.75000,10.91342,75.36744
481.80000,9.00000,75.34843
481.85000,11.09439,75.34662
481.90000,11.09048,75.34480
481.95000,11.08837,75.34296
482.00000,11.08593,75.34113
482.05000,11.08413,75.33928
482.10000,11.08197,75.33743
482.15000,11.08090,75.33556
482.20000,11.07968,75.33370
482.25000,11.41749,75.33321
482.30000,10.89926,75.33064
482.35000,10.90794,75.32809
482.40000,10.91292,75.32555
482.45000,9.00000,75.30902
482.50000,11.08117,75.30717
482.55000,11.07916,75.30531
482.60000,11.07584,75.30343
482.65000,11.07419,75.30154
482.70000,11.07330,75.29966
482.75000,11.07157,75.29777
482.80000,11.06940,75.29587
482.85000,11.06709,75.29396
482.90000,11.41206,75.29346
482.95000,10.93847,75.29104
483.00000,10.93583,75.28861
483.05000,10.94139,75.28620
483.10000,9.00000,75.27126
483.15000,11.07160,75.26937
483.20000,11.06941,75.26747
483.25000,11.06304,75.26556
483.30000,11.06010,75.26362
483.35000,11.10401,75.26193
483.40000,10.98852,75.25972
483.45000,11.04332,75.25772
483.50000,11.22814,75.25651
483.55000,11.21703,75.25525
483.60000,11.22444,75.25403
483.65000,11.02777,75.25197
483.70000,10.73651,75.24874
483.75000,11.08341,75.24690
483.80000,11.22650,75.24569
483.85000,10.87479,75.24302
483.90000,11.41059,75.24252
483.95000,11.04474,75.24052
484.00000,11.04085,75.23852
484.05000,11.03847,75.23650
484.10000,11.04090,75.23449
484.15000,11.05855,75.23255
484.20000,9.00000,75.21659
484.25000,11.31891,75.21573
484.30000,10.69285,75.21233
484.35000,10.99307,75.21014
484.40000,11.09340,75.20835
484.45000,10.91742,75.20585
484.50000,11.03495,75.20383
484.55000,10.98432,75.20160
484.60000,11.01301,75.19948
484.65000,11.04136,75.19748
484.70000,11.03264,75.19544
484.75000,11.38663,75.19484
484.80000,10.07416,75.18899
484.85000,10.92778,75.18654
484.90000,10.92973,75.18409
484.95000,10.93200,75.18166
485.00000,10.93333,75.17923
485.05000,10.93481,75.17680
485.10000,10.93576,75.17439
485.15000,10.93879,75.17197
485.20000,10.93996,75.16957
485.25000,10.94266,75.16718
485.30000,10.94359,75.16479
485.35000,10.94515,75.16241
485.40000,10.94795,75.16004
485.45000,10.95037,75.15768
485.50000,11.41811,75.15722
485.55000,11.03516,75.15520
485.60000,11.02905,75.15315
485.65000,11.02595,75.15109
485.70000,11.02647,75.14903
485.75000,11.02807,75.14698
485.80000,9.00000,75.12675
485.85000,10.97228,75.12448
485.90000,10.96857,75.12220
485.95000,10.96555,75.11991
486.00000,10.96724,75.11762
486.05000,10.96719,75.11533
486.10000,11.41817,75.11488
486.15000,9.00000,75.09399
486.20000,11.41688,75.09354
486.25000,11.02730,75.09150
486.30000,11.02662,75.08945
486.35000,11.02602,75.08740
486.40000,11.02750,75.08537
486.45000,9.00000,75.06425
486.50000,10.98125,75.06203
486.55000,10.97670,75.05979
486.60000,10.97456,75.05755
486.65000,10.97315,75.05530
486.70000,10.97301,75.05305
486.75000,10.97443,75.05080
486.80000,10.97509,75.04856
486.85000,11.41658,75.04811
486.90000,11.01669,75.04603
486.95000,11.01171,75.04394
487.00000,11.00938,75.04182
487.05000,11.01058,75.03973
487.10000,11.01473,75.03764
487.15000,9.00000,75.01610
487.20000,10.98896,75.01392
487.25000,10.98454,75.01172
487.30000,10.98189,75.00951
487.35000,10.98101,75.00730
487.40000,10.98241,75.00509
487.45000,10.98242,75.00288
487.50000,10.98389,75.00069
487.55000,11.41539,75.00024
487.60000,11.01192,74.99815
487.65000,11.00636,74.99604
487.70000,11.00370,74.99392
487.75000,11.00374,74.99179
487.80000,11.00635,74.98969
487.85000,11.00900,74.98759
487.90000,11.00980,74.98549
487.95000,9.00000,74.96369
488.00000,10.99606,74.96155
488.05000,10.99144,74.95939
488.10000,10.98933,74.95721
488.15000,10.98824,74.95504
488.20000,10.98829,74.95287
488.25000,10.98896,74.95069
488.30000,10.98960,74.94852
488.35000,11.41344,74.94807
488.40000,10.99709,74.94593
488.45000,10.99333,74.94378
488.50000,10.98915,74.94160
488.55000,10.98262,74.93941
488.60000,10.98178,74.93720
488.65000,10.98433,74.93501
488.70000,9.00000,74.91353
488.75000,11.00547,74.91143
488.80000,11.00029,74.90931
488.85000,10.99890,74.90718
488.90000,10.99787,74.90505
488.95000,10.99739,74.90292
489.00000,10.99827,74.90079
489.05000,10.99783,74.89866
489.10000,11.41077,74.89821
489.15000,10.97822,74.89600
489.20000,10.97110,74.89376
489.25000,10.96490,74.89150
489.30000,10.96170,74.88923
489.35000,10.96588,74.88697
489.40000,10.97155,74.88474
489.45000,9.00000,74.86383
489.50000,11.01330,74.86177
489.55000,11.00825,74.85969
489.60000,11.00623,74.85760
489.65000,11.00510,74.85550
489.70000,11.00524,74.85341
489.75000,11.00546,74.85132
489.80000,11.40769,74.85086
489.85000,10.96127,74.84859
489.90000,10.95562,74.84630
489.95000,10.94914,74.84399
490.00000,10.95110,74.84167
490.05000,10.95640,74.83939
490.10000,10.96448,74.83714
490.15000,9.00000,74.81699
490.20000,11.01621,74.81494
490.25000,11.01068,74.81287
490.30000,11.00864,74.81081
490.35000,11.00721,74.80872
490.40000,11.00714,74.80665
490.45000,11.00719,74.80457
490.50000,11.00768,74.80249
490.55000,11.40377,74.80202
490.60000,10.94871,74.79971
490.65000,10.94145,74.79737
490.70000,10.93413,74.79501
490.75000,10.92950,74.79262
490.80000,10.92566,74.79021
490.85000,10.93222,74.78783
490.90000,10.94722,74.78552
490.95000,9.00000,74.76687
491.00000,11.02142,74.76485
491.05000,11.01643,74.76282
491.10000,11.01363,74.76077
491.15000,11.01276,74.75872
491.20000,11.01289,74.75667
491.25000,11.01210,74.75462
491.30000,11.01342,74.75257
491.35000,11.39850,74.75209
491.40000,10.93735,74.74974
491.45000,10.93153,74.74737
491.50000,10.92830,74.74499
491.55000,10.92769,74.74260
491.60000,10.92544,74.74020
491.65000,10.92444,74.73780
491.70000,10.93901,74.73546
491.75000,9.00000,74.71849
491.80000,11.02703,74.71650
491.85000,11.02232,74.71450
491.90000,11.01970,74.71248
491.95000,11.01827,74.71046
492.00000,11.01787,74.70844
492.05000,11.01824,74.70641
492.10000,11.39387,74.70592
492.15000,10.94335,74.70361
492.20000,10.95925,74.70135
492.25000,10.99599,74.69924
492.30000,10.99662,74.69713
492.35000,11.00194,74.69505
492.40000,11.01632,74.69302
492.45000,9.00000,74.67604
492.50000,11.03086,74.67407
492.55000,11.02633,74.67209
492.60000,11.02329,74.67009
492.65000,11.02190,74.66809
492.70000,11.02156,74.66608
492.75000,11.02241,74.66409
492.80000,11.02337,74.66209
492.85000,11.39745,74.66162
492.90000,11.01749,74.65960
492.95000,11.01208,74.65756
493.00000,11.00705,74.65550
493.05000,11.00448,74.65343
493.10000,11.00800,74.65137
493.15000,9.00000,74.63197
493.20000,11.03356,74.63001
493.25000,11.02846,74.62804
493.30000,11.02521,74.62606
493.35000,11.02297,74.62407
493.40000,11.02189,74.62208
493.45000,11.02120,74.62008
493.50000,11.02242,74.61809
493.55000,11.02214,74.61609
493.60000,11.39963,74.61563
493.65000,10.98555,74.61349
493.70000,10.97282,74.61131
493.75000,10.95975,74.60906
493.80000,10.94785,74.60677
493.85000,10.93721,74.60444
493.90000,10.92876,74.60207
493.95000,9.00000,74.58167
494.00000,11.03265,74.57972
494.05000,11.02705,74.57775
494.10000,11.02179,74.57576
494.15000,11.01770,74.57375
494.20000,11.01483,74.57174
494.25000,11.01318,74.56971
494.30000,11.01196,74.56769
494.35000,11.01088,74.56565
494.40000,11.01055,74.56362
494.45000,11.01126,74.56159
494.50000,11.01162,74.55956
494.55000,11.01161,74.55753
494.60000,11.39572,74.55707
494.65000,10.89153,74.55456
494.70000,10.88131,74.55201
494.75000,10.87149,74.54942
494.80000,10.86187,74.54680
494.85000,10.85193,74.54414
494.90000,10.84186,74.54144
494.95000,10.83171,74.53869
495.00000,10.86288,74.53607
495.05000,10.89619,74.53358
495.10000,10.88801,74.53107
495.15000,10.89834,74.52859
495.20000,10.92185,74.52621
495.25000,10.94424,74.52391
495.30000,10.94193,74.52161
495.35000,10.93922,74.51929
495.40000,10.93986,74.51698
495.45000,10.94117,74.51467
495.50000,10.94275,74.51237
495.55000,10.94459,74.51009
495.60000,10.94669,74.50780
495.65000,10.94918,74.50552
495.70000,10.95183,74.50327
495.75000,10.95466,74.50101
495.80000,10.95768,74.49877
495.85000,10.96118,74.49655
495.90000,10.96554,74.49434
495.95000,10.96940,74.49215
496.00000,10.97310,74.48997
496.05000,10.97687,74.48781
496.10000,10.98065,74.48566
496.15000,10.98441,74.48354
496.20000,10.98811,74.48141
496.25000,10.99173,74.47932
496.30000,10.99526,74.47723
496.35000,10.99840,74.47515
496.40000,11.00180,74.47309
496.45000,11.00494,74.47104
496.50000,11.00786,74.46900
496.55000,11.01062,74.46698
496.60000,11.01321,74.46496
496.65000,11.01563,74.46295
496.70000,11.01790,74.46096
496.75000,11.02001,74.45897
496.80000,11.02198,74.45699
496.85000,11.02381,74.45502
496.90000,11.04788,74.45314
496.95000,11.07206,74.45143
497.00000,11.07816,74.44975
497.05000,11.07567,74.44805
497.10000,11.07213,74.44634
497.15000,11.06861,74.44455
497.20000,11.06512,74.44274
497.25000,11.06171,74.44092
497.30000,11.05836,74.43909
497.35000,11.05481,74.43723
497.40000,11.05117,74.43537
497.45000,11.04806,74.43349
497.50000,11.04506,74.43160
497.55000,11.04215,74.42970
497.60000,11.03932,74.42780
497.65000,11.03658,74.42587
497.70000,11.03393,74.42394
497.75000,11.03126,74.42200
497.80000,11.02874,74.42004
497.85000,11.02637,74.41808
497.90000,11.02416,74.41611
497.95000,11.02211,74.41413
498.00000,11.02024,74.41215
498.05000,11.01854,74.41016
498.10000,11.01703,74.40816
498.15000,9.00000,74.38740
498.20000,11.09278,74.38578
498.25000,11.08807,74.38414
498.30000,11.08474,74.38248
498.35000,11.08250,74.38082
498.40000,11.08038,74.37916
498.45000,11.07945,74.37748
498.50000,11.07833,74.37581
498.55000,11.07740,74.37412
498.60000,11.07742,74.37244
498.65000,11.07646,74.37076
498.70000,11.07494,74.36907
498.75000,11.39611,74.36862
498.80000,11.00414,74.36658
498.85000,11.00145,74.36452
498.90000,11.00033,74.36246
498.95000,9.00000,74.34132
499.00000,11.07171,74.33962
499.05000,11.06730,74.33791
499.10000,11.06471,74.33611
499.15000,11.06189,74.33430
499.20000,11.06048,74.33249
499.25000,11.06078,74.33068
499.30000,11.05985,74.32887
499.35000,11.05940,74.32704
499.40000,11.05796,74.32522
499.45000,11.39468,74.32477
499.50000,11.01438,74.32277
499.55000,11.01175,74.32076
499.60000,11.01045,74.31875
499.65000,11.00966,74.31673
499.70000,9.00000,74.29552
499.75000,11.05658,74.29369
499.80000,11.05267,74.29185
499.85000,11.05057,74.29001
499.90000,11.04975,74.28816
499.95000,11.04950,74.28631
500.00000,11.04843,74.28445
500.05000,11.04699,74.28259
500.10000,11.39315,74.28214
500.15000,11.02633,74.28020
500.20000,11.02356,74.27824
500.25000,11.02210,74.27628
500.30000,11.02090,74.27431
500.35000,9.00000,74.25304
500.40000,11.04603,74.25117
500.45000,11.04209,74.24930
500.50000,11.04011,74.24741
500.55000,11.03930,74.24553
500.60000,11.03887,74.24364
500.65000,11.03788,74.24175
500.70000,11.39160,74.24130
500.75000,11.03737,74.23941
500.80000,11.03347,74.23750
500.85000,11.03134,74.23558
500.90000,11.02968,74.23366
500.95000,11.02897,74.23174
501.00000,9.00000,74.21040
501.05000,11.03675,74.20851
501.10000,11.03296,74.20660
501.15000,11.02945,74.20469
501.20000,11.02684,74.20276
501.25000,11.02593,74.20083
501.30000,11.02675,74.19890
501.35000,11.02571,74.19696
501.40000,11.02537,74.19503
501.45000,11.39002,74.19458
501.50000,11.04842,74.19273
501.55000,11.04543,74.19088
501.60000,11.04322,74.18902
501.65000,11.04137,74.18715
501.70000,11.04093,74.18527
501.75000,9.00000,74.16387
501.80000,11.02515,74.16194
501.85000,11.02258,74.16000
501.90000,11.02103,74.15806
501.95000,11.01962,74.15611
502.00000,11.01860,74.15415
502.05000,11.38842,74.15370
502.10000,11.05527,74.15189
502.15000,11.05175,74.15007
502.20000,11.04842,74.14823
502.25000,11.04633,74.14639
502.30000,11.04652,74.14455
502.35000,11.04805,74.14271
502.40000,9.00000,74.12126
502.45000,11.02128,74.11932
502.50000,11.01803,74.11737
502.55000,11.01607,74.11541
502.60000,11.01515,74.11345
502.65000,11.01420,74.11148
502.70000,11.38704,74.11104
502.75000,11.06055,74.10933
502.80000,11.05811,74.10760
502.85000,11.05622,74.10581
502.90000,11.05483,74.10400
502.95000,11.05396,74.10220
503.00000,11.05402,74.10039
503.05000,11.05488,74.09858
503.10000,9.00000,74.07701
503.15000,11.01683,74.07506
503.20000,11.01483,74.07310
503.25000,11.01329,74.07114
503.30000,11.01120,74.06917
503.35000,11.38569,74.06872
503.40000,11.06590,74.06704
503.45000,11.06349,74.06535
503.50000,11.06142,74.06364
503.55000,11.06012,74.06194
503.60000,11.05949,74.06023
503.65000,11.05955,74.05853
503.70000,11.05992,74.05682
503.75000,9.00000,74.03516
503.80000,11.01365,74.03321
503.85000,11.01103,74.03124
503.90000,11.00890,74.02927
503.95000,11.00802,74.02729
504.00000,11.38427,74.02684
504.05000,11.06752,74.02517
504.10000,11.06438,74.02349
504.15000,11.06155,74.02180
504.20000,11.05910,74.02010
504.25000,11.05730,74.01839
504.30000,11.05595,74.01667
504.35000,11.05550,74.01495
504.40000,9.00000,73.99336
504.45000,11.01019,73.99140
504.50000,11.00816,73.98943
504.55000,11.00602,73.98744
504.60000,11.00413,73.98546
504.65000,11.38216,73.98501
504.70000,11.06938,73.98335
504.75000,11.06766,73.98169
504.80000,11.06621,73.98002
504.85000,11.06638,73.97835
504.90000,11.06563,73.97668
504.95000,11.06637,73.97501
505.00000,9.00000,73.95354
505.05000,11.00604,73.95157
505.10000,11.00333,73.94958
505.15000,11.00194,73.94759
505.20000,11.00042,73.94560
505.25000,11.38082,73.94515
505.30000,11.07890,73.94353
505.35000,11.07565,73.94191
505.40000,11.07224,73.94027
505.45000,11.06935,73.93861
505.50000,11.06832,73.93696
505.55000,11.06813,73.93530
505.60000,11.06866,73.93365
505.65000,11.06936,73.93200
505.70000,9.00000,73.91039
505.75000,11.00270,73.90841
505.80000,11.00002,73.90642
505.85000,10.99856,73.90442
505.90000,11.37954,73.90397
505.95000,11.08090,73.90237
506.00000,11.07856,73.90076
506.05000,11.07595,73.89914
506.10000,11.07360,73.89751
506.15000,11.07262,73.89587
506.20000,11.07219,73.89424
506.25000,11.07263,73.89261
506.30000,9.00000,73.87092
506.35000,11.00029,73.86893
506.40000,10.99697,73.86694
506.45000,10.99557,73.86493
506.50000,11.37822,73.86449
506.55000,11.08110,73.86288
506.60000,11.07828,73.86128
506.65000,11.07492,73.85966
506.70000,11.06944,73.85802
506.75000,11.06703,73.85638
506.80000,11.06611,73.85472
506.85000,11.06547,73.85307
506.90000,11.06529,73.85141
506.95000,11.06540,73.84975
507.00000,9.00000,73.82812
507.05000,10.99813,73.82613
507.10000,10.99631,73.82414
507.15000,10.99479,73.82214
507.20000,11.37639,73.82169
507.25000,11.08355,73.82011
507.30000,11.08160,73.81852
507.35000,11.07796,73.81693
507.40000,11.07313,73.81530
507.45000,11.06821,73.81366
507.50000,11.06635,73.81202
507.55000,11.06634,73.81037
507.60000,11.06735,73.80873
507.65000,9.00000,73.78722
507.70000,10.99590,73.78522
507.75000,10.99444,73.78323
507.80000,10.99295,73.78123
507.85000,11.37485,73.78078
507.90000,9.00000,73.75893
507.95000,10.92537,73.75667
508.00000,10.92378,73.75440
508.05000,10.92378,73.75213
508.10000,10.92060,73.74984
508.15000,10.91946,73.74755
508.20000,10.91859,73.74526
508.25000,10.92235,73.74299
508.30000,10.91762,73.74069
508.35000,10.91966,73.73840
508.40000,10.92487,73.73614
508.45000,10.92787,73.73389
508.50000,11.37319,73.73344
508.55000,9.00000,73.71131
508.60000,11.37170,73.71086
508.65000,9.00000,73.68874
508.70000,10.88433,73.68633
508.75000,10.88349,73.68391
508.80000,11.37004,73.68346
508.85000,11.06987,73.68185
508.90000,11.06672,73.68024
508.95000,11.06542,73.67861
509.00000,9.00000,73.65656
509.05000,10.88670,73.65417
509.10000,10.88444,73.65176
509.15000,11.36845,73.65131
509.20000,9.00000,73.62923
509.25000,10.88138,73.62682
509.30000,10.88083,73.62440
509.35000,10.88007,73.62198
509.40000,10.88208,73.61957
509.45000,10.88257,73.61716
509.50000,11.36677,73.61671
509.55000,11.06761,73.61510
509.60000,11.06240,73.61349
509.65000,9.00000,73.59144
509.70000,11.36536,73.59099
509.75000,11.05536,73.58935
509.80000,11.05238,73.58768
509.85000,11.05137,73.58603
509.90000,11.05085,73.58437
509.95000,11.05036,73.58270
510.00000,11.05006,73.58104
510.05000,9.00000,73.55898
510.10000,10.89740,73.55665
510.15000,10.89345,73.55429
510.20000,10.89138,73.55193
510.25000,10.89185,73.54957
510.30000,11.36373,73.54913
510.35000,9.00000,73.52706
510.40000,11.36226,73.52661
510.45000,11.04858,73.52496
510.50000,11.04453,73.52328
510.55000,11.04288,73.52160
510.60000,11.04167,73.51991
510.65000,11.04072,73.51823
510.70000,9.00000,73.49620
510.75000,10.90218,73.49389
510.80000,10.89919,73.49157
510.85000,10.89664,73.48924
510.90000,11.36068,73.48880
510.95000,9.00000,73.46675
511.00000,11.35921,73.46631
511.05000,11.04033,73.46463
511.10000,11.03616,73.46294
511.15000,9.00000,73.44093
511.20000,11.35775,73.44048
511.25000,9.00000,73.41846
511.30000,11.35628,73.41801
511.35000,9.00000,73.39600
511.40000,11.35480,73.39555
511.45000,11.02979,73.39384
511.50000,11.02790,73.39214
511.55000,11.02787,73.39043
511.60000,11.02787,73.38872
511.65000,9.00000,73.36671
511.70000,10.90144,73.36443
511.75000,10.89914,73.36214
511.80000,10.89719,73.35985
511.85000,10.89722,73.35755
511.90000,11.35319,73.35711
511.95000,11.03147,73.35542
512.00000,11.02625,73.35371
512.05000,11.02231,73.35191
512.10000,9.00000,73.32993
512.15000,11.35174,73.32948
512.20000,9.00000,73.30750
512.25000,10.90485,73.30524
512.30000,11.35024,73.30479
512.35000,11.02297,73.30309
512.40000,11.02043,73.30128
512.45000,11.01871,73.29948
512.50000,9.00000,73.27751
512.55000,10.90670,73.27527
512.60000,10.90455,73.27303
512.65000,10.90477,73.27077
512.70000,10.90345,73.26852
512.75000,11.34865,73.26807
512.80000,11.01924,73.26628
512.85000,11.01432,73.26447
512.90000,11.01053,73.26264
512.95000,11.00798,73.26080
513.00000,11.00696,73.25896
513.05000,11.00614,73.25712
513.10000,9.00000,73.23518
513.15000,10.91767,73.23299
513.20000,10.91563,73.23080
513.25000,10.91467,73.22859
513.30000,10.91492,73.22639
513.35000,10.91511,73.22419
513.40000,11.34703,73.22375
513.45000,11.00492,73.22190
513.50000,10.99938,73.22004
513.55000,10.99511,73.21815
513.60000,10.99241,73.21626
513.65000,10.99028,73.21436
513.70000,10.98850,73.21246
513.75000,10.98700,73.21054
513.80000,10.98572,73.20862
513.85000,10.98468,73.20670
513.90000,10.98386,73.20477
513.95000,10.98320,73.20284
514.00000,10.98263,73.20091
514.05000,10.98233,73.19897
514.10000,9.00000,73.17710
514.15000,10.93630,73.17499
514.20000,10.93353,73.17287
514.25000,10.93324,73.17075
514.30000,10.93471,73.16863
514.35000,11.34545,73.16819
514.40000,9.00000,73.14629
514.45000,11.34400,73.14584
514.50000,10.97397,73.14388
514.55000,10.96931,73.14191
514.60000,10.96669,73.13993
514.65000,10.96622,73.13795
514.70000,10.96696,73.13596
514.75000,9.00000,73.11410
514.80000,10.94154,73.11202
514.85000,10.93596,73.10992
514.90000,10.93403,73.10782
514.95000,10.93342,73.10571
515.00000,10.93341,73.10360
515.05000,10.93639,73.10150
515.10000,11.34235,73.10106
515.15000,10.97649,73.09912
515.20000,10.96997,73.09715
515.25000,10.96446,73.09517
515.30000,10.96011,73.09317
515.35000,10.95737,73.09116
515.40000,10.95622,73.08914
515.45000,10.95636,73.08712
515.50000,9.00000,73.06526
515.55000,10.94624,73.06321
515.60000,10.94081,73.06113
515.65000,10.93974,73.05906
515.70000,10.93923,73.05698
515.75000,10.93804,73.05490
515.80000,10.93831,73.05282
515.85000,11.34071,73.05237
515.90000,10.96422,73.05039
515.95000,10.95776,73.04839
516.00000,10.95241,73.04636
516.05000,10.94775,73.04432
516.10000,10.94448,73.04226
516.15000,10.94240,73.04019
516.20000,10.94158,73.03812
516.25000,9.00000,73.01628
516.30000,10.94968,73.01425
516.35000,10.94621,73.01221
516.40000,10.94211,73.01015
516.45000,10.93833,73.00807
516.50000,10.93764,73.00599
516.55000,10.93662,73.00391
516.60000,10.93973,73.00184
516.65000,10.93302,72.99975
516.70000,11.33903,72.99930
516.75000,10.94806,72.99726
516.80000,10.94165,72.99520
516.85000,10.93589,72.99312
516.90000,10.93016,72.99100
516.95000,10.92443,72.98888
517.00000,10.91902,72.98672
517.05000,10.91334,72.98455
517.10000,10.90788,72.98235
517.15000,10.90305,72.98014
517.20000,10.89966,72.97791
517.25000,10.89768,72.97568
517.30000,10.89706,72.97343
517.35000,9.00000,72.95163
517.40000,10.96776,72.94968
517.45000,10.96206,72.94770
517.50000,10.95595,72.94570
517.55000,10.95355,72.94370
517.60000,10.95109,72.94168
517.65000,10.95314,72.93967
517.70000,10.95169,72.93766
517.75000,10.95130,72.93565
517.80000,10.95065,72.93362
517.85000,10.94868,72.93159
517.90000,10.95073,72.92958
517.95000,11.33709,72.92914
518.00000,10.89908,72.92691
518.05000,9.00000,72.90478
518.10000,10.89342,72.90253
518.15000,10.89081,72.90029
518.20000,10.88950,72.89803
518.25000,10.88997,72.89578
518.30000,11.33541,72.89533
518.35000,9.00000,72.87321
518.40000,10.89686,72.87099
518.45000,11.33389,72.87055
518.50000,9.00000,72.84847
518.55000,10.90309,72.84628
518.60000,11.33238,72.84584
518.65000,10.87036,72.84352
518.70000,10.86919,72.84119
518.75000,10.86902,72.83887
518.80000,10.86959,72.83655
518.85000,10.87078,72.83423
518.90000,10.87194,72.83192
518.95000,10.87304,72.82961
519.00000,10.87409,72.82731
519.05000,10.87508,72.82500
519.10000,10.87598,72.82271
519.15000,10.87678,72.82042
519.20000,10.87745,72.81813
519.25000,10.87797,72.81584
519.30000,10.87830,72.81355
519.35000,10.87840,72.81127
519.40000,10.87818,72.80898
519.45000,10.87759,72.80669
519.50000,10.87654,72.80441
519.55000,10.87490,72.80210
519.60000,10.87257,72.79980
519.65000,10.86963,72.79748
519.70000,10.86738,72.79515
519.75000,10.86676,72.79282
519.80000,10.86805,72.79049
519.85000,10.87003,72.78818
519.90000,10.87208,72.78587
519.95000,10.87417,72.78357
520.00000,10.87632,72.78127
520.05000,10.87852,72.77899
520.10000,10.88077,72.77672
520.15000,10.88307,72.77445
520.20000,10.88551,72.77220
520.25000,10.88541,72.76994
520.30000,10.88097,72.76767
520.35000,10.87368,72.76537
520.40000,10.86527,72.76304
520.45000,10.85648,72.76067
520.50000,10.84795,72.75826
520.55000,10.84020,72.75583
520.60000,9.00000,72.73432
520.65000,11.03761,72.73274
520.70000,11.03348,72.73116
520.75000,11.02872,72.72955
520.80000,11.02578,72.72793
520.85000,11.02243,72.72630
520.90000,11.01999,72.72466
520.95000,11.01842,72.72301
521.00000,11.01766,72.72136
521.05000,11.01594,72.71970
521.10000,11.01375,72.71803
521.15000,11.01396,72.71637
521.20000,11.01299,72.71470
521.25000,11.01107,72.71303
521.30000,11.00972,72.71134
521.35000,11.00777,72.70966
521.40000,11.00637,72.70796
521.45000,11.00428,72.70626
521.50000,11.00209,72.70455
521.55000,11.00061,72.70284
521.60000,10.99817,72.70103
521.65000,10.99590,72.69923
521.70000,11.30129,72.69868
521.75000,9.80778,72.69214
521.80000,9.93491,72.68610
521.85000,10.79476,72.68350
521.90000,10.79153,72.68089
521.95000,10.78993,72.67825
522.00000,10.79013,72.67563
522.05000,11.29530,72.67504
522.10000,10.84817,72.67265
522.15000,11.02267,72.67102
522.20000,10.79992,72.66843
522.25000,11.09928,72.66710
522.30000,11.06727,72.66564
522.35000,10.79208,72.66302
522.40000,10.67512,72.65994
522.45000,9.88282,72.65371
522.50000,10.81411,72.65118
522.55000,10.80851,72.64864
522.60000,10.80624,72.64608
522.65000,10.80645,72.64352
522.70000,10.79169,72.64091
522.75000,10.77446,72.63822
522.80000,11.13748,72.63704
522.85000,11.26515,72.63634
522.90000,11.11702,72.63507
522.95000,10.44985,72.63110
523.00000,10.88997,72.62887
523.05000,10.78062,72.62621
523.10000,10.68695,72.62318
523.15000,10.72551,72.62031
523.20000,10.80464,72.61774
523.25000,10.50078,72.61398
523.30000,10.74128,72.61116
523.35000,10.70229,72.60819
523.40000,10.87595,72.60591
523.45000,10.70041,72.60294
523.50000,10.74124,72.60013
523.55000,10.74285,72.59732
523.60000,10.74161,72.59451
523.65000,10.74109,72.59170
523.70000,10.74086,72.58889
523.75000,10.74062,72.58607
523.80000,10.74057,72.58326
523.85000,10.74119,72.58045
523.90000,10.73868,72.57763
523.95000,10.73675,72.57481
524.00000,10.73707,72.57198
524.05000,10.73580,72.56915
524.10000,10.73408,72.56631
524.15000,10.73284,72.56347
524.20000,10.73247,72.56063
524.25000,10.73223,72.55779
524.30000,10.73183,72.55494
524.35000,10.73007,72.55209
524.40000,10.73137,72.54925
524.45000,10.73181,72.54640
524.50000,10.73259,72.54356
524.55000,10.73235,72.54072
524.60000,10.73507,72.53790
524.65000,10.73589,72.53506
524.70000,10.73683,72.53224
524.75000,10.73830,72.52943
524.80000,10.73837,72.52661
524.85000,10.73939,72.52380
524.90000,10.73837,72.52099
524.95000,10.74060,72.51818
525.00000,10.74134,72.51538
525.05000,10.74229,72.51258
525.10000,10.74311,72.50979
525.15000,10.74370,72.50700
525.20000,11.12552,72.50578
525.25000,11.30829,72.50527
525.30000,11.01845,72.50365
525.35000,11.01957,72.50202
525.40000,11.02077,72.50040
525.45000,11.03953,72.49886
525.50000,11.06271,72.49740
525.55000,11.06965,72.49596
525.60000,11.07053,72.49453
525.65000,11.06938,72.49310
525.70000,11.06851,72.49166
525.75000,11.06786,72.49022
525.80000,11.06740,72.48878
525.85000,11.06714,72.48734
525.90000,11.06705,72.48589
525.95000,11.06724,72.48445
526.00000,11.06763,72.48301
526.05000,11.06824,72.48157
526.10000,11.06896,72.48013
526.15000,11.06980,72.47870
526.20000,11.07076,72.47727
526.25000,11.07177,72.47585
526.30000,11.07299,72.47443
526.35000,11.07422,72.47301
526.40000,11.07587,72.47160
526.45000,11.06477,72.47015
526.50000,11.05621,72.46866
526.55000,11.05895,72.46719
526.60000,11.06176,72.46572
526.65000,11.06444,72.46426
526.70000,11.06711,72.46282
526.75000,11.06965,72.46139
526.80000,11.07227,72.45996
526.85000,11.07464,72.45854
526.90000,11.07225,72.45712
526.95000,11.06986,72.45569
527.00000,11.06764,72.45424
527.05000,11.06538,72.45279
527.10000,11.06330,72.45133
527.15000,11.06128,72.44987
527.20000,11.05921,72.44839
527.25000,11.05745,72.44691
527.30000,11.05560,72.44542
527.35000,11.05376,72.44392
527.40000,11.05193,72.44242
527.45000,11.05011,72.44091
527.50000,11.04831,72.43939
527.55000,11.04653,72.43787
527.60000,11.04477,72.43633
527.65000,11.04302,72.43480
527.70000,11.04128,72.43325
527.75000,11.03957,72.43170
527.80000,11.03787,72.43015
527.85000,11.03764,72.42859
527.90000,11.04063,72.42704
527.95000,11.04440,72.42551
528.00000,11.04728,72.42398
528.05000,11.04871,72.42247
528.10000,11.04957,72.42095
528.15000,11.05011,72.41944
528.20000,11.05070,72.41794
528.25000,11.05091,72.41643
528.30000,11.05113,72.41492
528.35000,11.05108,72.41341
528.40000,11.05095,72.41190
528.45000,11.05055,72.41039
528.50000,11.04990,72.40888
528.55000,11.04931,72.40736
528.60000,11.04850,72.40585
528.65000,11.04753,72.40433
528.70000,11.04629,72.40280
528.75000,11.04509,72.40127
528.80000,11.04374,72.39973
528.85000,11.04227,72.39819
528.90000,11.04044,72.39664
528.95000,11.03854,72.39509
529.00000,11.03673,72.39352
529.05000,11.03482,72.39195
529.10000,11.03244,72.39037
529.15000,11.02904,72.38879
529.20000,11.02640,72.38718
529.25000,11.02377,72.38557
529.30000,11.02150,72.38395
529.35000,11.01826,72.38232
529.40000,11.01419,72.38066
529.45000,11.00972,72.37900
529.50000,11.00472,72.37731
529.55000,10.99903,72.37560
529.60000,10.99252,72.37380
529.65000,10.98671,72.37197
529.70000,10.98477,72.37013
529.75000,9.00000,72.34818
529.80000,11.32425,72.34773
529.85000,9.00000,72.32577
529.90000,10.91993,72.32368
529.95000,10.91642,72.32159
530.00000,10.91501,72.31948
530.05000,11.32271,72.31904
530.10000,10.97902,72.31719
530.15000,10.96946,72.31530
530.20000,10.96081,72.31339
530.25000,10.95075,72.31142
530.30000,10.94020,72.30942
530.35000,10.92970,72.30737
530.40000,9.00000,72.28538
530.45000,10.92400,72.28332
530.50000,10.92129,72.28125
530.55000,10.91725,72.27916
530.60000,10.91586,72.27707
530.65000,10.91497,72.27497
530.70000,10.91498,72.27288
530.75000,11.32100,72.27243
530.80000,10.89362,72.27025
530.85000,10.88193,72.26802
530.90000,10.87189,72.26575
530.95000,10.86421,72.26346
531.00000,9.00000,72.24129
531.05000,10.87613,72.23905
531.10000,10.87185,72.23679
531.15000,10.86882,72.23451
531.20000,10.86824,72.23224
531.25000,10.86817,72.22997
531.30000,10.86868,72.22769
531.35000,10.86987,72.22543
531.40000,10.87052,72.22316
531.45000,10.87250,72.22091
531.50000,10.87313,72.21865
531.55000,10.87465,72.21641
531.60000,11.31867,72.21596
531.65000,10.85905,72.21365
531.70000,10.85919,72.21134
531.75000,10.86022,72.20903
531.80000,10.86167,72.20673
531.85000,10.86344,72.20444
531.90000,10.86519,72.20216
531.95000,10.86697,72.19988
532.00000,10.86878,72.19761
532.05000,10.87057,72.19535
532.10000,10.87236,72.19309
532.15000,10.87418,72.19084
532.20000,10.87604,72.18861
532.25000,10.87795,72.18637
532.30000,10.87990,72.18414
532.35000,10.88194,72.18193
532.40000,10.88406,72.17972
532.45000,10.88624,72.17752
532.50000,10.88847,72.17533
532.55000,10.89074,72.17315
532.60000,10.89303,72.17098
532.65000,10.89534,72.16882
532.70000,10.89766,72.16666
532.75000,10.89998,72.16452
532.80000,10.90230,72.16238
532.85000,10.90463,72.16026
532.90000,10.90699,72.15815
532.95000,10.90937,72.15604
533.00000,10.91178,72.15395
533.05000,10.91420,72.15186
533.10000,10.91664,72.14978
533.15000,10.91912,72.14771
533.20000,10.92163,72.14566
533.25000,10.92418,72.14362
533.30000,10.92674,72.14158
533.35000,10.92930,72.13955
533.40000,10.93188,72.13754
533.45000,10.93445,72.13554
533.50000,10.93702,72.13354
533.55000,9.00000,72.11166
533.60000,10.89620,72.10950
533.65000,10.89869,72.10736
533.70000,10.90094,72.10523
533.75000,11.01537,72.10362
533.80000,11.02403,72.10205
533.85000,11.02071,72.10046
533.90000,11.01873,72.09887
533.95000,11.01667,72.09727
534.00000,11.01522,72.09566
534.05000,11.01307,72.09405
534.10000,11.01155,72.09242
534.15000,11.01005,72.09080
534.20000,11.00856,72.08916
534.25000,10.91709,72.08710
534.30000,10.92748,72.08508
534.35000,10.92727,72.08305
534.40000,10.92875,72.08102
534.45000,10.99520,72.07935
534.50000,11.00311,72.07769
534.55000,11.00043,72.07603
534.60000,10.99835,72.07436
534.65000,10.99617,72.07268
534.70000,10.99413,72.07098
534.75000,10.99329,72.06930
534.80000,10.99178,72.06760
534.85000,10.99029,72.06590
534.90000,10.94068,72.06393
534.95000,10.95011,72.06199
535.00000,10.94969,72.06005
535.05000,10.95087,72.05812
535.10000,10.95248,72.05620
535.15000,10.97723,72.05437
535.20000,10.98577,72.05257
535.25000,10.98322,72.05077
535.30000,10.98175,72.04897
535.35000,10.95444,72.04705
535.40000,10.96374,72.04517
535.45000,10.96357,72.04329
535.50000,10.96443,72.04141
535.55000,10.96619,72.03954
535.60000,10.96990,72.03768
535.65000,10.97795,72.03586
535.70000,10.97588,72.03403
535.75000,10.96551,72.03216
535.80000,10.93730,72.03017
535.85000,10.94224,72.02821
535.90000,10.94785,72.02626
535.95000,10.93287,72.02426
536.00000,10.93959,72.02229
536.05000,10.93698,72.02029
536.10000,10.94088,72.01833
536.15000,10.93327,72.01633
536.20000,10.93700,72.01434
536.25000,10.95961,72.01244
536.30000,10.96836,72.01058
536.35000,11.31538,72.01014
536.40000,11.00707,72.00850
536.45000,11.00509,72.00686
536.50000,11.00335,72.00521
536.55000,9.00000,71.98333
536.60000,10.93408,71.98134
536.65000,10.93085,71.97934
536.70000,10.92848,71.97733
536.75000,10.92538,71.97530
536.80000,10.92497,71.97327
536.85000,10.92954,71.97126
536.90000,11.31370,71.97082
536.95000,10.98761,71.96911
537.00000,10.98074,71.96731
537.05000,10.97488,71.96548
537.10000,9.00000,71.94326
537.15000,10.84538,71.94093
537.20000,11.17613,71.93995
537.25000,10.54604,71.93642
537.30000,11.31187,71.93597
537.35000,10.96690,71.93411
537.40000,9.00000,71.91193
537.45000,10.83957,71.90958
537.50000,10.83576,71.90721
537.55000,10.83451,71.90484
537.60000,10.83378,71.90246
537.65000,10.83428,71.90009
537.70000,10.83484,71.89771
537.75000,10.83703,71.89535
537.80000,10.83589,71.89298
537.85000,10.83746,71.89062
537.90000,10.84029,71.88828
537.95000,10.84041,71.88593
538.00000,10.84215,71.88358
538.05000,10.84516,71.88126
538.10000,10.84748,71.87894
538.15000,11.30872,71.87849
538.20000,10.93097,71.87650
538.25000,9.00000,71.85483
538.30000,11.30694,71.85437
538.35000,10.92075,71.85235
538.40000,9.00000,71.83083
538.45000,11.30532,71.83038
538.50000,10.92240,71.82837
538.55000,10.92109,71.82635
538.60000,9.00000,71.80489
538.65000,10.85934,71.80263
538.70000,10.85516,71.80036
538.75000,10.85318,71.79808
538.80000,10.85255,71.79580
538.85000,10.85413,71.79353
538.90000,11.30340,71.79307
538.95000,10.91747,71.79105
539.00000,9.00000,71.76970
539.05000,11.30163,71.76924
539.10000,10.90930,71.76720
539.15000,9.00000,71.74600
539.20000,10.86395,71.74377
539.25000,11.29993,71.74332
539.30000,9.00000,71.72217
539.35000,10.86139,71.71994
539.40000,10.85926,71.71770
539.45000,10.85876,71.71547
539.50000,11.29824,71.71501
539.55000,10.90346,71.71295
539.60000,10.89445,71.71085
539.65000,10.89077,71.70874
539.70000,10.88782,71.70662
539.75000,10.89020,71.70451
539.80000,10.89733,71.70242
539.85000,9.00000,71.68169
539.90000,10.87002,71.67950
539.95000,10.86520,71.67729
540.00000,10.86199,71.67507
540.05000,10.86147,71.67285
540.10000,10.86248,71.67063
540.15000,10.86165,71.66842
540.20000,10.86139,71.66619
540.25000,10.86427,71.66399
540.30000,11.29541,71.66353
540.35000,10.91222,71.66151
540.40000,10.90682,71.65947
540.45000,10.90259,71.65741
540.50000,10.90242,71.65536
540.55000,10.90810,71.65332
540.60000,10.91525,71.65131
540.65000,9.00000,71.63056
540.70000,10.88163,71.62843
540.75000,10.87801,71.62628
540.80000,10.87427,71.62411
540.85000,10.87293,71.62195
540.90000,10.87148,71.61977
540.95000,10.87108,71.61760
541.00000,10.87156,71.61543
541.05000,11.29551,71.61497
541.10000,10.91420,71.61297
541.15000,10.90765,71.61094
541.20000,10.90425,71.60890
541.25000,10.90432,71.60686
541.30000,10.90655,71.60482
541.35000,10.90998,71.60281
541.40000,9.00000,71.58133
541.45000,10.88573,71.57922
541.50000,10.88071,71.57709
541.55000,10.87792,71.57495
541.60000,10.87518,71.57280
541.65000,10.87611,71.57065
541.70000,10.87561,71.56850
541.75000,10.87640,71.56635
541.80000,11.29394,71.56590
541.85000,10.89832,71.56384
541.90000,10.89215,71.56176
541.95000,10.88830,71.55966
542.00000,10.88661,71.55756
542.05000,10.88997,71.55546
542.10000,10.89410,71.55338
542.15000,9.00000,71.53215
542.20000,10.88858,71.53006
542.25000,10.88474,71.52795
542.30000,10.88205,71.52583
542.35000,10.88054,71.52371
542.40000,10.88146,71.52159
542.45000,10.88094,71.51947
542.50000,11.29149,71.51902
542.55000,10.89212,71.51694
542.60000,10.88621,71.51484
542.65000,10.88270,71.51273
542.70000,10.88038,71.51060
542.75000,10.88209,71.50848
542.80000,10.88656,71.50639
542.85000,10.89159,71.50431
542.90000,9.00000,71.48348
542.95000,10.89428,71.48142
543.00000,10.89033,71.47935
543.05000,10.88820,71.47726
543.10000,10.88782,71.47517
543.15000,10.88756,71.47308
543.20000,10.88776,71.47099
543.25000,11.28881,71.47054
543.30000,10.88818,71.46845
543.35000,10.88349,71.46635
543.40000,10.87941,71.46423
543.45000,10.87938,71.46211
543.50000,10.88372,71.46001
543.55000,10.88928,71.45792
543.60000,9.00000,71.43751
543.65000,10.89824,71.43547
543.70000,10.89435,71.43341
543.75000,10.89237,71.43135
543.80000,10.89150,71.42928
543.85000,10.89181,71.42722
543.90000,10.89074,71.42515
543.95000,11.28632,71.42469
544.00000,10.88932,71.42262
544.05000,10.88446,71.42052
544.10000,10.88121,71.41842
544.15000,10.88239,71.41631
544.20000,10.89094,71.41425
544.25000,10.89473,71.41219
544.30000,9.00000,71.39209
544.35000,10.89994,71.39007
544.40000,10.89627,71.38802
544.45000,10.89432,71.38598
544.50000,10.89385,71.38393
544.55000,10.89424,71.38187
544.60000,11.28417,71.38142
544.65000,10.89567,71.37937
544.70000,10.89170,71.37731
544.75000,10.88954,71.37524
544.80000,10.89072,71.37318
544.85000,10.89581,71.37115
544.90000,9.00000,71.35122
544.95000,10.90087,71.34921
545.00000,10.89647,71.34717
545.05000,10.89444,71.34513
545.10000,10.89235,71.34308
545.15000,10.89274,71.34103
545.20000,10.89300,71.33898
545.25000,11.28229,71.33852
545.30000,10.90451,71.33652
545.35000,10.90020,71.33450
545.40000,10.89850,71.33248
545.45000,10.89799,71.33045
545.50000,10.89738,71.32842
545.55000,10.89720,71.32639
545.60000,10.89907,71.32437
545.65000,10.90166,71.32236
545.70000,9.00000,71.30256
545.75000,10.90678,71.30058
545.80000,10.90294,71.29857
545.85000,10.90098,71.29656
545.90000,10.90013,71.29455
545.95000,10.90051,71.29254
546.00000,11.28137,71.29208
546.05000,10.94284,71.29024
546.10000,10.93765,71.28838
546.15000,10.93474,71.28650
546.20000,10.93214,71.28461
546.25000,10.92952,71.28272
546.30000,10.92678,71.28082
546.35000,10.92404,71.27890
546.40000,10.92260,71.27698
546.45000,9.00000,71.25600
546.50000,10.91085,71.25404
546.55000,10.90640,71.25206
546.60000,10.90434,71.25007
546.65000,10.90219,71.24807
546.70000,10.90250,71.24607
546.75000,10.90281,71.24408
546.80000,11.28259,71.24363
546.85000,10.92069,71.24171
546.90000,10.91063,71.23974
546.95000,10.90522,71.23775
547.00000,10.90230,71.23576
547.05000,10.90051,71.23376
547.10000,10.89888,71.23174
547.15000,10.89757,71.22973
547.20000,10.89676,71.22771
547.25000,9.00000,71.20619
547.30000,10.91463,71.20425
547.35000,10.91014,71.20229
547.40000,10.90698,71.20032
547.45000,10.90552,71.19834
547.50000,10.90511,71.19636
547.55000,10.90537,71.19438
547.60000,11.28119,71.19393
547.65000,10.90776,71.19196
547.70000,10.90305,71.18998
547.75000,10.89946,71.18798
547.80000,10.89633,71.18597
547.85000,10.89399,71.18394
547.90000,10.89281,71.18192
547.95000,9.00000,71.16031
548.00000,10.91306,71.15836
548.05000,10.90860,71.15641
548.10000,10.90666,71.15444
548.15000,10.90576,71.15247
548.20000,10.90602,71.15051
548.25000,11.27969,71.15005
548.30000,10.89857,71.14806
548.35000,10.89258,71.14603
548.40000,10.88800,71.14400
548.45000,10.88413,71.14194
548.50000,10.88091,71.13987
548.55000,9.00000,71.11820
548.60000,10.91151,71.11626
548.65000,10.90649,71.11430
548.70000,10.90379,71.11234
548.75000,10.90226,71.11036
548.80000,10.90192,71.10838
548.85000,10.90274,71.10640
548.90000,10.90211,71.10442
548.95000,11.27803,71.10398
549.00000,10.85092,71.10180
549.05000,10.83818,71.09956
549.10000,10.82662,71.09729
549.15000,10.81557,71.09496
549.20000,10.80693,71.09261
549.25000,10.80355,71.09024
549.30000,9.00000,71.06877
549.35000,10.91333,71.06684
549.40000,10.90767,71.06490
549.45000,10.90170,71.06292
549.50000,10.89704,71.06093
549.55000,10.89360,71.05893
549.60000,10.88989,71.05691
549.65000,10.88750,71.05488
549.70000,10.88485,71.05284
549.75000,10.88357,71.05080
549.80000,10.88425,71.04876
549.85000,10.88456,71.04671
549.90000,10.88544,71.04469
549.95000,10.88597,71.04265
550.00000,10.88548,71.04061
550.05000,11.27288,71.04015
550.10000,10.78588,71.03772
550.15000,10.78217,71.03528
550.20000,10.78216,71.03283
550.25000,10.78524,71.03040
550.30000,9.00000,71.01054
550.35000,10.89301,71.00854
550.40000,10.88739,71.00652
550.45000,10.88194,71.00447
550.50000,10.87823,71.00242
550.55000,10.87439,71.00034
550.60000,10.86307,70.99822
550.65000,10.86138,70.99610
550.70000,10.86767,70.99400
550.75000,10.85888,70.99187
550.80000,10.85250,70.98971
550.85000,10.85704,70.98756
550.90000,10.85285,70.98540
550.95000,10.84154,70.98321
551.00000,10.79480,70.98081
551.05000,10.80011,70.97845
551.10000,10.80077,70.97608
551.15000,10.80099,70.97372
551.20000,10.80173,70.97136
551.25000,10.80310,70.96900
551.30000,10.80373,70.96665
551.35000,10.80534,70.96431
551.40000,10.80653,70.96197
551.45000,11.26024,70.96147
551.50000,10.68968,70.95866
551.55000,10.70477,70.95592
551.60000,10.73792,70.95331
551.65000,10.76164,70.95078
551.70000,10.76759,70.94830
551.75000,10.77208,70.94582
551.80000,10.77695,70.94336
551.85000,10.78214,70.94093
551.90000,10.78763,70.93851
551.95000,10.79340,70.93612
552.00000,10.79933,70.93375
552.05000,10.80537,70.93141
552.10000,10.81148,70.92909
552.15000,10.81758,70.92680
552.20000,10.82389,70.92453
552.25000,10.82234,70.92226
552.30000,10.82335,70.91998
552.35000,10.84778,70.91781
552.40000,10.87915,70.91576
552.45000,10.89473,70.91378
552.50000,10.89826,70.91180
552.55000,10.89603,70.90983
552.60000,10.89563,70.90784
552.65000,10.89507,70.90586
552.70000,10.89465,70.90388
552.75000,10.89239,70.90188
552.80000,10.88230,70.89985
552.85000,10.89007,70.89784
552.90000,10.89927,70.89587
552.95000,10.89714,70.89391
553.00000,10.89001,70.89190
553.05000,10.87727,70.88985
553.10000,10.87063,70.88776
553.15000,10.87435,70.88570
553.20000,10.87705,70.88364
553.25000,10.88090,70.88161
553.30000,10.87989,70.87956
553.35000,10.88154,70.87753
553.40000,10.88567,70.87550
553.45000,9.00000,70.85650
553.50000,10.83809,70.85429
553.55000,10.83998,70.85210
553.60000,10.84123,70.84991
553.65000,10.97083,70.84830
553.70000,10.96377,70.84667
553.75000,10.96658,70.84505
553.80000,10.97008,70.84344
553.85000,10.97123,70.84184
553.90000,10.97300,70.84024
553.95000,10.97560,70.83865
554.00000,10.97653,70.83707
554.05000,10.97881,70.83549
554.10000,11.26951,70.83504
554.15000,10.90215,70.83309
554.20000,10.89679,70.83112
554.25000,9.00000,70.81024
554.30000,10.97545,70.80866
554.35000,10.97205,70.80706
554.40000,10.96863,70.80545
554.45000,10.96608,70.80383
554.50000,10.96389,70.80221
554.55000,10.96166,70.80058
554.60000,10.96059,70.79893
554.65000,10.95892,70.79729
554.70000,10.95853,70.79564
554.75000,10.95755,70.79399
554.80000,10.95593,70.79233
554.85000,11.26896,70.79189
554.90000,10.84308,70.78970
554.95000,10.83706,70.78750
555.00000,9.00000,70.76629
555.05000,10.95374,70.76463
555.10000,10.94988,70.76295
555.15000,10.94716,70.76127
555.20000,10.94634,70.75957
555.25000,10.94603,70.75789
555.30000,10.94440,70.75620
555.35000,11.26712,70.75574
555.40000,10.83347,70.75353
555.45000,10.82928,70.75130
555.50000,10.82673,70.74907
555.55000,9.00000,70.72800
555.60000,10.94458,70.72632
555.65000,10.93937,70.72461
555.70000,10.93702,70.72289
555.75000,10.93610,70.72109
555.80000,10.93510,70.71929
555.85000,10.93536,70.71749
555.90000,10.93368,70.71569
555.95000,10.93255,70.71388
556.00000,11.26507,70.71342
556.05000,10.84104,70.71125
556.10000,10.83783,70.70907
556.15000,10.83647,70.70688
556.20000,10.83774,70.70469
556.25000,9.00000,70.68380
556.30000,10.93212,70.68200
556.35000,10.92715,70.68017
556.40000,10.92393,70.67834
556.45000,10.92232,70.67649
556.50000,10.92212,70.67464
556.55000,10.92230,70.67280
556.60000,10.92243,70.67096
556.65000,10.92075,70.66911
556.70000,10.91969,70.66725
556.75000,11.26317,70.66680
556.80000,10.86050,70.66471
556.85000,10.85778,70.66261
556.90000,10.85666,70.66051
556.95000,10.85747,70.65840
557.00000,9.00000,70.63754
557.05000,10.92142,70.63570
557.10000,10.91675,70.63383
557.15000,10.91276,70.63196
557.20000,10.91076,70.63008
557.25000,10.91075,70.62820
557.30000,10.91092,70.62631
557.35000,10.90962,70.62442
557.40000,10.90854,70.62253
557.45000,11.26161,70.62208
557.50000,10.89042,70.62012
557.55000,10.89242,70.61816
557.60000,10.89245,70.61620
557.65000,9.00000,70.59508
557.70000,10.90937,70.59319
557.75000,10.90688,70.59130
557.80000,10.90423,70.58940
557.85000,10.90211,70.58749
557.90000,10.90059,70.58557
557.95000,10.90016,70.58365
558.00000,10.89856,70.58173
558.05000,11.26107,70.58128
558.10000,10.89986,70.57935
558.15000,10.89741,70.57742
558.20000,10.89629,70.57549
558.25000,10.89572,70.57355
558.30000,10.89566,70.57162
558.35000,10.89620,70.56968
558.40000,9.00000,70.54822
558.45000,10.90238,70.54632
558.50000,10.89921,70.54440
558.55000,10.89769,70.54248
558.60000,10.89564,70.54055
558.65000,10.89465,70.53861
558.70000,10.89371,70.53667
558.75000,11.25952,70.53622
558.80000,10.91262,70.53436
558.85000,10.91040,70.53249
558.90000,10.90940,70.53062
558.95000,10.90896,70.52874
559.00000,10.90936,70.52686
559.05000,10.91060,70.52499
559.10000,9.00000,70.50346
559.15000,10.89604,70.50153
559.20000,10.89337,70.49960
559.25000,10.89129,70.49766
559.30000,10.88875,70.49570
559.35000,10.88771,70.49375
559.40000,10.88679,70.49179
559.45000,11.25800,70.49134
559.50000,10.92903,70.48962
559.55000,10.92626,70.48782
559.60000,10.92435,70.48602
559.65000,10.92317,70.48420
559.70000,10.92282,70.48238
559.75000,10.92300,70.48057
559.80000,9.00000,70.45895
559.85000,10.88809,70.45701
559.90000,10.88495,70.45505
559.95000,10.88346,70.45308
560.00000,10.88191,70.45111
560.05000,10.88032,70.44913
560.10000,10.87946,70.44715
560.15000,11.25651,70.44670
560.20000,10.93797,70.44502
560.25000,10.93563,70.44334
560.30000,10.93393,70.44165
560.35000,10.93289,70.43995
560.40000,10.93257,70.43826
560.45000,10.93288,70.43655
560.50000,10.93362,70.43486
560.55000,9.00000,70.41317
560.60000,10.88069,70.41120
560.65000,10.87871,70.40923
560.70000,10.87781,70.40724
560.75000,10.87498,70.40524
560.80000,10.87285,70.40324
560.85000,11.25503,70.40279
560.90000,10.94243,70.40115
560.95000,10.93931,70.39948
561.00000,10.93736,70.39780
561.05000,10.93662,70.39613
561.10000,10.93674,70.39445
561.15000,10.93739,70.39278
561.20000,10.93846,70.39111
561.25000,10.93980,70.38944
561.30000,9.00000,70.36769
561.35000,10.87725,70.36572
561.40000,10.87518,70.36372
561.45000,10.87368,70.36173
561.50000,10.87156,70.35973
561.55000,11.25357,70.35929
561.60000,10.94936,70.35767
561.65000,10.94652,70.35603
561.70000,10.94402,70.35439
561.75000,10.94228,70.35275
561.80000,10.94139,70.35109
561.85000,10.94108,70.34943
561.90000,10.94045,70.34778
561.95000,10.93831,70.34612
562.00000,9.00000,70.32433
562.05000,10.87394,70.32234
562.10000,10.87255,70.32035
562.15000,10.87041,70.31835
562.20000,10.86776,70.31635
562.25000,11.25187,70.31590
562.30000,10.94263,70.31425
562.35000,10.93953,70.31260
562.40000,10.93662,70.31094
562.45000,10.93413,70.30927
562.50000,10.93232,70.30758
562.55000,10.93062,70.30589
562.60000,10.92879,70.30420
562.65000,10.92785,70.30251
562.70000,10.92716,70.30080
562.75000,10.92622,70.29910
562.80000,9.00000,70.27760
562.85000,10.87326,70.27562
562.90000,10.87130,70.27364
562.95000,10.86990,70.27164
563.00000,11.24972,70.27119
563.05000,10.94859,70.26958
563.10000,10.94747,70.26796
563.15000,9.00000,70.24622
563.20000,11.24843,70.24577
563.25000,10.94407,70.24414
563.30000,9.00000,70.22237
563.35000,11.24699,70.22193
563.40000,10.94427,70.22031
563.45000,9.00000,70.19849
563.50000,10.81107,70.19628
563.55000,10.80017,70.19403
563.60000,11.24544,70.19358
563.65000,10.95198,70.19199
563.70000,9.00000,70.17019
563.75000,10.80102,70.16794
563.80000,11.24402,70.16750
563.85000,9.00000,70.14563
563.90000,10.79747,70.14338
563.95000,11.24255,70.14293
564.00000,9.00000,70.12103
564.05000,11.24112,70.12057
564.10000,9.00000,70.09867
564.15000,10.79338,70.09641
564.20000,11.23964,70.09596
564.25000,9.00000,70.07405
564.30000,10.78934,70.07178
564.35000,11.23816,70.07133
564.40000,10.94680,70.06976
564.45000,9.00000,70.04783
564.50000,11.23674,70.04738
564.55000,10.94339,70.04580
564.60000,9.00000,70.02387
564.65000,10.77866,70.02158
564.70000,10.78215,70.01929
564.75000,10.77910,70.01699
564.80000,11.23514,70.01654
564.85000,10.95243,70.01500
564.90000,10.95035,70.01345
564.95000,9.00000,69.99153
565.00000,11.23372,69.99108
565.05000,10.95119,69.98954
565.10000,10.95176,69.98800
565.15000,10.95360,69.98647
565.20000,9.00000,69.96458
565.25000,10.77833,69.96229
565.30000,10.77951,69.96001
565.35000,10.77384,69.95770
565.40000,11.23212,69.95725
565.45000,10.95969,69.95575
565.50000,10.95545,69.95423
565.55000,10.95288,69.95271
565.60000,10.95184,69.95117
565.65000,10.95233,69.94964
565.70000,10.95386,69.94812
565.75000,10.95567,69.94660
565.80000,10.95744,69.94509
565.85000,10.95961,69.94359
565.90000,9.00000,69.92177
565.95000,11.23065,69.92132
566.00000,10.96497,69.91984
566.05000,9.00000,69.89803
566.10000,10.78026,69.89576
566.15000,11.22916,69.89531
566.20000,10.96495,69.89384
566.25000,9.00000,69.87201
566.30000,11.22761,69.87157
566.35000,10.96608,69.87010
566.40000,10.96644,69.86864
566.45000,10.96794,69.86719
566.50000,10.96818,69.86573
566.55000,10.96867,69.86428
566.60000,9.00000,69.84268
566.65000,10.92285,69.84106
566.70000,10.93486,69.83949
566.75000,10.93592,69.83792
566.80000,10.76565,69.83560
566.85000,10.92352,69.83398
566.90000,10.77409,69.83170
566.95000,10.73643,69.82927
567.00000,10.75278,69.82690
567.05000,10.73831,69.82448
567.10000,10.74051,69.82206
567.15000,11.22582,69.82161
567.20000,9.00000,69.79981
567.25000,10.74480,69.79742
567.30000,11.22450,69.79697
567.35000,10.96959,69.79553
567.40000,10.96512,69.79408
567.45000,10.96104,69.79261
567.50000,10.95749,69.79113
567.55000,10.95429,69.78963
567.60000,10.95194,69.78813
567.65000,10.95047,69.78662
567.70000,10.94976,69.78510
567.75000,9.00000,69.76321
567.80000,10.75834,69.76089
567.85000,10.75559,69.75854
567.90000,11.22329,69.75809
567.95000,10.95160,69.75659
568.00000,10.94735,69.75507
568.05000,10.94340,69.75355
568.10000,9.00000,69.73165
568.15000,11.22198,69.73120
568.20000,9.00000,69.70930
568.25000,11.22053,69.70885
568.30000,10.93209,69.70728
568.35000,10.92652,69.70570
568.40000,10.92429,69.70411
568.45000,10.92197,69.70251
568.50000,10.91968,69.70090
568.55000,10.91747,69.69927
568.60000,10.91527,69.69765
568.65000,10.91309,69.69601
568.70000,9.00000,69.67424
568.75000,10.76352,69.67194
568.80000,11.21875,69.67149
568.85000,9.00000,69.64976
568.90000,11.21732,69.64931
568.95000,10.91608,69.64769
569.00000,9.00000,69.62596
569.05000,10.76271,69.62367
569.10000,10.75756,69.62137
569.15000,11.21585,69.62092
569.20000,10.91415,69.61930
569.25000,9.00000,69.59753
569.30000,11.21451,69.59708
569.35000,10.89842,69.59541
569.40000,10.89314,69.59373
569.45000,10.88917,69.59202
569.50000,10.88617,69.59030
569.55000,10.88409,69.58851
569.60000,10.88238,69.58670
569.65000,9.00000,69.56490
569.70000,10.76523,69.56263
569.75000,10.76286,69.56035
569.80000,10.76155,69.55807
569.85000,10.76065,69.55579
569.90000,10.75980,69.55350
569.95000,10.76362,69.55123
570.00000,11.21298,69.55078
570.05000,10.87402,69.54895
570.10000,10.86791,69.54710
570.15000,10.86283,69.54522
570.20000,10.85769,69.54332
570.25000,10.85296,69.54140
570.30000,10.84919,69.53947
570.35000,10.84607,69.53753
570.40000,10.84316,69.53558
570.45000,10.84073,69.53361
570.50000,10.83888,69.53164
570.55000,10.83751,69.52966
570.60000,10.83702,69.52768
570.65000,10.83782,69.52571
570.70000,9.00000,69.50410
570.75000,10.80216,69.50199
570.80000,10.79881,69.49987
570.85000,10.79394,69.49773
570.90000,10.79448,69.49558
570.95000,10.79594,69.49345
571.00000,11.21127,69.49300
571.05000,10.84938,69.49107
571.10000,10.84431,69.48913
571.15000,10.84000,69.48717
571.20000,10.83726,69.48520
571.25000,10.83547,69.48322
571.30000,10.83152,69.48122
571.35000,9.00000,69.45950
571.40000,10.80545,69.45741
571.45000,10.80305,69.45531
571.50000,11.20996,69.45486
571.55000,9.00000,69.43310
571.60000,10.80190,69.43099
571.65000,10.80060,69.42889
571.70000,10.79957,69.42678
571.75000,10.80118,69.42467
571.80000,11.20842,69.42423
571.85000,10.83384,69.42226
571.90000,10.82867,69.42027
571.95000,10.82483,69.41826
572.00000,10.82237,69.41624
572.05000,10.82069,69.41422
572.10000,10.81948,69.41218
572.15000,10.81855,69.41015
572.20000,10.81790,69.40811
572.25000,10.81752,69.40607
572.30000,10.81747,69.40404
572.35000,9.00000,69.38240
572.40000,10.82146,69.38039
572.45000,10.81578,69.37835
572.50000,10.81492,69.37630
572.55000,10.81256,69.37426
572.60000,10.81234,69.37221
572.65000,10.81115,69.37015
572.70000,10.81151,69.36810
572.75000,11.20666,69.36765
572.80000,10.82632,69.36565
572.85000,10.82135,69.36363
572.90000,10.81756,69.36160
572.95000,10.81514,69.35957
573.00000,10.81346,69.35751
573.05000,10.81213,69.35546
573.10000,10.81129,69.35341
573.15000,10.81121,69.35135
573.20000,10.81172,69.34930
573.25000,9.00000,69.32767
573.30000,10.82770,69.32569
573.35000,10.82143,69.32368
573.40000,10.81918,69.32166
573.45000,10.81635,69.31964
573.50000,10.81659,69.31761
573.55000,10.81552,69.31557
573.60000,10.81642,69.31355
573.65000,10.81324,69.31151
573.70000,11.20501,69.31106
573.75000,10.82293,69.30906
573.80000,10.81830,69.30704
573.85000,10.81479,69.30500
573.90000,10.81133,69.30296
573.95000,10.80793,69.30089
574.00000,10.80462,69.29881
574.05000,10.80146,69.29673
574.10000,10.79906,69.29463
574.15000,10.79745,69.29253
574.20000,10.79668,69.29042
574.25000,9.00000,69.26878
574.30000,10.83353,69.26682
574.35000,10.82950,69.26485
574.40000,10.83021,69.26289
574.45000,10.82584,69.26090
574.50000,10.82511,69.25892
574.55000,10.82629,69.25694
574.60000,10.82208,69.25494
574.65000,11.20343,69.25449
574.70000,10.80468,69.25242
574.75000,10.79882,69.25033
574.80000,10.79331,69.24821
574.85000,10.78772,69.24608
574.90000,10.78254,69.24392
574.95000,10.77742,69.24174
575.00000,10.77258,69.23955
575.05000,9.00000,69.21760
575.10000,10.77893,69.21543
575.15000,10.77459,69.21325
575.20000,10.77134,69.21105
575.25000,10.77061,69.20886
575.30000,10.76968,69.20666
575.35000,10.77006,69.20446
575.40000,10.77112,69.20226
575.45000,10.77154,69.20007
575.50000,10.77329,69.19788
575.55000,10.77443,69.19571
575.60000,10.77572,69.19353
575.65000,10.77708,69.19136
575.70000,10.77787,69.18919
575.75000,10.77875,69.18703
575.80000,10.78102,69.18488
575.85000,10.78201,69.18272
575.90000,11.20143,69.18228
575.95000,10.76222,69.18005
576.00000,10.75660,69.17780
576.05000,10.75265,69.17553
576.10000,10.75111,69.17326
576.15000,10.75075,69.17098
576.20000,9.00000,69.14913
576.25000,10.80078,69.14706
576.30000,10.79555,69.14497
576.35000,10.79213,69.14287
576.40000,10.78981,69.14075
576.45000,10.78866,69.13864
576.50000,10.79071,69.13653
576.55000,10.79187,69.13442
576.60000,10.79319,69.13232
576.65000,11.19956,69.13188
576.70000,10.77074,69.12969
576.75000,10.76626,69.12749
576.80000,10.76376,69.12527
576.85000,10.76345,69.12305
576.90000,10.76473,69.12084
576.95000,9.00000,69.09905
577.00000,10.80526,69.09701
577.05000,10.79953,69.09494
577.10000,10.79695,69.09286
577.15000,10.79331,69.09077
577.20000,10.79634,69.08870
577.25000,10.79690,69.08662
577.30000,11.19778,69.08617
577.35000,10.78163,69.08404
577.40000,10.77585,69.08187
577.45000,10.77214,69.07970
577.50000,10.77044,69.07751
577.55000,9.00000,69.05575
577.60000,10.80702,69.05372
577.65000,10.80135,69.05167
577.70000,10.79873,69.04961
577.75000,10.79725,69.04754
577.80000,10.79625,69.04546
577.85000,10.79772,69.04340
577.90000,10.79846,69.04134
577.95000,11.19610,69.04089
578.00000,10.77681,69.03873
578.05000,10.77093,69.03656
578.10000,10.76746,69.03438
578.15000,10.76596,69.03218
578.20000,10.76637,69.02999
578.25000,9.00000,69.00822
578.30000,10.80766,69.00620
578.35000,10.80202,69.00416
578.40000,10.79941,69.00211
578.45000,10.79791,69.00005
578.50000,10.79626,68.99798
578.55000,10.79776,68.99592
578.60000,10.79912,68.99387
578.65000,11.19442,68.99342
578.70000,10.77497,68.99127
578.75000,10.76810,68.98909
578.80000,10.76293,68.98689
578.85000,10.75953,68.98468
578.90000,10.75818,68.98246
578.95000,9.00000,68.96058
579.00000,10.79749,68.95853
579.05000,10.76964,68.95636
579.10000,10.77899,68.95423
579.15000,10.76068,68.95203
579.20000,10.76434,68.94984
579.25000,10.74662,68.94759
579.30000,10.75164,68.94535
579.35000,10.72599,68.94302
579.40000,10.72838,68.94069
579.45000,10.72581,68.93835
579.50000,10.72911,68.93602
579.55000,10.72944,68.93370
579.60000,10.73027,68.93138
579.65000,10.73246,68.92907
579.70000,10.73363,68.92676
579.75000,10.73370,68.92445
579.80000,10.73574,68.92216
579.85000,10.73939,68.91988
579.90000,10.73840,68.91759
579.95000,11.19216,68.91714
580.00000,10.72899,68.91482
580.05000,10.72936,68.91249
580.10000,10.73041,68.91017
580.15000,10.73220,68.90786
580.20000,10.73440,68.90556
580.25000,10.73664,68.90327
580.30000,10.73891,68.90098
580.35000,10.74121,68.89870
580.40000,10.74355,68.89644
580.45000,10.74593,68.89419
580.50000,10.74833,68.89194
580.55000,10.75076,68.88970
580.60000,10.75322,68.88747
580.65000,10.75570,68.88526
580.70000,10.75821,68.88306
580.75000,10.76074,68.88086
580.80000,10.76329,68.87867
580.85000,10.76586,68.87650
580.90000,10.76845,68.87433
580.95000,10.77106,68.87218
581.00000,10.77368,68.87003
581.05000,10.77631,68.86790
581.10000,10.77896,68.86578
581.15000,10.78162,68.86366
581.20000,10.78430,68.86156
581.25000,10.78698,68.85947
581.30000,10.78966,68.85739
581.35000,10.79235,68.85532
581.40000,10.79505,68.85326
581.45000,10.79775,68.85122
581.50000,10.80044,68.84918
581.55000,10.80314,68.84715
581.60000,10.80583,68.84514
581.65000,10.80851,68.84314
581.70000,10.81119,68.84114
581.75000,9.00000,68.81929
581.80000,10.77039,68.81714
581.85000,10.77253,68.81500
581.90000,10.77341,68.81287
581.95000,10.77398,68.81073
582.00000,10.77422,68.80859
582.05000,10.77412,68.80646
582.10000,10.77364,68.80432
582.15000,10.77270,68.80219
582.20000,10.77136,68.80004
582.25000,10.76929,68.79789
582.30000,10.76661,68.79572
582.35000,10.76329,68.79355
582.40000,11.18955,68.79310
582.45000,10.80138,68.79108
582.50000,10.79573,68.78903
582.55000,9.00000,68.76753
582.60000,10.88973,68.76593
582.65000,10.88447,68.76431
582.70000,10.88299,68.76269
582.75000,10.88117,68.76105
582.80000,10.88001,68.75942
582.85000,10.87876,68.75778
582.90000,10.87690,68.75613
582.95000,10.87583,68.75448
583.00000,10.87527,68.75282
583.05000,10.87342,68.75117
583.10000,10.87298,68.74950
583.15000,10.87187,68.74783
583.20000,10.87081,68.74616
583.25000,10.87040,68.74449
583.30000,10.86935,68.74281
583.35000,10.86842,68.74113
583.40000,10.86688,68.73945
583.45000,11.18696,68.73900
583.50000,10.73275,68.73670
583.55000,10.73102,68.73441
583.60000,10.73237,68.73211
583.65000,9.00000,68.71114
583.70000,10.86546,68.70946
583.75000,10.84261,68.70761
583.80000,10.85784,68.70589
583.85000,10.80503,68.70390
583.90000,10.79965,68.70187
583.95000,10.79627,68.69984
584.00000,10.78233,68.69775
584.05000,10.78109,68.69566
584.10000,10.77532,68.69354
584.15000,10.77421,68.69142
584.20000,10.77544,68.68931
584.25000,10.77429,68.68719
584.30000,10.77582,68.68507
584.35000,10.77410,68.68295
584.40000,10.77573,68.68084
584.45000,10.77515,68.67872
584.50000,10.77571,68.67661
584.55000,10.77605,68.67449
584.60000,10.77652,68.67238
584.65000,10.77591,68.67027
584.70000,10.77500,68.66815
584.75000,10.76691,68.66600
584.80000,10.77127,68.66387
584.85000,10.82334,68.66195
584.90000,10.80636,68.65996
584.95000,10.80014,68.65794
585.00000,10.98051,68.65669
585.05000,10.60559,68.65390
585.10000,10.40888,68.65033
585.15000,10.65388,68.64774
585.20000,10.70984,68.64536
585.25000,10.70031,68.64294
585.30000,10.69500,68.64051
585.35000,10.69233,68.63807
585.40000,10.69102,68.63562
585.45000,10.67690,68.63312
585.50000,10.66320,68.63055
585.55000,10.69888,68.62814
585.60000,10.70660,68.62576
585.65000,10.70364,68.62335
585.70000,10.69999,68.62094
585.75000,10.69631,68.61852
585.80000,10.69983,68.61610
585.85000,10.68952,68.61366
585.90000,10.68774,68.61119
585.95000,10.67751,68.60869
586.00000,10.67831,68.60619
586.05000,10.66620,68.60365
586.10000,10.66532,68.60110
586.15000,10.65828,68.59853
586.20000,10.64764,68.59591
586.25000,10.68536,68.59344
586.30000,10.74222,68.59120
586.35000,10.73251,68.58892
586.40000,10.72677,68.58662
586.45000,10.72368,68.58430
586.50000,10.72196,68.58199
586.55000,10.72215,68.57967
586.60000,10.70626,68.57728
586.65000,10.63318,68.57461
586.70000,10.67575,68.57210
586.75000,10.68028,68.56962
586.80000,10.67417,68.56711
586.85000,10.67093,68.56458
586.90000,10.66472,68.56203
586.95000,10.65361,68.55945
587.00000,10.68778,68.55699
587.05000,10.75086,68.55479
587.10000,10.74185,68.55255
587.15000,10.73788,68.55029
587.20000,10.73617,68.54803
587.25000,10.73569,68.54577
587.30000,10.71938,68.54344
587.35000,10.69830,68.54103
587.40000,10.63461,68.53836
587.45000,10.67696,68.53587
587.50000,10.67450,68.53336
587.55000,10.66247,68.53081
587.60000,10.66673,68.52827
587.65000,10.67400,68.52576
587.70000,10.71924,68.52344
587.75000,10.72604,68.52114
587.80000,10.71705,68.51881
587.85000,10.70495,68.51642
587.90000,10.70737,68.51405
587.95000,10.69261,68.51161
588.00000,10.69241,68.50919
588.05000,10.69032,68.50674
588.10000,10.68835,68.50430
588.15000,10.68768,68.50185
588.20000,10.67660,68.49935
588.25000,10.67672,68.49686
588.30000,10.67573,68.49435
588.35000,10.67584,68.49186
588.40000,10.67359,68.48936
588.45000,10.67312,68.48685
588.50000,10.67075,68.48433
588.55000,10.67220,68.48182
588.60000,10.66825,68.47929
588.65000,10.66844,68.47677
588.70000,10.66621,68.47424
588.75000,10.66458,68.47169
588.80000,10.66375,68.46915
588.85000,10.66300,68.46661
588.90000,10.66164,68.46406
588.95000,10.66018,68.46150
589.00000,10.66055,68.45895
589.05000,10.65901,68.45639
589.10000,10.66007,68.45383
589.15000,10.65819,68.45127
589.20000,10.65917,68.44871
589.25000,10.65951,68.44615
589.30000,10.65940,68.44360
589.35000,10.65996,68.44104
589.40000,10.66017,68.43848
589.45000,10.65885,68.43593
589.50000,10.65777,68.43336
589.55000,10.65690,68.43079
589.60000,10.65654,68.42823
589.65000,10.65621,68.42566
589.70000,10.65607,68.42310
589.75000,10.65598,68.42052
589.80000,10.65621,68.41795
589.85000,10.65690,68.41539
589.90000,10.65671,68.41283
589.95000,10.65685,68.41026
590.00000,10.65692,68.40770
590.05000,10.65783,68.40514
590.10000,10.65805,68.40258
590.15000,10.65938,68.40002
590.20000,11.13165,68.39938
590.25000,11.14661,68.39880
590.30000,11.15148,68.39824
590.35000,10.88825,68.39667
590.40000,10.88978,68.39510
590.45000,10.89443,68.39355
590.50000,10.89785,68.39201
590.55000,10.88934,68.39043
590.60000,10.89215,68.38887
590.65000,10.89491,68.38732
590.70000,10.89800,68.38579
590.75000,10.90145,68.38426
590.80000,10.90477,68.38274
590.85000,10.90825,68.38125
590.90000,10.91183,68.37976
590.95000,10.91544,68.37829
591.00000,10.91910,68.37683
591.05000,10.92181,68.37538
591.10000,10.92138,68.37394
591.15000,10.92137,68.37249
591.20000,10.92125,68.37103
591.25000,10.92089,68.36958
591.30000,10.92079,68.36813
591.35000,10.92091,68.36668
591.40000,10.92108,68.36523
591.45000,10.92128,68.36378
591.50000,10.92177,68.36234
591.55000,10.92219,68.36089
591.60000,10.92223,68.35944
591.65000,10.92277,68.35799
591.70000,10.92304,68.35655
591.75000,10.92341,68.35511
591.80000,10.92365,68.35367
591.85000,10.92403,68.35223
591.90000,10.92414,68.35078
591.95000,10.92430,68.34934
592.00000,10.92497,68.34791
592.05000,9.51213,68.34078
592.10000,10.69462,68.33837
592.15000,11.15968,68.33784
592.20000,9.49477,68.33066
592.25000,11.16005,68.33013
592.30000,10.91605,68.32867
592.35000,10.91197,68.32719
592.40000,9.24674,68.31901
592.45000,10.70938,68.31665
592.50000,10.49965,68.31347
592.55000,11.16143,68.31295
592.60000,9.00000,68.30370
592.65000,11.16152,68.30319
592.70000,10.90624,68.30169
592.75000,10.90281,68.30018
592.80000,10.90007,68.29865
592.85000,10.89870,68.29712
592.90000,10.89844,68.29559
592.95000,10.89810,68.29406
593.00000,10.89777,68.29252
593.05000,9.00000,68.28146
593.10000,11.16335,68.28096
593.15000,10.89865,68.27943
593.20000,9.00000,68.26706
593.25000,10.86061,68.26539
593.30000,10.29386,68.26138
593.35000,11.16375,68.26089
593.40000,10.89725,68.25936
593.45000,9.00000,68.24677
593.50000,11.16370,68.24628
593.55000,10.88985,68.24473
593.60000,10.88786,68.24316
593.65000,9.00000,68.22944
593.70000,11.16370,68.22895
593.75000,10.88844,68.22739
593.80000,9.00000,68.21309
593.85000,10.48167,68.20985
593.90000,10.73764,68.20763
593.95000,11.16365,68.20714
594.00000,9.00000,68.19207
594.05000,11.16375,68.19159
594.10000,10.93669,68.19022
594.15000,10.93093,68.18884
594.20000,10.92624,68.18742
594.25000,10.92205,68.18600
594.30000,9.00000,68.16827
594.35000,11.16627,68.16780
594.40000,9.00000,68.14906
594.45000,10.62655,68.14642
594.50000,10.71932,68.14413
594.55000,10.71847,68.14185
594.60000,11.16712,68.14139
594.65000,10.89841,68.13988
594.70000,10.89113,68.13835
594.75000,10.88629,68.13680
594.80000,10.88279,68.13524
594.85000,10.87975,68.13367
594.90000,10.87734,68.13208
594.95000,10.87431,68.13049
595.00000,10.87136,68.12888
595.05000,9.00000,68.10779
595.10000,11.16855,68.10734
595.15000,9.00000,68.08604
595.20000,10.72885,68.08381
595.25000,10.72718,68.08157
595.30000,10.72686,68.07933
595.35000,11.16782,68.07888
595.40000,10.84910,68.07720
595.45000,10.84116,68.07549
595.50000,10.83505,68.07368
595.55000,10.82987,68.07185
595.60000,10.82497,68.07000
595.65000,9.00000,68.04813
595.70000,10.73442,68.04594
595.75000,10.73040,68.04372
595.80000,10.72965,68.04150
595.85000,10.72856,68.03927
595.90000,10.73015,68.03705
595.95000,11.16688,68.03660
596.00000,10.80521,68.03468
596.05000,10.79961,68.03274
596.10000,10.79623,68.03078
596.15000,10.79452,68.02882
596.20000,10.79398,68.02686
596.25000,10.79382,68.02489
596.30000,9.00000,68.00296
596.35000,10.74125,68.00079
596.40000,10.73742,67.99860
596.45000,10.73535,67.99641
596.50000,10.73564,67.99422
596.55000,10.73515,67.99203
596.60000,11.16528,67.99158
596.65000,10.77198,67.98954
596.70000,10.76450,67.98746
596.75000,10.76002,67.98537
596.80000,10.75690,67.98326
596.85000,10.75547,67.98116
596.90000,9.00000,67.95918
596.95000,10.74931,67.95705
597.00000,10.74478,67.95490
597.05000,10.74083,67.95274
597.10000,10.73873,67.95057
597.15000,10.73843,67.94839
597.20000,10.73865,67.94623
597.25000,10.73945,67.94406
597.30000,11.16346,67.94361
597.35000,10.75778,67.94151
597.40000,10.75031,67.93939
597.45000,10.74533,67.93725
597.50000,10.74167,67.93509
597.55000,10.73743,67.93291
597.60000,10.73362,67.93073
597.65000,9.00000,67.90877
597.70000,10.75284,67.90666
597.75000,10.74703,67.90453
597.80000,10.74448,67.90239
597.85000,10.74160,67.90024
597.90000,10.74184,67.89809
597.95000,10.74197,67.89594
598.00000,10.74337,67.89379
598.05000,10.74341,67.89165
598.10000,11.16153,67.89120
598.15000,10.64302,67.88866
598.20000,10.68495,67.88628
598.25000,10.68374,67.88390
598.30000,10.68292,67.88151
598.35000,10.68308,67.87913
598.40000,10.68429,67.87675
598.45000,10.68613,67.87437
598.50000,10.68816,67.87201
598.55000,10.69012,67.86966
598.60000,10.69206,67.86731
598.65000,10.69400,67.86497
598.70000,10.69592,67.86264
598.75000,10.69782,67.86031
598.80000,10.69972,67.85799
598.85000,10.70159,67.85569
598.90000,10.70345,67.85339
598.95000,10.70528,67.85110
599.00000,10.70709,67.84881
599.05000,10.70888,67.84653
599.10000,10.71063,67.84426
599.15000,10.71235,67.84200
599.20000,10.71402,67.83974
599.25000,10.71565,67.83749
599.30000,10.71723,67.83524
599.35000,10.71875,67.83300
599.40000,10.72021,67.83077
599.45000,10.72159,67.82854
599.50000,10.72291,67.82632
599.55000,10.72417,67.82410
599.60000,10.72585,67.82189
599.65000,10.72822,67.81969
599.70000,10.73087,67.81750
599.75000,10.73354,67.81533
599.80000,10.73624,67.81316
599.85000,10.73896,67.81100
599.90000,10.74170,67.80886
599.95000,10.74447,67.80672
600.00000,10.74724,67.80460
600.05000,10.75002,67.80249
600.10000,10.75282,67.80038
600.15000,10.75563,67.79830
600.20000,10.75845,67.79622
600.25000,10.76127,67.79415
600.30000,10.76410,67.79210
600.35000,10.76693,67.79005
600.40000,9.00000,67.76807
600.45000,10.72646,67.76588
600.50000,10.72836,67.76368
600.55000,10.72836,67.76149
600.60000,10.72846,67.75930
600.65000,10.72862,67.75711
600.70000,10.72891,67.75492
600.75000,10.72939,67.75274
600.80000,10.73013,67.75056
600.85000,10.73116,67.74837
600.90000,10.93631,67.74707
600.95000,10.69207,67.74474
601.00000,10.80981,67.74287
601.05000,10.80538,67.74099
601.10000,10.80342,67.73910
601.15000,10.79925,67.73719
601.20000,10.79732,67.73528
601.25000,10.79715,67.73336
601.30000,10.79687,67.73144
601.35000,10.79475,67.72952
601.40000,10.79437,67.72759
601.45000,10.79414,67.72566
601.50000,10.79262,67.72373
601.55000,10.79247,67.72179
601.60000,10.79212,67.71986
601.65000,10.79080,67.71792
601.70000,10.79131,67.71598
601.75000,10.78939,67.71404
601.80000,10.78959,67.71209
601.85000,10.78885,67.71014
601.90000,10.78912,67.70820
601.95000,10.78874,67.70625
602.00000,10.78840,67.70430
602.05000,10.78876,67.70235
602.10000,10.78792,67.70040
602.15000,10.78824,67.69845
602.20000,10.78816,67.69650
602.25000,10.78801,67.69455
602.30000,10.78708,67.69260
602.35000,10.78614,67.69064
602.40000,10.78553,67.68867
602.45000,10.78446,67.68671
602.50000,10.78368,67.68475
602.55000,10.78299,67.68278
602.60000,10.78206,67.68080
602.65000,10.78151,67.67883
602.70000,10.78054,67.67684
602.75000,10.77933,67.67486
602.80000,11.15617,67.67441
602.85000,10.71817,67.67218
602.90000,10.71154,67.66993
602.95000,10.70652,67.66766
603.00000,10.70284,67.66537
603.05000,10.70316,67.66308
603.10000,10.70790,67.66081
603.15000,9.00000,67.63983
603.20000,10.79148,67.63791
603.25000,10.78752,67.63596
603.30000,10.78480,67.63400
603.35000,10.78267,67.63204
603.40000,10.78108,67.63007
603.45000,10.77948,67.62810
603.50000,10.77852,67.62611
603.55000,10.77745,67.62413
603.60000,10.77663,67.62214
603.65000,11.15277,67.62169
603.70000,10.71075,67.61944
603.75000,10.70608,67.61716
603.80000,10.70409,67.61489
603.85000,10.70597,67.61262
603.90000,9.00000,67.59231
603.95000,10.78360,67.59035
604.00000,10.77975,67.58839
604.05000,10.77659,67.58640
604.10000,10.77353,67.58440
604.15000,10.77096,67.58241
604.20000,10.76862,67.58039
604.25000,10.76686,67.57837
604.30000,10.76359,67.57634
604.35000,10.76265,67.57430
604.40000,10.76465,67.57227
604.45000,10.76253,67.57024
604.50000,11.14961,67.56978
604.55000,10.73348,67.56763
604.60000,10.75140,67.56554
604.65000,10.75825,67.56349
604.70000,9.00000,67.54324
604.75000,10.74447,67.54114
604.80000,10.74794,67.53905
604.85000,10.74301,67.53694
604.90000,10.74235,67.53483
604.95000,10.73661,67.53269
605.00000,10.73610,67.53056
605.05000,10.72984,67.52840
605.10000,10.73088,67.52625
605.15000,10.72759,67.52407
605.20000,10.73036,67.52192
605.25000,11.15006,67.52146
605.30000,10.76679,67.51945
605.35000,9.00000,67.49823
605.40000,11.14868,67.49777
605.45000,9.00000,67.47654
605.50000,10.72897,67.47439
605.55000,10.72795,67.47224
605.60000,10.72286,67.47006
605.65000,10.72662,67.46790
605.70000,10.71707,67.46570
605.75000,10.71676,67.46350
605.80000,10.71186,67.46128
605.85000,10.71653,67.45908
605.90000,10.71414,67.45687
605.95000,11.14651,67.45642
606.00000,10.75521,67.45437
606.05000,10.74969,67.45230
606.10000,10.74805,67.45023
606.15000,10.74596,67.44814
606.20000,9.00000,67.42728
606.25000,10.71639,67.42509
606.30000,10.72075,67.42291
606.35000,10.71488,67.42071
606.40000,10.71105,67.41850
606.45000,10.71079,67.41628
606.50000,10.71094,67.41406
606.55000,10.70456,67.41183
606.60000,11.14377,67.41137
606.65000,10.74461,67.40929
606.70000,10.73662,67.40717
606.75000,10.73355,67.40504
606.80000,10.73715,67.40294
606.85000,10.74802,67.40087
606.90000,9.00000,67.38059
606.95000,10.72459,67.37843
607.00000,10.71655,67.37624
607.05000,10.71351,67.37405
607.10000,10.70878,67.37183
607.15000,10.70805,67.36961
607.20000,10.70850,67.36739
607.25000,10.70737,67.36517
607.30000,10.70374,67.36294
607.35000,10.70529,67.36070
607.40000,10.70620,67.35847
607.45000,11.14141,67.35802
607.50000,9.00000,67.33716
607.55000,10.62872,67.33463
607.60000,11.13942,67.33417
607.65000,9.00000,67.31357
607.70000,10.63228,67.31106
607.75000,10.63073,67.30854
607.80000,10.62980,67.30602
607.85000,10.63076,67.30350
607.90000,10.63086,67.30099
607.95000,11.13684,67.30053
608.00000,10.73710,67.29844
608.05000,10.72824,67.29631
608.10000,9.00000,67.27642
608.15000,11.13441,67.27596
608.20000,10.72975,67.27383
608.25000,10.73477,67.27174
608.30000,9.00000,67.25224
608.35000,10.65045,67.24982
608.40000,10.64503,67.24737
608.45000,10.64284,67.24491
608.50000,10.64219,67.24245
608.55000,10.64205,67.24000
608.60000,10.64262,67.23754
608.65000,10.64370,67.23509
608.70000,11.13082,67.23462
608.75000,10.69653,67.23238
608.80000,10.68635,67.23009
608.85000,10.67856,67.22778
608.90000,10.67648,67.22546
608.95000,10.68680,67.22319
609.00000,10.70567,67.22099
609.05000,10.70475,67.21878
609.10000,9.00000,67.20117
609.15000,10.66047,67.19879
609.20000,10.65628,67.19640
609.25000,10.65190,67.19399
609.30000,10.65050,67.19157
609.35000,10.65072,67.18916
609.40000,10.64962,67.18674
609.45000,10.65049,67.18432
609.50000,10.64979,67.18190
609.55000,10.65112,67.17949
609.60000,10.65351,67.17709
609.65000,11.12127,67.17658
609.70000,10.62324,67.17406
609.75000,10.45998,67.17088
609.80000,9.00000,67.15642
609.85000,10.69489,67.15418
609.90000,10.69164,67.15193
609.95000,10.68970,67.14968
610.00000,11.11565,67.14916
610.05000,9.00000,67.13595
610.10000,10.68766,67.13369
610.15000,10.68782,67.13143
610.20000,10.63797,67.12897
610.25000,10.60166,67.12637
610.30000,10.66102,67.12401
610.35000,10.60407,67.12141
610.40000,10.62421,67.11890
610.45000,10.58464,67.11624
610.50000,10.58814,67.11359
610.55000,10.67315,67.11127
610.60000,10.70248,67.10907
610.65000,10.69600,67.10685
610.70000,10.69083,67.10460
610.75000,10.68811,67.10235
610.80000,10.68795,67.10009
610.85000,10.68783,67.09784
610.90000,10.57152,67.09512
610.95000,10.60534,67.09254
611.00000,10.65800,67.09016
611.05000,10.63597,67.08770
611.10000,10.62032,67.08517
611.15000,10.65337,67.08279
611.20000,10.65701,67.08041
611.25000,11.09948,67.07982
611.30000,10.72384,67.07771
611.35000,10.70626,67.07552
611.40000,10.71534,67.07338
611.45000,10.73182,67.07130
611.50000,10.73666,67.06924
611.55000,9.31078,67.06151
611.60000,10.66726,67.05917
611.65000,10.65961,67.05681
611.70000,10.66138,67.05445
611.75000,10.65725,67.05208
611.80000,10.65269,67.04969
611.85000,10.65246,67.04729
611.90000,11.09873,67.04671
611.95000,10.68279,67.04443
612.00000,10.67428,67.04213
612.05000,10.67030,67.03981
612.10000,10.67767,67.03752
612.15000,10.69302,67.03529
612.20000,10.70608,67.03311
612.25000,10.69140,67.03088
612.30000,9.48807,67.02385
612.35000,10.67614,67.02155
612.40000,10.67085,67.01924
612.45000,10.67362,67.01694
612.50000,10.67023,67.01462
612.55000,10.66697,67.01229
612.60000,11.10058,67.01171
612.65000,10.74458,67.00969
612.70000,10.73288,67.00762
612.75000,10.72709,67.00553
612.80000,10.73245,67.00346
612.85000,10.73426,67.00140
612.90000,10.75579,66.99942
612.95000,10.75545,66.99744
613.00000,9.00000,66.98766
613.05000,10.69633,66.98545
613.10000,10.69242,66.98322
613.15000,10.69194,66.98100
613.20000,10.69245,66.97877
613.25000,10.69378,66.97655
613.30000,11.10813,66.97602
613.35000,10.76435,66.97408
613.40000,10.75474,66.97210
613.45000,10.75068,66.97011
613.50000,10.74518,66.96809
613.55000,10.74804,66.96609
613.60000,10.74550,66.96407
613.65000,10.74727,66.96207
613.70000,10.76674,66.96014
613.75000,9.00000,66.94592
613.80000,10.72456,66.94383
613.85000,10.72133,66.94173
613.90000,10.71745,66.93961
613.95000,10.71705,66.93748
614.00000,10.71745,66.93536
614.05000,10.71846,66.93324
614.10000,10.71989,66.93114
614.15000,11.11803,66.93064
614.20000,10.72243,66.92854
614.25000,10.71502,66.92641
614.30000,10.70884,66.92426
614.35000,10.70475,66.92209
614.40000,10.70379,66.91991
614.45000,10.70991,66.91776
614.50000,10.72082,66.91566
614.55000,9.00000,66.89790
614.60000,10.73928,66.89587
614.65000,10.73445,66.89382
614.70000,10.73120,66.89176
614.75000,10.72976,66.88969
614.80000,10.72952,66.88763
614.85000,10.73007,66.88556
614.90000,10.73084,66.88350
614.95000,10.73202,66.88145
615.00000,11.12219,66.88097
615.05000,10.69099,66.87876
615.10000,10.68256,66.87650
615.15000,10.67395,66.87421
615.20000,10.66982,66.87191
615.25000,10.68124,66.86965
615.30000,9.00000,66.85003
615.35000,10.74666,66.84804
615.40000,10.74114,66.84602
615.45000,10.73692,66.84399
615.50000,10.73494,66.84196
615.55000,10.73318,66.83991
615.60000,10.73342,66.83787
615.65000,10.73426,66.83583
615.70000,10.73459,66.83379
615.75000,11.12305,66.83333
615.80000,10.66767,66.83102
615.85000,10.66150,66.82870
615.90000,10.65632,66.82635
615.95000,10.65296,66.82398
616.00000,10.64962,66.82160
616.05000,10.64821,66.81922
616.10000,10.65168,66.81685
616.15000,9.00000,66.79642
616.20000,10.75504,66.79447
616.25000,10.74917,66.79250
616.30000,10.74365,66.79050
616.35000,10.73925,66.78849
616.40000,10.73571,66.78646
616.45000,10.73357,66.78443
616.50000,10.73213,66.78239
616.55000,10.73035,66.78034
616.60000,10.72999,66.77829
616.65000,10.73003,66.77624
616.70000,10.73104,66.77419
616.75000,10.73159,66.77215
616.80000,10.73264,66.77011
616.85000,11.12243,66.76966
616.90000,10.68297,66.76743
616.95000,10.67666,66.76516
617.00000,10.67068,66.76288
617.05000,10.66592,66.76057
617.10000,10.66150,66.75825
617.15000,10.65746,66.75591
617.20000,10.65448,66.75356
617.25000,10.65426,66.75121
617.30000,10.65832,66.74888
617.35000,9.00000,66.72790
617.40000,10.75816,66.72597
617.45000,10.75110,66.72401
617.50000,10.74697,66.72204
617.55000,10.74218,66.72004
617.60000,10.73986,66.71804
617.65000,10.73891,66.71603
617.70000,10.73769,66.71402
617.75000,10.73772,66.71201
617.80000,10.73910,66.71001
617.85000,10.73893,66.70800
617.90000,10.73965,66.70600
617.95000,10.73970,66.70399
618.00000,11.12068,66.70354
618.05000,10.66614,66.70125
618.10000,10.66090,66.69894
618.15000,10.65788,66.69660
618.20000,10.65583,66.69427
618.25000,9.00000,66.67318
618.30000,10.74928,66.67122
618.35000,10.74339,66.66924
618.40000,10.73890,66.66724
618.45000,10.73760,66.66524
618.50000,10.73586,66.66322
618.55000,10.73559,66.66121
618.60000,10.73615,66.65920
618.65000,10.73586,66.65719
618.70000,11.11849,66.65674
618.75000,10.65590,66.65441
618.80000,10.65115,66.65206
618.85000,10.64845,66.64970
618.90000,10.64636,66.64734
618.95000,10.64835,66.64498
619.00000,10.65389,66.64264
619.05000,9.00000,66.62171
619.10000,10.74939,66.61976
619.15000,10.74252,66.61778
619.20000,10.73874,66.61579
619.25000,10.73665,66.61379
619.30000,10.73503,66.61179
619.35000,10.73510,66.60978
619.40000,10.72430,66.60773
619.45000,10.73153,66.60571
619.50000,10.72779,66.60368
619.55000,10.69015,66.60149
619.60000,10.66907,66.59922
619.65000,10.67151,66.59696
619.70000,10.67257,66.59471
619.75000,10.67329,66.59246
619.80000,10.67559,66.59022
619.85000,10.67654,66.58797
619.90000,10.67709,66.58574
619.95000,10.67902,66.58351
620.00000,10.68151,66.58130
620.05000,10.68275,66.57909
620.10000,10.68369,66.57687
620.15000,10.68519,66.57467
620.20000,10.68762,66.57248
620.25000,11.11625,66.57203
620.30000,9.00000,66.55083
620.35000,11.11476,66.55038
620.40000,10.64371,66.54801
620.45000,10.64240,66.54565
620.50000,10.64644,66.54330
620.55000,10.64905,66.54095
620.60000,10.65065,66.53862
620.65000,10.65123,66.53629
620.70000,10.65158,66.53396
620.75000,10.65218,66.53163
620.80000,10.65304,66.52931
620.85000,10.65480,66.52699
620.90000,10.65634,66.52468
620.95000,10.65805,66.52238
621.00000,10.66014,66.52009
621.05000,10.66218,66.51780
621.10000,10.66439,66.51553
621.15000,10.66660,66.51326
621.20000,10.66888,66.51099
621.25000,10.67105,66.50875
621.30000,10.67335,66.50651
621.35000,10.67567,66.50427
621.40000,10.67807,66.50205
621.45000,10.68033,66.49984
621.50000,10.68274,66.49764
621.55000,10.68518,66.49545
621.60000,10.68786,66.49326
621.65000,10.69079,66.49110
621.70000,10.69466,66.48894
621.75000,10.69720,66.48679
621.80000,10.69882,66.48466
621.85000,10.70057,66.48253
621.90000,10.70205,66.48040
621.95000,10.70337,66.47829
622.00000,10.70486,66.47617
622.05000,10.70626,66.47406
622.10000,10.70878,66.47196
622.15000,10.71138,66.46988
622.20000,10.71395,66.46780
622.25000,9.00000,66.44701
622.30000,10.81822,66.44542
622.35000,10.82282,66.44385
622.40000,10.82070,66.44228
622.45000,10.81914,66.44069
622.50000,10.81729,66.43910
622.55000,10.81569,66.43750
622.60000,10.81471,66.43590
622.65000,10.81369,66.43430
622.70000,10.81205,66.43269
622.75000,10.81041,66.43107
622.80000,10.80890,66.42944
622.85000,11.11276,66.42900
622.90000,10.68448,66.42681
622.95000,10.67790,66.42460
623.00000,10.67249,66.42236
623.05000,9.00000,66.40123
623.10000,10.80867,66.39961
623.15000,10.80407,66.39797
623.20000,10.80217,66.39633
623.25000,10.80068,66.39468
623.30000,10.79971,66.39304
623.35000,10.79876,66.39138
623.40000,10.79722,66.38972
623.45000,11.11081,66.38927
623.50000,10.66794,66.38702
623.55000,10.66405,66.38475
623.60000,10.66151,66.38248
623.65000,9.00000,66.36153
623.70000,10.79628,66.35987
623.75000,10.79107,66.35819
623.80000,10.78784,66.35651
623.85000,10.78647,66.35480
623.90000,10.78559,66.35310
623.95000,10.78462,66.35140
624.00000,10.78476,66.34970
624.05000,10.78384,66.34799
624.10000,10.78268,66.34628
624.15000,11.10873,66.34583
624.20000,10.68142,66.34364
624.25000,10.67869,66.34145
624.30000,10.67722,66.33924
624.35000,10.67745,66.33704
624.40000,9.00000,66.31626
624.45000,10.78334,66.31456
624.50000,10.77883,66.31277
624.55000,10.77558,66.31096
624.60000,10.77355,66.30914
624.65000,10.77257,66.30733
624.70000,10.77239,66.30551
624.75000,10.77180,66.30369
624.80000,10.77094,66.30186
624.85000,10.76976,66.30003
624.90000,10.76828,66.29819
624.95000,11.10687,66.29774
625.00000,10.70471,66.29565
625.05000,10.70325,66.29356
625.10000,10.70422,66.29147
625.15000,9.00000,66.27068
625.20000,10.76769,66.26884
625.25000,10.76315,66.26699
625.30000,10.76069,66.26513
625.35000,10.75894,66.26327
625.40000,10.75812,66.26140
625.45000,10.75726,66.25952
625.50000,10.75604,66.25764
625.55000,10.75506,66.25577
625.60000,11.10540,66.25531
625.65000,10.72646,66.25332
625.70000,10.72419,66.25131
625.75000,10.72363,66.24931
625.80000,10.72393,66.24730
625.85000,9.00000,66.22638
625.90000,10.75639,66.22451
625.95000,10.75343,66.22263
626.00000,10.75084,66.22073
626.05000,10.74913,66.21883
626.10000,10.74696,66.21693
626.15000,10.74530,66.21501
626.20000,10.74371,66.21309
626.25000,10.74264,66.21117
626.30000,10.74178,66.20924
626.35000,11.10491,66.20879
626.40000,10.75711,66.20692
626.45000,10.75477,66.20505
626.50000,10.75371,66.20317
626.55000,10.75328,66.20129
626.60000,10.75377,66.19940
626.65000,10.75527,66.19753
626.70000,9.00000,66.17606
626.75000,10.74385,66.17415
626.80000,10.74123,66.17222
626.85000,10.73924,66.17029
626.90000,10.73770,66.16835
626.95000,10.73671,66.16641
627.00000,11.10340,66.16596
627.05000,10.76789,66.16415
627.10000,10.76517,66.16232
627.15000,10.76353,66.16048
627.20000,10.76289,66.15865
627.25000,10.76312,66.15681
627.30000,9.00000,66.13525
627.35000,10.73776,66.13332
627.40000,10.73455,66.13138
627.45000,10.73262,66.12943
627.50000,10.73154,66.12747
627.55000,10.73064,66.12551
627.60000,11.10194,66.12506
627.65000,10.77684,66.12336
627.70000,10.77413,66.12165
627.75000,10.77238,66.11986
627.80000,10.77167,66.11806
627.85000,10.77208,66.11626
627.90000,10.77311,66.11455
627.95000,9.00000,66.09292
628.00000,10.73098,66.09097
628.05000,10.72879,66.08900
628.10000,10.72678,66.08704
628.15000,10.72584,66.08506
628.20000,11.10047,66.08462
628.25000,10.78394,66.08295
628.30000,10.78183,66.08127
628.35000,10.78012,66.07958
628.40000,10.77926,66.07790
628.45000,10.77960,66.07621
628.50000,10.78056,66.07453
628.55000,9.00000,66.05284
628.60000,10.72651,66.05088
628.65000,10.72392,66.04890
628.70000,10.72238,66.04693
628.75000,10.72155,66.04494
628.80000,11.09901,66.04449
628.85000,10.78801,66.04285
628.90000,10.78566,66.04119
628.95000,10.78429,66.03953
629.00000,10.78416,66.03786
629.05000,10.78499,66.03621
629.10000,10.78604,66.03455
629.15000,9.00000,66.01281
629.20000,10.72245,66.01083
629.25000,10.71968,66.00885
629.30000,10.71826,66.00686
629.35000,11.09755,66.00642
629.40000,10.79283,66.00479
629.45000,10.79047,66.00316
629.50000,10.78895,66.00152
629.55000,10.78878,65.99988
629.60000,10.78988,65.99825
629.65000,10.79168,65.99662
629.70000,9.00000,65.97484
629.75000,10.71744,65.97285
629.80000,10.71606,65.97086
629.85000,10.71452,65.96886
629.90000,11.09608,65.96841
629.95000,10.80003,65.96683
630.00000,10.79581,65.96522
630.05000,10.79260,65.96360
630.10000,10.79108,65.96198
630.15000,10.79011,65.96035
630.20000,10.78938,65.95872
630.25000,9.00000,65.93696
630.30000,10.71383,65.93496
630.35000,10.71175,65.93295
630.40000,10.70971,65.93095
630.45000,11.09435,65.93050
630.50000,10.78841,65.92886
630.55000,10.78516,65.92722
630.60000,10.78152,65.92557
630.65000,10.77872,65.92390
630.70000,10.77759,65.92223
630.75000,10.77704,65.92056
630.80000,9.00000,65.89896
630.85000,10.70989,65.89696
630.90000,10.70800,65.89494
630.95000,10.70782,65.89293
631.00000,11.09226,65.89248
631.05000,10.78636,65.89085
631.10000,10.78443,65.88921
631.15000,10.78110,65.88756
631.20000,10.77860,65.88590
631.25000,10.78035,65.88425
631.30000,10.78373,65.88261
631.35000,9.00000,65.86121
631.40000,10.70773,65.85919
631.45000,10.70514,65.85718
631.50000,10.70364,65.85515
631.55000,10.70224,65.85312
631.60000,11.09069,65.85268
631.65000,10.79920,65.85110
631.70000,10.79618,65.84951
631.75000,10.79267,65.84791
631.80000,10.79036,65.84630
631.85000,10.78939,65.84469
631.90000,10.78908,65.84307
631.95000,9.00000,65.82152
632.00000,11.08946,65.82108
632.05000,9.00000,65.79952
632.10000,10.69958,65.79749
632.15000,10.69827,65.79546
632.20000,11.08799,65.79501
632.25000,10.80198,65.79346
632.30000,10.80059,65.79190
632.35000,10.79735,65.79033
632.40000,10.79519,65.78875
632.45000,9.00000,65.76714
632.50000,10.69643,65.76510
632.55000,10.69434,65.76305
632.60000,11.08664,65.76260
632.65000,10.80239,65.76106
632.70000,10.80060,65.75951
632.75000,10.79780,65.75794
632.80000,10.79688,65.75637
632.85000,10.79705,65.75481
632.90000,9.00000,65.73313
632.95000,10.69340,65.73109
633.00000,10.69060,65.72904
633.05000,11.08527,65.72859
633.10000,10.80646,65.72707
633.15000,9.00000,65.70511
633.20000,10.62716,65.70281
633.25000,10.62844,65.70052
633.30000,10.62520,65.69821
633.35000,10.61894,65.69588
633.40000,10.62123,65.69356
633.45000,10.62681,65.69125
633.50000,10.62127,65.68893
633.55000,10.61343,65.68658
633.60000,11.08362,65.68613
633.65000,9.00000,65.66413
633.70000,11.08220,65.66368
633.75000,10.80190,65.66216
633.80000,10.79811,65.66061
633.85000,10.79618,65.65906
633.90000,10.79478,65.65749
633.95000,10.79421,65.65594
634.00000,10.79388,65.65437
634.05000,9.00000,65.63232
634.10000,10.62627,65.63004
634.15000,11.08075,65.62959
634.20000,9.00000,65.60752
634.25000,11.07925,65.60707
634.30000,10.80191,65.60555
634.35000,9.00000,65.58349
634.40000,10.62601,65.58121
634.45000,10.61946,65.57891
634.50000,10.61902,65.57660
634.55000,11.07758,65.57616
634.60000,10.81574,65.57469
634.65000,9.00000,65.55268
634.70000,11.07610,65.55224
634.75000,10.81628,65.55078
634.80000,9.00000,65.52874
634.85000,10.61270,65.52642
634.90000,10.61241,65.52410
634.95000,11.07444,65.52365
635.00000,10.81242,65.52219
635.05000,10.81118,65.52073
635.10000,10.80905,65.51925
635.15000,10.80692,65.51777
635.20000,10.80519,65.51628
635.25000,10.80933,65.51481
635.30000,9.00000,65.49305
635.35000,11.07257,65.49260
635.40000,9.00000,65.47083
635.45000,10.61404,65.46852
635.50000,10.60932,65.46620
635.55000,10.60285,65.46385
635.60000,11.07097,65.46340
635.65000,10.82344,65.46200
635.70000,10.82194,65.46058
635.75000,10.81917,65.45916
635.80000,10.81693,65.45773
635.85000,10.81672,65.45629
635.90000,10.81650,65.45486
635.95000,10.81717,65.45342
636.00000,10.81849,65.45200
636.05000,10.81885,65.45057
636.10000,10.81738,65.44913
636.15000,10.81550,65.44769
636.20000,10.81396,65.44625
636.25000,10.81255,65.44479
636.30000,10.81127,65.44334
636.35000,10.81016,65.44188
636.40000,10.80918,65.44041
636.45000,10.80841,65.43895
636.50000,10.81062,65.43749
636.55000,10.81083,65.43604
636.60000,9.00000,65.41482
636.65000,10.62875,65.41258
636.70000,11.06880,65.41212
636.75000,10.82178,65.41071
636.80000,10.82532,65.40932
636.85000,10.82073,65.40791
636.90000,10.82082,65.40649
636.95000,10.82160,65.40508
637.00000,10.82240,65.40366
637.05000,10.82320,65.40226
637.10000,10.82400,65.40086
637.15000,10.82369,65.39945
637.20000,10.82307,65.39805
637.25000,10.82245,65.39664
637.30000,10.82185,65.39523
637.35000,10.82125,65.39381
637.40000,10.82068,65.39240
637.45000,10.82010,65.39098
637.50000,10.81955,65.38956
637.55000,10.81900,65.38813
637.60000,10.81847,65.38671
637.65000,10.81794,65.38528
637.70000,10.81743,65.38385
637.75000,10.81692,65.38242
637.80000,10.81763,65.38099
637.85000,10.82015,65.37957
637.90000,10.82141,65.37816
637.95000,10.82098,65.37674
638.00000,10.81890,65.37532
638.05000,10.81820,65.37389
638.10000,9.00000,65.35258
638.15000,11.06847,65.35213
638.20000,10.81709,65.35071
638.25000,10.81751,65.34929
638.30000,10.81537,65.34785
638.35000,10.81482,65.34642
638.40000,9.00000,65.32507
638.45000,11.06721,65.32462
638.50000,10.81383,65.32318
638.55000,10.81667,65.32176
638.60000,10.82005,65.32035
638.65000,10.81931,65.31894
638.70000,10.81714,65.31752
638.75000,10.81408,65.31609
638.80000,10.81112,65.31464
638.85000,10.80823,65.31319
638.90000,10.80536,65.31172
638.95000,9.00000,65.29005
639.00000,10.63371,65.28785
639.05000,10.63031,65.28563
639.10000,11.06674,65.28518
639.15000,10.79503,65.28368
639.20000,10.78840,65.28216
639.25000,10.78229,65.28061
639.30000,10.77764,65.27904
639.35000,9.00000,65.25716
639.40000,11.06558,65.25672
639.45000,10.77059,65.25513
639.50000,10.76550,65.25352
639.55000,10.76005,65.25190
639.60000,9.00000,65.23001
639.65000,10.63447,65.22782
639.70000,10.62784,65.22560
639.75000,11.06391,65.22516
639.80000,9.00000,65.20333
639.85000,11.06245,65.20289
639.90000,10.75835,65.20126
639.95000,9.00000,65.17944
640.00000,10.62625,65.17722
640.05000,10.62278,65.17500
640.10000,10.62562,65.17278
640.15000,11.06094,65.17233
640.20000,10.75298,65.17070
640.25000,9.00000,65.14866
640.30000,11.05951,65.14822
640.35000,10.74433,65.14655
640.40000,9.00000,65.12451
640.45000,11.05803,65.12406
640.50000,9.00000,65.10201
640.55000,10.58026,65.09963
640.60000,10.57632,65.09724
640.65000,10.61353,65.09500
640.70000,10.57181,65.09259
640.75000,11.05644,65.09214
640.80000,10.74950,65.09051
640.85000,10.74386,65.08885
640.90000,10.74016,65.08718
640.95000,9.00000,65.06512
641.00000,10.58571,65.06277
641.05000,10.58231,65.06041
641.10000,10.58210,65.05805
641.15000,11.05490,65.05760
641.20000,10.73872,65.05593
641.25000,10.73394,65.05424
641.30000,10.73081,65.05255
641.35000,9.00000,65.03050
641.40000,11.05346,65.03006
641.45000,10.72859,65.02836
641.50000,9.00000,65.00631
641.55000,10.58936,65.00398
641.60000,10.58812,65.00166
641.65000,11.05192,65.00121
641.70000,10.73018,64.99952
641.75000,10.72659,64.99782
641.80000,9.00000,64.97577
641.85000,10.58778,64.97344
641.90000,10.58394,64.97111
641.95000,11.05038,64.97066
642.00000,9.00000,64.94859
642.05000,10.58494,64.94626
642.10000,10.58483,64.94393
642.15000,10.58462,64.94160
642.20000,11.04879,64.94115
642.25000,10.72416,64.93946
642.30000,10.71888,64.93766
642.35000,10.71488,64.93585
642.40000,10.71250,64.93404
642.45000,9.00000,64.91203
642.50000,11.04732,64.91158
642.55000,10.71308,64.90977
642.60000,10.71095,64.90795
642.65000,9.00000,64.88594
642.70000,10.59523,64.88367
642.75000,10.59107,64.88137
642.80000,10.59051,64.87908
642.85000,10.59042,64.87679
642.90000,10.59166,64.87450
642.95000,11.04567,64.87405
643.00000,10.71283,64.87225
643.05000,10.70745,64.87041
643.10000,10.70326,64.86858
643.15000,10.70017,64.86671
643.20000,10.69774,64.86485
643.25000,10.69538,64.86298
643.30000,10.69320,64.86109
643.35000,10.69215,64.85920
643.40000,9.00000,64.83730
643.45000,10.61579,64.83511
643.50000,11.04413,64.83466
643.55000,10.69522,64.83279
643.60000,10.69218,64.83091
643.65000,9.00000,64.80900
643.70000,10.61449,64.80682
643.75000,10.61109,64.80462
643.80000,10.60823,64.80241
643.85000,10.60759,64.80019
643.90000,11.04255,64.79974
643.95000,10.69442,64.79788
644.00000,10.68918,64.79599
644.05000,10.68542,64.79409
644.10000,10.68260,64.79218
644.15000,10.68082,64.79025
644.20000,10.68058,64.78833
644.25000,9.00000,64.76646
644.30000,10.62144,64.76431
644.35000,10.61956,64.76215
644.40000,10.61866,64.75999
644.45000,10.61893,64.75783
644.50000,11.04094,64.75739
644.55000,10.68505,64.75549
644.60000,10.68068,64.75357
644.65000,10.67830,64.75165
644.70000,9.00000,64.72979
644.75000,11.03947,64.72934
644.80000,10.68059,64.72743
644.85000,9.00000,64.70555
644.90000,10.61913,64.70341
644.95000,10.61568,64.70124
645.00000,10.61355,64.69907
645.05000,10.61124,64.69689
645.10000,10.61217,64.69472
645.15000,10.61415,64.69255
645.20000,11.03787,64.69210
645.25000,10.68296,64.69021
645.30000,10.67714,64.68829
645.35000,10.67251,64.68636
645.40000,10.66957,64.68441
645.45000,10.66724,64.68246
645.50000,10.66526,64.68049
645.55000,10.66357,64.67852
645.60000,10.66212,64.67654
645.65000,10.66106,64.67456
645.70000,10.66091,64.67258
645.75000,9.00000,64.65076
645.80000,10.63465,64.64868
645.85000,10.63129,64.64659
645.90000,10.62960,64.64449
645.95000,10.62784,64.64238
646.00000,10.62739,64.64027
646.05000,10.62552,64.63816
646.10000,11.03623,64.63771
646.15000,10.66650,64.63576
646.20000,10.66136,64.63379
646.25000,10.65764,64.63180
646.30000,10.65529,64.62980
646.35000,10.65399,64.62780
646.40000,10.65352,64.62579
646.45000,9.00000,64.60397
646.50000,10.63886,64.60192
646.55000,10.63561,64.59985
646.60000,10.63208,64.59776
646.65000,10.63006,64.59567
646.70000,10.63071,64.59359
646.75000,11.03464,64.59314
646.80000,10.66020,64.59117
646.85000,10.65453,64.58917
646.90000,10.64935,64.58716
646.95000,10.64528,64.58513
647.00000,10.64193,64.58308
647.05000,10.63906,64.58103
647.10000,10.63700,64.57896
647.15000,10.63595,64.57690
647.20000,9.00000,64.55508
647.25000,10.64553,64.55305
647.30000,10.64087,64.55101
647.35000,10.63577,64.54895
647.40000,10.63553,64.54688
647.45000,10.63361,64.54482
647.50000,10.63187,64.54274
647.55000,10.63420,64.54067
647.60000,10.63143,64.53859
647.65000,10.62998,64.53651
647.70000,11.03299,64.53606
647.75000,10.63821,64.53401
647.80000,10.63122,64.53193
647.85000,10.62469,64.52982
647.90000,10.61813,64.52769
647.95000,10.61272,64.52554
648.00000,10.60831,64.52337
648.05000,10.60422,64.52118
648.10000,10.60072,64.51898
648.15000,10.59850,64.51677
648.20000,10.59768,64.51456
648.25000,10.59820,64.51235
648.30000,10.59998,64.51015
648.35000,9.00000,64.48837
648.40000,10.66322,64.48643
648.45000,10.65831,64.48447
648.50000,10.65465,64.48249
648.55000,10.65140,64.48050
648.60000,10.65166,64.47851
648.65000,10.65101,64.47651
648.70000,10.64713,64.47450
648.75000,10.65321,64.47252
648.80000,10.57711,64.47023
648.85000,11.03107,64.46979
648.90000,10.62461,64.46769
648.95000,9.00000,64.44562
649.00000,11.02957,64.44517
649.05000,9.00000,64.42310
649.10000,10.59068,64.42088
649.15000,10.58877,64.41866
649.20000,11.02802,64.41821
649.25000,9.00000,64.39616
649.30000,10.59167,64.39394
649.35000,10.59108,64.39173
649.40000,11.02648,64.39129
649.45000,9.00000,64.36926
649.50000,10.59494,64.36707
649.55000,10.59580,64.36488
649.60000,11.02498,64.36443
649.65000,10.61306,64.36231
649.70000,10.60625,64.36017
649.75000,9.00000,64.33820
649.80000,10.60796,64.33606
649.85000,11.02346,64.33562
649.90000,9.00000,64.31364
649.95000,11.02200,64.31319
650.00000,10.59860,64.31102
650.05000,9.00000,64.28906
650.10000,10.60739,64.28694
650.15000,11.02048,64.28649
650.20000,9.00000,64.26453
650.25000,10.60409,64.26241
650.30000,11.01901,64.26196
650.35000,9.00000,64.24001
650.40000,10.60524,64.23788
650.45000,10.60462,64.23576
650.50000,10.60464,64.23363
650.55000,11.01750,64.23318
650.60000,10.59244,64.23101
650.65000,10.58590,64.22881
650.70000,10.58153,64.22660
650.75000,10.57808,64.22437
650.80000,10.57585,64.22213
650.85000,9.00000,64.20026
650.90000,10.62278,64.19822
650.95000,10.61752,64.19615
651.00000,10.61617,64.19408
651.05000,10.61308,64.19200
651.10000,10.61397,64.18992
651.15000,10.61400,64.18784
651.20000,10.61535,64.18577
651.25000,11.01580,64.18532
651.30000,10.58312,64.18312
651.35000,10.57640,64.18089
651.40000,10.57227,64.17864
651.45000,10.57015,64.17638
651.50000,10.56965,64.17413
651.55000,9.00000,64.15231
651.60000,10.63056,64.15030
651.65000,10.62614,64.14828
651.70000,10.62220,64.14623
651.75000,10.62078,64.14419
651.80000,10.62102,64.14214
651.85000,10.61984,64.14009
651.90000,11.01415,64.13965
651.95000,10.58408,64.13745
652.00000,10.57729,64.13524
652.05000,10.57165,64.13300
652.10000,10.56745,64.13074
652.15000,10.56458,64.12846
652.20000,10.56310,64.12619
652.25000,9.00000,64.10437
652.30000,10.63125,64.10237
652.35000,10.62565,64.10035
652.40000,10.62228,64.09832
652.45000,10.62000,64.09628
652.50000,10.61955,64.09423
652.55000,10.62029,64.09219
652.60000,10.62213,64.09016
652.65000,10.62158,64.08812
652.70000,10.62353,64.08609
652.75000,11.01243,64.08565
652.80000,10.55649,64.08335
652.85000,10.54869,64.08102
652.90000,10.54316,64.07867
652.95000,10.53925,64.07631
653.00000,10.53659,64.07394
653.05000,9.00000,64.05215
653.10000,10.60087,64.05004
653.15000,10.58908,64.04788
653.20000,10.59600,64.04575
653.25000,10.58087,64.04356
653.30000,10.57650,64.04135
653.35000,10.57511,64.03913
653.40000,10.57000,64.03690
653.45000,10.55733,64.03461
653.50000,10.55298,64.03231
653.55000,10.55243,64.03001
653.60000,10.55435,64.02772
653.65000,10.55524,64.02542
653.70000,10.55638,64.02313
653.75000,10.55839,64.02085
653.80000,10.55953,64.01858
653.85000,10.55887,64.01630
653.90000,10.56007,64.01403
653.95000,10.56296,64.01177
654.00000,10.56053,64.00950
654.05000,10.56437,64.00724
654.10000,10.56245,64.00498
654.15000,10.56735,64.00274
654.20000,10.56694,64.00050
654.25000,10.56527,63.99824
654.30000,11.00991,63.99780
654.35000,10.56816,63.99556
654.40000,10.56809,63.99332
654.45000,10.56870,63.99108
654.50000,10.57009,63.98885
654.55000,10.57169,63.98662
654.60000,10.57334,63.98441
654.65000,10.57503,63.98219
654.70000,10.57677,63.97999
654.75000,10.57855,63.97779
654.80000,10.58037,63.97560
654.85000,10.58222,63.97342
654.90000,10.58412,63.97124
654.95000,10.58605,63.96907
655.00000,10.58795,63.96692
655.05000,10.58941,63.96476
655.10000,10.59010,63.96261
655.15000,10.59035,63.96046
655.20000,10.59036,63.95831
655.25000,10.59011,63.95616
655.30000,10.58955,63.95401
655.35000,10.58867,63.95185
655.40000,10.58741,63.94969
655.45000,10.58576,63.94753
655.50000,10.58369,63.94535
655.55000,10.58120,63.94316
655.60000,10.57831,63.94097
655.65000,10.57506,63.93876
655.70000,10.57154,63.93653
655.75000,10.56784,63.93430
655.80000,10.56410,63.93204
655.85000,10.56045,63.92978
655.90000,10.55702,63.92750
655.95000,10.55394,63.92521
656.00000,10.55130,63.92290
656.05000,10.54916,63.92059
656.10000,10.54757,63.91827
656.15000,10.54655,63.91595
656.20000,10.54611,63.91363
656.25000,10.54624,63.91130
656.30000,10.54668,63.90898
656.35000,9.00000,63.88771
656.40000,10.71077,63.88612
656.45000,10.70549,63.88451
656.50000,10.70062,63.88288
656.55000,10.69890,63.88124
656.60000,10.69623,63.87959
656.65000,10.69550,63.87794
656.70000,10.69350,63.87628
656.75000,10.69254,63.87462
656.80000,10.69084,63.87295
656.85000,10.68956,63.87127
656.90000,10.68955,63.86960
656.95000,10.68762,63.86792
657.00000,10.68770,63.86624
657.05000,10.68575,63.86455
657.10000,10.68559,63.86286
657.15000,10.68533,63.86117
657.20000,10.68360,63.85947
657.25000,10.68320,63.85777
657.30000,10.68286,63.85607
657.35000,10.68174,63.85437
657.40000,10.68018,63.85266
657.45000,10.68061,63.85095
657.50000,10.68021,63.84924
657.55000,10.67862,63.84752
657.60000,11.00721,63.84708
657.65000,10.62539,63.84507
657.70000,10.62625,63.84307
657.75000,10.62881,63.84108
657.80000,9.00000,63.81969
657.85000,10.67659,63.81790
657.90000,10.67344,63.81610
657.95000,10.67135,63.81429
658.00000,10.66928,63.81246
658.05000,10.66973,63.81064
658.10000,10.66879,63.80882
658.15000,11.00605,63.80837
658.20000,10.66033,63.80651
658.25000,10.65937,63.80465
658.30000,10.65923,63.80279
658.35000,10.66008,63.80093
658.40000,9.00000,63.77942
658.45000,10.66583,63.77759
658.50000,10.66263,63.77575
658.55000,10.66066,63.77390
658.60000,10.65977,63.77205
658.65000,10.65889,63.77019
658.70000,10.58125,63.76802
658.75000,10.58840,63.76588
658.80000,10.58381,63.76373
658.85000,10.58479,63.76158
658.90000,10.58943,63.75944
658.95000,10.58846,63.75731
659.00000,10.58673,63.75516
659.05000,10.58428,63.75301
659.10000,10.58801,63.75087
659.15000,10.58964,63.74874
659.20000,10.58875,63.74660
659.25000,10.58926,63.74447
659.30000,10.59057,63.74234
659.35000,10.58864,63.74021
659.40000,10.59198,63.73808
659.45000,10.58797,63.73595
659.50000,10.58989,63.73381
659.55000,11.00411,63.73337
659.60000,9.00000,63.71157
659.65000,11.00260,63.71112
659.70000,10.65161,63.70924
659.75000,10.64801,63.70735
659.80000,10.64515,63.70544
659.85000,10.64461,63.70354
659.90000,10.64651,63.70164
659.95000,9.00000,63.67992
660.00000,10.59616,63.67783
660.05000,10.59274,63.67572
660.10000,10.59244,63.67361
660.15000,10.59003,63.67150
660.20000,10.59108,63.66938
660.25000,10.58870,63.66726
660.30000,10.59263,63.66515
660.35000,10.58845,63.66303
660.40000,10.58756,63.66090
660.45000,11.00073,63.66045
660.50000,10.64403,63.65855
660.55000,10.63930,63.65663
660.60000,10.63631,63.65470
660.65000,10.63622,63.65276
660.70000,10.63950,63.65084
660.75000,10.64152,63.64893
660.80000,9.00000,63.62734
660.85000,10.59760,63.62526
660.90000,10.59139,63.62316
660.95000,10.59107,63.62105
661.00000,10.58848,63.61893
661.05000,10.59063,63.61683
661.10000,10.58358,63.61469
661.15000,10.58702,63.61256
661.20000,10.58825,63.61045
661.25000,10.99887,63.61000
661.30000,10.64327,63.60810
661.35000,10.63772,63.60618
661.40000,10.63422,63.60424
661.45000,10.63221,63.60230
661.50000,10.63314,63.60036
661.55000,10.63652,63.59843
661.60000,10.63806,63.59652
661.65000,9.00000,63.57505
661.70000,10.59730,63.57298
661.75000,10.59395,63.57088
661.80000,10.58929,63.56878
661.85000,10.59099,63.56668
661.90000,10.58947,63.56457
661.95000,10.58925,63.56247
662.00000,10.58561,63.56034
662.05000,10.58488,63.55822
662.10000,10.99739,63.55777
662.15000,10.65785,63.55593
662.20000,10.65400,63.55408
662.25000,10.65137,63.55223
662.30000,10.65077,63.55036
662.35000,10.65291,63.54851
662.40000,9.00000,63.52684
662.45000,10.59121,63.52475
662.50000,10.58815,63.52264
662.55000,10.58619,63.52053
662.60000,10.58436,63.51841
662.65000,10.58344,63.51628
662.70000,10.58252,63.51416
662.75000,10.99600,63.51371
662.80000,10.64983,63.51185
662.85000,10.64093,63.50995
662.90000,10.63525,63.50803
662.95000,10.63189,63.50610
663.00000,10.62787,63.50416
663.05000,10.62438,63.50219
663.10000,10.62155,63.50022
663.15000,9.00000,63.47853
663.20000,10.59250,63.47645
663.25000,10.58833,63.47435
663.30000,10.58647,63.47225
663.35000,10.58391,63.47013
663.40000,10.58417,63.46802
663.45000,10.58292,63.46590
663.50000,10.99354,63.46545
663.55000,10.58559,63.46334
663.60000,10.58462,63.46122
663.65000,10.58249,63.45910
663.70000,10.58418,63.45699
663.75000,9.00000,63.43581
663.80000,10.58998,63.43373
663.85000,10.58648,63.43163
663.90000,10.58427,63.42952
663.95000,10.58224,63.42741
664.00000,10.58173,63.42529
664.05000,10.58096,63.42317
664.10000,10.98979,63.42271
664.15000,10.52859,63.42038
664.20000,10.51535,63.41800
664.25000,10.50486,63.41557
664.30000,10.49209,63.41310
664.35000,10.50262,63.41067
664.40000,9.00000,63.39159
664.45000,10.56879,63.38943
664.50000,10.58957,63.38735
664.55000,10.95312,63.38674
664.60000,10.79070,63.38551
664.65000,9.69593,63.37988
664.70000,10.57823,63.37775
664.75000,10.53734,63.37547
664.80000,10.55854,63.37326
664.85000,10.55589,63.37105
664.90000,10.55497,63.36883
664.95000,10.55529,63.36662
665.00000,10.55623,63.36440
665.05000,10.96883,63.36387
665.10000,9.00000,63.35198
665.15000,10.94996,63.35136
665.20000,10.77152,63.35007
665.25000,10.40802,63.34727
665.30000,10.56588,63.34510
665.35000,9.96633,63.34054
665.40000,10.55942,63.33834
665.45000,10.66111,63.33663
665.50000,10.96306,63.33608
665.55000,10.49831,63.33364
665.60000,10.49709,63.33120
665.65000,10.50379,63.32878
665.70000,10.51008,63.32639
665.75000,10.51929,63.32404
665.80000,9.28751,63.31678
665.85000,10.17891,63.31307
665.90000,10.64251,63.31121
665.95000,10.63122,63.30930
666.00000,10.58234,63.30720
666.05000,10.77077,63.30590
666.10000,10.33645,63.30283
666.15000,10.87499,63.30193
666.20000,10.96065,63.30137
666.25000,10.59452,63.29932
666.30000,9.00000,63.28968
666.35000,10.96050,63.28913
666.40000,9.00000,63.27967
666.45000,10.51022,63.27728
666.50000,10.50755,63.27489
666.55000,10.43799,63.27222
666.60000,10.47750,63.26970
666.65000,10.47198,63.26717
666.70000,10.48019,63.26466
666.75000,10.47477,63.26214
666.80000,10.48021,63.25964
666.85000,10.42087,63.25690
666.90000,10.47058,63.25436
666.95000,10.46008,63.25178
667.00000,10.45003,63.24916
667.05000,10.45252,63.24655
667.10000,10.45346,63.24394
667.15000,10.45430,63.24134
667.20000,10.45678,63.23874
667.25000,10.45797,63.23615
667.30000,10.46004,63.23357
667.35000,10.46195,63.23100
667.40000,10.46334,63.22844
667.45000,10.46563,63.22588
667.50000,10.46718,63.22333
667.55000,10.46821,63.22078
667.60000,10.47225,63.21825
667.65000,10.47278,63.21572
667.70000,10.47521,63.21321
667.75000,10.97336,63.21271
667.80000,10.37120,63.20978
667.85000,10.38567,63.20691
667.90000,10.41026,63.20413
667.95000,10.42904,63.20143
668.00000,10.44300,63.19878
668.05000,10.45288,63.19618
668.10000,10.45590,63.19358
668.15000,10.45845,63.19100
668.20000,10.46159,63.18843
668.25000,10.46516,63.18587
668.30000,10.46911,63.18334
668.35000,10.47359,63.18082
668.40000,10.47888,63.17831
