time,x,y,yaw
0.00000,-8.00000,-5.99999,-0.00003
0.05000,-8.00000,-5.99999,-0.00003
0.10000,-8.00016,-5.99999,0.00535
0.15000,-7.99901,-5.99994,0.02329
0.20000,-7.99424,-5.99973,0.05276
0.25000,-7.98736,-5.99924,0.09176
0.30000,-7.97928,-5.99833,0.13515
0.35000,-7.97099,-5.99701,0.18372
0.40000,-7.96307,-5.99532,0.23802
0.45000,-7.95491,-5.99309,0.29437
0.50000,-7.94678,-5.99037,0.35146
0.55000,-7.93882,-5.98719,0.40857
0.60000,-7.93106,-5.98356,0.46582
0.65000,-7.92352,-5.97950,0.52318
0.70000,-7.91623,-5.97501,0.58057
0.75000,-7.90921,-5.97011,0.63817
0.80000,-7.90249,-5.96481,0.69576
0.85000,-7.89608,-5.95914,0.75346
0.90000,-7.89002,-5.95311,0.81131
0.95000,-7.88431,-5.94674,0.86912
1.00000,-7.87898,-5.94005,0.92692
1.05000,-7.87405,-5.93306,0.98467
1.10000,-7.86952,-5.92579,1.04201
1.15000,-7.86522,-5.91839,1.08589
1.20000,-7.86058,-5.90955,1.11132
1.25000,-7.85623,-5.90048,1.13505
1.30000,-7.85211,-5.89138,1.15736
1.35000,-7.84829,-5.88251,1.18005
1.40000,-7.84458,-5.87324,1.20180
1.45000,-7.84109,-5.86393,1.22280
1.50000,-7.83774,-5.85435,1.24359
1.55000,-7.83462,-5.84481,1.26417
1.60000,-7.83181,-5.83565,1.28453
1.65000,-7.82922,-5.82651,1.30461
1.70000,-7.82681,-5.81731,1.32417
1.75000,-7.82457,-5.80805,1.34321
1.80000,-7.82251,-5.79874,1.36174
1.85000,-7.82061,-5.78938,1.37975
1.90000,-7.81888,-5.77998,1.39725
1.95000,-7.81730,-5.77054,1.41425
2.00000,-7.81589,-5.76105,1.43074
2.05000,-7.81462,-5.75154,1.44674
2.10000,-7.81351,-5.74199,1.46224
2.15000,-7.81254,-5.73241,1.47725
2.20000,-7.81171,-5.72281,1.49178
2.25000,-7.81101,-5.71319,1.50583
2.30000,-7.81045,-5.70354,1.51940
2.35000,-7.81002,-5.69388,1.53250
2.40000,-7.80971,-5.68420,1.54513
2.45000,-7.80952,-5.67449,1.55723
2.50000,-7.80944,-5.66444,1.56883
2.55000,-7.80948,-5.65427,1.58051
2.60000,-7.80963,-5.64413,1.59184
2.65000,-7.80989,-5.63404,1.60288
2.70000,-7.81027,-5.62390,1.61322
2.75000,-7.81074,-5.61379,1.62315
2.80000,-7.81132,-5.60363,1.63241
2.85000,-7.81198,-5.59355,1.64123
2.90000,-7.81273,-5.58341,1.64931
2.95000,-7.81357,-5.57335,1.65755
3.00000,-7.81449,-5.56320,1.66516
3.05000,-7.81548,-5.55309,1.67255
3.10000,-7.81651,-5.54295,1.67970
3.15000,-7.81670,-5.53677,1.68748
3.20000,-7.81682,-5.53554,1.69348
3.25000,-7.81692,-5.53474,1.69882
3.30000,-7.81703,-5.53391,1.70404
3.35000,-7.81715,-5.53309,1.70893
3.40000,-7.81726,-5.53230,1.71350
3.45000,-7.81737,-5.53152,1.71758
3.50000,-7.81748,-5.53075,1.72134
3.55000,-7.81760,-5.52998,1.72475
3.60000,-7.81772,-5.52920,1.72826
3.65000,-7.81784,-5.52842,1.73177
3.70000,-7.81796,-5.52765,1.73526
3.75000,-7.81807,-5.52687,1.73875
3.80000,-7.81818,-5.52610,1.74223
3.85000,-7.81829,-5.52534,1.74570
3.90000,-7.81840,-5.52457,1.74916
3.95000,-7.81850,-5.52380,1.75261
4.00000,-7.81861,-5.52304,1.75602
4.05000,-7.81871,-5.52228,1.75941
4.10000,-7.81880,-5.52153,1.76279
4.15000,-7.81890,-5.52077,1.76617
4.20000,-7.81899,-5.52002,1.76952
4.25000,-7.81908,-5.51927,1.77276
4.30000,-7.81916,-5.51853,1.77588
4.35000,-7.81924,-5.51779,1.77898
4.40000,-7.81932,-5.51706,1.78194
4.45000,-7.81940,-5.51632,1.78486
4.50000,-7.81947,-5.51559,1.78772
4.55000,-7.81953,-5.51487,1.79045
4.60000,-7.81965,-5.51426,1.78805
4.65000,-7.81978,-5.51368,1.78425
4.70000,-7.81991,-5.51307,1.78042
4.75000,-7.82004,-5.51248,1.77627
4.80000,-7.82015,-5.51190,1.77199
4.85000,-7.82026,-5.51132,1.76758
4.90000,-7.82037,-5.51075,1.76297
4.95000,-7.82048,-5.51018,1.75819
5.00000,-7.82058,-5.50962,1.75329
5.05000,-7.82068,-5.50906,1.74826
5.10000,-7.82078,-5.50851,1.74310
5.15000,-7.82088,-5.50795,1.73784
5.20000,-7.82097,-5.50740,1.73247
5.25000,-7.82106,-5.50685,1.72699
5.30000,-7.82114,-5.50630,1.72142
5.35000,-7.82122,-5.50576,1.71575
5.40000,-7.82130,-5.50521,1.71000
5.45000,-7.82138,-5.50467,1.70416
5.50000,-7.82145,-5.50413,1.69825
5.55000,-7.82151,-5.50359,1.69227
5.60000,-7.82158,-5.50305,1.68622
5.65000,-7.82164,-5.50251,1.68011
5.70000,-7.82170,-5.50198,1.67394
5.75000,-7.82175,-5.50144,1.66771
5.80000,-7.82180,-5.50091,1.66144
5.85000,-7.82185,-5.50037,1.65513
5.90000,-7.82222,-5.49846,1.64923
5.95000,-7.82295,-5.49221,1.64337
6.00000,-7.82363,-5.48250,1.63697
6.05000,-7.82425,-5.47268,1.63048
6.10000,-7.82481,-5.46286,1.62397
6.15000,-7.82530,-5.45304,1.61746
6.20000,-7.82573,-5.44319,1.61088
6.25000,-7.82609,-5.43335,1.60428
6.30000,-7.82639,-5.42350,1.59767
6.35000,-7.82663,-5.41364,1.59105
6.40000,-7.82679,-5.40379,1.58443
6.45000,-7.82690,-5.39393,1.57780
6.50000,-7.82693,-5.38410,1.57118
6.55000,-7.82689,-5.37426,1.56458
6.60000,-7.82679,-5.36443,1.55807
6.65000,-7.82662,-5.35459,1.55148
6.70000,-7.82640,-5.34471,1.54516
6.75000,-7.82611,-5.33480,1.53894
6.80000,-7.82577,-5.32488,1.53278
6.85000,-7.82536,-5.31492,1.52674
6.90000,-7.82489,-5.30504,1.52051
6.95000,-7.82435,-5.29521,1.51401
7.00000,-7.82374,-5.28539,1.50753
7.05000,-7.82308,-5.27557,1.50109
7.10000,-7.82235,-5.26576,1.49467
7.15000,-7.82155,-5.25595,1.48830
7.20000,-7.82070,-5.24614,1.48195
7.25000,-7.81978,-5.23634,1.47566
7.30000,-7.81880,-5.22655,1.46940
7.35000,-7.81776,-5.21675,1.46319
7.40000,-7.81665,-5.20692,1.45701
7.45000,-7.81549,-5.19705,1.45097
7.50000,-7.81426,-5.18719,1.44501
7.55000,-7.81297,-5.17725,1.43940
7.60000,-7.81163,-5.16736,1.43357
7.65000,-7.81023,-5.15746,1.42781
7.70000,-7.80877,-5.14759,1.42209
7.75000,-7.80726,-5.13772,1.41639
7.80000,-7.80569,-5.12776,1.41064
7.85000,-7.80406,-5.11796,1.40492
7.90000,-7.80238,-5.10811,1.39937
7.95000,-7.80065,-5.09834,1.39372
8.00000,-7.79887,-5.08858,1.38817
8.05000,-7.79703,-5.07885,1.38272
8.10000,-7.79514,-5.06910,1.37728
8.15000,-7.79319,-5.05929,1.37208
8.20000,-7.79120,-5.04959,1.36686
8.25000,-7.78918,-5.03993,1.36173
8.30000,-7.78710,-5.03028,1.35668
8.35000,-7.78498,-5.02064,1.35163
8.40000,-7.78281,-5.01100,1.34667
8.45000,-7.78059,-5.00138,1.34184
8.50000,-7.77831,-4.99176,1.33702
8.55000,-7.77600,-4.98216,1.33231
8.60000,-7.77364,-4.97256,1.32773
8.65000,-7.77124,-4.96298,1.32321
8.70000,-7.76879,-4.95340,1.31879
8.75000,-7.76630,-4.94384,1.31448
8.80000,-7.76377,-4.93428,1.31019
8.85000,-7.76120,-4.92474,1.30600
8.90000,-7.75859,-4.91518,1.30173
8.95000,-7.75594,-4.90565,1.29757
9.00000,-7.75325,-4.89613,1.29353
9.05000,-7.75052,-4.88661,1.28954
9.10000,-7.74775,-4.87709,1.28558
9.15000,-7.74494,-4.86758,1.28169
9.20000,-7.74210,-4.85808,1.27789
9.25000,-7.73921,-4.84859,1.27416
9.30000,-7.73630,-4.83912,1.27051
9.35000,-7.73335,-4.82964,1.26693
9.40000,-7.73036,-4.82018,1.26345
9.45000,-7.72734,-4.81073,1.26004
9.50000,-7.72429,-4.80128,1.25671
9.55000,-7.72121,-4.79185,1.25349
9.60000,-7.71809,-4.78242,1.25027
9.65000,-7.71495,-4.77300,1.24715
9.70000,-7.71177,-4.76358,1.24422
9.75000,-7.70857,-4.75417,1.24131
9.80000,-7.70534,-4.74477,1.23841
9.85000,-7.70208,-4.73537,1.23563
9.90000,-7.69879,-4.72598,1.23270
9.95000,-7.69548,-4.71660,1.23001
10.00000,-7.69213,-4.70721,1.22734
10.05000,-7.68875,-4.69782,1.22469
10.10000,-7.68536,-4.68845,1.22211
10.15000,-7.68193,-4.67906,1.21953
10.20000,-7.67848,-4.66968,1.21710
10.25000,-7.67500,-4.66032,1.21475
10.30000,-7.67151,-4.65096,1.21255
10.35000,-7.66800,-4.64163,1.21042
10.40000,-7.66447,-4.63231,1.20835
10.45000,-7.66092,-4.62300,1.20636
10.50000,-7.65735,-4.61369,1.20443
10.55000,-7.65377,-4.60439,1.20256
10.60000,-7.65016,-4.59507,1.20074
10.65000,-7.64653,-4.58575,1.19900
10.70000,-7.64290,-4.57645,1.19731
10.75000,-7.63925,-4.56715,1.19568
10.80000,-7.63558,-4.55786,1.19410
10.85000,-7.63190,-4.54857,1.19257
10.90000,-7.62820,-4.53929,1.19112
10.95000,-7.62449,-4.53001,1.18977
11.00000,-7.62078,-4.52074,1.18844
11.05000,-7.61704,-4.51146,1.18714
11.10000,-7.61330,-4.50220,1.18591
11.15000,-7.60954,-4.49293,1.18482
11.20000,-7.60577,-4.48367,1.18371
11.25000,-7.60200,-4.47441,1.18270
11.30000,-7.59821,-4.46517,1.18168
11.35000,-7.59442,-4.45594,1.18070
11.40000,-7.59062,-4.44671,1.17974
11.45000,-7.58680,-4.43749,1.17879
11.50000,-7.58297,-4.42828,1.17788
11.55000,-7.57913,-4.41906,1.17702
11.60000,-7.57528,-4.40985,1.17619
11.65000,-7.57144,-4.40063,1.17548
11.70000,-7.56758,-4.39140,1.17482
11.75000,-7.56372,-4.38217,1.17422
11.80000,-7.55986,-4.37297,1.17366
11.85000,-7.55600,-4.36376,1.17308
11.90000,-7.55213,-4.35456,1.17250
11.95000,-7.54826,-4.34536,1.17196
12.00000,-7.54438,-4.33616,1.17155
12.05000,-7.54049,-4.32695,1.17114
12.10000,-7.53658,-4.31775,1.17068
12.15000,-7.53268,-4.30856,1.17029
12.20000,-7.52878,-4.29936,1.16993
12.25000,-7.52488,-4.29016,1.16968
12.30000,-7.52097,-4.28097,1.16936
12.35000,-7.51705,-4.27178,1.16906
12.40000,-7.51313,-4.26258,1.16883
12.45000,-7.50922,-4.25339,1.16864
12.50000,-7.50529,-4.24420,1.16842
12.55000,-7.50136,-4.23501,1.16823
12.60000,-7.49744,-4.22581,1.16819
12.65000,-7.49351,-4.21659,1.16818
12.70000,-7.48958,-4.20737,1.16818
12.75000,-7.48566,-4.19815,1.16817
12.80000,-7.48173,-4.18893,1.16816
12.85000,-7.47780,-4.17971,1.16816
12.90000,-7.47388,-4.17050,1.16812
12.95000,-7.46996,-4.16130,1.16812
13.00000,-7.46604,-4.15210,1.16814
13.05000,-7.46212,-4.14290,1.16816
13.10000,-7.45820,-4.13370,1.16818
13.15000,-7.45428,-4.12449,1.16823
13.20000,-7.45035,-4.11527,1.16829
13.25000,-7.44643,-4.10607,1.16837
13.30000,-7.44252,-4.09687,1.16843
13.35000,-7.43860,-4.08767,1.16857
13.40000,-7.43469,-4.07847,1.16872
13.45000,-7.43077,-4.06927,1.16882
13.50000,-7.42686,-4.06007,1.16896
13.55000,-7.42295,-4.05086,1.16913
13.60000,-7.41904,-4.04166,1.16930
13.65000,-7.41513,-4.03245,1.16949
13.70000,-7.41123,-4.02324,1.16968
13.75000,-7.40732,-4.01403,1.16989
13.80000,-7.40342,-4.00482,1.17007
13.85000,-7.39952,-3.99560,1.17025
13.90000,-7.39562,-3.98639,1.17044
13.95000,-7.39172,-3.97717,1.17065
14.00000,-7.38781,-3.96794,1.17086
14.05000,-7.38391,-3.95871,1.17110
14.10000,-7.38002,-3.94948,1.17138
14.15000,-7.37613,-3.94027,1.17163
14.20000,-7.37225,-3.93106,1.17189
14.25000,-7.36837,-3.92185,1.17214
14.30000,-7.36449,-3.91264,1.17238
14.35000,-7.36060,-3.90340,1.17263
14.40000,-7.35673,-3.89417,1.17287
14.45000,-7.35285,-3.88495,1.17310
14.50000,-7.34898,-3.87573,1.17334
14.55000,-7.34511,-3.86651,1.17357
14.60000,-7.34124,-3.85729,1.17380
14.65000,-7.33738,-3.84807,1.17403
14.70000,-7.33351,-3.83884,1.17426
14.75000,-7.32965,-3.82962,1.17449
14.80000,-7.32579,-3.82039,1.17471
14.85000,-7.32194,-3.81117,1.17493
14.90000,-7.31808,-3.80194,1.17516
14.95000,-7.31422,-3.79270,1.17548
15.00000,-7.31037,-3.78346,1.17574
15.05000,-7.30652,-3.77422,1.17600
15.10000,-7.30268,-3.76500,1.17634
15.15000,-7.29884,-3.75576,1.17664
15.20000,-7.29499,-3.74651,1.17692
15.25000,-7.29115,-3.73727,1.17711
15.30000,-7.28731,-3.72803,1.17729
15.35000,-7.28347,-3.71879,1.17746
15.40000,-7.27964,-3.70955,1.17762
15.45000,-7.27581,-3.70031,1.17778
15.50000,-7.27198,-3.69107,1.17792
15.55000,-7.26815,-3.68183,1.17806
15.60000,-7.26432,-3.67259,1.17818
15.65000,-7.26049,-3.66334,1.17830
15.70000,-7.25667,-3.65410,1.17841
15.75000,-7.25284,-3.64486,1.17850
15.80000,-7.24902,-3.63562,1.17859
15.85000,-7.24520,-3.62637,1.17866
15.90000,-7.24138,-3.61713,1.17873
15.95000,-7.23755,-3.60789,1.17881
16.00000,-7.23373,-3.59864,1.17886
16.05000,-7.22991,-3.58940,1.17890
16.10000,-7.22609,-3.58015,1.17892
16.15000,-7.22227,-3.57091,1.17892
16.20000,-7.21845,-3.56167,1.17892
16.25000,-7.21463,-3.55243,1.17890
16.30000,-7.21081,-3.54319,1.17886
16.35000,-7.20699,-3.53394,1.17881
16.40000,-7.20317,-3.52470,1.17873
16.45000,-7.19935,-3.51546,1.17865
16.50000,-7.19552,-3.50621,1.17853
16.55000,-7.19170,-3.49697,1.17840
16.60000,-7.18788,-3.48773,1.17828
16.65000,-7.18405,-3.47849,1.17814
16.70000,-7.18022,-3.46926,1.17801
16.75000,-7.17640,-3.46002,1.17787
16.80000,-7.17257,-3.45078,1.17772
16.85000,-7.16874,-3.44154,1.17752
16.90000,-7.16490,-3.43230,1.17732
16.95000,-7.16107,-3.42307,1.17708
17.00000,-7.15723,-3.41383,1.17685
17.05000,-7.15339,-3.40460,1.17661
17.10000,-7.14955,-3.39537,1.17635
17.15000,-7.14571,-3.38614,1.17608
17.20000,-7.14187,-3.37691,1.17578
17.25000,-7.13802,-3.36767,1.17551
17.30000,-7.13416,-3.35844,1.17522
17.35000,-7.13031,-3.34921,1.17491
17.40000,-7.12645,-3.33998,1.17458
17.45000,-7.12259,-3.33074,1.17423
17.50000,-7.11872,-3.32150,1.17396
17.55000,-7.11484,-3.31225,1.17362
17.60000,-7.11097,-3.30303,1.17325
17.65000,-7.10710,-3.29382,1.17288
17.70000,-7.10323,-3.28461,1.17251
17.75000,-7.09935,-3.27540,1.17213
17.80000,-7.09547,-3.26619,1.17174
17.85000,-7.09158,-3.25697,1.17134
17.90000,-7.08769,-3.24776,1.17090
17.95000,-7.08380,-3.23855,1.17045
18.00000,-7.07990,-3.22934,1.16998
18.05000,-7.07599,-3.22013,1.16952
18.10000,-7.07208,-3.21093,1.16906
18.15000,-7.06817,-3.20172,1.16853
18.20000,-7.06426,-3.19254,1.16805
18.25000,-7.06034,-3.18335,1.16755
18.30000,-7.05642,-3.17416,1.16693
18.35000,-7.05249,-3.16499,1.16641
18.40000,-7.04856,-3.15581,1.16576
18.45000,-7.04463,-3.14664,1.16510
18.50000,-7.04069,-3.13748,1.16443
18.55000,-7.03674,-3.12831,1.16375
18.60000,-7.03279,-3.11915,1.16305
18.65000,-7.02883,-3.10999,1.16233
18.70000,-7.02486,-3.10084,1.16160
18.75000,-7.02089,-3.09168,1.16086
18.80000,-7.01691,-3.08254,1.16011
18.85000,-7.01292,-3.07339,1.15934
18.90000,-7.00893,-3.06425,1.15856
18.95000,-7.00493,-3.05511,1.15776
19.00000,-7.00092,-3.04598,1.15695
19.05000,-6.99690,-3.03685,1.15611
19.10000,-6.99288,-3.02771,1.15526
19.15000,-6.98884,-3.01858,1.15439
19.20000,-6.98480,-3.00944,1.15342
19.25000,-6.98074,-3.00030,1.15244
19.30000,-6.97667,-2.99116,1.15145
19.35000,-6.97259,-2.98203,1.15044
19.40000,-6.96851,-2.97290,1.14943
19.45000,-6.96441,-2.96378,1.14841
19.50000,-6.96031,-2.95466,1.14737
19.55000,-6.95620,-2.94555,1.14632
19.60000,-6.95207,-2.93644,1.14528
19.65000,-6.94794,-2.92734,1.14432
19.70000,-6.94380,-2.91825,1.14332
19.75000,-6.93965,-2.90914,1.14233
19.80000,-6.93548,-2.90003,1.14133
19.85000,-6.93132,-2.89096,1.14034
19.90000,-6.92714,-2.88188,1.13934
19.95000,-6.92296,-2.87281,1.13834
20.00000,-6.91877,-2.86374,1.13733
20.05000,-6.91457,-2.85467,1.13631
20.10000,-6.91036,-2.84561,1.13528
20.15000,-6.90613,-2.83655,1.13422
20.20000,-6.90191,-2.82749,1.13318
20.25000,-6.89767,-2.81844,1.13213
20.30000,-6.89342,-2.80940,1.13107
20.35000,-6.88917,-2.80036,1.13000
20.40000,-6.88490,-2.79133,1.12893
20.45000,-6.88063,-2.78229,1.12782
20.50000,-6.87634,-2.77326,1.12672
20.55000,-6.87204,-2.76424,1.12559
20.60000,-6.86773,-2.75523,1.12448
20.65000,-6.86341,-2.74624,1.12330
20.70000,-6.85908,-2.73726,1.12210
20.75000,-6.85474,-2.72829,1.12089
20.80000,-6.85038,-2.71932,1.11967
20.85000,-6.84602,-2.71035,1.11844
20.90000,-6.84164,-2.70139,1.11719
20.95000,-6.83725,-2.69244,1.11594
21.00000,-6.83285,-2.68349,1.11468
21.05000,-6.82844,-2.67455,1.11341
21.10000,-6.82402,-2.66562,1.11213
21.15000,-6.81959,-2.65669,1.11084
21.20000,-6.81515,-2.64775,1.10967
21.25000,-6.81071,-2.63883,1.10841
21.30000,-6.80626,-2.62991,1.10710
21.35000,-6.80180,-2.62101,1.10578
21.40000,-6.79733,-2.61210,1.10444
21.45000,-6.79284,-2.60321,1.10320
21.50000,-6.78834,-2.59432,1.10187
21.55000,-6.78383,-2.58543,1.10049
21.60000,-6.77930,-2.57654,1.09910
21.65000,-6.77476,-2.56766,1.09769
21.70000,-6.77022,-2.55878,1.09628
21.75000,-6.76565,-2.54992,1.09487
21.80000,-6.76108,-2.54107,1.09346
21.85000,-6.75650,-2.53222,1.09206
21.90000,-6.75191,-2.52339,1.09072
21.95000,-6.74730,-2.51456,1.08926
22.00000,-6.74268,-2.50573,1.08785
22.05000,-6.73806,-2.49693,1.08623
22.10000,-6.73343,-2.48813,1.08460
22.15000,-6.72877,-2.47934,1.08297
22.20000,-6.72411,-2.47056,1.08134
22.25000,-6.71943,-2.46179,1.07970
22.30000,-6.71474,-2.45302,1.07805
22.35000,-6.71003,-2.44427,1.07641
22.40000,-6.70529,-2.43549,1.07483
22.45000,-6.70053,-2.42672,1.07331
22.50000,-6.69576,-2.41796,1.07183
22.55000,-6.69098,-2.40919,1.07023
22.60000,-6.68618,-2.40044,1.06870
22.65000,-6.68137,-2.39169,1.06719
22.70000,-6.67655,-2.38295,1.06562
22.75000,-6.67171,-2.37422,1.06405
22.80000,-6.66686,-2.36550,1.06243
22.85000,-6.66199,-2.35678,1.06085
22.90000,-6.65708,-2.34803,1.05939
22.95000,-6.65218,-2.33931,1.05778
23.00000,-6.64726,-2.33060,1.05623
23.05000,-6.64232,-2.32189,1.05474
23.10000,-6.63737,-2.31318,1.05323
23.15000,-6.63241,-2.30448,1.05171
23.20000,-6.62744,-2.29580,1.05014
23.25000,-6.62246,-2.28714,1.04857
23.30000,-6.61747,-2.27847,1.04698
23.35000,-6.61246,-2.26982,1.04538
23.40000,-6.60744,-2.26118,1.04382
23.45000,-6.60241,-2.25255,1.04228
23.50000,-6.59736,-2.24392,1.04071
23.55000,-6.59231,-2.23530,1.03914
23.60000,-6.58724,-2.22670,1.03759
23.65000,-6.58215,-2.21813,1.03594
23.70000,-6.57706,-2.20957,1.03427
23.75000,-6.57195,-2.20103,1.03260
23.80000,-6.56682,-2.19248,1.03093
23.85000,-6.56168,-2.18395,1.02924
23.90000,-6.55653,-2.17543,1.02755
23.95000,-6.55136,-2.16692,1.02585
24.00000,-6.54618,-2.15841,1.02415
24.05000,-6.54098,-2.14992,1.02244
24.10000,-6.53577,-2.14143,1.02073
24.15000,-6.53054,-2.13295,1.01901
24.20000,-6.52530,-2.12448,1.01728
24.25000,-6.52004,-2.11603,1.01555
24.30000,-6.51478,-2.10757,1.01380
24.35000,-6.50949,-2.09914,1.01205
24.40000,-6.50419,-2.09071,1.01029
24.45000,-6.49888,-2.08227,1.00866
24.50000,-6.49356,-2.07384,1.00693
24.55000,-6.48823,-2.06543,1.00520
24.60000,-6.48289,-2.05703,1.00341
24.65000,-6.47753,-2.04864,1.00162
24.70000,-6.47216,-2.04025,0.99982
24.75000,-6.46677,-2.03188,0.99801
24.80000,-6.46137,-2.02352,0.99620
24.85000,-6.45595,-2.01517,0.99438
24.90000,-6.45052,-2.00683,0.99255
24.95000,-6.44507,-1.99850,0.99070
25.00000,-6.43961,-1.99018,0.98886
25.05000,-6.43413,-1.98187,0.98700
25.10000,-6.42863,-1.97357,0.98514
25.15000,-6.42312,-1.96528,0.98326
25.20000,-6.41759,-1.95699,0.98143
25.25000,-6.41205,-1.94871,0.97967
25.30000,-6.40648,-1.94043,0.97787
25.35000,-6.40090,-1.93216,0.97615
25.40000,-6.39530,-1.92390,0.97450
25.45000,-6.38969,-1.91565,0.97264
25.50000,-6.38405,-1.90739,0.97064
25.55000,-6.37840,-1.89914,0.96862
25.60000,-6.37272,-1.89091,0.96657
25.65000,-6.36703,-1.88269,0.96445
25.70000,-6.36133,-1.87447,0.96227
25.75000,-6.35560,-1.86628,0.96004
25.80000,-6.34986,-1.85809,0.95784
25.85000,-6.34409,-1.84992,0.95565
25.90000,-6.33831,-1.84176,0.95345
25.95000,-6.33252,-1.83361,0.95123
26.00000,-6.32670,-1.82547,0.94905
26.05000,-6.32087,-1.81735,0.94699
26.10000,-6.31502,-1.80924,0.94507
26.15000,-6.30916,-1.80114,0.94337
26.20000,-6.30328,-1.79305,0.94181
26.25000,-6.29739,-1.78497,0.94042
26.30000,-6.29149,-1.77690,0.93915
26.35000,-6.28558,-1.76883,0.93797
26.40000,-6.27966,-1.76076,0.93687
26.45000,-6.27374,-1.75271,0.93586
26.50000,-6.26780,-1.74466,0.93493
26.55000,-6.26186,-1.73662,0.93401
26.60000,-6.25591,-1.72858,0.93331
26.65000,-6.24996,-1.72055,0.93265
26.70000,-6.24400,-1.71254,0.93194
26.75000,-6.23803,-1.70453,0.93127
26.80000,-6.23206,-1.69653,0.93064
26.85000,-6.22608,-1.68853,0.93005
26.90000,-6.22010,-1.68053,0.92948
26.95000,-6.21411,-1.67254,0.92895
27.00000,-6.20812,-1.66454,0.92844
27.05000,-6.20213,-1.65656,0.92795
27.10000,-6.19613,-1.64857,0.92748
27.15000,-6.19012,-1.64059,0.92703
27.20000,-6.18412,-1.63260,0.92660
27.25000,-6.17810,-1.62462,0.92617
27.30000,-6.17209,-1.61665,0.92574
27.35000,-6.16607,-1.60867,0.92532
27.40000,-6.16005,-1.60070,0.92490
27.45000,-6.15402,-1.59273,0.92448
27.50000,-6.14799,-1.58477,0.92405
27.55000,-6.14196,-1.57681,0.92362
27.60000,-6.13593,-1.56884,0.92321
27.65000,-6.12989,-1.56086,0.92277
27.70000,-6.12385,-1.55289,0.92233
27.75000,-6.11781,-1.54492,0.92189
27.80000,-6.11177,-1.53697,0.92144
27.85000,-6.10573,-1.52901,0.92104
27.90000,-6.09968,-1.52105,0.92066
27.95000,-6.09363,-1.51309,0.92028
28.00000,-6.08759,-1.50516,0.91967
28.05000,-6.08152,-1.49720,0.91911
28.10000,-6.07545,-1.48923,0.91850
28.15000,-6.06938,-1.48129,0.91789
28.20000,-6.06330,-1.47335,0.91719
28.25000,-6.05721,-1.46541,0.91646
28.30000,-6.05113,-1.45748,0.91568
28.35000,-6.04503,-1.44956,0.91474
28.40000,-6.03893,-1.44164,0.91372
28.45000,-6.03282,-1.43372,0.91266
28.50000,-6.02670,-1.42581,0.91155
28.55000,-6.02057,-1.41791,0.91040
28.60000,-6.01443,-1.41002,0.90920
28.65000,-6.00828,-1.40213,0.90796
28.70000,-6.00212,-1.39425,0.90667
28.75000,-5.99595,-1.38638,0.90534
28.80000,-5.98977,-1.37852,0.90395
28.85000,-5.98358,-1.37067,0.90251
28.90000,-5.97738,-1.36282,0.90103
28.95000,-5.97117,-1.35499,0.89949
29.00000,-5.96494,-1.34716,0.89790
29.05000,-5.95870,-1.33935,0.89625
29.10000,-5.95245,-1.33154,0.89456
29.15000,-5.94618,-1.32375,0.89281
29.20000,-5.93990,-1.31596,0.89100
29.25000,-5.93361,-1.30819,0.88913
29.30000,-5.92730,-1.30043,0.88721
29.35000,-5.92098,-1.29269,0.88530
29.40000,-5.91465,-1.28496,0.88348
29.45000,-5.90831,-1.27725,0.88163
29.50000,-5.90195,-1.26955,0.87971
29.55000,-5.89556,-1.26184,0.87774
29.60000,-5.88917,-1.25416,0.87571
29.65000,-5.88276,-1.24649,0.87363
29.70000,-5.87634,-1.23884,0.87162
29.75000,-5.86992,-1.23122,0.86961
29.80000,-5.86348,-1.22360,0.86755
29.85000,-5.85702,-1.21600,0.86545
29.90000,-5.85054,-1.20840,0.86333
29.95000,-5.84404,-1.20083,0.86109
30.00000,-5.83752,-1.19326,0.85873
30.05000,-5.83099,-1.18570,0.85638
30.10000,-5.82443,-1.17817,0.85392
30.15000,-5.81787,-1.17065,0.85147
30.20000,-5.81128,-1.16316,0.84890
30.25000,-5.80468,-1.15568,0.84635
30.30000,-5.79808,-1.14824,0.84377
30.35000,-5.79145,-1.14081,0.84112
30.40000,-5.78480,-1.13340,0.83841
30.45000,-5.77813,-1.12601,0.83564
30.50000,-5.77144,-1.11864,0.83278
30.55000,-5.76473,-1.11129,0.82987
30.60000,-5.75800,-1.10396,0.82688
30.65000,-5.75126,-1.09666,0.82381
30.70000,-5.74449,-1.08938,0.82067
30.75000,-5.73771,-1.08214,0.81718
30.80000,-5.73090,-1.07494,0.81361
30.85000,-5.72407,-1.06776,0.80998
30.90000,-5.71720,-1.06061,0.80629
30.95000,-5.71032,-1.05348,0.80254
31.00000,-5.70341,-1.04638,0.79873
31.05000,-5.69648,-1.03931,0.79485
31.10000,-5.68952,-1.03227,0.79091
31.15000,-5.68253,-1.02524,0.78696
31.20000,-5.67551,-1.01823,0.78286
31.25000,-5.66846,-1.01125,0.77873
31.30000,-5.66140,-1.00431,0.77454
31.35000,-5.65430,-0.99739,0.77022
31.40000,-5.64718,-0.99051,0.76591
31.45000,-5.64002,-0.98365,0.76153
31.50000,-5.63284,-0.97684,0.75710
31.55000,-5.62561,-0.97003,0.75253
31.60000,-5.61836,-0.96328,0.74810
31.65000,-5.61109,-0.95655,0.74362
31.70000,-5.60378,-0.94985,0.73909
31.75000,-5.59643,-0.94318,0.73422
31.80000,-5.58904,-0.93653,0.72918
31.85000,-5.58163,-0.92994,0.72425
31.90000,-5.57419,-0.92339,0.71918
31.95000,-5.56672,-0.91687,0.71413
32.00000,-5.55921,-0.91039,0.70900
32.05000,-5.55167,-0.90395,0.70383
32.10000,-5.54410,-0.89755,0.69853
32.15000,-5.53649,-0.89119,0.69327
32.20000,-5.52886,-0.88488,0.68820
32.25000,-5.52121,-0.87862,0.68306
32.30000,-5.51353,-0.87240,0.67770
32.35000,-5.50582,-0.86622,0.67231
32.40000,-5.49808,-0.86009,0.66686
32.45000,-5.49030,-0.85400,0.66130
32.50000,-5.48250,-0.84796,0.65581
32.55000,-5.47464,-0.84195,0.65018
32.60000,-5.46674,-0.83598,0.64456
32.65000,-5.45884,-0.83007,0.63897
32.70000,-5.45091,-0.82422,0.63329
32.75000,-5.44295,-0.81841,0.62756
32.80000,-5.43495,-0.81264,0.62178
32.85000,-5.42692,-0.80692,0.61598
32.90000,-5.41881,-0.80122,0.61031
32.95000,-5.41067,-0.79557,0.60458
33.00000,-5.40249,-0.78996,0.59878
33.05000,-5.39429,-0.78440,0.59297
33.10000,-5.38603,-0.77887,0.58736
33.15000,-5.37775,-0.77339,0.58170
33.20000,-5.36941,-0.76794,0.57603
33.25000,-5.36107,-0.76256,0.57029
33.30000,-5.35269,-0.75722,0.56443
33.35000,-5.34424,-0.75191,0.55861
33.40000,-5.33579,-0.74666,0.55273
33.45000,-5.32739,-0.74153,0.54630
33.50000,-5.31895,-0.73646,0.53985
33.55000,-5.31129,-0.73189,0.54722
33.60000,-5.30609,-0.72860,0.58112
33.65000,-5.30041,-0.72470,0.62388
33.70000,-5.29405,-0.71989,0.67076
33.75000,-5.28735,-0.71429,0.72057
33.80000,-5.28054,-0.70799,0.77243
33.85000,-5.27375,-0.70101,0.82539
33.90000,-5.26719,-0.69351,0.87931
33.95000,-5.26099,-0.68563,0.93248
34.00000,-5.25519,-0.67742,0.98553
34.05000,-5.24985,-0.66892,1.03805
34.10000,-5.24500,-0.66019,1.09007
34.15000,-5.24061,-0.65121,1.14158
34.20000,-5.23668,-0.64201,1.19318
34.25000,-5.23323,-0.63263,1.24310
34.30000,-5.23033,-0.62342,1.27760
34.35000,-5.22834,-0.61627,1.29477
34.40000,-5.22732,-0.61228,1.29838
34.45000,-5.22719,-0.61139,1.28832
34.50000,-5.22725,-0.61158,1.27319
34.55000,-5.22731,-0.61178,1.25796
34.60000,-5.22737,-0.61200,1.24266
34.65000,-5.22744,-0.61221,1.22725
34.70000,-5.22752,-0.61242,1.21178
34.75000,-5.22759,-0.61264,1.19623
34.80000,-5.22755,-0.61268,1.18908
34.85000,-5.22728,-0.61207,1.18621
34.90000,-5.22713,-0.61184,1.18150
34.95000,-5.22685,-0.61143,1.18475
35.00000,-5.22694,-0.61150,1.17276
35.05000,-5.22702,-0.61169,1.15817
35.10000,-5.22692,-0.61167,1.15398
35.15000,-5.22613,-0.61029,1.16731
35.20000,-5.22417,-0.60564,1.19584
35.25000,-5.22239,-0.60049,1.21403
35.30000,-5.22131,-0.59717,1.21485
35.35000,-5.22126,-0.59686,1.20257
35.40000,-5.22133,-0.59705,1.18747
35.45000,-5.22127,-0.59706,1.18147
35.50000,-5.22106,-0.59685,1.18264
35.55000,-5.22095,-0.59680,1.17995
35.60000,-5.22002,-0.59503,1.19587
35.65000,-5.21813,-0.59002,1.22549
35.70000,-5.21643,-0.58469,1.24510
35.75000,-5.21553,-0.58141,1.24554
35.80000,-5.21544,-0.58104,1.23305
35.85000,-5.21551,-0.58126,1.21777
35.90000,-5.21560,-0.58149,1.20232
35.95000,-5.21568,-0.58172,1.18679
36.00000,-5.21556,-0.58160,1.18538
36.05000,-5.21448,-0.57912,1.20381
36.10000,-5.21257,-0.57406,1.23325
36.15000,-5.21095,-0.56869,1.25123
36.20000,-5.21008,-0.56546,1.25005
36.25000,-5.20961,-0.56352,1.24863
36.30000,-5.20913,-0.56189,1.24713
36.35000,-5.20916,-0.56194,1.23158
36.40000,-5.20925,-0.56219,1.21546
36.45000,-5.20934,-0.56244,1.19927
36.50000,-5.20920,-0.56248,1.19209
36.55000,-5.20904,-0.56216,1.18999
36.60000,-5.20895,-0.56201,1.17967
36.65000,-5.20851,-0.56155,1.18333
36.70000,-5.20718,-0.55884,1.20361
36.75000,-5.20562,-0.55399,1.22125
36.80000,-5.20459,-0.55089,1.23395
36.85000,-5.20310,-0.54691,1.26022
36.90000,-5.20172,-0.54175,1.27859
36.95000,-5.20097,-0.53840,1.27844
37.00000,-5.20098,-0.53821,1.26433
37.05000,-5.20106,-0.53847,1.24770
37.10000,-5.20115,-0.53873,1.23077
37.15000,-5.20124,-0.53899,1.21374
37.20000,-5.20122,-0.53891,1.21397
37.25000,-5.20127,-0.53851,1.21904
37.30000,-5.20148,-0.53866,1.20526
37.35000,-5.20158,-0.53893,1.18853
37.40000,-5.20151,-0.53900,1.18165
37.45000,-5.20080,-0.53792,1.19247
37.50000,-5.19901,-0.53353,1.21897
37.55000,-5.19672,-0.52698,1.25423
37.60000,-5.19462,-0.52001,1.27795
37.65000,-5.19326,-0.51498,1.28328
37.70000,-5.19253,-0.51219,1.27841
37.75000,-5.19238,-0.51149,1.26428
37.80000,-5.19247,-0.51180,1.24553
37.85000,-5.19257,-0.51211,1.22656
37.90000,-5.19248,-0.51211,1.22049
37.95000,-5.19174,-0.51065,1.23222
38.00000,-5.19018,-0.50630,1.25678
38.05000,-5.18812,-0.49965,1.29062
38.10000,-5.18640,-0.49278,1.31332
38.15000,-5.18544,-0.48776,1.31685
38.20000,-5.18522,-0.48625,1.30460
38.25000,-5.18531,-0.48660,1.28391
38.30000,-5.18539,-0.48694,1.26286
38.35000,-5.18549,-0.48729,1.24168
38.40000,-5.18559,-0.48762,1.22054
38.45000,-5.18571,-0.48796,1.19938
38.50000,-5.18563,-0.48802,1.18951
38.55000,-5.18483,-0.48667,1.19993
38.60000,-5.18368,-0.48353,1.20897
38.65000,-5.18319,-0.48183,1.19903
38.70000,-5.18330,-0.48215,1.17837
38.75000,-5.18316,-0.48227,1.17021
38.80000,-5.18241,-0.48108,1.18039
38.85000,-5.18113,-0.47788,1.19047
38.90000,-5.18027,-0.47512,1.18606
38.95000,-5.17982,-0.47339,1.18259
39.00000,-5.17876,-0.47078,1.19691
39.05000,-5.17661,-0.46504,1.22640
39.10000,-5.17485,-0.45908,1.24621
39.15000,-5.17372,-0.45449,1.24679
39.20000,-5.17306,-0.45225,1.23584
39.25000,-5.17312,-0.45227,1.21465
39.30000,-5.17324,-0.45259,1.19206
39.35000,-5.17341,-0.45299,1.16922
39.40000,-5.17359,-0.45339,1.14637
39.45000,-5.17377,-0.45379,1.12355
39.50000,-5.17372,-0.45392,1.11468
39.55000,-5.17272,-0.45225,1.12685
39.60000,-5.17069,-0.44797,1.15240
39.65000,-5.16828,-0.44229,1.18808
39.70000,-5.16585,-0.43595,1.21213
39.75000,-5.16393,-0.43041,1.21681
39.80000,-5.16285,-0.42726,1.20870
39.85000,-5.16286,-0.42719,1.18692
39.90000,-5.16299,-0.42757,1.16252
39.95000,-5.16311,-0.42792,1.13810
40.00000,-5.16298,-0.42813,1.12695
40.05000,-5.16198,-0.42635,1.13752
40.10000,-5.15979,-0.42149,1.16182
40.15000,-5.15758,-0.41616,1.17781
40.20000,-5.15582,-0.41161,1.17688
40.25000,-5.15541,-0.41050,1.15914
40.30000,-5.15549,-0.41074,1.13424
40.35000,-5.15555,-0.41089,1.10951
40.40000,-5.15543,-0.41086,1.09915
40.45000,-5.15429,-0.40879,1.11108
40.50000,-5.15228,-0.40465,1.13555
40.55000,-5.14978,-0.39903,1.16910
40.60000,-5.14707,-0.39251,1.19212
40.65000,-5.14511,-0.38730,1.19371
40.70000,-5.14430,-0.38518,1.18001
40.75000,-5.14433,-0.38534,1.15576
40.80000,-5.14432,-0.38538,1.13024
40.85000,-5.14440,-0.38562,1.10476
40.90000,-5.14417,-0.38548,1.08661
40.95000,-5.14380,-0.38514,1.08476
41.00000,-5.14288,-0.38343,1.09687
41.05000,-5.14142,-0.38053,1.11638
41.10000,-5.13932,-0.37610,1.14482
41.15000,-5.13652,-0.37022,1.16649
41.20000,-5.13465,-0.36576,1.16538
41.25000,-5.13394,-0.36405,1.15131
41.30000,-5.13386,-0.36391,1.12910
41.35000,-5.13389,-0.36400,1.10678
41.40000,-5.13404,-0.36431,1.08375
41.45000,-5.13400,-0.36415,1.07729
41.50000,-5.13321,-0.36271,1.08825
41.55000,-5.13188,-0.36014,1.10509
41.60000,-5.12972,-0.35587,1.11477
41.65000,-5.12869,-0.35365,1.10454
41.70000,-5.12860,-0.35354,1.08372
41.75000,-5.12844,-0.35326,1.06283
41.80000,-5.12819,-0.35272,1.04888
41.85000,-5.12786,-0.35213,1.05249
41.90000,-5.12710,-0.35079,1.06346
41.95000,-5.12580,-0.34842,1.08122
42.00000,-5.12376,-0.34447,1.10761
42.05000,-5.12089,-0.33874,1.12854
42.10000,-5.11890,-0.33442,1.12914
42.15000,-5.11800,-0.33247,1.11839
42.20000,-5.11792,-0.33234,1.09929
42.25000,-5.11789,-0.33239,1.07866
42.30000,-5.11787,-0.33234,1.05856
42.35000,-5.11799,-0.33256,1.03747
42.40000,-5.11790,-0.33241,1.03354
42.45000,-5.11642,-0.32993,1.04840
42.50000,-5.11431,-0.32618,1.07275
42.55000,-5.11148,-0.32079,1.10644
42.60000,-5.10852,-0.31460,1.12945
42.65000,-5.10635,-0.30977,1.13166
42.70000,-5.10579,-0.30850,1.11701
42.75000,-5.10572,-0.30846,1.09607
42.80000,-5.10560,-0.30826,1.07571
42.85000,-5.10549,-0.30811,1.05490
42.90000,-5.10529,-0.30777,1.03428
42.95000,-5.10535,-0.30792,1.01281
43.00000,-5.10539,-0.30805,1.00522
43.05000,-5.10406,-0.30606,1.01606
43.10000,-5.10129,-0.30150,1.04075
43.15000,-5.09805,-0.29577,1.07557
43.20000,-5.09470,-0.28940,1.09862
43.25000,-5.09243,-0.28482,1.09950
43.30000,-5.09195,-0.28383,1.08291
43.35000,-5.09193,-0.28381,1.06165
43.40000,-5.09178,-0.28355,1.04123
43.45000,-5.09162,-0.28329,1.02083
43.50000,-5.09146,-0.28303,1.00042
43.55000,-5.09129,-0.28277,0.98001
43.60000,-5.09108,-0.28246,0.97529
43.65000,-5.08946,-0.28008,0.98778
43.70000,-5.08681,-0.27599,1.00778
43.75000,-5.08307,-0.26989,1.03737
43.80000,-5.07928,-0.26325,1.05633
43.85000,-5.07644,-0.25812,1.05817
43.90000,-5.07577,-0.25687,1.04226
43.95000,-5.07563,-0.25664,1.02099
44.00000,-5.07549,-0.25641,0.99957
44.05000,-5.07534,-0.25618,0.97811
44.10000,-5.07519,-0.25596,0.95658
44.15000,-5.07502,-0.25575,0.94135
44.20000,-5.07483,-0.25554,0.93794
44.25000,-5.07423,-0.25472,0.94257
44.30000,-5.07278,-0.25271,0.95363
44.35000,-5.07030,-0.24916,0.97270
44.40000,-5.06662,-0.24360,1.00122
44.45000,-5.06221,-0.23664,1.02203
44.50000,-5.05904,-0.23137,1.02526
44.55000,-5.05783,-0.22935,1.01264
44.60000,-5.05785,-0.22940,0.98975
44.65000,-5.05799,-0.22965,0.96535
44.70000,-5.05813,-0.22989,0.94098
44.75000,-5.05827,-0.23012,0.91666
44.80000,-5.05822,-0.23012,0.90266
44.85000,-5.05731,-0.22908,0.90525
44.90000,-5.05445,-0.22538,0.92483
44.95000,-5.05046,-0.21994,0.95325
45.00000,-5.04555,-0.21276,0.98961
45.05000,-5.04077,-0.20527,1.01204
45.10000,-5.03724,-0.19953,1.01568
45.15000,-5.03591,-0.19737,1.00224
45.20000,-5.03580,-0.19720,0.97874
45.25000,-5.03568,-0.19704,0.95494
45.30000,-5.03557,-0.19688,0.93112
45.35000,-5.03545,-0.19672,0.90729
45.40000,-5.03532,-0.19656,0.88345
45.45000,-5.03517,-0.19640,0.86672
45.50000,-5.03428,-0.19543,0.86987
45.55000,-5.03079,-0.19121,0.89212
45.60000,-5.02620,-0.18534,0.92262
45.65000,-5.02097,-0.17819,0.95895
45.70000,-5.01592,-0.17078,0.98175
45.75000,-5.01185,-0.16462,0.98643
45.80000,-5.00885,-0.16010,0.98204
45.85000,-5.00678,-0.15703,0.96982
45.90000,-5.00570,-0.15547,0.94971
45.95000,-5.00555,-0.15526,0.92267
46.00000,-5.00545,-0.15513,0.89500
46.05000,-5.00534,-0.15500,0.86734
46.10000,-5.00524,-0.15488,0.83972
46.15000,-5.00509,-0.15475,0.82012
46.20000,-5.00465,-0.15435,0.81677
46.25000,-5.00363,-0.15327,0.82160
46.30000,-5.00163,-0.15110,0.83311
46.35000,-4.99834,-0.14741,0.85296
46.40000,-4.99363,-0.14186,0.88244
46.45000,-4.98813,-0.13510,0.90912
46.50000,-4.98317,-0.12881,0.91840
46.55000,-4.98039,-0.12518,0.90927
46.60000,-4.98007,-0.12477,0.88268
46.65000,-4.97997,-0.12466,0.85392
46.70000,-4.97987,-0.12455,0.82516
46.75000,-4.97969,-0.12439,0.80659
46.80000,-4.97920,-0.12395,0.80503
46.85000,-4.97805,-0.12275,0.81114
46.90000,-4.97575,-0.12029,0.82467
46.95000,-4.97207,-0.11623,0.84714
47.00000,-4.96704,-0.11036,0.87899
47.05000,-4.96141,-0.10349,0.90346
47.10000,-4.95661,-0.09742,0.90767
47.15000,-4.95357,-0.09355,0.89742
47.20000,-4.95245,-0.09217,0.87372
47.25000,-4.95247,-0.09221,0.84194
47.30000,-4.95239,-0.09211,0.81058
47.35000,-4.95230,-0.09202,0.77927
47.40000,-4.95220,-0.09193,0.74798
47.45000,-4.95202,-0.09178,0.72526
47.50000,-4.95142,-0.09125,0.71871
47.55000,-4.94945,-0.08955,0.72749
47.60000,-4.94434,-0.08488,0.75471
47.65000,-4.93825,-0.07897,0.78851
47.70000,-4.93163,-0.07205,0.82716
47.75000,-4.92562,-0.06535,0.85174
47.80000,-4.92128,-0.06040,0.85052
47.85000,-4.91899,-0.05782,0.83568
47.90000,-4.91788,-0.05660,0.81345
47.95000,-4.91809,-0.05683,0.78354
48.00000,-4.91852,-0.05725,0.75279
48.05000,-4.91894,-0.05764,0.72292
48.10000,-4.91900,-0.05769,0.70764
48.15000,-4.91744,-0.05635,0.71468
48.20000,-4.91310,-0.05251,0.73635
48.25000,-4.90720,-0.04700,0.76730
48.30000,-4.90139,-0.04138,0.78866
48.35000,-4.89727,-0.03726,0.78868
48.40000,-4.89572,-0.03574,0.77365
48.45000,-4.89594,-0.03596,0.74808
48.50000,-4.89626,-0.03625,0.72201
48.55000,-4.89659,-0.03653,0.69603
48.60000,-4.89652,-0.03644,0.68533
48.65000,-4.89436,-0.03465,0.69550
48.70000,-4.88974,-0.03070,0.71862
48.75000,-4.88359,-0.02515,0.75035
48.80000,-4.87798,-0.01988,0.76813
48.85000,-4.87411,-0.01615,0.76448
48.90000,-4.87336,-0.01548,0.74358
48.95000,-4.87365,-0.01574,0.71661
49.00000,-4.87395,-0.01599,0.68994
49.05000,-4.87425,-0.01623,0.66414
49.10000,-4.87417,-0.01615,0.65235
49.15000,-4.87211,-0.01454,0.66127
49.20000,-4.86732,-0.01072,0.68433
49.25000,-4.86098,-0.00539,0.71605
49.30000,-4.85372,0.00118,0.75422
49.35000,-4.84714,0.00748,0.77893
49.40000,-4.84210,0.01247,0.78581
49.45000,-4.83828,0.01628,0.78305
49.50000,-4.83648,0.01803,0.76776
49.55000,-4.83659,0.01791,0.74126
49.60000,-4.83689,0.01766,0.71319
49.65000,-4.83720,0.01740,0.68619
49.70000,-4.83746,0.01720,0.65947
49.75000,-4.83779,0.01696,0.63407
49.80000,-4.83760,0.01711,0.62396
49.85000,-4.83562,0.01855,0.63133
49.90000,-4.83070,0.02223,0.65390
49.95000,-4.82416,0.02740,0.68501
50.00000,-4.81733,0.03295,0.70930
50.05000,-4.81258,0.03698,0.71230
50.10000,-4.81121,0.03809,0.69566
50.15000,-4.81139,0.03790,0.67012
50.20000,-4.81166,0.03770,0.64345
50.25000,-4.81198,0.03746,0.61784
50.30000,-4.81191,0.03752,0.60526
50.35000,-4.81039,0.03859,0.61038
50.40000,-4.80548,0.04209,0.63184
50.45000,-4.79910,0.04689,0.66269
50.50000,-4.79273,0.05179,0.68434
50.55000,-4.78797,0.05561,0.68488
50.60000,-4.78569,0.05742,0.66819
50.65000,-4.78468,0.05812,0.64365
50.70000,-4.78509,0.05783,0.61476
50.75000,-4.78554,0.05752,0.58578
50.80000,-4.78542,0.05764,0.57312
50.85000,-4.78378,0.05873,0.57869
50.90000,-4.77879,0.06207,0.60025
50.95000,-4.77208,0.06681,0.63083
51.00000,-4.76522,0.07182,0.65379
51.05000,-4.75938,0.07623,0.65678
51.10000,-4.75673,0.07818,0.64139
51.15000,-4.75688,0.07806,0.61070
51.20000,-4.75739,0.07772,0.57757
51.25000,-4.75794,0.07737,0.54492
51.30000,-4.75824,0.07718,0.53106
51.35000,-4.75603,0.07854,0.53930
51.40000,-4.75093,0.08166,0.56027
51.45000,-4.74419,0.08600,0.59030
51.50000,-4.73756,0.09039,0.60786
51.55000,-4.73240,0.09386,0.60242
51.60000,-4.73040,0.09512,0.58007
51.65000,-4.73087,0.09480,0.54516
51.70000,-4.73152,0.09442,0.50897
51.75000,-4.73173,0.09446,0.48866
51.80000,-4.73022,0.09534,0.49202
51.85000,-4.72535,0.09802,0.51119
51.90000,-4.71890,0.10175,0.53954
51.95000,-4.71171,0.10624,0.57455
52.00000,-4.70466,0.11079,0.59855
52.05000,-4.69845,0.11477,0.59744
52.10000,-4.69453,0.11732,0.58120
52.15000,-4.69210,0.11886,0.55647
52.20000,-4.69136,0.11930,0.52305
52.25000,-4.69172,0.11910,0.48444
52.30000,-4.69234,0.11878,0.44444
52.35000,-4.69268,0.11864,0.42141
52.40000,-4.69205,0.11904,0.41984
52.45000,-4.68776,0.12102,0.43515
52.50000,-4.68108,0.12423,0.46193
52.55000,-4.67321,0.12830,0.49449
52.60000,-4.66461,0.13314,0.53135
52.65000,-4.65614,0.13808,0.56356
52.70000,-4.64818,0.14254,0.57679
52.75000,-4.64155,0.14639,0.57065
52.80000,-4.63685,0.14928,0.55384
52.85000,-4.63603,0.14976,0.51805
52.90000,-4.63590,0.14983,0.47841
52.95000,-4.63577,0.14989,0.43884
53.00000,-4.63563,0.14995,0.39941
53.05000,-4.63521,0.15017,0.37482
53.10000,-4.63329,0.15115,0.37542
53.15000,-4.62813,0.15325,0.39277
53.20000,-4.62110,0.15627,0.41917
53.25000,-4.61282,0.16012,0.45145
53.30000,-4.60393,0.16463,0.48729
53.35000,-4.59522,0.16919,0.51749
53.40000,-4.58686,0.17344,0.53519
53.45000,-4.57902,0.17726,0.53311
53.50000,-4.57195,0.18079,0.52332
53.55000,-4.56601,0.18398,0.50724
53.60000,-4.56194,0.18617,0.48178
53.65000,-4.56036,0.18697,0.44455
53.70000,-4.56022,0.18704,0.40072
53.75000,-4.56008,0.18709,0.35693
53.80000,-4.55963,0.18731,0.32766
53.85000,-4.55778,0.18820,0.32418
53.90000,-4.55293,0.18990,0.33722
53.95000,-4.54554,0.19259,0.36124
54.00000,-4.53694,0.19599,0.39154
54.05000,-4.52777,0.19996,0.42519
54.10000,-4.51878,0.20397,0.45450
54.15000,-4.51008,0.20774,0.47008
54.20000,-4.50188,0.21111,0.46450
54.25000,-4.49449,0.21422,0.45225
54.30000,-4.48815,0.21705,0.43445
54.35000,-4.48321,0.21925,0.40978
54.40000,-4.48094,0.22020,0.37310
54.45000,-4.48063,0.22031,0.32783
54.50000,-4.48051,0.22029,0.29928
54.55000,-4.48075,0.22021,0.27942
54.60000,-4.48069,0.22025,0.26158
54.65000,-4.47869,0.22088,0.26127
54.70000,-4.47377,0.22235,0.27241
54.75000,-4.46571,0.22474,0.29759
54.80000,-4.45596,0.22790,0.33006
54.85000,-4.44572,0.23161,0.36558
54.90000,-4.43595,0.23519,0.39100
54.95000,-4.42642,0.23866,0.39596
55.00000,-4.41916,0.24142,0.38159
55.05000,-4.41610,0.24252,0.34925
55.10000,-4.41587,0.24258,0.30474
55.15000,-4.41571,0.24263,0.25996
55.20000,-4.41556,0.24267,0.21555
55.25000,-4.41545,0.24267,0.18805
55.30000,-4.41365,0.24306,0.18528
55.35000,-4.40894,0.24413,0.19585
55.40000,-4.40148,0.24572,0.21912
55.45000,-4.39239,0.24790,0.24836
55.50000,-4.38287,0.25047,0.28166
55.55000,-4.37373,0.25306,0.30880
55.60000,-4.36463,0.25566,0.31939
55.65000,-4.35612,0.25809,0.31184
55.70000,-4.35075,0.25953,0.28989
55.75000,-4.34973,0.25967,0.25009
55.80000,-4.34971,0.25965,0.20628
55.85000,-4.34969,0.25970,0.17883
55.90000,-4.34846,0.26008,0.17151
55.95000,-4.34445,0.26091,0.17834
56.00000,-4.33738,0.26235,0.20010
56.05000,-4.32879,0.26427,0.23028
56.10000,-4.31957,0.26659,0.26409
56.15000,-4.31072,0.26903,0.29246
56.20000,-4.30186,0.27153,0.30092
56.25000,-4.29419,0.27368,0.29118
56.30000,-4.28794,0.27548,0.27279
56.35000,-4.28410,0.27637,0.24543
56.40000,-4.28375,0.27640,0.20438
56.45000,-4.28358,0.27643,0.16270
56.50000,-4.28323,0.27649,0.13106
56.55000,-4.28173,0.27704,0.12262
56.60000,-4.27782,0.27792,0.12834
56.65000,-4.27105,0.27901,0.14731
56.70000,-4.26142,0.28059,0.17709
56.75000,-4.25079,0.28268,0.21090
56.80000,-4.24054,0.28500,0.24587
56.85000,-4.23113,0.28736,0.27368
56.90000,-4.22151,0.28998,0.28736
56.95000,-4.21239,0.29247,0.28743
57.00000,-4.20578,0.29434,0.27474
57.05000,-4.20156,0.29549,0.25159
57.10000,-4.19979,0.29592,0.21816
57.15000,-4.19959,0.29596,0.17830
57.20000,-4.19941,0.29599,0.13843
57.25000,-4.19924,0.29601,0.09886
57.30000,-4.19887,0.29609,0.07003
57.35000,-4.19744,0.29642,0.06176
57.40000,-4.19318,0.29685,0.06853
57.45000,-4.18592,0.29750,0.08788
57.50000,-4.17635,0.29848,0.11673
57.55000,-4.16644,0.29980,0.14740
57.60000,-4.15664,0.30118,0.17294
57.65000,-4.14701,0.30240,0.19004
57.70000,-4.13770,0.30335,0.19413
57.75000,-4.12868,0.30421,0.19288
57.80000,-4.12059,0.30503,0.18644
57.85000,-4.11356,0.30581,0.17489
57.90000,-4.10762,0.30656,0.15833
57.95000,-4.10282,0.30723,0.13693
58.00000,-4.09912,0.30769,0.11100
58.05000,-4.09719,0.30784,0.08953
58.10000,-4.09453,0.30832,0.08589
58.15000,-4.08981,0.30908,0.09389
58.20000,-4.08150,0.30998,0.11567
58.25000,-4.07172,0.31126,0.14372
58.30000,-4.06191,0.31261,0.16726
58.35000,-4.05234,0.31375,0.17853
58.40000,-4.04348,0.31460,0.17534
58.45000,-4.03562,0.31541,0.16699
58.50000,-4.02885,0.31618,0.15373
58.55000,-4.02412,0.31683,0.13203
58.60000,-4.02173,0.31711,0.10084
58.65000,-4.02132,0.31715,0.06191
58.70000,-4.02097,0.31716,0.03300
58.75000,-4.01906,0.31727,0.02615
58.80000,-4.01481,0.31748,0.03086
58.85000,-4.00769,0.31781,0.04708
58.90000,-3.99818,0.31840,0.07492
58.95000,-3.98793,0.31921,0.09964
59.00000,-3.97768,0.32008,0.11353
59.05000,-3.96782,0.32091,0.11611
59.10000,-3.96008,0.32139,0.10829
59.15000,-3.95333,0.32171,0.09608
59.20000,-3.94722,0.32190,0.08099
59.25000,-3.94170,0.32199,0.06346
59.30000,-3.93671,0.32199,0.04378
59.35000,-3.93329,0.32200,0.02528
59.40000,-3.92969,0.32212,0.02303
59.45000,-3.92472,0.32232,0.02952
59.50000,-3.91668,0.32267,0.04788
59.55000,-3.90620,0.32332,0.07696
59.60000,-3.89581,0.32417,0.09877
59.65000,-3.88668,0.32492,0.11361
59.70000,-3.88020,0.32562,0.12028
59.75000,-3.87423,0.32616,0.10805
59.80000,-3.87061,0.32622,0.08409
59.85000,-3.86836,0.32617,0.05271
59.90000,-3.86707,0.32617,0.02831
59.95000,-3.86521,0.32627,0.02126
60.00000,-3.86121,0.32636,0.01528
60.05000,-3.85869,0.32637,-0.00899
60.10000,-3.85841,0.32636,-0.02753
60.15000,-3.85642,0.32624,-0.02966
60.20000,-3.85108,0.32607,-0.01860
60.25000,-3.84472,0.32598,0.00020
60.30000,-3.83624,0.32612,0.02927
60.35000,-3.82711,0.32654,0.06359
60.40000,-3.81796,0.32715,0.09294
60.45000,-3.80893,0.32772,0.10631
60.50000,-3.80190,0.32815,0.10200
60.55000,-3.79781,0.32827,0.08435
60.60000,-3.79696,0.32827,0.05406
60.65000,-3.79707,0.32827,0.02037
60.70000,-3.79733,0.32828,-0.01320
60.75000,-3.79779,0.32827,-0.03676
60.80000,-3.79650,0.32810,-0.04292
60.85000,-3.79163,0.32785,-0.03164
60.90000,-3.78404,0.32770,-0.00696
60.95000,-3.77490,0.32777,0.02417
61.00000,-3.76580,0.32815,0.05993
61.05000,-3.75670,0.32872,0.09072
61.10000,-3.74781,0.32925,0.10735
61.15000,-3.74151,0.32955,0.10490
61.20000,-3.73766,0.32969,0.09033
61.25000,-3.73671,0.32971,0.06484
61.30000,-3.73649,0.32971,0.03790
61.35000,-3.73624,0.32972,0.01190
61.40000,-3.73592,0.32972,-0.00080
61.45000,-3.73476,0.32972,-0.00712
61.50000,-3.73393,0.32972,-0.02521
61.55000,-3.73375,0.32969,-0.03647
61.60000,-3.73120,0.32953,-0.03370
61.65000,-3.72718,0.32939,-0.02399
61.70000,-3.72247,0.32929,-0.00916
61.75000,-3.71560,0.32930,0.01228
61.80000,-3.70594,0.32958,0.04506
61.85000,-3.69642,0.33005,0.07166
61.90000,-3.68769,0.33049,0.08841
61.95000,-3.68131,0.33082,0.09267
62.00000,-3.67907,0.33085,0.07826
62.05000,-3.67880,0.33087,0.05720
62.10000,-3.67852,0.33088,0.03678
62.15000,-3.67823,0.33089,0.01730
62.20000,-3.67785,0.33090,0.00654
62.25000,-3.67515,0.33093,0.01057
62.30000,-3.66844,0.33107,0.02940
62.35000,-3.66053,0.33128,0.04728
62.40000,-3.65336,0.33145,0.05990
62.45000,-3.64867,0.33164,0.07163
62.50000,-3.64430,0.33195,0.08282
62.55000,-3.63994,0.33225,0.09204
62.60000,-3.63557,0.33256,0.10017
62.65000,-3.63121,0.33286,0.10706
62.70000,-3.62685,0.33317,0.11255
62.75000,-3.62249,0.33348,0.11650
62.80000,-3.61813,0.33379,0.11874
62.85000,-3.61377,0.33411,0.11855
62.90000,-3.61012,0.33443,0.11105
62.95000,-3.60777,0.33466,0.09781
63.00000,-3.60651,0.33476,0.07988
63.05000,-3.60615,0.33478,0.05832
63.10000,-3.60587,0.33479,0.03650
63.15000,-3.60558,0.33480,0.01491
63.20000,-3.60530,0.33480,-0.00645
63.25000,-3.60501,0.33480,-0.02759
63.30000,-3.60473,0.33479,-0.04435
63.35000,-3.60431,0.33474,-0.05224
63.40000,-3.60299,0.33465,-0.05523
63.45000,-3.60075,0.33451,-0.05351
63.50000,-3.59734,0.33430,-0.04697
63.55000,-3.59273,0.33400,-0.03523
63.60000,-3.58632,0.33371,-0.01498
63.65000,-3.57654,0.33372,0.01782
63.70000,-3.56678,0.33394,0.04088
63.75000,-3.55860,0.33402,0.05364
63.80000,-3.55156,0.33402,0.06153
63.85000,-3.54470,0.33402,0.06748
63.90000,-3.53806,0.33402,0.07159
63.95000,-3.53168,0.33402,0.07385
64.00000,-3.52563,0.33402,0.07400
64.05000,-3.52081,0.33401,0.06846
64.10000,-3.51756,0.33399,0.05617
64.15000,-3.51588,0.33397,0.03761
64.20000,-3.51538,0.33398,0.01462
64.25000,-3.51511,0.33398,-0.00891
64.30000,-3.51483,0.33398,-0.03183
64.35000,-3.51456,0.33397,-0.05411
64.40000,-3.51427,0.33394,-0.07171
64.45000,-3.51401,0.33392,-0.08061
64.50000,-3.51313,0.33383,-0.08320
64.55000,-3.51133,0.33367,-0.08068
64.60000,-3.50822,0.33340,-0.07343
64.65000,-3.50401,0.33302,-0.06043
64.70000,-3.49833,0.33250,-0.04212
64.75000,-3.49087,0.33212,-0.01684
64.80000,-3.48151,0.33211,0.01609
64.85000,-3.47152,0.33246,0.05372
64.90000,-3.46165,0.33291,0.08649
64.95000,-3.45272,0.33311,0.10680
65.00000,-3.44445,0.33319,0.12238
65.05000,-3.43618,0.33327,0.13676
65.10000,-3.42793,0.33334,0.14997
65.15000,-3.41974,0.33342,0.16210
65.20000,-3.41161,0.33349,0.17311
65.25000,-3.40352,0.33356,0.18293
65.30000,-3.39548,0.33363,0.19157
65.35000,-3.38747,0.33370,0.19910
65.40000,-3.37948,0.33377,0.20558
65.45000,-3.37152,0.33384,0.21109
65.50000,-3.36357,0.33391,0.21573
65.55000,-3.35569,0.33398,0.21917
65.60000,-3.34823,0.33403,0.22025
65.65000,-3.34221,0.33391,0.21424
65.70000,-3.33818,0.33366,0.19935
65.75000,-3.33623,0.33343,0.17556
65.80000,-3.33595,0.33346,0.14485
65.85000,-3.33570,0.33349,0.11403
65.90000,-3.33546,0.33352,0.08346
65.95000,-3.33521,0.33353,0.05314
66.00000,-3.33496,0.33354,0.02306
66.05000,-3.33472,0.33354,-0.00676
66.10000,-3.33449,0.33354,-0.03045
66.15000,-3.33292,0.33338,-0.03590
66.20000,-3.32905,0.33322,-0.02791
66.25000,-3.32446,0.33310,-0.01435
66.30000,-3.31849,0.33305,0.00496
66.35000,-3.30931,0.33324,0.03410
66.40000,-3.29986,0.33361,0.05963
66.45000,-3.29043,0.33414,0.07549
66.50000,-3.28353,0.33435,0.07425
66.55000,-3.28089,0.33435,0.05473
66.60000,-3.28076,0.33435,0.02536
66.65000,-3.28057,0.33435,-0.00366
66.70000,-3.28046,0.33436,-0.03242
66.75000,-3.28091,0.33435,-0.05621
66.80000,-3.27960,0.33411,-0.05965
66.85000,-3.27448,0.33375,-0.04745
66.90000,-3.26681,0.33347,-0.02167
66.95000,-3.25761,0.33342,0.01014
67.00000,-3.24849,0.33360,0.03340
67.05000,-3.24074,0.33385,0.05078
67.10000,-3.23443,0.33414,0.06080
67.15000,-3.22982,0.33422,0.05069
67.20000,-3.22853,0.33427,0.04128
67.25000,-3.22674,0.33443,0.04047
67.30000,-3.22468,0.33462,0.03290
67.35000,-3.22231,0.33471,0.01838
67.40000,-3.21977,0.33472,-0.00265
67.45000,-3.21871,0.33471,-0.03034
67.50000,-3.21823,0.33470,-0.04475
67.55000,-3.21578,0.33454,-0.04048
67.60000,-3.21005,0.33435,-0.02153
67.65000,-3.20249,0.33429,0.00726
67.70000,-3.19381,0.33451,0.04334
67.75000,-3.18493,0.33495,0.06667
67.80000,-3.17676,0.33530,0.07466
67.85000,-3.17127,0.33536,0.06947
67.90000,-3.16714,0.33547,0.05580
67.95000,-3.16376,0.33562,0.03800
68.00000,-3.16113,0.33568,0.01637
68.05000,-3.15949,0.33568,-0.00878
68.10000,-3.15945,0.33568,-0.03618
68.15000,-3.15947,0.33567,-0.05751
68.20000,-3.15828,0.33545,-0.06008
68.25000,-3.15544,0.33527,-0.05410
68.30000,-3.15200,0.33509,-0.04289
68.35000,-3.14756,0.33491,-0.02703
68.40000,-3.14190,0.33480,-0.00452
68.45000,-3.13466,0.33486,0.01794
68.50000,-3.12823,0.33499,0.03617
68.55000,-3.12291,0.33523,0.05256
68.60000,-3.11819,0.33522,0.04927
68.65000,-3.11631,0.33522,0.03209
68.70000,-3.11632,0.33521,0.00724
68.75000,-3.11644,0.33521,-0.01786
68.80000,-3.11659,0.33521,-0.04281
68.85000,-3.11638,0.33520,-0.05245
68.90000,-3.11365,0.33502,-0.04515
68.95000,-3.10764,0.33479,-0.02439
69.00000,-3.09896,0.33471,0.00570
69.05000,-3.09034,0.33483,0.02604
69.10000,-3.08359,0.33486,0.03016
69.15000,-3.07974,0.33485,0.02243
69.20000,-3.07718,0.33484,0.00932
69.25000,-3.07609,0.33484,0.00131
69.30000,-3.07362,0.33486,0.00883
69.35000,-3.06769,0.33498,0.02994
69.40000,-3.06028,0.33518,0.05090
69.45000,-3.05326,0.33519,0.05953
69.50000,-3.04933,0.33513,0.05327
69.55000,-3.04940,0.33511,0.03073
69.60000,-3.04972,0.33510,0.00692
69.65000,-3.05004,0.33511,-0.01645
69.70000,-3.05034,0.33512,-0.03934
69.75000,-3.05041,0.33505,-0.05281
69.80000,-3.04944,0.33492,-0.05215
69.85000,-3.04653,0.33473,-0.05320
69.90000,-3.04343,0.33461,-0.05341
69.95000,-3.03855,0.33438,-0.03660
70.00000,-3.03140,0.33421,-0.01063
70.05000,-3.02270,0.33426,0.02212
70.10000,-3.01355,0.33447,0.04963
70.15000,-3.00544,0.33444,0.06540
70.20000,-2.99957,0.33426,0.07095
70.25000,-2.99674,0.33418,0.06396
70.30000,-2.99516,0.33410,0.05178
70.35000,-2.99465,0.33409,0.03555
70.40000,-2.99479,0.33408,0.01729
70.45000,-2.99492,0.33408,-0.00045
70.50000,-2.99480,0.33407,-0.00966
70.55000,-2.99302,0.33403,-0.00565
70.60000,-2.98845,0.33403,0.00069
70.65000,-2.98532,0.33403,0.00328
70.70000,-2.98136,0.33408,0.01617
70.75000,-2.97545,0.33418,0.02819
70.80000,-2.97294,0.33420,0.02505
70.85000,-2.97261,0.33420,0.01356
70.90000,-2.97221,0.33421,0.00998
70.95000,-2.97070,0.33423,0.00908
71.00000,-2.96982,0.33423,0.00135
71.05000,-2.96956,0.33423,-0.00855
71.10000,-2.96900,0.33422,-0.00951
71.15000,-2.96728,0.33420,-0.00798
71.20000,-2.96627,0.33419,-0.00859
71.25000,-2.96229,0.33418,0.00632
71.30000,-2.95572,0.33431,0.03304
71.35000,-2.94872,0.33454,0.05248
71.40000,-2.94369,0.33453,0.06223
71.45000,-2.94075,0.33446,0.06362
71.50000,-2.93948,0.33443,0.05790
71.55000,-2.93923,0.33444,0.04801
71.60000,-2.93907,0.33444,0.03746
71.65000,-2.93891,0.33445,0.02703
71.70000,-2.93874,0.33445,0.01682
71.75000,-2.93854,0.33446,0.00700
71.80000,-2.93832,0.33446,-0.00227
71.85000,-2.93806,0.33445,-0.01096
71.90000,-2.93733,0.33444,-0.01038
71.95000,-2.93385,0.33441,0.00182
72.00000,-2.92719,0.33451,0.02632
72.05000,-2.91855,0.33487,0.05923
72.10000,-2.90960,0.33531,0.09048
72.15000,-2.90128,0.33593,0.10996
72.20000,-2.89376,0.33682,0.11838
72.25000,-2.89030,0.33692,0.12408
72.30000,-2.88851,0.33697,0.12237
72.35000,-2.88805,0.33702,0.11515
72.40000,-2.88759,0.33707,0.10800
72.45000,-2.88616,0.33753,0.10123
72.50000,-2.88127,0.33848,0.09472
72.55000,-2.87332,0.33937,0.08782
72.60000,-2.86350,0.34021,0.08154
72.65000,-2.85367,0.34098,0.07509
72.70000,-2.84385,0.34169,0.06822
72.75000,-2.83403,0.34232,0.06089
72.80000,-2.82424,0.34288,0.05309
72.85000,-2.81445,0.34336,0.04485
72.90000,-2.80467,0.34376,0.03627
72.95000,-2.79486,0.34414,0.02754
73.00000,-2.79043,0.34417,0.01960
73.05000,-2.78815,0.34422,0.01267
73.10000,-2.78091,0.34431,0.00533
73.15000,-2.77110,0.34432,-0.00317
73.20000,-2.76130,0.34424,-0.01161
73.25000,-2.75146,0.34408,-0.02023
73.30000,-2.74161,0.34384,-0.02889
73.35000,-2.73175,0.34351,-0.03760
73.40000,-2.72197,0.34310,-0.04611
73.45000,-2.71214,0.34266,-0.04807
73.50000,-2.70232,0.34229,-0.04022
73.55000,-2.69264,0.34204,-0.02356
73.60000,-2.68380,0.34193,-0.00613
73.65000,-2.67480,0.34189,-0.00570
73.70000,-2.66493,0.34179,-0.01315
73.75000,-2.65499,0.34162,-0.02086
73.80000,-2.64511,0.34138,-0.02894
73.85000,-2.63525,0.34105,-0.03763
73.90000,-2.62528,0.34062,-0.04659
73.95000,-2.61543,0.34015,-0.05572
74.00000,-2.60882,0.33995,-0.06176
74.05000,-2.60317,0.33966,-0.04546
74.10000,-2.59635,0.33945,-0.01642
74.15000,-2.58804,0.33946,0.01874
74.20000,-2.58026,0.33968,0.04309
74.25000,-2.57495,0.33974,0.05387
74.30000,-2.57159,0.33975,0.05618
74.35000,-2.56906,0.33977,0.05464
74.40000,-2.56845,0.33980,0.04488
74.45000,-2.56816,0.33982,0.03431
74.50000,-2.56754,0.33983,0.02396
74.55000,-2.56681,0.33985,0.01401
74.60000,-2.56608,0.33986,0.00451
74.65000,-2.56534,0.33986,-0.00453
74.70000,-2.56278,0.33981,-0.01318
74.75000,-2.55434,0.33964,-0.02177
74.80000,-2.54431,0.33938,-0.02941
74.85000,-2.53468,0.33914,-0.02607
74.90000,-2.52736,0.33900,-0.01731
74.95000,-2.51973,0.33892,-0.01236
75.00000,-2.51282,0.33887,-0.00650
75.05000,-2.50539,0.33882,-0.00762
75.10000,-2.50009,0.33882,-0.00879
75.15000,-2.49728,0.33880,-0.00310
75.20000,-2.49247,0.33884,0.01614
75.25000,-2.48647,0.33895,0.03160
75.30000,-2.48389,0.33898,0.03182
75.35000,-2.48334,0.33900,0.02358
75.40000,-2.48232,0.33903,0.02763
75.45000,-2.47971,0.33910,0.03567
75.50000,-2.47870,0.33913,0.03042
75.55000,-2.47796,0.33915,0.02310
75.60000,-2.47544,0.33924,0.01590
75.65000,-2.46723,0.33936,0.00897
75.70000,-2.45733,0.33941,0.00270
75.75000,-2.44748,0.33939,-0.00350
75.80000,-2.43764,0.33931,-0.00971
75.85000,-2.42779,0.33917,-0.01594
75.90000,-2.41795,0.33897,-0.02216
75.95000,-2.40829,0.33876,-0.01932
76.00000,-2.40028,0.33865,-0.01334
76.05000,-2.39092,0.33851,-0.01677
76.10000,-2.38103,0.33831,-0.02273
76.15000,-2.37114,0.33808,-0.02258
76.20000,-2.36295,0.33792,-0.01936
76.25000,-2.35463,0.33780,-0.01183
76.30000,-2.34814,0.33777,0.00066
76.35000,-2.34090,0.33780,0.00957
76.40000,-2.33519,0.33787,0.02148
76.45000,-2.33223,0.33788,0.02334
76.50000,-2.33166,0.33789,0.01617
76.55000,-2.33138,0.33790,0.00762
76.60000,-2.33109,0.33790,-0.00076
76.65000,-2.33078,0.33790,-0.00886
76.70000,-2.33044,0.33789,-0.01659
76.75000,-2.32865,0.33779,-0.02439
76.80000,-2.32381,0.33760,-0.02331
76.85000,-2.31733,0.33752,0.00143
76.90000,-2.31022,0.33761,0.02138
76.95000,-2.30219,0.33784,0.02486
77.00000,-2.29235,0.33805,0.01917
77.05000,-2.28249,0.33822,0.01321
77.10000,-2.27262,0.33832,0.00725
77.15000,-2.26275,0.33836,0.00128
77.20000,-2.25288,0.33834,-0.00470
77.25000,-2.24301,0.33827,-0.01070
77.30000,-2.23293,0.33817,-0.00939
77.35000,-2.22318,0.33816,0.01053
77.40000,-2.21506,0.33832,0.03028
77.45000,-2.20680,0.33863,0.03439
77.50000,-2.19699,0.33894,0.02884
77.55000,-2.18714,0.33919,0.02284
77.60000,-2.17730,0.33939,0.01679
77.65000,-2.16744,0.33952,0.01057
77.70000,-2.15758,0.33960,0.00410
77.75000,-2.14773,0.33960,-0.00271
77.80000,-2.13791,0.33954,-0.00993
77.85000,-2.12809,0.33941,-0.01749
77.90000,-2.11801,0.33925,-0.01699
77.95000,-2.11009,0.33920,-0.00577
78.00000,-2.10529,0.33920,0.00304
78.05000,-2.10311,0.33921,0.01296
78.10000,-2.09999,0.33924,0.02085
78.15000,-2.09880,0.33925,0.01627
78.20000,-2.09844,0.33926,0.00832
78.25000,-2.09803,0.33926,0.00040
78.30000,-2.09635,0.33923,-0.00742
78.35000,-2.09009,0.33912,-0.01552
78.40000,-2.08032,0.33894,-0.02244
78.45000,-2.07046,0.33868,-0.02913
78.50000,-2.06061,0.33837,-0.03582
78.55000,-2.05077,0.33798,-0.04259
78.60000,-2.04124,0.33762,-0.03895
78.65000,-2.03201,0.33739,-0.02357
78.70000,-2.02390,0.33728,-0.00922
78.75000,-2.01516,0.33720,-0.00980
78.80000,-2.00524,0.33707,-0.01659
78.85000,-1.99519,0.33687,-0.02379
78.90000,-1.98556,0.33668,-0.02024
78.95000,-1.97714,0.33660,0.00379
79.00000,-1.96969,0.33669,0.02630
79.05000,-1.96435,0.33673,0.04039
79.10000,-1.96135,0.33677,0.04326
79.15000,-1.95968,0.33680,0.03911
79.20000,-1.95922,0.33682,0.03056
79.25000,-1.95883,0.33683,0.02190
79.30000,-1.95837,0.33684,0.01388
79.35000,-1.95781,0.33685,0.00634
79.40000,-1.95577,0.33685,-0.00179
79.45000,-1.94751,0.33679,-0.00983
79.50000,-1.93758,0.33666,-0.01691
79.55000,-1.92798,0.33653,-0.01288
79.60000,-1.91986,0.33652,0.01251
79.65000,-1.91255,0.33669,0.03095
79.70000,-1.90387,0.33697,0.02953
79.75000,-1.89404,0.33726,0.02253
79.80000,-1.88593,0.33737,0.01577
79.85000,-1.88390,0.33737,0.00871
79.90000,-1.88335,0.33738,0.00013
79.95000,-1.88280,0.33738,-0.00829
80.00000,-1.88224,0.33737,-0.01666
80.05000,-1.88169,0.33735,-0.01629
80.10000,-1.88009,0.33733,-0.01545
80.15000,-1.87896,0.33730,-0.01362
80.20000,-1.87483,0.33727,-0.00391
80.25000,-1.86837,0.33727,0.00282
80.30000,-1.85930,0.33729,-0.00003
80.35000,-1.84958,0.33728,0.00255
80.40000,-1.84215,0.33734,0.01069
80.45000,-1.83439,0.33745,0.01274
80.50000,-1.82584,0.33756,0.01976
80.55000,-1.81899,0.33772,0.03437
80.60000,-1.81235,0.33798,0.05011
80.65000,-1.80669,0.33822,0.06649
80.70000,-1.80407,0.33831,0.06822
80.75000,-1.80342,0.33835,0.06170
80.80000,-1.80279,0.33839,0.05503
80.85000,-1.80057,0.33864,0.04889
80.90000,-1.79286,0.33909,0.04267
80.95000,-1.78301,0.33947,0.03652
81.00000,-1.77317,0.33979,0.03029
81.05000,-1.76333,0.34004,0.02384
81.10000,-1.75350,0.34023,0.01711
81.15000,-1.74367,0.34034,0.01001
81.20000,-1.73384,0.34040,0.00271
81.25000,-1.72397,0.34039,-0.00471
81.30000,-1.71417,0.34031,-0.01278
81.35000,-1.70427,0.34015,-0.01708
81.40000,-1.69589,0.34005,-0.01172
81.45000,-1.68860,0.33996,-0.00982
81.50000,-1.68608,0.33997,-0.00153
81.55000,-1.68318,0.33997,0.00449
81.60000,-1.68192,0.33997,-0.00075
81.65000,-1.68161,0.33996,-0.00935
81.70000,-1.68128,0.33996,-0.01781
81.75000,-1.67938,0.33984,-0.02638
81.80000,-1.67302,0.33955,-0.03525
81.85000,-1.66434,0.33914,-0.04071
81.90000,-1.65503,0.33881,-0.02911
81.95000,-1.64612,0.33866,-0.01421
82.00000,-1.63809,0.33859,-0.00276
82.05000,-1.63147,0.33863,0.01074
82.10000,-1.62277,0.33873,0.01012
82.15000,-1.61290,0.33880,0.00392
82.20000,-1.60305,0.33881,-0.00244
82.25000,-1.59307,0.33878,0.00114
82.30000,-1.58508,0.33884,0.01126
82.35000,-1.57596,0.33894,0.00853
82.40000,-1.56612,0.33899,0.00190
82.45000,-1.55628,0.33901,-0.00478
82.50000,-1.55084,0.33900,-0.01122
82.55000,-1.55026,0.33899,-0.01863
82.60000,-1.54991,0.33899,-0.02650
82.65000,-1.54882,0.33895,-0.02344
82.70000,-1.54424,0.33885,-0.01299
82.75000,-1.53644,0.33874,-0.01067
82.80000,-1.52722,0.33860,-0.01517
82.85000,-1.52362,0.33860,-0.02034
82.90000,-1.52090,0.33848,-0.02537
82.95000,-1.51450,0.33820,-0.03068
83.00000,-1.50488,0.33787,-0.03759
83.05000,-1.49506,0.33746,-0.04501
83.10000,-1.48524,0.33698,-0.05252
83.15000,-1.47545,0.33643,-0.05999
83.20000,-1.46566,0.33581,-0.06761
83.25000,-1.45587,0.33511,-0.07531
83.30000,-1.44607,0.33433,-0.08335
83.35000,-1.43630,0.33346,-0.09143
83.40000,-1.42652,0.33252,-0.09983
83.45000,-1.41675,0.33149,-0.10858
83.50000,-1.40696,0.33038,-0.11751
83.55000,-1.39721,0.32918,-0.12659
83.60000,-1.38746,0.32789,-0.13591
83.65000,-1.37762,0.32649,-0.14590
83.70000,-1.36773,0.32500,-0.15626
83.75000,-1.35788,0.32340,-0.16644
83.80000,-1.34817,0.32172,-0.17581
83.85000,-1.33848,0.31995,-0.18508
83.90000,-1.32879,0.31808,-0.19402
83.95000,-1.31916,0.31613,-0.20302
84.00000,-1.30958,0.31412,-0.21186
84.05000,-1.30003,0.31202,-0.22062
84.10000,-1.29048,0.30984,-0.22929
84.15000,-1.28096,0.30757,-0.23788
84.20000,-1.27146,0.30523,-0.24642
84.25000,-1.26198,0.30280,-0.25494
84.30000,-1.25251,0.30029,-0.26348
84.35000,-1.24308,0.29771,-0.27204
84.40000,-1.23366,0.29504,-0.28062
84.45000,-1.22427,0.29229,-0.28920
84.50000,-1.21490,0.28947,-0.29778
84.55000,-1.20556,0.28656,-0.30633
84.60000,-1.19624,0.28357,-0.31485
84.65000,-1.18695,0.28050,-0.32330
84.70000,-1.17767,0.27736,-0.33166
84.75000,-1.16840,0.27411,-0.33966
84.80000,-1.15917,0.27079,-0.34758
84.85000,-1.14997,0.26740,-0.35536
84.90000,-1.14079,0.26393,-0.36299
84.95000,-1.13164,0.26039,-0.37052
85.00000,-1.12251,0.25679,-0.37791
85.05000,-1.11340,0.25311,-0.38520
85.10000,-1.10432,0.24937,-0.39238
85.15000,-1.09526,0.24557,-0.39943
85.20000,-1.08623,0.24170,-0.40636
85.25000,-1.07722,0.23777,-0.41321
85.30000,-1.06823,0.23377,-0.41996
85.35000,-1.05927,0.22972,-0.42661
85.40000,-1.05034,0.22560,-0.43314
85.45000,-1.04143,0.22143,-0.43954
85.50000,-1.03254,0.21719,-0.44580
85.55000,-1.02367,0.21291,-0.45191
85.60000,-1.01481,0.20856,-0.45775
85.65000,-1.00596,0.20416,-0.46344
85.70000,-0.99715,0.19972,-0.46907
85.75000,-0.98836,0.19524,-0.47453
85.80000,-0.97959,0.19069,-0.47985
85.85000,-0.97085,0.18610,-0.48502
85.90000,-0.96211,0.18147,-0.49003
85.95000,-0.95337,0.17678,-0.49495
86.00000,-0.94467,0.17205,-0.49976
86.05000,-0.93598,0.16728,-0.50444
86.10000,-0.92732,0.16247,-0.50896
86.15000,-0.91868,0.15762,-0.51335
86.20000,-0.91006,0.15273,-0.51757
86.25000,-0.90142,0.14779,-0.52173
86.30000,-0.89283,0.14282,-0.52571
86.35000,-0.88425,0.13782,-0.52955
86.40000,-0.87568,0.13279,-0.53331
86.45000,-0.86711,0.12771,-0.53703
86.50000,-0.85858,0.12261,-0.54041
86.55000,-0.85004,0.11747,-0.54386
86.60000,-0.84152,0.11230,-0.54716
86.65000,-0.83302,0.10710,-0.55038
86.70000,-0.82454,0.10188,-0.55337
86.75000,-0.81607,0.09662,-0.55606
86.80000,-0.80762,0.09134,-0.55861
86.85000,-0.79917,0.08605,-0.56109
86.90000,-0.79071,0.08071,-0.56366
86.95000,-0.78226,0.07536,-0.56608
87.00000,-0.77383,0.06999,-0.56835
87.05000,-0.76540,0.06460,-0.57047
87.10000,-0.75699,0.05919,-0.57244
87.15000,-0.74859,0.05376,-0.57426
87.20000,-0.74020,0.04832,-0.57595
87.25000,-0.73182,0.04287,-0.57750
87.30000,-0.72346,0.03742,-0.57875
87.35000,-0.71511,0.03196,-0.57981
87.40000,-0.70674,0.02647,-0.58087
87.45000,-0.69841,0.02099,-0.58173
87.50000,-0.69005,0.01549,-0.58248
87.55000,-0.68171,0.01000,-0.58301
87.60000,-0.67335,0.00449,-0.58354
87.65000,-0.66502,-0.00102,-0.58404
87.70000,-0.65668,-0.00653,-0.58441
87.75000,-0.64834,-0.01205,-0.58468
87.80000,-0.64000,-0.01757,-0.58486
87.85000,-0.63166,-0.02309,-0.58496
87.90000,-0.62333,-0.02861,-0.58496
87.95000,-0.61499,-0.03414,-0.58488
88.00000,-0.60665,-0.03966,-0.58471
88.05000,-0.59831,-0.04517,-0.58446
88.10000,-0.58997,-0.05069,-0.58412
88.15000,-0.58163,-0.05620,-0.58371
88.20000,-0.57328,-0.06171,-0.58321
88.25000,-0.56493,-0.06722,-0.58263
88.30000,-0.55658,-0.07272,-0.58198
88.35000,-0.54822,-0.07821,-0.58126
88.40000,-0.53986,-0.08370,-0.58046
88.45000,-0.53150,-0.08918,-0.57959
88.50000,-0.52313,-0.09465,-0.57865
88.55000,-0.51476,-0.10012,-0.57764
88.60000,-0.50638,-0.10557,-0.57657
88.65000,-0.49799,-0.11102,-0.57543
88.70000,-0.48960,-0.11646,-0.57423
88.75000,-0.48120,-0.12188,-0.57296
88.80000,-0.47278,-0.12731,-0.57161
88.85000,-0.46435,-0.13272,-0.57013
88.90000,-0.45592,-0.13811,-0.56867
88.95000,-0.44746,-0.14351,-0.56700
89.00000,-0.43899,-0.14889,-0.56526
89.05000,-0.43051,-0.15425,-0.56353
89.10000,-0.42203,-0.15960,-0.56180
89.15000,-0.41356,-0.16492,-0.55978
89.20000,-0.40508,-0.17022,-0.55764
89.25000,-0.39659,-0.17551,-0.55546
89.30000,-0.38808,-0.18077,-0.55323
89.35000,-0.37957,-0.18602,-0.55096
89.40000,-0.37104,-0.19124,-0.54865
89.45000,-0.36250,-0.19645,-0.54631
89.50000,-0.35395,-0.20163,-0.54393
89.55000,-0.34539,-0.20680,-0.54152
89.60000,-0.33682,-0.21194,-0.53908
89.65000,-0.32823,-0.21706,-0.53661
89.70000,-0.31963,-0.22217,-0.53411
89.75000,-0.31101,-0.22725,-0.53158
89.80000,-0.30239,-0.23230,-0.52903
89.85000,-0.29375,-0.23734,-0.52646
89.90000,-0.28509,-0.24235,-0.52387
89.95000,-0.27643,-0.24734,-0.52127
90.00000,-0.26775,-0.25231,-0.51864
90.05000,-0.25906,-0.25726,-0.51600
90.10000,-0.25036,-0.26218,-0.51334
90.15000,-0.24164,-0.26708,-0.51068
90.20000,-0.23291,-0.27196,-0.50800
90.25000,-0.22416,-0.27681,-0.50531
90.30000,-0.21541,-0.28164,-0.50261
90.35000,-0.20664,-0.28644,-0.49991
90.40000,-0.19784,-0.29123,-0.49726
90.45000,-0.18905,-0.29599,-0.49498
90.50000,-0.18022,-0.30074,-0.49264
90.55000,-0.17139,-0.30546,-0.49032
90.60000,-0.16257,-0.31016,-0.48798
90.65000,-0.15369,-0.31486,-0.48559
90.70000,-0.14480,-0.31953,-0.48322
90.75000,-0.13594,-0.32417,-0.48098
90.80000,-0.12706,-0.32879,-0.47879
90.85000,-0.11816,-0.33340,-0.47655
90.90000,-0.10926,-0.33798,-0.47433
90.95000,-0.10034,-0.34254,-0.47207
91.00000,-0.09141,-0.34709,-0.46982
91.05000,-0.08248,-0.35161,-0.46756
91.10000,-0.07354,-0.35611,-0.46532
91.15000,-0.06459,-0.36059,-0.46304
91.20000,-0.05562,-0.36505,-0.46078
91.25000,-0.04665,-0.36949,-0.45846
91.30000,-0.03766,-0.37391,-0.45618
91.35000,-0.02867,-0.37831,-0.45389
91.40000,-0.01965,-0.38269,-0.45156
91.45000,-0.01062,-0.38705,-0.44921
91.50000,-0.00158,-0.39139,-0.44685
91.55000,0.00748,-0.39572,-0.44441
91.60000,0.01656,-0.40003,-0.44200
91.65000,0.02561,-0.40430,-0.43975
91.70000,0.03468,-0.40856,-0.43747
91.75000,0.04376,-0.41280,-0.43519
91.80000,0.05284,-0.41700,-0.43297
91.85000,0.06195,-0.42120,-0.43066
91.90000,0.07106,-0.42538,-0.42836
91.95000,0.08019,-0.42954,-0.42607
92.00000,0.08935,-0.43368,-0.42372
92.05000,0.09851,-0.43780,-0.42129
92.10000,0.10770,-0.44191,-0.41891
92.15000,0.11688,-0.44598,-0.41657
92.20000,0.12606,-0.45003,-0.41450
92.25000,0.13524,-0.45406,-0.41237
92.30000,0.14446,-0.45808,-0.40994
92.35000,0.15367,-0.46207,-0.40747
92.40000,0.16289,-0.46603,-0.40506
92.45000,0.17213,-0.46998,-0.40259
92.50000,0.18138,-0.47391,-0.40014
92.55000,0.19064,-0.47782,-0.39770
92.60000,0.19990,-0.48170,-0.39528
92.65000,0.20917,-0.48556,-0.39286
92.70000,0.21845,-0.48939,-0.39046
92.75000,0.22773,-0.49320,-0.38807
92.80000,0.23701,-0.49699,-0.38569
92.85000,0.24631,-0.50075,-0.38332
92.90000,0.25560,-0.50449,-0.38097
92.95000,0.26490,-0.50821,-0.37863
93.00000,0.27420,-0.51190,-0.37631
93.05000,0.28351,-0.51557,-0.37399
93.10000,0.29284,-0.51922,-0.37197
93.15000,0.30217,-0.52285,-0.37034
93.20000,0.31152,-0.52647,-0.36854
93.25000,0.32087,-0.53007,-0.36680
93.30000,0.33021,-0.53364,-0.36491
93.35000,0.33957,-0.53721,-0.36304
93.40000,0.34894,-0.54076,-0.36129
93.45000,0.35833,-0.54430,-0.35960
93.50000,0.36769,-0.54781,-0.35811
93.55000,0.37708,-0.55131,-0.35654
93.60000,0.38646,-0.55480,-0.35505
93.65000,0.39585,-0.55827,-0.35358
93.70000,0.40524,-0.56172,-0.35207
93.75000,0.41464,-0.56517,-0.35063
93.80000,0.42403,-0.56859,-0.34923
93.85000,0.43341,-0.57200,-0.34782
93.90000,0.44280,-0.57540,-0.34638
93.95000,0.45222,-0.57879,-0.34507
94.00000,0.46165,-0.58217,-0.34378
94.05000,0.47108,-0.58554,-0.34250
94.10000,0.48052,-0.58890,-0.34123
94.15000,0.48996,-0.59224,-0.34000
94.20000,0.49939,-0.59557,-0.33881
94.25000,0.50884,-0.59889,-0.33761
94.30000,0.51828,-0.60220,-0.33644
94.35000,0.52773,-0.60550,-0.33528
94.40000,0.53720,-0.60879,-0.33412
94.45000,0.54666,-0.61207,-0.33299
94.50000,0.55613,-0.61534,-0.33188
94.55000,0.56559,-0.61859,-0.33081
94.60000,0.57505,-0.62183,-0.32977
94.65000,0.58451,-0.62507,-0.32875
94.70000,0.59398,-0.62829,-0.32775
94.75000,0.60345,-0.63151,-0.32676
94.80000,0.61292,-0.63471,-0.32579
94.85000,0.62239,-0.63791,-0.32484
94.90000,0.63187,-0.64110,-0.32390
94.95000,0.64135,-0.64427,-0.32298
95.00000,0.65084,-0.64744,-0.32208
95.05000,0.66035,-0.65061,-0.32105
95.10000,0.66987,-0.65377,-0.32008
95.15000,0.67938,-0.65692,-0.31912
95.20000,0.68890,-0.66006,-0.31815
95.25000,0.69842,-0.66319,-0.31717
95.30000,0.70797,-0.66632,-0.31623
95.35000,0.71750,-0.66943,-0.31534
95.40000,0.72704,-0.67254,-0.31446
95.45000,0.73657,-0.67564,-0.31358
95.50000,0.74613,-0.67873,-0.31266
95.55000,0.75568,-0.68182,-0.31174
95.60000,0.76524,-0.68490,-0.31084
95.65000,0.77480,-0.68796,-0.30994
95.70000,0.78435,-0.69102,-0.30905
95.75000,0.79391,-0.69407,-0.30817
95.80000,0.80346,-0.69711,-0.30729
95.85000,0.81302,-0.70014,-0.30643
95.90000,0.82257,-0.70316,-0.30557
95.95000,0.83162,-0.70582,-0.31402
96.00000,0.83869,-0.70804,-0.34467
96.05000,0.84483,-0.71040,-0.38926
96.10000,0.85172,-0.71343,-0.43833
96.15000,0.85907,-0.71711,-0.49044
96.20000,0.86657,-0.72138,-0.54418
96.25000,0.87394,-0.72583,-0.59074
96.30000,0.88157,-0.73063,-0.61278
96.35000,0.88971,-0.73632,-0.61139
96.40000,0.89793,-0.74206,-0.60867
96.45000,0.90584,-0.74757,-0.61543
96.50000,0.91160,-0.75174,-0.64619
96.55000,0.91721,-0.75615,-0.68817
96.60000,0.92314,-0.76104,-0.72521
96.65000,0.92932,-0.76624,-0.74267
96.70000,0.93568,-0.77164,-0.75040
96.75000,0.93787,-0.77336,-0.75289
96.80000,0.93824,-0.77370,-0.74810
96.85000,0.93861,-0.77404,-0.74279
96.90000,0.93899,-0.77439,-0.73768
96.95000,0.93936,-0.77472,-0.73259
97.00000,0.93973,-0.77505,-0.72702
97.05000,0.94030,-0.77555,-0.73468
97.10000,0.94202,-0.77709,-0.73950
97.15000,0.94246,-0.77748,-0.73460
97.20000,0.94283,-0.77782,-0.72951
97.25000,0.94321,-0.77817,-0.72441
97.30000,0.94359,-0.77852,-0.71931
97.35000,0.94398,-0.77887,-0.71419
97.40000,0.94436,-0.77922,-0.70907
97.45000,0.94475,-0.77957,-0.70394
97.50000,0.94514,-0.77993,-0.69879
97.55000,0.94744,-0.78209,-0.69372
97.60000,0.95441,-0.78811,-0.68850
97.65000,0.96221,-0.79448,-0.68267
97.70000,0.97007,-0.80084,-0.67697
97.75000,0.97796,-0.80714,-0.67109
97.80000,0.98583,-0.81336,-0.66558
97.85000,0.99380,-0.81957,-0.65987
97.90000,1.00179,-0.82574,-0.65411
97.95000,1.00976,-0.83181,-0.64861
98.00000,1.01779,-0.83787,-0.64292
98.05000,1.02583,-0.84386,-0.63730
98.10000,1.03388,-0.84979,-0.63175
98.15000,1.04159,-0.85541,-0.63678
98.20000,1.04799,-0.86025,-0.66350
98.25000,1.05447,-0.86531,-0.68804
98.30000,1.06081,-0.87026,-0.69991
98.35000,1.06744,-0.87575,-0.70040
98.40000,1.07493,-0.88211,-0.69530
98.45000,1.07836,-0.88451,-0.69183
98.50000,1.07866,-0.88476,-0.68513
98.55000,1.08067,-0.88663,-0.67889
98.60000,1.08715,-0.89245,-0.67289
98.65000,1.09500,-0.89866,-0.66606
98.70000,1.10288,-0.90481,-0.65917
98.75000,1.11081,-0.91091,-0.65224
98.80000,1.11877,-0.91695,-0.64527
98.85000,1.12678,-0.92294,-0.63826
98.90000,1.13484,-0.92887,-0.63121
98.95000,1.14293,-0.93474,-0.62414
99.00000,1.15107,-0.94056,-0.61703
99.05000,1.15924,-0.94631,-0.60990
99.10000,1.16746,-0.95201,-0.60276
99.15000,1.17572,-0.95765,-0.59559
99.20000,1.18400,-0.96322,-0.58860
99.25000,1.19233,-0.96873,-0.58160
99.30000,1.20071,-0.97420,-0.57451
99.35000,1.20916,-0.97963,-0.56712
99.40000,1.21766,-0.98499,-0.55975
99.45000,1.22630,-0.99036,-0.55181
99.50000,1.23492,-0.99562,-0.54424
99.55000,1.24363,-1.00085,-0.53636
99.60000,1.25237,-1.00600,-0.52853
99.65000,1.26114,-1.01106,-0.52073
99.70000,1.26994,-1.01607,-0.51259
99.75000,1.27880,-1.02101,-0.50461
99.80000,1.28769,-1.02587,-0.49665
99.85000,1.29658,-1.03064,-0.48853
99.90000,1.30557,-1.03538,-0.48057
99.95000,1.31464,-1.04007,-0.47277
100.00000,1.32373,-1.04468,-0.46501
100.05000,1.33285,-1.04922,-0.45729
100.10000,1.34202,-1.05369,-0.44967
100.15000,1.35122,-1.05809,-0.44210
100.20000,1.36045,-1.06242,-0.43460
100.25000,1.36972,-1.06667,-0.42717
100.30000,1.37891,-1.07082,-0.41958
100.35000,1.38814,-1.07489,-0.41219
100.40000,1.39739,-1.07889,-0.40477
100.45000,1.40662,-1.08280,-0.39714
100.50000,1.41592,-1.08666,-0.39003
100.55000,1.42527,-1.09046,-0.38289
100.60000,1.43469,-1.09420,-0.37610
100.65000,1.44395,-1.09782,-0.36971
100.70000,1.45328,-1.10140,-0.36321
100.75000,1.46273,-1.10494,-0.35653
100.80000,1.47210,-1.10840,-0.35088
100.85000,1.48149,-1.11180,-0.34538
100.90000,1.49089,-1.11515,-0.33992
100.95000,1.50032,-1.11846,-0.33452
101.00000,1.50976,-1.12171,-0.32917
101.05000,1.51922,-1.12491,-0.32388
101.10000,1.52869,-1.12806,-0.31864
101.15000,1.53818,-1.13116,-0.31346
101.20000,1.54769,-1.13421,-0.30834
101.25000,1.55721,-1.13721,-0.30328
101.30000,1.56675,-1.14017,-0.29828
101.35000,1.57630,-1.14308,-0.29334
101.40000,1.58587,-1.14594,-0.28846
101.45000,1.59545,-1.14876,-0.28364
101.50000,1.60505,-1.15152,-0.27888
101.55000,1.61465,-1.15425,-0.27419
101.60000,1.62430,-1.15693,-0.26930
101.65000,1.63394,-1.15957,-0.26448
101.70000,1.64360,-1.16216,-0.25986
101.75000,1.65326,-1.16470,-0.25536
101.80000,1.66295,-1.16721,-0.25079
101.85000,1.67266,-1.16967,-0.24625
101.90000,1.68240,-1.17209,-0.24172
101.95000,1.69213,-1.17447,-0.23728
102.00000,1.70190,-1.17681,-0.23281
102.05000,1.71167,-1.17910,-0.22856
102.10000,1.72148,-1.18136,-0.22425
102.15000,1.73131,-1.18358,-0.21993
102.20000,1.74117,-1.18576,-0.21556
102.25000,1.75104,-1.18790,-0.21129
102.30000,1.76091,-1.18999,-0.20715
102.35000,1.77079,-1.19205,-0.20303
102.40000,1.78068,-1.19406,-0.19900
102.45000,1.79058,-1.19604,-0.19508
102.50000,1.80048,-1.19797,-0.19123
102.55000,1.81040,-1.19988,-0.18744
102.60000,1.82031,-1.20176,-0.18375
102.65000,1.83023,-1.20359,-0.18013
102.70000,1.84016,-1.20539,-0.17660
102.75000,1.85009,-1.20716,-0.17317
102.80000,1.86002,-1.20889,-0.16976
102.85000,1.86996,-1.21059,-0.16650
102.90000,1.87990,-1.21226,-0.16330
102.95000,1.88984,-1.21388,-0.16017
103.00000,1.89979,-1.21548,-0.15711
103.05000,1.90974,-1.21705,-0.15414
103.10000,1.91969,-1.21859,-0.15127
103.15000,1.92964,-1.22009,-0.14848
103.20000,1.93959,-1.22157,-0.14583
103.25000,1.94954,-1.22302,-0.14309
103.30000,1.95949,-1.22444,-0.14051
103.35000,1.96944,-1.22583,-0.13801
103.40000,1.97937,-1.22720,-0.13548
103.45000,1.98930,-1.22854,-0.13302
103.50000,1.99925,-1.22986,-0.13067
103.55000,2.00918,-1.23115,-0.12849
103.60000,2.01911,-1.23242,-0.12646
103.65000,2.02907,-1.23368,-0.12443
103.70000,2.03901,-1.23491,-0.12240
103.75000,2.04895,-1.23612,-0.12047
103.80000,2.05888,-1.23731,-0.11862
103.85000,2.06876,-1.23848,-0.11684
103.90000,2.07865,-1.23964,-0.11511
103.95000,2.08854,-1.24077,-0.11345
104.00000,2.09843,-1.24189,-0.11185
104.05000,2.10833,-1.24299,-0.11031
104.10000,2.11823,-1.24408,-0.10883
104.15000,2.12797,-1.24494,-0.11615
104.20000,2.13629,-1.24543,-0.14381
104.25000,2.14348,-1.24615,-0.18651
104.30000,2.14974,-1.24745,-0.24020
104.35000,2.15644,-1.24929,-0.29741
104.40000,2.16356,-1.25171,-0.35646
104.45000,2.17089,-1.25469,-0.41677
104.50000,2.17829,-1.25825,-0.47790
104.55000,2.18567,-1.26236,-0.53952
104.60000,2.19295,-1.26704,-0.60132
104.65000,2.20008,-1.27225,-0.66314
104.70000,2.20696,-1.27798,-0.72495
104.75000,2.21356,-1.28420,-0.78667
104.80000,2.21985,-1.29091,-0.84811
104.85000,2.22580,-1.29809,-0.90924
104.90000,2.23136,-1.30570,-0.97011
104.95000,2.23649,-1.31370,-1.03071
105.00000,2.24119,-1.32209,-1.09097
105.05000,2.24543,-1.33089,-1.15067
105.10000,2.24919,-1.34001,-1.21002
105.15000,2.25243,-1.34944,-1.26897
105.20000,2.25512,-1.35907,-1.32741
105.25000,2.25713,-1.36848,-1.37236
105.30000,2.25854,-1.37634,-1.39841
105.35000,2.25917,-1.38085,-1.40889
105.40000,2.25934,-1.38258,-1.40392
105.45000,2.25940,-1.38297,-1.39187
105.50000,2.25944,-1.38330,-1.37959
105.55000,2.25950,-1.38363,-1.36649
105.60000,2.25952,-1.38374,-1.35339
105.65000,2.25960,-1.38415,-1.33981
105.70000,2.25969,-1.38462,-1.32568
105.75000,2.25975,-1.38495,-1.31135
105.80000,2.25974,-1.38499,-1.29705
105.85000,2.25984,-1.38541,-1.28252
105.90000,2.25993,-1.38541,-1.28257
105.95000,2.26011,-1.38578,-1.28478
106.00000,2.26029,-1.38612,-1.28359
106.05000,2.26043,-1.38649,-1.28693
106.10000,2.26060,-1.38699,-1.27468
106.15000,2.26074,-1.38744,-1.26000
106.20000,2.26089,-1.38795,-1.24470
106.25000,2.26104,-1.38845,-1.22907
106.30000,2.26118,-1.38891,-1.21316
106.35000,2.26126,-1.38916,-1.21303
106.40000,2.26193,-1.39090,-1.23213
106.45000,2.26310,-1.39420,-1.24296
106.50000,2.26385,-1.39647,-1.25072
106.55000,2.26488,-1.39954,-1.27513
106.60000,2.26622,-1.40398,-1.29175
106.65000,2.26720,-1.40762,-1.29256
106.70000,2.26738,-1.40842,-1.27855
106.75000,2.26746,-1.40876,-1.26261
106.80000,2.26749,-1.40896,-1.26209
106.85000,2.26755,-1.40907,-1.26371
106.90000,2.26756,-1.40919,-1.26367
106.95000,2.26816,-1.41100,-1.28392
107.00000,2.26948,-1.41563,-1.31290
107.05000,2.27097,-1.42110,-1.33470
107.10000,2.27217,-1.42619,-1.34085
107.15000,2.27307,-1.43014,-1.34035
107.20000,2.27364,-1.43275,-1.33346
107.25000,2.27374,-1.43337,-1.31602
107.30000,2.27382,-1.43374,-1.29771
107.35000,2.27385,-1.43397,-1.27889
107.40000,2.27401,-1.43457,-1.25920
107.45000,2.27423,-1.43523,-1.23921
107.50000,2.27447,-1.43589,-1.21909
107.55000,2.27464,-1.43618,-1.21227
107.60000,2.27485,-1.43669,-1.21072
107.65000,2.27494,-1.43695,-1.19416
107.70000,2.27503,-1.43703,-1.18945
107.75000,2.27590,-1.43857,-1.20617
107.80000,2.27759,-1.44286,-1.23254
107.85000,2.27975,-1.44934,-1.26697
107.90000,2.28162,-1.45580,-1.28767
107.95000,2.28297,-1.46102,-1.29168
108.00000,2.28358,-1.46356,-1.28190
108.05000,2.28365,-1.46392,-1.26153
108.10000,2.28374,-1.46433,-1.24103
108.15000,2.28397,-1.46496,-1.21994
108.20000,2.28424,-1.46564,-1.19852
108.25000,2.28451,-1.46632,-1.17704
108.30000,2.28479,-1.46702,-1.16572
108.35000,2.28570,-1.46903,-1.18082
108.40000,2.28751,-1.47347,-1.20821
108.45000,2.28991,-1.48010,-1.24233
108.50000,2.29203,-1.48665,-1.26286
108.55000,2.29345,-1.49139,-1.26283
108.60000,2.29371,-1.49245,-1.24606
108.65000,2.29387,-1.49298,-1.22447
108.70000,2.29388,-1.49306,-1.20282
108.75000,2.29410,-1.49368,-1.18085
108.80000,2.29441,-1.49417,-1.16847
108.85000,2.29525,-1.49572,-1.17924
108.90000,2.29712,-1.50031,-1.20443
108.95000,2.29956,-1.50698,-1.23762
109.00000,2.30171,-1.51362,-1.25686
109.05000,2.30306,-1.51802,-1.25450
109.10000,2.30346,-1.51947,-1.23908
109.15000,2.30349,-1.51958,-1.21830
109.20000,2.30355,-1.51970,-1.19663
109.25000,2.30370,-1.52010,-1.17487
109.30000,2.30383,-1.52050,-1.15260
109.35000,2.30384,-1.52054,-1.13049
109.40000,2.30393,-1.52064,-1.12401
109.45000,2.30501,-1.52287,-1.13910
109.50000,2.30713,-1.52746,-1.16533
109.55000,2.30939,-1.53305,-1.18048
109.60000,2.31103,-1.53719,-1.17735
109.65000,2.31163,-1.53878,-1.16118
109.70000,2.31186,-1.53939,-1.13795
109.75000,2.31207,-1.53992,-1.12664
109.80000,2.31274,-1.54120,-1.13538
109.85000,2.31468,-1.54526,-1.16010
109.90000,2.31687,-1.55050,-1.17559
109.95000,2.31821,-1.55391,-1.16877
110.00000,2.31841,-1.55446,-1.14832
110.05000,2.31861,-1.55499,-1.12554
110.10000,2.31880,-1.55548,-1.10232
110.15000,2.31882,-1.55548,-1.09549
110.20000,2.31991,-1.55749,-1.10959
110.25000,2.32213,-1.56206,-1.13512
110.30000,2.32454,-1.56746,-1.14969
110.35000,2.32607,-1.57110,-1.14339
110.40000,2.32639,-1.57199,-1.12263
110.45000,2.32654,-1.57244,-1.09927
110.50000,2.32670,-1.57275,-1.09347
110.55000,2.32784,-1.57479,-1.10709
110.60000,2.33002,-1.57927,-1.13362
110.65000,2.33227,-1.58429,-1.14760
110.70000,2.33397,-1.58815,-1.14295
110.75000,2.33456,-1.58968,-1.12657
110.80000,2.33468,-1.58993,-1.10482
110.85000,2.33504,-1.59062,-1.08088
110.90000,2.33542,-1.59118,-1.06663
110.95000,2.33651,-1.59296,-1.07679
111.00000,2.33889,-1.59745,-1.10202
111.05000,2.34192,-1.60352,-1.13504
111.10000,2.34487,-1.61015,-1.15790
111.15000,2.34703,-1.61520,-1.15856
111.20000,2.34772,-1.61701,-1.14286
111.25000,2.34787,-1.61742,-1.11954
111.30000,2.34813,-1.61800,-1.09555
111.35000,2.34844,-1.61860,-1.07088
111.40000,2.34869,-1.61915,-1.04645
111.45000,2.34899,-1.61969,-1.02211
111.50000,2.34910,-1.62006,-1.01194
111.55000,2.35012,-1.62162,-1.02223
111.60000,2.35259,-1.62578,-1.04822
111.65000,2.35577,-1.63153,-1.08274
111.70000,2.35915,-1.63816,-1.10557
111.75000,2.36206,-1.64402,-1.11059
111.80000,2.36333,-1.64672,-1.09805
111.85000,2.36368,-1.64745,-1.07514
111.90000,2.36404,-1.64813,-1.04975
111.95000,2.36433,-1.64866,-1.02433
112.00000,2.36468,-1.64926,-0.99887
112.05000,2.36491,-1.64941,-0.98762
112.10000,2.36611,-1.65112,-0.99771
112.15000,2.36876,-1.65531,-1.02300
112.20000,2.37212,-1.66103,-1.05701
112.25000,2.37564,-1.66751,-1.07829
112.30000,2.37819,-1.67237,-1.07732
112.35000,2.37961,-1.67503,-1.06341
112.40000,2.38004,-1.67587,-1.03901
112.45000,2.38036,-1.67643,-1.01266
112.50000,2.38073,-1.67703,-0.98647
112.55000,2.38089,-1.67732,-0.97367
112.60000,2.38192,-1.67870,-0.98119
112.65000,2.38465,-1.68284,-1.00561
112.70000,2.38811,-1.68850,-1.03917
112.75000,2.39170,-1.69480,-1.05959
112.80000,2.39461,-1.70005,-1.06064
112.85000,2.39623,-1.70298,-1.04826
112.90000,2.39673,-1.70386,-1.02366
112.95000,2.39703,-1.70435,-0.99622
113.00000,2.39732,-1.70478,-0.96883
113.05000,2.39771,-1.70534,-0.94209
113.10000,2.39786,-1.70567,-0.93080
113.15000,2.39912,-1.70734,-0.94051
113.20000,2.40207,-1.71148,-0.96498
113.25000,2.40584,-1.71712,-0.99831
113.30000,2.40986,-1.72355,-1.01951
113.35000,2.41302,-1.72872,-1.02064
113.40000,2.41476,-1.73156,-1.00771
113.45000,2.41530,-1.73242,-0.98243
113.50000,2.41574,-1.73307,-0.95569
113.55000,2.41619,-1.73370,-0.92888
113.60000,2.41663,-1.73428,-0.90213
113.65000,2.41679,-1.73444,-0.89094
113.70000,2.41796,-1.73585,-0.89849
113.75000,2.42108,-1.73987,-0.92253
113.80000,2.42510,-1.74537,-0.95538
113.85000,2.42947,-1.75171,-0.97647
113.90000,2.43298,-1.75694,-0.97798
113.95000,2.43493,-1.75983,-0.96516
114.00000,2.43543,-1.76056,-0.93914
114.05000,2.43588,-1.76117,-0.91218
114.10000,2.43633,-1.76175,-0.88522
114.15000,2.43667,-1.76208,-0.86765
114.20000,2.43704,-1.76247,-0.86695
114.25000,2.43887,-1.76462,-0.87912
114.30000,2.44290,-1.76965,-0.91001
114.35000,2.44754,-1.77587,-0.94797
114.40000,2.45232,-1.78269,-0.97240
114.45000,2.45574,-1.78775,-0.97315
114.50000,2.45746,-1.79029,-0.95942
114.55000,2.45813,-1.79123,-0.93436
114.60000,2.45861,-1.79186,-0.90718
114.65000,2.45910,-1.79248,-0.88008
114.70000,2.45962,-1.79309,-0.85308
114.75000,2.46015,-1.79370,-0.82635
114.80000,2.46021,-1.79372,-0.81451
114.85000,2.46145,-1.79502,-0.82131
114.90000,2.46490,-1.79881,-0.84467
114.95000,2.46942,-1.80406,-0.87721
115.00000,2.47431,-1.81006,-0.89780
115.05000,2.47825,-1.81503,-0.89937
115.10000,2.47984,-1.81702,-0.88210
115.15000,2.48028,-1.81756,-0.85464
115.20000,2.48078,-1.81813,-0.82762
115.25000,2.48097,-1.81836,-0.80081
115.30000,2.48085,-1.81822,-0.78989
115.35000,2.48235,-1.81972,-0.79802
115.40000,2.48591,-1.82345,-0.82115
115.45000,2.49058,-1.82862,-0.85351
115.50000,2.49569,-1.83449,-0.88202
115.55000,2.50039,-1.84012,-0.89065
115.60000,2.50369,-1.84418,-0.88565
115.65000,2.50608,-1.84709,-0.87358
115.70000,2.50680,-1.84796,-0.84954
115.75000,2.50706,-1.84826,-0.82275
115.80000,2.50764,-1.84888,-0.79418
115.85000,2.50826,-1.84948,-0.76577
115.90000,2.50849,-1.84966,-0.75393
115.95000,2.51037,-1.85143,-0.76212
116.00000,2.51425,-1.85522,-0.78498
116.05000,2.51922,-1.86034,-0.81671
116.10000,2.52461,-1.86618,-0.83691
116.15000,2.52895,-1.87100,-0.83762
116.20000,2.53148,-1.87379,-0.82561
116.25000,2.53218,-1.87455,-0.80383
116.30000,2.53293,-1.87533,-0.77775
116.35000,2.53373,-1.87611,-0.75161
116.40000,2.53446,-1.87680,-0.72614
116.45000,2.53495,-1.87720,-0.71393
116.50000,2.53640,-1.87845,-0.71765
116.55000,2.54071,-1.88228,-0.73771
116.60000,2.54660,-1.88779,-0.76606
116.65000,2.55290,-1.89385,-0.79101
116.70000,2.55814,-1.89914,-0.79861
116.75000,2.56165,-1.90273,-0.79367
116.80000,2.56351,-1.90460,-0.77868
116.85000,2.56391,-1.90499,-0.75519
116.90000,2.56427,-1.90532,-0.73130
116.95000,2.56464,-1.90564,-0.70753
117.00000,2.56501,-1.90595,-0.68387
117.05000,2.56542,-1.90626,-0.67485
117.10000,2.56803,-1.90839,-0.68432
117.15000,2.57287,-1.91243,-0.70544
117.20000,2.57915,-1.91794,-0.73430
117.25000,2.58581,-1.92395,-0.75893
117.30000,2.59143,-1.92923,-0.76717
117.35000,2.59433,-1.93198,-0.75746
117.40000,2.59501,-1.93262,-0.73417
117.45000,2.59537,-1.93293,-0.71008
117.50000,2.59573,-1.93324,-0.68609
117.55000,2.59610,-1.93353,-0.66223
117.60000,2.59648,-1.93382,-0.63849
117.65000,2.59696,-1.93417,-0.63076
117.70000,2.59968,-1.93624,-0.63961
117.75000,2.60475,-1.94009,-0.66045
117.80000,2.61132,-1.94534,-0.68882
117.85000,2.61830,-1.95109,-0.71318
117.90000,2.62406,-1.95602,-0.72071
117.95000,2.62677,-1.95836,-0.70967
118.00000,2.62782,-1.95923,-0.68872
118.05000,2.62818,-1.95951,-0.66455
118.10000,2.62854,-1.95979,-0.64044
118.15000,2.62891,-1.96006,-0.61646
118.20000,2.62928,-1.96032,-0.59261
118.25000,2.62967,-1.96055,-0.58331
118.30000,2.63197,-1.96212,-0.58887
118.35000,2.63686,-1.96548,-0.61042
118.40000,2.64330,-1.97013,-0.63958
118.45000,2.65044,-1.97543,-0.66459
118.50000,2.65686,-1.98038,-0.67602
118.55000,2.66164,-1.98416,-0.67482
118.60000,2.66414,-1.98607,-0.66067
118.65000,2.66474,-1.98651,-0.63527
118.70000,2.66510,-1.98677,-0.61064
118.75000,2.66546,-1.98702,-0.58620
118.80000,2.66583,-1.98726,-0.56191
118.85000,2.66621,-1.98749,-0.53778
118.90000,2.66681,-1.98787,-0.52846
118.95000,2.66951,-1.98954,-0.53570
119.00000,2.67473,-1.99273,-0.55687
119.05000,2.68123,-1.99692,-0.58710
119.10000,2.68814,-2.00149,-0.60783
119.15000,2.69429,-2.00576,-0.61445
119.20000,2.69862,-2.00879,-0.60925
119.25000,2.70086,-2.01027,-0.59319
119.30000,2.70149,-2.01068,-0.56854
119.35000,2.70187,-2.01092,-0.54412
119.40000,2.70223,-2.01113,-0.51989
119.45000,2.70261,-2.01134,-0.49581
119.50000,2.70297,-2.01155,-0.48480
119.55000,2.70537,-2.01287,-0.48934
119.60000,2.71039,-2.01563,-0.50852
119.65000,2.71705,-2.01948,-0.53844
119.70000,2.72436,-2.02389,-0.56386
119.75000,2.73122,-2.02823,-0.57486
119.80000,2.73647,-2.03161,-0.57409
119.85000,2.74040,-2.03406,-0.56498
119.90000,2.74308,-2.03573,-0.54775
119.95000,2.74506,-2.03691,-0.52601
120.00000,2.74630,-2.03761,-0.49994
120.05000,2.74725,-2.03811,-0.47230
120.10000,2.74819,-2.03857,-0.44512
120.15000,2.74893,-2.03890,-0.43393
120.20000,2.75144,-2.04010,-0.43778
120.25000,2.75643,-2.04251,-0.45533
120.30000,2.76337,-2.04604,-0.48453
120.35000,2.77094,-2.05005,-0.51072
120.40000,2.77782,-2.05386,-0.52072
120.45000,2.78169,-2.05601,-0.51101
120.50000,2.78450,-2.05753,-0.49460
120.55000,2.78636,-2.05851,-0.47253
120.60000,2.78747,-2.05906,-0.44631
120.65000,2.78844,-2.05952,-0.41949
120.70000,2.78943,-2.05997,-0.39300
120.75000,2.79024,-2.06031,-0.38340
120.80000,2.79291,-2.06144,-0.38785
120.85000,2.79801,-2.06361,-0.40516
120.90000,2.80519,-2.06681,-0.43440
120.95000,2.81231,-2.07016,-0.44897
121.00000,2.81757,-2.07259,-0.44766
121.05000,2.82167,-2.07454,-0.44089
121.10000,2.82577,-2.07650,-0.43411
121.15000,2.82987,-2.07845,-0.42731
121.20000,2.83398,-2.08041,-0.42051
121.25000,2.83808,-2.08237,-0.41370
121.30000,2.84220,-2.08433,-0.40688
121.35000,2.84631,-2.08630,-0.40004
121.40000,2.85044,-2.08825,-0.39320
121.45000,2.85457,-2.09020,-0.38634
121.50000,2.85873,-2.09210,-0.37923
121.55000,2.86084,-2.09285,-0.35890
121.60000,2.86177,-2.09318,-0.33283
121.65000,2.86275,-2.09350,-0.30694
121.70000,2.86344,-2.09368,-0.29082
121.75000,2.86536,-2.09429,-0.28792
121.80000,2.86970,-2.09566,-0.29758
121.85000,2.87693,-2.09802,-0.32276
121.90000,2.88544,-2.10102,-0.35545
121.95000,2.89408,-2.10428,-0.38185
122.00000,2.90133,-2.10713,-0.39368
122.05000,2.90543,-2.10873,-0.38846
122.10000,2.90778,-2.10954,-0.37401
122.15000,2.90870,-2.10984,-0.35234
122.20000,2.90954,-2.11014,-0.33029
122.25000,2.91026,-2.11037,-0.30933
122.30000,2.91121,-2.11066,-0.28795
122.35000,2.91214,-2.11092,-0.26727
122.40000,2.91294,-2.11112,-0.24779
122.45000,2.91351,-2.11125,-0.23912
122.50000,2.91665,-2.11212,-0.24269
122.55000,2.92289,-2.11383,-0.26069
122.60000,2.93087,-2.11609,-0.28993
122.65000,2.93951,-2.11871,-0.31466
122.70000,2.94790,-2.12134,-0.33086
122.75000,2.95372,-2.12322,-0.33774
122.80000,2.95807,-2.12460,-0.33699
122.85000,2.96009,-2.12526,-0.32571
122.90000,2.96097,-2.12554,-0.30997
122.95000,2.96141,-2.12568,-0.29287
123.00000,2.96185,-2.12581,-0.27639
123.05000,2.96231,-2.12594,-0.26055
123.10000,2.96278,-2.12606,-0.24511
123.15000,2.96481,-2.12705,-0.23063
123.20000,2.97082,-2.12909,-0.21631
123.25000,2.98007,-2.13112,-0.20044
123.30000,2.98982,-2.13301,-0.18452
123.35000,2.99952,-2.13474,-0.16777
123.40000,3.00892,-2.13612,-0.16313
123.45000,3.01693,-2.13742,-0.18272
123.50000,3.02500,-2.13884,-0.20326
123.55000,3.03285,-2.14023,-0.21819
123.60000,3.04066,-2.14161,-0.23191
123.65000,3.04773,-2.14297,-0.23966
123.70000,3.05358,-2.14415,-0.24201
123.75000,3.05912,-2.14529,-0.24244
123.80000,3.06297,-2.14610,-0.23566
123.85000,3.06482,-2.14641,-0.21890
123.90000,3.06522,-2.14649,-0.19828
123.95000,3.06562,-2.14657,-0.17827
124.00000,3.06602,-2.14663,-0.15908
124.05000,3.06643,-2.14670,-0.14065
124.10000,3.06883,-2.14725,-0.12265
124.15000,3.07737,-2.14831,-0.10588
124.20000,3.08742,-2.14928,-0.08762
124.25000,3.09787,-2.15010,-0.06827
124.30000,3.10790,-2.15069,-0.05031
124.35000,3.11789,-2.15110,-0.03205
124.40000,3.12770,-2.15131,-0.02324
124.45000,3.13670,-2.15152,-0.03681
124.50000,3.14530,-2.15190,-0.05323
124.55000,3.15238,-2.15217,-0.06134
124.60000,3.15834,-2.15243,-0.06400
124.65000,3.16291,-2.15264,-0.05962
124.70000,3.16659,-2.15283,-0.05059
124.75000,3.16953,-2.15296,-0.03818
124.80000,3.17075,-2.15298,-0.01902
124.85000,3.17112,-2.15298,0.00026
124.90000,3.17306,-2.15293,0.01944
124.95000,3.18048,-2.15264,0.03930
125.00000,3.19015,-2.15229,0.04986
125.05000,3.19946,-2.15198,0.04897
125.10000,3.20860,-2.15174,0.04037
125.15000,3.21762,-2.15145,0.03157
125.20000,3.22709,-2.15112,0.03679
125.25000,3.23728,-2.15066,0.05268
125.30000,3.24768,-2.15003,0.06998
125.35000,3.25807,-2.14922,0.08740
125.40000,3.26843,-2.14822,0.10486
125.45000,3.27878,-2.14705,0.12248
125.50000,3.28913,-2.14569,0.14035
125.55000,3.29943,-2.14415,0.15848
125.60000,3.30974,-2.14242,0.17714
125.65000,3.32003,-2.14049,0.19624
125.70000,3.32999,-2.13867,0.20597
125.75000,3.33964,-2.13712,0.20322
125.80000,3.34914,-2.13570,0.19180
125.85000,3.35829,-2.13409,0.18140
125.90000,3.36792,-2.13222,0.18772
125.95000,3.37793,-2.13024,0.20413
126.00000,3.38770,-2.12813,0.21973
126.05000,3.39745,-2.12588,0.23524
126.10000,3.40715,-2.12347,0.25068
126.15000,3.41682,-2.12092,0.26616
126.20000,3.42645,-2.11821,0.28153
126.25000,3.43603,-2.11536,0.29662
126.30000,3.44557,-2.11237,0.31143
126.35000,3.45507,-2.10923,0.32613
126.40000,3.46452,-2.10596,0.34067
126.45000,3.47392,-2.10255,0.35521
126.50000,3.48327,-2.09901,0.36990
126.55000,3.49257,-2.09532,0.38481
126.60000,3.50181,-2.09150,0.39998
126.65000,3.51099,-2.08753,0.41539
126.70000,3.52011,-2.08343,0.43088
126.75000,3.52916,-2.07918,0.44627
126.80000,3.53811,-2.07491,0.45367
126.85000,3.54704,-2.07062,0.45081
126.90000,3.55524,-2.06675,0.44710
126.95000,3.56378,-2.06261,0.45960
127.00000,3.57242,-2.05825,0.47524
127.05000,3.58092,-2.05379,0.49090
127.10000,3.58937,-2.04919,0.50614
127.15000,3.59776,-2.04446,0.52089
127.20000,3.60609,-2.03960,0.53510
127.25000,3.61437,-2.03462,0.54872
127.30000,3.62259,-2.02952,0.56172
127.35000,3.63076,-2.02431,0.57408
127.40000,3.63888,-2.01899,0.58578
127.45000,3.64695,-2.01357,0.59682
127.50000,3.65498,-2.00805,0.60719
127.55000,3.66305,-2.00239,0.61731
127.60000,3.67125,-1.99651,0.62702
127.65000,3.67937,-1.99057,0.63605
127.70000,3.68747,-1.98455,0.64444
127.75000,3.69547,-1.97849,0.65244
127.80000,3.70349,-1.97232,0.65962
127.85000,3.71151,-1.96606,0.66647
127.90000,3.71900,-1.96011,0.68378
127.95000,3.72481,-1.95521,0.72398
128.00000,3.72855,-1.95175,0.78215
128.05000,3.73161,-1.94868,0.83402
128.10000,3.73429,-1.94592,0.85975
128.15000,3.73671,-1.94326,0.85631
128.20000,3.74076,-1.93869,0.83405
128.25000,3.74612,-1.93297,0.80188
128.30000,3.75241,-1.92671,0.76439
128.35000,3.75828,-1.92131,0.71878
128.40000,3.76414,-1.91621,0.67766
128.45000,3.77055,-1.91085,0.66780
128.50000,3.77671,-1.90594,0.68465
128.55000,3.78122,-1.90214,0.72761
128.60000,3.78381,-1.89969,0.78515
128.65000,3.78691,-1.89639,0.84654
128.70000,3.79027,-1.89233,0.91060
128.75000,3.79360,-1.88799,0.96322
128.80000,3.79700,-1.88348,0.98345
128.85000,3.80008,-1.87920,0.97521
128.90000,3.80384,-1.87382,0.95006
128.95000,3.80834,-1.86774,0.91515
129.00000,3.81391,-1.86077,0.87707
129.05000,3.81914,-1.85476,0.83143
129.10000,3.82432,-1.84909,0.79103
129.15000,3.83000,-1.84302,0.77692
129.20000,3.83603,-1.83687,0.78893
129.25000,3.84042,-1.83230,0.82531
129.30000,3.84337,-1.82894,0.87805
129.35000,3.84618,-1.82534,0.93850
129.40000,3.84920,-1.82092,1.00168
129.45000,3.85212,-1.81626,1.05297
129.50000,3.85479,-1.81171,1.06652
129.55000,3.85735,-1.80710,1.05281
129.60000,3.86076,-1.80133,1.02627
129.65000,3.86508,-1.79447,0.99233
129.70000,3.86954,-1.78793,0.94891
129.75000,3.87351,-1.78238,0.90595
129.80000,3.87767,-1.77672,0.88762
129.85000,3.88210,-1.77087,0.89558
129.90000,3.88650,-1.76509,0.91915
129.95000,3.89040,-1.75977,0.96285
130.00000,3.89313,-1.75560,1.02081
130.05000,3.89584,-1.75086,1.08297
130.10000,3.89851,-1.74541,1.14706
130.15000,3.90093,-1.73982,1.19950
130.20000,3.90322,-1.73426,1.21987
130.25000,3.90534,-1.72878,1.21083
130.30000,3.90733,-1.72368,1.18012
130.35000,3.91024,-1.71698,1.14324
130.40000,3.91379,-1.70964,1.10046
130.45000,3.91780,-1.70162,1.06434
130.50000,3.92177,-1.69371,1.04671
130.55000,3.92589,-1.68571,1.05148
130.60000,3.92994,-1.67782,1.06948
130.65000,3.93386,-1.67027,1.10719
130.70000,3.93672,-1.66418,1.15975
130.75000,3.93895,-1.65860,1.22052
130.80000,3.94102,-1.65232,1.28304
130.85000,3.94278,-1.64594,1.33453
130.90000,3.94404,-1.64000,1.35983
130.95000,3.94455,-1.63473,1.36049
131.00000,3.94502,-1.62951,1.34784
131.05000,3.94621,-1.62411,1.31316
131.10000,3.94840,-1.61655,1.27156
131.15000,3.95092,-1.60894,1.22355
131.20000,3.95376,-1.60112,1.18179
131.25000,3.95688,-1.59309,1.15854
131.30000,3.96035,-1.58481,1.16667
131.35000,3.96269,-1.57904,1.20219
131.40000,3.96447,-1.57408,1.25204
131.45000,3.96625,-1.56813,1.30634
131.50000,3.96789,-1.56132,1.36329
131.55000,3.96924,-1.55383,1.42193
131.60000,3.97005,-1.54698,1.48599
131.65000,3.97030,-1.54205,1.55937
131.70000,3.97033,-1.53805,1.62843
131.75000,3.97042,-1.53416,1.68077
131.80000,3.97036,-1.53100,1.70669
131.85000,3.97015,-1.52951,1.71955
131.90000,3.96998,-1.52832,1.70070
131.95000,3.96940,-1.52400,1.67455
132.00000,3.96889,-1.51788,1.63903
132.05000,3.96856,-1.51102,1.59706
132.10000,3.96852,-1.50386,1.55351
132.15000,3.96879,-1.49708,1.51262
132.20000,3.96934,-1.49011,1.47448
132.25000,3.97005,-1.48304,1.44763
132.30000,3.97108,-1.47560,1.43902
132.35000,3.97200,-1.46743,1.45696
132.40000,3.97277,-1.45963,1.49003
132.45000,3.97320,-1.45239,1.53517
132.50000,3.97328,-1.44474,1.58590
132.55000,3.97321,-1.43690,1.63238
132.60000,3.97302,-1.42898,1.66534
132.65000,3.97258,-1.42083,1.68293
132.70000,3.97206,-1.41263,1.69207
132.75000,3.97158,-1.40448,1.69486
132.80000,3.97104,-1.39643,1.69034
132.85000,3.97031,-1.38855,1.67706
132.90000,3.96942,-1.38024,1.65380
132.95000,3.96877,-1.37096,1.62220
133.00000,3.96844,-1.36125,1.58733
133.05000,3.96846,-1.35266,1.54325
133.10000,3.96885,-1.34511,1.48975
133.15000,3.96970,-1.33730,1.43340
133.20000,3.97074,-1.32971,1.38350
133.25000,3.97196,-1.32199,1.34972
133.30000,3.97371,-1.31378,1.34039
133.35000,3.97555,-1.30550,1.33619
133.40000,3.97737,-1.29725,1.33356
133.45000,3.97919,-1.28900,1.33326
133.50000,3.98106,-1.28073,1.34261
133.55000,3.98303,-1.27238,1.36573
133.60000,3.98425,-1.26583,1.39482
133.65000,3.98463,-1.26060,1.39830
133.70000,3.98517,-1.25644,1.37219
133.75000,3.98628,-1.25143,1.33331
133.80000,3.98801,-1.24494,1.28900
133.85000,3.99019,-1.23806,1.23867
133.90000,3.99288,-1.23088,1.18438
133.95000,3.99605,-1.22371,1.12678
134.00000,3.99993,-1.21612,1.06892
134.05000,4.00424,-1.20881,1.00895
134.10000,4.00906,-1.20164,0.94816
134.15000,4.01440,-1.19466,0.88699
134.20000,4.02010,-1.18809,0.82474
134.25000,4.02632,-1.18177,0.76265
134.30000,4.03296,-1.17581,0.70041
134.35000,4.03993,-1.17030,0.63782
134.40000,4.04727,-1.16521,0.57523
134.45000,4.05469,-1.16073,0.51151
134.50000,4.06267,-1.15657,0.44893
134.55000,4.07055,-1.15308,0.38488
134.60000,4.07860,-1.15012,0.32061
134.65000,4.08674,-1.14771,0.25598
134.70000,4.09455,-1.14594,0.18953
134.75000,4.10263,-1.14466,0.12364
134.80000,4.11048,-1.14395,0.05663
134.85000,4.11803,-1.14378,-0.01164
134.90000,4.12476,-1.14410,-0.08300
134.95000,4.13061,-1.14480,-0.15762
135.00000,4.13656,-1.14597,-0.23168
135.05000,4.14244,-1.14759,-0.30570
135.10000,4.14828,-1.14968,-0.37935
135.15000,4.15387,-1.15215,-0.45338
135.20000,4.15953,-1.15517,-0.52628
135.25000,4.16462,-1.15839,-0.60063
135.30000,4.16960,-1.16208,-0.67437
135.35000,4.17444,-1.16624,-0.74741
135.40000,4.17908,-1.17087,-0.81982
135.45000,4.18350,-1.17597,-0.89148
135.50000,4.18766,-1.18151,-0.96245
135.55000,4.19152,-1.18748,-1.03271
135.60000,4.19501,-1.19383,-1.10245
135.65000,4.19814,-1.20058,-1.17142
135.70000,4.20085,-1.20769,-1.23972
135.75000,4.20313,-1.21512,-1.30742
135.80000,4.20493,-1.22283,-1.37450
135.85000,4.20622,-1.23070,-1.44136
135.90000,4.20688,-1.23751,-1.51244
135.95000,4.20698,-1.24218,-1.59165
136.00000,4.20678,-1.24542,-1.67635
136.05000,4.20645,-1.24766,-1.76491
136.10000,4.20611,-1.24947,-1.84314
136.15000,4.20564,-1.25135,-1.89410
136.20000,4.20444,-1.25472,-1.92312
136.25000,4.20226,-1.26047,-1.94046
136.30000,4.19894,-1.26872,-1.94602
136.35000,4.19528,-1.27800,-1.94642
136.40000,4.19161,-1.28731,-1.94608
136.45000,4.18794,-1.29664,-1.94511
136.50000,4.18428,-1.30598,-1.94372
136.55000,4.18063,-1.31534,-1.94171
136.60000,4.17700,-1.32472,-1.93903
136.65000,4.17339,-1.33411,-1.93608
136.70000,4.16980,-1.34353,-1.93260
136.75000,4.16623,-1.35297,-1.92872
136.80000,4.16270,-1.36244,-1.92425
136.85000,4.15922,-1.37195,-1.91934
136.90000,4.15579,-1.38148,-1.91405
136.95000,4.15240,-1.39103,-1.90841
137.00000,4.14907,-1.40062,-1.90241
137.05000,4.14581,-1.41020,-1.89564
137.10000,4.14305,-1.41910,-1.89971
137.15000,4.14106,-1.42555,-1.92940
137.20000,4.13960,-1.42931,-1.98077
137.25000,4.13832,-1.43219,-2.02526
137.30000,4.13684,-1.43522,-2.05341
137.35000,4.13347,-1.44129,-2.05972
137.40000,4.12880,-1.45014,-2.05189
137.45000,4.12418,-1.45908,-2.04298
137.50000,4.11960,-1.46815,-2.03435
137.55000,4.11514,-1.47717,-2.02529
137.60000,4.11076,-1.48626,-2.01549
137.65000,4.10648,-1.49536,-2.00514
137.70000,4.10240,-1.50440,-2.00456
137.75000,4.09949,-1.51102,-2.01076
137.80000,4.09665,-1.51731,-2.00445
137.85000,4.09453,-1.52239,-1.97641
137.90000,4.09385,-1.52462,-1.93479
137.95000,4.09348,-1.52564,-1.88699
138.00000,4.09341,-1.52588,-1.84243
138.05000,4.09335,-1.52612,-1.79779
138.10000,4.09330,-1.52637,-1.75293
138.15000,4.09326,-1.52662,-1.70786
138.20000,4.09323,-1.52687,-1.66263
138.25000,4.09321,-1.52712,-1.61726
138.30000,4.09320,-1.52738,-1.57179
138.35000,4.09321,-1.52763,-1.52623
138.40000,4.09323,-1.52789,-1.48058
138.45000,4.09326,-1.52815,-1.43501
138.50000,4.09330,-1.52841,-1.38973
138.55000,4.09335,-1.52867,-1.34480
138.60000,4.09342,-1.52894,-1.30027
138.65000,4.09350,-1.52922,-1.25616
138.70000,4.09360,-1.52950,-1.21237
138.75000,4.09371,-1.52978,-1.16881
138.80000,4.09384,-1.53005,-1.12539
138.85000,4.09397,-1.53033,-1.08205
138.90000,4.09412,-1.53059,-1.03880
138.95000,4.09428,-1.53085,-0.99567
139.00000,4.09445,-1.53110,-0.95268
139.05000,4.09464,-1.53135,-0.90985
139.10000,4.09483,-1.53158,-0.86719
139.15000,4.09505,-1.53181,-0.83518
139.20000,4.09514,-1.53185,-0.82244
139.25000,4.09574,-1.53248,-0.82219
139.30000,4.09740,-1.53427,-0.82925
139.35000,4.10014,-1.53729,-0.84306
139.40000,4.10423,-1.54199,-0.86584
139.45000,4.10976,-1.54869,-0.89876
139.50000,4.11555,-1.55609,-0.92418
139.55000,4.12118,-1.56344,-0.92629
139.60000,4.12528,-1.56885,-0.91308
139.65000,4.12651,-1.57043,-0.88001
139.70000,4.12673,-1.57068,-0.83967
139.75000,4.12695,-1.57092,-0.79927
139.80000,4.12719,-1.57115,-0.75906
139.85000,4.12743,-1.57134,-0.73073
139.90000,4.12768,-1.57151,-0.72173
139.95000,4.12931,-1.57295,-0.72792
140.00000,4.13267,-1.57599,-0.74648
140.05000,4.13732,-1.58041,-0.77462
140.10000,4.14312,-1.58630,-0.81225
140.15000,4.14915,-1.59276,-0.84081
140.20000,4.15546,-1.59961,-0.84834
140.25000,4.16062,-1.60542,-0.83741
140.30000,4.16354,-1.60861,-0.81129
140.35000,4.16394,-1.60902,-0.77260
140.40000,4.16419,-1.60925,-0.73269
140.45000,4.16445,-1.60947,-0.69295
140.50000,4.16453,-1.60948,-0.66623
140.55000,4.16524,-1.60999,-0.66363
140.60000,4.16808,-1.61224,-0.67535
140.65000,4.17235,-1.61573,-0.69690
140.70000,4.17790,-1.62052,-0.72797
140.75000,4.18416,-1.62611,-0.75761
140.80000,4.19076,-1.63213,-0.76705
140.85000,4.19721,-1.63829,-0.76047
140.90000,4.20309,-1.64383,-0.74848
140.95000,4.20837,-1.64866,-0.73131
141.00000,4.21304,-1.65277,-0.70906
141.05000,4.21708,-1.65615,-0.68175
141.10000,4.22032,-1.65868,-0.64948
141.15000,4.22115,-1.65928,-0.61012
141.20000,4.22141,-1.65946,-0.56789
141.25000,4.22168,-1.65962,-0.52583
141.30000,4.22171,-1.65959,-0.49908
141.35000,4.22263,-1.66009,-0.49389
141.40000,4.22686,-1.66244,-0.50686
141.45000,4.23318,-1.66606,-0.53250
141.50000,4.24059,-1.67060,-0.56539
141.55000,4.24820,-1.67562,-0.60029
141.60000,4.25568,-1.68070,-0.62847
141.65000,4.26343,-1.68612,-0.63866
141.70000,4.27104,-1.69171,-0.63214
141.75000,4.27804,-1.69678,-0.62031
141.80000,4.28361,-1.70068,-0.60177
141.85000,4.28680,-1.70282,-0.57182
141.90000,4.28768,-1.70337,-0.53012
141.95000,4.28794,-1.70351,-0.48514
142.00000,4.28820,-1.70364,-0.44035
142.05000,4.28847,-1.70376,-0.39590
142.10000,4.28874,-1.70385,-0.36205
142.15000,4.28960,-1.70417,-0.34999
142.20000,4.29434,-1.70598,-0.35935
142.25000,4.30149,-1.70876,-0.38164
142.30000,4.31003,-1.71234,-0.41066
142.35000,4.31845,-1.71617,-0.44275
142.40000,4.32608,-1.71977,-0.45730
142.45000,4.33325,-1.72314,-0.45310
142.50000,4.34013,-1.72641,-0.43993
142.55000,4.34553,-1.72888,-0.41869
142.60000,4.34905,-1.73040,-0.38851
142.65000,4.35005,-1.73079,-0.34697
142.70000,4.35031,-1.73088,-0.30195
142.75000,4.35058,-1.73096,-0.25714
142.80000,4.35086,-1.73101,-0.22322
142.85000,4.35159,-1.73120,-0.20898
142.90000,4.35501,-1.73197,-0.21096
142.95000,4.36171,-1.73357,-0.22816
143.00000,4.37070,-1.73577,-0.25565
143.05000,4.37975,-1.73830,-0.28649
143.10000,4.38876,-1.74112,-0.31727
143.15000,4.39745,-1.74396,-0.33841
143.20000,4.40605,-1.74672,-0.35216
143.25000,4.41463,-1.74946,-0.36428
143.30000,4.42320,-1.75220,-0.37481
143.35000,4.43178,-1.75495,-0.38335
143.40000,4.44035,-1.75770,-0.38938
143.45000,4.44892,-1.76046,-0.39259
143.50000,4.45749,-1.76323,-0.39139
143.55000,4.46600,-1.76603,-0.37751
143.60000,4.47285,-1.76854,-0.35052
143.65000,4.47715,-1.77003,-0.31109
143.70000,4.47907,-1.77031,-0.27317
143.75000,4.48022,-1.77052,-0.24672
143.80000,4.48100,-1.77071,-0.20227
143.85000,4.48290,-1.77104,-0.14732
143.90000,4.48612,-1.77141,-0.08701
143.95000,4.49028,-1.77164,-0.02291
144.00000,4.49513,-1.77158,0.04374
144.05000,4.50013,-1.77142,0.10275
144.10000,4.50494,-1.77142,0.15341
144.15000,4.50930,-1.77172,0.19171
144.20000,4.51246,-1.77138,0.20316
144.25000,4.51596,-1.77063,0.19790
144.30000,4.52057,-1.76971,0.18743
144.35000,4.52639,-1.76864,0.17154
144.40000,4.53296,-1.76753,0.14731
144.45000,4.54023,-1.76642,0.11274
144.50000,4.54885,-1.76558,0.06990
144.55000,4.55673,-1.76523,0.01951
144.60000,4.56442,-1.76525,-0.02311
144.65000,4.57239,-1.76539,-0.03007
144.70000,4.57935,-1.76547,-0.00940
144.75000,4.58486,-1.76544,0.02960
144.80000,4.58966,-1.76519,0.08216
144.85000,4.59450,-1.76464,0.14218
144.90000,4.60001,-1.76368,0.20496
144.95000,4.60563,-1.76231,0.27093
145.00000,4.61048,-1.76079,0.34222
145.05000,4.61484,-1.75928,0.40471
145.10000,4.61896,-1.75798,0.45043
145.15000,4.62246,-1.75723,0.47282
145.20000,4.62538,-1.75700,0.47236
145.25000,4.62815,-1.75584,0.44698
145.30000,4.63266,-1.75377,0.40174
145.35000,4.63779,-1.75171,0.37165
145.40000,4.64348,-1.74952,0.37102
145.45000,4.64927,-1.74718,0.39033
145.50000,4.65293,-1.74616,0.41817
145.55000,4.65596,-1.74563,0.42616
145.60000,4.65871,-1.74495,0.42768
145.65000,4.66124,-1.74386,0.45422
145.70000,4.66271,-1.74312,0.50190
145.75000,4.66486,-1.74186,0.55815
145.80000,4.66751,-1.74008,0.62104
145.85000,4.67011,-1.73808,0.69019
145.90000,4.67335,-1.73520,0.76003
145.95000,4.67608,-1.73242,0.83472
146.00000,4.67849,-1.72954,0.91236
146.05000,4.68071,-1.72659,0.97747
146.10000,4.68245,-1.72402,1.00515
146.15000,4.68397,-1.72156,1.00199
146.20000,4.68698,-1.71699,0.97856
146.25000,4.69121,-1.71093,0.94676
146.30000,4.69632,-1.70412,0.90856
146.35000,4.70172,-1.69751,0.86306
146.40000,4.70718,-1.69143,0.81442
146.45000,4.71261,-1.68569,0.77385
146.50000,4.71823,-1.67982,0.75726
146.55000,4.72341,-1.67445,0.75037
146.60000,4.72613,-1.67196,0.74492
146.65000,4.72841,-1.66988,0.74315
146.70000,4.72989,-1.66852,0.73856
146.75000,4.73125,-1.66730,0.74088
146.80000,4.73265,-1.66609,0.75822
146.85000,4.73412,-1.66488,0.79859
146.90000,4.73513,-1.66390,0.86252
146.95000,4.73557,-1.66335,0.93780
147.00000,4.73604,-1.66264,1.00244
147.05000,4.73633,-1.66204,1.03675
147.10000,4.73678,-1.66112,1.04405
147.15000,4.73929,-1.65695,1.03098
147.20000,4.74349,-1.65014,1.00574
147.25000,4.74830,-1.64283,0.97184
147.30000,4.75379,-1.63511,0.93717
147.35000,4.75939,-1.62778,0.90089
147.40000,4.76425,-1.62182,0.86383
147.45000,4.76787,-1.61774,0.82078
147.50000,4.77055,-1.61500,0.77151
147.55000,4.77315,-1.61249,0.73232
147.60000,4.77609,-1.60974,0.72130
147.65000,4.77863,-1.60743,0.74504
147.70000,4.78175,-1.60443,0.78365
147.75000,4.78579,-1.60022,0.82894
147.80000,4.78943,-1.59604,0.88397
147.85000,4.79201,-1.59270,0.95011
147.90000,4.79393,-1.58992,1.00935
147.95000,4.79543,-1.58750,1.03804
148.00000,4.79691,-1.58500,1.04269
148.05000,4.79957,-1.58049,1.03584
148.10000,4.80373,-1.57365,1.01385
148.15000,4.80874,-1.56585,0.98490
148.20000,4.81400,-1.55815,0.95808
148.25000,4.81818,-1.55229,0.92912
148.30000,4.82176,-1.54754,0.90616
148.35000,4.82574,-1.54245,0.90582
148.40000,4.82984,-1.53717,0.92948
148.45000,4.83351,-1.53205,0.96908
148.50000,4.83734,-1.52618,1.01579
148.55000,4.84077,-1.52032,1.07022
148.60000,4.84362,-1.51472,1.13149
148.65000,4.84614,-1.50909,1.18404
148.70000,4.84774,-1.50437,1.20550
148.75000,4.84966,-1.49944,1.20126
148.80000,4.85270,-1.49185,1.18253
148.85000,4.85630,-1.48337,1.15499
148.90000,4.85968,-1.47601,1.11795
148.95000,4.86364,-1.46830,1.07470
149.00000,4.86805,-1.46057,1.03057
149.05000,4.87270,-1.45321,0.98342
149.10000,4.87743,-1.44630,0.95414
149.15000,4.88205,-1.43974,0.95127
149.20000,4.88678,-1.43312,0.96453
149.25000,4.89067,-1.42720,1.00368
149.30000,4.89245,-1.42386,1.04187
149.35000,4.89351,-1.42124,1.04855
149.40000,4.89515,-1.41818,1.03606
149.45000,4.89830,-1.41303,1.00767
149.50000,4.90222,-1.40707,0.97028
149.55000,4.90600,-1.40180,0.92145
149.60000,4.90962,-1.39729,0.86363
149.65000,4.91266,-1.39374,0.80964
149.70000,4.91629,-1.38970,0.78528
149.75000,4.92043,-1.38526,0.79073
149.80000,4.92449,-1.38098,0.81950
149.85000,4.92817,-1.37690,0.86139
149.90000,4.93201,-1.37221,0.91119
149.95000,4.93568,-1.36723,0.96758
150.00000,4.93816,-1.36344,1.01008
150.05000,4.94032,-1.35989,1.02228
150.10000,4.94241,-1.35637,1.01300
150.15000,4.94572,-1.35122,0.98581
150.20000,4.95004,-1.34496,0.95046
150.25000,4.95524,-1.33798,0.91012
150.30000,4.96047,-1.33154,0.86638
150.35000,4.96443,-1.32706,0.81717
150.40000,4.96744,-1.32388,0.77356
150.45000,4.97088,-1.32034,0.75530
150.50000,4.97476,-1.31643,0.76303
150.55000,4.97811,-1.31312,0.79731
150.60000,4.98154,-1.30944,0.84358
150.65000,4.98457,-1.30586,0.90009
150.70000,4.98699,-1.30275,0.94919
150.75000,4.98955,-1.29944,0.97262
150.80000,4.99204,-1.29612,0.97302
150.85000,4.99524,-1.29159,0.95035
150.90000,4.99979,-1.28545,0.91744
150.95000,5.00554,-1.27822,0.88038
151.00000,5.01194,-1.27077,0.84296
151.05000,5.01824,-1.26399,0.80078
151.10000,5.02334,-1.25876,0.75668
151.15000,5.02558,-1.25671,0.72983
151.20000,5.02770,-1.25480,0.72787
151.25000,5.02989,-1.25288,0.74089
151.30000,5.03220,-1.25089,0.77035
151.35000,5.03575,-1.24729,0.81650
151.40000,5.03955,-1.24322,0.85556
151.45000,5.04307,-1.23937,0.87301
151.50000,5.04642,-1.23563,0.87493
151.55000,5.04981,-1.23175,0.85519
151.60000,5.05464,-1.22641,0.81778
151.65000,5.06083,-1.22007,0.77730
151.70000,5.06653,-1.21471,0.73072
151.75000,5.07143,-1.21051,0.68345
151.80000,5.07631,-1.20656,0.64871
151.85000,5.08150,-1.20252,0.64375
151.90000,5.08600,-1.19908,0.66577
151.95000,5.09055,-1.19538,0.70285
152.00000,5.09475,-1.19169,0.75154
152.05000,5.09749,-1.18903,0.78430
152.10000,5.10012,-1.18642,0.79860
152.15000,5.10270,-1.18386,0.80856
152.20000,5.10521,-1.18135,0.81452
152.25000,5.10769,-1.17884,0.81165
152.30000,5.11026,-1.17621,0.79712
152.35000,5.11393,-1.17255,0.77076
152.40000,5.11943,-1.16739,0.73313
152.45100,5.12537,-1.16228,0.68286
152.50000,5.12948,-1.15910,0.62591
152.55000,5.13320,-1.15647,0.58034
152.60000,5.13731,-1.15357,0.56958
152.65000,5.14060,-1.15141,0.59092
152.70000,5.14384,-1.14914,0.62999
152.75000,5.14712,-1.14664,0.67691
152.80000,5.15012,-1.14422,0.71455
152.85000,5.15301,-1.14184,0.73238
152.90000,5.15582,-1.13950,0.73235
152.95000,5.15866,-1.13709,0.72133
153.00000,5.16170,-1.13448,0.69622
153.05000,5.16592,-1.13107,0.65851
153.10000,5.17047,-1.12771,0.60785
153.15000,5.17377,-1.12555,0.54621
153.20000,5.17640,-1.12401,0.49063
153.25000,5.17920,-1.12239,0.46617
153.30000,5.18217,-1.12075,0.47442
153.35000,5.18732,-1.11800,0.50001
153.40000,5.19276,-1.11492,0.53575
153.45000,5.19712,-1.11222,0.57699
153.50000,5.20087,-1.10967,0.61834
153.55000,5.20403,-1.10731,0.66774
153.60000,5.20645,-1.10538,0.71431
153.65000,5.20889,-1.10338,0.74000
153.70000,5.21115,-1.10142,0.73131
153.75000,5.21504,-1.09799,0.70289
153.80000,5.22063,-1.09342,0.66736
153.85000,5.22715,-1.08849,0.62553
153.90000,5.23325,-1.08430,0.57885
153.95000,5.23735,-1.08175,0.52918
154.00000,5.23944,-1.08060,0.46832
154.05000,5.24084,-1.07994,0.41397
154.10000,5.24231,-1.07928,0.38359
154.15000,5.24531,-1.07785,0.38680
154.20000,5.25136,-1.07533,0.40678
154.25000,5.25890,-1.07199,0.43487
154.30000,5.26737,-1.06789,0.46878
154.35000,5.27636,-1.06323,0.50521
154.40000,5.28373,-1.05914,0.54386
154.45000,5.28863,-1.05615,0.58349
154.50000,5.29222,-1.05380,0.61895
154.55000,5.29576,-1.05142,0.62925
154.60000,5.29929,-1.04898,0.61330
154.65000,5.30482,-1.04521,0.58230
154.70000,5.31026,-1.04177,0.54216
154.75000,5.31292,-1.04027,0.49620
154.80000,5.31401,-1.03970,0.46334
154.85000,5.31531,-1.03909,0.45521
154.90000,5.31961,-1.03689,0.46805
154.95000,5.32619,-1.03342,0.49274
155.00000,5.33413,-1.02902,0.52562
155.05000,5.34128,-1.02469,0.56353
155.10000,5.34748,-1.02107,0.60154
155.15000,5.35043,-1.01937,0.62348
155.20000,5.35272,-1.01779,0.61823
155.25000,5.35657,-1.01511,0.59388
155.30000,5.36200,-1.01157,0.56004
155.35000,5.36819,-1.00787,0.51813
155.40000,5.37451,-1.00425,0.48655
155.45000,5.38140,-1.00056,0.48281
155.50000,5.38888,-0.99641,0.49647
155.55000,5.39660,-0.99210,0.52555
155.60000,5.40506,-0.98701,0.55945
155.65000,5.41261,-0.98215,0.59600
155.70000,5.41936,-0.97762,0.62415
155.75000,5.42563,-0.97349,0.62621
155.80000,5.43167,-0.96956,0.61733
155.85000,5.43755,-0.96577,0.59670
155.90000,5.44355,-0.96188,0.56256
155.95000,5.45063,-0.95751,0.53705
156.00000,5.45742,-0.95349,0.53540
156.05000,5.46340,-0.94991,0.54924
156.10000,5.47041,-0.94550,0.57603
156.15000,5.47730,-0.94122,0.60494
156.20000,5.47917,-0.94008,0.63993
156.25000,5.47965,-0.93972,0.67873
156.30000,5.47988,-0.93953,0.70986
156.35000,5.47977,-0.93964,0.72052
156.40000,5.48072,-0.93880,0.71576
156.45000,5.48255,-0.93723,0.70453
156.50000,5.48545,-0.93480,0.68591
156.55000,5.48984,-0.93130,0.65771
156.60000,5.49596,-0.92675,0.61901
156.65000,5.50310,-0.92179,0.59133
156.70000,5.51002,-0.91714,0.58949
156.75000,5.51596,-0.91314,0.59864
156.80000,5.51839,-0.91152,0.62917
156.85000,5.51884,-0.91119,0.66773
156.90000,5.51903,-0.91104,0.70535
156.95000,5.51910,-0.91097,0.73418
157.00000,5.51902,-0.91102,0.74146
157.05000,5.51999,-0.91013,0.73591
157.10000,5.52183,-0.90848,0.72404
157.15000,5.52478,-0.90592,0.70426
157.20000,5.52919,-0.90227,0.67490
157.25000,5.53533,-0.89755,0.63532
157.30000,5.54257,-0.89237,0.60656
157.35000,5.54998,-0.88725,0.60501
157.40000,5.55649,-0.88272,0.62705
157.45000,5.56199,-0.87858,0.66546
157.50000,5.56768,-0.87390,0.71157
157.55000,5.57383,-0.86833,0.76085
157.60000,5.58009,-0.86204,0.81269
157.65000,5.58533,-0.85620,0.87164
157.70000,5.58908,-0.85143,0.93965
157.75000,5.59240,-0.84677,0.99466
157.80000,5.59498,-0.84275,1.00990
157.85000,5.59737,-0.83890,0.99578
157.90000,5.60045,-0.83432,0.96559
157.95000,5.60362,-0.82993,0.92204
158.00000,5.60595,-0.82696,0.89266
158.05000,5.60804,-0.82440,0.88687
158.10000,5.61013,-0.82184,0.88446
158.15000,5.61224,-0.81928,0.88663
158.20000,5.61441,-0.81669,0.89957
158.25000,5.61674,-0.81398,0.92719
158.30000,5.61936,-0.81083,0.97168
158.35000,5.62220,-0.80647,1.03045
158.40000,5.62449,-0.80236,1.09710
158.45000,5.62611,-0.79891,1.17086
158.50000,5.62729,-0.79589,1.23578
158.55000,5.62789,-0.79337,1.27005
158.60000,5.62821,-0.79122,1.27521
158.65000,5.62976,-0.78663,1.25729
158.70000,5.63206,-0.77987,1.22672
158.75000,5.63514,-0.77177,1.19046
158.80000,5.63834,-0.76419,1.14762
158.85000,5.64096,-0.75874,1.09283
158.90000,5.64307,-0.75453,1.04161
158.95000,5.64514,-0.75041,1.00559
159.00000,5.64777,-0.74581,0.99887
159.05000,5.65057,-0.74108,1.00715
159.10000,5.65346,-0.73630,1.02840
159.15000,5.65651,-0.73136,1.06829
159.20000,5.65905,-0.72642,1.12390
159.25000,5.66111,-0.72178,1.18728
159.30000,5.66282,-0.71707,1.25519
159.35000,5.66411,-0.71258,1.32742
159.40000,5.66491,-0.70879,1.40477
159.45000,5.66528,-0.70574,1.47550
159.50000,5.66507,-0.70332,1.52461
159.55000,5.66514,-0.70158,1.54827
159.60000,5.66525,-0.70022,1.54909
159.65000,5.66541,-0.69719,1.53834
159.70000,5.66572,-0.69186,1.51455
159.75000,5.66635,-0.68393,1.47715
159.80000,5.66736,-0.67513,1.43422
159.85000,5.66876,-0.66647,1.38817
159.90000,5.67028,-0.65914,1.33955
159.95000,5.67176,-0.65347,1.28594
160.00000,5.67306,-0.64946,1.22269
160.05000,5.67438,-0.64575,1.16562
160.10000,5.67608,-0.64173,1.13357
160.15000,5.67833,-0.63724,1.13143
160.20000,5.68075,-0.63248,1.15308
160.25000,5.68236,-0.62862,1.19737
160.30000,5.68392,-0.62432,1.25094
160.35000,5.68516,-0.62014,1.31299
160.40000,5.68605,-0.61626,1.38192
160.45000,5.68658,-0.61282,1.45666
160.50000,5.68676,-0.61007,1.52594
160.55000,5.68673,-0.60773,1.57782
160.60000,5.68669,-0.60607,1.60969
160.65000,5.68651,-0.60508,1.62030
160.70000,5.68632,-0.60367,1.61571
160.75000,5.68598,-0.59950,1.59522
160.80000,5.68586,-0.59387,1.56634
160.85000,5.68607,-0.58593,1.52519
160.90000,5.68667,-0.57719,1.47857
160.95000,5.68769,-0.56852,1.42929
161.00000,5.68871,-0.56184,1.37748
161.05000,5.68951,-0.55817,1.31680
161.10000,5.69054,-0.55463,1.25237
161.15000,5.69152,-0.55158,1.19261
161.20000,5.69300,-0.54812,1.16151
161.25000,5.69505,-0.54417,1.16330
161.30000,5.69725,-0.53964,1.18793
161.35000,5.69938,-0.53422,1.22524
161.40000,5.70138,-0.52849,1.27171
161.45000,5.70333,-0.52161,1.32451
161.50000,5.70467,-0.51560,1.38347
161.55000,5.70534,-0.51132,1.45194
161.60000,5.70567,-0.50760,1.51400
161.65000,5.70568,-0.50415,1.55171
161.70000,5.70571,-0.50080,1.56964
161.75000,5.70572,-0.49793,1.56757
161.80000,5.70578,-0.49495,1.55275
161.85000,5.70602,-0.49023,1.52522
161.90000,5.70650,-0.48399,1.48267
161.95000,5.70731,-0.47679,1.43378
162.00000,5.70823,-0.47104,1.38197
162.05000,5.70909,-0.46713,1.31971
162.10000,5.70987,-0.46400,1.26194
162.15000,5.71093,-0.46063,1.22658
162.20000,5.71232,-0.45701,1.21793
162.25000,5.71396,-0.45320,1.23091
162.30000,5.71553,-0.44945,1.25710
162.35000,5.71735,-0.44468,1.29257
162.40000,5.71949,-0.43721,1.33481
162.45000,5.72129,-0.42885,1.38611
162.50000,5.72237,-0.42208,1.44142
162.55000,5.72290,-0.41691,1.50273
162.60000,5.72301,-0.41298,1.55931
162.65000,5.72300,-0.40954,1.59010
162.70000,5.72293,-0.40639,1.59416
162.75000,5.72286,-0.40251,1.57160
162.80000,5.72296,-0.39658,1.53700
162.85000,5.72333,-0.38986,1.49235
162.90000,5.72386,-0.38465,1.44260
162.95000,5.72446,-0.38075,1.38383
163.00000,5.72503,-0.37763,1.32887
163.05000,5.72554,-0.37458,1.28529
163.10000,5.72609,-0.37152,1.25112
163.15000,5.72675,-0.36838,1.22950
163.20000,5.72755,-0.36513,1.21847
163.25000,5.72837,-0.36188,1.21515
163.30000,5.72918,-0.35864,1.21301
163.35000,5.73012,-0.35529,1.22136
163.40000,5.73232,-0.34926,1.25895
163.45000,5.73470,-0.34123,1.30499
163.50000,5.73686,-0.33241,1.35359
163.55000,5.73868,-0.32305,1.40471
163.60000,5.74004,-0.31336,1.45766
163.65000,5.74088,-0.30354,1.51228
163.70000,5.74115,-0.29544,1.56802
163.75000,5.74101,-0.28982,1.63110
163.80000,5.74080,-0.28542,1.69146
163.85000,5.74066,-0.28112,1.73473
163.90000,5.74068,-0.27713,1.75700
163.95000,5.74016,-0.27375,1.75746
164.00000,5.73898,-0.26749,1.73597
164.05000,5.73767,-0.25905,1.70358
164.10000,5.73663,-0.25000,1.66782
164.15000,5.73591,-0.24095,1.63136
164.20000,5.73553,-0.23187,1.59514
164.25000,5.73546,-0.22444,1.55934
164.30000,5.73557,-0.22013,1.53135
164.35000,5.73584,-0.21539,1.52100
164.40000,5.73631,-0.21023,1.52522
164.45000,5.73662,-0.20422,1.54797
164.50000,5.73665,-0.19703,1.58720
164.55000,5.73637,-0.18966,1.63473
164.60000,5.73591,-0.18420,1.69037
164.65000,5.73537,-0.18008,1.73434
164.70000,5.73509,-0.17674,1.75306
164.75000,5.73442,-0.17342,1.75093
164.80000,5.73364,-0.16913,1.74264
164.85000,5.73274,-0.16385,1.72862
164.90000,5.73177,-0.15749,1.70849
164.95000,5.73077,-0.14975,1.68114
165.00000,5.72991,-0.14077,1.64704
165.05000,5.72947,-0.13278,1.61301
165.10000,5.72942,-0.12905,1.58726
165.15000,5.72938,-0.12470,1.58350
165.20000,5.72926,-0.11962,1.59848
165.25000,5.72898,-0.11316,1.63131
165.30000,5.72834,-0.10515,1.66994
165.35000,5.72742,-0.09756,1.71527
165.40000,5.72653,-0.09095,1.75788
165.45000,5.72579,-0.08450,1.79478
165.50000,5.72529,-0.07828,1.82689
165.55000,5.72502,-0.07232,1.85310
165.60000,5.72497,-0.06659,1.87548
165.65000,5.72511,-0.06106,1.89457
165.70000,5.72448,-0.05631,1.89461
165.75000,5.72264,-0.05063,1.87202
165.80000,5.72034,-0.04277,1.83798
165.85000,5.71813,-0.03401,1.79939
165.90000,5.71625,-0.02518,1.76065
165.95000,5.71472,-0.01628,1.72172
166.00000,5.71354,-0.00734,1.68244
166.05000,5.71266,0.00173,1.65333
166.10000,5.71190,0.01106,1.64442
166.15000,5.71122,0.02058,1.65751
166.20000,5.71038,0.02948,1.68895
166.25000,5.70910,0.03878,1.72671
166.30000,5.70736,0.04852,1.76833
166.35000,5.70530,0.05884,1.81133
166.40000,5.70522,0.06616,1.84933
166.45000,5.70494,0.07269,1.85736
166.50000,5.70338,0.07880,1.84179
166.55000,5.70144,0.08618,1.81355
166.60000,5.69950,0.09464,1.77812
166.65000,5.69783,0.10344,1.75541
166.70000,5.69645,0.11149,1.75359
166.75000,5.69557,0.11684,1.76660
166.80000,5.69543,0.11835,1.79619
166.85000,5.69533,0.11871,1.82847
166.90000,5.69524,0.11909,1.86065
166.95000,5.69505,0.11995,1.89530
167.00000,5.69485,0.12045,1.91305
167.05000,5.69377,0.12326,1.90707
167.10000,5.69189,0.12878,1.88813
167.15000,5.68952,0.13626,1.86090
167.20000,5.68697,0.14532,1.82839
167.25000,5.68467,0.15441,1.80464
167.30000,5.68274,0.16288,1.80093
167.35000,5.68152,0.16850,1.81221
167.40000,5.68120,0.17048,1.84008
167.45000,5.68112,0.17080,1.87350
167.50000,5.68111,0.17083,1.90726
167.55000,5.68093,0.17139,1.94036
167.60000,5.68075,0.17180,1.95665
167.65000,5.67963,0.17430,1.95194
167.70000,5.67750,0.17967,1.93336
167.75000,5.67494,0.18668,1.90502
167.80000,5.67213,0.19524,1.87130
167.85000,5.66962,0.20389,1.84988
167.90000,5.66762,0.21117,1.85175
167.95000,5.66667,0.21495,1.87131
168.00000,5.66648,0.21600,1.90448
168.05000,5.66617,0.21694,1.93907
168.10000,5.66577,0.21798,1.97388
168.15000,5.66544,0.21895,2.00068
168.20000,5.66482,0.22024,2.00989
168.25000,5.66261,0.22470,1.99481
168.30000,5.65976,0.23123,1.96732
168.35000,5.65662,0.23910,1.93287
168.40000,5.65372,0.24722,1.91247
168.45000,5.65127,0.25432,1.91273
168.50000,5.64999,0.25827,1.92924
168.55000,5.64955,0.25953,1.96240
168.60000,5.64922,0.26044,1.99660
168.65000,5.64878,0.26141,2.03058
168.70000,5.64831,0.26243,2.05914
168.75000,5.64753,0.26379,2.06644
168.80000,5.64521,0.26801,2.05057
168.85000,5.64201,0.27437,2.02260
168.90000,5.63845,0.28205,1.98778
168.95000,5.63470,0.29056,1.96211
169.00000,5.63165,0.29816,1.95878
169.05000,5.63001,0.30245,1.97392
169.10000,5.62951,0.30401,2.00178
169.15000,5.62901,0.30503,2.03575
169.20000,5.62847,0.30606,2.06981
169.25000,5.62825,0.30672,2.08673
169.30000,5.62684,0.30906,2.08098
169.35000,5.62414,0.31397,2.06082
169.40000,5.62074,0.32057,2.03150
169.45000,5.61723,0.32794,2.01269
169.50000,5.61404,0.33476,2.01189
169.55000,5.61197,0.33921,2.02608
169.60000,5.61115,0.34093,2.05565
169.65000,5.61059,0.34194,2.08961
169.70000,5.61000,0.34293,2.12348
169.75000,5.60968,0.34363,2.14234
169.80000,5.60825,0.34579,2.13780
169.85000,5.60529,0.35052,2.11806
169.90000,5.60155,0.35686,2.08881
169.95000,5.59742,0.36442,2.05296
170.00000,5.59342,0.37236,2.03102
170.05000,5.59000,0.37930,2.03031
170.10000,5.58796,0.38351,2.04524
170.15000,5.58712,0.38521,2.07482
170.20000,5.58658,0.38617,2.10874
170.25000,5.58599,0.38715,2.14247
170.30000,5.58571,0.38782,2.15982
170.35000,5.58416,0.39007,2.15416
170.40000,5.58109,0.39481,2.13399
170.45000,5.57720,0.40117,2.10457
170.50000,5.57317,0.40817,2.08714
170.55000,5.56973,0.41423,2.08995
170.60000,5.56760,0.41797,2.10671
170.65000,5.56692,0.41916,2.13830
170.70000,5.56634,0.42006,2.17158
170.75000,5.56582,0.42083,2.19300
170.80000,5.56445,0.42268,2.18978
170.85000,5.56125,0.42724,2.17029
170.90000,5.55718,0.43339,2.14113
170.95000,5.55282,0.44032,2.12274
171.00000,5.54925,0.44615,2.12553
171.05000,5.54752,0.44904,2.14582
171.10000,5.54692,0.44997,2.17844
171.15000,5.54629,0.45088,2.21132
171.20000,5.54562,0.45177,2.24397
171.25000,5.54525,0.45236,2.26096
171.30000,5.54389,0.45399,2.25873
171.35000,5.54043,0.45826,2.23899
171.40000,5.53596,0.46410,2.20940
171.45000,5.53094,0.47111,2.17319
171.50000,5.52588,0.47868,2.15002
171.55000,5.52131,0.48572,2.14484
171.60000,5.51779,0.49115,2.15034
171.65000,5.51517,0.49513,2.16513
171.70000,5.51404,0.49679,2.19395
171.75000,5.51370,0.49725,2.22532
171.80000,5.51353,0.49747,2.25546
171.85000,5.51329,0.49772,2.27700
171.90000,5.51234,0.49876,2.28135
171.95000,5.50891,0.50272,2.26508
172.00000,5.50409,0.50851,2.23921
172.05000,5.49885,0.51531,2.20434
172.10000,5.49359,0.52263,2.18136
172.15000,5.48873,0.52960,2.17548
172.20000,5.48541,0.53442,2.18313
172.25000,5.48451,0.53576,2.20921
172.30000,5.48433,0.53599,2.24004
172.35000,5.48415,0.53621,2.27082
172.40000,5.48397,0.53643,2.30144
172.45000,5.48377,0.53664,2.33191
172.50000,5.48357,0.53682,2.35134
172.55000,5.48236,0.53798,2.35262
172.60000,5.47836,0.54207,2.33564
172.65000,5.47281,0.54800,2.30957
172.70000,5.46648,0.55518,2.27728
172.75000,5.46014,0.56270,2.25456
172.80000,5.45495,0.56910,2.25179
172.85000,5.45110,0.57384,2.25841
172.90000,5.44836,0.57713,2.27291
172.95000,5.44707,0.57864,2.29783
173.00000,5.44689,0.57886,2.32884
173.05000,5.44674,0.57902,2.35973
173.10000,5.44652,0.57923,2.37365
173.15000,5.44518,0.58050,2.37356
173.20000,5.44245,0.58315,2.36539
173.25000,5.43859,0.58700,2.35025
173.30000,5.43326,0.59251,2.32569
173.35000,5.42702,0.59919,2.30358
173.40000,5.42166,0.60508,2.30050
173.45000,5.41787,0.60930,2.30865
173.50000,5.41531,0.61207,2.32495
173.55000,5.41417,0.61327,2.34997
173.60000,5.41397,0.61346,2.38059
173.65000,5.41377,0.61365,2.41118
173.70000,5.41354,0.61382,2.43075
173.75000,5.41193,0.61518,2.43035
173.80000,5.40763,0.61895,2.41180
173.85000,5.40159,0.62450,2.38546
173.90000,5.39467,0.63124,2.35340
173.95000,5.38774,0.63823,2.32816
174.00000,5.38129,0.64496,2.31886
174.05000,5.37665,0.64995,2.32319
174.10000,5.37449,0.65220,2.34378
174.15000,5.37351,0.65319,2.37050
174.20000,5.37328,0.65341,2.40151
174.25000,5.37308,0.65358,2.43265
174.30000,5.37287,0.65376,2.46361
174.35000,5.37267,0.65388,2.48382
174.40000,5.37120,0.65501,2.48479
174.45000,5.36684,0.65843,2.46952
174.50000,5.36060,0.66351,2.44468
174.55000,5.35329,0.66983,2.41319
174.60000,5.34589,0.67644,2.38797
174.65000,5.33901,0.68280,2.37788
174.70000,5.33413,0.68745,2.38230
174.75000,5.33018,0.69116,2.39283
174.80000,5.32712,0.69397,2.40884
174.85000,5.32501,0.69583,2.43050
174.90000,5.32452,0.69625,2.46083
174.95000,5.32431,0.69642,2.49275
175.00000,5.32409,0.69657,2.52448
175.05000,5.32403,0.69655,2.54465
175.10000,5.32251,0.69758,2.54622
175.15000,5.31800,0.70069,2.52991
175.20000,5.31183,0.70515,2.50226
175.25000,5.30479,0.71057,2.46822
175.30000,5.29765,0.71629,2.43954
175.35000,5.29099,0.72183,2.43173
175.40000,5.28554,0.72650,2.43621
175.45000,5.28073,0.73056,2.44606
175.50000,5.27659,0.73396,2.46109
175.55000,5.27314,0.73671,2.48118
175.60000,5.27038,0.73880,2.50627
175.65000,5.26837,0.74024,2.53626
175.70000,5.26712,0.74108,2.57101
175.75000,5.26644,0.74145,2.59055
175.80000,5.26443,0.74269,2.59076
175.85000,5.25972,0.74565,2.57547
175.90000,5.25322,0.74990,2.54850
175.95000,5.24585,0.75504,2.51532
176.00000,5.23841,0.76045,2.48812
176.05000,5.23109,0.76599,2.47834
176.10000,5.22528,0.77050,2.48329
176.15000,5.22019,0.77440,2.49392
176.20000,5.21583,0.77765,2.50991
176.25000,5.21219,0.78026,2.53108
176.30000,5.20929,0.78223,2.55726
176.35000,5.20716,0.78360,2.58834
176.40000,5.20583,0.78439,2.62410
176.45000,5.20518,0.78470,2.64483
176.50000,5.20311,0.78585,2.64667
176.55000,5.19850,0.78839,2.63416
176.60000,5.19168,0.79230,2.60834
176.65000,5.18454,0.79653,2.59368
176.70000,5.17766,0.80072,2.59326
176.75000,5.17147,0.80448,2.59907
176.80000,5.16600,0.80774,2.60997
176.85000,5.16125,0.81048,2.62575
176.90000,5.15748,0.81255,2.64690
176.95000,5.15569,0.81344,2.67417
177.00000,5.15488,0.81368,2.69501
177.05000,5.15305,0.81455,2.69960
177.10000,5.14976,0.81614,2.69560
177.15000,5.14405,0.81896,2.67737
177.20000,5.13613,0.82308,2.64630
177.25000,5.12825,0.82734,2.62692
177.30000,5.12071,0.83155,2.62306
177.35000,5.11469,0.83494,2.62995
177.40000,5.11033,0.83735,2.64470
177.45000,5.10770,0.83875,2.66776
177.50000,5.10719,0.83900,2.70048
177.55000,5.10695,0.83911,2.73443
177.60000,5.10673,0.83917,2.75804
177.65000,5.10536,0.83973,2.76445
177.70000,5.10071,0.84166,2.75469
177.75000,5.09349,0.84472,2.73063
177.80000,5.08526,0.84847,2.69918
177.85000,5.07695,0.85257,2.66655
177.90000,5.06874,0.85680,2.64283
177.95000,5.06077,0.86099,2.63435
178.00000,5.05512,0.86407,2.64270
178.05000,5.05065,0.86647,2.65712
178.10000,5.04737,0.86815,2.67741
178.15000,5.04534,0.86913,2.70362
178.20000,5.04463,0.86944,2.73568
178.25000,5.04440,0.86954,2.76974
178.30000,5.04416,0.86963,2.80355
178.35000,5.04387,0.86972,2.82415
178.40000,5.04161,0.87052,2.82541
178.45000,5.03591,0.87247,2.81073
178.50000,5.02796,0.87530,2.78659
178.55000,5.01937,0.87865,2.75533
178.60000,5.01075,0.88234,2.72323
178.65000,5.00251,0.88601,2.70280
178.70000,4.99438,0.88964,2.69165
178.75000,4.98625,0.89328,2.68416
178.80000,4.97812,0.89693,2.68015
178.85000,4.97040,0.90045,2.68122
178.90000,4.96534,0.90291,2.69509
178.95000,4.96202,0.90446,2.71733
179.00000,4.96046,0.90513,2.74757
179.05000,4.96018,0.90524,2.78335
179.10000,4.95995,0.90532,2.81914
179.15000,4.95971,0.90540,2.85462
179.20000,4.95951,0.90540,2.87836
179.25000,4.95728,0.90609,2.88132
179.30000,4.95156,0.90771,2.86920
179.35000,4.94347,0.91008,2.84601
179.40000,4.93458,0.91295,2.81639
179.45000,4.92591,0.91581,2.79173
179.50000,4.91727,0.91867,2.77445
179.55000,4.90861,0.92155,2.75957
179.60000,4.89982,0.92457,2.75206
179.65000,4.89101,0.92763,2.74773
179.70000,4.88218,0.93071,2.74547
179.75000,4.87373,0.93381,2.74783
179.80000,4.86644,0.93674,2.75608
179.85000,4.86107,0.93877,2.77535
179.90000,4.85865,0.93954,2.80738
179.95000,4.85841,0.93962,2.84671
180.00000,4.85817,0.93968,2.88584
180.05000,4.85793,0.93974,2.92457
180.10000,4.85773,0.93984,2.94851
180.15000,4.85542,0.94040,2.95525
180.20000,4.85024,0.94148,2.94928
180.25000,4.84276,0.94305,2.93022
180.30000,4.83376,0.94511,2.90238
180.35000,4.82468,0.94736,2.87988
180.40000,4.81553,0.94980,2.87212
180.45000,4.80772,0.95192,2.87910
180.50000,4.80069,0.95376,2.89105
180.55000,4.79442,0.95531,2.90751
180.60000,4.78891,0.95656,2.92831
180.65000,4.78418,0.95752,2.95330
180.70000,4.78020,0.95821,2.98230
180.75000,4.77794,0.95840,3.00441
180.80000,4.77481,0.95894,3.00882
180.85000,4.76900,0.95987,2.99975
180.90000,4.76073,0.96116,2.97685
180.95000,4.75156,0.96281,2.95011
181.00000,4.74248,0.96471,2.92149
181.05000,4.73353,0.96674,2.90142
181.10000,4.72439,0.96898,2.89392
181.15000,4.71662,0.97087,2.90185
181.20000,4.71063,0.97214,2.91955
181.25000,4.70550,0.97324,2.94231
181.30000,4.70121,0.97401,2.96905
181.35000,4.69914,0.97429,3.00239
181.40000,4.69889,0.97431,3.04046
181.45000,4.69865,0.97433,3.07824
181.50000,4.69849,0.97436,3.10382
181.55000,4.69672,0.97452,3.11407
181.60000,4.69260,0.97471,3.11194
181.65000,4.68596,0.97501,3.09777
181.70000,4.67709,0.97554,3.07057
181.75000,4.66785,0.97633,3.04139
181.80000,4.65864,0.97739,3.01230
181.85000,4.64939,0.97866,2.98925
181.90000,4.63999,0.98010,2.97983
181.95000,4.63241,0.98126,2.98625
182.00000,4.62633,0.98216,2.99893
182.05000,4.62130,0.98283,3.01621
182.10000,4.61734,0.98328,3.03806
182.15000,4.61449,0.98353,3.06443
182.20000,4.61274,0.98358,3.08648
182.25000,4.60990,0.98383,3.09083
182.30000,4.60450,0.98419,3.08202
182.35000,4.59622,0.98480,3.06004
182.40000,4.58669,0.98571,3.03159
182.45000,4.57711,0.98672,3.00862
182.50000,4.56760,0.98778,3.00007
182.55000,4.55974,0.98876,3.00536
182.60000,4.55300,0.98964,3.01583
182.65000,4.54736,0.99030,3.03120
182.70000,4.54286,0.99074,3.05143
182.75000,4.53952,0.99099,3.07644
182.80000,4.53744,0.99103,3.09666
182.85000,4.53444,0.99122,3.09948
182.90000,4.52903,0.99155,3.09218
182.95000,4.52093,0.99206,3.06997
183.00000,4.51128,0.99289,3.04124
183.05000,4.50184,0.99383,3.01856
183.10000,4.49239,0.99482,3.00678
183.15000,4.48289,0.99587,2.99986
183.20000,4.47339,0.99693,2.99516
183.25000,4.46389,0.99799,2.99267
183.30000,4.45440,0.99906,2.99293
183.35000,4.44584,1.00011,3.00028
183.40000,4.43872,1.00105,3.01403
183.45000,4.43269,1.00176,3.03261
183.50000,4.42775,1.00223,3.05587
183.55000,4.42392,1.00250,3.08367
183.60000,4.42118,1.00260,3.11585
183.65000,4.41975,1.00261,-3.13006
183.70000,4.41935,1.00259,-3.09688
183.75000,4.41870,1.00235,-3.07795
183.80000,4.41650,1.00173,-3.07051
183.85000,4.41277,1.00086,-3.07053
183.90000,4.40809,0.99994,-3.07495
183.95000,4.40221,0.99918,-3.08707
184.00000,4.39508,0.99865,-3.10684
184.05000,4.38604,0.99846,-3.13606
184.10000,4.37680,0.99855,3.11667
184.15000,4.36757,0.99892,3.08627
184.20000,4.35841,0.99958,3.05388
184.25000,4.34925,1.00053,3.02233
184.30000,4.34006,1.00168,2.99671
184.35000,4.33059,1.00312,2.98619
184.40000,4.32170,1.00446,2.99032
184.45000,4.31363,1.00565,2.99952
184.50000,4.30626,1.00665,3.01305
184.55000,4.29963,1.00744,3.03081
184.60000,4.29373,1.00803,3.05267
184.65000,4.28859,1.00842,3.07855
184.70000,4.28419,1.00862,3.10829
184.75000,4.28056,1.00867,-3.14144
184.80000,4.27927,1.00867,-3.10437
184.85000,4.27906,1.00871,-3.06960
184.90000,4.27883,1.00860,-3.04876
184.95000,4.27730,1.00834,-3.04025
185.00000,4.27409,1.00787,-3.04149
185.05000,4.26962,1.00742,-3.04896
185.10000,4.26443,1.00695,-3.06233
185.15000,4.25815,1.00647,-3.08118
185.20000,4.25068,1.00605,-3.10702
185.25000,4.24182,1.00588,-3.14068
185.30000,4.23266,1.00602,3.10903
185.35000,4.22332,1.00635,3.08933
185.40000,4.21507,1.00670,3.09260
185.45000,4.20779,1.00701,3.10214
185.50000,4.20317,1.00711,3.11061
185.55000,4.19999,1.00725,3.10752
185.60000,4.19507,1.00748,3.10301
185.65000,4.18958,1.00763,3.11259
185.70000,4.18468,1.00770,3.13394
185.75000,4.18172,1.00770,-3.13197
185.80000,4.17931,1.00768,-3.12008
185.85000,4.17766,1.00763,-3.10634
185.90000,4.17513,1.00750,-3.10910
185.95000,4.17147,1.00737,-3.11708
186.00000,4.16730,1.00728,-3.13088
186.05000,4.16167,1.00726,3.13199
186.10000,4.15327,1.00750,3.09786
186.15000,4.14414,1.00797,3.07289
186.20000,4.13484,1.00860,3.06263
186.25000,4.12711,1.00902,3.06784
186.30000,4.12016,1.00949,3.07799
186.35000,4.11387,1.00984,3.09207
186.40000,4.10824,1.01006,3.10990
186.45000,4.10370,1.01015,3.13243
186.50000,4.10121,1.01014,-3.12900
186.55000,4.09906,1.01007,-3.12327
186.60000,4.09444,1.00999,-3.13631
186.65000,4.08710,1.01005,3.11995
186.70000,4.07906,1.01030,3.10232
186.75000,4.07096,1.01052,3.10073
186.80000,4.06478,1.01059,3.11228
186.85000,4.06073,1.01065,3.13272
186.90000,4.05866,1.01065,-3.12188
186.95000,4.05827,1.01064,-3.08662
187.00000,4.05799,1.01061,-3.05838
187.05000,4.05792,1.01050,-3.04427
187.10000,4.05762,1.01039,-3.03823
187.15000,4.05646,1.01025,-3.03662
187.20000,4.05457,1.01004,-3.03920
187.25000,4.05163,1.00973,-3.04635
187.30000,4.04735,1.00930,-3.05943
187.35000,4.04153,1.00869,-3.07921
187.40000,4.03386,1.00817,-3.10814
187.45000,4.02471,1.00804,3.13538
187.50000,4.01574,1.00819,3.10308
187.55000,4.00910,1.00846,3.08479
187.60000,4.00351,1.00877,3.07174
187.65000,3.99815,1.00894,3.07953
187.70000,3.99513,1.00889,3.10116
187.75000,3.99332,1.00883,3.12724
187.80000,3.99262,1.00882,-3.12535
187.85000,3.99189,1.00880,-3.10085
187.90000,3.99062,1.00865,-3.09648
187.95000,3.98699,1.00842,-3.11018
188.00000,3.98061,1.00830,-3.13832
188.05000,3.97191,1.00842,3.11126
188.10000,3.96242,1.00868,3.08088
188.15000,3.95540,1.00904,3.05991
188.20000,3.94992,1.00951,3.04352
188.25000,3.94457,1.00986,3.04888
188.30000,3.94235,1.00994,3.07796
188.35000,3.94198,1.00995,3.11073
188.40000,3.94173,1.00996,-3.14019
188.45000,3.94136,1.00996,-3.12065
188.50000,3.94050,1.00987,-3.12005
188.55000,3.93835,1.00980,-3.13725
188.60000,3.93368,1.00988,3.11858
188.65000,3.92664,1.01012,3.08040
188.70000,3.92056,1.01063,3.02935
188.75000,3.91416,1.01154,2.97344
188.80000,3.90698,1.01298,2.91624
188.85000,3.89959,1.01490,2.85731
188.90000,3.89183,1.01742,2.79806
188.95000,3.88360,1.02064,2.73939
189.00000,3.87534,1.02445,2.68032
189.05000,3.86710,1.02885,2.62125
189.10000,3.85914,1.03335,2.57089
189.15000,3.85134,1.03772,2.53451
189.20000,3.84398,1.04187,2.50909
189.25000,3.83836,1.04466,2.48619
189.30000,3.83285,1.04747,2.47066
189.35000,3.82822,1.04978,2.46861
189.40000,3.82680,1.05088,2.46424
189.45000,3.82574,1.05172,2.45947
189.50000,3.82508,1.05227,2.44927
189.55000,3.82456,1.05271,2.43982
189.60000,3.82313,1.05395,2.41752
189.65000,3.81991,1.05689,2.38573
189.70000,3.81529,1.06142,2.34611
189.75000,3.81039,1.06644,2.31192
189.80000,3.80531,1.07172,2.30363
189.85000,3.80053,1.07684,2.31393
189.90000,3.79741,1.08018,2.33767
189.95000,3.79639,1.08122,2.37439
190.00000,3.79617,1.08142,2.41610
190.05000,3.79592,1.08161,2.44572
190.10000,3.79575,1.08173,2.46511
190.15000,3.79550,1.08191,2.47799
190.20000,3.79474,1.08250,2.46455
190.25000,3.79196,1.08482,2.43739
190.30000,3.78748,1.08876,2.40181
190.35000,3.78211,1.09386,2.36014
190.40000,3.77659,1.09936,2.32435
190.45000,3.77102,1.10497,2.31115
190.50000,3.76544,1.11063,2.30959
190.55000,3.76125,1.11501,2.31343
190.60000,3.75823,1.11828,2.31189
190.65000,3.75533,1.12146,2.30708
190.70000,3.75235,1.12475,2.32225
190.75000,3.75053,1.12675,2.34565
190.80000,3.74905,1.12834,2.36324
190.85000,3.74799,1.12940,2.38074
190.90000,3.74696,1.13039,2.39278
190.95000,3.74599,1.13133,2.40161
191.00000,3.74506,1.13221,2.40693
191.05000,3.74414,1.13306,2.40658
191.10000,3.74312,1.13399,2.39235
191.15000,3.74041,1.13660,2.37340
191.20000,3.73729,1.13965,2.36535
191.25000,3.73453,1.14238,2.36978
191.30000,3.73207,1.14479,2.36676
191.35000,3.72954,1.14723,2.35215
191.40000,3.72657,1.15025,2.32463
191.45000,3.72206,1.15523,2.28636
191.50000,3.71697,1.16112,2.25102
191.55000,3.71183,1.16712,2.23705
191.60000,3.70756,1.17233,2.25062
191.65000,3.70697,1.17312,2.29042
191.70000,3.70676,1.17334,2.33251
191.75000,3.70653,1.17355,2.36404
191.80000,3.70631,1.17373,2.38704
191.85000,3.70622,1.17372,2.39035
191.90000,3.70556,1.17434,2.37648
191.95000,3.70345,1.17642,2.35379
192.00000,3.69972,1.18029,2.32153
192.05000,3.69522,1.18520,2.29710
192.10000,3.69199,1.18886,2.28237
192.15000,3.68985,1.19141,2.27038
192.20000,3.68822,1.19337,2.28940
192.25000,3.68736,1.19434,2.32604
192.30000,3.68714,1.19457,2.36708
192.35000,3.68689,1.19477,2.39744
192.40000,3.68671,1.19485,2.40315
192.45000,3.68625,1.19522,2.39223
192.50000,3.68448,1.19691,2.37227
192.55000,3.68114,1.20023,2.34354
192.60000,3.67673,1.20481,2.31700
192.65000,3.67243,1.20938,2.32074
192.70000,3.66978,1.21216,2.34736
192.75000,3.66903,1.21290,2.38509
192.80000,3.66877,1.21312,2.41528
192.85000,3.66866,1.21311,2.41803
192.90000,3.66723,1.21439,2.39994
192.95000,3.66365,1.21776,2.37137
193.00000,3.65867,1.22278,2.33421
193.05000,3.65298,1.22898,2.29170
193.10000,3.64718,1.23560,2.25692
193.15000,3.64147,1.24253,2.25010
193.20000,3.63678,1.24828,2.26528
193.25000,3.63501,1.25047,2.30091
193.30000,3.63400,1.25157,2.34810
193.35000,3.63294,1.25262,2.39553
193.40000,3.63182,1.25363,2.44285
193.45000,3.63098,1.25433,2.46956
193.50000,3.63051,1.25462,2.47009
193.55000,3.62881,1.25597,2.45254
193.60000,3.62496,1.25927,2.41990
193.65000,3.62017,1.26366,2.37964
193.70000,3.61483,1.26900,2.33409
193.75000,3.60925,1.27487,2.29855
193.80000,3.60367,1.28107,2.29441
193.85000,3.59915,1.28609,2.31487
193.90000,3.59655,1.28883,2.35223
193.95000,3.59601,1.28936,2.39777
194.00000,3.59576,1.28957,2.44214
194.05000,3.59551,1.28977,2.48641
194.10000,3.59534,1.28985,2.51982
194.15000,3.59555,1.28953,2.52755
194.20000,3.59460,1.29022,2.51728
194.25000,3.59072,1.29310,2.48817
194.30000,3.58558,1.29720,2.44997
194.35000,3.57972,1.30227,2.40643
194.40000,3.57357,1.30787,2.36994
194.45000,3.56716,1.31393,2.36423
194.50000,3.56210,1.31881,2.38474
194.55000,3.55920,1.32144,2.42277
194.60000,3.55830,1.32220,2.47063
194.65000,3.55795,1.32249,2.51629
194.70000,3.55767,1.32260,2.54451
194.75000,3.55761,1.32249,2.54804
194.80000,3.55501,1.32428,2.53056
194.85000,3.55046,1.32758,2.50039
194.90000,3.54489,1.33191,2.46261
194.95000,3.53916,1.33661,2.43960
195.00000,3.53370,1.34111,2.43917
195.05000,3.52840,1.34549,2.45568
195.10000,3.52577,1.34754,2.49278
195.15000,3.52544,1.34780,2.53883
195.20000,3.52516,1.34798,2.58466
195.25000,3.52501,1.34799,2.61707
195.30000,3.52502,1.34787,2.62125
195.35000,3.52264,1.34930,2.60736
195.40000,3.51782,1.35225,2.57831
195.45000,3.51180,1.35621,2.54179
195.50000,3.50507,1.36102,2.49986
195.55000,3.49800,1.36633,2.46529
195.60000,3.49067,1.37196,2.45620
195.65000,3.48336,1.37764,2.46011
195.70000,3.47730,1.38234,2.48010
195.75000,3.47501,1.38395,2.52032
195.80000,3.47463,1.38419,2.56771
195.85000,3.47435,1.38437,2.61523
195.90000,3.47406,1.38453,2.66255
195.95000,3.47379,1.38462,2.69872
196.00000,3.47359,1.38459,2.71225
196.05000,3.47173,1.38552,2.70565
196.10000,3.46692,1.38789,2.68161
196.15000,3.46048,1.39122,2.64723
196.20000,3.45311,1.39539,2.60737
196.25000,3.44549,1.40012,2.56540
196.30000,3.43791,1.40509,2.53330
196.35000,3.43001,1.41046,2.52765
196.40000,3.42304,1.41523,2.54182
196.45000,3.42016,1.41706,2.57751
196.50000,3.41968,1.41735,2.62417
196.55000,3.41939,1.41751,2.67176
196.60000,3.41909,1.41765,2.71914
196.65000,3.41875,1.41779,2.75406
196.70000,3.41821,1.41803,2.76424
196.75000,3.41579,1.41908,2.75668
196.80000,3.41018,1.42153,2.73215
196.85000,3.40285,1.42486,2.70003
196.90000,3.39451,1.42900,2.66312
196.95000,3.38572,1.43377,2.62636
197.00000,3.37713,1.43860,2.59669
197.05000,3.36891,1.44342,2.59602
197.10000,3.36164,1.44765,2.61072
197.15000,3.35818,1.44951,2.64436
197.20000,3.35734,1.44995,2.68924
197.25000,3.35704,1.45009,2.73658
197.30000,3.35672,1.45021,2.78372
197.35000,3.35633,1.45038,2.81807
197.40000,3.35576,1.45057,2.82707
197.45000,3.35356,1.45132,2.82270
197.50000,3.34808,1.45329,2.80055
197.55000,3.34062,1.45608,2.76853
197.60000,3.33225,1.45955,2.73137
197.65000,3.32407,1.46306,2.69820
197.70000,3.31575,1.46680,2.69159
197.75000,3.30893,1.46981,2.71043
197.80000,3.30565,1.47094,2.74774
197.85000,3.30529,1.47106,2.79436
197.90000,3.30496,1.47117,2.84102
197.95000,3.30464,1.47124,2.87534
198.00000,3.30432,1.47129,2.88471
198.05000,3.30219,1.47189,2.88124
198.10000,3.29711,1.47340,2.86390
198.15000,3.28958,1.47571,2.83245
198.20000,3.28031,1.47884,2.79830
198.25000,3.27095,1.48237,2.76322
198.30000,3.26177,1.48597,2.73371
198.35000,3.25264,1.48956,2.72228
198.40000,3.24489,1.49267,2.73447
198.45000,3.24016,1.49465,2.76134
198.50000,3.23786,1.49552,2.79925
198.55000,3.23744,1.49567,2.84525
198.60000,3.23711,1.49576,2.89161
198.65000,3.23689,1.49571,2.92510
198.70000,3.23635,1.49583,2.93462
198.75000,3.23305,1.49663,2.92663
198.80000,3.22695,1.49807,2.90367
198.85000,3.21906,1.50012,2.87107
198.90000,3.21042,1.50269,2.83405
198.95000,3.20173,1.50549,2.80406
199.00000,3.19273,1.50867,2.79464
199.05000,3.18453,1.51148,2.80728
199.10000,3.17969,1.51301,2.83588
199.15000,3.17812,1.51343,2.87741
199.20000,3.17778,1.51351,2.92359
199.25000,3.17745,1.51357,2.96956
199.30000,3.17728,1.51354,3.00255
199.35000,3.17674,1.51370,3.01178
199.40000,3.17412,1.51411,3.00844
199.45000,3.16905,1.51494,2.99215
199.50000,3.16117,1.51626,2.96124
199.55000,3.15232,1.51804,2.92541
199.60000,3.14339,1.52004,2.89580
199.65000,3.13406,1.52246,2.89029
199.70000,3.12447,1.52492,2.89723
199.75000,3.11542,1.52712,2.90888
199.80000,3.10703,1.52904,2.92482
199.85000,3.09930,1.53066,2.94482
199.90000,3.09209,1.53201,2.96811
199.95000,3.08530,1.53312,2.99406
200.00000,3.07936,1.53384,3.02383
200.05000,3.07718,1.53396,3.06394
200.10000,3.07679,1.53398,3.11069
200.15000,3.07646,1.53399,-3.14120
200.20000,3.07538,1.53396,-3.13174
200.25000,3.07196,1.53390,-3.13485
200.30000,3.06566,1.53391,3.13013
200.35000,3.05711,1.53414,3.10030
200.40000,3.04794,1.53467,3.06772
200.45000,3.03879,1.53551,3.03536
200.50000,3.02937,1.53658,3.00983
200.55000,3.01964,1.53793,3.00138
200.60000,3.01066,1.53901,3.01320
200.65000,3.00409,1.53980,3.03398
200.70000,2.99970,1.54022,3.06390
200.75000,2.99753,1.54035,3.10282
200.80000,2.99707,1.54036,-3.13469
200.85000,2.99672,1.54035,-3.08878
200.90000,2.99635,1.54029,-3.04955
200.95000,2.99579,1.54003,-3.02106
201.00000,2.99515,1.53966,-3.00125
201.05000,2.99441,1.53918,-2.98952
201.10000,2.99333,1.53855,-2.98475
201.15000,2.99148,1.53775,-2.98691
201.20000,2.98813,1.53694,-3.00139
201.25000,2.98230,1.53596,-3.02231
201.30000,2.97490,1.53488,-3.05350
201.35000,2.96546,1.53424,-3.09290
201.40000,2.95549,1.53393,-3.12591
201.45000,2.94604,1.53395,3.11921
201.50000,2.93689,1.53415,3.08481
201.55000,2.92846,1.53437,3.05761
201.60000,2.92413,1.53477,3.04732
201.65000,2.92113,1.53503,3.06821
201.70000,2.91930,1.53512,3.10200
201.75000,2.91836,1.53512,3.12426
201.80000,2.91702,1.53517,3.11618
201.85000,2.91246,1.53533,3.09452
201.90000,2.90572,1.53575,3.06379
201.95000,2.89744,1.53655,3.02704
202.00000,2.88810,1.53782,2.98611
202.05000,2.87826,1.53958,2.94334
202.10000,2.86850,1.54176,2.90072
202.15000,2.85885,1.54435,2.85855
202.20000,2.84938,1.54702,2.82326
202.25000,2.84006,1.54956,2.79621
202.30000,2.83070,1.55217,2.77691
202.35000,2.82121,1.55493,2.77036
202.40000,2.81172,1.55770,2.76621
202.45000,2.80224,1.56048,2.76520
202.50000,2.79331,1.56323,2.77295
202.55000,2.78619,1.56578,2.78977
202.60000,2.78043,1.56781,2.81318
202.65000,2.77599,1.56925,2.84269
202.70000,2.77292,1.57013,2.87830
202.75000,2.77129,1.57052,2.92000
202.80000,2.77084,1.57061,2.94372
202.85000,2.76881,1.57105,2.94269
202.90000,2.76374,1.57213,2.92678
202.95000,2.75759,1.57345,2.91005
203.00000,2.75202,1.57458,2.89774
203.05000,2.74787,1.57557,2.88767
203.10000,2.74372,1.57654,2.88200
203.15000,2.73957,1.57752,2.87870
203.20000,2.73542,1.57850,2.87784
203.25000,2.73128,1.57950,2.88591
203.30000,2.72712,1.58055,2.90993
203.35000,2.72424,1.58118,2.94916
203.40000,2.72359,1.58129,2.99760
203.45000,2.72324,1.58132,3.03812
203.50000,2.72311,1.58132,3.06050
203.55000,2.72215,1.58147,3.06762
203.60000,2.71882,1.58185,3.06218
203.65000,2.71242,1.58254,3.04081
203.70000,2.70368,1.58358,3.00711
203.75000,2.69466,1.58496,2.97199
203.80000,2.68568,1.58666,2.93743
203.85000,2.67671,1.58855,2.90891
203.90000,2.66744,1.59077,2.89731
203.95000,2.65779,1.59336,2.90158
204.00000,2.64802,1.59572,2.91246
204.05000,2.63890,1.59769,2.93250
204.10000,2.63151,1.59896,2.96056
204.15000,2.62669,1.59964,2.99968
204.20000,2.62214,1.60017,3.05115
204.25000,2.61646,1.60052,3.10677
204.30000,2.61107,1.60055,-3.11388
204.35000,2.60700,1.60030,-3.04225
204.40000,2.60287,1.59973,-2.96793
204.45000,2.59872,1.59906,-2.90306
204.50000,2.59479,1.59858,-2.85415
204.55000,2.59138,1.59856,-2.82715
204.60000,2.58841,1.59784,-2.82588
204.65000,2.58179,1.59572,-2.84997
204.70000,2.57345,1.59336,-2.88300
204.75000,2.56459,1.59119,-2.91801
204.80000,2.55592,1.58939,-2.95807
204.85000,2.54890,1.58836,-2.99339
204.90000,2.54163,1.58732,-3.00160
204.95000,2.53395,1.58621,-2.98928
205.00000,2.52850,1.58528,-2.95161
205.05000,2.52345,1.58418,-2.90136
205.10000,2.51807,1.58270,-2.84467
205.15000,2.51213,1.58068,-2.78496
205.20000,2.50611,1.57822,-2.72211
205.25000,2.50014,1.57562,-2.66878
205.30000,2.49498,1.57339,-2.62857
205.35000,2.49175,1.57173,-2.59574
205.40000,2.48859,1.57012,-2.57026
205.45000,2.48552,1.56860,-2.54615
205.50000,2.48257,1.56720,-2.52301
205.55000,2.47975,1.56592,-2.50222
205.60000,2.47710,1.56478,-2.48923
205.65000,2.47455,1.56364,-2.48653
205.70000,2.47213,1.56202,-2.49387
205.75000,2.46875,1.55950,-2.51125
205.80000,2.46313,1.55550,-2.53703
205.85000,2.45678,1.55125,-2.57600
205.90000,2.45239,1.54860,-2.62525
205.95000,2.44796,1.54624,-2.67924
206.00000,2.44320,1.54392,-2.72139
206.05000,2.43801,1.54137,-2.73248
206.10000,2.43324,1.53935,-2.71371
206.15000,2.42946,1.53757,-2.67412
206.20000,2.42600,1.53571,-2.62139
206.25000,2.42215,1.53352,-2.57665
206.30000,2.41840,1.53137,-2.55104
206.35000,2.41484,1.52932,-2.55404
206.40000,2.41126,1.52723,-2.56980
206.45000,2.40764,1.52503,-2.60627
206.50000,2.40466,1.52343,-2.64705
206.55000,2.40189,1.52211,-2.66025
206.60000,2.39920,1.52089,-2.64175
206.65000,2.39788,1.52015,-2.59616
206.70000,2.39636,1.51917,-2.53831
206.75000,2.39515,1.51832,-2.48617
206.80000,2.39403,1.51749,-2.45683
206.85000,2.39314,1.51678,-2.46328
206.90000,2.39198,1.51585,-2.48664
206.95000,2.38780,1.51241,-2.51740
207.00000,2.38138,1.50793,-2.55636
207.05000,2.37523,1.50406,-2.60610
207.10000,2.36925,1.50057,-2.64734
207.15000,2.36278,1.49709,-2.65704
207.20000,2.35897,1.49514,-2.65691
207.25000,2.35673,1.49400,-2.65571
207.30000,2.35512,1.49314,-2.62709
207.35000,2.35411,1.49254,-2.57891
207.40000,2.35330,1.49200,-2.53365
207.45000,2.35244,1.49135,-2.51136
207.50000,2.35171,1.49073,-2.52037
207.55000,2.35083,1.48993,-2.54408
207.60000,2.34915,1.48876,-2.58959
207.65000,2.34671,1.48735,-2.64887
207.70000,2.34362,1.48582,-2.71384
207.75000,2.34020,1.48436,-2.76958
207.80000,2.33668,1.48286,-2.79651
207.85000,2.33276,1.48112,-2.79019
207.90000,2.32947,1.47992,-2.75621
207.95000,2.32627,1.47854,-2.70773
208.00000,2.32162,1.47622,-2.65531
208.05000,2.31747,1.47388,-2.59471
208.10000,2.31413,1.47185,-2.54097
208.15000,2.31074,1.46972,-2.50601
208.20000,2.30751,1.46765,-2.50332
208.25000,2.30368,1.46483,-2.52799
208.30000,2.29795,1.46093,-2.56196
208.35000,2.29090,1.45651,-2.60143
208.40000,2.28480,1.45305,-2.64920
208.45000,2.28044,1.45084,-2.70536
208.50000,2.27729,1.44945,-2.75582
208.55000,2.27400,1.44799,-2.77624
208.60000,2.27096,1.44681,-2.76091
208.65000,2.26951,1.44623,-2.71728
208.70000,2.26796,1.44547,-2.66031
208.75000,2.26616,1.44446,-2.59467
208.80000,2.26449,1.44343,-2.53635
208.85000,2.26270,1.44224,-2.49207
208.90000,2.26098,1.44105,-2.47293
208.95000,2.25915,1.43966,-2.48196
209.00000,2.25453,1.43611,-2.51079
209.05000,2.24790,1.43144,-2.54636
209.10000,2.24058,1.42670,-2.58830
209.15000,2.23288,1.42220,-2.63520
209.20000,2.22405,1.41756,-2.67879
209.25000,2.21683,1.41423,-2.72262
209.30000,2.21268,1.41250,-2.77484
209.35000,2.20977,1.41142,-2.82015
209.40000,2.20634,1.40992,-2.83474
209.45000,2.20228,1.40820,-2.82500
209.50000,2.19594,1.40603,-2.79870
209.55000,2.18816,1.40311,-2.76556
209.60000,2.18019,1.39981,-2.72387
209.65000,2.17442,1.39717,-2.68153
209.70000,2.16942,1.39475,-2.65243
209.75000,2.16461,1.39244,-2.64538
209.80000,2.15986,1.38996,-2.66314
209.85000,2.15305,1.38654,-2.69199
209.90000,2.14647,1.38353,-2.73091
209.95000,2.14088,1.38120,-2.75134
210.00000,2.13598,1.37922,-2.74156
210.05000,2.12989,1.37655,-2.71707
210.10000,2.12331,1.37345,-2.68163
210.15000,2.11702,1.37036,-2.64998
210.20000,2.11107,1.36757,-2.63364
210.25000,2.10556,1.36518,-2.63481
210.30000,2.10026,1.36296,-2.64676
210.35000,2.09513,1.36057,-2.67061
210.40000,2.08883,1.35748,-2.70421
210.45000,2.08271,1.35480,-2.74212
210.50000,2.07886,1.35324,-2.76547
210.55000,2.07434,1.35125,-2.76345
210.60000,2.06839,1.34878,-2.74293
210.65000,2.06074,1.34543,-2.71428
210.70000,2.05202,1.34128,-2.68017
210.75000,2.04306,1.33683,-2.64474
210.80000,2.03899,1.33551,-2.62255
210.85000,2.03620,1.33484,-2.61810
210.90000,2.03395,1.33373,-2.62634
210.95000,2.03098,1.33207,-2.64119
211.00000,2.02665,1.32976,-2.66406
211.05000,2.02066,1.32677,-2.69631
211.10000,2.01318,1.32325,-2.72044
211.15000,2.00642,1.32028,-2.71802
211.20000,2.00207,1.31832,-2.70018
211.25000,2.00013,1.31741,-2.66881
211.30000,1.99902,1.31683,-2.63348
211.35000,1.99789,1.31618,-2.59789
211.40000,1.99714,1.31577,-2.57922
211.45000,1.99610,1.31513,-2.57926
211.50000,1.99266,1.31297,-2.59692
211.55000,1.98790,1.31016,-2.62236
211.60000,1.98146,1.30661,-2.65736
211.65000,1.97398,1.30282,-2.68135
211.70000,1.96714,1.29946,-2.68060
211.75000,1.96252,1.29716,-2.66570
211.80000,1.96046,1.29615,-2.63647
211.85000,1.95932,1.29551,-2.60154
211.90000,1.95824,1.29485,-2.56670
211.95000,1.95719,1.29415,-2.53205
212.00000,1.95644,1.29364,-2.51190
212.05000,1.95575,1.29313,-2.51047
212.10000,1.95415,1.29197,-2.51705
212.15000,1.95164,1.29018,-2.53000
212.20000,1.94783,1.28756,-2.55132
212.25000,1.94245,1.28406,-2.58181
212.30000,1.93568,1.27993,-2.60336
212.35000,1.92969,1.27636,-2.60100
212.40000,1.92626,1.27430,-2.58238
212.45000,1.92496,1.27348,-2.55124
212.50000,1.92394,1.27278,-2.51846
212.55000,1.92299,1.27210,-2.49127
212.60000,1.92212,1.27145,-2.48329
212.65000,1.91931,1.26923,-2.49910
212.70000,1.91495,1.26605,-2.52481
212.75000,1.90904,1.26200,-2.55953
212.80000,1.90219,1.25763,-2.58300
212.85000,1.89600,1.25378,-2.58325
212.90000,1.89151,1.25098,-2.57189
212.95000,1.88907,1.24943,-2.54833
213.00000,1.88794,1.24868,-2.51788
213.05000,1.88732,1.24823,-2.48721
213.10000,1.88681,1.24781,-2.46977
213.15000,1.88571,1.24687,-2.47317
213.20000,1.88186,1.24387,-2.49509
213.25000,1.87640,1.23988,-2.52679
213.30000,1.86998,1.23533,-2.54960
213.35000,1.86411,1.23135,-2.54905
213.40000,1.85996,1.22856,-2.53766
213.45000,1.85803,1.22731,-2.51334
213.50000,1.85752,1.22696,-2.48325
213.55000,1.85683,1.22642,-2.45241
213.60000,1.85619,1.22589,-2.42180
213.65000,1.85562,1.22542,-2.39769
213.70000,1.85457,1.22442,-2.39823
213.75000,1.85106,1.22122,-2.41820
213.80000,1.84587,1.21672,-2.44802
213.85000,1.83959,1.21169,-2.48558
213.90000,1.83273,1.20657,-2.50958
213.95000,1.82669,1.20217,-2.51070
214.00000,1.82302,1.19950,-2.49795
214.05000,1.82217,1.19890,-2.47030
214.10000,1.82166,1.19850,-2.44052
214.15000,1.82122,1.19814,-2.41105
214.20000,1.82053,1.19754,-2.38047
214.25000,1.82000,1.19701,-2.36398
214.30000,1.81858,1.19556,-2.36747
214.35000,1.81481,1.19194,-2.38843
214.40000,1.80966,1.18726,-2.41938
214.45000,1.80292,1.18153,-2.45460
214.50000,1.79571,1.17574,-2.47862
214.55000,1.78966,1.17104,-2.48060
214.60000,1.78577,1.16799,-2.47033
214.65000,1.78407,1.16663,-2.44846
214.70000,1.78369,1.16632,-2.41907
214.75000,1.78341,1.16608,-2.38780
214.80000,1.78329,1.16596,-2.35808
214.85000,1.78327,1.16592,-2.33393
214.90000,1.78296,1.16554,-2.33057
214.95000,1.78004,1.16247,-2.34530
215.00000,1.77484,1.15732,-2.37249
215.05000,1.76826,1.15115,-2.40563
215.10000,1.76122,1.14487,-2.42993
215.15000,1.75570,1.14012,-2.43100
215.20000,1.75361,1.13830,-2.41000
215.25000,1.75272,1.13751,-2.37928
215.30000,1.75186,1.13668,-2.34850
215.35000,1.75102,1.13583,-2.31790
215.40000,1.75022,1.13496,-2.28751
215.45000,1.74967,1.13433,-2.27599
215.50000,1.74776,1.13210,-2.28489
215.55000,1.74390,1.12775,-2.30577
215.60000,1.73870,1.12218,-2.33530
215.65000,1.73276,1.11607,-2.35433
215.70000,1.72859,1.11186,-2.35030
215.75000,1.72700,1.11019,-2.32958
215.80000,1.72672,1.10989,-2.30223
215.85000,1.72635,1.10946,-2.29077
215.90000,1.72501,1.10794,-2.30364
215.95000,1.72195,1.10465,-2.32973
216.00000,1.71832,1.10091,-2.34333
216.05000,1.71591,1.09839,-2.33014
216.10000,1.71510,1.09749,-2.31527
216.15000,1.71410,1.09637,-2.32720
216.20000,1.71163,1.09385,-2.35801
216.25000,1.70736,1.08975,-2.39538
216.30000,1.70179,1.08482,-2.43793
216.35000,1.69525,1.07953,-2.48450
216.40000,1.68797,1.07420,-2.53409
216.45000,1.68135,1.06977,-2.56433
216.50000,1.67641,1.06666,-2.58533
216.55000,1.67286,1.06450,-2.60322
216.60000,1.66972,1.06264,-2.59257
216.65000,1.66922,1.06237,-2.56679
216.70000,1.66887,1.06211,-2.55086
216.75000,1.66785,1.06141,-2.56521
216.80000,1.66445,1.05926,-2.59253
216.85000,1.66029,1.05675,-2.60998
216.90000,1.65654,1.05455,-2.60183
216.95000,1.65565,1.05406,-2.57668
217.00000,1.65476,1.05350,-2.56125
217.05000,1.65396,1.05299,-2.57282
217.10000,1.65210,1.05182,-2.59351
217.15000,1.64843,1.04960,-2.60815
217.20000,1.64575,1.04807,-2.61713
217.25000,1.64374,1.04690,-2.62546
217.30000,1.64217,1.04605,-2.62959
217.35000,1.64009,1.04485,-2.65102
217.40000,1.63675,1.04308,-2.66296
217.45000,1.63358,1.04147,-2.66272
217.50000,1.63094,1.04013,-2.66374
217.55000,1.62913,1.03926,-2.66173
217.60000,1.62759,1.03851,-2.66228
217.65000,1.62639,1.03793,-2.64100
217.70000,1.62562,1.03752,-2.61533
217.75000,1.62506,1.03718,-2.60005
217.80000,1.62449,1.03680,-2.59924
217.85000,1.62389,1.03638,-2.61096
217.90000,1.62212,1.03536,-2.63245
217.95000,1.61814,1.03320,-2.66318
218.00000,1.61282,1.03053,-2.68411
218.05000,1.60848,1.02843,-2.68061
218.10000,1.60737,1.02793,-2.65928
218.15000,1.60647,1.02746,-2.63391
218.20000,1.60587,1.02713,-2.60980
218.25000,1.60551,1.02690,-2.59387
218.30000,1.60520,1.02670,-2.58879
218.35000,1.60495,1.02653,-2.59194
218.40000,1.60455,1.02624,-2.60590
218.45000,1.60282,1.02523,-2.62836
218.50000,1.59892,1.02311,-2.66033
218.55000,1.59259,1.01996,-2.70260
218.60000,1.58560,1.01681,-2.73358
218.65000,1.57918,1.01409,-2.74199
218.70000,1.57572,1.01270,-2.73457
218.75000,1.57501,1.01239,-2.71274
218.80000,1.57455,1.01218,-2.69104
218.85000,1.57416,1.01199,-2.66958
218.90000,1.57378,1.01178,-2.65514
218.95000,1.57346,1.01160,-2.65148
219.00000,1.57235,1.01084,-2.64855
219.05000,1.57131,1.01027,-2.62981
219.10000,1.57059,1.00997,-2.61833
219.15000,1.57013,1.00977,-2.61392
219.20000,1.56981,1.00960,-2.60483
219.25000,1.56964,1.00953,-2.60905
219.30000,1.56921,1.00928,-2.62377
219.35000,1.56735,1.00824,-2.64632
219.40000,1.56348,1.00622,-2.67842
219.45000,1.55723,1.00325,-2.72017
219.50000,1.55044,1.00043,-2.77175
219.55000,1.54376,0.99800,-2.80582
219.60000,1.53794,0.99605,-2.81262
219.65000,1.53447,0.99487,-2.80655
219.70000,1.53352,0.99460,-2.78631
219.75000,1.53260,0.99425,-2.76429
219.80000,1.53169,0.99387,-2.74244
219.85000,1.53079,0.99348,-2.72079
219.90000,1.52991,0.99308,-2.69937
219.95000,1.52901,0.99268,-2.68485
220.00000,1.52833,0.99238,-2.68209
220.05000,1.52776,0.99212,-2.67370
220.10000,1.52726,0.99189,-2.68166
220.15000,1.52525,0.99081,-2.69175
220.20000,1.52359,0.99000,-2.68110
220.25000,1.52302,0.98972,-2.67872
220.30000,1.52188,0.98915,-2.69498
220.35000,1.51928,0.98784,-2.70427
220.40000,1.51765,0.98715,-2.69120
220.45000,1.51738,0.98694,-2.68695
220.50000,1.51590,0.98614,-2.70422
220.55000,1.51206,0.98440,-2.73190
220.60000,1.50723,0.98233,-2.75031
220.65000,1.50332,0.98074,-2.75064
220.70000,1.50191,0.98024,-2.73771
220.75000,1.50121,0.97995,-2.72115
220.80000,1.50046,0.97963,-2.70464
220.85000,1.50000,0.97944,-2.70478
220.90000,1.49837,0.97857,-2.72345
220.95000,1.49509,0.97713,-2.73685
221.00000,1.49213,0.97589,-2.73531
221.05000,1.49109,0.97550,-2.72240
221.10000,1.49049,0.97522,-2.70678
221.15000,1.48981,0.97489,-2.69080
221.20000,1.48903,0.97451,-2.67413
221.25000,1.48819,0.97410,-2.66438
221.30000,1.48732,0.97364,-2.67180
221.35000,1.48465,0.97219,-2.69329
221.40000,1.47992,0.96991,-2.70874
221.45000,1.47668,0.96845,-2.70641
221.50000,1.47590,0.96812,-2.69176
221.55000,1.47516,0.96777,-2.67536
221.60000,1.47467,0.96753,-2.65889
221.65000,1.47398,0.96718,-2.64371
221.70000,1.47328,0.96680,-2.62936
221.75000,1.47278,0.96652,-2.63121
221.80000,1.47072,0.96536,-2.65139
221.85000,1.46670,0.96329,-2.68288
221.90000,1.46111,0.96066,-2.72230
221.95000,1.45455,0.95790,-2.75003
222.00000,1.44998,0.95611,-2.75958
222.05000,1.44799,0.95537,-2.75561
222.10000,1.44726,0.95508,-2.74471
222.15000,1.44669,0.95484,-2.73298
222.20000,1.44605,0.95458,-2.72248
222.25000,1.44538,0.95429,-2.71284
222.30000,1.44472,0.95399,-2.70368
222.35000,1.44398,0.95364,-2.69517
222.40000,1.44326,0.95330,-2.68668
222.45000,1.44254,0.95295,-2.67856
222.50000,1.44182,0.95259,-2.67049
222.55000,1.44111,0.95223,-2.66224
222.60000,1.44034,0.95184,-2.65440
222.65000,1.43960,0.95145,-2.64615
222.70000,1.43879,0.95105,-2.64775
222.75000,1.43633,0.94971,-2.66555
222.80000,1.43142,0.94726,-2.69687
222.85000,1.42560,0.94454,-2.71872
222.90000,1.42170,0.94284,-2.72571
222.95000,1.41995,0.94209,-2.72093
223.00000,1.41926,0.94178,-2.70939
223.05000,1.41864,0.94149,-2.69711
223.10000,1.41806,0.94121,-2.68446
223.15000,1.41748,0.94092,-2.67165
223.20000,1.41691,0.94063,-2.65870
223.25000,1.41635,0.94033,-2.64560
223.30000,1.41579,0.94002,-2.63237
223.35000,1.41524,0.93971,-2.61901
223.40000,1.41469,0.93938,-2.61157
223.45000,1.41317,0.93843,-2.62127
223.50000,1.40852,0.93584,-2.64950
223.55000,1.40283,0.93286,-2.66960
223.60000,1.39859,0.93075,-2.67602
223.65000,1.39654,0.92975,-2.66946
223.70000,1.39582,0.92938,-2.65526
223.75000,1.39510,0.92900,-2.63989
223.80000,1.39434,0.92859,-2.62462
223.85000,1.39355,0.92813,-2.60943
223.90000,1.39273,0.92764,-2.59391
223.95000,1.39192,0.92714,-2.57824
224.00000,1.39124,0.92672,-2.57650
224.05000,1.38849,0.92498,-2.59407
224.10000,1.38374,0.92217,-2.62265
224.15000,1.37794,0.91896,-2.64120
224.20000,1.37347,0.91656,-2.64472
224.25000,1.37067,0.91506,-2.63810
224.30000,1.36961,0.91448,-2.62073
224.35000,1.36886,0.91404,-2.60082
224.40000,1.36814,0.91360,-2.58062
224.45000,1.36751,0.91319,-2.55989
224.50000,1.36705,0.91287,-2.55725
224.55000,1.36449,0.91114,-2.57290
224.60000,1.35990,0.90828,-2.60022
224.65000,1.35430,0.90501,-2.61755
224.70000,1.34995,0.90252,-2.61774
224.75000,1.34779,0.90129,-2.60403
224.80000,1.34699,0.90080,-2.58121
224.85000,1.34616,0.90027,-2.55770
224.90000,1.34532,0.89971,-2.53369
224.95000,1.34499,0.89952,-2.52215
225.00000,1.34324,0.89825,-2.53259
225.05000,1.33907,0.89542,-2.55818
225.10000,1.33339,0.89181,-2.59248
225.15000,1.32708,0.88806,-2.61391
225.20000,1.32081,0.88442,-2.61825
225.25000,1.31546,0.88132,-2.61451
225.30000,1.31287,0.87987,-2.59428
225.35000,1.31190,0.87928,-2.56345
225.40000,1.31095,0.87865,-2.53177
225.45000,1.31002,0.87799,-2.49997
225.50000,1.30909,0.87728,-2.46814
225.55000,1.30853,0.87684,-2.45255
225.60000,1.30688,0.87546,-2.46179
225.65000,1.30301,0.87241,-2.48525
225.70000,1.29762,0.86839,-2.51765
225.75000,1.29110,0.86389,-2.55664
225.80000,1.28383,0.85922,-2.58352
225.85000,1.27683,0.85488,-2.58723
225.90000,1.27207,0.85196,-2.57754
225.95000,1.26892,0.85000,-2.55925
226.00000,1.26799,0.84945,-2.53119
226.05000,1.26711,0.84882,-2.49847
226.10000,1.26653,0.84844,-2.46541
226.15000,1.26557,0.84764,-2.43201
226.20000,1.26491,0.84712,-2.41139
226.25000,1.26401,0.84629,-2.41148
226.30000,1.26060,0.84326,-2.43087
226.35000,1.25549,0.83900,-2.46179
226.40000,1.24918,0.83410,-2.49931
226.45000,1.24231,0.82910,-2.52336
226.50000,1.23583,0.82452,-2.52570
226.55000,1.23068,0.82088,-2.51832
226.60000,1.22870,0.81948,-2.49234
226.65000,1.22785,0.81884,-2.45912
226.70000,1.22698,0.81812,-2.42492
226.75000,1.22618,0.81743,-2.39196
226.80000,1.22589,0.81715,-2.37405
226.85000,1.22479,0.81606,-2.37550
226.90000,1.22103,0.81248,-2.39524
226.95000,1.21594,0.80792,-2.42582
227.00000,1.20973,0.80272,-2.46300
227.05000,1.20289,0.79734,-2.48781
227.10000,1.19683,0.79271,-2.48822
227.15000,1.19354,0.79021,-2.47173
227.20000,1.19258,0.78945,-2.43891
227.25000,1.19214,0.78910,-2.40582
227.30000,1.19127,0.78831,-2.37243
227.35000,1.19042,0.78749,-2.33921
227.40000,1.18990,0.78692,-2.31779
227.45000,1.18889,0.78581,-2.31608
227.50000,1.18564,0.78230,-2.33328
227.55000,1.18051,0.77709,-2.36126
227.60000,1.17395,0.77080,-2.39468
227.65000,1.16690,0.76436,-2.41955
227.70000,1.16116,0.75932,-2.42064
227.75000,1.15890,0.75732,-2.40040
227.80000,1.15844,0.75689,-2.36977
227.85000,1.15784,0.75632,-2.33788
227.90000,1.15750,0.75598,-2.30628
227.95000,1.15731,0.75578,-2.29270
228.00000,1.15551,0.75374,-2.30095
228.05000,1.15163,0.74951,-2.32141
228.10000,1.14645,0.74411,-2.35083
228.15000,1.14048,0.73813,-2.37024
228.20000,1.13664,0.73436,-2.36221
228.25000,1.13565,0.73336,-2.33657
228.30000,1.13491,0.73259,-2.30508
228.35000,1.13468,0.73232,-2.27450
228.40000,1.13422,0.73175,-2.25915
228.45000,1.13240,0.72955,-2.26853
228.50000,1.12871,0.72525,-2.28958
228.55000,1.12338,0.71933,-2.31807
228.60000,1.11750,0.71301,-2.34076
228.65000,1.11279,0.70810,-2.33920
228.70000,1.11027,0.70546,-2.32436
228.75000,1.10967,0.70481,-2.29807
228.80000,1.10915,0.70424,-2.26811
228.85000,1.10842,0.70336,-2.23686
228.90000,1.10807,0.70288,-2.22134
228.95000,1.10689,0.70133,-2.22517
229.00000,1.10354,0.69705,-2.24576
229.05000,1.09865,0.69114,-2.27423
229.10000,1.09251,0.68413,-2.30811
229.15000,1.08599,0.67695,-2.33812
229.20000,1.07978,0.67029,-2.35200
229.25000,1.07596,0.66639,-2.34342
229.30000,1.07499,0.66535,-2.31792
229.35000,1.07471,0.66504,-2.28927
229.40000,1.07444,0.66472,-2.26070
229.45000,1.07418,0.66439,-2.23225
229.50000,1.07377,0.66388,-2.20292
229.55000,1.07339,0.66327,-2.18822
229.60000,1.07177,0.66101,-2.19480
229.65000,1.06855,0.65664,-2.21597
229.70000,1.06410,0.65091,-2.24657
229.75000,1.05892,0.64451,-2.26948
229.80000,1.05401,0.63862,-2.27317
229.85000,1.05075,0.63467,-2.26260
229.90000,1.04872,0.63213,-2.24516
229.95000,1.04812,0.63131,-2.21808
230.00000,1.04767,0.63072,-2.18842
230.05000,1.04703,0.62980,-2.15718
230.10000,1.04674,0.62925,-2.14316
230.15000,1.04563,0.62755,-2.14680
230.20000,1.04283,0.62334,-2.16531
230.25000,1.03870,0.61742,-2.19536
230.30000,1.03359,0.61061,-2.23185
230.35000,1.02793,0.60335,-2.26053
230.40000,1.02257,0.59678,-2.26954
230.45000,1.01945,0.59297,-2.25810
230.50000,1.01832,0.59155,-2.23044
230.55000,1.01760,0.59058,-2.19905
230.60000,1.01692,0.58962,-2.16776
230.65000,1.01628,0.58865,-2.13668
230.70000,1.01568,0.58766,-2.10577
230.75000,1.01550,0.58713,-2.09050
230.80000,1.01466,0.58563,-2.09166
230.85000,1.01206,0.58123,-2.10974
230.90000,1.00822,0.57502,-2.13921
230.95000,1.00383,0.56819,-2.16513
231.00000,0.99947,0.56166,-2.17319
231.05000,0.99670,0.55757,-2.16249
231.10000,0.99455,0.55432,-2.14568
231.15000,0.99295,0.55179,-2.12425
231.20000,0.99186,0.54999,-2.09833
231.25000,0.99141,0.54895,-2.08219
231.30000,0.99020,0.54683,-2.08663
231.35000,0.98737,0.54197,-2.10676
231.40000,0.98346,0.53561,-2.13666
231.45000,0.97868,0.52837,-2.17319
231.50000,0.97353,0.52091,-2.20467
231.55000,0.96823,0.51361,-2.21853
231.60000,0.96380,0.50774,-2.21876
231.65000,0.96015,0.50288,-2.21190
231.70000,0.95706,0.49869,-2.20006
231.75000,0.95455,0.49519,-2.18342
231.80000,0.95261,0.49237,-2.16216
231.85000,0.95122,0.49025,-2.13643
231.90000,0.95030,0.48875,-2.10688
231.95000,0.94968,0.48767,-2.07497
232.00000,0.94914,0.48666,-2.04337
232.05000,0.94860,0.48559,-2.01183
232.10000,0.94826,0.48485,-1.99818
232.15000,0.94720,0.48260,-2.00084
232.20000,0.94492,0.47780,-2.01692
232.25000,0.94152,0.47094,-2.04512
232.30000,0.93737,0.46320,-2.08028
232.35000,0.93289,0.45523,-2.10963
232.40000,0.92837,0.44754,-2.12204
232.45000,0.92560,0.44293,-2.11235
232.50000,0.92455,0.44077,-2.08863
232.55000,0.92416,0.44009,-2.05892
232.60000,0.92387,0.43955,-2.03007
232.65000,0.92352,0.43882,-2.00060
232.70000,0.92319,0.43808,-1.97136
232.75000,0.92299,0.43746,-1.95756
232.80000,0.92189,0.43491,-1.96038
232.85000,0.91972,0.42991,-1.97643
232.90000,0.91659,0.42289,-2.00476
232.95000,0.91273,0.41494,-2.03962
233.00000,0.90863,0.40684,-2.06833
233.05000,0.90438,0.39871,-2.08314
233.10000,0.90079,0.39226,-2.08407
233.15000,0.89801,0.38725,-2.07743
233.20000,0.89585,0.38331,-2.06562
233.25000,0.89432,0.38040,-2.04873
233.30000,0.89341,0.37859,-2.02674
233.35000,0.89307,0.37788,-1.99979
233.40000,0.89291,0.37751,-1.97144
233.45000,0.89276,0.37713,-1.94327
233.50000,0.89261,0.37675,-1.91535
233.55000,0.89247,0.37628,-1.90139
233.60000,0.89125,0.37297,-1.90601
233.65000,0.88906,0.36687,-1.92443
233.70000,0.88608,0.35918,-1.95157
233.75000,0.88271,0.35076,-1.97268
233.80000,0.87977,0.34351,-1.97842
233.85000,0.87854,0.34019,-1.96279
233.90000,0.87835,0.33971,-1.93524
233.95000,0.87823,0.33937,-1.90807
234.00000,0.87812,0.33902,-1.88115
234.05000,0.87801,0.33862,-1.86771
234.10000,0.87708,0.33580,-1.87025
234.15000,0.87510,0.32966,-1.88788
234.20000,0.87244,0.32198,-1.91521
234.25000,0.86910,0.31309,-1.94707
234.30000,0.86576,0.30465,-1.97382
234.35000,0.86251,0.29630,-1.99279
234.40000,0.85927,0.28861,-1.99918
234.45000,0.85620,0.28155,-2.00193
234.50000,0.85483,0.27816,-1.98612
234.55000,0.85454,0.27740,-1.95735
234.60000,0.85439,0.27703,-1.92968
234.65000,0.85426,0.27665,-1.90228
234.70000,0.85413,0.27627,-1.87510
234.75000,0.85402,0.27589,-1.84815
234.80000,0.85384,0.27525,-1.82035
234.85000,0.85371,0.27474,-1.80884
234.90000,0.85300,0.27206,-1.80924
234.95000,0.85145,0.26628,-1.82518
235.00000,0.84921,0.25807,-1.85087
235.05000,0.84674,0.24951,-1.87064
235.10000,0.84454,0.24206,-1.87713
235.15000,0.84292,0.23681,-1.87203
235.20000,0.84164,0.23259,-1.86214
235.25000,0.84072,0.22941,-1.84773
235.30000,0.84013,0.22725,-1.82891
235.35000,0.83986,0.22615,-1.80576
235.40000,0.83973,0.22563,-1.77935
235.45000,0.83957,0.22482,-1.76553
235.50000,0.83893,0.22214,-1.76588
235.55000,0.83793,0.21758,-1.77559
235.60000,0.83624,0.21013,-1.80084
235.65000,0.83415,0.20156,-1.82306
235.70000,0.83212,0.19362,-1.83222
235.75000,0.83083,0.18835,-1.82679
235.80000,0.83029,0.18536,-1.80928
235.85000,0.83007,0.18431,-1.78214
235.90000,0.82987,0.18333,-1.75484
235.95000,0.82969,0.18228,-1.72735
236.00000,0.82962,0.18147,-1.71006
236.05000,0.82931,0.17977,-1.70563
236.10000,0.82868,0.17579,-1.71286
236.15000,0.82752,0.16875,-1.73619
236.20000,0.82590,0.15999,-1.76907
236.25000,0.82406,0.15097,-1.79683
236.30000,0.82211,0.14238,-1.81196
236.35000,0.82051,0.13573,-1.81507
236.40000,0.81942,0.13066,-1.80956
236.45000,0.81896,0.12825,-1.78992
236.50000,0.81874,0.12724,-1.76329
236.55000,0.81855,0.12620,-1.73668
236.60000,0.81840,0.12518,-1.71034
236.65000,0.81827,0.12418,-1.68446
236.70000,0.81814,0.12315,-1.65881
236.75000,0.81805,0.12229,-1.64843
236.80000,0.81772,0.11927,-1.65085
236.85000,0.81716,0.11366,-1.66614
236.90000,0.81627,0.10569,-1.69393
236.95000,0.81516,0.09691,-1.72062
237.00000,0.81392,0.08848,-1.73604
237.05000,0.81285,0.08146,-1.74183
237.10000,0.81200,0.07554,-1.74140
237.15000,0.81140,0.07119,-1.73278
237.20000,0.81085,0.06763,-1.71970
237.25000,0.81047,0.06486,-1.70248
237.30000,0.81024,0.06289,-1.68128
237.35000,0.81013,0.06169,-1.65645
237.40000,0.81006,0.06069,-1.63087
237.45000,0.81001,0.05969,-1.60567
237.50000,0.80997,0.05886,-1.59418
237.55000,0.80986,0.05611,-1.59445
237.60000,0.80966,0.05132,-1.60465
237.65000,0.80929,0.04390,-1.62867
237.70000,0.80876,0.03506,-1.65272
237.75000,0.80817,0.02669,-1.66738
237.80000,0.80788,0.02137,-1.66568
237.85000,0.80771,0.01815,-1.65281
237.90000,0.80754,0.01571,-1.63580
237.95000,0.80746,0.01401,-1.61514
238.00000,0.80742,0.01303,-1.59127
238.05000,0.80741,0.01206,-1.56739
238.10000,0.80742,0.01109,-1.54387
238.15000,0.80746,0.01012,-1.53462
238.20000,0.80762,0.00625,-1.54075
238.25000,0.80777,-0.00030,-1.56010
238.30000,0.80774,-0.00871,-1.58881
238.35000,0.80753,-0.01739,-1.60657
238.40000,0.80740,-0.02365,-1.61058
238.45000,0.80733,-0.02805,-1.60569
238.50000,0.80722,-0.03179,-1.59709
238.55000,0.80717,-0.03486,-1.58503
238.60000,0.80717,-0.03672,-1.56702
238.65000,0.80718,-0.03739,-1.54569
238.70000,0.80720,-0.03830,-1.52359
238.75000,0.80724,-0.03917,-1.50177
238.80000,0.80729,-0.03978,-1.48741
238.85000,0.80754,-0.04146,-1.48372
238.90000,0.80784,-0.04418,-1.48495
238.95000,0.80819,-0.04792,-1.49077
239.00000,0.80865,-0.05299,-1.50244
239.05000,0.80926,-0.05971,-1.52096
239.10000,0.80958,-0.06745,-1.53448
239.15000,0.80968,-0.07314,-1.53930
239.20000,0.80973,-0.07641,-1.53377
239.25000,0.80975,-0.07755,-1.51825
239.30000,0.80978,-0.07793,-1.50146
239.35000,0.80981,-0.07831,-1.48479
239.40000,0.80984,-0.07870,-1.46827
239.45000,0.80989,-0.07907,-1.45728
239.50000,0.81017,-0.08058,-1.45539
239.55000,0.81051,-0.08327,-1.45883
239.60000,0.81095,-0.08712,-1.46758
239.65000,0.81153,-0.09223,-1.48173
239.70000,0.81211,-0.09890,-1.49546
239.75000,0.81241,-0.10402,-1.50013
239.80000,0.81254,-0.10657,-1.49402
239.85000,0.81259,-0.10746,-1.47987
239.90000,0.81263,-0.10792,-1.46546
239.95000,0.81267,-0.10830,-1.45149
240.00000,0.81272,-0.10868,-1.43762
240.05000,0.81279,-0.10905,-1.43011
240.10000,0.81305,-0.11068,-1.43104
240.15000,0.81347,-0.11361,-1.43746
240.20000,0.81404,-0.11785,-1.44950
240.25000,0.81479,-0.12345,-1.46751
240.30000,0.81548,-0.13058,-1.48283
240.35000,0.81578,-0.13526,-1.48848
240.40000,0.81590,-0.13743,-1.48315
240.45000,0.81595,-0.13807,-1.47106
240.50000,0.81600,-0.13852,-1.45871
240.55000,0.81605,-0.13890,-1.44665
240.60000,0.81611,-0.13928,-1.43469
240.65000,0.81616,-0.13966,-1.42279
240.70000,0.81623,-0.14003,-1.41096
240.75000,0.81641,-0.14094,-1.41080
240.80000,0.81696,-0.14417,-1.41972
240.85000,0.81766,-0.14884,-1.43428
240.90000,0.81844,-0.15495,-1.44746
240.95000,0.81880,-0.15873,-1.45007
241.00000,0.81893,-0.16058,-1.44480
241.05000,0.81899,-0.16096,-1.43383
241.10000,0.81905,-0.16134,-1.42279
241.15000,0.81911,-0.16173,-1.41179
241.20000,0.81918,-0.16214,-1.40075
241.25000,0.81924,-0.16252,-1.38993
241.30000,0.81933,-0.16289,-1.38568
241.35000,0.81969,-0.16466,-1.38914
241.40000,0.82027,-0.16778,-1.39821
241.45000,0.82104,-0.17224,-1.41318
241.50000,0.82203,-0.17832,-1.42868
241.55000,0.82247,-0.18236,-1.43444
241.60000,0.82257,-0.18340,-1.42702
241.65000,0.82263,-0.18377,-1.41760
241.70000,0.82269,-0.18414,-1.40816
241.75000,0.82275,-0.18451,-1.39873
241.80000,0.82282,-0.18488,-1.38933
241.85000,0.82289,-0.18525,-1.37994
241.90000,0.82296,-0.18562,-1.37058
241.95000,0.82303,-0.18598,-1.36368
242.00000,0.82326,-0.18682,-1.36348
242.05000,0.82370,-0.18884,-1.36924
242.10000,0.82437,-0.19211,-1.38064
242.15000,0.82561,-0.19756,-1.39115
242.20000,0.82676,-0.20345,-1.39184
242.25000,0.82685,-0.20434,-1.38631
242.30000,0.82692,-0.20471,-1.37888
242.35000,0.82700,-0.20508,-1.37139
242.40000,0.82707,-0.20544,-1.36389
242.45000,0.82715,-0.20581,-1.35639
242.50000,0.82725,-0.20619,-1.35513
242.55000,0.82793,-0.20860,-1.36433
242.60000,0.82908,-0.21407,-1.37415
242.65000,0.83086,-0.22277,-1.37191
242.70000,0.83279,-0.23247,-1.36511
242.75000,0.83313,-0.23624,-1.35880
242.80000,0.83321,-0.23663,-1.35167
242.85000,0.83412,-0.23894,-1.34435
242.90000,0.83629,-0.24751,-1.33730
242.95000,0.83866,-0.25733,-1.32950
243.00000,0.84108,-0.26701,-1.32264
243.05000,0.84357,-0.27668,-1.31578
243.10000,0.84612,-0.28634,-1.30889
243.15000,0.84874,-0.29597,-1.30197
243.20000,0.85143,-0.30559,-1.29502
243.25000,0.85420,-0.31529,-1.28716
243.30000,0.85704,-0.32494,-1.27899
243.35000,0.85996,-0.33456,-1.27077
243.40000,0.86297,-0.34418,-1.26228
243.45000,0.86606,-0.35375,-1.25376
243.50000,0.86922,-0.36333,-1.24551
243.55000,0.87246,-0.37291,-1.23773
243.60000,0.87580,-0.38243,-1.22938
243.65000,0.87922,-0.39198,-1.22126
243.70000,0.88271,-0.40145,-1.21310
243.75000,0.88632,-0.41098,-1.20514
243.80000,0.89000,-0.42049,-1.19730
243.85000,0.89376,-0.42998,-1.18950
243.90000,0.89760,-0.43943,-1.18174
243.95000,0.90150,-0.44886,-1.17404
244.00000,0.90548,-0.45825,-1.16639
244.05000,0.90953,-0.46761,-1.15879
244.10000,0.91359,-0.47684,-1.15097
244.15000,0.91772,-0.48602,-1.14316
244.20000,0.92193,-0.49517,-1.13547
244.25000,0.92622,-0.50432,-1.12805
244.30000,0.93056,-0.51342,-1.12068
244.35000,0.93496,-0.52248,-1.11337
244.40000,0.93942,-0.53146,-1.10616
244.45000,0.94395,-0.54042,-1.09917
244.50000,0.94854,-0.54935,-1.09264
244.55000,0.95319,-0.55826,-1.08613
244.60000,0.95791,-0.56719,-1.07961
244.65000,0.96265,-0.57598,-1.07335
244.70000,0.96744,-0.58474,-1.06765
244.75000,0.97229,-0.59347,-1.06202
244.80000,0.97718,-0.60218,-1.05644
244.85000,0.98213,-0.61088,-1.05075
244.90000,0.98712,-0.61955,-1.04501
244.95000,0.99216,-0.62818,-1.03936
245.00000,0.99725,-0.63679,-1.03390
245.05000,1.00239,-0.64536,-1.02851
245.10000,1.00757,-0.65391,-1.02317
245.15000,1.01280,-0.66243,-1.01786
245.20000,1.01807,-0.67093,-1.01259
245.25000,1.02340,-0.67940,-1.00738
245.30000,1.02877,-0.68785,-1.00223
245.35000,1.03417,-0.69627,-0.99716
245.40000,1.03963,-0.70466,-0.99210
245.45000,1.04512,-0.71303,-0.98717
245.50000,1.05066,-0.72138,-0.98222
245.55000,1.05625,-0.72970,-0.97738
245.60000,1.06187,-0.73799,-0.97263
245.65000,1.06754,-0.74627,-0.96790
245.70000,1.07323,-0.75451,-0.96324
245.75000,1.07897,-0.76272,-0.95865
245.80000,1.08475,-0.77092,-0.95413
245.85000,1.09058,-0.77912,-0.94955
245.90000,1.09644,-0.78726,-0.94512
245.95000,1.10233,-0.79538,-0.94079
246.00000,1.10829,-0.80352,-0.93636
246.05000,1.11430,-0.81165,-0.93187
246.10000,1.12034,-0.81975,-0.92746
246.15000,1.12642,-0.82782,-0.92315
246.20000,1.13253,-0.83587,-0.91894
246.25000,1.13867,-0.84388,-0.91486
246.30000,1.14485,-0.85187,-0.91084
246.35000,1.15106,-0.85984,-0.90692
246.40000,1.15729,-0.86778,-0.90309
246.45000,1.16356,-0.87570,-0.89930
246.50000,1.16985,-0.88359,-0.89547
246.55000,1.17616,-0.89145,-0.89169
246.60000,1.18250,-0.89927,-0.88795
246.65000,1.18885,-0.90706,-0.88425
246.70000,1.19522,-0.91481,-0.88058
246.75000,1.20160,-0.92252,-0.87697
246.80000,1.20801,-0.93020,-0.87339
246.85000,1.21443,-0.93785,-0.86985
246.90000,1.22087,-0.94546,-0.86636
246.95000,1.22733,-0.95303,-0.86292
247.00000,1.23383,-0.96062,-0.85992
247.05000,1.24037,-0.96819,-0.85727
247.10000,1.24695,-0.97577,-0.85497
247.15000,1.25353,-0.98332,-0.85269
247.20000,1.26013,-0.99086,-0.85053
247.25000,1.26673,-0.99836,-0.84835
247.30000,1.27336,-1.00587,-0.84626
247.35000,1.28002,-1.01338,-0.84436
247.40000,1.28666,-1.02084,-0.84268
247.45000,1.29333,-1.02831,-0.84103
247.50000,1.30001,-1.03576,-0.83948
247.55000,1.30670,-1.04321,-0.83800
247.60000,1.31341,-1.05065,-0.83660
247.65000,1.32012,-1.05808,-0.83528
247.70000,1.32683,-1.06549,-0.83402
247.75000,1.33353,-1.07286,-0.83284
247.80000,1.34026,-1.08026,-0.83179
247.85000,1.34699,-1.08764,-0.83080
247.90000,1.35372,-1.09500,-0.82987
247.95000,1.36046,-1.10236,-0.82902
248.00000,1.36721,-1.10972,-0.82826
248.05000,1.37396,-1.11707,-0.82759
248.10000,1.38072,-1.12444,-0.82701
248.15000,1.38750,-1.13181,-0.82653
248.20000,1.39427,-1.13918,-0.82614
248.25000,1.40104,-1.14655,-0.82582
248.30000,1.40782,-1.15391,-0.82558
248.35000,1.41459,-1.16127,-0.82541
248.40000,1.42137,-1.16862,-0.82532
248.45000,1.42814,-1.17598,-0.82529
248.50000,1.43492,-1.18333,-0.82533
248.55000,1.44169,-1.19069,-0.82542
248.60000,1.44846,-1.19804,-0.82559
248.65000,1.45523,-1.20540,-0.82582
248.70000,1.46199,-1.21275,-0.82613
248.75000,1.46875,-1.22011,-0.82652
248.80000,1.47550,-1.22747,-0.82700
248.85000,1.48226,-1.23483,-0.82758
248.90000,1.48902,-1.24218,-0.82817
248.95000,1.49577,-1.24954,-0.82890
249.00000,1.50251,-1.25690,-0.82975
249.05000,1.50924,-1.26427,-0.83067
249.10000,1.51596,-1.27163,-0.83166
249.15000,1.52268,-1.27901,-0.83272
249.20000,1.52939,-1.28639,-0.83382
249.25000,1.53608,-1.29378,-0.83497
249.30000,1.54277,-1.30117,-0.83618
249.35000,1.54945,-1.30857,-0.83746
249.40000,1.55611,-1.31598,-0.83881
249.45000,1.56277,-1.32340,-0.84027
249.50000,1.56941,-1.33082,-0.84184
249.55000,1.57603,-1.33826,-0.84353
249.60000,1.58265,-1.34570,-0.84535
249.65000,1.58924,-1.35315,-0.84732
249.70000,1.59581,-1.36061,-0.84943
249.75000,1.60236,-1.36810,-0.85163
249.80000,1.60889,-1.37560,-0.85390
249.85000,1.61541,-1.38311,-0.85614
249.90000,1.62191,-1.39065,-0.85849
249.95000,1.62841,-1.39819,-0.86089
250.00000,1.63489,-1.40575,-0.86339
250.05000,1.64135,-1.41334,-0.86618
250.10000,1.64780,-1.42094,-0.86906
250.15000,1.65421,-1.42855,-0.87209
250.20000,1.66061,-1.43617,-0.87527
250.25000,1.66698,-1.44382,-0.87886
250.30000,1.67333,-1.45150,-0.88285
250.35000,1.67962,-1.45919,-0.88694
250.40000,1.68590,-1.46692,-0.89125
250.45000,1.69216,-1.47470,-0.89567
250.50000,1.69839,-1.48251,-0.90002
250.55000,1.70456,-1.49031,-0.90448
250.60000,1.71068,-1.49813,-0.90893
250.65000,1.71677,-1.50598,-0.91367
250.70000,1.72283,-1.51388,-0.91863
250.75000,1.72882,-1.52176,-0.92379
250.80000,1.73477,-1.52967,-0.92943
250.85000,1.74067,-1.53762,-0.93548
250.90000,1.74650,-1.54559,-0.94202
250.95000,1.75229,-1.55361,-0.94881
251.00000,1.75804,-1.56169,-0.95565
251.05000,1.76372,-1.56979,-0.96252
251.10000,1.76936,-1.57795,-0.96926
251.15000,1.77495,-1.58616,-0.97617
251.20000,1.78045,-1.59437,-0.98358
251.25000,1.78588,-1.60262,-0.99150
251.30000,1.79123,-1.61091,-1.00001
251.35000,1.79658,-1.61932,-1.00870
251.40000,1.80177,-1.62767,-1.01808
251.45000,1.80688,-1.63603,-1.02751
251.50000,1.81195,-1.64453,-1.03654
251.55000,1.81698,-1.65311,-1.04509
251.60000,1.82196,-1.66178,-1.05325
251.65000,1.82687,-1.67049,-1.06123
251.70000,1.83172,-1.67924,-1.06902
251.75000,1.83650,-1.68802,-1.07661
251.80000,1.84111,-1.69670,-1.08464
251.85000,1.84565,-1.70539,-1.09261
251.90000,1.85011,-1.71413,-1.10029
251.95000,1.85452,-1.72290,-1.10771
252.00000,1.85886,-1.73171,-1.11482
252.05000,1.86314,-1.74055,-1.12203
252.10000,1.86735,-1.74942,-1.12963
252.15000,1.87149,-1.75830,-1.13762
252.20000,1.87555,-1.76722,-1.14597
252.25000,1.87953,-1.77616,-1.15437
252.30000,1.88347,-1.78517,-1.16240
252.35000,1.88734,-1.79421,-1.17011
252.40000,1.89114,-1.80328,-1.17741
252.45000,1.89488,-1.81237,-1.18445
252.50000,1.89856,-1.82149,-1.19164
252.55000,1.90216,-1.83064,-1.19881
252.60000,1.90570,-1.83981,-1.20617
252.65000,1.90918,-1.84902,-1.21357
252.70000,1.91261,-1.85828,-1.22136
252.75000,1.91595,-1.86754,-1.22922
252.80000,1.91922,-1.87684,-1.23694
252.85000,1.92243,-1.88619,-1.24441
252.90000,1.92557,-1.89556,-1.25121
252.95000,1.92866,-1.90499,-1.25776
253.00000,1.93169,-1.91441,-1.26391
253.05000,1.93467,-1.92386,-1.26962
253.10000,1.93759,-1.93334,-1.27515
253.15000,1.94046,-1.94283,-1.28022
253.20000,1.94329,-1.95236,-1.28509
253.25000,1.94607,-1.96191,-1.28936
253.30000,1.94882,-1.97145,-1.29283
253.35000,1.95155,-1.98105,-1.29592
253.40000,1.95426,-1.99069,-1.29835
253.45000,1.95693,-2.00030,-1.30001
253.50000,1.95960,-2.00992,-1.30117
253.55000,1.96226,-2.01956,-1.30197
253.60000,1.96491,-2.02920,-1.30229
253.65000,1.96757,-2.03885,-1.30213
253.70000,1.97023,-2.04849,-1.30150
253.75000,1.97289,-2.05813,-1.30047
253.80000,1.97557,-2.06776,-1.29905
253.85000,1.97827,-2.07744,-1.29726
253.90000,1.98100,-2.08712,-1.29497
253.95000,1.98375,-2.09680,-1.29227
254.00000,1.98653,-2.10647,-1.28906
254.05000,1.98935,-2.11615,-1.28550
254.10000,1.99220,-2.12581,-1.28168
254.15000,1.99508,-2.13542,-1.27781
254.20000,1.99796,-2.14501,-1.27420
254.25000,1.99855,-2.15021,-1.26963
254.30000,1.99862,-2.15060,-1.26141
254.35000,1.99868,-2.15080,-1.25235
254.40000,1.99874,-2.15099,-1.24303
254.45000,1.99878,-2.15110,-1.23376
254.50000,1.99882,-2.15121,-1.22425
254.55000,1.99890,-2.15146,-1.21406
254.60000,1.99894,-2.15157,-1.20409
254.65000,1.99899,-2.15168,-1.19393
254.70000,1.99903,-2.15179,-1.18360
254.75000,1.99908,-2.15190,-1.17312
254.80000,1.99912,-2.15200,-1.16257
254.85000,1.99917,-2.15211,-1.15193
254.90000,1.99922,-2.15222,-1.14123
254.95000,1.99927,-2.15232,-1.13048
255.00000,1.99932,-2.15242,-1.11966
255.05000,1.99937,-2.15253,-1.10873
255.10000,1.99942,-2.15263,-1.09770
255.15000,1.99947,-2.15273,-1.08659
255.20000,1.99953,-2.15283,-1.07541
255.25000,1.99958,-2.15293,-1.06418
255.30000,1.99964,-2.15303,-1.05289
255.35000,1.99969,-2.15313,-1.04154
255.40000,1.99975,-2.15323,-1.03015
255.45000,1.99981,-2.15332,-1.01873
255.50000,2.00121,-2.15493,-1.00692
255.55000,2.00626,-2.16217,-0.99554
255.60000,2.01194,-2.17079,-0.98271
255.65000,2.01772,-2.17934,-0.96985
255.70000,2.02361,-2.18781,-0.95696
255.75000,2.02960,-2.19620,-0.94415
255.80000,2.03550,-2.20426,-0.93278
255.85000,2.04150,-2.21224,-0.92146
255.90000,2.04758,-2.22016,-0.91011
255.95000,2.05375,-2.22801,-0.89873
256.00000,2.06002,-2.23578,-0.88732
256.05000,2.06637,-2.24349,-0.87588
256.10000,2.07281,-2.25112,-0.86442
256.15000,2.07933,-2.25868,-0.85293
256.20000,2.08594,-2.26616,-0.84140
256.25000,2.09264,-2.27356,-0.82980
256.30000,2.09943,-2.28089,-0.81812
256.35000,2.10630,-2.28814,-0.80636
256.40000,2.11325,-2.29530,-0.79448
256.45000,2.12044,-2.30254,-0.78153
256.50000,2.12758,-2.30954,-0.76931
256.55000,2.13480,-2.31645,-0.75686
256.60000,2.14218,-2.32334,-0.74387
256.65000,2.14980,-2.33025,-0.72998
256.70000,2.15749,-2.33705,-0.71605
256.75000,2.16533,-2.34378,-0.70175
256.80000,2.17327,-2.35039,-0.68729
256.85000,2.18129,-2.35688,-0.67275
256.90000,2.18942,-2.36327,-0.65788
256.95000,2.19760,-2.36950,-0.64323
257.00000,2.20590,-2.37564,-0.62820
257.05000,2.21431,-2.38166,-0.61296
257.10000,2.22281,-2.38755,-0.59762
257.15000,2.23136,-2.39328,-0.58230
257.20000,2.23992,-2.39882,-0.56725
257.25000,2.24862,-2.40429,-0.55177
257.30000,2.25740,-2.40960,-0.53610
257.35000,2.26628,-2.41479,-0.52018
257.40000,2.27522,-2.41982,-0.50419
257.45000,2.28439,-2.42478,-0.48725
257.50000,2.29365,-2.42958,-0.47013
257.55000,2.30299,-2.43423,-0.45284
257.60000,2.31242,-2.43871,-0.43537
257.65000,2.32192,-2.44303,-0.41772
257.70000,2.33151,-2.44719,-0.39988
257.75000,2.34117,-2.45117,-0.38185
257.80000,2.35091,-2.45497,-0.36363
257.85000,2.36072,-2.45860,-0.34521
257.90000,2.37060,-2.46205,-0.32657
257.95000,2.38055,-2.46532,-0.30770
258.00000,2.39056,-2.46839,-0.28859
258.05000,2.40064,-2.47127,-0.26921
258.10000,2.41077,-2.47396,-0.24955
258.15000,2.42051,-2.47632,-0.23053
258.20000,2.43014,-2.47846,-0.21084
258.25000,2.43945,-2.48036,-0.19037
258.30000,2.44878,-2.48205,-0.16950
258.35000,2.45813,-2.48355,-0.14826
258.40000,2.46750,-2.48485,-0.12664
258.45000,2.47688,-2.48594,-0.10461
258.50000,2.48628,-2.48682,-0.08215
258.55000,2.49569,-2.48759,-0.05968
258.60000,2.50060,-2.48768,-0.03844
258.65000,2.50121,-2.48769,-0.01484
258.70000,2.50182,-2.48769,0.00939
258.75000,2.50199,-2.48770,0.03341
258.80000,2.50203,-2.48771,0.05742
258.85000,2.50223,-2.48770,0.08114
258.90000,2.50287,-2.48764,0.10585
258.95000,2.50351,-2.48756,0.13065
259.00000,2.50415,-2.48746,0.15552
259.05000,2.50479,-2.48735,0.18046
259.10000,2.50727,-2.48660,0.20521
259.15000,2.51556,-2.48467,0.22760
259.20000,2.52586,-2.48214,0.25263
259.25000,2.53592,-2.47974,0.27679
259.30000,2.53918,-2.47947,0.30396
259.35000,2.53984,-2.47926,0.33215
259.40000,2.54054,-2.47902,0.36194
259.45000,2.54126,-2.47874,0.39310
259.50000,2.54199,-2.47844,0.42667
259.55000,2.54254,-2.47819,0.46358
259.60000,2.54272,-2.47811,0.50713
259.65000,2.54272,-2.47811,0.56097
259.70000,2.54272,-2.47811,0.62761
259.75000,2.54273,-2.47810,0.70335
259.80000,2.54274,-2.47810,0.78478
259.85000,2.54274,-2.47809,0.86800
259.90000,2.54276,-2.47808,0.95195
259.95000,2.54277,-2.47806,1.03612
260.00000,2.54278,-2.47804,1.11989
260.05000,2.54279,-2.47801,1.20296
260.10000,2.54280,-2.47799,1.28520
260.15000,2.54281,-2.47796,1.36686
260.20000,2.54281,-2.47792,1.44826
260.25000,2.54282,-2.47788,1.52936
260.30000,2.54282,-2.47783,1.61002
260.35000,2.54281,-2.47778,1.69013
260.40000,2.54280,-2.47772,1.76961
260.45000,2.54278,-2.47765,1.84839
260.50000,2.54276,-2.47758,1.92639
260.55000,2.54273,-2.47750,2.00352
260.60000,2.54269,-2.47742,2.07970
260.65000,2.54264,-2.47735,2.15494
260.70000,2.54258,-2.47726,2.22937
260.75000,2.54251,-2.47718,2.30299
260.80000,2.54242,-2.47709,2.37578
260.85000,2.54232,-2.47699,2.44768
260.90000,2.54219,-2.47690,2.51868
260.95000,2.54205,-2.47680,2.58874
261.00000,2.54188,-2.47671,2.65782
261.05000,2.54170,-2.47662,2.72588
261.10000,2.54150,-2.47654,2.79289
261.15000,2.54129,-2.47647,2.85883
261.20000,2.54107,-2.47641,2.92372
261.25000,2.54082,-2.47637,2.98760
261.30000,2.54055,-2.47633,3.05048
261.35000,2.54025,-2.47632,3.11235
261.40000,2.53992,-2.47632,-3.11001
261.45000,2.53956,-2.47634,-3.05022
261.50000,2.53916,-2.47639,-2.99149
261.55000,2.53874,-2.47647,-2.93381
261.60000,2.53828,-2.47658,-2.87721
261.65000,2.53780,-2.47672,-2.82169
261.70000,2.53529,-2.47784,-2.76883
261.75000,2.52814,-2.48086,-2.72379
261.80000,2.52023,-2.48460,-2.67646
261.85000,2.51184,-2.48907,-2.62717
261.90000,2.50328,-2.49420,-2.57700
261.95000,2.49497,-2.49975,-2.52781
262.00000,2.48694,-2.50570,-2.47973
262.05000,2.47920,-2.51203,-2.43274
262.10000,2.47176,-2.51871,-2.38683
262.15000,2.46463,-2.52573,-2.34201
262.20000,2.45782,-2.53305,-2.29825
262.25000,2.45133,-2.54065,-2.25556
262.30000,2.44517,-2.54853,-2.21391
262.35000,2.43934,-2.55665,-2.17330
262.40000,2.43384,-2.56500,-2.13371
262.45000,2.42866,-2.57356,-2.09515
262.50000,2.42382,-2.58230,-2.05764
262.55000,2.41922,-2.59107,-2.02048
262.60000,2.41862,-2.59351,-1.98456
262.65000,2.41847,-2.59387,-1.95036
262.70000,2.41834,-2.59423,-1.91717
262.75000,2.41820,-2.59462,-1.88489
262.80000,2.41808,-2.59503,-1.85346
262.85000,2.41795,-2.59548,-1.82285
262.90000,2.41784,-2.59597,-1.79307
262.95000,2.41773,-2.59649,-1.76411
263.00000,2.41762,-2.59706,-1.73597
263.05000,2.41745,-2.59815,-1.70679
263.10000,2.41728,-2.59953,-1.67736
263.15000,2.41715,-2.60093,-1.64893
263.20000,2.41705,-2.60239,-1.62139
263.25000,2.41699,-2.60384,-1.59479
263.30000,2.41697,-2.60530,-1.56915
263.35000,2.41699,-2.60675,-1.54444
263.40000,2.41704,-2.60818,-1.52080
263.45000,2.41712,-2.60959,-1.49810
263.50000,2.41723,-2.61096,-1.47636
263.55000,2.41736,-2.61231,-1.45552
263.60000,2.41751,-2.61366,-1.43576
263.65000,2.41769,-2.61496,-1.41676
263.70000,2.41790,-2.61627,-1.39871
263.75000,2.41812,-2.61756,-1.38128
263.80000,2.41837,-2.61889,-1.36472
263.85000,2.41864,-2.62020,-1.34885
263.90000,2.41897,-2.62161,-1.33384
263.95000,2.41933,-2.62303,-1.31954
264.00000,2.41966,-2.62432,-1.30521
264.05000,2.42005,-2.62575,-1.29232
264.10000,2.42046,-2.62716,-1.27965
264.15000,2.42090,-2.62861,-1.26806
264.20000,2.42134,-2.63001,-1.25663
264.25000,2.42181,-2.63146,-1.24632
264.30000,2.42230,-2.63289,-1.23665
264.35000,2.42280,-2.63432,-1.22791
264.40000,2.42328,-2.63564,-1.21943
264.45000,2.42376,-2.63696,-1.21108
264.50000,2.42428,-2.63834,-1.20454
264.55000,2.42481,-2.63973,-1.19861
264.60000,2.42534,-2.64106,-1.19319
264.65000,2.42587,-2.64239,-1.18799
264.70000,2.42642,-2.64376,-1.18371
264.75000,2.42697,-2.64510,-1.17978
264.80000,2.42754,-2.64646,-1.17587
264.85000,2.42811,-2.64782,-1.17197
264.90000,2.42866,-2.64917,-1.16810
264.95000,2.42925,-2.65055,-1.16557
265.00000,2.42984,-2.65192,-1.16418
265.05000,2.43042,-2.65328,-1.16329
265.10000,2.43100,-2.65463,-1.16298
265.15000,2.43158,-2.65596,-1.16326
265.20000,2.43215,-2.65728,-1.16403
265.25000,2.43271,-2.65858,-1.16522
265.30000,2.43326,-2.65987,-1.16680
265.35000,2.43380,-2.66114,-1.16878
265.40000,2.43433,-2.66237,-1.17097
265.45000,2.43485,-2.66361,-1.17354
265.50000,2.43535,-2.66481,-1.17620
265.55000,2.43585,-2.66600,-1.17908
265.60000,2.43633,-2.66717,-1.18222
265.65000,2.43681,-2.66834,-1.18550
265.70000,2.43727,-2.66950,-1.18904
265.75000,2.43773,-2.67064,-1.19279
265.80000,2.43817,-2.67178,-1.19671
265.85000,2.43862,-2.67292,-1.20082
265.90000,2.43905,-2.67406,-1.20510
265.95000,2.43948,-2.67520,-1.20952
266.00000,2.43990,-2.67632,-1.21399
266.05000,2.44032,-2.67743,-1.21859
266.10000,2.44074,-2.67858,-1.22345
266.15000,2.44116,-2.67975,-1.22833
266.20000,2.44159,-2.68092,-1.23323
266.25000,2.44200,-2.68207,-1.23839
266.30000,2.44239,-2.68323,-1.24389
266.35000,2.44278,-2.68438,-1.24958
266.40000,2.44316,-2.68554,-1.25534
266.45000,2.44352,-2.68664,-1.26140
266.50000,2.44388,-2.68778,-1.26773
266.55000,2.44421,-2.68888,-1.27417
266.60000,2.44454,-2.68996,-1.28066
266.65000,2.44486,-2.69105,-1.28713
266.70000,2.44517,-2.69211,-1.29374
266.75000,2.44546,-2.69317,-1.30025
266.80000,2.44576,-2.69425,-1.30688
266.85000,2.44604,-2.69533,-1.31347
266.90000,2.44631,-2.69641,-1.32009
266.95000,2.44658,-2.69749,-1.32673
267.00000,2.44684,-2.69855,-1.33354
267.05000,2.44710,-2.69963,-1.34038
267.10000,2.44734,-2.70067,-1.34741
267.15000,2.44757,-2.70172,-1.35449
267.20000,2.44779,-2.70275,-1.36155
267.25000,2.44801,-2.70378,-1.36859
267.30000,2.44820,-2.70476,-1.37570
267.35000,2.44836,-2.70572,-1.38277
267.40000,2.44853,-2.70668,-1.38975
267.45000,2.44868,-2.70762,-1.39666
267.50000,2.44883,-2.70856,-1.40351
267.55000,2.44896,-2.70949,-1.41035
267.60000,2.44909,-2.71041,-1.41725
267.65000,2.44921,-2.71132,-1.42424
267.70000,2.44934,-2.71221,-1.43131
267.75000,2.44946,-2.71310,-1.43841
267.80000,2.44958,-2.71397,-1.44547
267.85000,2.44968,-2.71482,-1.45244
267.90000,2.44978,-2.71565,-1.45930
267.95000,2.44986,-2.71646,-1.46603
268.00000,2.44995,-2.71727,-1.47264
268.05000,2.45002,-2.71806,-1.47914
268.10000,2.45009,-2.71883,-1.48559
268.15000,2.45015,-2.71960,-1.49205
268.20000,2.45021,-2.72036,-1.49854
268.25000,2.45026,-2.72112,-1.50504
268.30000,2.45031,-2.72186,-1.51152
268.35000,2.45058,-2.72409,-1.51768
268.40000,2.45107,-2.73032,-1.52388
268.45000,2.45150,-2.73964,-1.53025
268.50000,2.45187,-2.74949,-1.53618
268.55000,2.45219,-2.75936,-1.54198
268.60000,2.45245,-2.76924,-1.54767
268.65000,2.45265,-2.77912,-1.55332
268.70000,2.45279,-2.78899,-1.55896
268.75000,2.45288,-2.79885,-1.56447
268.80000,2.45292,-2.80871,-1.57003
268.85000,2.45289,-2.81858,-1.57543
268.90000,2.45282,-2.82854,-1.58045
268.95000,2.45269,-2.83845,-1.58544
269.00000,2.45252,-2.84841,-1.59008
269.05000,2.45231,-2.85833,-1.59473
269.10000,2.45205,-2.86829,-1.59925
269.15000,2.45174,-2.87826,-1.60388
269.20000,2.45139,-2.88823,-1.60867
269.25000,2.45098,-2.89809,-1.61403
269.30000,2.45051,-2.90794,-1.61983
269.35000,2.44998,-2.91777,-1.62630
269.40000,2.44940,-2.92756,-1.63456
269.45000,2.44883,-2.93724,-1.64309
269.50000,2.44883,-2.94369,-1.66027
269.55000,2.44862,-2.94619,-1.67871
269.60000,2.44845,-2.94845,-1.66685
269.65000,2.44835,-2.94975,-1.62971
269.70000,2.44832,-2.95057,-1.57458
269.75000,2.44834,-2.95115,-1.50702
269.80000,2.44835,-2.95127,-1.43326
269.85000,2.44835,-2.95132,-1.35945
269.90000,2.44837,-2.95138,-1.28612
269.95000,2.44839,-2.95143,-1.21332
270.00000,2.44841,-2.95149,-1.14109
270.05000,2.44844,-2.95155,-1.06944
270.10000,2.44848,-2.95161,-0.99835
270.15000,2.44852,-2.95167,-0.92784
270.20000,2.44857,-2.95174,-0.85789
270.25000,2.44863,-2.95179,-0.78851
270.30000,2.44869,-2.95185,-0.71968
270.35000,2.44875,-2.95190,-0.65142
270.40000,2.44882,-2.95195,-0.58375
270.45000,2.44889,-2.95200,-0.51667
270.50000,2.44896,-2.95204,-0.45022
270.55000,2.44904,-2.95207,-0.38441
270.60000,2.44913,-2.95210,-0.31928
270.65000,2.44922,-2.95213,-0.25484
270.70000,2.44931,-2.95215,-0.19111
270.75000,2.44940,-2.95216,-0.12810
270.80000,2.44950,-2.95217,-0.06582
270.85000,2.44960,-2.95218,-0.00428
270.90000,2.44971,-2.95217,0.05649
270.95000,2.44981,-2.95216,0.11650
271.00000,2.44992,-2.95215,0.17572
271.05000,2.45002,-2.95213,0.23416
271.10000,2.45013,-2.95210,0.29179
271.15000,2.45023,-2.95206,0.34861
271.20000,2.45033,-2.95202,0.40462
271.25000,2.45043,-2.95198,0.45981
271.30000,2.45053,-2.95193,0.51419
271.35000,2.45063,-2.95187,0.56776
271.40000,2.45072,-2.95181,0.62050
271.45000,2.45081,-2.95174,0.67240
271.50000,2.45090,-2.95166,0.72345
271.55000,2.45098,-2.95159,0.77365
271.60000,2.45106,-2.95150,0.82301
271.65000,2.45114,-2.95142,0.87151
271.70000,2.45122,-2.95132,0.91615
271.75000,2.45267,-2.94934,0.95878
271.80000,2.45649,-2.94366,0.99912
271.85000,2.46112,-2.93611,1.04068
271.90000,2.46554,-2.92819,1.08541
271.95000,2.46951,-2.92024,1.12996
272.00000,2.47313,-2.91210,1.17330
272.05000,2.47670,-2.90313,1.21265
272.10000,2.47997,-2.89413,1.25152
272.15000,2.48298,-2.88445,1.28932
272.20000,2.48556,-2.87488,1.32418
272.25000,2.48781,-2.86524,1.35777
272.30000,2.48974,-2.85556,1.39036
272.35000,2.49139,-2.84567,1.42255
272.40000,2.49275,-2.83536,1.45279
272.45000,2.49374,-2.82579,1.48209
272.50000,2.49457,-2.81656,1.51173
272.55000,2.49464,-2.81251,1.53957
272.60000,2.49465,-2.81192,1.56114
272.65000,2.49465,-2.81166,1.58112
272.70000,2.49465,-2.81152,1.60132
272.75000,2.49465,-2.81138,1.62151
272.80000,2.49465,-2.81125,1.64170
272.85000,2.49465,-2.81111,1.66189
272.90000,2.49465,-2.81097,1.68163
272.95000,2.49462,-2.81065,1.69522
273.00000,2.49458,-2.81031,1.70786
273.05000,2.49454,-2.81000,1.71997
273.10000,2.49452,-2.80984,1.73229
273.15000,2.49447,-2.80954,1.74314
273.20000,2.49442,-2.80923,1.75337
273.25000,2.49437,-2.80897,1.76335
273.30000,2.49432,-2.80873,1.77253
273.35000,2.49428,-2.80848,1.78107
273.40000,2.49422,-2.80823,1.78930
273.45000,2.49417,-2.80798,1.79712
273.50000,2.49413,-2.80778,1.80457
273.55000,2.49408,-2.80757,1.81164
273.60000,2.49403,-2.80734,1.81827
273.65000,2.49399,-2.80716,1.82413
273.70000,2.49393,-2.80693,1.83080
273.75000,2.49387,-2.80670,1.83689
273.80000,2.49381,-2.80649,1.84236
273.85000,2.49376,-2.80629,1.84730
273.90000,2.49371,-2.80609,1.85236
273.95000,2.49367,-2.80589,1.85734
274.00000,2.49363,-2.80571,1.86067
274.05000,2.49359,-2.80556,1.86347
274.10000,2.49355,-2.80543,1.86575
274.15000,2.49352,-2.80529,1.86752
274.20000,2.49349,-2.80516,1.86895
274.25000,2.49344,-2.80504,1.87002
274.30000,2.49341,-2.80491,1.87089
274.35000,2.49337,-2.80481,1.87124
274.40000,2.49334,-2.80471,1.87130
274.45000,2.49330,-2.80460,1.87131
274.50000,2.49326,-2.80449,1.87128
274.55000,2.49323,-2.80437,1.87122
274.60000,2.49319,-2.80427,1.87103
274.65000,2.49316,-2.80416,1.87074
274.70000,2.49312,-2.80406,1.87043
274.75000,2.49309,-2.80396,1.86978
274.80000,2.49308,-2.80392,1.86668
274.85000,2.49307,-2.80390,1.86320
274.90000,2.49306,-2.80385,1.85955
274.95000,2.49305,-2.80383,1.85551
275.00000,2.49305,-2.80385,1.85136
275.05000,2.49305,-2.80384,1.84690
275.10000,2.49304,-2.80381,1.84215
275.15000,2.49303,-2.80379,1.83736
275.20000,2.49304,-2.80381,1.83244
275.25000,2.49303,-2.80379,1.82720
275.30000,2.49303,-2.80377,1.82188
275.35000,2.49302,-2.80378,1.81643
275.40000,2.49302,-2.80378,1.81082
275.45000,2.49302,-2.80378,1.80506
275.50000,2.49302,-2.80377,1.79888
275.55000,2.49303,-2.80378,1.79268
275.60000,2.49302,-2.80375,1.78602
275.65000,2.49301,-2.80368,1.77902
275.70000,2.49301,-2.80368,1.77229
275.75000,2.49300,-2.80363,1.76518
275.80000,2.49298,-2.80357,1.75786
275.85000,2.49297,-2.80351,1.75054
275.90000,2.49297,-2.80351,1.74344
275.95000,2.49297,-2.80351,1.73638
276.00000,2.49297,-2.80351,1.72936
276.05000,2.49296,-2.80346,1.72184
276.10000,2.49296,-2.80346,1.71466
276.15000,2.49296,-2.80347,1.70761
276.20000,2.49296,-2.80349,1.70047
276.25000,2.49295,-2.80351,1.69328
276.30000,2.49295,-2.80352,1.68608
276.35000,2.49294,-2.80353,1.67888
276.40000,2.49294,-2.80355,1.67171
276.45000,2.49294,-2.80356,1.66460
276.50000,2.49293,-2.80356,1.65759
276.55000,2.49293,-2.80357,1.65058
276.60000,2.49292,-2.80345,1.64277
276.65000,2.49291,-2.80340,1.63532
276.70000,2.49291,-2.80334,1.62774
276.75000,2.49291,-2.80332,1.62049
276.80000,2.49291,-2.80333,1.61338
276.85000,2.49290,-2.80334,1.60626
276.90000,2.49289,-2.80335,1.59914
276.95000,2.49289,-2.80336,1.59202
277.00000,2.49288,-2.80329,1.58429
277.05000,2.49288,-2.80313,1.57593
277.10000,2.49288,-2.80296,1.56755
277.15000,2.49288,-2.80284,1.55941
277.20000,2.49288,-2.80276,1.55144
277.25000,2.49289,-2.80272,1.54355
277.30000,2.49289,-2.80268,1.53575
277.35000,2.49289,-2.80254,1.52737
277.40000,2.49309,-2.80083,1.51879
277.45000,2.49363,-2.79329,1.51013
277.50000,2.49426,-2.78349,1.50254
277.55000,2.49498,-2.77370,1.49440
277.60000,2.49573,-2.76392,1.48624
277.65000,2.49611,-2.75566,1.47769
277.70000,2.49612,-2.75350,1.46852
277.75000,2.49613,-2.75340,1.45568
277.80000,2.49613,-2.75348,1.44328
277.85000,2.49611,-2.75365,1.43116
277.90000,2.49609,-2.75382,1.41915
277.95000,2.49606,-2.75398,1.40723
278.00000,2.49604,-2.75414,1.39543
278.05000,2.49601,-2.75430,1.38374
278.10000,2.49598,-2.75445,1.37217
278.15000,2.49596,-2.75460,1.36074
278.20000,2.49593,-2.75475,1.34944
278.25000,2.49681,-2.75262,1.33743
278.30000,2.49901,-2.74419,1.32672
278.35000,2.50143,-2.73471,1.31551
278.40000,2.50396,-2.72526,1.30437
278.45000,2.50440,-2.71976,1.29063
278.50000,2.50441,-2.71920,1.27610
278.55000,2.50432,-2.71948,1.25984
278.60000,2.50423,-2.71976,1.24366
278.65000,2.50413,-2.72003,1.22781
278.70000,2.50404,-2.72029,1.21228
278.75000,2.50394,-2.72055,1.19707
278.80000,2.50390,-2.72068,1.18183
278.85000,2.50393,-2.72065,1.16560
278.90000,2.50527,-2.71899,1.14917
278.95000,2.50903,-2.71182,1.13462
279.00000,2.51317,-2.70309,1.12076
279.05000,2.51735,-2.69439,1.10707
279.10000,2.51831,-2.69072,1.09188
279.15000,2.51816,-2.69101,1.07024
279.20000,2.51793,-2.69143,1.04627
279.25000,2.51768,-2.69187,1.02233
279.30000,2.51741,-2.69230,0.99825
279.35000,2.51715,-2.69271,0.97395
279.40000,2.51683,-2.69317,0.94958
279.45000,2.51652,-2.69362,0.92487
279.50000,2.51617,-2.69409,0.89987
279.55000,2.51580,-2.69455,0.87433
279.60000,2.51539,-2.69504,0.84760
279.65000,2.51491,-2.69557,0.81839
279.70000,2.51458,-2.69592,0.78367
279.75000,2.51459,-2.69592,0.73947
279.80000,2.51459,-2.69591,0.67967
279.85000,2.51462,-2.69592,0.62586
279.90000,2.51500,-2.69565,0.59654
279.95000,2.51623,-2.69461,0.59594
280.00000,2.51808,-2.69303,0.62132
280.05000,2.51985,-2.69160,0.66906
280.10000,2.52034,-2.69121,0.73316
280.15000,2.52042,-2.69113,0.79987
280.20000,2.52050,-2.69104,0.86629
280.25000,2.52060,-2.69092,0.93232
280.30000,2.52069,-2.69078,0.99795
280.35000,2.52079,-2.69061,1.06313
280.40000,2.52088,-2.69043,1.12819
280.45000,2.52097,-2.69024,1.19343
280.50000,2.52104,-2.69004,1.25891
280.55000,2.52110,-2.68984,1.32469
280.60000,2.52114,-2.68962,1.39082
280.65000,2.52118,-2.68939,1.45738
280.70000,2.52120,-2.68915,1.52448
280.75000,2.52120,-2.68890,1.59215
280.80000,2.52118,-2.68864,1.66038
280.85000,2.52115,-2.68836,1.72919
280.90000,2.52109,-2.68808,1.79854
280.95000,2.52101,-2.68778,1.86839
281.00000,2.52090,-2.68746,1.93873
281.05000,2.52077,-2.68714,2.00948
281.10000,2.52059,-2.68680,2.08061
281.15000,2.52038,-2.68645,2.15203
281.20000,2.52012,-2.68608,2.22369
281.25000,2.51982,-2.68571,2.29552
281.30000,2.51946,-2.68534,2.36745
281.35000,2.51904,-2.68495,2.43941
281.40000,2.51855,-2.68457,2.51133
281.45000,2.51800,-2.68420,2.58315
281.50000,2.51736,-2.68384,2.65479
281.55000,2.51665,-2.68349,2.72619
281.60000,2.51585,-2.68317,2.79718
281.65000,2.51494,-2.68288,2.86753
281.70000,2.51395,-2.68264,2.93713
281.75000,2.51289,-2.68246,3.00609
281.80000,2.51179,-2.68235,3.07437
281.85000,2.51066,-2.68231,-3.14127
281.90000,2.50951,-2.68235,-3.07455
281.95000,2.50835,-2.68247,-3.00865
282.00000,2.50720,-2.68266,-2.94361
282.05000,2.50606,-2.68293,-2.87944
282.10000,2.50493,-2.68327,-2.81621
282.15000,2.50380,-2.68369,-2.75400
282.20000,2.50267,-2.68419,-2.69278
282.25000,2.50152,-2.68479,-2.63247
282.30000,2.50033,-2.68550,-2.57300
282.35000,2.49911,-2.68633,-2.51435
282.40000,2.49786,-2.68730,-2.45650
282.45000,2.49660,-2.68839,-2.39949
282.50000,2.49535,-2.68960,-2.34335
282.55000,2.49415,-2.69090,-2.28810
282.60000,2.49301,-2.69228,-2.23380
282.65000,2.49195,-2.69373,-2.18050
282.70000,2.49096,-2.69523,-2.12823
282.75000,2.49004,-2.69678,-2.07699
282.80000,2.48922,-2.69836,-2.02677
282.85000,2.48744,-2.70219,-1.97942
282.90000,2.48437,-2.70967,-1.93691
282.95000,2.48134,-2.71815,-1.89119
283.00000,2.47845,-2.72758,-1.84479
283.05000,2.47601,-2.73709,-1.79872
283.10000,2.47402,-2.74667,-1.75334
283.15000,2.47245,-2.75637,-1.70909
283.20000,2.47132,-2.76595,-1.66537
283.25000,2.47064,-2.77521,-1.62111
283.30000,2.47038,-2.78423,-1.57683
283.35000,2.47052,-2.79313,-1.53319
283.40000,2.47104,-2.80205,-1.49086
283.45000,2.47194,-2.81098,-1.44988
283.50000,2.47321,-2.81990,-1.41027
283.55000,2.47482,-2.82879,-1.37202
283.60000,2.47677,-2.83766,-1.33517
283.65000,2.47880,-2.84640,-1.29876
283.70000,2.47918,-2.85046,-1.26319
283.75000,2.47970,-2.85203,-1.23042
283.80000,2.48027,-2.85360,-1.19891
283.85000,2.48090,-2.85515,-1.16834
283.90000,2.48158,-2.85668,-1.13861
283.95000,2.48232,-2.85824,-1.10980
284.00000,2.48312,-2.85981,-1.08199
284.05000,2.48399,-2.86141,-1.05518
284.10000,2.48491,-2.86299,-1.02908
284.15000,2.48583,-2.86449,-1.00397
284.20000,2.48679,-2.86599,-0.98005
284.25000,2.48778,-2.86743,-0.95723
284.30000,2.48875,-2.86879,-0.93543
284.35000,2.48973,-2.87011,-0.91450
284.40000,2.49074,-2.87142,-0.89468
284.45000,2.49184,-2.87276,-0.87557
284.50000,2.49298,-2.87412,-0.85735
284.55000,2.49418,-2.87549,-0.83996
284.60000,2.49544,-2.87687,-0.82333
284.65000,2.49675,-2.87827,-0.80760
284.70000,2.49806,-2.87961,-0.79262
284.75000,2.49939,-2.88096,-0.77866
284.80000,2.50070,-2.88223,-0.76547
284.85000,2.50202,-2.88350,-0.75328
284.90000,2.50334,-2.88472,-0.74188
284.95000,2.50470,-2.88595,-0.73133
285.00000,2.50607,-2.88716,-0.72158
285.05000,2.50748,-2.88840,-0.71249
285.10000,2.50898,-2.88968,-0.70394
285.15000,2.51055,-2.89101,-0.69623
285.20000,2.51219,-2.89238,-0.68919
285.25000,2.51389,-2.89376,-0.68277
285.30000,2.51560,-2.89515,-0.67717
285.35000,2.51733,-2.89653,-0.67227
285.40000,2.51905,-2.89789,-0.66793
285.45000,2.52076,-2.89924,-0.66431
285.50000,2.52248,-2.90058,-0.66140
285.55000,2.52420,-2.90192,-0.65910
285.60000,2.52592,-2.90325,-0.65742
285.65000,2.52765,-2.90458,-0.65638
285.70000,2.52937,-2.90592,-0.65595
285.75000,2.53113,-2.90729,-0.65613
285.80000,2.53292,-2.90867,-0.65633
285.85000,2.53479,-2.91010,-0.65749
285.90000,2.53673,-2.91161,-0.65931
285.95000,2.53875,-2.91318,-0.66158
286.00000,2.54084,-2.91481,-0.66442
286.05000,2.54298,-2.91650,-0.66765
286.10000,2.54514,-2.91821,-0.67150
286.15000,2.54732,-2.91995,-0.67594
286.20000,2.54952,-2.92173,-0.68056
286.25000,2.55169,-2.92351,-0.68571
286.30000,2.55382,-2.92527,-0.69158
286.35000,2.55595,-2.92705,-0.69786
286.40000,2.55811,-2.92888,-0.70445
286.45000,2.56034,-2.93079,-0.71136
286.50000,2.56267,-2.93281,-0.71836
286.55000,2.56506,-2.93491,-0.72637
286.60000,2.56748,-2.93708,-0.73440
286.65000,2.56988,-2.93926,-0.74279
286.70000,2.57223,-2.94143,-0.75145
286.75000,2.57457,-2.94364,-0.76036
286.80000,2.57686,-2.94584,-0.76980
286.85000,2.57909,-2.94802,-0.77954
286.90000,2.58129,-2.95021,-0.78955
286.95000,2.58346,-2.95242,-0.79983
287.00000,2.58574,-2.95481,-0.80982
287.05000,2.58799,-2.95721,-0.82026
287.10000,2.59022,-2.95963,-0.83124
287.15000,2.59259,-2.96225,-0.84288
287.20000,2.59497,-2.96494,-0.85378
287.25000,2.59732,-2.96766,-0.86603
287.30000,2.59967,-2.97046,-0.87824
287.35000,2.60194,-2.97322,-0.89065
287.40000,2.60417,-2.97600,-0.90321
287.45000,2.60635,-2.97880,-0.91593
287.50000,2.60848,-2.98160,-0.92881
287.55000,2.61055,-2.98441,-0.94184
287.60000,2.61257,-2.98721,-0.95500
287.65000,2.61454,-2.99003,-0.96826
287.70000,2.61646,-2.99284,-0.98173
287.75000,2.61842,-2.99582,-0.99495
287.80000,2.62034,-2.99881,-1.00838
287.85000,2.62222,-3.00184,-1.02192
287.90000,2.62409,-3.00494,-1.03574
287.95000,2.62593,-3.00809,-1.04951
288.00000,2.62770,-3.01122,-1.06355
288.05000,2.62941,-3.01432,-1.07767
288.10000,2.63101,-3.01735,-1.09224
288.15000,2.63255,-3.02037,-1.10685
288.20000,2.63406,-3.02345,-1.12116
288.25000,2.63555,-3.02659,-1.13505
288.30000,2.63690,-3.02953,-1.14978
288.35000,2.63818,-3.03244,-1.16465
288.40000,2.63941,-3.03535,-1.17963
288.45000,2.64059,-3.03827,-1.19471
288.50000,2.64173,-3.04121,-1.20990
288.55000,2.64282,-3.04416,-1.22518
288.60000,2.64386,-3.04712,-1.24054
288.65000,2.64485,-3.05007,-1.25592
288.70000,2.64580,-3.05308,-1.27080
288.75000,2.64667,-3.05598,-1.28600
288.80000,2.64746,-3.05883,-1.30119
288.85000,2.64826,-3.06179,-1.31567
288.90000,2.64900,-3.06474,-1.33002
288.95000,2.64970,-3.06770,-1.34431
289.00000,2.65033,-3.07059,-1.35877
289.05000,2.65093,-3.07348,-1.37319
289.10000,2.65149,-3.07637,-1.38770
289.15000,2.65201,-3.07929,-1.40208
289.20000,2.65247,-3.08213,-1.41673
289.25000,2.65290,-3.08504,-1.43113
289.30000,2.65329,-3.08797,-1.44541
289.35000,2.65363,-3.09082,-1.45967
289.40000,2.65393,-3.09366,-1.47377
289.45000,2.65418,-3.09644,-1.48783
289.50000,2.65438,-3.09917,-1.50186
289.55000,2.65455,-3.10180,-1.51600
289.60000,2.65467,-3.10438,-1.53013
289.65000,2.65475,-3.10693,-1.54419
289.70000,2.65480,-3.10942,-1.55835
289.75000,2.65482,-3.11186,-1.57260
289.80000,2.65480,-3.11420,-1.58709
289.85000,2.65474,-3.11638,-1.60205
289.90000,2.65466,-3.11848,-1.61724
289.95000,2.65454,-3.12058,-1.63232
290.00000,2.65440,-3.12263,-1.64742
290.05000,2.65423,-3.12456,-1.66293
290.10000,2.65404,-3.12648,-1.67841
290.15000,2.65337,-3.13032,-1.69376
290.20000,2.65214,-3.13923,-1.70965
290.25000,2.65074,-3.14876,-1.72601
290.30000,2.64918,-3.15822,-1.74269
290.35000,2.64747,-3.16764,-1.75949
290.40000,2.64559,-3.17704,-1.77641
290.45000,2.64356,-3.18639,-1.79352
290.50000,2.64137,-3.19570,-1.81085
290.55000,2.63902,-3.20497,-1.82847
290.60000,2.63651,-3.21418,-1.84660
290.65000,2.63390,-3.22336,-1.86475
290.70000,2.63277,-3.23054,-1.88403
290.75000,2.63244,-3.23349,-1.90292
290.80000,2.63223,-3.23408,-1.92326
290.85000,2.63210,-3.23436,-1.94475
290.90000,2.63192,-3.23485,-1.96704
290.95000,2.63171,-3.23528,-1.98933
291.00000,2.63158,-3.23552,-2.01160
291.05000,2.63155,-3.23557,-2.03442
291.10000,2.63153,-3.23562,-2.05716
291.15000,2.63150,-3.23567,-2.07968
291.20000,2.63147,-3.23572,-2.10208
291.25000,2.63145,-3.23576,-2.12457
291.30000,2.63144,-3.23578,-2.14740
291.35000,2.63146,-3.23576,-2.17074
291.40000,2.63149,-3.23572,-2.19460
291.45000,2.63127,-3.23601,-2.21843
291.50000,2.63102,-3.23628,-2.24320
291.55000,2.63075,-3.23661,-2.26767
291.60000,2.63071,-3.23664,-2.29309
291.65000,2.63080,-3.23654,-2.31849
291.70000,2.63091,-3.23643,-2.34390
291.75000,2.63102,-3.23632,-2.36905
291.80000,2.63114,-3.23621,-2.39415
291.85000,2.63128,-3.23609,-2.41965
291.90000,2.63131,-3.23606,-2.44581
291.95000,2.63137,-3.23600,-2.47279
292.00000,2.63143,-3.23592,-2.50004
292.05000,2.63167,-3.23575,-2.52855
292.10000,2.63194,-3.23557,-2.55768
292.15000,2.63223,-3.23539,-2.58690
292.20000,2.63252,-3.23522,-2.61598
292.25000,2.63280,-3.23506,-2.64483
292.30000,2.63308,-3.23492,-2.67350
292.35000,2.63336,-3.23478,-2.70235
292.40000,2.63364,-3.23466,-2.73200
292.45000,2.63395,-3.23454,-2.76245
292.50000,2.63429,-3.23441,-2.79429
292.55000,2.63466,-3.23429,-2.82708
292.60000,2.63503,-3.23418,-2.86056
292.65000,2.63541,-3.23408,-2.89431
292.70000,2.63576,-3.23400,-2.92791
292.75000,2.63605,-3.23394,-2.96083
292.80000,2.63634,-3.23389,-2.99375
292.85000,2.63658,-3.23386,-3.02638
292.90000,2.63681,-3.23384,-3.05901
292.95000,2.63698,-3.23384,-3.09189
293.00000,2.63715,-3.23384,-3.12502
293.05000,2.63733,-3.23384,3.12471
293.10000,2.63749,-3.23383,3.09096
293.15000,2.63763,-3.23384,3.05720
293.20000,2.63775,-3.23384,3.02380
293.25000,2.63784,-3.23385,2.99100
293.30000,2.63793,-3.23386,2.95878
293.35000,2.63799,-3.23386,2.92712
293.40000,2.63633,-3.23311,2.89571
293.45000,2.62862,-3.23100,2.86748
293.50000,2.61976,-3.22836,2.83724
293.55000,2.61098,-3.22546,2.80713
293.60000,2.60229,-3.22229,2.77708
293.65000,2.59371,-3.21886,2.74698
293.70000,2.58523,-3.21518,2.71671
293.75000,2.57687,-3.21124,2.68632
293.80000,2.56863,-3.20706,2.65590
293.85000,2.56052,-3.20262,2.62568
293.90000,2.55254,-3.19793,2.59584
293.95000,2.54470,-3.19301,2.56641
294.00000,2.53699,-3.18785,2.53737
294.05000,2.52943,-3.18247,2.50869
294.10000,2.52202,-3.17687,2.48033
294.15000,2.51476,-3.17105,2.45213
294.20000,2.50767,-3.16504,2.42392
294.25000,2.50076,-3.15883,2.39559
294.30000,2.49403,-3.15243,2.36702
294.35000,2.48750,-3.14585,2.33820
294.40000,2.48115,-3.13908,2.30918
294.45000,2.47501,-3.13213,2.28008
294.50000,2.46907,-3.12501,2.25120
294.55000,2.46333,-3.11770,2.22271
294.60000,2.45780,-3.11024,2.19455
294.65000,2.45247,-3.10261,2.16662
294.70000,2.44736,-3.09483,2.13897
294.75000,2.44245,-3.08692,2.11156
294.80000,2.43777,-3.07886,2.08424
294.85000,2.43330,-3.07069,2.05693
294.90000,2.42906,-3.06239,2.02954
294.95000,2.42506,-3.05399,2.00193
295.00000,2.42128,-3.04548,1.97422
295.05000,2.41775,-3.03687,1.94665
295.10000,2.41444,-3.02815,1.91947
295.15000,2.41137,-3.01934,1.89279
295.20000,2.40853,-3.01044,1.86668
295.25000,2.40592,-3.00144,1.84111
295.30000,2.40352,-2.99237,1.81628
295.35000,2.40135,-2.98322,1.79207
295.40000,2.39939,-2.97400,1.76855
295.45000,2.39764,-2.96473,1.74555
295.50000,2.39610,-2.95541,1.72313
295.55000,2.39477,-2.94604,1.70117
295.60000,2.39364,-2.93663,1.67956
295.65000,2.39271,-2.92721,1.65833
295.70000,2.39198,-2.91777,1.63761
295.75000,2.39144,-2.90828,1.61765
295.80000,2.39109,-2.89876,1.59885
295.85000,2.39090,-2.88921,1.58119
295.90000,2.39089,-2.87962,1.56474
295.95000,2.39102,-2.87001,1.54947
296.00000,2.39121,-2.86039,1.53444
296.05000,2.39128,-2.85552,1.51998
296.10000,2.39128,-2.85555,1.50768
296.15000,2.39128,-2.85559,1.49563
296.20000,2.39127,-2.85567,1.48310
296.25000,2.39126,-2.85577,1.47014
296.30000,2.39169,-2.85408,1.45719
296.35000,2.39280,-2.84632,1.44443
296.40000,2.39408,-2.83673,1.43150
296.45000,2.39549,-2.82714,1.41909
296.50000,2.39695,-2.81756,1.40668
296.55000,2.39765,-2.80933,1.39401
296.60000,2.39771,-2.80727,1.38196
296.65000,2.39774,-2.80717,1.37100
296.70000,2.39775,-2.80713,1.36011
296.75000,2.39778,-2.80707,1.34931
296.80000,2.39781,-2.80702,1.33868
296.85000,2.39783,-2.80697,1.32822
296.90000,2.39786,-2.80685,1.31787
296.95000,2.39790,-2.80673,1.30780
297.00000,2.39796,-2.80656,1.29798
297.05000,2.39802,-2.80636,1.28839
297.10000,2.39807,-2.80622,1.27946
297.15000,2.39812,-2.80605,1.27055
297.20000,2.39819,-2.80588,1.26209
297.25000,2.39826,-2.80568,1.25351
297.30000,2.39832,-2.80552,1.24541
297.35000,2.39839,-2.80532,1.23750
297.40000,2.39847,-2.80508,1.22985
297.45000,2.39856,-2.80487,1.22250
297.50000,2.39864,-2.80468,1.21554
297.55000,2.39872,-2.80446,1.20849
297.60000,2.39882,-2.80422,1.20169
297.65000,2.39888,-2.80407,1.19586
297.70000,2.39896,-2.80387,1.18995
297.75000,2.39905,-2.80362,1.18400
297.80000,2.39915,-2.80338,1.17845
297.85000,2.39926,-2.80314,1.17320
297.90000,2.39936,-2.80289,1.16826
297.95000,2.39948,-2.80261,1.16354
298.00000,2.39958,-2.80238,1.15967
298.05000,2.39970,-2.80213,1.15612
298.10000,2.39984,-2.80183,1.15286
298.15000,2.39995,-2.80158,1.15051
298.20000,2.40006,-2.80133,1.14826
298.25000,2.40019,-2.80105,1.14636
298.30000,2.40032,-2.80076,1.14474
298.35000,2.40045,-2.80048,1.14346
298.40000,2.40058,-2.80019,1.14239
298.45000,2.40071,-2.79991,1.14168
298.50000,2.40085,-2.79962,1.14124
298.55000,2.40098,-2.79933,1.14106
298.60000,2.40112,-2.79904,1.14109
298.65000,2.40125,-2.79875,1.14137
298.70000,2.40139,-2.79844,1.14190
298.75000,2.40153,-2.79814,1.14269
298.80000,2.40167,-2.79784,1.14373
298.85000,2.40181,-2.79753,1.14502
298.90000,2.40195,-2.79721,1.14667
298.95000,2.40210,-2.79688,1.14865
299.00000,2.40224,-2.79654,1.15098
299.05000,2.40239,-2.79620,1.15358
299.10000,2.40255,-2.79584,1.15645
299.15000,2.40270,-2.79549,1.15956
299.20000,2.40286,-2.79512,1.16285
299.25000,2.40302,-2.79474,1.16615
299.30000,2.40318,-2.79437,1.16944
299.35000,2.40335,-2.79400,1.17275
299.40000,2.40351,-2.79362,1.17605
299.45000,2.40368,-2.79325,1.17937
299.50000,2.40385,-2.79287,1.18268
299.55000,2.40401,-2.79249,1.18600
299.60000,2.40418,-2.79211,1.18932
299.65000,2.40435,-2.79173,1.19265
299.70000,2.40453,-2.79135,1.19598
299.75000,2.40470,-2.79097,1.19931
299.80000,2.40487,-2.79059,1.20265
299.85000,2.40505,-2.79020,1.20600
299.90000,2.40523,-2.78981,1.20934
299.95000,2.40540,-2.78943,1.21269
300.00000,2.40558,-2.78904,1.21605
300.05000,2.40576,-2.78865,1.21941
300.10000,2.40595,-2.78826,1.22277
300.15000,2.40613,-2.78786,1.22614
300.20000,2.40630,-2.78746,1.23043
300.25000,2.40642,-2.78707,1.23676
300.30000,2.40654,-2.78674,1.24345
300.35000,2.40668,-2.78630,1.25003
300.40000,2.40681,-2.78592,1.25646
300.45000,2.40693,-2.78550,1.26281
300.50000,2.40704,-2.78516,1.27019
300.55000,2.40716,-2.78476,1.27737
300.60000,2.40728,-2.78434,1.28396
300.65000,2.40843,-2.78249,1.28949
300.70000,2.41110,-2.77704,1.29536
300.75000,2.41376,-2.76768,1.30205
300.80000,2.41636,-2.75813,1.30853
300.85000,2.41889,-2.74855,1.31472
300.90000,2.42139,-2.73888,1.32078
300.95000,2.42384,-2.72915,1.32658
301.00000,2.42623,-2.71946,1.33142
301.05000,2.42857,-2.70976,1.33591
301.10000,2.43087,-2.70004,1.34016
301.15000,2.43313,-2.69031,1.34418
301.20000,2.43535,-2.68058,1.34798
301.25000,2.43754,-2.67083,1.35156
301.30000,2.43969,-2.66108,1.35494
301.35000,2.44181,-2.65133,1.35813
301.40000,2.44390,-2.64156,1.36112
301.45000,2.44597,-2.63179,1.36391
301.50000,2.44800,-2.62202,1.36651
301.55000,2.45001,-2.61224,1.36920
301.60000,2.45199,-2.60249,1.37185
301.65000,2.45394,-2.59275,1.37434
301.70000,2.45587,-2.58300,1.37664
301.75000,2.45778,-2.57322,1.37857
301.80000,2.45968,-2.56344,1.38049
301.85000,2.46156,-2.55361,1.38223
301.90000,2.46343,-2.54376,1.38377
301.95000,2.46528,-2.53393,1.38513
302.00000,2.46713,-2.52408,1.38640
302.05000,2.46896,-2.51423,1.38755
302.10000,2.47077,-2.50440,1.38853
302.15000,2.47258,-2.49457,1.38940
302.20000,2.47438,-2.48471,1.39029
302.25000,2.47618,-2.47486,1.39110
302.30000,2.47796,-2.46500,1.39183
302.35000,2.47974,-2.45514,1.39252
302.40000,2.48152,-2.44528,1.39318
302.45000,2.48328,-2.43542,1.39388
302.50000,2.48504,-2.42557,1.39455
302.55000,2.48679,-2.41573,1.39528
302.60000,2.48853,-2.40589,1.39603
302.65000,2.49026,-2.39605,1.39684
302.70000,2.49199,-2.38618,1.39760
302.75000,2.49372,-2.37631,1.39858
302.80000,2.49544,-2.36641,1.39961
302.85000,2.49716,-2.35649,1.40068
302.90000,2.49887,-2.34656,1.40178
302.95000,2.50056,-2.33663,1.40335
303.00000,2.50225,-2.32668,1.40503
303.05000,2.50393,-2.31670,1.40677
303.10000,2.50561,-2.30669,1.40858
303.15000,2.50726,-2.29668,1.41118
303.20000,2.50885,-2.28670,1.41531
303.25000,2.51039,-2.27670,1.42006
303.30000,2.51189,-2.26667,1.42530
303.35000,2.51333,-2.25665,1.43101
303.40000,2.51471,-2.24659,1.43804
303.45000,2.51601,-2.23649,1.44650
303.50000,2.51722,-2.22639,1.45640
303.55000,2.51840,-2.21621,1.46654
303.60000,2.51856,-2.21012,1.47534
303.65000,2.51861,-2.20900,1.48924
303.70000,2.51865,-2.20845,1.50616
303.75000,2.51867,-2.20804,1.52296
303.80000,2.51869,-2.20755,1.54103
303.85000,2.51869,-2.20735,1.55921
303.90000,2.51869,-2.20715,1.57916
303.95000,2.51869,-2.20694,1.60081
304.00000,2.51868,-2.20672,1.62413
304.05000,2.51867,-2.20650,1.64899
304.10000,2.51864,-2.20627,1.67481
304.15000,2.51862,-2.20603,1.70119
304.20000,2.51858,-2.20579,1.72790
304.25000,2.51854,-2.20555,1.75478
304.30000,2.51849,-2.20530,1.78203
304.35000,2.51843,-2.20505,1.81038
304.40000,2.51836,-2.20478,1.84006
304.45000,2.51828,-2.20449,1.87111
304.50000,2.51818,-2.20419,1.90338
304.55000,2.51806,-2.20386,1.93671
304.60000,2.51792,-2.20350,1.97095
304.65000,2.51775,-2.20313,2.00596
304.70000,2.51755,-2.20273,2.04147
304.75000,2.51734,-2.20232,2.07695
304.80000,2.51711,-2.20192,2.11213
304.85000,2.51686,-2.20153,2.14700
304.90000,2.51660,-2.20114,2.18154
304.95000,2.51633,-2.20076,2.21574
305.00000,2.51604,-2.20039,2.24959
305.05000,2.51574,-2.20003,2.28308
305.10000,2.51542,-2.19968,2.31620
305.15000,2.51510,-2.19934,2.34894
305.20000,2.51476,-2.19900,2.38129
305.25000,2.51441,-2.19868,2.41324
305.30000,2.51405,-2.19837,2.44477
305.35000,2.51368,-2.19807,2.47588
305.40000,2.51330,-2.19779,2.50657
305.45000,2.51291,-2.19751,2.53681
305.50000,2.51252,-2.19724,2.56661
305.55000,2.51212,-2.19699,2.59595
305.60000,2.51171,-2.19675,2.62483
305.65000,2.51129,-2.19652,2.65324
305.70000,2.51087,-2.19630,2.68118
305.75000,2.51044,-2.19610,2.70863
305.80000,2.51001,-2.19591,2.73559
305.85000,2.50758,-2.19445,2.76119
305.90000,2.49950,-2.19124,2.78405
305.95000,2.49067,-2.18807,2.81171
306.00000,2.48181,-2.18517,2.83848
306.05000,2.47283,-2.18249,2.86368
306.10000,2.46372,-2.18000,2.88714
306.15000,2.45361,-2.17749,2.90848
306.20000,2.44341,-2.17518,2.92861
306.25000,2.43324,-2.17309,2.94620
306.30000,2.42303,-2.17115,2.96178
306.35000,2.41293,-2.16939,2.97452
306.40000,2.40276,-2.16766,2.98710
306.45000,2.39660,-2.16739,2.99728
306.50000,2.39551,-2.16733,3.00385
306.55000,2.39523,-2.16729,3.00558
306.60000,2.39499,-2.16726,3.00619
306.65000,2.39476,-2.16723,3.00618
306.70000,2.39453,-2.16719,3.00584
306.75000,2.39432,-2.16716,3.00498
306.80000,2.39413,-2.16713,3.00332
306.85000,2.39393,-2.16710,3.00166
306.90000,2.39372,-2.16706,2.99999
306.95000,2.39355,-2.16704,2.99684
307.00000,2.39342,-2.16700,2.99280
307.05000,2.39331,-2.16697,2.98783
307.10000,2.39319,-2.16695,2.98177
307.15000,2.39305,-2.16693,2.97566
307.20000,2.39299,-2.16691,2.96800
307.25000,2.39297,-2.16689,2.95905
307.30000,2.39294,-2.16689,2.94958
307.35000,2.39297,-2.16689,2.93950
307.40000,2.39299,-2.16690,2.92902
307.45000,2.39302,-2.16690,2.91833
307.50000,2.39306,-2.16691,2.90743
307.55000,2.39310,-2.16692,2.89631
307.60000,2.39314,-2.16693,2.88501
307.65000,2.39319,-2.16694,2.87352
307.70000,2.39326,-2.16696,2.86148
307.75000,2.39335,-2.16699,2.84860
307.80000,2.39346,-2.16702,2.83482
307.85000,2.39359,-2.16706,2.82008
307.90000,2.39374,-2.16711,2.80471
307.95000,2.39390,-2.16716,2.78848
308.00000,2.39408,-2.16723,2.77174
308.05000,2.39427,-2.16730,2.75462
308.10000,2.39447,-2.16738,2.73728
308.15000,2.39466,-2.16746,2.71985
308.20000,2.39485,-2.16754,2.70240
308.25000,2.39505,-2.16763,2.68493
308.30000,2.39524,-2.16772,2.66747
308.35000,2.39543,-2.16781,2.64978
308.40000,2.39563,-2.16791,2.63158
308.45000,2.39584,-2.16803,2.61278
308.50000,2.39606,-2.16815,2.59338
308.55000,2.39628,-2.16829,2.57347
308.60000,2.39652,-2.16843,2.55309
308.65000,2.39675,-2.16859,2.53225
308.70000,2.39699,-2.16875,2.51084
308.75000,2.39724,-2.16891,2.48900
308.80000,2.39749,-2.16909,2.46692
308.85000,2.39772,-2.16926,2.44478
308.90000,2.39795,-2.16945,2.42273
308.95000,2.39818,-2.16965,2.40089
309.00000,2.39840,-2.16985,2.37922
309.05000,2.39855,-2.17000,2.35791
309.10000,2.39843,-2.16987,2.33802
309.15000,2.39825,-2.16969,2.31822
309.20000,2.39808,-2.16950,2.29815
309.25000,2.39792,-2.16931,2.27783
309.30000,2.39775,-2.16911,2.25734
309.35000,2.39759,-2.16891,2.23667
309.40000,2.39743,-2.16871,2.21587
309.45000,2.39728,-2.16850,2.19494
309.50000,2.39713,-2.16829,2.17391
309.55000,2.39699,-2.16808,2.15293
309.60000,2.39685,-2.16786,2.13201
309.65000,2.39671,-2.16764,2.11123
309.70000,2.39658,-2.16741,2.09055
309.75000,2.39645,-2.16719,2.07001
309.80000,2.39633,-2.16696,2.04963
309.85000,2.39621,-2.16673,2.02941
309.90000,2.39610,-2.16649,2.00937
309.95000,2.39599,-2.16625,1.98953
310.00000,2.39589,-2.16602,1.96989
310.05000,2.39579,-2.16578,1.95048
310.10000,2.39570,-2.16553,1.93127
310.15000,2.39561,-2.16529,1.91220
310.20000,2.39552,-2.16505,1.89317
310.25000,2.39544,-2.16480,1.87417
310.30000,2.39537,-2.16455,1.85520
310.35000,2.39530,-2.16430,1.83630
310.40000,2.39526,-2.16419,1.81677
310.45000,2.39528,-2.16428,1.79671
310.50000,2.39445,-2.16248,1.77767
310.55000,2.39270,-2.15487,1.75929
310.60000,2.39091,-2.14547,1.73888
310.65000,2.39002,-2.13741,1.71924
310.70000,2.38997,-2.13559,1.69916
310.75000,2.38954,-2.13396,1.67639
310.80000,2.38871,-2.12659,1.65471
310.85000,2.38799,-2.11704,1.63431
310.90000,2.38746,-2.10749,1.61397
310.95000,2.38713,-2.09794,1.59379
311.00000,2.38700,-2.08840,1.57375
311.05000,2.38707,-2.07885,1.55406
311.10000,2.38732,-2.06933,1.53465
311.15000,2.38776,-2.05967,1.51615
311.20000,2.38839,-2.05011,1.49747
311.25000,2.38919,-2.04055,1.47913
311.30000,2.39016,-2.03106,1.46094
311.35000,2.39131,-2.02158,1.44303
311.40000,2.39263,-2.01211,1.42545
311.45000,2.39411,-2.00265,1.40819
311.50000,2.39575,-1.99322,1.39126
311.55000,2.39756,-1.98380,1.37471
311.60000,2.39950,-1.97441,1.35839
311.65000,2.40160,-1.96504,1.34257
311.70000,2.40385,-1.95571,1.32650
311.75000,2.40630,-1.94627,1.31726
311.80000,2.40886,-1.93654,1.32638
311.85000,2.41105,-1.92723,1.35349
311.90000,2.41290,-1.91804,1.39102
311.95000,2.41448,-1.90829,1.43474
312.00000,2.41563,-1.89836,1.47888
312.05000,2.41634,-1.88821,1.52323
312.10000,2.41660,-1.87765,1.56894
312.15000,2.41640,-1.86766,1.61201
312.20000,2.41577,-1.85768,1.65479
312.25000,2.41472,-1.84773,1.69706
312.30000,2.41326,-1.83784,1.73895
312.35000,2.41138,-1.82802,1.78053
312.40000,2.40910,-1.81829,1.82193
312.45000,2.40641,-1.80865,1.86268
312.50000,2.40334,-1.79914,1.90321
312.55000,2.39989,-1.78975,1.94327
312.60000,2.39607,-1.78051,1.98286
312.65000,2.39218,-1.77148,2.01568
312.70000,2.38870,-1.76368,2.03702
312.75000,2.38678,-1.75972,2.04044
312.80000,2.38553,-1.75722,2.03673
312.85000,2.38483,-1.75580,2.02782
312.90000,2.38464,-1.75540,2.01421
312.95000,2.38462,-1.75532,1.99905
313.00000,2.38452,-1.75511,1.98383
313.05000,2.38442,-1.75488,1.96867
313.10000,2.38433,-1.75464,1.95354
313.15000,2.38424,-1.75443,1.93840
313.20000,2.38424,-1.75442,1.92245
313.25000,2.38419,-1.75427,1.90713
313.30000,2.38420,-1.75430,1.89114
313.35000,2.38392,-1.75369,1.88840
313.40000,2.38269,-1.75016,1.90072
313.45000,2.38089,-1.74489,1.91497
313.50000,2.37910,-1.73965,1.92537
313.55000,2.37731,-1.73441,1.93409
313.60000,2.37552,-1.72917,1.94111
313.65000,2.37376,-1.72409,1.94635
313.70000,2.37210,-1.71948,1.94913
313.75000,2.37064,-1.71573,1.94786
313.80000,2.36960,-1.71307,1.94154
313.85000,2.36902,-1.71152,1.93026
313.90000,2.36888,-1.71110,1.91403
313.95000,2.36887,-1.71105,1.89614
314.00000,2.36888,-1.71111,1.87806
314.05000,2.36893,-1.71127,1.85955
314.10000,2.36866,-1.71086,1.85379
314.15000,2.36745,-1.70701,1.86463
314.20000,2.36537,-1.70041,1.88707
314.25000,2.36300,-1.69308,1.90699
314.30000,2.36087,-1.68637,1.91886
314.35000,2.35936,-1.68169,1.92161
314.40000,2.35859,-1.67942,1.91365
314.45000,2.35821,-1.67831,1.90043
314.50000,2.35820,-1.67829,1.88269
314.55000,2.35820,-1.67826,1.86493
314.60000,2.35826,-1.67849,1.84624
314.65000,2.35833,-1.67872,1.82771
314.70000,2.35838,-1.67895,1.80945
314.75000,2.35820,-1.67847,1.80464
314.80000,2.35720,-1.67458,1.81502
314.85000,2.35547,-1.66796,1.83659
314.90000,2.35308,-1.65966,1.86580
314.95000,2.35044,-1.65079,1.89161
315.00000,2.34808,-1.64308,1.90777
315.05000,2.34593,-1.63631,1.91986
315.10000,2.34395,-1.63022,1.92793
315.15000,2.34237,-1.62585,1.92838
315.20000,2.34125,-1.62282,1.92262
315.25000,2.34056,-1.62090,1.91197
315.30000,2.34027,-1.62005,1.89664
315.35000,2.34027,-1.62006,1.87770
315.40000,2.34032,-1.62019,1.85832
315.45000,2.34040,-1.62045,1.83856
315.50000,2.34046,-1.62070,1.81903
315.55000,2.34053,-1.62096,1.79980
315.60000,2.34058,-1.62121,1.78065
315.65000,2.34063,-1.62146,1.76186
315.70000,2.34037,-1.62117,1.75441
315.75000,2.33953,-1.61821,1.75969
315.80000,2.33815,-1.61180,1.77899
315.85000,2.33626,-1.60341,1.80685
315.90000,2.33408,-1.59441,1.83149
315.95000,2.33212,-1.58677,1.84665
316.00000,2.33088,-1.58173,1.85056
316.05000,2.33074,-1.58023,1.83925
316.10000,2.33076,-1.58014,1.82180
316.15000,2.33080,-1.58030,1.80319
316.20000,2.33088,-1.58054,1.78468
316.25000,2.33094,-1.58077,1.76637
316.30000,2.33099,-1.58099,1.74835
316.35000,2.33103,-1.58121,1.73054
316.40000,2.33092,-1.58074,1.72616
316.45000,2.33016,-1.57715,1.73357
316.50000,2.32891,-1.57031,1.75435
316.55000,2.32709,-1.56126,1.78461
316.60000,2.32521,-1.55254,1.80612
316.65000,2.32397,-1.54665,1.81419
316.70000,2.32296,-1.54205,1.81757
316.75000,2.32196,-1.53755,1.82032
316.80000,2.32162,-1.53525,1.81294
316.85000,2.32167,-1.53546,1.79493
316.90000,2.32172,-1.53570,1.77676
316.95000,2.32176,-1.53592,1.75879
317.00000,2.32180,-1.53615,1.74104
317.05000,2.32183,-1.53637,1.72350
317.10000,2.32186,-1.53658,1.70618
317.15000,2.32188,-1.53679,1.68908
317.20000,2.32179,-1.53647,1.68318
317.25000,2.32126,-1.53349,1.68862
317.30000,2.32034,-1.52700,1.70785
317.35000,2.31943,-1.51937,1.72507
317.40000,2.31876,-1.51363,1.73440
317.45000,2.31828,-1.50986,1.73488
317.50000,2.31819,-1.50847,1.72488
317.55000,2.31815,-1.50837,1.70890
317.60000,2.31811,-1.50827,1.69291
317.65000,2.31807,-1.50816,1.67691
317.70000,2.31802,-1.50805,1.66091
317.75000,2.31792,-1.50737,1.65597
317.80000,2.31747,-1.50368,1.66430
317.85000,2.31671,-1.49658,1.68599
317.90000,2.31578,-1.48834,1.70801
317.95000,2.31520,-1.48227,1.72080
318.00000,2.31484,-1.47848,1.72249
318.05000,2.31468,-1.47643,1.71628
318.10000,2.31468,-1.47621,1.70249
318.15000,2.31464,-1.47614,1.68718
318.20000,2.31461,-1.47606,1.67187
318.25000,2.31457,-1.47598,1.65655
318.30000,2.31456,-1.47593,1.64142
318.35000,2.31430,-1.47430,1.62611
318.40000,2.31391,-1.46973,1.61857
318.45000,2.31349,-1.46459,1.62963
318.50000,2.31287,-1.45662,1.65482
318.55000,2.31217,-1.44747,1.67476
318.60000,2.31128,-1.43865,1.66986
318.65000,2.31031,-1.42907,1.65813
318.70000,2.31026,-1.42585,1.64784
318.75000,2.30994,-1.42424,1.63627
318.80000,2.30938,-1.41652,1.62434
318.85000,2.30891,-1.40677,1.61214
318.90000,2.30855,-1.39703,1.60025
318.95000,2.30832,-1.38727,1.58839
319.00000,2.30820,-1.37752,1.57645
319.05000,2.30820,-1.36772,1.56494
319.10000,2.30832,-1.35793,1.55372
319.15000,2.30854,-1.34810,1.54262
319.20000,2.30887,-1.33823,1.53188
319.25000,2.30931,-1.32838,1.52125
319.30000,2.30985,-1.31849,1.51094
319.35000,2.31042,-1.31006,1.48779
319.40000,2.31101,-1.30428,1.44259
319.45000,2.31160,-1.30027,1.41267
319.50000,2.31204,-1.29749,1.41982
319.55000,2.31234,-1.29534,1.45248
319.60000,2.31252,-1.29276,1.48034
319.65000,2.31244,-1.29053,1.47965
319.70000,2.31246,-1.28889,1.44753
319.75000,2.31283,-1.28645,1.40013
319.80000,2.31357,-1.28281,1.34548
319.85000,2.31478,-1.27816,1.28658
319.90000,2.31649,-1.27291,1.22447
319.95000,2.31870,-1.26737,1.15986
320.00000,2.32138,-1.26176,1.09331
320.05000,2.32471,-1.25580,1.02696
320.10000,2.32840,-1.25015,0.95889
320.15000,2.33258,-1.24460,0.89055
320.20000,2.33736,-1.23909,0.82279
320.25000,2.34251,-1.23392,0.75456
320.30000,2.34789,-1.22920,0.68546
320.35000,2.35355,-1.22489,0.61591
320.40000,2.35951,-1.22097,0.54630
320.45000,2.36602,-1.21732,0.47775
320.50000,2.37213,-1.21442,0.40654
320.55000,2.37754,-1.21232,0.33163
320.60000,2.38263,-1.21070,0.26643
320.65000,2.38844,-1.20878,0.23424
320.70000,2.39464,-1.20736,0.23529
320.75000,2.40087,-1.20592,0.25849
320.80000,2.40759,-1.20399,0.29330
320.85000,2.41507,-1.20158,0.33525
320.90000,2.42216,-1.19918,0.37499
320.95000,2.42931,-1.19667,0.39490
321.00000,2.43633,-1.19422,0.39236
321.05000,2.44308,-1.19192,0.36508
321.10000,2.44884,-1.18986,0.31956
321.15000,2.45342,-1.18849,0.26074
321.20000,2.45794,-1.18744,0.19547
321.25000,2.46197,-1.18678,0.12391
321.30000,2.46531,-1.18650,0.05762
321.35000,2.46766,-1.18642,0.00905
321.40000,2.46919,-1.18645,-0.04748
321.45000,2.47060,-1.18657,-0.11474
321.50000,2.47303,-1.18694,-0.18542
321.55000,2.47587,-1.18758,-0.25954
321.60000,2.47945,-1.18868,-0.33418
321.65000,2.48330,-1.19019,-0.40989
321.70000,2.48711,-1.19202,-0.48704
321.75000,2.49094,-1.19425,-0.56468
321.80000,2.49487,-1.19696,-0.64192
321.85000,2.49853,-1.19992,-0.72003
321.90000,2.50210,-1.20331,-0.79776
321.95000,2.50552,-1.20710,-0.87510
322.00000,2.50872,-1.21125,-0.95206
322.05000,2.51170,-1.21579,-1.02845
322.10000,2.51441,-1.22070,-1.10430
322.15000,2.51680,-1.22594,-1.17966
322.20000,2.51885,-1.23148,-1.25448
322.25000,2.52052,-1.23731,-1.32875
322.30000,2.52178,-1.24340,-1.40243
322.35000,2.52262,-1.24973,-1.47550
322.40000,2.52294,-1.25506,-1.55243
322.45000,2.52286,-1.25878,-1.63549
322.50000,2.52259,-1.26136,-1.72288
322.55000,2.52224,-1.26313,-1.81336
322.60000,2.52188,-1.26434,-1.90603
322.65000,2.52155,-1.26516,-2.00025
322.70000,2.52130,-1.26566,-2.09509
322.75000,2.52101,-1.26611,-2.18848
322.80000,2.52068,-1.26653,-2.28023
322.85000,2.52031,-1.26693,-2.37031
322.90000,2.51990,-1.26729,-2.45869
322.95000,2.51946,-1.26761,-2.54541
323.00000,2.51900,-1.26790,-2.63046
323.05000,2.51851,-1.26815,-2.71387
323.10000,2.51800,-1.26835,-2.79564
323.15000,2.51748,-1.26852,-2.87577
323.20000,2.51695,-1.26864,-2.95431
323.25000,2.51641,-1.26872,-3.03126
323.30000,2.51587,-1.26876,-3.10661
323.35000,2.51533,-1.26876,3.10279
323.40000,2.51310,-1.26850,3.03207
323.45000,2.50735,-1.26766,2.96901
323.50000,2.49992,-1.26613,2.90909
323.55000,2.49217,-1.26405,2.84836
323.60000,2.48427,-1.26139,2.78710
323.65000,2.47633,-1.25817,2.72555
323.70000,2.46843,-1.25438,2.66387
323.75000,2.46065,-1.25005,2.60214
323.80000,2.45306,-1.24518,2.54043
323.85000,2.44581,-1.24023,2.48688
323.90000,2.43855,-1.23522,2.45171
323.95000,2.43115,-1.22938,2.43522
324.00000,2.42375,-1.22300,2.42394
324.05000,2.41640,-1.21653,2.41456
324.10000,2.40908,-1.20996,2.40678
324.15000,2.40179,-1.20334,2.40052
324.20000,2.39451,-1.19664,2.39579
324.25000,2.38724,-1.18990,2.39227
324.30000,2.37997,-1.18312,2.39014
324.35000,2.37268,-1.17630,2.38946
324.40000,2.36538,-1.16947,2.38960
324.45000,2.35806,-1.16263,2.38996
324.50000,2.35070,-1.15577,2.39291
324.55000,2.34332,-1.14893,2.39668
324.60000,2.33586,-1.14209,2.40176
324.65000,2.32836,-1.13528,2.40730
324.70000,2.32080,-1.12850,2.41387
324.75000,2.31325,-1.12182,2.42102
324.80000,2.30560,-1.11514,2.42910
324.85000,2.29784,-1.10850,2.43811
324.90000,2.29014,-1.10202,2.44718
324.95000,2.28241,-1.09564,2.45713
325.00000,2.27458,-1.08932,2.46777
325.05000,2.26674,-1.08313,2.47871
325.10000,2.25882,-1.07702,2.49025
325.15000,2.25081,-1.07099,2.50251
325.20000,2.24274,-1.06507,2.51516
325.25000,2.23461,-1.05927,2.52843
325.30000,2.22640,-1.05359,2.54206
325.35000,2.21812,-1.04801,2.55637
325.40000,2.20975,-1.04256,2.57132
325.45000,2.20130,-1.03724,2.58674
325.50000,2.19277,-1.03204,2.60281
325.55000,2.18416,-1.02699,2.61962
325.60000,2.17546,-1.02209,2.63684
325.65000,2.16667,-1.01734,2.65475
325.70000,2.15780,-1.01275,2.67308
325.75000,2.14885,-1.00833,2.69183
325.80000,2.13981,-1.00408,2.71131
325.85000,2.13070,-1.00000,2.73121
325.90000,2.12150,-0.99612,2.75157
325.95000,2.11222,-0.99242,2.77234
326.00000,2.10287,-0.98891,2.79352
326.05000,2.09344,-0.98561,2.81554
326.10000,2.08393,-0.98251,2.83800
326.15000,2.07435,-0.97963,2.86082
326.20000,2.06471,-0.97697,2.88403
326.25000,2.05501,-0.97454,2.90743
326.30000,2.04526,-0.97233,2.93125
326.35000,2.03545,-0.97036,2.95545
326.40000,2.02561,-0.96863,2.98007
326.45000,2.01572,-0.96715,3.00505
326.50000,2.00579,-0.96591,3.03034
326.55000,1.99563,-0.96491,3.05681
326.60000,1.98523,-0.96418,3.08431
326.65000,1.97501,-0.96373,3.11146
326.70000,1.96495,-0.96356,3.13823
326.75000,1.95495,-0.96366,-3.11830
326.80000,1.94496,-0.96403,-3.09130
326.85000,1.93552,-0.96450,-3.07510
326.90000,1.92653,-0.96483,-3.07856
326.95000,1.91771,-0.96502,-3.08992
327.00000,1.90902,-0.96507,-3.10720
327.05000,1.90066,-0.96502,-3.13330
327.10000,1.89399,-0.96501,3.11337
327.15000,1.88938,-0.96496,3.06838
327.20000,1.88824,-0.96493,3.03123
327.25000,1.88636,-0.96463,3.01978
327.30000,1.88182,-0.96399,3.02180
327.35000,1.87352,-0.96306,3.03937
327.40000,1.86364,-0.96218,3.06470
327.45000,1.85388,-0.96156,3.09116
327.50000,1.84487,-0.96122,3.10661
327.55000,1.83622,-0.96112,3.10558
327.60000,1.82790,-0.96122,3.08968
327.65000,1.82124,-0.96148,3.05425
327.70000,1.81790,-0.96189,3.00510
327.75000,1.81747,-0.96195,2.94437
327.80000,1.81726,-0.96186,2.89385
327.85000,1.81657,-0.96138,2.86810
327.90000,1.81343,-0.96031,2.86362
327.95000,1.80654,-0.95831,2.87705
328.00000,1.79701,-0.95585,2.90078
328.05000,1.78693,-0.95355,2.92728
328.10000,1.77737,-0.95157,2.95353
328.15000,1.76759,-0.94984,2.97989
328.20000,1.75817,-0.94843,3.00721
328.25000,1.74925,-0.94748,3.02310
328.30000,1.74086,-0.94709,3.02155
328.35000,1.73339,-0.94741,2.99808
328.40000,1.72861,-0.94756,2.95790
328.45000,1.72641,-0.94740,2.90716
328.50000,1.72612,-0.94733,2.84880
328.55000,1.72594,-0.94724,2.79934
328.60000,1.72551,-0.94686,2.76910
328.65000,1.72442,-0.94611,2.75557
328.70000,1.72196,-0.94497,2.75159
328.75000,1.71727,-0.94290,2.75805
328.80000,1.70865,-0.93945,2.78181
328.85000,1.69926,-0.93606,2.80841
328.90000,1.68978,-0.93293,2.83533
328.95000,1.68022,-0.93005,2.86255
329.00000,1.67058,-0.92743,2.88998
329.05000,1.66133,-0.92531,2.90349
329.10000,1.65325,-0.92399,2.89193
329.15000,1.64841,-0.92295,2.85766
329.20000,1.64635,-0.92231,2.81154
329.25000,1.64583,-0.92217,2.76983
329.30000,1.64531,-0.92197,2.74284
329.35000,1.64469,-0.92166,2.72521
329.40000,1.64388,-0.92122,2.71596
329.45000,1.64216,-0.92043,2.71298
329.50000,1.63929,-0.91911,2.71566
329.55000,1.63515,-0.91724,2.72451
329.60000,1.62959,-0.91481,2.74002
329.65000,1.62220,-0.91176,2.76362
329.70000,1.61300,-0.90826,2.79483
329.75000,1.60354,-0.90501,2.82703
329.80000,1.59426,-0.90218,2.84475
329.85000,1.58640,-0.89997,2.83521
329.90000,1.58168,-0.89843,2.80625
329.95000,1.57972,-0.89771,2.76536
330.00000,1.57954,-0.89763,2.71691
330.05000,1.57938,-0.89754,2.67923
330.10000,1.57907,-0.89729,2.66248
330.15000,1.57773,-0.89659,2.66016
330.20000,1.57513,-0.89522,2.66412
330.25000,1.57117,-0.89319,2.67476
330.30000,1.56570,-0.89047,2.69240
330.35000,1.55833,-0.88702,2.71855
330.40000,1.54924,-0.88310,2.75199
330.45000,1.54023,-0.87958,2.77090
330.50000,1.53191,-0.87648,2.76564
330.55000,1.52575,-0.87400,2.74625
330.60000,1.52217,-0.87245,2.71542
330.65000,1.52124,-0.87201,2.67295
330.70000,1.52108,-0.87193,2.62703
330.75000,1.52094,-0.87182,2.59193
330.80000,1.52050,-0.87146,2.57731
330.85000,1.51744,-0.86951,2.58436
330.90000,1.51293,-0.86673,2.59873
330.95000,1.50668,-0.86305,2.62128
331.00000,1.49841,-0.85847,2.65285
331.05000,1.48950,-0.85393,2.68693
331.10000,1.48089,-0.84990,2.70577
331.15000,1.47363,-0.84669,2.69863
331.20000,1.46912,-0.84452,2.67429
331.25000,1.46718,-0.84351,2.63820
331.30000,1.46698,-0.84339,2.59418
331.35000,1.46684,-0.84328,2.56079
331.40000,1.46649,-0.84292,2.54760
331.45000,1.46305,-0.84053,2.55789
331.50000,1.45682,-0.83649,2.58143
331.55000,1.44922,-0.83187,2.61221
331.60000,1.44071,-0.82709,2.64678
331.65000,1.43245,-0.82265,2.67361
331.70000,1.42431,-0.81839,2.67939
331.75000,1.41783,-0.81517,2.66489
331.80000,1.41500,-0.81369,2.63334
331.85000,1.41449,-0.81340,2.59095
331.90000,1.41435,-0.81330,2.54691
331.95000,1.41421,-0.81321,2.50310
332.00000,1.41412,-0.81312,2.46798
332.05000,1.41377,-0.81279,2.45253
332.10000,1.41048,-0.81003,2.46228
332.15000,1.40540,-0.80601,2.48554
332.20000,1.39885,-0.80113,2.51767
332.25000,1.39142,-0.79598,2.55450
332.30000,1.38393,-0.79109,2.57816
332.35000,1.37679,-0.78659,2.57681
332.40000,1.37274,-0.78402,2.55353
332.45000,1.37205,-0.78356,2.51368
332.50000,1.37192,-0.78346,2.47093
332.55000,1.37178,-0.78335,2.42839
332.60000,1.37173,-0.78329,2.39278
332.65000,1.37152,-0.78304,2.37472
332.70000,1.36926,-0.78087,2.38111
332.75000,1.36551,-0.77736,2.39817
332.80000,1.36041,-0.77279,2.42419
332.85000,1.35383,-0.76724,2.45929
332.90000,1.34670,-0.76166,2.49701
332.95000,1.33966,-0.75652,2.51820
333.00000,1.33320,-0.75192,2.51754
333.05000,1.32815,-0.74827,2.50174
333.10000,1.32680,-0.74725,2.46700
333.15000,1.32692,-0.74734,2.42456
333.20000,1.32712,-0.74752,2.38172
333.25000,1.32713,-0.74747,2.35501
333.30000,1.32557,-0.74586,2.35589
333.35000,1.32151,-0.74187,2.37207
333.40000,1.31559,-0.73627,2.39790
333.45000,1.30820,-0.72970,2.43086
333.50000,1.30098,-0.72363,2.45186
333.55000,1.29447,-0.71825,2.44839
333.60000,1.29048,-0.71488,2.42861
333.65000,1.28952,-0.71401,2.39282
333.70000,1.28966,-0.71414,2.35080
333.75000,1.28955,-0.71402,2.31030
333.80000,1.28929,-0.71372,2.28184
333.85000,1.28829,-0.71254,2.27621
333.90000,1.28457,-0.70823,2.29127
333.95000,1.27910,-0.70215,2.31674
334.00000,1.27224,-0.69497,2.34943
334.05000,1.26446,-0.68736,2.38625
334.10000,1.25738,-0.68079,2.40837
334.15000,1.25116,-0.67515,2.40518
334.20000,1.24787,-0.67209,2.38342
334.25000,1.24766,-0.67187,2.34436
334.30000,1.24768,-0.67189,2.30370
334.35000,1.24757,-0.67176,2.26402
334.40000,1.24721,-0.67134,2.23867
334.45000,1.24642,-0.67044,2.23055
334.50000,1.24409,-0.66746,2.23773
334.55000,1.23914,-0.66132,2.26214
334.60000,1.23314,-0.65426,2.29206
334.65000,1.22691,-0.64716,2.31437
334.70000,1.22161,-0.64124,2.30970
334.75000,1.21822,-0.63747,2.29123
334.80000,1.21691,-0.63593,2.26025
334.85000,1.21687,-0.63588,2.22123
334.90000,1.21677,-0.63575,2.18265
334.95000,1.21690,-0.63590,2.16276
335.00000,1.21551,-0.63390,2.16505
335.05000,1.21206,-0.62888,2.18141
335.10000,1.20720,-0.62210,2.20709
335.15000,1.20129,-0.61433,2.23868
335.20000,1.19531,-0.60671,2.26204
335.25000,1.18997,-0.59992,2.26222
335.30000,1.18677,-0.59595,2.24426
335.35000,1.18624,-0.59524,2.20913
335.40000,1.18615,-0.59510,2.17079
335.45000,1.18606,-0.59497,2.13264
335.50000,1.18587,-0.59476,2.10936
335.55000,1.18479,-0.59307,2.10824
335.60000,1.18173,-0.58804,2.12326
335.65000,1.17729,-0.58103,2.14852
335.70000,1.17197,-0.57313,2.17897
335.75000,1.16650,-0.56518,2.20130
335.80000,1.16227,-0.55901,2.19592
335.85000,1.16082,-0.55686,2.16894
335.90000,1.16101,-0.55712,2.12980
335.95000,1.16125,-0.55750,2.09021
336.00000,1.16116,-0.55752,2.06525
336.05000,1.16042,-0.55645,2.05918
336.10000,1.15785,-0.55176,2.07247
336.15000,1.15379,-0.54458,2.09790
336.20000,1.14886,-0.53639,2.12897
336.25000,1.14375,-0.52811,2.15350
336.30000,1.13921,-0.52071,2.15573
336.35000,1.13603,-0.51579,2.14250
336.40000,1.13415,-0.51277,2.11962
336.45000,1.13354,-0.51167,2.08737
336.50000,1.13377,-0.51208,2.04821
336.55000,1.13411,-0.51277,2.00808
336.60000,1.13417,-0.51303,1.98580
336.65000,1.13307,-0.51058,1.98824
336.70000,1.13054,-0.50500,2.00418
336.75000,1.12690,-0.49737,2.02986
336.80000,1.12252,-0.48883,2.06184
336.85000,1.11796,-0.48015,2.08772
336.90000,1.11357,-0.47202,2.09143
336.95000,1.11037,-0.46622,2.08136
337.00000,1.10899,-0.46361,2.05643
337.05000,1.10814,-0.46191,2.02674
337.10000,1.10785,-0.46124,1.99252
337.15000,1.10814,-0.46187,1.95266
337.20000,1.10832,-0.46235,1.93219
337.25000,1.10748,-0.46027,1.93193
337.30000,1.10535,-0.45485,1.94668
337.35000,1.10240,-0.44764,1.97263
337.40000,1.09885,-0.43965,2.00545
337.45000,1.09497,-0.43135,2.03186
337.50000,1.09127,-0.42350,2.03614
337.55000,1.08884,-0.41834,2.02261
337.60000,1.08857,-0.41748,1.98963
337.65000,1.08887,-0.41819,1.94985
337.70000,1.08915,-0.41894,1.91015
337.75000,1.08940,-0.41970,1.87066
337.80000,1.08929,-0.41985,1.84427
337.85000,1.08883,-0.41928,1.83405
337.90000,1.08815,-0.41700,1.83420
337.95000,1.08658,-0.41187,1.84797
338.00000,1.08392,-0.40308,1.87653
338.05000,1.08053,-0.39294,1.91143
338.10000,1.07704,-0.38315,1.94720
338.15000,1.07353,-0.37422,1.96881
338.20000,1.07019,-0.36606,1.97219
338.25000,1.06734,-0.35913,1.96689
338.30000,1.06577,-0.35485,1.95003
338.35000,1.06570,-0.35430,1.91705
338.40000,1.06595,-0.35506,1.87840
338.45000,1.06617,-0.35581,1.83997
338.50000,1.06636,-0.35654,1.80205
338.55000,1.06632,-0.35697,1.77915
338.60000,1.06581,-0.35542,1.77618
338.65000,1.06468,-0.35106,1.78594
338.70000,1.06288,-0.34351,1.80905
338.75000,1.06050,-0.33431,1.83950
338.80000,1.05787,-0.32508,1.86598
338.85000,1.05521,-0.31592,1.87872
338.90000,1.05278,-0.30791,1.87883
338.95000,1.05151,-0.30303,1.86484
339.00000,1.05140,-0.30216,1.83379
339.05000,1.05151,-0.30262,1.79730
339.10000,1.05165,-0.30327,1.75992
339.15000,1.05177,-0.30397,1.72276
339.20000,1.05173,-0.30422,1.70061
339.25000,1.05122,-0.30251,1.69730
339.30000,1.05033,-0.29762,1.70728
339.35000,1.04907,-0.28973,1.72998
339.40000,1.04730,-0.27973,1.76158
339.45000,1.04543,-0.27042,1.78172
339.50000,1.04373,-0.26209,1.78474
339.55000,1.04254,-0.25578,1.77774
339.60000,1.04155,-0.25046,1.76615
339.65000,1.04078,-0.24615,1.75007
339.70000,1.04030,-0.24293,1.72932
339.75000,1.04001,-0.24074,1.70424
339.80000,1.03991,-0.23961,1.67490
339.85000,1.03997,-0.23954,1.64143
339.90000,1.03997,-0.23961,1.61860
339.95000,1.03974,-0.23838,1.61192
340.00000,1.03937,-0.23488,1.61535
340.05000,1.03891,-0.22806,1.63255
340.10000,1.03817,-0.21835,1.66171
340.15000,1.03711,-0.20841,1.69224
340.20000,1.03599,-0.19857,1.71849
340.25000,1.03517,-0.18908,1.73242
340.30000,1.03461,-0.18009,1.73647
340.35000,1.03411,-0.17136,1.73842
340.40000,1.03392,-0.16420,1.73343
340.45000,1.03394,-0.15808,1.72365
340.50000,1.03415,-0.15301,1.70920
340.55000,1.03457,-0.14900,1.69016
340.60000,1.03497,-0.14608,1.66657
340.65000,1.03519,-0.14425,1.63852
340.70000,1.03528,-0.14352,1.60615
340.75000,1.03530,-0.14387,1.56967
340.80000,1.03529,-0.14459,1.53196
340.85000,1.03531,-0.14473,1.50848
340.90000,1.03557,-0.14289,1.50326
340.95000,1.03617,-0.13940,1.50442
341.00000,1.03673,-0.13222,1.52068
341.05000,1.03709,-0.12253,1.54749
341.10000,1.03718,-0.11253,1.57583
341.15000,1.03707,-0.10270,1.59681
341.20000,1.03709,-0.09346,1.60602
341.25000,1.03724,-0.08600,1.60308
341.30000,1.03733,-0.07994,1.59412
341.35000,1.03734,-0.07756,1.57017
341.40000,1.03734,-0.07734,1.53734
341.45000,1.03735,-0.07715,1.50448
341.50000,1.03737,-0.07699,1.47183
341.55000,1.03730,-0.07761,1.43638
341.60000,1.03732,-0.07793,1.41817
341.65000,1.03796,-0.07505,1.41721
341.70000,1.03899,-0.06879,1.43008
341.75000,1.04014,-0.05998,1.45336
341.80000,1.04120,-0.04980,1.48358
341.85000,1.04177,-0.03999,1.50349
341.90000,1.04183,-0.03092,1.51070
341.95000,1.04162,-0.02394,1.50711
342.00000,1.04146,-0.02007,1.49066
342.05000,1.04140,-0.01937,1.46113
342.10000,1.04134,-0.02000,1.42639
342.15000,1.04126,-0.02057,1.39187
342.20000,1.04136,-0.02060,1.37052
342.25000,1.04214,-0.01781,1.36957
342.30000,1.04346,-0.01112,1.38465
342.35000,1.04503,-0.00217,1.40918
342.40000,1.04650,0.00803,1.43959
342.45000,1.04736,0.01767,1.45964
342.50000,1.04773,0.02581,1.46321
342.55000,1.04773,0.03170,1.45573
342.60000,1.04762,0.03567,1.43833
342.65000,1.04747,0.03738,1.41371
342.70000,1.04739,0.03720,1.38187
342.75000,1.04730,0.03662,1.34837
342.80000,1.04732,0.03675,1.33068
342.85000,1.04807,0.03942,1.33025
342.90000,1.04963,0.04589,1.34529
342.95000,1.05146,0.05427,1.36948
343.00000,1.05317,0.06339,1.40016
343.05000,1.05461,0.07231,1.42183
343.10000,1.05540,0.08011,1.42647
343.15000,1.05540,0.08451,1.41425
343.20000,1.05534,0.08488,1.38561
343.25000,1.05541,0.08475,1.35350
343.30000,1.05531,0.08423,1.32149
343.35000,1.05519,0.08371,1.28978
343.40000,1.05534,0.08375,1.27013
343.45000,1.05640,0.08677,1.27219
343.50000,1.05835,0.09332,1.28875
343.55000,1.06062,0.10151,1.31393
343.60000,1.06278,0.11031,1.34618
343.65000,1.06463,0.11918,1.36678
343.70000,1.06576,0.12635,1.36887
343.75000,1.06643,0.13058,1.35747
343.80000,1.06645,0.13106,1.33103
343.85000,1.06645,0.13083,1.30103
343.90000,1.06649,0.13058,1.27072
343.95000,1.06644,0.13028,1.24054
344.00000,1.06652,0.13007,1.22134
344.05000,1.06715,0.13145,1.21639
344.10000,1.06912,0.13609,1.22735
344.15000,1.07138,0.14238,1.24866
344.20000,1.07399,0.15063,1.28035
344.25000,1.07631,0.15921,1.29865
344.30000,1.07796,0.16576,1.30001
344.35000,1.07886,0.16944,1.28892
344.40000,1.07883,0.16949,1.26253
344.45000,1.07879,0.16934,1.23533
344.50000,1.07886,0.16952,1.20976
344.55000,1.07905,0.16980,1.19554
344.60000,1.08046,0.17295,1.20013
344.65000,1.08283,0.17919,1.21815
344.70000,1.08553,0.18673,1.24554
344.75000,1.08826,0.19529,1.27988
344.80000,1.09096,0.20417,1.30428
344.85000,1.09306,0.21213,1.31366
344.90000,1.09416,0.21687,1.30748
344.95000,1.09425,0.21740,1.28358
345.00000,1.09430,0.21756,1.25778
345.05000,1.09436,0.21773,1.23221
345.10000,1.09442,0.21791,1.20684
345.15000,1.09449,0.21808,1.18168
345.20000,1.09456,0.21824,1.15673
345.25000,1.09468,0.21843,1.13996
345.30000,1.09504,0.21903,1.13291
345.35000,1.09589,0.22081,1.13231
345.40000,1.09724,0.22369,1.13715
345.45000,1.09913,0.22780,1.14798
345.50000,1.10168,0.23356,1.16629
345.55000,1.10493,0.24141,1.19375
345.60000,1.10828,0.25021,1.21236
345.65000,1.11078,0.25715,1.21887
345.70000,1.11215,0.26103,1.21272
345.75000,1.11245,0.26185,1.19317
345.80000,1.11250,0.26197,1.17040
345.85000,1.11257,0.26213,1.14791
345.90000,1.11264,0.26228,1.12558
345.95000,1.11273,0.26244,1.11010
346.00000,1.11296,0.26288,1.10469
346.05000,1.11377,0.26446,1.10555
346.10000,1.11519,0.26730,1.11275
346.15000,1.11727,0.27155,1.12663
346.20000,1.11999,0.27739,1.14773
346.25000,1.12310,0.28440,1.16222
346.30000,1.12488,0.28869,1.16056
346.35000,1.12534,0.28983,1.14562
346.40000,1.12541,0.28998,1.12603
346.45000,1.12549,0.29013,1.10645
346.50000,1.12557,0.29027,1.09387
346.55000,1.12623,0.29144,1.09438
346.60000,1.12895,0.29671,1.11383
346.65000,1.13244,0.30404,1.14243
346.70000,1.13580,0.31171,1.15988
346.75000,1.13796,0.31695,1.16302
346.80000,1.13873,0.31883,1.15193
346.85000,1.13873,0.31880,1.13216
346.90000,1.13880,0.31894,1.11297
346.95000,1.13887,0.31909,1.09389
347.00000,1.13894,0.31923,1.07487
347.05000,1.13904,0.31936,1.06366
347.10000,1.14014,0.32126,1.06814
347.15000,1.14222,0.32507,1.08171
347.20000,1.14501,0.33041,1.10243
347.25000,1.14860,0.33775,1.13222
347.30000,1.15226,0.34591,1.15286
347.35000,1.15474,0.35168,1.15876
347.40000,1.15597,0.35461,1.15261
347.45000,1.15610,0.35492,1.13460
347.50000,1.15614,0.35500,1.11545
347.55000,1.15621,0.35514,1.09658
347.60000,1.15628,0.35527,1.07779
347.65000,1.15636,0.35541,1.05906
347.70000,1.15643,0.35554,1.04039
347.75000,1.15651,0.35567,1.02176
347.80000,1.15661,0.35580,1.01085
347.85000,1.15748,0.35715,1.01301
347.90000,1.15917,0.35986,1.02224
347.95000,1.16164,0.36397,1.03826
348.00000,1.16507,0.36992,1.06310
348.05000,1.16905,0.37719,1.08128
348.10000,1.17148,0.38192,1.08442
348.15000,1.17218,0.38325,1.07250
348.20000,1.17226,0.38339,1.05488
348.25000,1.17233,0.38352,1.03704
348.30000,1.17240,0.38364,1.01924
348.35000,1.17248,0.38376,1.00150
348.40000,1.17256,0.38387,0.98710
348.45000,1.17267,0.38400,0.98114
348.50000,1.17320,0.38479,0.98267
348.55000,1.17448,0.38671,0.99022
348.60000,1.17673,0.39019,1.00557
348.65000,1.18002,0.39550,1.02980
348.70000,1.18404,0.40217,1.04939
348.75000,1.18663,0.40679,1.05580
348.80000,1.18750,0.40839,1.04828
348.85000,1.18735,0.40813,1.03185
348.90000,1.18719,0.40787,1.01517
348.95000,1.18710,0.40771,0.99899
349.00000,1.18705,0.40764,0.98326
349.05000,1.18703,0.40761,0.96765
349.10000,1.18728,0.40786,0.96266
349.15000,1.18881,0.41002,0.97228
349.20000,1.19230,0.41521,0.99625
349.25000,1.19655,0.42198,1.02743
349.30000,1.20071,0.42908,1.04739
349.35000,1.20316,0.43344,1.05220
349.40000,1.20443,0.43569,1.04695
349.45000,1.20557,0.43769,1.04007
349.50000,1.20587,0.43823,1.02643
349.55000,1.20571,0.43797,1.00912
349.60000,1.20556,0.43773,0.99159
349.65000,1.20540,0.43748,0.97419
349.70000,1.20522,0.43721,0.95668
349.75000,1.20503,0.43695,0.93926
349.80000,1.20509,0.43699,0.93613
349.85000,1.20721,0.43979,0.94915
349.90000,1.21081,0.44488,0.97294
349.95000,1.21450,0.45036,0.99003
350.00000,1.21701,0.45426,0.99292
350.05000,1.21807,0.45591,0.98521
350.10000,1.21797,0.45578,0.96842
350.15000,1.21784,0.45557,0.95083
350.20000,1.21770,0.45537,0.93337
350.25000,1.21756,0.45517,0.91606
350.30000,1.21771,0.45529,0.91302
350.35000,1.22007,0.45833,0.92690
350.40000,1.22391,0.46352,0.95078
350.45000,1.22859,0.47023,0.98190
350.50000,1.23300,0.47706,1.00384
350.55000,1.23556,0.48115,1.00756
350.60000,1.23609,0.48200,0.99537
350.65000,1.23600,0.48184,0.97740
350.70000,1.23586,0.48164,0.95932
350.75000,1.23582,0.48159,0.94056
350.80000,1.23571,0.48146,0.92242
350.85000,1.23563,0.48136,0.90431
350.90000,1.23562,0.48125,0.89839
350.95000,1.23696,0.48287,0.90598
351.00000,1.24049,0.48736,0.92834
351.05000,1.24443,0.49275,0.94409
351.10000,1.24667,0.49587,0.94419
351.15000,1.24698,0.49632,0.93035
351.20000,1.24687,0.49618,0.91288
351.25000,1.24676,0.49603,0.89557
351.30000,1.24664,0.49587,0.87849
351.35000,1.24669,0.49595,0.87230
351.40000,1.24794,0.49735,0.88296
351.45000,1.25146,0.50175,0.91101
351.50000,1.25564,0.50731,0.94655
351.55000,1.25993,0.51350,0.99051
351.60000,1.26357,0.51930,1.02403
351.65000,1.26648,0.52427,1.03594
351.70000,1.26832,0.52740,1.03470
351.75000,1.26892,0.52853,1.02214
351.80000,1.26908,0.52878,1.01460
351.85000,1.26979,0.52975,1.03009
351.90000,1.27207,0.53361,1.06148
351.95000,1.27499,0.53900,1.09910
352.00000,1.27747,0.54421,1.12683
352.05000,1.27942,0.54847,1.13153
352.10000,1.28022,0.55031,1.12271
352.15000,1.28009,0.55004,1.10436
352.20000,1.28007,0.54995,1.09721
352.25000,1.28036,0.55027,1.10799
352.30000,1.28151,0.55268,1.11868
352.35000,1.28234,0.55453,1.12711
352.40000,1.28274,0.55556,1.13524
352.45000,1.28310,0.55648,1.13985
352.50000,1.28319,0.55690,1.14687
352.55000,1.28315,0.55702,1.13521
352.60000,1.28318,0.55710,1.13502
352.65000,1.28326,0.55738,1.14064
352.70000,1.28332,0.55763,1.14023
352.75000,1.28334,0.55789,1.14255
352.80000,1.28316,0.55780,1.12811
352.85000,1.28305,0.55757,1.11118
352.90000,1.28291,0.55729,1.09433
352.95000,1.28277,0.55702,1.07745
353.00000,1.28277,0.55703,1.07668
353.05000,1.28379,0.55886,1.09834
353.10000,1.28595,0.56328,1.13183
353.15000,1.28879,0.56967,1.17309
353.20000,1.29180,0.57729,1.21876
353.25000,1.29432,0.58471,1.25264
353.30000,1.29597,0.59022,1.27397
353.35000,1.29690,0.59378,1.29310
353.40000,1.29732,0.59666,1.29256
353.45000,1.29745,0.59768,1.27882
353.50000,1.29747,0.59772,1.25765
353.55000,1.29745,0.59769,1.23653
353.60000,1.29737,0.59742,1.21677
353.65000,1.29740,0.59715,1.20810
353.70000,1.29741,0.59720,1.20382
353.75000,1.29730,0.59693,1.18543
353.80000,1.29720,0.59666,1.16697
353.85000,1.29720,0.59663,1.16139
353.90000,1.29725,0.59678,1.16004
353.95000,1.29733,0.59699,1.15785
354.00000,1.29810,0.59860,1.17622
354.05000,1.29994,0.60318,1.20743
354.10000,1.30214,0.60913,1.24513
354.15000,1.30404,0.61550,1.27345
354.20000,1.30529,0.62047,1.27907
354.25000,1.30595,0.62289,1.27044
354.30000,1.30601,0.62313,1.25243
354.35000,1.30596,0.62297,1.23166
354.40000,1.30593,0.62288,1.21059
354.45000,1.30608,0.62302,1.19859
354.50000,1.30651,0.62350,1.20642
354.55000,1.30759,0.62621,1.21638
354.60000,1.30821,0.62812,1.20690
354.65000,1.30832,0.62859,1.19857
354.70000,1.30844,0.62909,1.19696
354.75000,1.30858,0.62947,1.19081
354.80000,1.30902,0.63018,1.20191
354.85000,1.30985,0.63213,1.22563
354.90000,1.31097,0.63537,1.25815
354.95000,1.31251,0.64044,1.29868
355.00000,1.31421,0.64662,1.33024
355.05000,1.31533,0.65193,1.33966
355.10000,1.31570,0.65437,1.33197
355.15000,1.31568,0.65438,1.31307
355.20000,1.31563,0.65411,1.29278
355.25000,1.31559,0.65387,1.27193
355.30000,1.31553,0.65362,1.25136
355.35000,1.31564,0.65363,1.24277
355.40000,1.31574,0.65375,1.24291
355.45000,1.31578,0.65384,1.23838
355.50000,1.31583,0.65391,1.24600
355.55000,1.31604,0.65451,1.26117
355.60000,1.31712,0.65708,1.27524
355.65000,1.31794,0.65983,1.28660
355.70000,1.31900,0.66354,1.31422
355.75000,1.32012,0.66822,1.33459
355.80000,1.32105,0.67241,1.33599
355.85000,1.32131,0.67402,1.32415
355.90000,1.32131,0.67393,1.30401
355.95000,1.32134,0.67393,1.28282
356.00000,1.32140,0.67384,1.27562
356.05000,1.32131,0.67389,1.27768
356.10000,1.32126,0.67371,1.25897
356.15000,1.32126,0.67361,1.23861
356.20000,1.32127,0.67347,1.22849
356.25000,1.32167,0.67415,1.23902
356.30000,1.32301,0.67800,1.26521
356.35000,1.32424,0.68243,1.28217
356.40000,1.32508,0.68587,1.27965
356.45000,1.32517,0.68654,1.27571
356.50000,1.32550,0.68755,1.28702
356.55000,1.32634,0.69096,1.29624
356.60000,1.32658,0.69227,1.28333
356.65000,1.32656,0.69219,1.26420
356.70000,1.32647,0.69187,1.24361
356.75000,1.32648,0.69183,1.23982
356.80000,1.32648,0.69192,1.24104
356.85000,1.32648,0.69192,1.23891
356.90000,1.32716,0.69378,1.25720
356.95000,1.32843,0.69776,1.28675
357.00000,1.32971,0.70233,1.30648
357.05000,1.33040,0.70559,1.30249
357.10000,1.33053,0.70616,1.28565
357.15000,1.33048,0.70593,1.26493
357.20000,1.33038,0.70556,1.24332
357.25000,1.33023,0.70515,1.22169
357.30000,1.33022,0.70498,1.21386
357.35000,1.33056,0.70558,1.22408
357.40000,1.33200,0.70962,1.25124
357.45000,1.33357,0.71436,1.26999
357.50000,1.33445,0.71764,1.26500
357.55000,1.33461,0.71829,1.24731
357.60000,1.33451,0.71811,1.23735
357.65000,1.33463,0.71829,1.24403
357.70000,1.33574,0.72120,1.26771
357.75000,1.33706,0.72564,1.30146
357.80000,1.33863,0.73177,1.34390
357.85000,1.34009,0.73870,1.37487
357.90000,1.34103,0.74480,1.38353
357.95000,1.34166,0.74853,1.37759
358.00000,1.34174,0.74921,1.35877
358.05000,1.34169,0.74894,1.33575
358.10000,1.34159,0.74846,1.31179
358.15000,1.34147,0.74798,1.28775
358.20000,1.34135,0.74751,1.26367
358.25000,1.34122,0.74704,1.23957
358.30000,1.34115,0.74680,1.23376
358.35000,1.34184,0.74849,1.24820
358.40000,1.34283,0.75154,1.25478
358.45000,1.34363,0.75397,1.25659
358.50000,1.34481,0.75765,1.27850
358.55000,1.34646,0.76338,1.30874
358.60000,1.34802,0.76993,1.32745
358.65000,1.34880,0.77387,1.32216
358.70000,1.34888,0.77436,1.30193
358.75000,1.34891,0.77446,1.27957
358.80000,1.34894,0.77456,1.25710
358.85000,1.34898,0.77466,1.23455
358.90000,1.34901,0.77476,1.21194
358.95000,1.34908,0.77497,1.20440
359.00000,1.34993,0.77710,1.21861
359.05000,1.35135,0.78105,1.24029
359.10000,1.35326,0.78687,1.27012
359.15000,1.35523,0.79373,1.28939
359.20000,1.35645,0.79840,1.28651
359.25000,1.35679,0.79969,1.26871
359.30000,1.35677,0.79952,1.24430
359.35000,1.35670,0.79923,1.21932
359.40000,1.35674,0.79934,1.19593
359.45000,1.35679,0.79944,1.17748
359.50000,1.35682,0.79951,1.16188
359.55000,1.35678,0.79950,1.14808
359.60000,1.35665,0.79941,1.13611
359.65000,1.35645,0.79923,1.12580
359.70000,1.35616,0.79897,1.11696
359.75000,1.35580,0.79863,1.10953
359.80000,1.35539,0.79824,1.10364
359.85000,1.35494,0.79780,1.09921
359.90000,1.35446,0.79732,1.09594
359.95000,1.35400,0.79687,1.09514
360.00000,1.35365,0.79646,1.10269
360.05000,1.35399,0.79713,1.11966
360.10000,1.35516,0.79961,1.14478
360.15000,1.35723,0.80441,1.18044
360.20000,1.36015,0.81200,1.22732
360.25000,1.36299,0.82064,1.27775
360.30000,1.36536,0.82929,1.31711
360.35000,1.36696,0.83660,1.33510
360.40000,1.36797,0.84184,1.34107
360.45000,1.36835,0.84457,1.33579
360.50000,1.36835,0.84521,1.32123
360.55000,1.36826,0.84484,1.30225
360.60000,1.36816,0.84447,1.28295
360.65000,1.36805,0.84409,1.26347
360.70000,1.36793,0.84371,1.24380
360.75000,1.36780,0.84333,1.22397
360.80000,1.36767,0.84295,1.20398
360.85000,1.36752,0.84257,1.18386
360.90000,1.36752,0.84243,1.17622
360.95000,1.36796,0.84292,1.18295
361.00000,1.36890,0.84541,1.19081
361.05000,1.36963,0.84749,1.19110
361.10000,1.37090,0.85050,1.20999
361.15000,1.37219,0.85457,1.22275
361.20000,1.37278,0.85643,1.21253
361.25000,1.37266,0.85612,1.19298
361.30000,1.37251,0.85574,1.17281
361.35000,1.37259,0.85561,1.16512
361.40000,1.37326,0.85649,1.17659
361.45000,1.37514,0.86097,1.20474
361.50000,1.37673,0.86624,1.22468
361.55000,1.37731,0.86888,1.21847
361.60000,1.37718,0.86855,1.19838
361.65000,1.37703,0.86816,1.17760
361.70000,1.37687,0.86776,1.15672
361.75000,1.37686,0.86752,1.14400
361.80000,1.37738,0.86798,1.14985
361.85000,1.37906,0.87148,1.17368
361.90000,1.38153,0.87765,1.20884
361.95000,1.38376,0.88411,1.23292
362.00000,1.38528,0.88939,1.23871
362.05000,1.38574,0.89098,1.22588
362.10000,1.38559,0.89057,1.20408
362.15000,1.38543,0.89015,1.18193
362.20000,1.38525,0.88972,1.15972
362.25000,1.38507,0.88930,1.13741
362.30000,1.38502,0.88917,1.13221
362.35000,1.38594,0.89082,1.14661
362.40000,1.38809,0.89573,1.17459
362.45000,1.39003,0.90103,1.19389
362.50000,1.39123,0.90480,1.19091
362.55000,1.39143,0.90545,1.17286
362.60000,1.39125,0.90501,1.14984
362.65000,1.39105,0.90457,1.12662
362.70000,1.39084,0.90413,1.10337
362.75000,1.39080,0.90386,1.08894
362.80000,1.39164,0.90500,1.09797
362.85000,1.39394,0.90957,1.12430
362.90000,1.39684,0.91581,1.15781
362.95000,1.39938,0.92199,1.17567
363.00000,1.40063,0.92523,1.16901
363.05000,1.40056,0.92513,1.14735
363.10000,1.40036,0.92468,1.12383
363.15000,1.40015,0.92424,1.10023
363.20000,1.40010,0.92396,1.08531
363.25000,1.40091,0.92506,1.09432
363.30000,1.40309,0.92930,1.11907
363.35000,1.40600,0.93550,1.15210
363.40000,1.40856,0.94176,1.17072
363.45000,1.41038,0.94647,1.17037
363.50000,1.41104,0.94810,1.15567
363.55000,1.41091,0.94782,1.13225
363.60000,1.41070,0.94737,1.10798
363.65000,1.41047,0.94691,1.08362
363.70000,1.41023,0.94646,1.05926
363.75000,1.40998,0.94602,1.03489
363.80000,1.40991,0.94575,1.02537
363.85000,1.41045,0.94635,1.03181
363.90000,1.41268,0.94999,1.05319
363.95000,1.41602,0.95604,1.08550
364.00000,1.41975,0.96342,1.12335
364.05000,1.42338,0.97154,1.14914
364.10000,1.42614,0.97793,1.15512
364.15000,1.42770,0.98161,1.14820
364.20000,1.42772,0.98173,1.12534
364.25000,1.42749,0.98124,1.09926
364.30000,1.42725,0.98076,1.07309
364.35000,1.42702,0.98032,1.04695
364.40000,1.42694,0.98014,1.03772
364.45000,1.42795,0.98169,1.04767
364.50000,1.43060,0.98637,1.07219
364.55000,1.43321,0.99159,1.08567
364.60000,1.43500,0.99519,1.07925
364.65000,1.43533,0.99586,1.05865
364.70000,1.43507,0.99540,1.03262
364.75000,1.43479,0.99494,1.00661
364.80000,1.43478,0.99491,0.99644
364.85000,1.43592,0.99655,1.00623
364.90000,1.43879,1.00116,1.03050
364.95000,1.44239,1.00737,1.06216
365.00000,1.44577,1.01384,1.08095
365.05000,1.44835,1.01882,1.08046
365.10000,1.44981,1.02162,1.06932
365.15000,1.44977,1.02156,1.04483
365.20000,1.44949,1.02107,1.01813
365.25000,1.44920,1.02061,0.99154
365.30000,1.44907,1.02041,0.97975
365.35000,1.44999,1.02164,0.98711
365.40000,1.45285,1.02606,1.00993
365.45000,1.45657,1.03216,1.04070
365.50000,1.46010,1.03857,1.05903
365.55000,1.46288,1.04425,1.05506
365.60000,1.46498,1.04820,1.02149
365.65000,1.46756,1.05218,0.97549
365.70000,1.47132,1.05744,0.92634
365.75000,1.47564,1.06289,0.87225
365.80000,1.47954,1.06727,0.80924
365.85000,1.48353,1.07118,0.74171
365.90000,1.48752,1.07458,0.67039
365.95000,1.49154,1.07772,0.60956
366.00000,1.49613,1.08134,0.58069
366.05000,1.50124,1.08537,0.58006
366.10000,1.50655,1.08946,0.59762
366.15000,1.51169,1.09308,0.63442
366.20000,1.51646,1.09676,0.68256
366.25000,1.52090,1.10056,0.73877
366.30000,1.52394,1.10351,0.80652
366.35000,1.52680,1.10672,0.87800
366.40000,1.52955,1.11009,0.93822
366.45000,1.53234,1.11359,0.96890
366.50000,1.53536,1.11736,0.98292
366.55000,1.53872,1.12151,0.98438
366.60000,1.54196,1.12571,0.96005
366.65000,1.54569,1.13078,0.91659
366.70000,1.55035,1.13657,0.86870
366.75000,1.55584,1.14274,0.81785
366.80000,1.56191,1.14887,0.76407
366.85000,1.56784,1.15424,0.70492
366.90000,1.57353,1.15877,0.64090
366.95000,1.57871,1.16237,0.57171
367.00000,1.58321,1.16505,0.49762
367.05000,1.58715,1.16700,0.41935
367.10000,1.59080,1.16852,0.35108
367.15000,1.59490,1.17042,0.30845
367.20000,1.60006,1.17309,0.29632
367.25000,1.60573,1.17563,0.30770
367.30000,1.61132,1.17760,0.34194
367.35000,1.61582,1.17931,0.39259
367.40000,1.61974,1.18108,0.45319
367.45000,1.62370,1.18299,0.50411
367.50000,1.62767,1.18496,0.53407
367.55000,1.63127,1.18667,0.52671
367.60000,1.63478,1.18836,0.49598
367.65000,1.63765,1.18981,0.44519
367.70000,1.63942,1.19049,0.39551
367.75000,1.64170,1.19161,0.37220
367.80000,1.64479,1.19347,0.37467
367.85000,1.64803,1.19542,0.39818
367.90000,1.65082,1.19684,0.44557
367.95000,1.65352,1.19823,0.50535
368.00000,1.65620,1.19984,0.57245
368.05000,1.65887,1.20155,0.63007
368.10000,1.66153,1.20332,0.66799
368.15000,1.66427,1.20527,0.67376
368.20000,1.66695,1.20723,0.65219
368.25000,1.67109,1.21028,0.61734
368.30000,1.67597,1.21359,0.57052
368.35000,1.68008,1.21607,0.51138
368.40000,1.68396,1.21808,0.44533
368.45000,1.68731,1.21955,0.37404
368.50000,1.69034,1.22064,0.31232
368.55000,1.69377,1.22207,0.27746
368.60000,1.69821,1.22433,0.26935
368.65000,1.70338,1.22634,0.28599
368.70000,1.70918,1.22815,0.32172
368.75000,1.71512,1.23028,0.36666
368.80000,1.71956,1.23210,0.41816
368.85000,1.72224,1.23339,0.48103
368.90000,1.72448,1.23455,0.53697
368.95000,1.72663,1.23568,0.57841
369.00000,1.72853,1.23661,0.59765
369.05000,1.73017,1.23734,0.59855
369.10000,1.73183,1.23812,0.59000
369.15000,1.73371,1.23921,0.56980
369.20000,1.73656,1.24101,0.53650
369.25000,1.74077,1.24346,0.48901
369.30000,1.74484,1.24547,0.43102
369.35000,1.74775,1.24671,0.36461
369.40000,1.74996,1.24748,0.30532
369.45000,1.75255,1.24854,0.27364
369.50000,1.75579,1.25021,0.26509
369.55000,1.76065,1.25222,0.28037
369.60000,1.76829,1.25454,0.30862
369.65000,1.77707,1.25750,0.34281
369.70000,1.78640,1.26103,0.38018
369.75000,1.79410,1.26398,0.41850
369.80000,1.79825,1.26586,0.46293
369.85000,1.80140,1.26735,0.50072
369.90000,1.80445,1.26876,0.52784
369.95000,1.80742,1.27010,0.55036
370.00000,1.81026,1.27137,0.55648
370.05000,1.81308,1.27263,0.55768
370.10000,1.81591,1.27392,0.55067
370.15000,1.81894,1.27556,0.53134
370.20000,1.82364,1.27824,0.50189
370.25000,1.83059,1.28189,0.46254
370.30000,1.83921,1.28594,0.41603
370.35000,1.84729,1.28906,0.36963
370.40000,1.85065,1.29018,0.34125
370.45000,1.85414,1.29141,0.34257
370.50000,1.86041,1.29371,0.35788
370.55000,1.86834,1.29677,0.38221
370.60000,1.87697,1.30039,0.41237
370.65000,1.88581,1.30438,0.44376
370.70000,1.89414,1.30838,0.46982
370.75000,1.90253,1.31247,0.47948
370.80000,1.90972,1.31598,0.45639
370.85000,1.91598,1.31889,0.41722
370.90000,1.92319,1.32191,0.37274
370.95000,1.93132,1.32510,0.32934
371.00000,1.93684,1.32653,0.29959
371.05000,1.94205,1.32786,0.29821
371.10000,1.94876,1.32999,0.31486
371.15000,1.95738,1.33291,0.33962
371.20000,1.96686,1.33634,0.36950
371.25000,1.97587,1.33972,0.39475
371.30000,1.98406,1.34296,0.40666
371.35000,1.98910,1.34506,0.39986
371.40000,1.99310,1.34671,0.38625
371.45000,1.99625,1.34796,0.36779
371.50000,1.99853,1.34880,0.34459
371.55000,1.99992,1.34926,0.31682
371.60000,2.00005,1.34928,0.28865
371.65000,2.00016,1.34931,0.26135
371.70000,2.00061,1.34947,0.24773
371.75000,2.00414,1.35049,0.24997
371.80000,2.01114,1.35236,0.26641
371.85000,2.01974,1.35481,0.29095
371.90000,2.02786,1.35720,0.30283
371.95000,2.03287,1.35857,0.29694
372.00000,2.03431,1.35895,0.29464
372.05000,2.03619,1.35959,0.29890
372.10000,2.03764,1.36001,0.28375
372.15000,2.03775,1.36004,0.25877
372.20000,2.03791,1.36008,0.24637
372.25000,2.04015,1.36077,0.25500
372.30000,2.04580,1.36234,0.27819
372.35000,2.05254,1.36432,0.29796
372.40000,2.05878,1.36611,0.30310
372.45000,2.06087,1.36670,0.30434
372.50000,2.06262,1.36723,0.30158
372.55000,2.06394,1.36767,0.29865
372.60000,2.06775,1.36891,0.31515
372.65000,2.07385,1.37099,0.34118
372.70000,2.08141,1.37381,0.37412
372.75000,2.09012,1.37741,0.41204
372.80000,2.09919,1.38159,0.45201
372.85000,2.10809,1.38614,0.49159
372.90000,2.11680,1.39077,0.52328
372.95000,2.12492,1.39523,0.54072
373.00000,2.13061,1.39861,0.54299
373.05000,2.13358,1.40028,0.53169
373.10000,2.13380,1.40039,0.50734
373.15000,2.13389,1.40044,0.48226
373.20000,2.13400,1.40049,0.45733
373.25000,2.13410,1.40054,0.43254
373.30000,2.13428,1.40065,0.41637
373.35000,2.13558,1.40135,0.41732
373.40000,2.13918,1.40294,0.41892
373.45000,2.14232,1.40428,0.41011
373.50000,2.14402,1.40500,0.39380
373.55000,2.14468,1.40528,0.38621
373.60000,2.14737,1.40644,0.39666
373.65000,2.15292,1.40884,0.41990
373.70000,2.16012,1.41219,0.45071
373.75000,2.16850,1.41644,0.48701
373.80000,2.17740,1.42137,0.52628
373.85000,2.18621,1.42644,0.55759
373.90000,2.19428,1.43109,0.57474
373.95000,2.19942,1.43439,0.57496
374.00000,2.20259,1.43642,0.56489
374.05000,2.20343,1.43694,0.54343
374.10000,2.20292,1.43664,0.51572
374.15000,2.20241,1.43636,0.48795
374.20000,2.20191,1.43609,0.46031
374.25000,2.20144,1.43587,0.43311
374.30000,2.20131,1.43582,0.42315
374.35000,2.20348,1.43686,0.43031
374.40000,2.20907,1.43950,0.45219
374.45000,2.21522,1.44230,0.46597
374.50000,2.21979,1.44450,0.47326
374.55000,2.22372,1.44654,0.48456
374.60000,2.22657,1.44800,0.48950
374.65000,2.22936,1.44949,0.49655
374.70000,2.23182,1.45070,0.49024
374.75000,2.23380,1.45163,0.47525
374.80000,2.23430,1.45187,0.46826
374.85000,2.23746,1.45355,0.47961
374.90000,2.24145,1.45561,0.48059
374.95000,2.24305,1.45636,0.46333
375.00000,2.24260,1.45614,0.43763
375.05000,2.24253,1.45619,0.42586
375.10000,2.24418,1.45700,0.43027
375.15000,2.24958,1.45957,0.45158
375.20000,2.25684,1.46322,0.48171
375.25000,2.26448,1.46715,0.50366
375.30000,2.27057,1.47033,0.50906
375.35000,2.27374,1.47205,0.49990
375.40000,2.27459,1.47244,0.47986
375.45000,2.27411,1.47220,0.45390
375.50000,2.27362,1.47196,0.42792
375.55000,2.27366,1.47201,0.41857
375.60000,2.27675,1.47342,0.42890
375.65000,2.28248,1.47611,0.45108
375.70000,2.28876,1.47912,0.46798
375.75000,2.29389,1.48157,0.46877
375.80000,2.29690,1.48304,0.45859
375.85000,2.29875,1.48387,0.44296
375.90000,2.29837,1.48367,0.41732
375.95000,2.29788,1.48345,0.39117
376.00000,2.29797,1.48370,0.37970
376.05000,2.30060,1.48486,0.38760
376.10000,2.30647,1.48734,0.40961
376.15000,2.31424,1.49085,0.44047
376.20000,2.32245,1.49461,0.46509
376.25000,2.32887,1.49758,0.47105
376.30000,2.33177,1.49902,0.46047
376.35000,2.33178,1.49900,0.43652
376.40000,2.33131,1.49878,0.41014
376.45000,2.33084,1.49858,0.38395
376.50000,2.33035,1.49838,0.35805
376.55000,2.33040,1.49859,0.34560
376.60000,2.33253,1.49948,0.35151
376.65000,2.33744,1.50137,0.36893
376.70000,2.34520,1.50451,0.39882
376.75000,2.35297,1.50773,0.41952
376.80000,2.35871,1.51011,0.42220
376.85000,2.36079,1.51096,0.40828
376.90000,2.36109,1.51106,0.38603
376.95000,2.36063,1.51088,0.36051
377.00000,2.36017,1.51072,0.33516
377.05000,2.35968,1.51056,0.30987
377.10000,2.35970,1.51064,0.29940
377.15000,2.36253,1.51164,0.30789
377.20000,2.36859,1.51364,0.33012
377.25000,2.37665,1.51653,0.36108
377.30000,2.38417,1.51941,0.37925
377.35000,2.38956,1.52143,0.38010
377.40000,2.39097,1.52180,0.36361
377.45000,2.39050,1.52163,0.33880
377.50000,2.39003,1.52148,0.31396
377.55000,2.38957,1.52134,0.28937
377.60000,2.38982,1.52157,0.27629
377.65000,2.39230,1.52249,0.28325
377.70000,2.39794,1.52426,0.30461
377.75000,2.40592,1.52690,0.33506
377.80000,2.41434,1.52978,0.35936
377.85000,2.42090,1.53209,0.36674
377.90000,2.42421,1.53316,0.35845
377.95000,2.42437,1.53313,0.33647
378.00000,2.42395,1.53299,0.31177
378.05000,2.42353,1.53285,0.28706
378.10000,2.42312,1.53272,0.26235
378.15000,2.42302,1.53270,0.25136
378.20000,2.42516,1.53340,0.25672
378.25000,2.43082,1.53504,0.27647
378.30000,2.43890,1.53747,0.30686
378.35000,2.44746,1.54009,0.33115
378.40000,2.45415,1.54225,0.33910
378.45000,2.45799,1.54338,0.33288
378.50000,2.46119,1.54420,0.32306
378.55000,2.46244,1.54442,0.30517
378.60000,2.46201,1.54432,0.28033
378.65000,2.46152,1.54419,0.25563
378.70000,2.46104,1.54407,0.23115
378.75000,2.46055,1.54397,0.20685
378.80000,2.46053,1.54404,0.19678
378.85000,2.46252,1.54462,0.20200
378.90000,2.46769,1.54584,0.21993
378.95000,2.47539,1.54768,0.24882
379.00000,2.48340,1.54967,0.26851
379.05000,2.48922,1.55118,0.27203
379.10000,2.49278,1.55197,0.26512
379.15000,2.49416,1.55220,0.24864
379.20000,2.49372,1.55210,0.22500
379.25000,2.49326,1.55201,0.20113
379.30000,2.49279,1.55192,0.17751
379.35000,2.49288,1.55199,0.16755
379.40000,2.49548,1.55256,0.17440
379.45000,2.50130,1.55375,0.19495
379.50000,2.50969,1.55553,0.22521
379.55000,2.51856,1.55746,0.24999
379.60000,2.52559,1.55907,0.25898
379.65000,2.53112,1.56044,0.26100
379.70000,2.53606,1.56167,0.25987
379.75000,2.53939,1.56240,0.25084
379.80000,2.53947,1.56236,0.22872
379.85000,2.53903,1.56228,0.20432
379.90000,2.53859,1.56219,0.17997
379.95000,2.53814,1.56212,0.15584
380.00000,2.53767,1.56206,0.13187
380.05000,2.53757,1.56214,0.11882
380.10000,2.53984,1.56263,0.12298
380.15000,2.54441,1.56352,0.13797
380.20000,2.55176,1.56480,0.16437
380.25000,2.56050,1.56614,0.18651
380.30000,2.56706,1.56692,0.19321
380.35000,2.57187,1.56752,0.19165
380.40000,2.57562,1.56803,0.18515
380.45000,2.57908,1.56852,0.17583
380.50000,2.58252,1.56901,0.16641
380.55000,2.58548,1.56933,0.15539
380.60000,2.58536,1.56927,0.13289
380.65000,2.58489,1.56922,0.10894
380.70000,2.58439,1.56917,0.08527
380.75000,2.58422,1.56921,0.07254
380.80000,2.58640,1.56957,0.07554
380.85000,2.59196,1.57018,0.09199
380.90000,2.60019,1.57107,0.11937
380.95000,2.60884,1.57203,0.13822
381.00000,2.61586,1.57270,0.14598
381.05000,2.62115,1.57305,0.14660
381.10000,2.62491,1.57309,0.14044
381.15000,2.62739,1.57290,0.12884
381.20000,2.62882,1.57266,0.11281
381.25000,2.62916,1.57256,0.09239
381.30000,2.62871,1.57252,0.06906
381.35000,2.62822,1.57249,0.04575
381.40000,2.62797,1.57253,0.02999
381.45000,2.62929,1.57269,0.02844
381.50000,2.63290,1.57296,0.03661
381.55000,2.63937,1.57336,0.05668
381.60000,2.64906,1.57407,0.08994
381.65000,2.65934,1.57485,0.12265
381.70000,2.66875,1.57541,0.14262
381.75000,2.67634,1.57560,0.15258
381.80000,2.68307,1.57561,0.15835
381.85000,2.68936,1.57553,0.16169
381.90000,2.69530,1.57537,0.16337
381.95000,2.70053,1.57506,0.16139
382.00000,2.70541,1.57468,0.15778
382.05000,2.70892,1.57414,0.14816
382.10000,2.71130,1.57373,0.13360
382.15000,2.71253,1.57350,0.11429
382.20000,2.71263,1.57340,0.09035
382.25000,2.71207,1.57335,0.06401
382.30000,2.71153,1.57333,0.03755
382.35000,2.71099,1.57331,0.01121
382.40000,2.71047,1.57331,-0.01485
382.45000,2.70994,1.57332,-0.04077
382.50000,2.70988,1.57326,-0.05636
382.55000,2.71089,1.57290,-0.06144
382.60000,2.71314,1.57229,-0.06081
382.65000,2.71879,1.57180,-0.04617
382.70000,2.72809,1.57149,-0.01670
382.75000,2.73748,1.57146,0.00627
382.80000,2.74518,1.57149,0.01575
382.85000,2.74899,1.57147,0.00900
382.90000,2.75144,1.57147,-0.00396
382.95000,2.75282,1.57147,-0.02133
383.00000,2.75233,1.57148,-0.04601
383.05000,2.75179,1.57151,-0.07090
383.10000,2.75126,1.57154,-0.09564
383.15000,2.75126,1.57152,-0.10672
383.20000,2.75346,1.57113,-0.10544
383.25000,2.75959,1.57044,-0.08864
383.30000,2.76795,1.56975,-0.06252
383.35000,2.77770,1.56929,-0.03081
383.40000,2.78718,1.56913,-0.01176
383.45000,2.79438,1.56911,-0.00516
383.50000,2.79928,1.56911,-0.00793
383.55000,2.80275,1.56912,-0.01692
383.60000,2.80441,1.56914,-0.03345
383.65000,2.80404,1.56915,-0.05832
383.70000,2.80348,1.56917,-0.08403
383.75000,2.80294,1.56921,-0.10956
383.80000,2.80239,1.56927,-0.13487
383.85000,2.80229,1.56924,-0.14420
383.90000,2.80526,1.56865,-0.13960
383.95000,2.81179,1.56774,-0.12103
384.00000,2.82052,1.56680,-0.09344
384.05000,2.82942,1.56620,-0.07580
384.10000,2.83567,1.56607,-0.07292
384.15000,2.83861,1.56615,-0.08369
384.20000,2.83853,1.56620,-0.10701
384.25000,2.83800,1.56625,-0.13243
384.30000,2.83748,1.56631,-0.15784
384.35000,2.83697,1.56638,-0.18307
384.40000,2.83706,1.56635,-0.19228
384.45000,2.84014,1.56562,-0.18621
384.50000,2.84652,1.56446,-0.16532
384.55000,2.85534,1.56312,-0.13663
384.60000,2.86422,1.56219,-0.11829
384.65000,2.87122,1.56158,-0.11295
384.70000,2.87589,1.56148,-0.11696
384.75000,2.87762,1.56165,-0.13365
384.80000,2.87760,1.56174,-0.15754
384.85000,2.87706,1.56182,-0.18357
384.90000,2.87654,1.56190,-0.20947
384.95000,2.87639,1.56183,-0.22131
385.00000,2.87905,1.56098,-0.21723
385.05000,2.88543,1.55960,-0.19812
385.10000,2.89381,1.55805,-0.16940
385.15000,2.90231,1.55698,-0.15047
385.20000,2.90844,1.55654,-0.14833
385.25000,2.91173,1.55649,-0.15834
385.30000,2.91204,1.55658,-0.18087
385.35000,2.91147,1.55669,-0.20712
385.40000,2.91091,1.55682,-0.23332
385.45000,2.91065,1.55681,-0.24805
385.50000,2.91222,1.55631,-0.24743
385.55000,2.91754,1.55487,-0.23099
385.60000,2.92550,1.55308,-0.20431
385.65000,2.93349,1.55170,-0.18609
385.70000,2.94012,1.55063,-0.18121
385.75000,2.94433,1.54995,-0.18778
385.80000,2.94565,1.54985,-0.20646
385.85000,2.94519,1.54994,-0.23259
385.90000,2.94470,1.55004,-0.25916
385.95000,2.94431,1.55014,-0.28609
386.00000,2.94393,1.55002,-0.30102
386.05000,2.94536,1.54945,-0.30043
386.10000,2.95046,1.54780,-0.28395
386.15000,2.95830,1.54560,-0.25717
386.20000,2.96754,1.54333,-0.22433
386.25000,2.97663,1.54164,-0.19943
386.30000,2.98456,1.54032,-0.18923
386.35000,2.99004,1.53943,-0.19120
386.40000,2.99363,1.53893,-0.20200
386.45000,2.99376,1.53899,-0.22667
386.50000,2.99320,1.53911,-0.25430
386.55000,2.99267,1.53923,-0.28191
386.60000,2.99224,1.53934,-0.31005
386.65000,2.99176,1.53950,-0.33784
386.70000,2.99175,1.53951,-0.34926
386.75000,2.99407,1.53853,-0.34486
386.80000,3.00009,1.53640,-0.32510
386.85000,3.00791,1.53388,-0.29703
386.90000,3.01568,1.53157,-0.27531
386.95000,3.02199,1.53001,-0.27170
387.00000,3.02536,1.52917,-0.28250
387.05000,3.02700,1.52884,-0.30333
387.10000,3.02669,1.52898,-0.33075
387.15000,3.02612,1.52918,-0.35874
387.20000,3.02600,1.52920,-0.37329
387.25000,3.02843,1.52811,-0.36860
387.30000,3.03433,1.52587,-0.34937
387.35000,3.04206,1.52313,-0.32254
387.40000,3.04974,1.52087,-0.30633
387.45000,3.05563,1.51915,-0.30660
387.50000,3.05915,1.51811,-0.31719
387.55000,3.05945,1.51808,-0.34124
387.60000,3.05892,1.51827,-0.36931
387.65000,3.05832,1.51849,-0.39747
387.70000,3.05812,1.51854,-0.40798
387.75000,3.06086,1.51728,-0.40116
387.80000,3.06667,1.51484,-0.38165
387.85000,3.07386,1.51201,-0.35338
387.90000,3.08152,1.50911,-0.32964
387.95000,3.08843,1.50678,-0.32304
388.00000,3.09164,1.50583,-0.33503
388.05000,3.09158,1.50588,-0.36132
388.10000,3.09108,1.50607,-0.38981
388.15000,3.09077,1.50621,-0.41759
388.20000,3.09046,1.50633,-0.44511
388.25000,3.09032,1.50638,-0.45626
388.30000,3.09334,1.50481,-0.44878
388.35000,3.09918,1.50205,-0.42910
388.40000,3.10672,1.49870,-0.40150
388.45000,3.11558,1.49511,-0.36854
388.50000,3.12441,1.49196,-0.34923
388.55000,3.13073,1.48984,-0.34856
388.60000,3.13498,1.48830,-0.35716
388.65000,3.13686,1.48758,-0.37632
388.70000,3.13699,1.48753,-0.40322
388.75000,3.13705,1.48750,-0.43055
388.80000,3.13712,1.48747,-0.45781
388.85000,3.13718,1.48744,-0.48499
388.90000,3.13729,1.48733,-0.50453
388.95000,3.13760,1.48700,-0.51370
389.00000,3.13864,1.48631,-0.51468
389.05000,3.14293,1.48387,-0.50010
389.10000,3.14952,1.48036,-0.47509
389.15000,3.15810,1.47612,-0.44127
389.20000,3.16691,1.47213,-0.42082
389.25000,3.17393,1.46908,-0.41689
389.30000,3.17698,1.46774,-0.42991
389.35000,3.17684,1.46781,-0.45738
389.40000,3.17690,1.46778,-0.48432
389.45000,3.17696,1.46775,-0.51117
389.50000,3.17701,1.46770,-0.53020
389.55000,3.17766,1.46724,-0.53372
389.60000,3.17960,1.46609,-0.52931
389.65000,3.18281,1.46422,-0.51844
389.70000,3.18748,1.46160,-0.50061
389.75000,3.19414,1.45806,-0.47369
389.80000,3.20203,1.45408,-0.45447
389.85000,3.20820,1.45117,-0.45334
389.90000,3.21180,1.44940,-0.46325
389.95000,3.21330,1.44865,-0.48301
390.00000,3.21342,1.44859,-0.50924
390.05000,3.21342,1.44859,-0.53616
390.10000,3.21347,1.44856,-0.56275
390.15000,3.21360,1.44845,-0.58287
390.20000,3.21463,1.44769,-0.58423
390.25000,3.21753,1.44577,-0.57403
390.30000,3.22182,1.44304,-0.55680
390.35000,3.22789,1.43936,-0.53131
390.40000,3.23530,1.43510,-0.51374
390.45000,3.24086,1.43202,-0.51434
390.50000,3.24273,1.43098,-0.53160
390.55000,3.24279,1.43094,-0.55777
390.60000,3.24284,1.43091,-0.58411
390.65000,3.24289,1.43085,-0.60169
390.70000,3.24323,1.43059,-0.60442
390.75000,3.24479,1.42951,-0.59952
390.80000,3.24762,1.42759,-0.58789
390.85000,3.25192,1.42477,-0.56885
390.90000,3.25826,1.42083,-0.54036
390.95000,3.26585,1.41637,-0.52004
391.00000,3.27183,1.41302,-0.51802
391.05000,3.27457,1.41146,-0.53093
391.10000,3.27469,1.41139,-0.55637
391.15000,3.27427,1.41162,-0.58477
391.20000,3.27382,1.41189,-0.61331
391.25000,3.27329,1.41214,-0.63033
391.30000,3.27403,1.41152,-0.62923
391.35000,3.27643,1.40978,-0.61901
391.40000,3.28021,1.40713,-0.60178
391.45000,3.28584,1.40336,-0.57531
391.50000,3.29268,1.39899,-0.55765
391.55000,3.29724,1.39616,-0.56120
391.60000,3.29866,1.39527,-0.57995
391.65000,3.29872,1.39523,-0.60563
391.70000,3.29877,1.39519,-0.63146
391.75000,3.29883,1.39515,-0.65729
391.80000,3.29888,1.39509,-0.67441
391.85000,3.29988,1.39420,-0.67291
391.90000,3.30381,1.39112,-0.65380
391.95000,3.30986,1.38663,-0.62455
392.00000,3.31722,1.38151,-0.58933
392.05000,3.32488,1.37650,-0.56515
392.10000,3.33152,1.37233,-0.55805
392.15000,3.33484,1.37028,-0.56886
392.20000,3.33511,1.37012,-0.59481
392.25000,3.33516,1.37008,-0.62210
392.30000,3.33522,1.37004,-0.64939
392.35000,3.33527,1.36999,-0.67665
392.40000,3.33528,1.36997,-0.69474
392.45000,3.33664,1.36878,-0.69036
392.50000,3.34089,1.36531,-0.66965
392.55000,3.34620,1.36122,-0.63821
392.60000,3.35225,1.35677,-0.61756
392.65000,3.35706,1.35336,-0.62044
392.70000,3.35846,1.35236,-0.64094
392.75000,3.35838,1.35242,-0.66930
392.80000,3.35797,1.35269,-0.69922
392.85000,3.35778,1.35282,-0.72816
392.90000,3.35760,1.35299,-0.74731
392.95000,3.35860,1.35203,-0.74468
393.00000,3.36108,1.34977,-0.73035
393.05000,3.36474,1.34656,-0.70748
393.10000,3.36992,1.34227,-0.67538
393.15000,3.37621,1.33732,-0.65173
393.20000,3.38123,1.33350,-0.65250
393.25000,3.38268,1.33239,-0.67242
393.30000,3.38242,1.33259,-0.70184
393.35000,3.38204,1.33288,-0.73209
393.40000,3.38179,1.33301,-0.75160
393.45000,3.38227,1.33251,-0.75213
393.50000,3.38525,1.32973,-0.73395
393.55000,3.38961,1.32590,-0.70604
393.60000,3.39548,1.32108,-0.66901
393.65000,3.40203,1.31593,-0.64263
393.70000,3.40766,1.31172,-0.64091
393.75000,3.40975,1.31016,-0.65862
393.80000,3.40931,1.31050,-0.68971
393.85000,3.40890,1.31082,-0.72105
393.90000,3.40851,1.31113,-0.75226
393.95000,3.40801,1.31162,-0.78391
394.00000,3.40799,1.31157,-0.80073
394.05000,3.40951,1.30997,-0.79379
394.10000,3.41320,1.30629,-0.77243
394.15000,3.41802,1.30173,-0.74113
394.20000,3.42354,1.29669,-0.71301
394.25000,3.42902,1.29174,-0.70139
394.30000,3.43430,1.28716,-0.70136
394.35000,3.43727,1.28462,-0.71561
394.40000,3.43776,1.28418,-0.74326
394.45000,3.43747,1.28441,-0.77553
394.50000,3.43766,1.28420,-0.80769
394.55000,3.43735,1.28453,-0.83197
394.60000,3.43836,1.28337,-0.83034
394.65000,3.44178,1.27968,-0.81093
394.70000,3.44628,1.27507,-0.78200
394.75000,3.45205,1.26954,-0.74488
394.80000,3.45836,1.26374,-0.71248
394.85000,3.46442,1.25830,-0.70126
394.90000,3.46879,1.25459,-0.70928
394.95000,3.47029,1.25328,-0.73254
395.00000,3.46997,1.25355,-0.76587
395.05000,3.46988,1.25364,-0.79817
395.10000,3.46972,1.25379,-0.83072
395.15000,3.46989,1.25358,-0.84762
395.20000,3.47101,1.25230,-0.84540
395.25000,3.47399,1.24895,-0.83057
395.30000,3.47883,1.24374,-0.80269
395.35000,3.48488,1.23771,-0.76821
395.40000,3.49127,1.23155,-0.73872
395.45000,3.49716,1.22608,-0.73318
395.50000,3.50053,1.22300,-0.74654
395.55000,3.50077,1.22275,-0.77726
395.60000,3.50082,1.22270,-0.80971
395.65000,3.50087,1.22265,-0.84206
395.70000,3.50092,1.22259,-0.87429
395.75000,3.50097,1.22253,-0.90638
395.80000,3.50113,1.22233,-0.92716
395.85000,3.50198,1.22122,-0.92912
395.90000,3.50488,1.21739,-0.91457
395.95000,3.50963,1.21139,-0.88813
396.00000,3.51552,1.20438,-0.85539
396.05000,3.52182,1.19712,-0.82831
396.10000,3.52705,1.19136,-0.82762
396.15000,3.53059,1.18747,-0.83855
396.20000,3.53161,1.18626,-0.86461
396.25000,3.53166,1.18621,-0.89720
396.30000,3.53171,1.18615,-0.92980
396.35000,3.53200,1.18580,-0.94910
396.40000,3.53349,1.18376,-0.94514
396.45000,3.53697,1.17902,-0.92656
396.50000,3.54178,1.17279,-0.89975
396.55000,3.54768,1.16560,-0.86660
396.60000,3.55384,1.15832,-0.84038
396.65000,3.55883,1.15259,-0.84046
396.70000,3.56213,1.14888,-0.85337
396.75000,3.56256,1.14830,-0.88362
396.80000,3.56224,1.14869,-0.91908
396.85000,3.56206,1.14892,-0.95371
396.90000,3.56211,1.14885,-0.98671
396.95000,3.56233,1.14857,-1.00656
397.00000,3.56322,1.14728,-1.00799
397.05000,3.56614,1.14275,-0.99170
397.10000,3.57025,1.13664,-0.96379
397.15000,3.57500,1.13006,-0.92708
397.20000,3.57975,1.12401,-0.88020
397.25000,3.58502,1.11796,-0.82846
397.30000,3.59117,1.11161,-0.77550
397.35000,3.59795,1.10531,-0.72106
397.40000,3.60510,1.09937,-0.66466
397.45000,3.61284,1.09366,-0.60798
397.50000,3.62097,1.08834,-0.55056
397.55000,3.62963,1.08336,-0.49382
397.60000,3.63856,1.07887,-0.43699
397.65000,3.64765,1.07494,-0.37950
397.70000,3.65622,1.07176,-0.34158
397.75000,3.66245,1.06969,-0.31467
397.80000,3.66741,1.06829,-0.29167
397.85000,3.67198,1.06734,-0.29783
397.90000,3.67423,1.06680,-0.32679
397.95000,3.67429,1.06678,-0.36565
398.00000,3.67405,1.06689,-0.38792
398.05000,3.67395,1.06697,-0.39865
398.10000,3.67381,1.06707,-0.40706
398.15000,3.67364,1.06720,-0.41299
398.20000,3.67344,1.06736,-0.41610
398.25000,3.67323,1.06751,-0.41445
398.30000,3.67306,1.06758,-0.40248
398.35000,3.67375,1.06728,-0.37963
398.40000,3.67669,1.06615,-0.34743
398.45000,3.68174,1.06442,-0.30440
398.50000,3.68763,1.06267,-0.27612
398.55000,3.69257,1.06163,-0.27819
398.60000,3.69529,1.06087,-0.28131
398.65000,3.69778,1.06011,-0.26869
398.70000,3.70054,1.05934,-0.25820
398.75000,3.70328,1.05863,-0.26329
398.80000,3.70603,1.05793,-0.28056
398.85000,3.70683,1.05770,-0.29183
398.90000,3.70746,1.05748,-0.28445
398.95000,3.70877,1.05705,-0.27760
399.00000,3.70964,1.05681,-0.30033
399.05000,3.71007,1.05668,-0.32541
399.10000,3.71048,1.05655,-0.34633
399.15000,3.71092,1.05638,-0.36229
399.20000,3.71153,1.05601,-0.36684
399.25000,3.71214,1.05564,-0.36856
399.30000,3.71275,1.05525,-0.36661
399.35000,3.71340,1.05480,-0.35407
399.40000,3.71425,1.05417,-0.32811
399.45000,3.71742,1.05311,-0.29010
399.50000,3.72370,1.05141,-0.24058
399.55000,3.73095,1.04984,-0.18502
399.60000,3.73823,1.04871,-0.13936
399.65000,3.74443,1.04870,-0.12281
399.70000,3.74968,1.04919,-0.12754
399.75000,3.75120,1.04934,-0.15358
399.80000,3.75046,1.04946,-0.19000
399.85000,3.75017,1.04952,-0.22497
399.90000,3.75006,1.04956,-0.25934
399.95000,3.74961,1.04968,-0.29526
400.00000,3.74945,1.04976,-0.31526
400.05000,3.74988,1.04945,-0.31297
400.10000,3.75057,1.04886,-0.30022
400.15000,3.75244,1.04786,-0.27264
400.20000,3.75706,1.04650,-0.23236
400.25000,3.76377,1.04508,-0.18492
400.30000,3.77071,1.04405,-0.14844
400.35000,3.77654,1.04409,-0.13943
400.40000,3.78142,1.04467,-0.14997
400.45000,3.78380,1.04512,-0.17572
400.50000,3.78360,1.04527,-0.21257
400.55000,3.78357,1.04528,-0.24405
400.60000,3.78401,1.04480,-0.25593
400.65000,3.78474,1.04398,-0.25494
400.70000,3.78577,1.04283,-0.24243
400.75000,3.78716,1.04134,-0.21917
400.80000,3.79052,1.03960,-0.18395
400.85000,3.79687,1.03832,-0.13800
400.90000,3.80397,1.03757,-0.10117
400.95000,3.81015,1.03759,-0.09053
401.00000,3.81558,1.03802,-0.09799
401.05000,3.81903,1.03828,-0.12009
401.10000,3.81883,1.03837,-0.15747
401.15000,3.81874,1.03838,-0.19518
401.20000,3.81863,1.03829,-0.21908
401.25000,3.81911,1.03757,-0.21779
401.30000,3.81996,1.03647,-0.20242
401.35000,3.82198,1.03502,-0.17577
401.40000,3.82611,1.03361,-0.14129
401.45000,3.83214,1.03259,-0.09884
401.50000,3.84002,1.03200,-0.04927
401.55000,3.84783,1.03181,-0.01219
401.60000,3.85483,1.03179,0.00193
401.65000,3.86121,1.03179,-0.00086
401.70000,3.86578,1.03179,-0.02181
401.75000,3.86803,1.03176,-0.05325
401.80000,3.86840,1.03174,-0.09267
401.85000,3.86850,1.03173,-0.13351
401.90000,3.86860,1.03171,-0.17448
401.95000,3.86876,1.03162,-0.20785
402.00000,3.86938,1.03100,-0.22064
402.05000,3.87036,1.03000,-0.21837
402.10000,3.87157,1.02875,-0.20641
402.15000,3.87326,1.02732,-0.18423
402.20000,3.87681,1.02564,-0.15388
402.25000,3.88304,1.02442,-0.11354
402.30000,3.89108,1.02370,-0.06484
402.35000,3.89985,1.02335,-0.01393
402.40000,3.90867,1.02334,0.03057
402.45000,3.91731,1.02325,0.06611
402.50000,3.92580,1.02302,0.09641
402.55000,3.93401,1.02255,0.11185
402.60000,3.94217,1.02203,0.12398
402.65000,3.95026,1.02145,0.13295
402.70000,3.95826,1.02078,0.13769
402.75000,3.96617,1.02003,0.13807
402.80000,3.97405,1.01928,0.13144
402.85000,3.98164,1.01856,0.11215
402.90000,3.98723,1.01803,0.08170
402.95000,3.99052,1.01783,0.04136
403.00000,3.99155,1.01781,-0.00830
403.05000,3.99166,1.01780,-0.06181
403.10000,3.99176,1.01779,-0.11526
403.15000,3.99189,1.01774,-0.16104
403.20000,3.99218,1.01750,-0.19337
403.25000,3.99238,1.01731,-0.21518
403.30000,3.99249,1.01720,-0.22673
403.35000,3.99270,1.01695,-0.22461
403.40000,3.99435,1.01630,-0.20921
403.45000,3.99986,1.01486,-0.17790
403.50000,4.00780,1.01342,-0.13832
403.55000,4.01710,1.01233,-0.09408
403.60000,4.02689,1.01164,-0.04650
403.65000,4.03688,1.01142,0.00128
403.70000,4.04688,1.01166,0.04812
403.75000,4.05678,1.01210,0.08879
403.80000,4.06674,1.01264,0.11429
403.85000,4.07633,1.01297,0.10999
403.90000,4.08412,1.01323,0.08852
403.95000,4.08969,1.01346,0.05710
404.00000,4.09301,1.01359,0.01610
404.05000,4.09453,1.01359,-0.02208
404.10000,4.09652,1.01355,-0.03126
404.15000,4.09896,1.01349,-0.03103
404.20000,4.10080,1.01344,-0.03497
404.25000,4.10346,1.01333,-0.02200
404.30000,4.10870,1.01329,0.00568
404.35000,4.11503,1.01337,0.02414
404.40000,4.12096,1.01344,0.01430
404.45000,4.12565,1.01344,-0.01774
404.50000,4.12796,1.01338,-0.04807
404.55000,4.13037,1.01329,-0.04587
404.60000,4.13401,1.01314,-0.02592
404.65000,4.13855,1.01306,0.00114
404.70000,4.14453,1.01313,0.02866
404.75000,4.15062,1.01332,0.04232
404.80000,4.15669,1.01342,0.02793
404.85000,4.16011,1.01343,-0.01397
404.90000,4.16112,1.01341,-0.06623
404.95000,4.16122,1.01341,-0.11429
405.00000,4.16143,1.01325,-0.13929
405.05000,4.16183,1.01290,-0.13686
405.10000,4.16290,1.01269,-0.12709
405.15000,4.16495,1.01243,-0.11184
405.20000,4.16814,1.01208,-0.09108
405.25000,4.17240,1.01172,-0.06300
405.30000,4.17824,1.01137,-0.02726
405.35000,4.18665,1.01132,0.01814
405.40000,4.19538,1.01169,0.06762
405.45000,4.20409,1.01228,0.11188
405.50000,4.21282,1.01290,0.14224
405.55000,4.22153,1.01357,0.14670
405.60000,4.22978,1.01420,0.12688
405.65000,4.23591,1.01475,0.09379
405.70000,4.23971,1.01503,0.05068
405.75000,4.24115,1.01508,-0.00210
405.80000,4.24128,1.01508,-0.06021
405.85000,4.24139,1.01506,-0.11825
405.90000,4.24151,1.01503,-0.16660
405.95000,4.24181,1.01475,-0.19061
406.00000,4.24241,1.01427,-0.19220
406.05000,4.24474,1.01354,-0.18075
406.10000,4.24815,1.01281,-0.16167
406.15000,4.25369,1.01183,-0.13609
406.20000,4.26141,1.01067,-0.10180
406.25000,4.27111,1.00989,-0.06019
406.30000,4.28110,1.00950,-0.01773
406.35000,4.29110,1.00953,0.02507
406.40000,4.30056,1.00987,0.06117
406.45000,4.31004,1.01034,0.08182
406.50000,4.31922,1.01062,0.07272
406.55000,4.32532,1.01074,0.03927
406.60000,4.32859,1.01080,-0.00637
406.65000,4.32999,1.01079,-0.05020
406.70000,4.33133,1.01078,-0.08619
406.75000,4.33265,1.01077,-0.11758
406.80000,4.33428,1.01041,-0.12878
406.85000,4.33619,1.00974,-0.12188
406.90000,4.33903,1.00893,-0.10650
406.95000,4.34357,1.00793,-0.08411
407.00000,4.35032,1.00712,-0.05305
407.05000,4.35965,1.00679,-0.01176
407.10000,4.36964,1.00690,0.03253
407.15000,4.37963,1.00745,0.07748
407.20000,4.38954,1.00818,0.11486
407.25000,4.39924,1.00876,0.13091
407.30000,4.40858,1.00901,0.13016
407.35000,4.41773,1.00909,0.12164
407.40000,4.42671,1.00902,0.10583
407.45000,4.43471,1.00889,0.07898
407.50000,4.44040,1.00874,0.04195
407.55000,4.44371,1.00867,-0.00497
407.60000,4.44469,1.00867,-0.06136
407.65000,4.44482,1.00864,-0.11175
407.70000,4.44503,1.00852,-0.14953
407.75000,4.44532,1.00828,-0.17894
407.80000,4.44588,1.00774,-0.19187
407.85000,4.44677,1.00686,-0.19036
407.90000,4.44924,1.00553,-0.17707
407.95000,4.45373,1.00391,-0.15554
408.00000,4.46029,1.00224,-0.12543
408.05000,4.46957,1.00121,-0.08407
408.10000,4.47955,1.00059,-0.04013
408.15000,4.48954,1.00041,0.00411
408.20000,4.49954,1.00068,0.04829
408.25000,4.50951,1.00138,0.09282
408.30000,4.51933,1.00218,0.13240
408.35000,4.52874,1.00261,0.15799
408.40000,4.53761,1.00254,0.16216
408.45000,4.54620,1.00222,0.15503
408.50000,4.55461,1.00174,0.14027
408.55000,4.56285,1.00110,0.11776
408.60000,4.56989,1.00046,0.08446
408.65000,4.57457,1.00017,0.04109
408.70000,4.57691,1.00013,-0.01192
408.75000,4.57774,1.00010,-0.06296
408.80000,4.57868,0.99992,-0.10492
408.85000,4.57971,0.99964,-0.13835
408.90000,4.58079,0.99930,-0.16325
408.95000,4.58210,0.99869,-0.17305
409.00000,4.58373,0.99772,-0.16878
409.05000,4.58653,0.99631,-0.15387
409.10000,4.59111,0.99455,-0.13149
409.15000,4.59855,0.99325,-0.09799
409.20000,4.60822,0.99250,-0.05514
409.25000,4.61821,0.99217,-0.01078
409.30000,4.62821,0.99229,0.03392
409.35000,4.63819,0.99285,0.07790
409.40000,4.64814,0.99384,0.12154
409.45000,4.65794,0.99494,0.15914
409.50000,4.66776,0.99609,0.18191
409.55000,4.67767,0.99737,0.19135
409.60000,4.68762,0.99869,0.19308
409.65000,4.69754,1.00001,0.18861
409.70000,4.70671,1.00129,0.16898
409.75000,4.71362,1.00236,0.13861
409.80000,4.71824,1.00292,0.09841
409.85000,4.72058,1.00310,0.04864
409.90000,4.72141,1.00311,0.00334
409.95000,4.72231,1.00309,-0.01068
410.00000,4.72399,1.00305,-0.00687
410.05000,4.72844,1.00305,0.01035
410.10000,4.73607,1.00325,0.03958
410.15000,4.74527,1.00378,0.07633
410.20000,4.75404,1.00449,0.10173
410.25000,4.76260,1.00510,0.10113
410.30000,4.77060,1.00555,0.07986
410.35000,4.77576,1.00572,0.04193
410.40000,4.77709,1.00572,-0.01178
410.45000,4.77726,1.00571,-0.07026
410.50000,4.77742,1.00570,-0.12110
410.55000,4.77776,1.00547,-0.15541
410.60000,4.77854,1.00474,-0.16262
410.65000,4.77992,1.00389,-0.15876
410.70000,4.78224,1.00310,-0.14947
410.75000,4.78572,1.00239,-0.13342
410.80000,4.79060,1.00172,-0.10961
410.85000,4.79697,1.00103,-0.07791
410.90000,4.80495,1.00046,-0.03826
410.95000,4.81387,1.00032,0.00586
411.00000,4.82274,1.00057,0.05073
411.05000,4.83132,1.00110,0.08088
411.10000,4.83967,1.00159,0.08489
411.15000,4.84761,1.00198,0.06591
411.20000,4.85325,1.00210,0.03171
411.25000,4.85501,1.00211,-0.01862
411.30000,4.85517,1.00211,-0.07546
411.35000,4.85534,1.00208,-0.12360
411.40000,4.85564,1.00187,-0.14824
411.45000,4.85631,1.00157,-0.14959
411.50000,4.85786,1.00132,-0.14410
411.55000,4.86032,1.00096,-0.13327
411.60000,4.86378,1.00051,-0.11688
411.65000,4.86841,1.00000,-0.09358
411.70000,4.87461,0.99947,-0.06261
411.75000,4.88232,0.99904,-0.02382
411.80000,4.89123,0.99902,0.02040
411.85000,4.89987,0.99932,0.05050
411.90000,4.90843,0.99970,0.06552
411.95000,4.91689,1.00000,0.05360
412.00000,4.92434,1.00026,0.02737
412.05000,4.92967,1.00033,-0.00803
412.10000,4.93278,1.00031,-0.05262
412.15000,4.93361,1.00027,-0.10646
412.20000,4.93378,1.00024,-0.16287
412.25000,4.93396,1.00019,-0.20925
412.30000,4.93411,1.00013,-0.24180
412.35000,4.93417,1.00015,-0.26524
412.40000,4.93411,1.00027,-0.27982
412.45000,4.93407,1.00036,-0.28520
412.50000,4.93534,0.99993,-0.28071
412.55000,4.93780,0.99922,-0.27040
412.60000,4.94184,0.99813,-0.25320
412.65000,4.94777,0.99665,-0.22788
412.70000,4.95571,0.99481,-0.19434
412.75000,4.96545,0.99305,-0.15358
412.80000,4.97536,0.99173,-0.11223
412.85000,4.98532,0.99081,-0.07096
412.90000,4.99493,0.99039,-0.04048
412.95000,5.00378,0.99033,-0.03097
413.00000,5.01200,0.99046,-0.03755
413.05000,5.01897,0.99067,-0.06172
413.10000,5.02297,0.99093,-0.09948
413.15000,5.02456,0.99106,-0.14729
413.20000,5.02474,0.99103,-0.20080
413.25000,5.02492,0.99097,-0.24430
413.30000,5.02544,0.99051,-0.26328
413.35000,5.02636,0.98962,-0.26515
413.40000,5.02844,0.98839,-0.25814
413.45000,5.03219,0.98690,-0.24354
413.50000,5.03780,0.98515,-0.22106
413.55000,5.04532,0.98307,-0.19055
413.60000,5.05535,0.98126,-0.15012
413.65000,5.06583,0.98005,-0.11985
413.70000,5.07513,0.97995,-0.11383
413.75000,5.08357,0.98040,-0.12668
413.80000,5.08916,0.98079,-0.15705
413.85000,5.09220,0.98103,-0.19837
413.90000,5.09293,0.98102,-0.24923
413.95000,5.09310,0.98097,-0.30237
414.00000,5.09328,0.98088,-0.34558
414.05000,5.09375,0.98045,-0.36840
414.10000,5.09450,0.97971,-0.37657
414.15000,5.09554,0.97874,-0.37584
414.20000,5.09897,0.97708,-0.36267
414.25000,5.10604,0.97426,-0.33395
414.30000,5.11508,0.97128,-0.29702
414.35000,5.12470,0.96854,-0.25786
414.40000,5.13441,0.96618,-0.21858
414.45000,5.14381,0.96444,-0.19321
414.50000,5.15210,0.96386,-0.19233
414.55000,5.15867,0.96404,-0.21485
414.60000,5.16119,0.96399,-0.25648
414.65000,5.16156,0.96389,-0.30734
414.70000,5.16173,0.96383,-0.35905
414.75000,5.16193,0.96371,-0.40254
414.80000,5.16239,0.96330,-0.43067
414.85000,5.16314,0.96254,-0.44123
414.90000,5.16406,0.96159,-0.44279
414.95000,5.16628,0.96014,-0.43397
415.00000,5.17276,0.95711,-0.40575
415.05000,5.18135,0.95359,-0.36915
415.10000,5.19072,0.95016,-0.32947
415.15000,5.20024,0.94711,-0.28958
415.20000,5.20960,0.94455,-0.26418
415.25000,5.21816,0.94285,-0.26465
415.30000,5.22597,0.94170,-0.27887
415.35000,5.23132,0.94059,-0.30700
415.40000,5.23429,0.93960,-0.34545
415.45000,5.23494,0.93935,-0.39382
415.50000,5.23510,0.93928,-0.44428
415.55000,5.23531,0.93913,-0.48411
415.60000,5.23601,0.93849,-0.49411
415.65000,5.23954,0.93653,-0.48095
415.70000,5.24551,0.93347,-0.45608
415.75000,5.25306,0.92986,-0.42480
415.80000,5.26124,0.92633,-0.38664
415.85000,5.27058,0.92271,-0.34821
415.90000,5.27983,0.91960,-0.32284
415.95000,5.28807,0.91730,-0.32345
416.00000,5.29541,0.91549,-0.34088
416.05000,5.29940,0.91419,-0.37510
416.10000,5.30012,0.91393,-0.42348
416.15000,5.30028,0.91385,-0.47440
416.20000,5.30048,0.91370,-0.51432
416.25000,5.30122,0.91302,-0.52657
416.30000,5.30476,0.91092,-0.51381
416.35000,5.31072,0.90763,-0.48964
416.40000,5.31808,0.90381,-0.45820
416.45000,5.32611,0.90003,-0.42014
416.50000,5.33453,0.89637,-0.39351
416.55000,5.34245,0.89335,-0.39358
416.60000,5.34923,0.89073,-0.41366
416.65000,5.35278,0.88916,-0.44938
416.70000,5.35317,0.88899,-0.49909
416.75000,5.35333,0.88890,-0.55000
416.80000,5.35347,0.88879,-0.59158
416.85000,5.35381,0.88842,-0.61265
416.90000,5.35657,0.88639,-0.60375
416.95000,5.36214,0.88263,-0.58075
417.00000,5.36901,0.87823,-0.55024
417.05000,5.37665,0.87373,-0.51297
417.10000,5.38459,0.86947,-0.47319
417.15000,5.39248,0.86557,-0.44929
417.20000,5.39990,0.86214,-0.45343
417.25000,5.40536,0.85947,-0.47886
417.30000,5.40798,0.85806,-0.51768
417.35000,5.40843,0.85780,-0.56654
417.40000,5.40857,0.85770,-0.61672
417.45000,5.40871,0.85758,-0.65603
417.50000,5.40909,0.85717,-0.67140
417.55000,5.41242,0.85449,-0.66009
417.60000,5.41799,0.85024,-0.63705
417.65000,5.42485,0.84530,-0.60613
417.70000,5.43220,0.84041,-0.56795
417.75000,5.43974,0.83576,-0.54506
417.80000,5.44610,0.83198,-0.55325
417.85000,5.45010,0.82944,-0.58339
417.90000,5.45175,0.82832,-0.62517
417.95000,5.45202,0.82811,-0.66208
418.00000,5.45249,0.82767,-0.67678
418.05000,5.45381,0.82659,-0.67518
418.10000,5.45622,0.82467,-0.66749
418.15000,5.46003,0.82170,-0.65225
418.20000,5.46570,0.81747,-0.62766
418.25000,5.47338,0.81209,-0.59347
418.30000,5.48139,0.80684,-0.57256
418.35000,5.48724,0.80306,-0.58466
418.40000,5.49028,0.80099,-0.61727
418.45000,5.49107,0.80041,-0.66106
418.50000,5.49121,0.80030,-0.70815
418.55000,5.49134,0.80016,-0.74393
418.60000,5.49226,0.79922,-0.75223
418.65000,5.49548,0.79623,-0.73905
418.70000,5.50003,0.79216,-0.71845
418.75000,5.50640,0.78675,-0.68867
418.80000,5.51405,0.78068,-0.65274
418.85000,5.52210,0.77476,-0.61577
418.90000,5.53032,0.76910,-0.59154
418.95000,5.53729,0.76449,-0.59755
419.00000,5.53996,0.76263,-0.63031
419.05000,5.54265,0.76053,-0.67053
419.10000,5.54732,0.75665,-0.71380
419.15000,5.55259,0.75186,-0.76210
419.20000,5.55792,0.74676,-0.80350
419.25000,5.56345,0.74138,-0.81732
419.30000,5.56911,0.73581,-0.81152
419.35000,5.57452,0.73040,-0.78358
419.40000,5.57839,0.72662,-0.75893
419.45000,5.58212,0.72304,-0.75312
419.50000,5.58578,0.71957,-0.76427
419.55000,5.58954,0.71605,-0.79010
419.60000,5.59362,0.71200,-0.83210
419.65000,5.59800,0.70693,-0.88303
419.70000,5.60174,0.70210,-0.94190
419.75000,5.60470,0.69777,-1.00839
419.80000,5.60706,0.69390,-1.06625
419.85000,5.60967,0.68968,-1.09117
419.90000,5.61191,0.68576,-1.07953
419.95000,5.61457,0.68101,-1.05119
420.00000,5.61750,0.67606,-1.00918
420.05000,5.61969,0.67274,-0.95192
420.10000,5.62147,0.67035,-0.91403
420.15000,5.62306,0.66828,-0.89879
420.20000,5.62452,0.66640,-0.90319
420.25000,5.62625,0.66412,-0.93895
420.30000,5.62866,0.66066,-0.98587
420.35000,5.63099,0.65691,-1.04206
420.40000,5.63299,0.65323,-1.10619
420.45000,5.63459,0.64975,-1.17673
420.50000,5.63577,0.64659,-1.25261
420.55000,5.63666,0.64355,-1.31927
420.60000,5.63764,0.64036,-1.35993
420.65000,5.63899,0.63666,-1.36922
420.70000,5.64021,0.63151,-1.35057
420.75000,5.64197,0.62419,-1.32179
420.80000,5.64432,0.61554,-1.28724
420.85000,5.64715,0.60657,-1.24709
420.90000,5.65000,0.59843,-1.20480
420.95000,5.65208,0.59227,-1.16350
421.00000,5.65422,0.58619,-1.13897
421.05000,5.65650,0.58002,-1.13702
421.10000,5.65907,0.57359,-1.14642
421.15000,5.66188,0.56695,-1.16655
421.20000,5.66472,0.56023,-1.20668
421.25000,5.66670,0.55460,-1.26299
421.30000,5.66779,0.55075,-1.33197
421.35000,5.66843,0.54767,-1.40803
421.40000,5.66873,0.54511,-1.47721
421.45000,5.66914,0.54235,-1.52420
421.50000,5.66946,0.53914,-1.54459
421.55000,5.66965,0.53544,-1.54080
421.60000,5.66995,0.52913,-1.51909
421.65000,5.67052,0.52083,-1.48578
421.70000,5.67153,0.51113,-1.44913
421.75000,5.67284,0.50192,-1.40738
421.80000,5.67425,0.49410,-1.36014
421.85000,5.67564,0.48804,-1.30777
421.90000,5.67698,0.48355,-1.24887
421.95000,5.67822,0.47974,-1.19441
422.00000,5.67954,0.47590,-1.15664
422.05000,5.68047,0.47254,-1.15149
422.10000,5.68116,0.46947,-1.17125
422.15000,5.68207,0.46634,-1.21195
422.20000,5.68325,0.46290,-1.26801
422.25000,5.68421,0.45947,-1.33242
422.30000,5.68484,0.45645,-1.40430
422.35000,5.68514,0.45413,-1.48306
422.40000,5.68521,0.45197,-1.55385
422.45000,5.68520,0.44984,-1.59656
422.50000,5.68521,0.44771,-1.62546
422.55000,5.68517,0.44554,-1.64724
422.60000,5.68507,0.44332,-1.66198
422.65000,5.68487,0.44102,-1.66981
422.70000,5.68450,0.43857,-1.67051
422.75000,5.68399,0.43590,-1.66224
422.80000,5.68334,0.43199,-1.64632
422.85000,5.68257,0.42642,-1.62312
422.90000,5.68221,0.41743,-1.58647
422.95000,5.68226,0.40744,-1.54592
423.00000,5.68271,0.39745,-1.50477
423.05000,5.68358,0.38752,-1.46169
423.10000,5.68489,0.37764,-1.41653
423.15000,5.68625,0.36971,-1.37003
423.20000,5.68743,0.36455,-1.31660
423.25000,5.68850,0.36084,-1.25397
423.30000,5.68954,0.35759,-1.19773
423.35000,5.69032,0.35465,-1.16187
423.40000,5.69069,0.35218,-1.14795
423.45000,5.69072,0.35009,-1.15071
423.50000,5.69088,0.34838,-1.16496
423.55000,5.69172,0.34636,-1.18896
423.60000,5.69310,0.34277,-1.22199
423.65000,5.69485,0.33770,-1.26513
423.70000,5.69683,0.33101,-1.31727
423.75000,5.69826,0.32478,-1.37441
423.80000,5.69906,0.31998,-1.43972
423.85000,5.69949,0.31605,-1.50043
423.90000,5.69985,0.31144,-1.53333
423.95000,5.70006,0.30608,-1.54274
424.00000,5.70031,0.30006,-1.53419
424.05000,5.70070,0.29289,-1.50655
424.10000,5.70137,0.28481,-1.46797
424.15000,5.70229,0.27724,-1.42315
424.20000,5.70332,0.27104,-1.37427
424.25000,5.70436,0.26522,-1.33225
424.30000,5.70519,0.25964,-1.30282
424.35000,5.70557,0.25457,-1.29423
424.40000,5.70569,0.24980,-1.29916
424.45000,5.70575,0.24524,-1.31384
424.50000,5.70622,0.24102,-1.33916
424.55000,5.70728,0.23640,-1.37639
424.60000,5.70855,0.22996,-1.42662
424.65000,5.70921,0.22428,-1.48513
424.70000,5.70946,0.21977,-1.53854
424.75000,5.70950,0.21467,-1.56548
424.80000,5.70950,0.20920,-1.56895
424.85000,5.70958,0.20271,-1.54692
424.90000,5.70994,0.19379,-1.51480
424.95000,5.71051,0.18538,-1.47611
425.00000,5.71115,0.17926,-1.43227
425.05000,5.71178,0.17362,-1.39262
425.10000,5.71245,0.16797,-1.37103
425.15000,5.71306,0.16244,-1.37160
425.20000,5.71368,0.15708,-1.39090
425.25000,5.71464,0.15122,-1.42476
425.30000,5.71555,0.14414,-1.47046
425.35000,5.71610,0.13676,-1.52232
425.40000,5.71623,0.13102,-1.57969
425.45000,5.71621,0.12666,-1.63349
425.50000,5.71597,0.12213,-1.66714
425.55000,5.71534,0.11725,-1.67515
425.60000,5.71464,0.11235,-1.66852
425.65000,5.71405,0.10732,-1.65430
425.70000,5.71353,0.10110,-1.63255
425.75000,5.71308,0.09335,-1.60362
425.80000,5.71293,0.08427,-1.56784
425.85000,5.71310,0.07578,-1.53047
425.90000,5.71346,0.06829,-1.50534
425.95000,5.71374,0.06102,-1.50431
426.00000,5.71404,0.05421,-1.52578
426.05000,5.71421,0.04765,-1.56358
426.10000,5.71411,0.04004,-1.60756
426.15000,5.71378,0.03422,-1.65739
426.20000,5.71348,0.03007,-1.70367
426.25000,5.71296,0.02577,-1.72327
426.30000,5.71214,0.02041,-1.71180
426.35000,5.71126,0.01393,-1.69101
426.40000,5.71039,0.00619,-1.66334
426.45000,5.70968,-0.00277,-1.62911
426.50000,5.70937,-0.01047,-1.59482
426.55000,5.70930,-0.01647,-1.56978
426.60000,5.70933,-0.02212,-1.56673
426.65000,5.70930,-0.02755,-1.58872
426.70000,5.70905,-0.03479,-1.62305
426.75000,5.70846,-0.04311,-1.66321
426.80000,5.70782,-0.04951,-1.70718
426.85000,5.70735,-0.05268,-1.73660
426.90000,5.70693,-0.05553,-1.75134
426.95000,5.70654,-0.05833,-1.75714
427.00000,5.70599,-0.06132,-1.75486
427.05000,5.70523,-0.06541,-1.74691
427.10000,5.70428,-0.07078,-1.73322
427.15000,5.70311,-0.07788,-1.71224
427.20000,5.70182,-0.08697,-1.68292
427.25000,5.70087,-0.09692,-1.65004
427.30000,5.70028,-0.10539,-1.63683
427.35000,5.69989,-0.11248,-1.65012
427.40000,5.69927,-0.11895,-1.68184
427.45000,5.69826,-0.12675,-1.71992
427.50000,5.69719,-0.13445,-1.76196
427.55000,5.69677,-0.13956,-1.79154
427.60000,5.69614,-0.14491,-1.79636
427.65000,5.69528,-0.15031,-1.78876
427.70000,5.69403,-0.15622,-1.77208
427.75000,5.69248,-0.16391,-1.74744
427.80000,5.69086,-0.17345,-1.71517
427.85000,5.68965,-0.18309,-1.67535
427.90000,5.68895,-0.19241,-1.64775
427.95000,5.68889,-0.20045,-1.64156
428.00000,5.68921,-0.20638,-1.64665
428.05000,5.68901,-0.21126,-1.66289
428.10000,5.68834,-0.21736,-1.69381
428.15000,5.68756,-0.22386,-1.72856
428.20000,5.68746,-0.22694,-1.75516
428.25000,5.68687,-0.23039,-1.76046
428.30000,5.68602,-0.23407,-1.75611
428.35000,5.68514,-0.23852,-1.74896
428.40000,5.68449,-0.24260,-1.74422
428.45000,5.68361,-0.24796,-1.72140
428.50000,5.68260,-0.25522,-1.69081
428.55000,5.68173,-0.26376,-1.65452
428.60000,5.68111,-0.27344,-1.61436
428.65000,5.68093,-0.28263,-1.56703
428.70000,5.68092,-0.28968,-1.51786
428.75000,5.68071,-0.29622,-1.48460
428.80000,5.68069,-0.30185,-1.47223
428.85000,5.68103,-0.30665,-1.48059
428.90000,5.68136,-0.31126,-1.49857
428.95000,5.68171,-0.31653,-1.52436
429.00000,5.68199,-0.32311,-1.55791
429.05000,5.68193,-0.33158,-1.60013
429.10000,5.68147,-0.34046,-1.64457
429.15000,5.68080,-0.34933,-1.68316
429.20000,5.67976,-0.35853,-1.70166
429.25000,5.67842,-0.36799,-1.70298
429.30000,5.67700,-0.37751,-1.69311
429.35000,5.67597,-0.38674,-1.66025
429.40000,5.67533,-0.39582,-1.61939
429.45000,5.67508,-0.40478,-1.57800
429.50000,5.67513,-0.41376,-1.54302
429.55000,5.67535,-0.42286,-1.51874
429.60000,5.67564,-0.43203,-1.50160
429.65000,5.67604,-0.44128,-1.49156
429.70000,5.67646,-0.45053,-1.49321
429.75000,5.67697,-0.45930,-1.51873
429.80000,5.67723,-0.46783,-1.56283
429.85000,5.67709,-0.47675,-1.60833
429.90000,5.67655,-0.48583,-1.65240
429.95000,5.67582,-0.49511,-1.69560
430.00000,5.67566,-0.49961,-1.73753
430.05000,5.67561,-0.50133,-1.76677
430.10000,5.67530,-0.50317,-1.77763
430.15000,5.67417,-0.50712,-1.76814
430.20000,5.67293,-0.51267,-1.74841
430.25000,5.67169,-0.51979,-1.72073
430.30000,5.67050,-0.52800,-1.70052
430.35000,5.66995,-0.53502,-1.70167
430.40000,5.66997,-0.53852,-1.71824
430.45000,5.67004,-0.53895,-1.74773
430.50000,5.67017,-0.53826,-1.78187
430.55000,5.67013,-0.53813,-1.80030
430.60000,5.66943,-0.54098,-1.79520
430.65000,5.66833,-0.54587,-1.77925
430.70000,5.66712,-0.55185,-1.75685
430.75000,5.66576,-0.55964,-1.72525
430.80000,5.66458,-0.56821,-1.70259
430.85000,5.66389,-0.57580,-1.70024
430.90000,5.66338,-0.58087,-1.71064
430.95000,5.66334,-0.58197,-1.73675
431.00000,5.66337,-0.58181,-1.76804
431.05000,5.66334,-0.58196,-1.79799
431.10000,5.66330,-0.58211,-1.82771
431.15000,5.66327,-0.58223,-1.84855
431.20000,5.66260,-0.58386,-1.85015
431.25000,5.66100,-0.58953,-1.83270
431.30000,5.65916,-0.59669,-1.80532
431.35000,5.65730,-0.60511,-1.77001
431.40000,5.65547,-0.61408,-1.74464
431.45000,5.65427,-0.62227,-1.73738
431.50000,5.65354,-0.62746,-1.74571
431.55000,5.65329,-0.62912,-1.76876
431.60000,5.65325,-0.62927,-1.79818
431.65000,5.65322,-0.62942,-1.82755
431.70000,5.65317,-0.62957,-1.85673
431.75000,5.65311,-0.62971,-1.87801
431.80000,5.65256,-0.63082,-1.88299
431.85000,5.65155,-0.63368,-1.87750
431.90000,5.65024,-0.63787,-1.86613
431.95000,5.64850,-0.64372,-1.84751
432.00000,5.64635,-0.65162,-1.82022
432.05000,5.64419,-0.66062,-1.80176
432.10000,5.64274,-0.66867,-1.80896
432.15000,5.64155,-0.67371,-1.84472
432.20000,5.63985,-0.67924,-1.89047
432.25000,5.63754,-0.68566,-1.94092
432.30000,5.63515,-0.69137,-1.99977
432.35000,5.63262,-0.69644,-2.06490
432.40000,5.62997,-0.70099,-2.13460
432.45000,5.62719,-0.70506,-2.20784
432.50000,5.62433,-0.70892,-2.26917
432.55000,5.62147,-0.71273,-2.31016
432.60000,5.61803,-0.71704,-2.32094
432.65000,5.61413,-0.72174,-2.30751
432.70000,5.60985,-0.72674,-2.27697
432.75000,5.60542,-0.73216,-2.23357
432.80000,5.60110,-0.73799,-2.18324
432.85000,5.59732,-0.74359,-2.15243
432.90000,5.59439,-0.74818,-2.15482
432.95000,5.59258,-0.75083,-2.18778
433.00000,5.59062,-0.75345,-2.23578
433.05000,5.58736,-0.75739,-2.28764
433.10000,5.58405,-0.76098,-2.34791
433.15000,5.58093,-0.76395,-2.41576
433.20000,5.57744,-0.76682,-2.48667
433.25000,5.57382,-0.76955,-2.54618
433.30000,5.56983,-0.77240,-2.57023
433.35000,5.56563,-0.77508,-2.56110
433.40000,5.55995,-0.77889,-2.53838
433.45000,5.55345,-0.78350,-2.50646
433.50000,5.54619,-0.78906,-2.46917
433.55000,5.53869,-0.79528,-2.42764
433.60000,5.53140,-0.80190,-2.38210
433.65000,5.52437,-0.80857,-2.34301
433.70000,5.51725,-0.81540,-2.32463
433.75000,5.51111,-0.82167,-2.33808
433.80000,5.50602,-0.82679,-2.37266
433.85000,5.50196,-0.83054,-2.42374
433.90000,5.49806,-0.83375,-2.48394
433.95000,5.49293,-0.83746,-2.54459
434.00000,5.48756,-0.84104,-2.59367
434.05000,5.48232,-0.84433,-2.60597
434.10000,5.47718,-0.84745,-2.59115
434.15000,5.47146,-0.85106,-2.56246
434.20000,5.46520,-0.85531,-2.52501
434.25000,5.45883,-0.86000,-2.47892
434.30000,5.45293,-0.86462,-2.43914
434.35000,5.44702,-0.86933,-2.41743
434.40000,5.44141,-0.87395,-2.42863
434.45000,5.43856,-0.87629,-2.47176
434.50000,5.43593,-0.87824,-2.52767
434.55000,5.43258,-0.88045,-2.58935
434.60000,5.42893,-0.88263,-2.64147
434.65000,5.42532,-0.88467,-2.65814
434.70000,5.42144,-0.88673,-2.64427
434.75000,5.41606,-0.88975,-2.61687
434.80000,5.40978,-0.89351,-2.58113
434.85000,5.40367,-0.89753,-2.53644
434.90000,5.39732,-0.90215,-2.48689
434.95000,5.39087,-0.90738,-2.43429
435.00000,5.38459,-0.91272,-2.38771
435.05000,5.37830,-0.91814,-2.36221
435.10000,5.37240,-0.92327,-2.36685
435.15000,5.36799,-0.92741,-2.39990
435.20000,5.36457,-0.93039,-2.45070
435.25000,5.36088,-0.93326,-2.50951
435.30000,5.35699,-0.93605,-2.55888
435.35000,5.35276,-0.93910,-2.57763
435.40000,5.34835,-0.94226,-2.57316
435.45000,5.34400,-0.94518,-2.54191
435.50000,5.33879,-0.94890,-2.50145
435.55000,5.33328,-0.95321,-2.45376
435.60000,5.32769,-0.95805,-2.40094
435.65000,5.32237,-0.96320,-2.34346
435.70000,5.31722,-0.96852,-2.29399
435.75000,5.31226,-0.97370,-2.26731
435.80000,5.30783,-0.97844,-2.27084
435.85000,5.30367,-0.98297,-2.29132
435.90000,5.29961,-0.98742,-2.32071
435.95000,5.29540,-0.99193,-2.36526
436.00000,5.29061,-0.99638,-2.41982
436.05000,5.28542,-1.00068,-2.47880
436.10000,5.27998,-1.00489,-2.52640
436.15000,5.27394,-1.00926,-2.54182
436.20000,5.26809,-1.01327,-2.52970
436.25000,5.26339,-1.01667,-2.49628
436.30000,5.25804,-1.02087,-2.45457
436.35000,5.25268,-1.02549,-2.40544
436.40000,5.24741,-1.03027,-2.36353
436.45000,5.24282,-1.03445,-2.34820
436.50000,5.23877,-1.03815,-2.35414
436.55000,5.23498,-1.04163,-2.37114
436.60000,5.23141,-1.04492,-2.40180
436.65000,5.22782,-1.04816,-2.45268
436.70000,5.22430,-1.05103,-2.49902
436.75000,5.22003,-1.05453,-2.51315
436.80000,5.21531,-1.05818,-2.50116
436.85000,5.21147,-1.06110,-2.46613
436.90000,5.20681,-1.06500,-2.42357
436.95000,5.20179,-1.06960,-2.37456
437.00000,5.19661,-1.07488,-2.32128
437.05000,5.19154,-1.08035,-2.27668
437.10000,5.18724,-1.08513,-2.25984
437.15000,5.18375,-1.08919,-2.27083
437.20000,5.18101,-1.09243,-2.30853
437.25000,5.17866,-1.09515,-2.34779
437.30000,5.17661,-1.09740,-2.37897
437.35000,5.17559,-1.09838,-2.40402
437.40000,5.17391,-1.09996,-2.40506
437.45000,5.17137,-1.10231,-2.37822
437.50000,5.16808,-1.10559,-2.33782
437.55000,5.16428,-1.10973,-2.29050
437.60000,5.16030,-1.11452,-2.23715
437.65000,5.15638,-1.11958,-2.19509
437.70000,5.15320,-1.12400,-2.18553
437.75000,5.15097,-1.12730,-2.20800
437.80000,5.14893,-1.12994,-2.25094
437.85000,5.14626,-1.13306,-2.30320
437.90000,5.14322,-1.13642,-2.34901
437.95000,5.13979,-1.14011,-2.37563
438.00000,5.13554,-1.14454,-2.37303
438.05000,5.13165,-1.14843,-2.34180
438.10000,5.12789,-1.15248,-2.29795
438.15000,5.12371,-1.15742,-2.24823
438.20000,5.11956,-1.16287,-2.19328
438.25000,5.11545,-1.16897,-2.13549
438.30000,5.11163,-1.17521,-2.09446
438.35000,5.10834,-1.18113,-2.08722
438.40000,5.10632,-1.18467,-2.11354
438.45000,5.10464,-1.18732,-2.15960
438.50000,5.10243,-1.19043,-2.21466
438.55000,5.09977,-1.19376,-2.27619
438.60000,5.09686,-1.19716,-2.32799
438.65000,5.09372,-1.20074,-2.35954
438.70000,5.08978,-1.20501,-2.35835
438.75000,5.08552,-1.20954,-2.33597
438.80000,5.08105,-1.21435,-2.29893
438.85000,5.07625,-1.21997,-2.25410
438.90000,5.07136,-1.22629,-2.20449
438.95000,5.06653,-1.23325,-2.15168
439.00000,5.06263,-1.23956,-2.09152
439.05000,5.05981,-1.24469,-2.04047
439.10000,5.05806,-1.24852,-2.03376
439.15000,5.05694,-1.25088,-2.05855
439.20000,5.05576,-1.25299,-2.10247
439.25000,5.05434,-1.25527,-2.15832
439.30000,5.05275,-1.25749,-2.22317
439.35000,5.05085,-1.25995,-2.27764
439.40000,5.04897,-1.26235,-2.31505
439.45000,5.04667,-1.26508,-2.32223
439.50000,5.04345,-1.26864,-2.29780
439.55000,5.03909,-1.27369,-2.26306
439.60000,5.03410,-1.27997,-2.22297
439.65000,5.02886,-1.28714,-2.17767
439.70000,5.02396,-1.29456,-2.12824
439.75000,5.02033,-1.30073,-2.07833
439.80000,5.01762,-1.30592,-2.04715
439.85000,5.01547,-1.31059,-2.04792
439.90000,5.01283,-1.31552,-2.06974
439.95000,5.00916,-1.32200,-2.09991
440.00000,5.00445,-1.32972,-2.13521
440.05000,4.99895,-1.33806,-2.17215
440.10000,4.99314,-1.34620,-2.20907
440.15000,4.98705,-1.35410,-2.24665
440.20000,4.98065,-1.36178,-2.28415
440.25000,4.97397,-1.36922,-2.32181
440.30000,4.96701,-1.37640,-2.35960
440.35000,4.95984,-1.38324,-2.39801
440.40000,4.95286,-1.38951,-2.42299
440.45000,4.94611,-1.39538,-2.42156
440.50000,4.94080,-1.40003,-2.41198
440.55000,4.93784,-1.40264,-2.41374
440.60000,4.93744,-1.40296,-2.42867
440.65000,4.93739,-1.40300,-2.44602
440.70000,4.93746,-1.40295,-2.46316
440.75000,4.93740,-1.40298,-2.48040
440.80000,4.93713,-1.40319,-2.49748
440.85000,4.93673,-1.40350,-2.51471
440.90000,4.93620,-1.40385,-2.52087
440.95000,4.93270,-1.40638,-2.50886
441.00000,4.92744,-1.41031,-2.48570
441.05000,4.92169,-1.41477,-2.46456
441.10000,4.91735,-1.41822,-2.45606
441.15000,4.91494,-1.42016,-2.45981
441.20000,4.91277,-1.42193,-2.46516
441.25000,4.91130,-1.42308,-2.47499
441.30000,4.91082,-1.42345,-2.49062
441.35000,4.91081,-1.42346,-2.50686
441.40000,4.91073,-1.42352,-2.52295
441.45000,4.91071,-1.42353,-2.53856
441.50000,4.91064,-1.42359,-2.55437
441.55000,4.91061,-1.42360,-2.57002
441.60000,4.91055,-1.42364,-2.58613
441.65000,4.91027,-1.42380,-2.60129
441.70000,4.90996,-1.42396,-2.61651
441.75000,4.90991,-1.42400,-2.63157
441.80000,4.90918,-1.42442,-2.63420
441.85000,4.90530,-1.42662,-2.62260
441.90000,4.90008,-1.42959,-2.61690
441.95000,4.89279,-1.43383,-2.62513
442.00000,4.88545,-1.43853,-2.64037
442.05000,4.88239,-1.44080,-2.66186
442.10000,4.87683,-1.44375,-2.68780
442.15000,4.87150,-1.44684,-2.71389
442.20000,4.86568,-1.44975,-2.74129
442.25000,4.85995,-1.45234,-2.76658
442.30000,4.85402,-1.45535,-2.79191
442.35000,4.84814,-1.45775,-2.81731
442.40000,4.84252,-1.46003,-2.84188
442.45000,4.83669,-1.46208,-2.86739
442.50000,4.83102,-1.46427,-2.89187
442.55000,4.82541,-1.46595,-2.91650
442.60000,4.81982,-1.46777,-2.94133
442.65000,4.81405,-1.46908,-2.96636
442.70000,4.80882,-1.47034,-2.99039
442.75000,4.80305,-1.47164,-3.01515
442.80000,4.79759,-1.47242,-3.03940
442.85000,4.79258,-1.47370,-3.06297
442.90000,4.78713,-1.47429,-3.08715
442.95000,4.78191,-1.47475,-3.11062
443.00000,4.77699,-1.47534,-3.13418
443.05000,4.77205,-1.47555,3.12616
443.10000,4.76733,-1.47577,3.10371
443.15000,4.76238,-1.47564,3.08069
443.20000,4.75978,-1.47557,3.06733
443.25000,4.75914,-1.47530,3.06506
443.30000,4.75851,-1.47506,3.06197
443.35000,4.75793,-1.47486,3.05878
443.40000,4.75742,-1.47466,3.05615
443.45000,4.75711,-1.47431,3.05460
443.50000,4.75696,-1.47395,3.05326
443.55000,4.75677,-1.47362,3.05265
443.60000,4.75667,-1.47326,3.05234
443.65000,4.75669,-1.47279,3.05281
443.70000,4.75671,-1.47240,3.05316
443.75000,4.75701,-1.47206,3.05353
443.80000,4.75711,-1.47169,3.05500
443.85000,4.75737,-1.47141,3.05600
443.90000,4.75771,-1.47100,3.05806
443.95000,4.75830,-1.47058,3.06033
444.00000,4.75883,-1.47030,3.06312
444.05000,4.75937,-1.46995,3.06612
444.10000,4.76010,-1.46981,3.06920
444.15000,4.76084,-1.46935,3.07316
444.20000,4.76165,-1.46909,3.07661
444.25000,4.76241,-1.46873,3.08071
444.30000,4.76326,-1.46850,3.08473
444.35000,4.76428,-1.46832,3.08912
444.40000,4.76530,-1.46813,3.09390
444.45000,4.76641,-1.46791,3.09935
444.50000,4.76757,-1.46763,3.10480
444.55000,4.76884,-1.46745,3.11079
444.60000,4.77014,-1.46718,3.11699
444.65000,4.77155,-1.46699,3.12356
444.70000,4.77181,-1.46689,3.12481
444.75000,4.76911,-1.46689,3.11201
444.80000,4.76565,-1.46675,3.09641
444.85000,4.76410,-1.46649,3.09004
444.90000,4.76563,-1.46624,3.09694
444.95000,4.76731,-1.46600,3.10433
445.00000,4.76901,-1.46574,3.11240
445.05000,4.77080,-1.46546,3.12071
445.10000,4.77106,-1.46540,3.12060
445.15000,4.77101,-1.46540,3.11455
445.20000,4.77098,-1.46540,3.09878
445.25000,4.77095,-1.46539,3.08313
445.30000,4.77090,-1.46536,3.07255
445.35000,4.77088,-1.46534,3.06430
445.40000,4.77089,-1.46536,3.05784
445.45000,4.77094,-1.46541,3.05306
445.50000,4.77101,-1.46548,3.04984
445.55000,4.77108,-1.46555,3.04856
445.60000,4.77112,-1.46556,3.05351
445.65000,4.77109,-1.46548,3.06883
445.70000,4.77029,-1.46524,3.09387
445.75000,4.77020,-1.46483,3.11809
445.80000,4.77318,-1.46383,3.13192
445.85000,4.77395,-1.46331,3.13609
445.90000,4.77369,-1.46333,3.11504
445.95000,4.77350,-1.46332,3.07793
446.00000,4.77322,-1.46321,3.04677
446.05000,4.77237,-1.46267,3.03681
446.10000,4.77060,-1.46215,3.05311
446.15000,4.76802,-1.46164,3.08326
446.20000,4.76754,-1.46115,3.11124
446.25000,4.77083,-1.46020,3.12619
446.30000,4.77245,-1.45953,3.13294
446.35000,4.77220,-1.45950,3.11322
446.40000,4.77205,-1.45950,3.07491
446.45000,4.77193,-1.45944,3.03920
446.50000,4.77100,-1.45892,3.03111
446.55000,4.76936,-1.45822,3.04441
446.60000,4.76730,-1.45744,3.06889
446.65000,4.76408,-1.45692,3.10717
446.70000,4.76791,-1.45627,3.12119
446.75000,4.77091,-1.45508,3.13607
446.80000,4.77234,-1.45488,3.12751
446.85000,4.77401,-1.45487,3.09688
446.90000,4.77422,-1.45480,3.06349
446.95000,4.77361,-1.45438,3.05552
447.00000,4.77237,-1.45378,3.06633
447.05000,4.77048,-1.45327,3.09235
447.10000,4.76734,-1.45273,3.13097
447.15000,4.77118,-1.45174,-3.13736
447.20000,4.77448,-1.45018,-3.12140
447.25000,4.77589,-1.45001,-3.12870
447.30000,4.77700,-1.45001,3.12373
447.35000,4.77616,-1.44997,3.08412
447.40000,4.77517,-1.44985,3.05057
447.45000,4.77369,-1.44926,3.03651
447.50000,4.77133,-1.44856,3.04704
447.55000,4.76843,-1.44800,3.07486
447.60000,4.76477,-1.44779,3.12206
447.65000,4.76817,-1.44575,-3.12162
447.70000,4.77202,-1.44345,-3.10231
447.75000,4.77412,-1.44314,-3.09503
447.80000,4.77120,-1.44311,-3.10821
447.85000,4.76584,-1.44322,-3.13641
447.90000,4.75904,-1.44313,3.10958
447.95000,4.75115,-1.44270,3.06682
448.00000,4.74283,-1.44190,3.01914
448.05000,4.73492,-1.44076,2.98225
448.10000,4.72675,-1.43929,2.96363
448.15000,4.72074,-1.43844,2.96042
448.20000,4.71663,-1.43793,2.93990
448.25000,4.71320,-1.43790,2.91911
448.30000,4.71130,-1.43854,2.90809
448.35000,4.70772,-1.43989,2.88541
448.40000,4.70255,-1.44153,2.85453
448.45000,4.69641,-1.44342,2.81679
448.50000,4.68957,-1.44520,2.77595
448.55000,4.68254,-1.44679,2.73441
448.60000,4.67505,-1.44803,2.69134
448.65000,4.66723,-1.44905,2.64642
448.70000,4.65925,-1.44984,2.60025
448.75000,4.65116,-1.45034,2.55330
448.80000,4.64296,-1.45050,2.50604
448.85000,4.63487,-1.45030,2.45954
448.90000,4.62702,-1.44979,2.41453
448.95000,4.61954,-1.44897,2.37171
449.00000,4.61212,-1.44788,2.32915
449.05000,4.60491,-1.44650,2.28774
449.10000,4.59784,-1.44489,2.24681
449.15000,4.59099,-1.44305,2.20701
449.20000,4.58435,-1.44101,2.16808
449.25000,4.57796,-1.43880,2.13024
449.30000,4.57181,-1.43639,2.09363
449.35000,4.56595,-1.43390,2.05832
449.40000,4.56031,-1.43126,2.02395
449.45000,4.55488,-1.42854,1.99026
449.50000,4.54966,-1.42571,1.95754
449.55000,4.54451,-1.42270,1.92472
449.60000,4.53908,-1.41931,1.88948
449.65000,4.53319,-1.41541,1.85048
449.70000,4.52641,-1.41058,1.80424
449.75000,4.51928,-1.40504,1.75419
449.80000,4.51228,-1.39905,1.70346
449.85000,4.50558,-1.39278,1.65298
449.90000,4.49932,-1.38636,1.60395
449.95000,4.49351,-1.37985,1.55638
450.00000,4.48813,-1.37328,1.51030
450.05000,4.48317,-1.36667,1.46562
450.10000,4.47834,-1.35957,1.41962
450.15000,4.47358,-1.35188,1.37134
450.20000,4.46904,-1.34374,1.32173
450.25000,4.46480,-1.33525,1.27149
450.30000,4.46094,-1.32652,1.22110
450.35000,4.45749,-1.31763,1.17093
450.40000,4.45447,-1.30864,1.12123
450.45000,4.45189,-1.29961,1.07219
450.50000,4.44975,-1.29058,1.02395
450.55000,4.44804,-1.28161,0.97659
450.60000,4.44674,-1.27272,0.93019
450.65000,4.44583,-1.26396,0.88482
450.70000,4.44531,-1.25533,0.84049
450.75000,4.44514,-1.24688,0.79725
450.80000,4.44530,-1.23861,0.75513
450.85000,4.44577,-1.23057,0.71418
450.90000,4.44652,-1.22275,0.67439
450.95000,4.44753,-1.21518,0.63580
451.00000,4.44878,-1.20786,0.59838
451.05000,4.45025,-1.20083,0.56214
451.10000,4.45192,-1.19408,0.52704
451.15000,4.45376,-1.18760,0.49309
451.20000,4.45574,-1.18141,0.46031
451.25000,4.45783,-1.17551,0.42872
451.30000,4.46004,-1.16984,0.39789
451.35000,4.46251,-1.16400,0.36573
451.40000,4.46530,-1.15800,0.33217
451.45000,4.46842,-1.15184,0.29718
451.50000,4.47200,-1.14537,0.25972
451.55000,4.47607,-1.13865,0.22001
451.60000,4.48080,-1.13153,0.17666
451.65000,4.48636,-1.12395,0.12914
451.70000,4.49260,-1.11619,0.07807
451.75000,4.49904,-1.10891,0.02644
451.80000,4.50625,-1.10168,-0.02548
451.85000,4.51204,-1.09650,-0.07765
451.90000,4.51599,-1.09465,-0.12117
451.95000,4.51987,-1.09210,-0.14871
452.00000,4.52439,-1.08899,-0.17737
452.05000,4.52893,-1.08599,-0.20589
452.10000,4.53341,-1.08337,-0.23306
452.15000,4.53778,-1.08087,-0.25924
452.20000,4.54201,-1.07867,-0.28446
452.25000,4.54606,-1.07665,-0.30817
452.30000,4.55016,-1.07481,-0.33201
452.35000,4.55417,-1.07316,-0.35513
452.40000,4.55808,-1.07163,-0.37740
452.45000,4.56200,-1.07028,-0.39962
452.50000,4.56569,-1.06883,-0.42041
452.55000,4.56938,-1.06768,-0.44072
452.60000,4.57299,-1.06661,-0.46082
452.65000,4.57649,-1.06572,-0.48072
452.70000,4.57984,-1.06482,-0.49954
452.75000,4.58330,-1.06388,-0.51821
452.80000,4.58667,-1.06296,-0.53632
452.85000,4.58996,-1.06211,-0.55389
452.90000,4.59315,-1.06134,-0.57093
452.95000,4.59625,-1.06065,-0.58747
453.00000,4.59921,-1.06009,-0.60355
453.05000,4.60203,-1.05967,-0.61901
453.10000,4.60473,-1.05924,-0.63362
453.15000,4.60726,-1.05884,-0.64712
453.20000,4.60981,-1.05853,-0.66116
453.25000,4.61229,-1.05831,-0.67487
453.30000,4.61470,-1.05804,-0.68780
453.35000,4.61703,-1.05783,-0.70047
453.40000,4.61929,-1.05766,-0.71278
453.45000,4.62147,-1.05752,-0.72464
453.50000,4.62354,-1.05743,-0.73615
453.55000,4.62552,-1.05729,-0.74672
453.60000,4.62745,-1.05719,-0.75710
453.65000,4.62930,-1.05714,-0.76727
453.70000,4.63103,-1.05711,-0.77682
453.75000,4.63270,-1.05710,-0.78593
453.80000,4.63426,-1.05703,-0.79412
453.85000,4.63585,-1.05699,-0.80260
453.90000,4.63735,-1.05702,-0.81075
453.95000,4.63872,-1.05704,-0.81856
454.00000,4.64002,-1.05715,-0.82603
454.05000,4.64122,-1.05725,-0.83299
454.10000,4.64239,-1.05731,-0.83954
454.15000,4.64344,-1.05740,-0.84558
454.20000,4.64440,-1.05748,-0.85116
454.25000,4.64534,-1.05755,-0.85649
454.30000,4.64617,-1.05766,-0.86140
454.35000,4.64696,-1.05778,-0.86623
454.40000,4.64767,-1.05785,-0.87066
454.45000,4.64834,-1.05798,-0.87458
454.50000,4.64887,-1.05799,-0.87764
454.55000,4.64941,-1.05811,-0.88090
454.60000,4.64984,-1.05816,-0.88339
454.65000,4.65024,-1.05818,-0.88559
454.70000,4.65058,-1.05823,-0.88779
454.75000,4.65085,-1.05831,-0.88961
454.80000,4.65108,-1.05833,-0.89107
454.85000,4.65124,-1.05839,-0.89198
454.90000,4.65135,-1.05843,-0.89285
454.95000,4.65139,-1.05842,-0.89299
455.00000,4.65128,-1.05835,-0.89204
455.05000,4.65099,-1.05827,-0.89016
455.10000,4.65086,-1.05821,-0.88896
455.15000,4.65065,-1.05812,-0.88745
455.20000,4.65033,-1.05801,-0.88514
455.25000,4.64991,-1.05790,-0.88218
455.30000,4.64933,-1.05779,-0.87846
455.35000,4.64875,-1.05764,-0.87466
455.40000,4.64813,-1.05743,-0.87024
455.45000,4.64732,-1.05730,-0.86526
455.50000,4.64649,-1.05716,-0.86008
455.55000,4.64544,-1.05700,-0.85369
455.60000,4.64418,-1.05688,-0.84649
455.65000,4.64295,-1.05668,-0.83883
455.70000,4.64165,-1.05645,-0.83063
455.75000,4.63996,-1.05642,-0.82146
455.80000,4.63787,-1.05641,-0.81028
455.85000,4.63556,-1.05644,-0.79791
455.90000,4.63307,-1.05649,-0.78465
455.95000,4.63040,-1.05659,-0.77044
456.00000,4.62754,-1.05674,-0.75523
456.05000,4.62449,-1.05694,-0.73900
456.10000,4.62122,-1.05720,-0.72164
456.15000,4.61772,-1.05755,-0.70308
456.20000,4.61398,-1.05798,-0.68324
456.25000,4.60998,-1.05853,-0.66202
456.30000,4.60570,-1.05920,-0.63930
456.35000,4.60115,-1.06002,-0.61509
456.40000,4.59635,-1.06100,-0.58952
456.45000,4.59133,-1.06215,-0.56275
456.50000,4.58615,-1.06349,-0.53494
456.55000,4.58082,-1.06501,-0.50628
456.60000,4.57540,-1.06671,-0.47697
456.65000,4.57001,-1.06858,-0.44758
456.70000,4.56480,-1.07055,-0.41904
456.75000,4.55985,-1.07256,-0.39169
456.80000,4.55522,-1.07458,-0.36585
456.85000,4.55094,-1.07656,-0.34182
456.90000,4.54708,-1.07845,-0.31991
456.95000,4.54367,-1.08016,-0.30037
457.00000,4.54049,-1.08181,-0.28203
457.05000,4.53725,-1.08352,-0.26323
457.10000,4.53379,-1.08551,-0.24263
457.15000,4.53043,-1.08758,-0.22261
457.20000,4.52733,-1.08956,-0.20389
457.25000,4.52419,-1.09165,-0.18478
457.30000,4.52102,-1.09385,-0.16518
457.35000,4.51784,-1.09610,-0.14518
457.40000,4.51476,-1.09798,-0.12425
457.45000,4.51183,-1.09934,-0.10204
457.50000,4.50887,-1.10033,-0.07336
457.55000,4.50703,-1.10076,-0.03336
457.60000,4.50663,-1.10082,0.02000
457.65000,4.50742,-1.10077,0.07391
457.70000,4.50859,-1.10050,0.11321
457.75000,4.51199,-1.09982,0.13947
457.80000,4.51770,-1.09879,0.15519
457.85000,4.52533,-1.09742,0.16218
457.90000,4.53402,-1.09583,0.16394
457.95000,4.54382,-1.09421,0.16042
458.00000,4.55371,-1.09264,0.15579
458.05000,4.56353,-1.09113,0.15035
458.10000,4.57327,-1.08970,0.14409
458.15000,4.58301,-1.08833,0.13714
458.20000,4.59285,-1.08702,0.12948
458.25000,4.60272,-1.08578,0.12115
458.30000,4.61260,-1.08463,0.11170
458.35000,4.62252,-1.08357,0.10179
458.40000,4.63242,-1.08261,0.09109
458.45000,4.64211,-1.08179,0.07884
458.50000,4.65197,-1.08108,0.06650
458.55000,4.66185,-1.08049,0.05363
458.60000,4.67167,-1.08003,0.03988
458.65000,4.68142,-1.07971,0.02532
458.70000,4.69115,-1.07953,0.01013
458.75000,4.70114,-1.07950,-0.00453
458.80000,4.71114,-1.07962,-0.01954
458.85000,4.72114,-1.07990,-0.03513
458.90000,4.73113,-1.08033,-0.05129
458.95000,4.74010,-1.08111,-0.06797
459.00000,4.74247,-1.08208,-0.07917
459.05000,4.74420,-1.08255,-0.08342
459.10000,4.74611,-1.08286,-0.08535
459.15000,4.74899,-1.08323,-0.08686
459.20000,4.75261,-1.08377,-0.08964
459.25000,4.75486,-1.08446,-0.09575
459.30000,4.75733,-1.08501,-0.09947
459.35000,4.75971,-1.08564,-0.10340
459.40000,4.76235,-1.08642,-0.10965
459.45000,4.76385,-1.08689,-0.11265
459.50000,4.76459,-1.08694,-0.09580
459.55000,4.76490,-1.08697,-0.05817
459.60000,4.76502,-1.08699,-0.02756
459.65000,4.76589,-1.08708,-0.01138
459.70000,4.76909,-1.08715,-0.00776
459.75000,4.77466,-1.08724,-0.01650
459.80000,4.78294,-1.08750,-0.03916
459.85000,4.79222,-1.08799,-0.06750
459.90000,4.80147,-1.08875,-0.09626
459.95000,4.81089,-1.08967,-0.11485
460.00000,4.82074,-1.09072,-0.11257
460.05000,4.83070,-1.09168,-0.09450
460.10000,4.83872,-1.09220,-0.05566
460.15000,4.84537,-1.09242,-0.00510
460.20000,4.85020,-1.09238,0.05523
460.25000,4.85294,-1.09231,0.11475
460.30000,4.85534,-1.09237,0.15407
460.35000,4.85757,-1.09188,0.16714
460.40000,4.86261,-1.09086,0.16146
460.45000,4.87094,-1.08958,0.13882
460.50000,4.88016,-1.08842,0.11124
460.55000,4.88943,-1.08752,0.08318
460.60000,4.89871,-1.08688,0.05479
460.65000,4.90800,-1.08650,0.02620
460.70000,4.91735,-1.08637,0.00913
460.75000,4.92671,-1.08633,0.00994
460.80000,4.93638,-1.08623,0.02898
460.85000,4.94488,-1.08600,0.06539
460.90000,4.95191,-1.08545,0.11499
460.95000,4.95803,-1.08457,0.17370
461.00000,4.96302,-1.08380,0.23075
461.05000,4.96813,-1.08289,0.27349
461.10000,4.97329,-1.08188,0.29956
461.15000,4.97827,-1.08103,0.31702
461.20000,4.98329,-1.07956,0.31706
461.25000,4.99161,-1.07688,0.29295
461.30000,5.00056,-1.07431,0.26563
461.35000,5.00957,-1.07200,0.23775
461.40000,5.01861,-1.06995,0.20842
461.45000,5.02768,-1.06817,0.17828
461.50000,5.03692,-1.06642,0.15544
461.55000,5.04649,-1.06483,0.15479
461.60000,5.05610,-1.06335,0.17662
461.65000,5.06382,-1.06204,0.21803
461.70000,5.07073,-1.06033,0.26717
461.75000,5.07717,-1.05838,0.32383
461.80000,5.08209,-1.05657,0.39041
461.85000,5.08602,-1.05498,0.45109
461.90000,5.09001,-1.05330,0.49676
461.95000,5.09403,-1.05156,0.53105
462.00000,5.09806,-1.04978,0.55426
462.05000,5.10217,-1.04790,0.56720
462.10000,5.10641,-1.04585,0.57072
462.15000,5.11118,-1.04275,0.55985
462.20000,5.11812,-1.03848,0.53885
462.25000,5.12667,-1.03353,0.51070
462.30000,5.13546,-1.02877,0.48163
462.35000,5.14439,-1.02426,0.45215
462.40000,5.15345,-1.02003,0.42273
462.45000,5.16263,-1.01606,0.39311
462.50000,5.17191,-1.01238,0.36161
462.55000,5.18040,-1.00935,0.34487
462.60000,5.18793,-1.00676,0.35668
462.65000,5.19275,-1.00489,0.39432
462.70000,5.19704,-1.00299,0.44473
462.75000,5.20097,-1.00113,0.48787
462.80000,5.20468,-0.99944,0.50924
462.85000,5.20827,-0.99783,0.51753
462.90000,5.21182,-0.99614,0.51557
462.95000,5.21596,-0.99380,0.50571
463.00000,5.22157,-0.99074,0.48881
463.05000,5.22904,-0.98687,0.46343
463.10000,5.23744,-0.98286,0.42882
463.15000,5.24453,-0.97975,0.39410
463.20000,5.25020,-0.97750,0.37603
463.25000,5.25544,-0.97540,0.38727
463.30000,5.26104,-0.97302,0.41595
463.35000,5.26808,-0.96977,0.45130
463.40000,5.27500,-0.96628,0.49763
463.45000,5.28069,-0.96316,0.52688
463.50000,5.28565,-0.96042,0.53742
463.55000,5.29058,-0.95768,0.53839
463.60000,5.29553,-0.95488,0.52915
463.65000,5.30139,-0.95151,0.50921
463.70000,5.30885,-0.94733,0.48039
463.75000,5.31700,-0.94325,0.44375
463.80000,5.32501,-0.93959,0.42292
463.85000,5.33303,-0.93600,0.42692
463.90000,5.33951,-0.93294,0.45401
463.95000,5.34736,-0.92894,0.49054
464.00000,5.35418,-0.92512,0.53331
464.05000,5.35929,-0.92226,0.57263
464.10000,5.36400,-0.91970,0.58315
464.15000,5.36834,-0.91705,0.56981
464.20000,5.37432,-0.91332,0.54432
464.25000,5.38183,-0.90895,0.51015
464.30000,5.38997,-0.90447,0.48648
464.35000,5.39828,-0.90013,0.48704
464.40000,5.40626,-0.89588,0.50794
464.45000,5.41202,-0.89258,0.55445
464.50000,5.41450,-0.89103,0.61557
464.55000,5.41507,-0.89061,0.68501
464.60000,5.41517,-0.89049,0.74513
464.65000,5.41497,-0.89062,0.78526
464.70000,5.41536,-0.89017,0.79608
464.75000,5.41814,-0.88735,0.78803
464.80000,5.42234,-0.88319,0.76944
464.85000,5.42792,-0.87793,0.74187
464.90000,5.43469,-0.87194,0.70704
464.95000,5.44172,-0.86614,0.67166
465.00000,5.44895,-0.86061,0.63579
465.05000,5.45636,-0.85534,0.59973
465.10000,5.46395,-0.85028,0.57814
465.15000,5.47146,-0.84540,0.58071
465.20000,5.47785,-0.84113,0.60918
465.25000,5.48180,-0.83832,0.66188
465.30000,5.48310,-0.83725,0.72492
465.35000,5.48369,-0.83669,0.78024
465.40000,5.48401,-0.83635,0.81164
465.45000,5.48535,-0.83487,0.81429
465.50000,5.48939,-0.83065,0.79672
465.55000,5.49491,-0.82514,0.76868
465.60000,5.50147,-0.81902,0.73441
465.65000,5.50834,-0.81303,0.69896
465.70000,5.51542,-0.80729,0.66333
465.75000,5.52271,-0.80166,0.64038
465.80000,5.52977,-0.79640,0.64539
465.85000,5.53592,-0.79167,0.67090
465.90000,5.54038,-0.78799,0.71482
465.95000,5.54452,-0.78419,0.76551
466.00000,5.54788,-0.78082,0.81908
466.05000,5.54983,-0.77871,0.86681
466.10000,5.55200,-0.77630,0.88872
466.15000,5.55472,-0.77304,0.88478
466.20000,5.55927,-0.76761,0.86335
466.25000,5.56494,-0.76119,0.83340
466.30000,5.57122,-0.75451,0.80007
466.35000,5.57767,-0.74795,0.77988
466.40000,5.58334,-0.74231,0.78812
466.45000,5.58872,-0.73699,0.80893
466.50000,5.59395,-0.73186,0.84355
466.55000,5.59836,-0.72669,0.89279
466.60000,5.60260,-0.72111,0.94773
466.65000,5.60606,-0.71598,1.01020
466.70000,5.60889,-0.71136,1.06372
466.75000,5.61140,-0.70688,1.07856
466.80000,5.61356,-0.70280,1.06355
466.85000,5.61668,-0.69740,1.03596
466.90000,5.62011,-0.69181,0.99636
466.95000,5.62275,-0.68786,0.96670
467.00000,5.62491,-0.68463,0.97185
467.05000,5.62627,-0.68259,1.00394
467.10000,5.62799,-0.67974,1.04913
467.15000,5.62971,-0.67657,1.10480
467.20000,5.63102,-0.67376,1.17054
467.25000,5.63194,-0.67143,1.23001
467.30000,5.63279,-0.66908,1.25563
467.35000,5.63376,-0.66630,1.25318
467.40000,5.63567,-0.66089,1.23512
467.45000,5.63826,-0.65380,1.20479
467.50000,5.64127,-0.64635,1.16708
467.55000,5.64463,-0.63889,1.12895
467.60000,5.64780,-0.63221,1.10004
467.65000,5.65106,-0.62551,1.08918
467.70000,5.65417,-0.61900,1.09795
467.75000,5.65724,-0.61257,1.11851
467.80000,5.66033,-0.60607,1.15850
467.85000,5.66256,-0.60058,1.21368
467.90000,5.66385,-0.59679,1.28177
467.95000,5.66452,-0.59420,1.35895
468.00000,5.66487,-0.59211,1.42971
468.05000,5.66482,-0.59037,1.47924
468.10000,5.66472,-0.58911,1.50747
468.15000,5.66492,-0.58759,1.51355
468.20000,5.66531,-0.58404,1.50619
468.25000,5.66587,-0.57808,1.48546
468.30000,5.66677,-0.56947,1.45182
468.35000,5.66801,-0.56052,1.41398
468.40000,5.66947,-0.55235,1.37298
468.45000,5.67088,-0.54600,1.32822
468.50000,5.67215,-0.54122,1.28109
468.55000,5.67348,-0.53713,1.22721
468.60000,5.67471,-0.53367,1.17824
468.65000,5.67632,-0.52989,1.15009
468.70000,5.67865,-0.52546,1.15354
468.75000,5.68069,-0.52079,1.18535
468.80000,5.68262,-0.51573,1.22801
468.85000,5.68439,-0.51035,1.27960
468.90000,5.68575,-0.50527,1.33975
468.95000,5.68663,-0.50091,1.40793
469.00000,5.68706,-0.49741,1.47177
469.05000,5.68682,-0.49457,1.51419
469.10000,5.68675,-0.49223,1.53678
469.15000,5.68693,-0.49002,1.53562
469.20000,5.68717,-0.48596,1.52178
469.25000,5.68767,-0.47906,1.49408
469.30000,5.68851,-0.47039,1.45496
469.35000,5.68956,-0.46259,1.41280
469.40000,5.69063,-0.45665,1.36794
469.45000,5.69166,-0.45213,1.31931
469.50000,5.69263,-0.44845,1.27527
469.55000,5.69402,-0.44441,1.25162
469.60000,5.69602,-0.43976,1.25783
469.65000,5.69759,-0.43459,1.28940
469.70000,5.69909,-0.42893,1.33194
469.75000,5.70039,-0.42298,1.38308
469.80000,5.70127,-0.41752,1.44298
469.85000,5.70165,-0.41311,1.49931
469.90000,5.70148,-0.40944,1.53090
469.95000,5.70150,-0.40640,1.54043
470.00000,5.70167,-0.40309,1.52920
470.05000,5.70206,-0.39724,1.50370
470.10000,5.70278,-0.38891,1.46733
470.15000,5.70355,-0.38198,1.42678
470.20000,5.70435,-0.37718,1.37789
470.25000,5.70498,-0.37368,1.33300
470.30000,5.70595,-0.36990,1.30861
470.35000,5.70743,-0.36565,1.30674
470.40000,5.70908,-0.36126,1.31306
470.45000,5.71084,-0.35680,1.33070
470.50000,5.71279,-0.35203,1.36161
470.55000,5.71446,-0.34471,1.40574
470.60000,5.71556,-0.33690,1.45683
470.65000,5.71612,-0.33052,1.51407
470.70000,5.71627,-0.32648,1.55138
470.75000,5.71632,-0.32353,1.55122
470.80000,5.71645,-0.31892,1.53361
470.85000,5.71679,-0.31249,1.50417
470.90000,5.71723,-0.30702,1.46611
470.95000,5.71759,-0.30315,1.42970
471.00000,5.71791,-0.29934,1.39913
471.05000,5.71825,-0.29552,1.37909
471.10000,5.71862,-0.29170,1.36526
471.15000,5.71891,-0.28796,1.35337
471.20000,5.71913,-0.28429,1.34352
471.25000,5.71929,-0.28069,1.33584
471.30000,5.71941,-0.27714,1.33041
471.35000,5.71950,-0.27362,1.32723
471.40000,5.71958,-0.27011,1.32629
471.45000,5.71970,-0.26659,1.33162
471.50000,5.71992,-0.26299,1.34815
471.55000,5.72040,-0.25925,1.37795
471.60000,5.72132,-0.25451,1.41901
471.65000,5.72238,-0.24745,1.46924
471.70000,5.72299,-0.23923,1.52405
471.75000,5.72313,-0.23145,1.58377
471.80000,5.72290,-0.22571,1.64852
471.85000,5.72262,-0.22142,1.70834
471.90000,5.72255,-0.21750,1.74969
471.95000,5.72195,-0.21421,1.76373
472.00000,5.72084,-0.20908,1.76351
472.05000,5.71962,-0.20283,1.75668
472.10000,5.71827,-0.19552,1.74426
472.15000,5.71685,-0.18710,1.72585
472.20000,5.71550,-0.17780,1.70309
472.25000,5.71436,-0.16844,1.67969
472.30000,5.71345,-0.15909,1.65565
472.35000,5.71278,-0.14977,1.63010
472.40000,5.71242,-0.14231,1.60453
472.45000,5.71228,-0.13623,1.58661
472.50000,5.71220,-0.12966,1.58453
472.55000,5.71208,-0.12242,1.60365
472.60000,5.71174,-0.11593,1.64304
472.65000,5.71108,-0.10904,1.69048
472.70000,5.71030,-0.10190,1.73448
472.75000,5.70960,-0.09486,1.76168
472.80000,5.70868,-0.08804,1.76521
472.85000,5.70707,-0.07993,1.74678
472.90000,5.70554,-0.07067,1.72216
472.95000,5.70424,-0.06138,1.69722
473.00000,5.70318,-0.05208,1.67172
473.05000,5.70236,-0.04276,1.64594
473.10000,5.70177,-0.03335,1.63091
473.15000,5.70126,-0.02369,1.63279
473.20000,5.70077,-0.01421,1.65575
473.25000,5.69999,-0.00627,1.69568
473.30000,5.69875,0.00209,1.74110
473.35000,5.69761,0.01001,1.78787
473.40000,5.69712,0.01290,1.81618
473.45000,5.69613,0.01645,1.81983
473.50000,5.69451,0.02251,1.81162
473.55000,5.69241,0.03117,1.79311
473.60000,5.69036,0.04066,1.76945
473.65000,5.68857,0.05020,1.74496
473.70000,5.68706,0.05943,1.73151
473.75000,5.68569,0.06844,1.73996
473.80000,5.68486,0.07437,1.76862
473.85000,5.68462,0.07602,1.81462
473.90000,5.68458,0.07616,1.86437
473.95000,5.68450,0.07631,1.90465
474.00000,5.68408,0.07707,1.92609
474.05000,5.68268,0.08054,1.92826
474.10000,5.68020,0.08664,1.91671
474.15000,5.67720,0.09514,1.89164
474.20000,5.67422,0.10453,1.86611
474.25000,5.67143,0.11414,1.84098
474.30000,5.66899,0.12344,1.81379
474.35000,5.66695,0.13238,1.80043
474.40000,5.66525,0.14047,1.80977
474.45000,5.66411,0.14528,1.83686
474.50000,5.66375,0.14658,1.87791
474.55000,5.66370,0.14671,1.92374
474.60000,5.66359,0.14689,1.96224
474.65000,5.66335,0.14720,1.98524
474.70000,5.66289,0.14810,1.99546
474.75000,5.66194,0.15017,1.99971
474.80000,5.66021,0.15385,1.99588
474.85000,5.65725,0.16002,1.97781
474.90000,5.65375,0.16849,1.94684
474.95000,5.65050,0.17711,1.91538
475.00000,5.64752,0.18583,1.88371
475.05000,5.64486,0.19447,1.86627
475.10000,5.64227,0.20314,1.86949
475.15000,5.64024,0.21003,1.88479
475.20000,5.63963,0.21242,1.92163
475.25000,5.63918,0.21363,1.96769
475.30000,5.63867,0.21481,2.01351
475.35000,5.63834,0.21571,2.04090
475.40000,5.63746,0.21740,2.04564
475.45000,5.63488,0.22242,2.03221
475.50000,5.63155,0.22932,2.00798
475.55000,5.62788,0.23750,1.97683
475.60000,5.62439,0.24600,1.94430
475.65000,5.62111,0.25462,1.92486
475.70000,5.61775,0.26338,1.91973
475.75000,5.61474,0.27159,1.92527
475.80000,5.61274,0.27719,1.94565
475.85000,5.61207,0.27914,1.98553
475.90000,5.61187,0.27955,2.02702
475.95000,5.61172,0.27983,2.06754
476.00000,5.61153,0.28027,2.09303
476.05000,5.61057,0.28187,2.09805
476.10000,5.60770,0.28681,2.08433
476.15000,5.60396,0.29362,2.05978
476.20000,5.59985,0.30164,2.02849
476.25000,5.59593,0.30995,1.99616
476.30000,5.59222,0.31844,1.97788
476.35000,5.58879,0.32644,1.98116
476.40000,5.58647,0.33175,2.00056
476.45000,5.58524,0.33442,2.03455
476.50000,5.58473,0.33541,2.07676
476.55000,5.58462,0.33560,2.11525
476.60000,5.58458,0.33589,2.13995
476.65000,5.58332,0.33773,2.14227
476.70000,5.58018,0.34269,2.12695
476.75000,5.57614,0.34937,2.10145
476.80000,5.57169,0.35722,2.06960
476.85000,5.56744,0.36535,2.03641
476.90000,5.56349,0.37349,2.01851
476.95000,5.55995,0.38090,2.02236
477.00000,5.55766,0.38572,2.04150
477.05000,5.55715,0.38693,2.07625
477.10000,5.55703,0.38714,2.11339
477.15000,5.55696,0.38726,2.14989
477.20000,5.55694,0.38721,2.17160
477.25000,5.55547,0.38923,2.17160
477.30000,5.55215,0.39416,2.15537
477.35000,5.54796,0.40068,2.12925
477.40000,5.54331,0.40838,2.09677
477.45000,5.53881,0.41636,2.07822
477.50000,5.53461,0.42397,2.07812
477.55000,5.53159,0.42939,2.09145
477.60000,5.53022,0.43181,2.12005
477.65000,5.53015,0.43193,2.15550
477.70000,5.53007,0.43204,2.19084
477.75000,5.52998,0.43216,2.22588
477.80000,5.52987,0.43227,2.25055
477.85000,5.52951,0.43264,2.26157
477.90000,5.52761,0.43490,2.26016
477.95000,5.52457,0.43862,2.25049
478.00000,5.52030,0.44399,2.23202
478.05000,5.51480,0.45126,2.20419
478.10000,5.50901,0.45941,2.17254
478.15000,5.50383,0.46715,2.15414
478.20000,5.49918,0.47422,2.15207
478.25000,5.49686,0.47780,2.17035
478.30000,5.49669,0.47804,2.20324
478.35000,5.49661,0.47816,2.23562
478.40000,5.49652,0.47827,2.26773
478.45000,5.49641,0.47837,2.29069
478.50000,5.49540,0.47947,2.29542
478.55000,5.49271,0.48252,2.28761
478.60000,5.48902,0.48681,2.27302
478.65000,5.48412,0.49273,2.24972
478.70000,5.47839,0.50008,2.21610
478.75000,5.47307,0.50745,2.17936
478.80000,5.46807,0.51481,2.15888
478.85000,5.46371,0.52138,2.15724
478.90000,5.46060,0.52604,2.16563
478.95000,5.45839,0.52925,2.18124
479.00000,5.45701,0.53119,2.20313
479.05000,5.45674,0.53157,2.23270
479.10000,5.45665,0.53168,2.26352
479.15000,5.45655,0.53179,2.29416
479.20000,5.45646,0.53189,2.32458
479.25000,5.45634,0.53199,2.34659
479.30000,5.45567,0.53264,2.35314
479.35000,5.45235,0.53597,2.34115
479.40000,5.44682,0.54180,2.31661
479.45000,5.44041,0.54895,2.28560
479.50000,5.43397,0.55641,2.26161
479.55000,5.42823,0.56333,2.25375
479.60000,5.42374,0.56885,2.25483
479.65000,5.42026,0.57308,2.26299
479.70000,5.41800,0.57581,2.28043
479.75000,5.41780,0.57605,2.30968
479.80000,5.41774,0.57612,2.33959
479.85000,5.41768,0.57620,2.36930
479.90000,5.41757,0.57627,2.38800
479.95000,5.41636,0.57740,2.38997
480.00000,5.41360,0.57999,2.38326
480.05000,5.40973,0.58371,2.36978
480.10000,5.40448,0.58893,2.34738
480.15000,5.39783,0.59591,2.31613
480.20000,5.39117,0.60315,2.29143
480.25000,5.38554,0.60957,2.28340
480.30000,5.38184,0.61385,2.28917
480.35000,5.37966,0.61638,2.30630
480.40000,5.37914,0.61696,2.33362
480.45000,5.37904,0.61706,2.36194
480.50000,5.37894,0.61716,2.39007
480.55000,5.37883,0.61726,2.41800
480.60000,5.37874,0.61730,2.43446
480.65000,5.37731,0.61849,2.43531
480.70000,5.37333,0.62194,2.41895
480.75000,5.36774,0.62700,2.39087
480.80000,5.36140,0.63313,2.35585
480.85000,5.35494,0.63961,2.32677
480.90000,5.34890,0.64596,2.31437
480.95000,5.34425,0.65101,2.31466
481.00000,5.34024,0.65536,2.32047
481.05000,5.33681,0.65900,2.33132
481.10000,5.33400,0.66192,2.34719
481.15000,5.33182,0.66410,2.36805
481.20000,5.33043,0.66543,2.39448
481.25000,5.32994,0.66588,2.42478
481.30000,5.32924,0.66647,2.45596
481.35000,5.32856,0.66703,2.48672
481.40000,5.32813,0.66733,2.50100
481.45000,5.32608,0.66887,2.49902
481.50000,5.32137,0.67246,2.48111
481.55000,5.31520,0.67740,2.45284
481.60000,5.30834,0.68324,2.41879
481.65000,5.30143,0.68938,2.39329
481.70000,5.29550,0.69491,2.38724
481.75000,5.29104,0.69908,2.39099
481.80000,5.28733,0.70252,2.40046
481.85000,5.28433,0.70523,2.41533
481.90000,5.28207,0.70720,2.43553
481.95000,5.28058,0.70844,2.46102
482.00000,5.27979,0.70907,2.49094
482.05000,5.27907,0.70962,2.52117
482.10000,5.27835,0.71012,2.55104
482.15000,5.27777,0.71047,2.56395
482.20000,5.27520,0.71217,2.56024
482.25000,5.27017,0.71554,2.54231
482.30000,5.26363,0.72014,2.51401
482.35000,5.25638,0.72558,2.48036
482.40000,5.24909,0.73131,2.45581
482.45000,5.24296,0.73633,2.44958
482.50000,5.23869,0.73984,2.45498
482.55000,5.23517,0.74270,2.46592
482.60000,5.23242,0.74487,2.48217
482.65000,5.23045,0.74637,2.50364
482.70000,5.22930,0.74720,2.53025
482.75000,5.22858,0.74770,2.55939
482.80000,5.22814,0.74795,2.57284
482.85000,5.22600,0.74935,2.57198
482.90000,5.22114,0.75252,2.55568
482.95000,5.21456,0.75702,2.52772
483.00000,5.20742,0.76208,2.50280
483.05000,5.20079,0.76699,2.49155
483.10000,5.19597,0.77064,2.49348
483.15000,5.19229,0.77339,2.50321
483.20000,5.18934,0.77555,2.51799
483.25000,5.18760,0.77676,2.53869
483.30000,5.18731,0.77696,2.56528
483.35000,5.18718,0.77704,2.59097
483.40000,5.18706,0.77711,2.61641
483.45000,5.18682,0.77724,2.62906
483.50000,5.18396,0.77887,2.62529
483.55000,5.17884,0.78185,2.60881
483.60000,5.17195,0.78605,2.58046
483.65000,5.16448,0.79079,2.55605
483.70000,5.15797,0.79507,2.54700
483.75000,5.15358,0.79801,2.55068
483.80000,5.15027,0.80021,2.56018
483.85000,5.14805,0.80164,2.57515
483.90000,5.14698,0.80230,2.59568
483.95000,5.14681,0.80241,2.62033
484.00000,5.14668,0.80248,2.64508
484.05000,5.14654,0.80253,2.66243
484.10000,5.14476,0.80348,2.66509
484.15000,5.13944,0.80633,2.64957
484.20000,5.13204,0.81042,2.62382
484.25000,5.12389,0.81504,2.60207
484.30000,5.11624,0.81951,2.58761
484.35000,5.10998,0.82336,2.58100
484.40000,5.10549,0.82605,2.58485
484.45000,5.10324,0.82723,2.60068
484.50000,5.10286,0.82734,2.62479
484.55000,5.10276,0.82739,2.64903
484.60000,5.10267,0.82745,2.67304
484.65000,5.10249,0.82754,2.69692
484.70000,5.10185,0.82783,2.70706
484.75000,5.09840,0.82946,2.70191
484.80000,5.09267,0.83225,2.68341
484.85000,5.08497,0.83620,2.65662
484.90000,5.07713,0.84034,2.63642
484.95000,5.06967,0.84435,2.62384
485.00000,5.06346,0.84772,2.61846
485.05000,5.05984,0.84978,2.62546
485.10000,5.05743,0.85112,2.63840
485.15000,5.05628,0.85174,2.65723
485.20000,5.05610,0.85182,2.68040
485.25000,5.05600,0.85188,2.70373
485.30000,5.05590,0.85192,2.72682
485.35000,5.05580,0.85196,2.74968
485.40000,5.05537,0.85214,2.75947
485.45000,5.05258,0.85332,2.75716
485.50000,5.04661,0.85584,2.73874
485.55000,5.03878,0.85931,2.71191
485.60000,5.03085,0.86293,2.68827
485.65000,5.02325,0.86650,2.67416
485.70000,5.01644,0.86976,2.66592
485.75000,5.01288,0.87146,2.67375
485.80000,5.01194,0.87188,2.69305
485.85000,5.01180,0.87194,2.71548
485.90000,5.01167,0.87200,2.73776
485.95000,5.01153,0.87206,2.75982
486.00000,5.01139,0.87212,2.78165
486.05000,5.01124,0.87215,2.79671
486.10000,5.00868,0.87316,2.79587
486.15000,5.00277,0.87539,2.77767
486.20000,4.99483,0.87853,2.75079
486.25000,4.98618,0.88206,2.72788
486.30000,4.97822,0.88543,2.71179
486.35000,4.97071,0.88866,2.69893
486.40000,4.96507,0.89128,2.69546
486.45000,4.96089,0.89326,2.69924
486.50000,4.95785,0.89468,2.70839
486.55000,4.95599,0.89552,2.72285
486.60000,4.95532,0.89580,2.74257
486.65000,4.95518,0.89586,2.76449
486.70000,4.95502,0.89592,2.78601
486.75000,4.95486,0.89598,2.80731
486.80000,4.95469,0.89603,2.82173
486.85000,4.95297,0.89686,2.82938
486.90000,4.95186,0.89718,2.83695
486.95000,4.94817,0.89843,2.83040
487.00000,4.94172,0.90061,2.80930
487.05000,4.93386,0.90345,2.77947
487.10000,4.92530,0.90671,2.75216
487.15000,4.91754,0.90989,2.73463
487.20000,4.91241,0.91206,2.73200
487.25000,4.90884,0.91359,2.73848
487.30000,4.90609,0.91474,2.74981
487.35000,4.90421,0.91550,2.76585
487.40000,4.90319,0.91588,2.78654
487.45000,4.90252,0.91612,2.80893
487.50000,4.90184,0.91635,2.83107
487.55000,4.90117,0.91656,2.85290
487.60000,4.90049,0.91672,2.86145
487.65000,4.89727,0.91769,2.85674
487.70000,4.89197,0.91933,2.84939
487.75000,4.88794,0.92050,2.85219
487.80000,4.88504,0.92134,2.86073
487.85000,4.88339,0.92175,2.86448
487.90000,4.87954,0.92289,2.85579
487.95000,4.87309,0.92489,2.83290
488.00000,4.86593,0.92722,2.81806
488.05000,4.86059,0.92895,2.81330
488.10000,4.85821,0.92969,2.82344
488.15000,4.85760,0.92988,2.84305
488.20000,4.85698,0.93007,2.86257
488.25000,4.85639,0.93023,2.88180
488.30000,4.85579,0.93040,2.90067
488.35000,4.85508,0.93059,2.90721
488.40000,4.85167,0.93145,2.90012
488.45000,4.84638,0.93278,2.89452
488.50000,4.84326,0.93346,2.89058
488.55000,4.83956,0.93441,2.89028
488.60000,4.83715,0.93498,2.89854
488.65000,4.83600,0.93523,2.90117
488.70000,4.83258,0.93613,2.89245
488.75000,4.82636,0.93782,2.86955
488.80000,4.82010,0.93955,2.85727
488.85000,4.81654,0.94054,2.85824
488.90000,4.81399,0.94127,2.86403
488.95000,4.81236,0.94171,2.87470
489.00000,4.81160,0.94191,2.88991
489.05000,4.81104,0.94206,2.90608
489.10000,4.81049,0.94219,2.92211
489.15000,4.80989,0.94234,2.92612
489.20000,4.80684,0.94309,2.91878
489.25000,4.80089,0.94453,2.89671
489.30000,4.79367,0.94631,2.87578
489.35000,4.78820,0.94773,2.86526
489.40000,4.78571,0.94839,2.87009
489.45000,4.78457,0.94869,2.88234
489.50000,4.78403,0.94884,2.89773
489.55000,4.78350,0.94897,2.91303
489.60000,4.78296,0.94909,2.92814
489.65000,4.78242,0.94920,2.94309
489.70000,4.78189,0.94930,2.95788
489.75000,4.78142,0.94936,2.96548
489.80000,4.77864,0.94994,2.95882
489.85000,4.77337,0.95102,2.93874
489.90000,4.76573,0.95272,2.90690
489.95000,4.75744,0.95473,2.87748
490.00000,4.75054,0.95656,2.85804
490.05000,4.74608,0.95780,2.85175
490.10000,4.74229,0.95886,2.84939
490.15000,4.73886,0.95981,2.84912
490.20000,4.73602,0.96059,2.85222
490.25000,4.73443,0.96105,2.86218
490.30000,4.73368,0.96125,2.87652
490.35000,4.73313,0.96140,2.89197
490.40000,4.73260,0.96153,2.90736
490.45000,4.73206,0.96165,2.92252
490.50000,4.73152,0.96177,2.93752
490.55000,4.73098,0.96188,2.95236
490.60000,4.73045,0.96197,2.96703
490.65000,4.72992,0.96206,2.98152
490.70000,4.72780,0.96268,2.99458
490.75000,4.72235,0.96346,2.99891
490.80000,4.71674,0.96433,2.98237
490.85000,4.70920,0.96567,2.95112
490.90000,4.70049,0.96752,2.91434
490.95000,4.69165,0.96959,2.88247
491.00000,4.68387,0.97166,2.85925
491.05000,4.67645,0.97368,2.83770
491.10000,4.66903,0.97570,2.81669
491.15000,4.66179,0.97775,2.79755
491.20000,4.65483,0.97982,2.78027
491.25000,4.64786,0.98188,2.76300
491.30000,4.64090,0.98394,2.74575
491.35000,4.63395,0.98601,2.72853
491.40000,4.62699,0.98807,2.71134
491.45000,4.62004,0.99012,2.69420
491.50000,4.61308,0.99218,2.67712
491.55000,4.60614,0.99423,2.66016
491.60000,4.59919,0.99628,2.64336
491.65000,4.59224,0.99833,2.62668
491.70000,4.58530,1.00037,2.61018
491.75000,4.57836,1.00242,2.59381
491.80000,4.57142,1.00446,2.57753
491.85000,4.56449,1.00650,2.56173
491.90000,4.55755,1.00854,2.54605
491.95000,4.55062,1.01058,2.53040
492.00000,4.54369,1.01261,2.51500
492.05000,4.53677,1.01465,2.50048
492.10000,4.52999,1.01668,2.49240
492.15000,4.52483,1.01847,2.49577
492.20000,4.52171,1.01993,2.50988
492.25000,4.52056,1.02074,2.53394
492.30000,4.52040,1.02084,2.56287
492.35000,4.52025,1.02094,2.59162
492.40000,4.52009,1.02103,2.62008
492.45000,4.51993,1.02112,2.64823
492.50000,4.51977,1.02121,2.67608
492.55000,4.51960,1.02129,2.70361
492.60000,4.51943,1.02136,2.73082
492.65000,4.51926,1.02143,2.75771
492.70000,4.51909,1.02150,2.78426
492.75000,4.51892,1.02156,2.81049
492.80000,4.51875,1.02162,2.83637
492.85000,4.51857,1.02167,2.86191
492.90000,4.51839,1.02172,2.88711
492.95000,4.51822,1.02177,2.91195
493.00000,4.51804,1.02180,2.93644
493.05000,4.51786,1.02184,2.96057
493.10000,4.51768,1.02187,2.98434
493.15000,4.51749,1.02190,3.00775
493.20000,4.51586,1.02239,3.03038
493.25000,4.50883,1.02328,3.05256
493.30000,4.49887,1.02405,3.07488
493.35000,4.48888,1.02461,3.09683
493.40000,4.47889,1.02495,3.11840
493.45000,4.46889,1.02507,3.13961
493.50000,4.45889,1.02499,-3.12275
493.55000,4.44889,1.02470,-3.10230
493.60000,4.43891,1.02421,-3.08235
493.65000,4.42881,1.02351,-3.06225
493.70000,4.41904,1.02284,-3.05179
493.75000,4.40997,1.02217,-3.06190
493.80000,4.40083,1.02155,-3.08718
493.85000,4.39158,1.02118,-3.11617
493.90000,4.38218,1.02107,-3.13368
493.95000,4.37215,1.02100,-3.13155
494.00000,4.36229,1.02087,-3.12456
494.05000,4.35442,1.02076,-3.12216
494.10000,4.34524,1.02051,-3.10789
494.15000,4.33477,1.02006,-3.08895
494.20000,4.32432,1.01941,-3.07028
494.25000,4.31447,1.01878,-3.06039
494.30000,4.30565,1.01824,-3.07400
494.35000,4.29673,1.01776,-3.10218
494.40000,4.28725,1.01753,-3.12115
494.45000,4.27708,1.01734,-3.11937
494.50000,4.26660,1.01704,-3.10457
494.55000,4.25618,1.01657,-3.08771
494.60000,4.24638,1.01607,-3.07928
494.65000,4.23689,1.01578,-3.08325
494.70000,4.22756,1.01549,-3.09460
494.75000,4.21832,1.01520,-3.11360
494.80000,4.20911,1.01507,3.14060
494.85000,4.19991,1.01523,3.10885
494.90000,4.19051,1.01560,3.08892
494.95000,4.18082,1.01607,3.09334
495.00000,4.17066,1.01649,3.10741
495.05000,4.16053,1.01677,3.12187
495.10000,4.15051,1.01689,3.13587
495.15000,4.14047,1.01689,-3.13379
495.20000,4.13066,1.01675,-3.12061
495.25000,4.12097,1.01648,-3.10747
495.30000,4.11131,1.01609,-3.09441
495.35000,4.10176,1.01567,-3.09153
495.40000,4.09324,1.01535,-3.11111
495.45000,4.08489,1.01521,-3.12810
495.50000,4.07733,1.01515,-3.14050
495.55000,4.07012,1.01520,3.13060
495.60000,4.06150,1.01528,3.13674
495.65000,4.05165,1.01527,-3.13469
495.70000,4.04194,1.01515,-3.12282
495.75000,4.03222,1.01497,-3.12068
495.80000,4.02310,1.01487,-3.13890
495.85000,4.01454,1.01493,3.12722
495.90000,4.00532,1.01505,3.13228
495.95000,3.99548,1.01509,-3.14019
496.00000,3.98575,1.01502,-3.12934
496.05000,3.97602,1.01485,-3.11866
496.10000,3.96621,1.01458,-3.11283
496.15000,3.95731,1.01433,-3.11075
496.20000,3.94786,1.01399,-3.10281
496.25000,3.93793,1.01365,-3.10271
496.30000,3.92873,1.01346,-3.12229
496.35000,3.92018,1.01344,3.12693
496.40000,3.91083,1.01375,3.08692
496.45000,3.90173,1.01446,3.04006
496.50000,3.89328,1.01553,2.98669
496.55000,3.88470,1.01712,2.93083
496.60000,3.87583,1.01928,2.87416
496.65000,3.86681,1.02203,2.81699
496.70000,3.85776,1.02537,2.75950
496.75000,3.84876,1.02929,2.70188
496.80000,3.83987,1.03379,2.64422
496.85000,3.83123,1.03881,2.58687
496.90000,3.82319,1.04412,2.52928
496.95000,3.81517,1.05010,2.47307
497.00000,3.80755,1.05647,2.41767
497.05000,3.80024,1.06330,2.36317
497.10000,3.79331,1.07051,2.30901
497.15000,3.78682,1.07769,2.26275
497.20000,3.78088,1.08454,2.23157
497.25000,3.77713,1.08944,2.21894
497.30000,3.77594,1.09102,2.22627
497.35000,3.77581,1.09118,2.24113
497.40000,3.77568,1.09135,2.25631
497.45000,3.77555,1.09151,2.27164
497.50000,3.77541,1.09166,2.28714
497.55000,3.77527,1.09182,2.30279
497.60000,3.77513,1.09197,2.31857
497.65000,3.77498,1.09212,2.32731
497.70000,3.77439,1.09270,2.31685
497.75000,3.77230,1.09498,2.30803
497.80000,3.77103,1.09637,2.31626
497.85000,3.77079,1.09662,2.32212
497.90000,3.77030,1.09719,2.32139
497.95000,3.77008,1.09743,2.33620
498.00000,3.76997,1.09751,2.33713
498.05000,3.76835,1.09923,2.31753
498.10000,3.76512,1.10281,2.28843
498.15000,3.76124,1.10729,2.26261
498.20000,3.75814,1.11102,2.25733
498.25000,3.75707,1.11236,2.26691
498.30000,3.75688,1.11259,2.28230
498.35000,3.75674,1.11275,2.29833
498.40000,3.75660,1.11290,2.31449
498.45000,3.75646,1.11305,2.33077
498.50000,3.75631,1.11321,2.34716
498.55000,3.75617,1.11331,2.35224
498.60000,3.75466,1.11485,2.33496
498.65000,3.75157,1.11816,2.30843
498.70000,3.74707,1.12328,2.27303
498.75000,3.74223,1.12906,2.24511
498.80000,3.73915,1.13292,2.24261
498.85000,3.73842,1.13387,2.25602
498.90000,3.73812,1.13423,2.27436
498.95000,3.73788,1.13453,2.29263
499.00000,3.73765,1.13480,2.31060
499.05000,3.73748,1.13500,2.32814
499.10000,3.73712,1.13537,2.34689
499.15000,3.73694,1.13556,2.34935
499.20000,3.73529,1.13728,2.33223
499.25000,3.73184,1.14099,2.30531
499.30000,3.72766,1.14565,2.28319
499.35000,3.72480,1.14894,2.28321
499.40000,3.72416,1.14967,2.29783
499.45000,3.72382,1.15006,2.31712
499.50000,3.72367,1.15020,2.31928
499.55000,3.72344,1.15049,2.32147
499.60000,3.72328,1.15067,2.33962
499.65000,3.72311,1.15084,2.34144
499.70000,3.72154,1.15246,2.32394
499.75000,3.71797,1.15636,2.29625
499.80000,3.71381,1.16109,2.27534
499.85000,3.71140,1.16398,2.26272
499.90000,3.70946,1.16632,2.25246
499.95000,3.70865,1.16732,2.26562
500.00000,3.70838,1.16765,2.28455
500.05000,3.70800,1.16802,2.29470
500.10000,3.70692,1.16917,2.28216
500.15000,3.70436,1.17217,2.27496
500.20000,3.70359,1.17308,2.29018
500.25000,3.70339,1.17331,2.30819
500.30000,3.70315,1.17359,2.32615
500.35000,3.70297,1.17374,2.32817
500.40000,3.70132,1.17551,2.31095
500.45000,3.69821,1.17901,2.28142
500.50000,3.69422,1.18384,2.24373
500.55000,3.68981,1.18939,2.21571
500.60000,3.68614,1.19429,2.20851
500.65000,3.68395,1.19726,2.21292
500.70000,3.68351,1.19788,2.23006
500.75000,3.68321,1.19828,2.25128
500.80000,3.68297,1.19856,2.27223
500.85000,3.68262,1.19897,2.29286
500.90000,3.68245,1.19918,2.31324
500.95000,3.68211,1.19957,2.33370
501.00000,3.68182,1.19989,2.35443
501.05000,3.68154,1.20010,2.36134
501.10000,3.68016,1.20142,2.34939
501.15000,3.67730,1.20432,2.34120
501.20000,3.67544,1.20627,2.33813
501.25000,3.67284,1.20900,2.31623
501.30000,3.66930,1.21287,2.30322
501.35000,3.66681,1.21561,2.30759
501.40000,3.66606,1.21643,2.32485
501.45000,3.66565,1.21686,2.34550
501.50000,3.66528,1.21726,2.36572
501.55000,3.66493,1.21754,2.37453
501.60000,3.66385,1.21855,2.36451
501.65000,3.66060,1.22182,2.33803
501.70000,3.65623,1.22652,2.30225
501.75000,3.65149,1.23192,2.27985
501.80000,3.64779,1.23625,2.27560
501.85000,3.64560,1.23882,2.28284
501.90000,3.64477,1.23977,2.30027
501.95000,3.64439,1.24020,2.32205
502.00000,3.64401,1.24062,2.34317
502.05000,3.64380,1.24083,2.36662
502.10000,3.64334,1.24128,2.38811
502.15000,3.64311,1.24141,2.39544
502.20000,3.64161,1.24277,2.38357
502.25000,3.63804,1.24624,2.35678
502.30000,3.63376,1.25058,2.34100
502.35000,3.63046,1.25398,2.34240
502.40000,3.62859,1.25587,2.35390
502.45000,3.62811,1.25635,2.37544
502.50000,3.62762,1.25681,2.39721
502.55000,3.62713,1.25724,2.41909
502.60000,3.62705,1.25724,2.42776
502.65000,3.62578,1.25832,2.41816
502.70000,3.62208,1.26167,2.39188
502.75000,3.61786,1.26566,2.37753
502.80000,3.61455,1.26884,2.37935
502.85000,3.61233,1.27094,2.38846
502.90000,3.61114,1.27203,2.40510
502.95000,3.61064,1.27248,2.42634
503.00000,3.61045,1.27259,2.43315
503.05000,3.60910,1.27375,2.42358
503.10000,3.60534,1.27712,2.39766
503.15000,3.60060,1.28153,2.38058
503.20000,3.59689,1.28505,2.37988
503.25000,3.59375,1.28805,2.38212
503.30000,3.59208,1.28958,2.39556
503.35000,3.59159,1.29002,2.41732
503.40000,3.59110,1.29044,2.43896
503.45000,3.59056,1.29088,2.46067
503.50000,3.59033,1.29097,2.46929
503.55000,3.58862,1.29234,2.45833
503.60000,3.58463,1.29568,2.43257
503.65000,3.58001,1.29969,2.41798
503.70000,3.57660,1.30269,2.41939
503.75000,3.57525,1.30384,2.43492
503.80000,3.57466,1.30434,2.45567
503.85000,3.57407,1.30485,2.47645
503.90000,3.57369,1.30510,2.48648
503.95000,3.57189,1.30648,2.47578
504.00000,3.56778,1.30980,2.45020
504.05000,3.56305,1.31376,2.43525
504.10000,3.55972,1.31656,2.43817
504.15000,3.55867,1.31743,2.45516
504.20000,3.55832,1.31770,2.47701
504.25000,3.55784,1.31806,2.49739
504.30000,3.55778,1.31810,2.50340
504.35000,3.55625,1.31927,2.49384
504.40000,3.55212,1.32248,2.46819
504.45000,3.54736,1.32632,2.45437
504.50000,3.54477,1.32841,2.46100
504.55000,3.54427,1.32880,2.48101
504.60000,3.54376,1.32918,2.50116
504.65000,3.54331,1.32951,2.52047
504.70000,3.54299,1.32969,2.52609
504.75000,3.54078,1.33128,2.51260
504.80000,3.53649,1.33450,2.48591
504.85000,3.53178,1.33815,2.47263
504.90000,3.52906,1.34024,2.47855
504.95000,3.52835,1.34077,2.49642
505.00000,3.52793,1.34107,2.51616
505.05000,3.52749,1.34137,2.53612
505.10000,3.52733,1.34141,2.54496
505.15000,3.52553,1.34266,2.53439
505.20000,3.52129,1.34569,2.50837
505.25000,3.51615,1.34951,2.49065
505.30000,3.51277,1.35204,2.49152
505.35000,3.51200,1.35258,2.50848
505.40000,3.51157,1.35288,2.52791
505.45000,3.51115,1.35315,2.54746
505.50000,3.51078,1.35338,2.56661
505.55000,3.51067,1.35344,2.57005
505.60000,3.50820,1.35508,2.55549
505.65000,3.50372,1.35815,2.52855
505.70000,3.49853,1.36182,2.51260
505.75000,3.49502,1.36433,2.51298
505.80000,3.49348,1.36539,2.52491
505.85000,3.49309,1.36564,2.54408
505.90000,3.49266,1.36592,2.56270
505.95000,3.49221,1.36619,2.58193
506.00000,3.49201,1.36628,2.58930
506.05000,3.49024,1.36740,2.57952
506.10000,3.48587,1.37024,2.55390
506.15000,3.48094,1.37350,2.54063
506.20000,3.47826,1.37522,2.54611
506.25000,3.47760,1.37565,2.56272
506.30000,3.47723,1.37588,2.57992
506.35000,3.47678,1.37615,2.59792
506.40000,3.47649,1.37629,2.60260
506.45000,3.47375,1.37798,2.58732
506.50000,3.46908,1.38098,2.56058
506.55000,3.46390,1.38439,2.54552
506.60000,3.46104,1.38624,2.54953
506.65000,3.46048,1.38655,2.56478
506.70000,3.46019,1.38673,2.58146
506.75000,3.45987,1.38693,2.59791
506.80000,3.45937,1.38722,2.61538
506.85000,3.45880,1.38754,2.63301
506.90000,3.45861,1.38762,2.63764
506.95000,3.45653,1.38884,2.62693
507.00000,3.45184,1.39159,2.60062
507.05000,3.44546,1.39558,2.56761
507.10000,3.43835,1.40022,2.54276
507.15000,3.43317,1.40367,2.53330
507.20000,3.42993,1.40590,2.53395
507.25000,3.42871,1.40662,2.54630
507.30000,3.42830,1.40690,2.56382
507.35000,3.42773,1.40726,2.58210
507.40000,3.42715,1.40761,2.60034
507.45000,3.42657,1.40794,2.61851
507.50000,3.42599,1.40827,2.63663
507.55000,3.42585,1.40831,2.65400
507.60000,3.42557,1.40845,2.67056
507.65000,3.42512,1.40869,2.67289
507.70000,3.42196,1.41033,2.65780
507.75000,3.41689,1.41309,2.63145
507.80000,3.41127,1.41619,2.61648
507.85000,3.40799,1.41796,2.61840
507.90000,3.40748,1.41821,2.63441
507.95000,3.40736,1.41826,2.65055
508.00000,3.40707,1.41841,2.66680
508.05000,3.40678,1.41855,2.68285
508.10000,3.40636,1.41878,2.68469
508.15000,3.40308,1.42050,2.67037
508.20000,3.39762,1.42338,2.64566
508.25000,3.39154,1.42663,2.62538
508.30000,3.38680,1.42921,2.61949
508.35000,3.38450,1.43047,2.62531
508.40000,3.38415,1.43063,2.64086
508.45000,3.38407,1.43066,2.65785
508.50000,3.38372,1.43084,2.67448
508.55000,3.38334,1.43101,2.69136
508.60000,3.38312,1.43111,2.70739
508.65000,3.38270,1.43135,2.71128
508.70000,3.37943,1.43295,2.69793
508.75000,3.37413,1.43557,2.67256
508.80000,3.36808,1.43865,2.65336
508.85000,3.36341,1.44105,2.64813
508.90000,3.36046,1.44257,2.65120
508.95000,3.35968,1.44293,2.66432
509.00000,3.35931,1.44311,2.68103
509.05000,3.35888,1.44330,2.69799
509.10000,3.35861,1.44340,2.71474
509.15000,3.35840,1.44348,2.73178
509.20000,3.35802,1.44364,2.74805
509.25000,3.35769,1.44376,2.75185
509.30000,3.35448,1.44520,2.73881
509.35000,3.34896,1.44766,2.71377
509.40000,3.34282,1.45043,2.69795
509.45000,3.33944,1.45195,2.69914
509.50000,3.33830,1.45241,2.71107
509.55000,3.33791,1.45258,2.72711
509.60000,3.33756,1.45272,2.74312
509.65000,3.33741,1.45278,2.75832
509.70000,3.33713,1.45288,2.77393
509.75000,3.33657,1.45310,2.77661
509.80000,3.33300,1.45457,2.76276
509.85000,3.32731,1.45694,2.73782
509.90000,3.32102,1.45966,2.71437
509.95000,3.31707,1.46137,2.71163
510.00000,3.31608,1.46173,2.72365
510.05000,3.31568,1.46189,2.73945
510.10000,3.31526,1.46205,2.75540
510.15000,3.31506,1.46213,2.77014
510.20000,3.31468,1.46227,2.78570
510.25000,3.31435,1.46240,2.78858
510.30000,3.31169,1.46347,2.77795
510.35000,3.30630,1.46564,2.75281
510.40000,3.30028,1.46805,2.73782
510.45000,3.29711,1.46926,2.73914
510.50000,3.29674,1.46938,2.75346
510.55000,3.29640,1.46951,2.76884
510.60000,3.29619,1.46957,2.78358
510.65000,3.29584,1.46970,2.79822
510.70000,3.29541,1.46984,2.81328
510.75000,3.29493,1.47004,2.81553
510.80000,3.29173,1.47127,2.80196
510.85000,3.28615,1.47333,2.77586
510.90000,3.27971,1.47577,2.75193
510.95000,3.27464,1.47770,2.74330
511.00000,3.27081,1.47921,2.74053
511.05000,3.26886,1.47994,2.74706
511.10000,3.26809,1.48021,2.75994
511.15000,3.26770,1.48037,2.77482
511.20000,3.26721,1.48053,2.79036
511.25000,3.26670,1.48071,2.80576
511.30000,3.26636,1.48082,2.82028
511.35000,3.26609,1.48090,2.83569
511.40000,3.26570,1.48100,2.85091
511.45000,3.26543,1.48105,2.85554
511.50000,3.26312,1.48184,2.84810
511.55000,3.25783,1.48363,2.82606
511.60000,3.25039,1.48618,2.79450
511.65000,3.24259,1.48900,2.76573
511.70000,3.23645,1.49136,2.75020
511.75000,3.23431,1.49212,2.75578
511.80000,3.23376,1.49234,2.77094
511.85000,3.23319,1.49255,2.78635
511.90000,3.23261,1.49276,2.80168
511.95000,3.23204,1.49295,2.81691
512.00000,3.23146,1.49314,2.83205
512.05000,3.23089,1.49332,2.84709
512.10000,3.23031,1.49348,2.86203
512.15000,3.22973,1.49364,2.87686
512.20000,3.22928,1.49375,2.89132
512.25000,3.22883,1.49392,2.89488
512.30000,3.22562,1.49485,2.88331
512.35000,3.21971,1.49652,2.85788
512.40000,3.21329,1.49839,2.84175
512.45000,3.20978,1.49936,2.84076
512.50000,3.20767,1.49990,2.84609
512.55000,3.20721,1.50002,2.86006
512.60000,3.20675,1.50014,2.87367
512.65000,3.20621,1.50028,2.88757
512.70000,3.20573,1.50039,2.90104
512.75000,3.20522,1.50051,2.91458
512.80000,3.20475,1.50066,2.91702
512.85000,3.20161,1.50149,2.90570
512.90000,3.19581,1.50298,2.88051
512.95000,3.18898,1.50485,2.86003
513.00000,3.18424,1.50615,2.85160
513.05000,3.18279,1.50653,2.85969
513.10000,3.18226,1.50668,2.87296
513.15000,3.18173,1.50682,2.88618
513.20000,3.18127,1.50694,2.89962
513.25000,3.18075,1.50706,2.91283
513.30000,3.18029,1.50715,2.92614
513.35000,3.18002,1.50720,2.94042
513.40000,3.17987,1.50725,2.94470
513.45000,3.17758,1.50778,2.93761
513.50000,3.17260,1.50892,2.91668
513.55000,3.16594,1.51041,2.89648
513.60000,3.16105,1.51158,2.88594
513.65000,3.15924,1.51194,2.89110
513.70000,3.15863,1.51209,2.90288
513.75000,3.15810,1.51221,2.91527
513.80000,3.15758,1.51233,2.92766
513.85000,3.15706,1.51243,2.93997
513.90000,3.15653,1.51253,2.95219
513.95000,3.15601,1.51263,2.96433
514.00000,3.15557,1.51273,2.96612
514.05000,3.15214,1.51349,2.95357
514.10000,3.14606,1.51474,2.92696
514.15000,3.13904,1.51634,2.90387
514.20000,3.13389,1.51749,2.89137
514.25000,3.13141,1.51808,2.89262
514.30000,3.12992,1.51845,2.89943
514.35000,3.12923,1.51861,2.91048
514.40000,3.12873,1.51872,2.92261
514.45000,3.12822,1.51883,2.93473
514.50000,3.12772,1.51893,2.94671
514.55000,3.12721,1.51903,2.95861
514.60000,3.12672,1.51912,2.97045
514.65000,3.12622,1.51920,2.98230
514.70000,3.12573,1.51928,2.99415
514.75000,3.12524,1.51936,3.00600
514.80000,3.12471,1.51947,3.00698
514.85000,3.12185,1.51996,2.99699
514.90000,3.11616,1.52091,2.97308
514.95000,3.10919,1.52208,2.95744
515.00000,3.10288,1.52313,2.95097
515.05000,3.10081,1.52338,2.95336
515.10000,3.09973,1.52357,2.96102
515.15000,3.09924,1.52365,2.97184
515.20000,3.09878,1.52373,2.98281
515.25000,3.09831,1.52380,2.99350
515.30000,3.09621,1.52439,3.00362
515.35000,3.08757,1.52566,3.01355
515.40000,3.07738,1.52691,3.02418
515.45000,3.06718,1.52806,3.03472
515.50000,3.05697,1.52910,3.04513
515.55000,3.04676,1.53003,3.05541
515.60000,3.03653,1.53086,3.06556
515.65000,3.02631,1.53159,3.07557
515.70000,3.01608,1.53221,3.08541
515.75000,3.00585,1.53274,3.09510
515.80000,2.99562,1.53316,3.10459
515.85000,2.98539,1.53349,3.11386
515.90000,2.97545,1.53367,3.11748
515.95000,2.96722,1.53383,3.11363
516.00000,2.96005,1.53404,3.10337
516.05000,2.95473,1.53429,3.08370
516.10000,2.94910,1.53466,3.06421
516.15000,2.94308,1.53524,3.03055
516.20000,2.93637,1.53596,2.99973
516.25000,2.92948,1.53688,2.98376
516.30000,2.92189,1.53822,2.97936
516.35000,2.91216,1.53982,2.98491
516.40000,2.90229,1.54135,2.99042
516.45000,2.89306,1.54258,2.98475
516.50000,2.88622,1.54365,2.97379
516.55000,2.87942,1.54479,2.95846
516.60000,2.87325,1.54604,2.93775
516.65000,2.86576,1.54759,2.91532
516.70000,2.85986,1.54877,2.88286
516.75000,2.85906,1.54890,2.84407
516.80000,2.85901,1.54891,2.79840
516.85000,2.85897,1.54893,2.75151
516.90000,2.85892,1.54895,2.70316
516.95000,2.85886,1.54898,2.65233
517.00000,2.85880,1.54902,2.59930
517.05000,2.85872,1.54907,2.54466
517.10000,2.85862,1.54914,2.48898
517.15000,2.85852,1.54922,2.43280
517.20000,2.85841,1.54932,2.37657
517.25000,2.85830,1.54943,2.32036
517.30000,2.85819,1.54956,2.26413
517.35000,2.85807,1.54971,2.20794
517.40000,2.85795,1.54988,2.15183
517.45000,2.85783,1.55007,2.09583
517.50000,2.85772,1.55029,2.04012
517.55000,2.85761,1.55051,1.98484
517.60000,2.85751,1.55075,1.93004
517.65000,2.85743,1.55099,1.87575
517.70000,2.85736,1.55124,1.82199
517.75000,2.85730,1.55151,1.76869
517.80000,2.85725,1.55179,1.71585
517.85000,2.85722,1.55204,1.66331
517.90000,2.85720,1.55236,1.61142
517.95000,2.85719,1.55270,1.55999
518.00000,2.85721,1.55307,1.50905
518.05000,2.85724,1.55346,1.45860
518.10000,2.85730,1.55388,1.40866
518.15000,2.85738,1.55432,1.35929
518.20000,2.85749,1.55476,1.31052
518.25000,2.85762,1.55522,1.26237
518.30000,2.85778,1.55567,1.21487
518.35000,2.85796,1.55612,1.16804
518.40000,2.85816,1.55656,1.12190
518.45000,2.85838,1.55699,1.07645
518.50000,2.85862,1.55742,1.03169
518.55000,2.85888,1.55784,0.98758
518.60000,2.85918,1.55827,0.94412
518.65000,2.85951,1.55870,0.90132
518.70000,2.85987,1.55914,0.85919
518.75000,2.86027,1.55958,0.81771
518.80000,2.86071,1.56003,0.77690
518.85000,2.86119,1.56048,0.73676
518.90000,2.86170,1.56093,0.69733
518.95000,2.86422,1.56296,0.65974
519.00000,2.87080,1.56788,0.62619
519.05000,2.87843,1.57318,0.58781
519.10000,2.88657,1.57838,0.54979
519.15000,2.89490,1.58327,0.51274
519.20000,2.90347,1.58788,0.47669
519.25000,2.91178,1.59197,0.43995
519.30000,2.92050,1.59589,0.40497
519.35000,2.92976,1.59968,0.37258
519.40000,2.93913,1.60317,0.34102
519.45000,2.94815,1.60620,0.30845
519.50000,2.95772,1.60910,0.27845
519.55000,2.96738,1.61170,0.24926
519.60000,2.97710,1.61403,0.22086
519.65000,2.98688,1.61609,0.19319
519.70000,2.99672,1.61787,0.16623
519.75000,3.00661,1.61940,0.14005
519.80000,3.01653,1.62067,0.11463
519.85000,3.02647,1.62169,0.08995
519.90000,3.03644,1.62247,0.06605
519.95000,3.04643,1.62301,0.04297
520.00000,3.05642,1.62333,0.02066
520.05000,3.06642,1.62343,-0.00088
520.10000,3.07642,1.62331,-0.02161
520.15000,3.08642,1.62310,-0.04232
520.20000,3.09243,1.62303,-0.06262
520.25000,3.09278,1.62304,-0.08245
520.30000,3.09240,1.62307,-0.10081
520.35000,3.09211,1.62310,-0.11847
520.40000,3.09210,1.62309,-0.13483
520.45000,3.09218,1.62308,-0.15047
520.50000,3.09207,1.62309,-0.16662
520.55000,3.09177,1.62313,-0.18315
520.60000,3.09149,1.62316,-0.19931
520.65000,3.09123,1.62319,-0.21504
520.70000,3.09099,1.62322,-0.23035
520.75000,3.09079,1.62325,-0.24518
520.80000,3.09059,1.62328,-0.25954
520.85000,3.09044,1.62330,-0.27342
520.90000,3.09031,1.62331,-0.28691
520.95000,3.09022,1.62332,-0.29997
521.00000,3.09016,1.62332,-0.31254
521.05000,3.09014,1.62331,-0.32458
521.10000,3.09014,1.62328,-0.33605
521.15000,3.09018,1.62325,-0.34695
521.20000,3.09023,1.62320,-0.35728
521.25000,3.09033,1.62315,-0.36705
521.30000,3.09045,1.62308,-0.37630
521.35000,3.09061,1.62300,-0.38502
521.40000,3.09081,1.62289,-0.39323
521.45000,3.09107,1.62276,-0.40092
521.50000,3.09151,1.62257,-0.40760
521.55000,3.09205,1.62233,-0.41365
521.60000,3.09266,1.62206,-0.41935
521.65000,3.09329,1.62178,-0.42476
521.70000,3.09591,1.62032,-0.42970
521.75000,3.09982,1.61874,-0.43225
521.80000,3.10057,1.61841,-0.43605
521.85000,3.10128,1.61809,-0.43941
521.90000,3.10382,1.61658,-0.44202
521.95000,3.10834,1.61469,-0.43963
522.00000,3.10931,1.61428,-0.44102
522.05000,3.11006,1.61392,-0.44278
522.10000,3.11087,1.61354,-0.44433
522.15000,3.11347,1.61205,-0.44529
522.20000,3.11770,1.61022,-0.44240
522.25000,3.12059,1.60856,-0.44324
522.30000,3.12644,1.60577,-0.43805
522.35000,3.13242,1.60315,-0.43043
522.40000,3.13397,1.60256,-0.42752
522.45000,3.13493,1.60212,-0.42639
522.50000,3.13595,1.60166,-0.42506
522.55000,3.13701,1.60118,-0.42349
522.60000,3.13811,1.60068,-0.42168
522.65000,3.13923,1.60018,-0.41963
522.70000,3.14038,1.59967,-0.41736
522.75000,3.14155,1.59915,-0.41486
522.80000,3.14275,1.59863,-0.41215
522.85000,3.14397,1.59809,-0.40923
522.90000,3.14522,1.59756,-0.40610
522.95000,3.14649,1.59701,-0.40279
523.00000,3.14781,1.59645,-0.39931
523.05000,3.14920,1.59587,-0.39569
523.10000,3.15069,1.59525,-0.39192
523.15000,3.15229,1.59459,-0.38801
523.20000,3.15397,1.59391,-0.38394
523.25000,3.15572,1.59321,-0.37972
523.30000,3.15753,1.59249,-0.37534
523.35000,3.15941,1.59175,-0.37083
523.40000,3.16139,1.59099,-0.36618
523.45000,3.16350,1.59019,-0.36142
523.50000,3.16574,1.58934,-0.35654
523.55000,3.16812,1.58846,-0.35157
523.60000,3.17061,1.58756,-0.34650
523.65000,3.17316,1.58665,-0.34136
523.70000,3.17572,1.58574,-0.33612
523.75000,3.17830,1.58485,-0.33080
523.80000,3.18088,1.58397,-0.32541
523.85000,3.18346,1.58311,-0.31994
523.90000,3.18608,1.58225,-0.31442
523.95000,3.18877,1.58138,-0.30887
524.00000,3.19157,1.58050,-0.30331
524.05000,3.19450,1.57959,-0.29772
524.10000,3.19757,1.57865,-0.29204
524.15000,3.20078,1.57770,-0.28631
524.20000,3.20414,1.57672,-0.28050
524.25000,3.20759,1.57574,-0.27469
524.30000,3.21109,1.57476,-0.26887
524.35000,3.21464,1.57380,-0.26291
524.40000,3.21818,1.57286,-0.25695
524.45000,3.22179,1.57193,-0.25069
524.50000,3.22538,1.57102,-0.24454
524.55000,3.22899,1.57013,-0.23835
524.60000,3.23261,1.56926,-0.23212
524.65000,3.23819,1.56764,-0.22660
524.70000,3.24776,1.56539,-0.22066
524.75000,3.25766,1.56320,-0.21465
524.80000,3.26758,1.56107,-0.20871
524.85000,3.27751,1.55900,-0.20287
524.90000,3.28745,1.55698,-0.19715
524.95000,3.29740,1.55503,-0.19153
525.00000,3.30736,1.55312,-0.18601
525.05000,3.31733,1.55127,-0.18061
525.10000,3.32732,1.54948,-0.17529
525.15000,3.33730,1.54773,-0.17010
525.20000,3.34728,1.54604,-0.16499
525.25000,3.35727,1.54440,-0.16002
525.30000,3.36723,1.54281,-0.15503
525.35000,3.37720,1.54127,-0.15007
525.40000,3.38721,1.53977,-0.14544
525.45000,3.39720,1.53833,-0.14089
525.50000,3.40718,1.53694,-0.13659
525.55000,3.41715,1.53558,-0.13224
525.60000,3.42711,1.53428,-0.12811
525.65000,3.43707,1.53302,-0.12444
525.70000,3.44702,1.53179,-0.12110
525.75000,3.45696,1.53060,-0.11740
525.80000,3.46690,1.52945,-0.11359
525.85000,3.47685,1.52833,-0.11005
525.90000,3.48679,1.52725,-0.10701
525.95000,3.49675,1.52619,-0.10430
526.00000,3.50668,1.52517,-0.10193
526.05000,3.51659,1.52417,-0.09930
526.10000,3.52648,1.52320,-0.09682
526.15000,3.53638,1.52225,-0.09452
526.20000,3.54628,1.52132,-0.09240
526.25000,3.55619,1.52041,-0.09047
526.30000,3.56611,1.51952,-0.08870
526.35000,3.57603,1.51864,-0.08710
526.40000,3.58596,1.51778,-0.08565
526.45000,3.59589,1.51694,-0.08436
526.50000,3.60583,1.51610,-0.08324
526.55000,3.61577,1.51528,-0.08229
526.60000,3.62572,1.51446,-0.08155
526.65000,3.63567,1.51365,-0.08104
526.70000,3.64563,1.51284,-0.08079
526.75000,3.65560,1.51204,-0.08081
526.80000,3.66557,1.51123,-0.08110
526.85000,3.67555,1.51041,-0.08164
526.90000,3.68553,1.50959,-0.08239
526.95000,3.69550,1.50877,-0.08334
527.00000,3.70545,1.50793,-0.08453
527.05000,3.71539,1.50707,-0.08603
527.10000,3.72530,1.50620,-0.08793
527.15000,3.73521,1.50530,-0.09023
527.20000,3.74510,1.50438,-0.09298
527.25000,3.75498,1.50342,-0.09628
527.30000,3.76483,1.50244,-0.10025
527.35000,3.77466,1.50141,-0.10499
527.40000,3.78446,1.50034,-0.11057
527.45000,3.79425,1.49922,-0.11687
527.50000,3.80400,1.49803,-0.12413
527.55000,3.81372,1.49677,-0.13210
527.60000,3.82341,1.49543,-0.14101
527.65000,3.83306,1.49401,-0.15087
527.70000,3.84266,1.49249,-0.16163
527.75000,3.85203,1.49097,-0.17232
527.80000,3.85685,1.49060,-0.18396
527.85000,3.85684,1.49060,-0.19998
527.90000,3.85655,1.49066,-0.21935
527.95000,3.85644,1.49068,-0.23774
528.00000,3.85632,1.49072,-0.25597
528.05000,3.85631,1.49071,-0.27337
528.10000,3.85639,1.49069,-0.29013
528.15000,3.85648,1.49066,-0.30669
528.20000,3.85657,1.49063,-0.32307
528.25000,3.85665,1.49060,-0.33929
528.30000,3.85674,1.49057,-0.35532
528.35000,3.85682,1.49054,-0.37117
528.40000,3.85691,1.49051,-0.38683
528.45000,3.85699,1.49047,-0.40229
528.50000,3.85708,1.49044,-0.41753
528.55000,3.85716,1.49040,-0.43230
528.60000,3.85877,1.48918,-0.44746
528.65000,3.86465,1.48527,-0.46199
528.70000,3.87311,1.48088,-0.47394
528.75000,3.88175,1.47639,-0.48437
528.80000,3.89035,1.47181,-0.49460
528.85000,3.89891,1.46714,-0.50444
528.90000,3.90744,1.46238,-0.51387
528.95000,3.91593,1.45754,-0.52298
529.00000,3.92437,1.45261,-0.53198
529.05000,3.93276,1.44759,-0.54095
529.10000,3.94111,1.44251,-0.55039
529.15000,3.94943,1.43735,-0.56033
529.20000,3.95770,1.43212,-0.57028
529.25000,3.96591,1.42679,-0.58087
529.30000,3.97405,1.42139,-0.59259
529.35000,3.98207,1.41591,-0.60558
529.40000,3.98999,1.41034,-0.62093
529.45000,3.99783,1.40471,-0.63587
529.50000,4.00428,1.40050,-0.65137
529.55000,4.00608,1.39972,-0.66974
529.60000,4.00624,1.39969,-0.69254
529.65000,4.00601,1.39990,-0.71442
529.70000,4.00765,1.39830,-0.73584
529.75000,4.01374,1.39261,-0.75253
529.80000,4.02089,1.38585,-0.76264
529.85000,4.02802,1.37900,-0.77212
529.90000,4.03507,1.37208,-0.78141
529.95000,4.04202,1.36513,-0.79013
530.00000,4.04889,1.35814,-0.79866
530.05000,4.05571,1.35108,-0.80694
530.10000,4.06247,1.34397,-0.81502
530.15000,4.06916,1.33682,-0.82322
530.20000,4.07577,1.32961,-0.83222
530.25000,4.08228,1.32236,-0.84282
530.30000,4.08867,1.31510,-0.85576
530.35000,4.09490,1.30781,-0.87143
530.40000,4.10099,1.30046,-0.88972
530.45000,4.10699,1.29305,-0.90831
530.50000,4.10875,1.29015,-0.92564
530.55000,4.10850,1.29046,-0.94684
530.60000,4.11014,1.28850,-0.96731
530.65000,4.11493,1.28151,-0.98362
530.70000,4.12026,1.27339,-0.99432
530.75000,4.12554,1.26519,-1.00398
530.80000,4.13076,1.25691,-1.01308
530.85000,4.13591,1.24857,-1.02165
530.90000,4.14099,1.24019,-1.02967
530.95000,4.14601,1.23177,-1.03739
531.00000,4.15095,1.22332,-1.04605
531.05000,4.15578,1.21487,-1.05632
531.10000,4.16050,1.20641,-1.06871
531.15000,4.16508,1.19793,-1.08345
531.20000,4.16949,1.18944,-1.10080
531.25000,4.17371,1.18093,-1.12091
531.30000,4.17784,1.17238,-1.14127
531.35000,4.17838,1.16893,-1.16090
531.40000,4.17815,1.16945,-1.18834
531.45000,4.17795,1.16996,-1.21444
531.50000,4.17779,1.17042,-1.23762
531.55000,4.17886,1.16872,-1.25928
531.60000,4.18138,1.16184,-1.27798
531.65000,4.18411,1.15261,-1.28993
531.70000,4.18677,1.14322,-1.29928
531.75000,4.18943,1.13361,-1.30006
531.80000,4.19197,1.12447,-1.27858
531.85000,4.19414,1.11726,-1.23683
531.90000,4.19674,1.11026,-1.18899
531.95000,4.19998,1.10276,-1.13823
532.00000,4.20382,1.09500,-1.08490
532.05000,4.20832,1.08700,-1.03039
532.10000,4.21338,1.07908,-0.97451
532.15000,4.21900,1.07130,-0.91786
532.20000,4.22518,1.06368,-0.86090
532.25000,4.23183,1.05637,-0.80346
532.30000,4.23896,1.04940,-0.74582
532.35000,4.24649,1.04283,-0.68856
532.40000,4.25439,1.03670,-0.63123
532.45000,4.26263,1.03103,-0.57442
532.50000,4.27117,1.02584,-0.51755
532.55000,4.28000,1.02114,-0.46171
532.60000,4.28907,1.01694,-0.40589
532.65000,4.29836,1.01324,-0.35041
532.70000,4.30785,1.01007,-0.29537
532.75000,4.31749,1.00742,-0.24093
532.80000,4.32726,1.00530,-0.18688
532.85000,4.33710,1.00372,-0.13206
532.90000,4.34704,1.00267,-0.07770
532.95000,4.35703,1.00217,-0.02378
533.00000,4.36703,1.00220,0.02998
533.05000,4.37701,1.00276,0.08221
533.10000,4.38681,1.00344,0.12883
533.15000,4.39634,1.00386,0.16744
533.20000,4.40529,1.00375,0.18378
533.25000,4.41382,1.00326,0.18260
533.30000,4.42213,1.00258,0.17277
533.35000,4.42988,1.00171,0.15637
533.40000,4.43660,1.00069,0.13537
533.45000,4.44227,0.99986,0.10987
533.50000,4.44692,0.99930,0.08003
533.55000,4.45007,0.99906,0.04413
533.60000,4.45036,0.99906,-0.00388
533.65000,4.45058,0.99907,-0.03730
533.70000,4.45177,0.99902,-0.04202
533.75000,4.45476,0.99888,-0.02514
533.80000,4.46056,0.99881,0.00367
533.85000,4.46784,0.99897,0.04067
533.90000,4.47649,0.99950,0.08120
533.95000,4.48558,1.00021,0.11771
534.00000,4.49448,1.00077,0.13520
534.05000,4.50316,1.00117,0.13294
534.10000,4.50967,1.00100,0.11051
534.15000,4.51307,1.00072,0.07408
534.20000,4.51361,1.00070,0.02529
534.25000,4.51383,1.00070,-0.01180
534.30000,4.51424,1.00069,-0.01081
534.35000,4.51681,1.00067,0.00299
534.40000,4.52229,1.00076,0.03023
534.45000,4.52998,1.00114,0.06534
534.50000,4.53872,1.00189,0.10581
534.55000,4.54734,1.00276,0.14281
534.60000,4.55577,1.00350,0.15907
534.65000,4.56404,1.00412,0.15553
534.70000,4.57175,1.00456,0.13606
534.75000,4.57623,1.00468,0.10146
534.80000,4.57658,1.00468,0.04972
534.85000,4.57669,1.00468,-0.00353
534.90000,4.57680,1.00468,-0.05673
534.95000,4.57699,1.00462,-0.09879
535.00000,4.57763,1.00422,-0.11707
535.05000,4.57951,1.00371,-0.10836
535.10000,4.58515,1.00309,-0.08442
535.15000,4.59279,1.00257,-0.05190
535.20000,4.60109,1.00230,-0.01243
535.25000,4.61072,1.00239,0.02991
535.30000,4.62069,1.00289,0.07202
535.35000,4.62990,1.00361,0.10209
535.40000,4.63862,1.00410,0.10887
535.45000,4.64711,1.00444,0.09541
535.50000,4.65373,1.00462,0.06607
535.55000,4.65726,1.00474,0.02228
535.60000,4.65881,1.00475,-0.03065
535.65000,4.65931,1.00473,-0.07685
535.70000,4.66021,1.00463,-0.10015
535.75000,4.66141,1.00420,-0.10113
535.80000,4.66431,1.00350,-0.08840
535.85000,4.67076,1.00288,-0.06210
535.90000,4.67896,1.00252,-0.02592
535.95000,4.68829,1.00246,0.01458
536.00000,4.69743,1.00279,0.05957
536.05000,4.70624,1.00352,0.10593
536.10000,4.71502,1.00446,0.14649
536.15000,4.72384,1.00546,0.17078
536.20000,4.73249,1.00634,0.17605
536.25000,4.74094,1.00706,0.16589
536.30000,4.74869,1.00768,0.13737
536.35000,4.75415,1.00823,0.09800
536.40000,4.75719,1.00846,0.04895
536.45000,4.75786,1.00848,-0.00876
536.50000,4.75798,1.00846,-0.06046
536.55000,4.75834,1.00815,-0.09646
536.60000,4.75883,1.00771,-0.12336
536.65000,4.75938,1.00718,-0.14221
536.70000,4.76002,1.00655,-0.15337
536.75000,4.76077,1.00579,-0.15736
536.80000,4.76174,1.00490,-0.15427
536.85000,4.76384,1.00391,-0.14458
536.90000,4.76767,1.00273,-0.12761
536.95000,4.77338,1.00136,-0.10306
537.00000,4.78201,1.00048,-0.06564
537.05000,4.79197,1.00004,-0.02355
537.10000,4.80197,1.00001,0.01861
537.15000,4.81197,1.00041,0.06061
537.20000,4.82184,1.00093,0.09656
537.25000,4.83175,1.00153,0.11767
537.30000,4.84160,1.00209,0.12549
537.35000,4.85144,1.00266,0.13193
537.40000,4.86129,1.00323,0.13666
537.45000,4.87114,1.00381,0.13925
537.50000,4.88099,1.00439,0.13822
537.55000,4.89085,1.00501,0.12592
537.60000,4.90021,1.00565,0.09885
537.65000,4.90732,1.00618,0.05996
537.70000,4.91201,1.00636,0.01059
537.75000,4.91421,1.00636,-0.04872
537.80000,4.91443,1.00634,-0.11536
537.85000,4.91455,1.00631,-0.17237
537.90000,4.91477,1.00614,-0.21211
537.95000,4.91521,1.00571,-0.23744
538.00000,4.91573,1.00518,-0.25433
538.05000,4.91632,1.00456,-0.26333
538.10000,4.91727,1.00388,-0.26482
538.15000,4.91939,1.00309,-0.26063
538.20000,4.92284,1.00214,-0.25050
538.25000,4.92771,1.00091,-0.23397
538.30000,4.93431,0.99939,-0.20983
538.35000,4.94310,0.99756,-0.17695
538.40000,4.95297,0.99598,-0.13953
538.45000,4.96290,0.99478,-0.10192
538.50000,4.97286,0.99395,-0.06420
538.55000,4.98135,0.99351,-0.04709
538.60000,4.98717,0.99321,-0.06370
538.65000,4.99118,0.99288,-0.10376
538.70000,4.99318,0.99263,-0.15718
538.75000,4.99346,0.99258,-0.21776
538.80000,4.99358,0.99253,-0.26841
538.85000,4.99374,0.99238,-0.29847
538.90000,4.99427,0.99196,-0.30294
538.95000,4.99719,0.99097,-0.29348
539.00000,5.00197,0.98956,-0.27558
539.05000,5.00873,0.98772,-0.24904
539.10000,5.01770,0.98559,-0.21379
539.15000,5.02751,0.98366,-0.17526
539.20000,5.03739,0.98210,-0.13665
539.25000,5.04711,0.98084,-0.10691
539.30000,5.05697,0.97951,-0.09142
539.35000,5.06620,0.97898,-0.09535
539.40000,5.07303,0.97905,-0.12813
539.45000,5.07614,0.97881,-0.17787
539.50000,5.07690,0.97866,-0.23737
539.55000,5.07701,0.97863,-0.29940
539.60000,5.07712,0.97857,-0.35132
539.65000,5.07729,0.97841,-0.38404
539.70000,5.07884,0.97749,-0.38496
539.75000,5.08443,0.97525,-0.36491
539.80000,5.09186,0.97251,-0.33686
539.85000,5.10033,0.96967,-0.30189
539.90000,5.10987,0.96689,-0.26555
539.95000,5.11954,0.96446,-0.22911
540.00000,5.12857,0.96263,-0.20528
540.05000,5.13726,0.96115,-0.19908
540.10000,5.14578,0.95987,-0.20561
540.15000,5.15297,0.95903,-0.23750
540.20000,5.15797,0.95794,-0.28047
540.25000,5.16047,0.95717,-0.33414
540.30000,5.16123,0.95702,-0.38495
540.35000,5.16204,0.95677,-0.41504
540.40000,5.16412,0.95572,-0.41397
540.45000,5.16966,0.95327,-0.39472
540.50000,5.17656,0.95050,-0.36486
540.55000,5.18503,0.94740,-0.32909
540.60000,5.19446,0.94437,-0.29377
540.65000,5.20362,0.94176,-0.26968
540.70000,5.21258,0.93950,-0.26751
540.75000,5.22115,0.93758,-0.28321
540.80000,5.22719,0.93621,-0.32119
540.85000,5.23084,0.93492,-0.37003
540.90000,5.23185,0.93450,-0.43010
540.95000,5.23198,0.93442,-0.48272
541.00000,5.23218,0.93420,-0.51600
541.05000,5.23327,0.93329,-0.52327
541.10000,5.23790,0.93058,-0.50860
541.15000,5.24501,0.92668,-0.48241
541.20000,5.25361,0.92230,-0.44981
541.25000,5.26248,0.91819,-0.41506
541.30000,5.27167,0.91432,-0.38104
541.35000,5.28022,0.91123,-0.35842
541.40000,5.28810,0.90886,-0.35980
541.45000,5.29393,0.90725,-0.38965
541.50000,5.29643,0.90617,-0.44133
541.55000,5.29702,0.90588,-0.50174
541.60000,5.29714,0.90578,-0.55279
541.65000,5.29738,0.90553,-0.58953
541.70000,5.29770,0.90516,-0.61611
541.75000,5.29811,0.90468,-0.63246
541.80000,5.29865,0.90404,-0.63903
541.85000,5.29958,0.90317,-0.63852
541.90000,5.30316,0.90046,-0.62431
541.95000,5.30976,0.89579,-0.59536
542.00000,5.31804,0.89040,-0.55916
542.05000,5.32661,0.88526,-0.52222
542.10000,5.33537,0.88043,-0.48516
542.15000,5.34430,0.87593,-0.44777
542.20000,5.35270,0.87220,-0.42661
542.25000,5.35883,0.86979,-0.43789
542.30000,5.36235,0.86812,-0.47564
542.35000,5.36391,0.86728,-0.52634
542.40000,5.36409,0.86717,-0.58337
542.45000,5.36422,0.86705,-0.62982
542.50000,5.36465,0.86658,-0.65825
542.55000,5.36524,0.86591,-0.67555
542.60000,5.36600,0.86505,-0.68283
542.65000,5.36725,0.86381,-0.67984
542.70000,5.37164,0.86029,-0.65891
542.75000,5.37808,0.85545,-0.62772
542.80000,5.38618,0.84981,-0.58929
542.85000,5.39460,0.84441,-0.55027
542.90000,5.40322,0.83935,-0.51088
542.95000,5.41164,0.83482,-0.48736
543.00000,5.41858,0.83118,-0.49450
543.05000,5.42212,0.82920,-0.53090
543.10000,5.42333,0.82846,-0.57972
543.15000,5.42345,0.82838,-0.63371
543.20000,5.42356,0.82827,-0.67588
543.25000,5.42367,0.82810,-0.70116
543.30000,5.42406,0.82762,-0.71009
543.35000,5.42471,0.82696,-0.70840
543.40000,5.42642,0.82551,-0.69984
543.45000,5.42941,0.82302,-0.68410
543.50000,5.43424,0.81918,-0.65891
543.55000,5.44125,0.81394,-0.62329
543.60000,5.44949,0.80826,-0.58241
543.65000,5.45754,0.80312,-0.55750
543.70000,5.46397,0.79915,-0.56474
543.75000,5.46710,0.79711,-0.59965
543.80000,5.46788,0.79656,-0.64662
543.85000,5.46798,0.79645,-0.68524
543.90000,5.46804,0.79634,-0.70992
543.95000,5.46802,0.79628,-0.72394
544.00000,5.46794,0.79626,-0.72751
544.05000,5.46852,0.79574,-0.72253
544.10000,5.47027,0.79422,-0.71092
544.15000,5.47357,0.79142,-0.69074
544.20000,5.47880,0.78722,-0.66067
544.25000,5.48617,0.78172,-0.62065
544.30000,5.49443,0.77608,-0.57711
544.35000,5.50262,0.77090,-0.54965
544.40000,5.51003,0.76653,-0.54848
544.45000,5.51555,0.76314,-0.56918
544.50000,5.51864,0.76110,-0.60226
544.55000,5.51936,0.76060,-0.64702
544.60000,5.51946,0.76051,-0.69490
544.65000,5.51956,0.76040,-0.73141
544.70000,5.51967,0.76022,-0.74913
544.75000,5.52070,0.75918,-0.74447
544.80000,5.52504,0.75525,-0.71953
544.85000,5.53096,0.75023,-0.68666
544.90000,5.53808,0.74462,-0.64857
544.95000,5.54558,0.73902,-0.61960
545.00000,5.55312,0.73345,-0.61095
545.05000,5.56034,0.72826,-0.61968
545.10000,5.56717,0.72333,-0.64907
545.15000,5.57309,0.71864,-0.69316
545.20000,5.57933,0.71320,-0.74155
545.25000,5.58563,0.70712,-0.79316
545.30000,5.59193,0.70037,-0.84651
545.35000,5.59726,0.69399,-0.90569
545.40000,5.60132,0.68846,-0.97046
545.45000,5.60491,0.68311,-1.02491
545.50000,5.60869,0.67736,-1.04816
545.55000,5.61226,0.67125,-1.04199
545.60000,5.61514,0.66625,-1.01037
545.65000,5.61658,0.66408,-0.95559
545.70000,5.61779,0.66239,-0.90332
545.75000,5.61895,0.66082,-0.87470
545.80000,5.61963,0.65983,-0.88147
545.85000,5.62084,0.65834,-0.91173
545.90000,5.62341,0.65485,-0.95456
545.95000,5.62630,0.65055,-1.00531
546.00000,5.62885,0.64626,-1.06463
546.05000,5.63108,0.64191,-1.12985
546.10000,5.63308,0.63744,-1.18579
546.15000,5.63430,0.63424,-1.22288
546.20000,5.63517,0.63170,-1.25540
546.25000,5.63658,0.62848,-1.25959
546.30000,5.63778,0.62484,-1.23506
546.35000,5.63958,0.61999,-1.19742
546.40000,5.64162,0.61509,-1.15006
546.45000,5.64360,0.61099,-1.09119
546.50000,5.64577,0.60678,-1.03974
546.55000,5.64781,0.60277,-1.01105
546.60000,5.64927,0.59943,-1.01709
546.65000,5.65059,0.59641,-1.04819
546.70000,5.65252,0.59288,-1.09543
546.75000,5.65437,0.58903,-1.15194
546.80000,5.65590,0.58527,-1.21643
546.85000,5.65707,0.58173,-1.28725
546.90000,5.65786,0.57860,-1.36361
546.95000,5.65835,0.57571,-1.43141
547.00000,5.65911,0.57241,-1.47422
547.05000,5.65995,0.56829,-1.48887
547.10000,5.66055,0.56350,-1.47761
547.15000,5.66132,0.55638,-1.44804
547.20000,5.66253,0.54787,-1.41292
547.25000,5.66418,0.53867,-1.37215
547.30000,5.66595,0.53074,-1.32510
547.35000,5.66766,0.52456,-1.27101
547.40000,5.66911,0.51972,-1.22167
547.45000,5.67018,0.51530,-1.19263
547.50000,5.67060,0.51160,-1.19280
547.55000,5.67083,0.50814,-1.20290
547.60000,5.67090,0.50485,-1.22616
547.65000,5.67109,0.50151,-1.27014
547.70000,5.67151,0.49866,-1.33423
547.75000,5.67192,0.49659,-1.40822
547.80000,5.67219,0.49432,-1.47363
547.85000,5.67265,0.49169,-1.51621
547.90000,5.67308,0.48840,-1.53695
547.95000,5.67340,0.48448,-1.53738
548.00000,5.67375,0.47921,-1.51842
548.05000,5.67433,0.47104,-1.48585
548.10000,5.67532,0.46160,-1.44765
548.15000,5.67674,0.45179,-1.40554
548.20000,5.67828,0.44314,-1.35928
548.25000,5.67980,0.43680,-1.30705
548.30000,5.68106,0.43260,-1.24529
548.35000,5.68227,0.42893,-1.19210
548.40000,5.68311,0.42568,-1.15972
548.45000,5.68329,0.42317,-1.15691
548.50000,5.68327,0.42089,-1.16484
548.55000,5.68310,0.41879,-1.18302
548.60000,5.68302,0.41694,-1.21359
548.65000,5.68332,0.41538,-1.25628
548.70000,5.68434,0.41248,-1.31073
548.75000,5.68522,0.40871,-1.37773
548.80000,5.68577,0.40558,-1.43955
548.85000,5.68666,0.40173,-1.47321
548.90000,5.68743,0.39733,-1.48259
548.95000,5.68800,0.39212,-1.46446
549.00000,5.68881,0.38572,-1.42839
549.05000,5.68995,0.37879,-1.38566
549.10000,5.69120,0.37283,-1.33801
549.15000,5.69232,0.36861,-1.27984
549.20000,5.69329,0.36527,-1.22602
549.25000,5.69389,0.36237,-1.19434
549.30000,5.69387,0.36016,-1.19068
549.35000,5.69365,0.35818,-1.19746
549.40000,5.69358,0.35651,-1.21430
549.45000,5.69397,0.35508,-1.24183
549.50000,5.69462,0.35316,-1.27973
549.55000,5.69560,0.35024,-1.32650
549.60000,5.69675,0.34588,-1.38520
549.65000,5.69740,0.34173,-1.44067
549.70000,5.69824,0.33689,-1.46905
549.75000,5.69909,0.33184,-1.47758
549.80000,5.69987,0.32670,-1.46379
549.85000,5.70065,0.32108,-1.42749
549.90000,5.70164,0.31509,-1.38142
549.95000,5.70266,0.31037,-1.32927
550.00000,5.70353,0.30678,-1.28102
550.05000,5.70417,0.30348,-1.25578
550.10000,5.70431,0.30081,-1.26167
550.15000,5.70518,0.29779,-1.29342
550.20000,5.70633,0.29387,-1.33561
550.25000,5.70756,0.28854,-1.38495
550.30000,5.70845,0.28298,-1.44268
550.35000,5.70890,0.27827,-1.49576
550.40000,5.70927,0.27305,-1.52265
550.45000,5.70964,0.26755,-1.52959
550.50000,5.70999,0.26193,-1.51825
550.55000,5.71042,0.25574,-1.48376
550.60000,5.71114,0.24884,-1.43682
550.65000,5.71202,0.24278,-1.38668
550.70000,5.71293,0.23767,-1.34856
550.75000,5.71384,0.23273,-1.32699
550.80000,5.71452,0.22809,-1.33006
550.85000,5.71535,0.22364,-1.35551
550.90000,5.71641,0.21827,-1.39867
550.95000,5.71733,0.21206,-1.44839
551.00000,5.71789,0.20622,-1.50522
551.05000,5.71804,0.20160,-1.55767
551.10000,5.71802,0.19666,-1.58753
551.15000,5.71795,0.19123,-1.58528
551.20000,5.71792,0.18461,-1.56180
551.25000,5.71811,0.17674,-1.52713
551.30000,5.71864,0.16836,-1.48819
551.35000,5.71923,0.16219,-1.44546
551.40000,5.71974,0.15787,-1.40445
551.45000,5.72028,0.15358,-1.38171
551.50000,5.72079,0.14938,-1.38237
551.55000,5.72140,0.14534,-1.40268
551.60000,5.72229,0.13978,-1.43508
551.65000,5.72321,0.13210,-1.47690
551.70000,5.72375,0.12439,-1.52687
551.75000,5.72386,0.11852,-1.58120
551.80000,5.72384,0.11440,-1.63194
551.85000,5.72368,0.11019,-1.66821
551.90000,5.72322,0.10569,-1.68862
551.95000,5.72248,0.10096,-1.69517
552.00000,5.72171,0.09622,-1.69362
552.05000,5.72088,0.09141,-1.68381
552.10000,5.71989,0.08539,-1.66597
552.15000,5.71889,0.07766,-1.64044
552.20000,5.71833,0.06816,-1.60751
552.25000,5.71815,0.05855,-1.57066
552.30000,5.71822,0.04980,-1.53309
552.35000,5.71840,0.04609,-1.51340
552.40000,5.71857,0.04290,-1.50947
552.45000,5.71873,0.03972,-1.50702
552.50000,5.71890,0.03655,-1.50651
552.55000,5.71909,0.03335,-1.51294
552.60000,5.71939,0.03008,-1.52824
552.65000,5.71979,0.02576,-1.55221
552.70000,5.71981,0.01925,-1.58792
552.75000,5.71944,0.01001,-1.63274
552.80000,5.71893,0.00211,-1.67905
552.85000,5.71852,-0.00157,-1.71597
552.90000,5.71811,-0.00509,-1.73945
552.95000,5.71776,-0.00853,-1.75367
553.00000,5.71745,-0.01189,-1.75881
553.05000,5.71689,-0.01526,-1.75529
553.10000,5.71608,-0.01958,-1.74543
553.15000,5.71508,-0.02528,-1.72954
553.20000,5.71384,-0.03278,-1.70604
553.25000,5.71262,-0.04232,-1.67423
553.30000,5.71176,-0.05228,-1.64003
553.35000,5.71126,-0.06163,-1.60639
553.40000,5.71118,-0.06575,-1.58974
553.45000,5.71110,-0.06884,-1.60338
553.50000,5.71086,-0.07379,-1.62997
553.55000,5.71034,-0.08047,-1.66583
553.60000,5.70941,-0.08839,-1.70715
553.65000,5.70822,-0.09657,-1.73462
553.70000,5.70701,-0.10479,-1.73469
553.75000,5.70571,-0.11304,-1.72126
553.80000,5.70430,-0.12158,-1.69638
553.85000,5.70322,-0.13145,-1.66316
553.90000,5.70255,-0.14074,-1.64189
553.95000,5.70219,-0.14929,-1.64007
554.00000,5.70177,-0.15729,-1.65968
554.05000,5.70096,-0.16482,-1.69676
554.10000,5.69971,-0.17325,-1.73936
554.15000,5.69820,-0.18202,-1.77728
554.20000,5.69647,-0.19097,-1.79763
554.25000,5.69468,-0.19995,-1.80479
554.30000,5.69287,-0.20892,-1.80112
554.35000,5.69081,-0.21811,-1.78069
554.40000,5.68886,-0.22798,-1.74613
554.45000,5.68738,-0.23748,-1.70625
554.50000,5.68625,-0.24718,-1.66313
554.55000,5.68561,-0.25687,-1.63361
554.60000,5.68510,-0.26597,-1.62479
554.65000,5.68469,-0.27527,-1.61565
554.70000,5.68447,-0.28199,-1.60259
554.75000,5.68436,-0.28672,-1.59255
554.80000,5.68431,-0.28992,-1.58013
554.85000,5.68427,-0.29291,-1.58273
554.90000,5.68413,-0.29725,-1.60169
554.95000,5.68378,-0.30440,-1.63304
555.00000,5.68309,-0.31284,-1.67221
555.05000,5.68213,-0.32175,-1.70651
555.10000,5.68082,-0.33087,-1.71829
555.15000,5.67928,-0.34018,-1.71286
555.20000,5.67774,-0.34952,-1.69365
555.25000,5.67651,-0.35890,-1.66360
555.30000,5.67580,-0.36813,-1.62282
555.35000,5.67552,-0.37719,-1.58063
555.40000,5.67551,-0.38533,-1.53841
555.45000,5.67573,-0.39057,-1.50482
555.50000,5.67611,-0.39575,-1.48578
555.55000,5.67660,-0.40089,-1.49628
555.60000,5.67702,-0.40721,-1.52526
555.65000,5.67725,-0.41512,-1.56242
555.70000,5.67713,-0.42440,-1.60264
555.75000,5.67662,-0.43438,-1.64078
555.80000,5.67573,-0.44434,-1.67995
555.85000,5.67475,-0.45410,-1.71881
555.90000,5.67416,-0.46106,-1.74606
555.95000,5.67328,-0.46794,-1.74909
556.00000,5.67243,-0.47478,-1.74055
556.05000,5.67161,-0.48139,-1.72090
556.10000,5.67060,-0.48888,-1.68784
556.15000,5.66966,-0.49834,-1.65002
556.20000,5.66905,-0.50836,-1.62282
556.25000,5.66900,-0.51601,-1.61038
556.30000,5.66899,-0.52096,-1.61038
556.35000,5.66882,-0.52477,-1.62434
556.40000,5.66864,-0.52895,-1.64527
556.45000,5.66863,-0.52926,-1.66582
556.50000,5.66861,-0.52942,-1.68610
556.55000,5.66859,-0.52959,-1.70592
556.60000,5.66857,-0.52976,-1.72530
556.65000,5.66854,-0.52992,-1.74427
556.70000,5.66851,-0.53009,-1.76284
556.75000,5.66847,-0.53026,-1.77559
556.80000,5.66820,-0.53102,-1.77835
556.85000,5.66778,-0.53294,-1.77530
556.90000,5.66713,-0.53608,-1.76667
556.95000,5.66625,-0.54055,-1.75226
557.00000,5.66514,-0.54665,-1.73091
557.05000,5.66392,-0.55455,-1.71122
557.10000,5.66325,-0.56069,-1.70354
557.15000,5.66316,-0.56366,-1.70923
557.20000,5.66317,-0.56518,-1.72142
557.25000,5.66315,-0.56542,-1.73910
557.30000,5.66312,-0.56558,-1.75684
557.35000,5.66308,-0.56575,-1.77402
557.40000,5.66305,-0.56592,-1.79056
557.45000,5.66300,-0.56609,-1.80110
557.50000,5.66281,-0.56679,-1.80240
557.55000,5.66235,-0.56868,-1.79803
557.60000,5.66162,-0.57185,-1.78785
557.65000,5.66063,-0.57640,-1.77167
557.70000,5.65936,-0.58261,-1.75677
557.75000,5.65869,-0.58700,-1.75219
557.80000,5.65847,-0.58838,-1.75981
557.85000,5.65844,-0.58855,-1.77252
557.90000,5.65840,-0.58873,-1.78569
557.95000,5.65836,-0.58890,-1.79872
558.00000,5.65832,-0.58908,-1.81154
558.05000,5.65826,-0.58925,-1.81770
558.10000,5.65772,-0.59096,-1.81291
558.15000,5.65693,-0.59415,-1.80183
558.20000,5.65587,-0.59874,-1.78451
558.25000,5.65449,-0.60523,-1.76805
558.30000,5.65379,-0.60963,-1.76135
558.35000,5.65363,-0.61098,-1.76742
558.40000,5.65362,-0.61096,-1.77966
558.45000,5.65363,-0.61084,-1.79246
558.50000,5.65364,-0.61071,-1.80529
558.55000,5.65365,-0.61057,-1.81806
558.60000,5.65367,-0.61044,-1.83077
558.65000,5.65349,-0.61096,-1.82966
558.70000,5.65264,-0.61406,-1.81809
558.75000,5.65151,-0.61860,-1.80082
558.80000,5.65014,-0.62459,-1.78642
558.85000,5.64961,-0.62796,-1.78307
558.90000,5.64954,-0.62879,-1.78972
558.95000,5.64950,-0.62898,-1.79912
559.00000,5.64945,-0.62917,-1.80822
559.05000,5.64941,-0.62937,-1.81704
559.10000,5.64936,-0.62956,-1.82572
559.15000,5.64930,-0.62976,-1.83428
559.20000,5.64925,-0.62995,-1.84283
559.25000,5.64919,-0.63015,-1.85139
559.30000,5.64914,-0.63034,-1.85754
559.35000,5.64900,-0.63074,-1.85866
559.40000,5.64858,-0.63214,-1.85384
559.45000,5.64781,-0.63478,-1.84350
559.50000,5.64666,-0.63898,-1.82610
559.55000,5.64496,-0.64515,-1.80953
559.60000,5.64417,-0.64966,-1.80503
559.65000,5.64418,-0.65010,-1.81004
559.70000,5.64418,-0.65011,-1.81790
559.75000,5.64420,-0.65007,-1.83774
559.80000,5.64338,-0.65245,-1.87013
559.85000,5.64182,-0.65718,-1.90994
559.90000,5.63987,-0.66266,-1.94530
559.95000,5.63779,-0.66825,-1.97051
560.00000,5.63533,-0.67417,-1.97771
560.05000,5.63240,-0.68051,-1.96667
560.10000,5.63038,-0.68592,-1.94847
560.15000,5.62878,-0.69008,-1.93889
560.20000,5.62782,-0.69307,-1.92853
560.25000,5.62768,-0.69483,-1.94681
560.30000,5.62714,-0.69609,-1.98901
560.35000,5.62579,-0.69894,-2.03928
560.40000,5.62372,-0.70274,-2.09543
560.45000,5.62070,-0.70763,-2.15352
560.50000,5.61740,-0.71265,-2.20299
560.55000,5.61381,-0.71791,-2.23359
560.60000,5.60945,-0.72385,-2.23411
560.65000,5.60466,-0.73020,-2.21576
560.70000,5.60115,-0.73509,-2.17251
560.75000,5.59882,-0.73860,-2.13136
560.80000,5.59739,-0.74130,-2.12283
560.85000,5.59690,-0.74315,-2.14543
560.90000,5.59541,-0.74542,-2.18788
560.95000,5.59300,-0.74865,-2.23860
561.00000,5.58962,-0.75268,-2.29386
561.05000,5.58524,-0.75736,-2.35123
561.10000,5.58091,-0.76148,-2.41473
561.15000,5.57705,-0.76469,-2.48500
561.20000,5.57343,-0.76742,-2.54622
561.25000,5.56934,-0.77053,-2.57576
561.30000,5.56478,-0.77352,-2.56924
561.35000,5.55955,-0.77696,-2.54611
561.40000,5.55350,-0.78124,-2.51319
561.45000,5.54692,-0.78621,-2.47329
561.50000,5.53998,-0.79195,-2.42859
561.55000,5.53325,-0.79800,-2.37819
561.60000,5.52695,-0.80415,-2.33870
561.65000,5.52121,-0.80991,-2.32671
561.70000,5.51692,-0.81430,-2.34670
561.75000,5.51364,-0.81764,-2.38262
561.80000,5.51037,-0.82098,-2.42619
561.85000,5.50642,-0.82440,-2.48174
561.90000,5.50250,-0.82725,-2.54576
561.95000,5.49874,-0.82976,-2.60132
562.00000,5.49436,-0.83280,-2.62638
562.05000,5.48990,-0.83588,-2.63654
562.10000,5.48545,-0.83892,-2.63528
562.15000,5.48018,-0.84231,-2.61352
562.20000,5.47314,-0.84659,-2.57670
562.25000,5.46524,-0.85182,-2.53325
562.30000,5.45777,-0.85723,-2.48566
562.35000,5.45069,-0.86267,-2.44397
562.40000,5.44387,-0.86795,-2.42784
562.45000,5.43841,-0.87249,-2.44542
562.50000,5.43367,-0.87641,-2.47833
562.55000,5.43023,-0.87895,-2.53173
562.60000,5.42660,-0.88132,-2.59306
562.65000,5.42249,-0.88383,-2.64267
562.70000,5.41772,-0.88656,-2.65826
562.75000,5.41307,-0.88894,-2.64420
562.80000,5.40785,-0.89186,-2.61367
562.85000,5.40175,-0.89557,-2.57595
562.90000,5.39457,-0.90035,-2.53208
562.95000,5.38802,-0.90515,-2.48240
563.00000,5.38199,-0.91010,-2.42674
563.05000,5.37610,-0.91521,-2.37930
563.10000,5.37020,-0.92040,-2.35251
563.15000,5.36476,-0.92521,-2.35426
563.20000,5.35955,-0.92987,-2.37828
563.25000,5.35505,-0.93401,-2.42168
563.30000,5.35125,-0.93715,-2.47840
563.35000,5.34718,-0.94013,-2.54106
563.40000,5.34285,-0.94306,-2.59288
563.45000,5.33773,-0.94657,-2.61234
563.50000,5.33208,-0.95006,-2.60473
563.55000,5.32765,-0.95276,-2.57180
563.60000,5.32242,-0.95627,-2.53066
563.65000,5.31647,-0.96064,-2.48426
563.70000,5.31041,-0.96558,-2.43290
563.75000,5.30475,-0.97071,-2.37624
563.80000,5.29944,-0.97613,-2.31605
563.85000,5.29440,-0.98163,-2.26521
563.90000,5.28954,-0.98701,-2.23371
563.95000,5.28520,-0.99196,-2.23407
564.00000,5.28124,-0.99665,-2.26300
564.05000,5.27724,-1.00128,-2.30557
564.10000,5.27263,-1.00615,-2.35506
564.15000,5.26740,-1.01111,-2.40907
564.20000,5.26218,-1.01553,-2.46899
564.25000,5.25671,-1.01961,-2.53226
564.30000,5.25117,-1.02334,-2.58051
564.35000,5.24564,-1.02676,-2.59518
564.40000,5.23990,-1.03034,-2.59137
564.45000,5.23553,-1.03313,-2.55682
564.50000,5.23008,-1.03691,-2.51521
564.55000,5.22397,-1.04155,-2.46864
564.60000,5.21818,-1.04641,-2.41546
564.65000,5.21282,-1.05147,-2.35718
564.70000,5.20777,-1.05682,-2.29571
564.75000,5.20299,-1.06227,-2.24408
564.80000,5.19865,-1.06734,-2.21639
564.85000,5.19489,-1.07194,-2.21947
564.90000,5.19253,-1.07493,-2.25837
564.95000,5.18940,-1.07855,-2.30640
565.00000,5.18556,-1.08257,-2.36064
565.05000,5.18149,-1.08637,-2.42117
565.10000,5.17728,-1.08997,-2.46763
565.15000,5.17293,-1.09342,-2.47767
565.20000,5.17007,-1.09569,-2.45461
565.25000,5.16654,-1.09870,-2.41766
565.30000,5.16218,-1.10273,-2.37315
565.35000,5.15746,-1.10752,-2.32282
565.40000,5.15263,-1.11298,-2.26840
565.45000,5.14808,-1.11875,-2.20982
565.50000,5.14404,-1.12439,-2.16928
565.55000,5.14130,-1.12867,-2.16591
565.60000,5.13928,-1.13162,-2.19269
565.65000,5.13739,-1.13414,-2.23782
565.70000,5.13508,-1.13705,-2.27658
565.75000,5.13271,-1.13999,-2.30179
565.80000,5.12991,-1.14329,-2.30353
565.85000,5.12697,-1.14668,-2.28701
565.90000,5.12386,-1.15019,-2.25462
565.95000,5.12044,-1.15448,-2.20507
566.00000,5.11689,-1.15960,-2.14960
566.05000,5.11347,-1.16497,-2.10628
566.10000,5.11054,-1.16995,-2.09837
566.15000,5.10846,-1.17375,-2.12048
566.20000,5.10668,-1.17654,-2.16413
566.25000,5.10441,-1.17971,-2.21758
566.30000,5.10176,-1.18321,-2.26261
566.35000,5.09878,-1.18697,-2.28622
566.40000,5.09507,-1.19139,-2.28015
566.45000,5.09128,-1.19590,-2.25100
566.50000,5.08805,-1.20008,-2.20573
566.55000,5.08453,-1.20513,-2.15445
566.60000,5.08135,-1.21024,-2.09610
566.65000,5.07849,-1.21534,-2.04682
566.70000,5.07644,-1.21971,-2.02670
566.75000,5.07546,-1.22310,-2.03777
566.80000,5.07456,-1.22545,-2.07823
566.85000,5.07285,-1.22834,-2.12937
566.90000,5.07089,-1.23129,-2.18944
566.95000,5.06891,-1.23405,-2.24270
567.00000,5.06661,-1.23708,-2.27546
567.05000,5.06351,-1.24082,-2.27606
567.10000,5.05997,-1.24501,-2.25278
567.15000,5.05647,-1.24950,-2.21335
567.20000,5.05257,-1.25498,-2.16719
567.25000,5.04904,-1.26047,-2.11292
567.30000,5.04640,-1.26516,-2.04915
567.35000,5.04468,-1.26877,-1.97636
567.40000,5.04350,-1.27172,-1.91057
567.45000,5.04299,-1.27408,-1.86796
567.50000,5.04297,-1.27544,-1.85837
567.55000,5.04210,-1.27820,-1.86792
567.60000,5.04016,-1.28413,-1.89465
567.65000,5.03745,-1.29172,-1.93098
567.70000,5.03414,-1.30000,-1.97142
567.75000,5.03047,-1.30820,-2.01229
567.80000,5.02647,-1.31623,-2.05314
567.85000,5.02214,-1.32409,-2.09435
567.90000,5.01750,-1.33177,-2.13557
567.95000,5.01255,-1.33923,-2.17697
568.00000,5.00730,-1.34648,-2.21841
568.05000,5.00176,-1.35349,-2.26076
568.10000,4.99692,-1.35953,-2.30281
568.15000,4.99495,-1.36193,-2.33279
568.20000,4.99249,-1.36471,-2.33569
568.25000,4.98936,-1.36805,-2.32023
568.30000,4.98475,-1.37312,-2.29075
568.35000,4.98085,-1.37768,-2.25753
568.40000,4.97964,-1.37933,-2.23629
568.45000,4.97817,-1.38126,-2.24213
568.50000,4.97494,-1.38524,-2.26336
568.55000,4.97044,-1.39050,-2.29413
568.60000,4.96489,-1.39655,-2.33151
568.65000,4.95859,-1.40290,-2.37259
568.70000,4.95261,-1.40866,-2.41299
568.75000,4.95029,-1.41071,-2.44159
568.80000,4.95025,-1.41075,-2.45532
568.85000,4.94834,-1.41267,-2.46827
568.90000,4.94156,-1.41823,-2.48002
568.95000,4.93386,-1.42416,-2.49169
569.00000,4.92610,-1.42999,-2.50333
569.05000,4.91827,-1.43572,-2.51495
569.10000,4.91037,-1.44137,-2.52655
569.15000,4.90241,-1.44693,-2.53811
569.20000,4.89438,-1.45240,-2.54961
569.25000,4.88628,-1.45777,-2.56101
569.30000,4.87813,-1.46306,-2.57228
569.35000,4.86991,-1.46825,-2.58341
569.40000,4.86164,-1.47336,-2.59442
569.45000,4.85325,-1.47839,-2.60510
569.50000,4.84477,-1.48338,-2.61548
569.55000,4.83618,-1.48831,-2.62565
569.60000,4.82746,-1.49320,-2.63538
569.65000,4.81869,-1.49801,-2.64508
569.70000,4.80988,-1.50273,-2.65475
569.75000,4.80102,-1.50736,-2.66440
569.80000,4.79217,-1.51188,-2.67419
569.85000,4.78344,-1.51621,-2.68467
569.90000,4.77467,-1.52045,-2.69513
569.95000,4.76585,-1.52460,-2.70551
570.00000,4.75699,-1.52866,-2.71580
570.05000,4.74809,-1.53262,-2.72600
570.10000,4.73914,-1.53650,-2.73608
570.15000,4.73016,-1.54029,-2.74606
570.20000,4.72113,-1.54399,-2.75589
570.25000,4.71206,-1.54761,-2.76557
570.30000,4.70296,-1.55114,-2.77507
570.35000,4.69382,-1.55458,-2.78441
570.40000,4.68464,-1.55795,-2.79359
570.45000,4.67543,-1.56123,-2.80266
570.50000,4.66619,-1.56442,-2.81160
570.55000,4.65692,-1.56754,-2.82042
570.60000,4.64761,-1.57057,-2.82910
570.65000,4.63828,-1.57353,-2.83766
570.70000,4.62893,-1.57641,-2.84606
570.75000,4.61954,-1.57921,-2.85431
570.80000,4.61012,-1.58193,-2.86239
570.85000,4.60062,-1.58462,-2.87036
570.90000,4.59100,-1.58727,-2.87809
570.95000,4.58152,-1.58980,-2.88582
571.00000,4.57201,-1.59225,-2.89341
571.05000,4.56249,-1.59463,-2.90084
571.10000,4.55294,-1.59695,-2.90811
571.15000,4.54337,-1.59920,-2.91520
571.20000,4.53378,-1.60138,-2.92213
571.25000,4.52418,-1.60349,-2.92891
571.30000,4.51456,-1.60554,-2.93552
571.35000,4.50490,-1.60753,-2.94184
571.40000,4.49522,-1.60947,-2.94801
571.45000,4.48552,-1.61134,-2.95409
571.50000,4.47581,-1.61316,-2.96001
571.55000,4.46610,-1.61492,-2.96575
571.60000,4.45637,-1.61662,-2.97137
571.65000,4.44663,-1.61827,-2.97699
571.70000,4.43688,-1.61987,-2.98247
571.75000,4.42711,-1.62140,-2.98781
571.80000,4.41735,-1.62289,-2.99295
571.85000,4.40756,-1.62433,-2.99803
571.90000,4.39776,-1.62573,-3.00297
571.95000,4.38771,-1.62717,-3.00097
572.00000,4.37763,-1.62858,-2.98073
572.05000,4.36996,-1.62997,-2.94141
572.10000,4.36234,-1.63171,-2.89400
572.15000,4.35404,-1.63403,-2.84379
572.20000,4.34536,-1.63694,-2.79153
572.25000,4.33646,-1.64046,-2.73796
572.30000,4.32746,-1.64460,-2.68363
572.35000,4.31862,-1.64926,-2.62930
572.40000,4.31004,-1.65440,-2.57561
572.45000,4.30175,-1.65998,-2.52256
572.50000,4.29376,-1.66599,-2.46998
572.55000,4.28610,-1.67207,-2.42555
572.60000,4.28049,-1.67674,-2.39034
572.65000,4.27568,-1.68140,-2.35258
572.70000,4.27049,-1.68664,-2.32052
572.75000,4.26643,-1.69099,-2.30230
572.80000,4.26423,-1.69346,-2.29620
572.85000,4.26399,-1.69371,-2.30290
572.90000,4.26397,-1.69370,-2.31152
572.95000,4.26396,-1.69369,-2.32025
573.00000,4.26394,-1.69368,-2.32908
573.05000,4.26393,-1.69367,-2.33800
573.10000,4.26369,-1.69390,-2.33146
573.15000,4.26165,-1.69609,-2.31118
573.20000,4.25818,-1.69999,-2.28199
573.25000,4.25353,-1.70559,-2.24476
573.30000,4.24870,-1.71170,-2.21488
573.35000,4.24533,-1.71621,-2.20162
573.40000,4.24377,-1.71836,-2.20028
573.45000,4.24320,-1.71929,-2.19764
573.50000,4.24242,-1.72041,-2.19648
573.55000,4.24229,-1.72059,-2.20569
573.60000,4.24216,-1.72076,-2.21467
573.65000,4.24215,-1.72076,-2.22455
573.70000,4.24215,-1.72072,-2.23470
573.75000,4.24194,-1.72097,-2.22956
573.80000,4.23991,-1.72363,-2.21001
573.85000,4.23716,-1.72742,-2.19892
573.90000,4.23630,-1.72862,-2.20278
573.95000,4.23615,-1.72882,-2.21158
574.00000,4.23604,-1.72892,-2.21355
574.05000,4.23561,-1.72947,-2.21351
574.10000,4.23549,-1.72962,-2.22266
574.15000,4.23547,-1.72962,-2.23249
574.20000,4.23548,-1.72959,-2.24256
574.25000,4.23548,-1.72955,-2.25276
574.30000,4.23549,-1.72951,-2.26304
574.35000,4.23550,-1.72947,-2.27342
574.40000,4.23551,-1.72944,-2.28388
574.45000,4.23527,-1.72969,-2.27907
574.50000,4.23436,-1.73078,-2.27235
574.55000,4.23389,-1.73134,-2.27932
574.60000,4.23373,-1.73153,-2.28870
574.65000,4.23357,-1.73171,-2.29816
574.70000,4.23339,-1.73190,-2.29444
574.75000,4.23136,-1.73419,-2.27659
574.80000,4.22764,-1.73868,-2.24772
574.85000,4.22349,-1.74389,-2.22366
574.90000,4.22129,-1.74680,-2.20696
574.95000,4.21921,-1.74968,-2.19771
575.00000,4.21865,-1.75048,-2.20481
575.05000,4.21852,-1.75065,-2.21462
575.10000,4.21838,-1.75083,-2.22459
575.15000,4.21825,-1.75100,-2.23466
575.20000,4.21811,-1.75118,-2.24482
575.25000,4.21797,-1.75135,-2.25506
575.30000,4.21783,-1.75152,-2.26537
575.35000,4.21769,-1.75169,-2.27575
575.40000,4.21754,-1.75186,-2.28620
575.45000,4.21738,-1.75202,-2.28919
575.50000,4.21571,-1.75392,-2.27545
575.55000,4.21289,-1.75730,-2.26583
575.60000,4.21137,-1.75923,-2.26345
575.65000,4.20971,-1.76129,-2.24998
575.70000,4.20708,-1.76461,-2.22852
575.75000,4.20343,-1.76942,-2.21125
575.80000,4.20155,-1.77196,-2.20875
575.85000,4.20145,-1.77209,-2.21839
575.90000,4.20146,-1.77204,-2.22935
575.95000,4.20148,-1.77199,-2.24041
576.00000,4.20150,-1.77193,-2.25157
576.05000,4.20152,-1.77188,-2.26280
576.10000,4.20154,-1.77182,-2.27411
576.15000,4.20157,-1.77177,-2.28547
576.20000,4.20131,-1.77204,-2.28156
576.25000,4.20040,-1.77313,-2.28203
576.30000,4.20029,-1.77325,-2.29241
576.35000,4.20013,-1.77343,-2.30238
576.40000,4.19997,-1.77359,-2.30496
576.45000,4.19936,-1.77427,-2.29739
576.50000,4.19767,-1.77619,-2.28301
576.55000,4.19474,-1.77961,-2.27160
576.60000,4.19268,-1.78205,-2.26663
576.65000,4.19082,-1.78429,-2.26250
576.70000,4.18992,-1.78538,-2.25666
576.75000,4.18757,-1.78829,-2.23597
576.80000,4.18390,-1.79311,-2.20685
576.85000,4.18010,-1.79838,-2.18855
576.90000,4.17828,-1.80100,-2.18553
576.95000,4.17775,-1.80177,-2.19169
577.00000,4.17755,-1.80204,-2.20058
577.05000,4.17741,-1.80223,-2.21006
577.10000,4.17727,-1.80242,-2.21965
577.15000,4.17712,-1.80261,-2.22939
577.20000,4.17697,-1.80280,-2.23924
577.25000,4.17682,-1.80299,-2.24916
577.30000,4.17667,-1.80318,-2.25922
577.35000,4.17652,-1.80336,-2.26933
577.40000,4.17636,-1.80355,-2.27957
577.45000,4.17621,-1.80363,-2.27850
577.50000,4.17521,-1.80482,-2.27804
577.55000,4.17500,-1.80507,-2.28794
577.60000,4.17483,-1.80525,-2.28960
577.65000,4.17276,-1.80761,-2.27389
577.70000,4.16979,-1.81115,-2.26470
577.75000,4.16860,-1.81261,-2.26830
577.80000,4.16842,-1.81282,-2.27765
577.85000,4.16828,-1.81299,-2.28745
577.90000,4.16807,-1.81321,-2.29104
577.95000,4.16724,-1.81413,-2.29319
578.00000,4.16698,-1.81439,-2.29906
578.05000,4.16618,-1.81528,-2.29042
578.10000,4.16322,-1.81870,-2.26836
578.15000,4.15921,-1.82353,-2.24684
578.20000,4.15686,-1.82649,-2.24127
578.25000,4.15642,-1.82706,-2.24817
578.30000,4.15628,-1.82722,-2.25755
578.35000,4.15620,-1.82731,-2.26731
578.40000,4.15614,-1.82737,-2.27738
578.45000,4.15601,-1.82752,-2.28703
578.50000,4.15587,-1.82769,-2.29664
578.55000,4.15574,-1.82780,-2.29842
578.60000,4.15491,-1.82873,-2.29045
578.65000,4.15298,-1.83092,-2.28475
578.70000,4.15212,-1.83194,-2.29017
578.75000,4.15199,-1.83209,-2.29918
578.80000,4.15184,-1.83225,-2.30829
578.85000,4.15169,-1.83242,-2.31747
578.90000,4.15154,-1.83258,-2.32672
578.95000,4.15137,-1.83274,-2.32872
579.00000,4.15074,-1.83338,-2.32768
579.05000,4.15014,-1.83401,-2.32854
579.10000,4.14781,-1.83651,-2.31129
579.15000,4.14411,-1.84066,-2.28556
579.20000,4.13968,-1.84577,-2.26297
579.25000,4.13692,-1.84912,-2.25520
579.30000,4.13652,-1.84960,-2.26205
579.35000,4.13637,-1.84977,-2.27119
579.40000,4.13623,-1.84994,-2.28043
579.45000,4.13608,-1.85012,-2.28971
579.50000,4.13593,-1.85029,-2.29906
579.55000,4.13578,-1.85045,-2.30844
579.60000,4.13562,-1.85062,-2.31785
579.65000,4.13546,-1.85079,-2.32729
579.70000,4.13530,-1.85096,-2.33676
579.75000,4.13514,-1.85113,-2.34626
579.80000,4.13496,-1.85129,-2.34864
579.85000,4.13340,-1.85289,-2.33788
579.90000,4.13050,-1.85596,-2.31888
579.95000,4.12617,-1.86074,-2.29061
580.00000,4.12115,-1.86653,-2.26583
580.05000,4.11767,-1.87075,-2.25411
580.10000,4.11625,-1.87251,-2.25479
580.15000,4.11625,-1.87250,-2.26517
580.20000,4.11626,-1.87248,-2.27585
580.25000,4.11626,-1.87247,-2.28644
580.30000,4.11628,-1.87244,-2.29708
580.35000,4.11630,-1.87242,-2.30771
580.40000,4.11632,-1.87240,-2.31833
580.45000,4.11634,-1.87238,-2.32892
580.50000,4.11635,-1.87236,-2.33949
580.55000,4.11637,-1.87234,-2.35003
580.60000,4.11627,-1.87243,-2.36008
580.65000,4.11622,-1.87248,-2.37031
580.70000,4.11594,-1.87274,-2.37121
580.75000,4.11329,-1.87533,-2.35599
580.80000,4.10889,-1.87984,-2.33025
580.85000,4.10403,-1.88500,-2.30924
580.90000,4.10095,-1.88841,-2.30097
580.95000,4.10021,-1.88923,-2.30651
581.00000,4.10020,-1.88924,-2.31683
581.05000,4.10020,-1.88924,-2.32717
581.10000,4.10020,-1.88924,-2.33745
581.15000,4.10019,-1.88925,-2.34767
581.20000,4.10018,-1.88926,-2.35783
581.25000,4.10017,-1.88927,-2.36794
581.30000,4.10016,-1.88928,-2.37798
581.35000,4.10014,-1.88929,-2.38791
581.40000,4.09995,-1.88947,-2.39183
581.45000,4.09740,-1.89182,-2.37882
581.50000,4.09375,-1.89536,-2.36646
581.55000,4.09210,-1.89698,-2.36638
581.60000,4.09195,-1.89711,-2.37469
581.65000,4.09190,-1.89716,-2.38349
581.70000,4.09182,-1.89722,-2.39221
581.75000,4.09128,-1.89771,-2.38904
581.80000,4.08808,-1.90074,-2.37163
581.85000,4.08434,-1.90439,-2.35750
581.90000,4.08291,-1.90578,-2.35760
581.95000,4.08280,-1.90589,-2.36489
582.00000,4.08266,-1.90603,-2.37254
582.05000,4.08254,-1.90614,-2.37972
582.10000,4.08237,-1.90630,-2.38713
582.15000,4.08222,-1.90644,-2.39404
582.20000,4.08207,-1.90658,-2.40101
582.25000,4.08126,-1.90731,-2.39539
582.30000,4.07790,-1.91046,-2.37720
582.35000,4.07358,-1.91468,-2.36358
582.40000,4.06710,-1.92107,-2.36573
582.45000,4.06007,-1.92798,-2.37116
582.50000,4.05667,-1.93123,-2.37588
582.55000,4.05649,-1.93140,-2.38137
582.60000,4.05494,-1.93292,-2.38708
582.65000,4.04883,-1.93883,-2.39292
582.70000,4.04159,-1.94552,-2.39916
582.75000,4.03429,-1.95217,-2.40558
582.80000,4.02697,-1.95877,-2.41200
582.85000,4.01959,-1.96532,-2.41855
582.90000,4.01217,-1.97184,-2.42523
582.95000,4.00470,-1.97830,-2.43232
583.00000,3.99720,-1.98469,-2.43940
583.05000,3.98964,-1.99105,-2.44659
583.10000,3.98202,-1.99737,-2.45407
583.15000,3.97437,-2.00364,-2.46168
583.20000,3.96667,-2.00983,-2.46926
583.25000,3.95895,-2.01594,-2.47677
583.30000,3.95115,-2.02202,-2.48451
583.35000,3.94334,-2.02801,-2.49220
583.40000,3.93544,-2.03397,-2.50026
583.45000,3.92753,-2.03984,-2.50805
583.50000,3.91958,-2.04563,-2.51592
583.55000,3.91159,-2.05137,-2.52396
583.60000,3.90357,-2.05701,-2.53214
583.65000,3.89552,-2.06259,-2.54044
583.70000,3.88742,-2.06810,-2.54889
583.75000,3.87923,-2.07356,-2.55753
583.80000,3.87103,-2.07892,-2.56619
583.85000,3.86280,-2.08421,-2.57497
583.90000,3.85453,-2.08942,-2.58383
583.95000,3.84622,-2.09456,-2.59273
584.00000,3.83785,-2.09963,-2.60166
584.05000,3.82945,-2.10462,-2.61064
584.10000,3.82100,-2.10953,-2.61971
584.15000,3.81251,-2.11437,-2.62887
584.20000,3.80398,-2.11912,-2.63808
584.25000,3.79540,-2.12380,-2.64733
584.30000,3.78678,-2.12840,-2.65660
584.35000,3.77812,-2.13291,-2.66589
584.40000,3.76942,-2.13735,-2.67522
584.45000,3.76065,-2.14171,-2.68446
584.50000,3.75175,-2.14604,-2.69322
584.55000,3.74272,-2.15034,-2.70155
584.60000,3.73365,-2.15456,-2.70989
584.65000,3.72455,-2.15871,-2.71825
584.70000,3.71542,-2.16278,-2.72661
584.75000,3.70625,-2.16677,-2.73499
584.80000,3.69705,-2.17069,-2.74340
584.85000,3.68781,-2.17453,-2.75184
584.90000,3.67855,-2.17829,-2.76030
584.95000,3.66925,-2.18197,-2.76877
585.00000,3.65992,-2.18557,-2.77723
585.05000,3.65056,-2.18910,-2.78568
585.10000,3.64118,-2.19254,-2.79412
585.15000,3.63176,-2.19591,-2.80255
585.20000,3.62250,-2.19911,-2.81174
585.25000,3.61324,-2.20222,-2.82103
585.30000,3.60395,-2.20524,-2.83027
585.35000,3.59462,-2.20819,-2.83944
585.40000,3.58527,-2.21104,-2.84853
585.45000,3.57590,-2.21381,-2.85756
585.50000,3.56650,-2.21649,-2.86652
585.55000,3.55707,-2.21909,-2.87543
585.60000,3.54762,-2.22161,-2.88428
585.65000,3.53813,-2.22406,-2.89312
585.70000,3.52864,-2.22643,-2.90199
585.75000,3.51913,-2.22871,-2.91078
585.80000,3.50959,-2.23092,-2.91950
585.85000,3.50004,-2.23304,-2.92814
585.90000,3.49046,-2.23508,-2.93670
585.95000,3.48087,-2.23704,-2.94518
586.00000,3.47125,-2.23892,-2.95359
586.05000,3.46162,-2.24071,-2.96192
586.10000,3.45198,-2.24243,-2.97017
586.15000,3.44232,-2.24407,-2.97832
586.20000,3.43264,-2.24563,-2.98637
586.25000,3.42295,-2.24711,-2.99432
586.30000,3.41325,-2.24851,-3.00216
586.35000,3.40354,-2.24984,-3.00990
586.40000,3.39381,-2.25109,-3.01752
586.45000,3.38407,-2.25227,-3.02504
586.50000,3.37432,-2.25338,-3.03245
586.55000,3.36455,-2.25442,-3.03976
586.60000,3.35478,-2.25538,-3.04696
586.65000,3.34503,-2.25627,-3.05488
586.70000,3.33525,-2.25708,-3.06259
586.75000,3.32545,-2.25782,-3.07026
586.80000,3.31564,-2.25849,-3.07783
586.85000,3.30583,-2.25908,-3.08525
586.90000,3.29601,-2.25960,-3.09255
586.95000,3.28618,-2.26004,-3.09975
587.00000,3.27634,-2.26042,-3.10682
587.05000,3.26650,-2.26073,-3.11377
587.10000,3.25666,-2.26097,-3.12059
587.15000,3.24681,-2.26115,-3.12728
587.20000,3.23696,-2.26126,-3.13386
587.25000,3.22710,-2.26130,-3.14031
587.30000,3.21724,-2.26129,3.13653
587.35000,3.20738,-2.26121,3.13029
587.40000,3.19751,-2.26107,3.12416
587.45000,3.18764,-2.26086,3.11816
587.50000,3.17778,-2.26061,3.11228
587.55000,3.16790,-2.26029,3.10652
587.60000,3.15803,-2.25991,3.10088
587.65000,3.14816,-2.25949,3.09536
587.70000,3.13829,-2.25900,3.08996
587.75000,3.12841,-2.25847,3.08466
587.80000,3.11855,-2.25788,3.07957
587.85000,3.10866,-2.25724,3.07448
587.90000,3.09876,-2.25655,3.06956
587.95000,3.08888,-2.25581,3.06473
588.00000,3.07901,-2.25503,3.06001
588.05000,3.06912,-2.25419,3.05549
588.10000,3.05917,-2.25331,3.05100
588.15000,3.04931,-2.25239,3.04664
588.20000,3.03946,-2.25142,3.04239
588.25000,3.02959,-2.25042,3.03827
588.30000,3.01965,-2.24936,3.03423
588.35000,3.00977,-2.24828,3.03034
588.40000,2.99984,-2.24715,3.02657
588.45000,2.98989,-2.24598,3.02275
588.50000,2.97992,-2.24478,3.01914
588.55000,2.96993,-2.24353,3.01547
588.60000,2.96000,-2.24225,3.01204
588.65000,2.95006,-2.24094,3.00879
588.70000,2.94012,-2.23960,3.00568
588.75000,2.93018,-2.23822,3.00255
588.80000,2.92024,-2.23682,2.99952
588.85000,2.91038,-2.23539,2.99663
588.90000,2.90053,-2.23394,2.99383
588.95000,2.89060,-2.23245,2.99104
589.00000,2.88071,-2.23093,2.98837
589.05000,2.87085,-2.22940,2.98584
589.10000,2.86098,-2.22784,2.98329
589.15000,2.85111,-2.22625,2.98080
589.20000,2.84124,-2.22464,2.97839
589.25000,2.83139,-2.22301,2.97608
589.30000,2.82154,-2.22135,2.97393
589.35000,2.81172,-2.21967,2.97181
589.40000,2.80192,-2.21797,2.96972
589.45000,2.79212,-2.21624,2.96771
589.50000,2.78232,-2.21450,2.96578
589.55000,2.77253,-2.21273,2.96391
589.60000,2.76273,-2.21095,2.96211
589.65000,2.75293,-2.20915,2.96038
589.70000,2.74313,-2.20734,2.95872
589.75000,2.73333,-2.20552,2.95718
589.80000,2.72354,-2.20368,2.95563
589.85000,2.71374,-2.20183,2.95414
589.90000,2.70394,-2.19997,2.95270
589.95000,2.69416,-2.19809,2.95136
590.00000,2.68437,-2.19620,2.95009
590.05000,2.67458,-2.19429,2.94887
590.10000,2.66480,-2.19238,2.94770
590.15000,2.65501,-2.19045,2.94659
590.20000,2.64523,-2.18851,2.94553
590.25000,2.63545,-2.18657,2.94453
590.30000,2.62566,-2.18461,2.94357
590.35000,2.61588,-2.18264,2.94266
590.40000,2.60610,-2.18066,2.94180
590.45000,2.59632,-2.17868,2.94098
590.50000,2.58654,-2.17669,2.94021
590.55000,2.57676,-2.17469,2.93949
590.60000,2.56698,-2.17268,2.93880
590.65000,2.55720,-2.17067,2.93815
590.70000,2.54743,-2.16865,2.93755
590.75000,2.53765,-2.16662,2.93698
590.80000,2.52787,-2.16459,2.93644
590.85000,2.51809,-2.16255,2.93595
590.90000,2.50831,-2.16051,2.93554
590.95000,2.49853,-2.15846,2.93508
591.00000,2.48875,-2.15641,2.93465
591.05000,2.47896,-2.15435,2.93423
591.10000,2.46917,-2.15229,2.93385
591.15000,2.45939,-2.15023,2.93351
591.20000,2.44961,-2.14816,2.93319
591.25000,2.43983,-2.14609,2.93290
591.30000,2.43004,-2.14402,2.93265
591.35000,2.42025,-2.14194,2.93242
591.40000,2.41047,-2.13986,2.93223
591.45000,2.40069,-2.13778,2.93210
591.50000,2.39089,-2.13570,2.93190
591.55000,2.38111,-2.13362,2.93172
591.60000,2.37132,-2.13153,2.93161
591.65000,2.36154,-2.12945,2.93153
591.70000,2.35176,-2.12736,2.93145
591.75000,2.34198,-2.12528,2.93139
591.80000,2.33220,-2.12319,2.93135
591.85000,2.32242,-2.12110,2.93132
591.90000,2.31264,-2.11902,2.93130
591.95000,2.30286,-2.11693,2.93129
592.00000,2.29308,-2.11484,2.93128
592.05000,2.28330,-2.11276,2.93129
592.10000,2.27352,-2.11067,2.93133
592.15000,2.26373,-2.10858,2.93136
592.20000,2.25395,-2.10650,2.93142
592.25000,2.24416,-2.10441,2.93148
592.30000,2.23438,-2.10233,2.93149
592.35000,2.22460,-2.10024,2.93149
592.40000,2.21480,-2.09816,2.93153
592.45000,2.20500,-2.09607,2.93160
592.50000,2.19522,-2.09398,2.93167
592.55000,2.18543,-2.09190,2.93172
592.60000,2.17563,-2.08981,2.93181
592.65000,2.16583,-2.08773,2.93189
592.70000,2.15603,-2.08564,2.93195
592.75000,2.14624,-2.08356,2.93202
592.80000,2.13646,-2.08148,2.93208
592.85000,2.12668,-2.07940,2.93215
592.90000,2.11688,-2.07732,2.93226
592.95000,2.10710,-2.07524,2.93238
593.00000,2.09731,-2.07316,2.93247
593.05000,2.08752,-2.07108,2.93253
593.10000,2.07772,-2.06900,2.93251
593.15000,2.06794,-2.06692,2.93257
593.20000,2.05817,-2.06485,2.93278
593.25000,2.04840,-2.06278,2.93297
593.30000,2.03863,-2.06072,2.93315
593.35000,2.02887,-2.05865,2.93333
593.40000,2.01910,-2.05659,2.93349
593.45000,2.00934,-2.05453,2.93364
593.50000,1.99956,-2.05246,2.93372
593.55000,1.98978,-2.05039,2.93369
593.60000,1.98000,-2.04830,2.93365
593.65000,1.97022,-2.04624,2.93365
593.70000,1.96044,-2.04416,2.93361
593.75000,1.95066,-2.04208,2.93362
593.80000,1.94087,-2.04001,2.93376
593.85000,1.93107,-2.03794,2.93390
593.90000,1.92127,-2.03588,2.93403
593.95000,1.91147,-2.03381,2.93417
594.00000,1.90167,-2.03175,2.93430
594.05000,1.89187,-2.02969,2.93443
594.10100,1.88207,-2.02763,2.93456
594.15000,1.87227,-2.02557,2.93469
594.20000,1.86247,-2.02352,2.93482
594.25000,1.85268,-2.02146,2.93474
594.30000,1.84290,-2.01941,2.93467
594.35000,1.83311,-2.01736,2.93457
594.40000,1.82333,-2.01530,2.93449
594.45000,1.81354,-2.01324,2.93442
594.50000,1.80374,-2.01118,2.93435
594.55000,1.79395,-2.00912,2.93428
594.60000,1.78416,-2.00706,2.93426
594.65000,1.77437,-2.00500,2.93419
594.70000,1.76459,-2.00295,2.93412
594.75000,1.75480,-2.00089,2.93405
594.80000,1.74502,-1.99883,2.93397
594.85000,1.73523,-1.99676,2.93387
594.90000,1.72544,-1.99470,2.93376
594.95000,1.71566,-1.99264,2.93366
595.00000,1.70587,-1.99057,2.93356
595.05000,1.69609,-1.98851,2.93346
595.10000,1.68630,-1.98644,2.93336
595.15000,1.67652,-1.98437,2.93327
595.20000,1.66673,-1.98231,2.93318
595.25000,1.65694,-1.98024,2.93309
595.30000,1.64715,-1.97817,2.93295
595.35000,1.63737,-1.97610,2.93287
595.40000,1.62758,-1.97403,2.93276
595.45000,1.61780,-1.97195,2.93263
595.50000,1.60801,-1.96988,2.93249
595.55000,1.59822,-1.96780,2.93234
595.60000,1.58841,-1.96572,2.93220
595.65000,1.57860,-1.96363,2.93205
595.70000,1.56883,-1.96155,2.93193
595.75000,1.55905,-1.95947,2.93178
595.80000,1.54928,-1.95739,2.93163
595.85000,1.53950,-1.95531,2.93147
595.90000,1.52973,-1.95322,2.93131
595.95000,1.51996,-1.95113,2.93114
596.00000,1.51016,-1.94904,2.93099
596.05000,1.50035,-1.94694,2.93079
596.10000,1.49057,-1.94485,2.93061
596.15000,1.48080,-1.94276,2.93048
596.20000,1.47102,-1.94066,2.93040
596.25000,1.46125,-1.93856,2.93030
596.30000,1.45150,-1.93647,2.93023
596.35000,1.44174,-1.93438,2.93014
596.40000,1.43199,-1.93229,2.93005
596.45000,1.42223,-1.93019,2.92994
596.50000,1.41248,-1.92810,2.92982
596.55000,1.40272,-1.92600,2.92969
596.60000,1.39297,-1.92390,2.92956
596.65000,1.38322,-1.92180,2.92941
596.70000,1.37347,-1.91970,2.92925
596.75000,1.36372,-1.91760,2.92908
596.80000,1.35396,-1.91550,2.92891
596.85000,1.34421,-1.91339,2.92872
596.90000,1.33446,-1.91128,2.92853
596.95000,1.32471,-1.90918,2.92832
597.00000,1.31496,-1.90707,2.92811
597.05000,1.30519,-1.90494,2.92786
597.10000,1.29540,-1.90281,2.92758
597.15000,1.28560,-1.90068,2.92727
597.20000,1.27583,-1.89855,2.92687
597.25000,1.26607,-1.89642,2.92643
597.30000,1.25630,-1.89428,2.92597
597.35000,1.24653,-1.89214,2.92549
597.40000,1.23677,-1.88999,2.92500
597.45000,1.22700,-1.88784,2.92452
597.50000,1.21724,-1.88568,2.92403
597.55000,1.20747,-1.88352,2.92356
597.60000,1.19770,-1.88135,2.92312
597.65000,1.18794,-1.87918,2.92266
597.70000,1.17817,-1.87701,2.92216
597.75000,1.16840,-1.87483,2.92167
597.80000,1.15864,-1.87264,2.92122
597.85000,1.14888,-1.87046,2.92077
597.90000,1.13913,-1.86826,2.92032
597.95000,1.12937,-1.86607,2.91986
598.00000,1.11962,-1.86387,2.91940
598.05000,1.10987,-1.86166,2.91894
598.10000,1.10011,-1.85945,2.91847
598.15000,1.09036,-1.85724,2.91800
598.20000,1.08061,-1.85502,2.91752
598.25000,1.07086,-1.85280,2.91705
598.30000,1.06111,-1.85057,2.91655
598.35000,1.05136,-1.84834,2.91605
598.40000,1.04161,-1.84610,2.91554
598.45000,1.03186,-1.84386,2.91504
598.50000,1.02212,-1.84161,2.91454
598.55000,1.01236,-1.83936,2.91402
598.60000,1.00261,-1.83710,2.91351
598.65000,0.99286,-1.83484,2.91301
598.70000,0.98310,-1.83256,2.91250
598.75000,0.97336,-1.83029,2.91207
598.80000,0.96364,-1.82800,2.91153
598.85000,0.95391,-1.82571,2.91099
598.90000,0.94420,-1.82341,2.91045
598.95000,0.93448,-1.82111,2.90990
599.00000,0.92476,-1.81879,2.90935
599.05000,0.91505,-1.81648,2.90879
599.10000,0.90533,-1.81417,2.90821
599.15000,0.89561,-1.81185,2.90764
599.20000,0.88589,-1.80953,2.90720
599.25000,0.87616,-1.80721,2.90668
599.30000,0.86644,-1.80488,2.90623
599.35000,0.85672,-1.80255,2.90577
599.40000,0.84703,-1.80021,2.90539
599.45000,0.83733,-1.79788,2.90501
599.50000,0.82763,-1.79554,2.90462
599.55000,0.81794,-1.79320,2.90422
599.60000,0.80825,-1.79086,2.90382
599.65000,0.79856,-1.78851,2.90340
599.70000,0.78887,-1.78615,2.90298
599.75000,0.77918,-1.78380,2.90255
599.80000,0.76949,-1.78143,2.90198
599.85000,0.75979,-1.77906,2.90138
599.90000,0.75010,-1.77668,2.90077
599.95000,0.74041,-1.77430,2.90017
600.00000,0.73072,-1.77191,2.89956
600.05000,0.72103,-1.76951,2.89896
600.10000,0.71134,-1.76711,2.89836
600.15000,0.70165,-1.76471,2.89775
600.20000,0.69197,-1.76229,2.89715
600.25000,0.68228,-1.75987,2.89653
600.30000,0.67259,-1.75745,2.89584
600.35000,0.66290,-1.75501,2.89519
600.40000,0.65320,-1.75257,2.89452
600.45000,0.64351,-1.75012,2.89385
600.50000,0.63381,-1.74767,2.89319
600.55000,0.62412,-1.74521,2.89253
600.60000,0.61443,-1.74274,2.89187
600.65000,0.60474,-1.74026,2.89121
600.70000,0.59505,-1.73778,2.89056
600.75000,0.58536,-1.73530,2.88997
600.80000,0.57568,-1.73280,2.88937
600.85000,0.56600,-1.73030,2.88881
600.90000,0.55632,-1.72780,2.88825
600.95000,0.54664,-1.72529,2.88769
601.00000,0.53697,-1.72278,2.88714
601.05000,0.52729,-1.72026,2.88659
601.10000,0.51762,-1.71773,2.88604
601.15000,0.50795,-1.71521,2.88550
601.20000,0.49827,-1.71267,2.88495
601.25000,0.48860,-1.71013,2.88441
601.30000,0.47893,-1.70759,2.88386
601.35000,0.46926,-1.70504,2.88332
601.40000,0.45959,-1.70248,2.88277
601.45000,0.44992,-1.69992,2.88222
601.50000,0.44025,-1.69736,2.88168
601.55000,0.43059,-1.69479,2.88114
601.60000,0.42093,-1.69221,2.88058
601.65000,0.41126,-1.68963,2.88008
601.70000,0.40160,-1.68704,2.87954
601.75000,0.39193,-1.68445,2.87901
601.80000,0.38225,-1.68184,2.87849
601.85000,0.37259,-1.67924,2.87806
601.90000,0.36295,-1.67664,2.87757
601.95000,0.35330,-1.67403,2.87708
602.00000,0.34366,-1.67141,2.87656
602.05000,0.33403,-1.66878,2.87602
602.10000,0.32439,-1.66614,2.87549
602.15000,0.31476,-1.66350,2.87496
602.20000,0.30513,-1.66085,2.87442
602.25000,0.29550,-1.65820,2.87389
602.30000,0.28588,-1.65553,2.87336
602.35000,0.27625,-1.65288,2.87282
602.40000,0.26661,-1.65022,2.87240
602.45000,0.25697,-1.64756,2.87199
602.50000,0.24735,-1.64490,2.87156
602.55000,0.23774,-1.64224,2.87121
602.60000,0.22812,-1.63957,2.87075
602.65000,0.21849,-1.63689,2.87025
602.70000,0.20887,-1.63421,2.86975
602.75000,0.19925,-1.63153,2.86925
602.80000,0.18963,-1.62884,2.86876
602.85000,0.18001,-1.62615,2.86828
602.90000,0.17040,-1.62345,2.86779
602.95000,0.16078,-1.62075,2.86731
603.00000,0.15117,-1.61804,2.86684
603.05000,0.14156,-1.61533,2.86636
603.10000,0.13194,-1.61261,2.86589
603.15000,0.12233,-1.60989,2.86543
603.20000,0.11272,-1.60716,2.86496
603.25000,0.10312,-1.60443,2.86451
603.30000,0.09351,-1.60170,2.86405
603.35000,0.08390,-1.59896,2.86367
603.40000,0.07428,-1.59621,2.86329
603.45000,0.06466,-1.59346,2.86291
603.50000,0.05504,-1.59070,2.86251
603.55000,0.04543,-1.58795,2.86206
603.60000,0.03582,-1.58519,2.86159
603.65000,0.02622,-1.58242,2.86115
603.70000,0.01662,-1.57965,2.86069
603.75000,0.00702,-1.57688,2.86025
603.80000,-0.00258,-1.57410,2.85982
603.85000,-0.01218,-1.57132,2.85939
603.90000,-0.02178,-1.56853,2.85897
603.95000,-0.03138,-1.56574,2.85855
604.00000,-0.04099,-1.56295,2.85812
604.05000,-0.05059,-1.56015,2.85770
604.10000,-0.06019,-1.55735,2.85732
604.15000,-0.06978,-1.55454,2.85695
604.20000,-0.07938,-1.55173,2.85657
604.25000,-0.08897,-1.54892,2.85620
604.30000,-0.09857,-1.54610,2.85583
604.35000,-0.10816,-1.54328,2.85546
604.40000,-0.11776,-1.54046,2.85506
604.45000,-0.12736,-1.53763,2.85469
604.50000,-0.13695,-1.53480,2.85432
604.55000,-0.14654,-1.53196,2.85395
604.60000,-0.15614,-1.52913,2.85359
604.65000,-0.16573,-1.52629,2.85322
604.70000,-0.17532,-1.52344,2.85290
604.75000,-0.18491,-1.52059,2.85256
604.80000,-0.19450,-1.51774,2.85219
604.85000,-0.20409,-1.51489,2.85189
604.90000,-0.21369,-1.51202,2.85159
604.95000,-0.22330,-1.50915,2.85126
605.00000,-0.23231,-1.50653,2.84022
605.05000,-0.23874,-1.50447,2.82705
605.10000,-0.24538,-1.50234,2.81097
605.15000,-0.24985,-1.50073,2.77083
605.20000,-0.25471,-1.49870,2.72123
605.25000,-0.26040,-1.49596,2.66748
605.30000,-0.26653,-1.49259,2.61062
605.35000,-0.27293,-1.48858,2.55187
605.40000,-0.27938,-1.48397,2.49170
605.45000,-0.28582,-1.47876,2.43087
605.50000,-0.29204,-1.47306,2.36930
605.55000,-0.29795,-1.46693,2.30700
605.60000,-0.30364,-1.46025,2.24499
605.65000,-0.30894,-1.45318,2.18276
605.70000,-0.31382,-1.44574,2.12039
605.75000,-0.31829,-1.43790,2.05829
605.80000,-0.32226,-1.42982,1.99595
605.85000,-0.32579,-1.42134,1.93419
605.90000,-0.32887,-1.41242,1.87325
605.95000,-0.33137,-1.40344,1.81187
606.00000,-0.33333,-1.39425,1.75075
606.05000,-0.33465,-1.38521,1.70257
606.10000,-0.33541,-1.37775,1.67425
606.15000,-0.33572,-1.37322,1.66046
606.20000,-0.33575,-1.37123,1.66087
606.25000,-0.33579,-1.37079,1.66898
606.30000,-0.33581,-1.37053,1.67763
606.35000,-0.33584,-1.37030,1.68669
606.40000,-0.33587,-1.36992,1.69669
606.45000,-0.33592,-1.36950,1.70678
606.50000,-0.33596,-1.36921,1.71720
606.55000,-0.33600,-1.36885,1.72809
606.60000,-0.33606,-1.36845,1.73910
606.65000,-0.33612,-1.36807,1.75050
606.70000,-0.33618,-1.36766,1.76197
606.75000,-0.33623,-1.36740,1.77392
606.80000,-0.33631,-1.36694,1.78594
606.85000,-0.33639,-1.36659,1.79826
606.90000,-0.33646,-1.36625,1.81051
606.95000,-0.33654,-1.36596,1.82261
607.00000,-0.33660,-1.36570,1.82075
607.05000,-0.33697,-1.36427,1.79640
607.10000,-0.33778,-1.36037,1.76181
607.15000,-0.33871,-1.35571,1.73461
607.20000,-0.33943,-1.35108,1.72612
607.25000,-0.33963,-1.34908,1.73246
607.30000,-0.33968,-1.34866,1.74683
607.35000,-0.33973,-1.34831,1.76096
607.40000,-0.33979,-1.34794,1.77599
607.45000,-0.33985,-1.34764,1.77528
607.50000,-0.34016,-1.34618,1.75154
607.55000,-0.34059,-1.34363,1.73443
607.60000,-0.34090,-1.34168,1.72414
607.65000,-0.34112,-1.34013,1.71151
607.70000,-0.34124,-1.33900,1.72113
607.75000,-0.34126,-1.33866,1.73675
607.80000,-0.34132,-1.33830,1.75181
607.85000,-0.34135,-1.33804,1.75126
607.90000,-0.34140,-1.33793,1.74747
607.95000,-0.34147,-1.33753,1.76185
608.00000,-0.34152,-1.33713,1.77737
608.05000,-0.34160,-1.33661,1.79351
608.10000,-0.34178,-1.33591,1.80001
608.15000,-0.34216,-1.33441,1.77834
608.20000,-0.34289,-1.33113,1.76223
608.25000,-0.34335,-1.32830,1.75790
608.30000,-0.34369,-1.32605,1.75323
608.35000,-0.34390,-1.32473,1.74969
608.40000,-0.34426,-1.32321,1.72773
608.45000,-0.34473,-1.32015,1.71051
608.50000,-0.34511,-1.31708,1.70885
608.55000,-0.34521,-1.31586,1.72023
608.60000,-0.34527,-1.31533,1.73693
608.65000,-0.34529,-1.31513,1.75345
608.70000,-0.34536,-1.31476,1.76937
608.75000,-0.34542,-1.31446,1.78588
608.80000,-0.34550,-1.31399,1.80258
608.85000,-0.34562,-1.31354,1.80471
608.90000,-0.34591,-1.31268,1.78920
608.95000,-0.34672,-1.30953,1.76289
609.00000,-0.34757,-1.30488,1.74205
609.05000,-0.34819,-1.30071,1.74049
609.10000,-0.34835,-1.29837,1.73797
609.15000,-0.34874,-1.29619,1.71560
609.20000,-0.34917,-1.29276,1.70151
609.25000,-0.34946,-1.29019,1.69258
609.30000,-0.34985,-1.28677,1.66617
609.35000,-0.35030,-1.28103,1.63136
609.40000,-0.35056,-1.27515,1.61204
609.45000,-0.35061,-1.27072,1.61151
609.50000,-0.35064,-1.26922,1.62402
609.55000,-0.35067,-1.26854,1.64278
609.60000,-0.35071,-1.26787,1.66205
609.65000,-0.35076,-1.26716,1.68146
609.70000,-0.35083,-1.26646,1.70114
609.75000,-0.35094,-1.26564,1.72109
609.80000,-0.35107,-1.26483,1.74114
609.85000,-0.35122,-1.26402,1.76128
609.90000,-0.35138,-1.26321,1.78149
609.95000,-0.35148,-1.26278,1.78518
610.00000,-0.35193,-1.26148,1.76859
610.05000,-0.35282,-1.25694,1.73995
610.10000,-0.35382,-1.25036,1.70366
610.15000,-0.35470,-1.24254,1.66158
610.20000,-0.35524,-1.23541,1.63856
610.25000,-0.35543,-1.23008,1.63601
610.30000,-0.35545,-1.22686,1.64365
610.35000,-0.35550,-1.22579,1.66270
610.40000,-0.35556,-1.22494,1.68414
610.45000,-0.35565,-1.22408,1.70570
610.50000,-0.35575,-1.22322,1.72732
610.55000,-0.35583,-1.22268,1.73101
610.60000,-0.35615,-1.22074,1.71262
610.65000,-0.35674,-1.21648,1.68372
610.70000,-0.35721,-1.21166,1.66757
610.75000,-0.35750,-1.20802,1.65779
610.80000,-0.35769,-1.20514,1.64412
610.85000,-0.35785,-1.20211,1.64926
610.90000,-0.35790,-1.20077,1.66677
610.95000,-0.35804,-1.20005,1.68135
611.00000,-0.35819,-1.19912,1.68988
611.05000,-0.35835,-1.19816,1.70144
611.10000,-0.35868,-1.19707,1.70063
611.15000,-0.35909,-1.19452,1.69518
611.20000,-0.35935,-1.19194,1.70407
611.25000,-0.35941,-1.19140,1.70679
611.30000,-0.35968,-1.18960,1.68702
611.35000,-0.36019,-1.18515,1.65749
611.40000,-0.36055,-1.17955,1.63764
611.45000,-0.36082,-1.17435,1.63531
611.50000,-0.36088,-1.17224,1.63248
611.55000,-0.36093,-1.17091,1.62617
611.60000,-0.36101,-1.16948,1.63808
611.65000,-0.36103,-1.16896,1.65794
611.70000,-0.36107,-1.16863,1.67737
611.75000,-0.36114,-1.16828,1.69001
611.80000,-0.36129,-1.16790,1.68971
611.85000,-0.36166,-1.16528,1.68260
611.90000,-0.36187,-1.16299,1.67855
611.95000,-0.36215,-1.16020,1.65361
612.00000,-0.36248,-1.15513,1.61918
612.05000,-0.36268,-1.14809,1.57945
612.10000,-0.36265,-1.14129,1.55771
612.15000,-0.36260,-1.13561,1.55296
612.20000,-0.36257,-1.13040,1.55207
612.25000,-0.36253,-1.12537,1.55291
612.30000,-0.36249,-1.12129,1.55852
612.35000,-0.36248,-1.11855,1.57090
612.40000,-0.36249,-1.11727,1.59117
612.45000,-0.36250,-1.11679,1.61315
612.50000,-0.36252,-1.11645,1.63460
612.55000,-0.36247,-1.11625,1.64776
612.60000,-0.36255,-1.11643,1.64655
612.65000,-0.36279,-1.11489,1.62804
612.70000,-0.36299,-1.11034,1.60930
612.75000,-0.36305,-1.10565,1.60936
612.80000,-0.36308,-1.10308,1.62240
612.85000,-0.36312,-1.10214,1.64489
612.90000,-0.36310,-1.10150,1.66138
612.95000,-0.36316,-1.10143,1.65986
613.00000,-0.36346,-1.10036,1.65388
613.05000,-0.36359,-1.09867,1.65326
613.10000,-0.36374,-1.09710,1.64028
613.15000,-0.36406,-1.09408,1.62487
613.20000,-0.36421,-1.09144,1.61388
613.25000,-0.36428,-1.08932,1.60148
613.30000,-0.36432,-1.08670,1.60514
613.35000,-0.36434,-1.08400,1.61288
613.40000,-0.36438,-1.08226,1.63142
613.45000,-0.36433,-1.08152,1.64592
613.50000,-0.36430,-1.08126,1.64473
613.55000,-0.36454,-1.07981,1.64043
613.60000,-0.36468,-1.07787,1.63712
613.65000,-0.36485,-1.07502,1.61387
613.70000,-0.36496,-1.07057,1.59690
613.75000,-0.36503,-1.06584,1.59584
613.80000,-0.36505,-1.06249,1.60601
613.85000,-0.36509,-1.06035,1.62265
613.90000,-0.36514,-1.05931,1.64546
613.95000,-0.36517,-1.05890,1.65343
614.00000,-0.36525,-1.05852,1.64369
614.05000,-0.36553,-1.05627,1.63456
614.10000,-0.36581,-1.05339,1.63616
614.15000,-0.36594,-1.05080,1.64962
614.20000,-0.36601,-1.04982,1.67248
614.25000,-0.36606,-1.04929,1.67982
614.30000,-0.36623,-1.04814,1.66599
614.35000,-0.36658,-1.04399,1.63665
614.40000,-0.36686,-1.03803,1.59851
614.45000,-0.36690,-1.03084,1.55446
614.50000,-0.36668,-1.02324,1.52596
614.55000,-0.36642,-1.01638,1.51948
614.60000,-0.36626,-1.01170,1.52538
614.65000,-0.36614,-1.00817,1.53783
614.70000,-0.36608,-1.00538,1.55446
614.75000,-0.36608,-1.00340,1.57544
614.80000,-0.36609,-1.00239,1.60121
614.85000,-0.36613,-1.00141,1.62723
614.90000,-0.36619,-1.00043,1.65326
614.95000,-0.36624,-0.99995,1.66388
615.00000,-0.36636,-0.99985,1.65693
615.05000,-0.36647,-0.99872,1.64501
615.10000,-0.36661,-0.99682,1.62733
615.15000,-0.36676,-0.99385,1.60305
615.20000,-0.36687,-0.98866,1.57976
615.25000,-0.36688,-0.98272,1.57255
615.30000,-0.36688,-0.97697,1.57321
615.35000,-0.36688,-0.97181,1.57785
615.40000,-0.36689,-0.96806,1.59010
615.45000,-0.36692,-0.96597,1.61124
615.50000,-0.36694,-0.96542,1.62447
615.55000,-0.36702,-0.96513,1.62044
615.60000,-0.36709,-0.96411,1.61021
615.65000,-0.36725,-0.96108,1.59944
615.70000,-0.36735,-0.95701,1.60024
615.75000,-0.36739,-0.95406,1.61529
615.80000,-0.36743,-0.95286,1.63985
615.85000,-0.36747,-0.95230,1.64870
615.90000,-0.36760,-0.95119,1.63689
615.95000,-0.36782,-0.94844,1.62708
616.00000,-0.36793,-0.94571,1.62442
616.05000,-0.36804,-0.94323,1.62057
616.10000,-0.36810,-0.94128,1.62142
616.15000,-0.36819,-0.93986,1.61072
616.20000,-0.36827,-0.93793,1.59367
616.25000,-0.36834,-0.93366,1.57845
616.30000,-0.36835,-0.92850,1.57784
616.35000,-0.36836,-0.92450,1.58723
616.40000,-0.36838,-0.92189,1.60427
616.45000,-0.36841,-0.92074,1.62898
616.50000,-0.36848,-0.91977,1.65496
616.55000,-0.36842,-0.91893,1.67452
616.60000,-0.36831,-0.91869,1.67503
616.65000,-0.36834,-0.91846,1.66739
616.70000,-0.36849,-0.91703,1.65543
616.75000,-0.36866,-0.91493,1.63628
616.80000,-0.36886,-0.91140,1.61016
616.85000,-0.36904,-0.90654,1.57661
616.90000,-0.36898,-0.89974,1.54983
616.95000,-0.36887,-0.89306,1.54408
617.00000,-0.36884,-0.88885,1.55199
617.05000,-0.36883,-0.88733,1.57382
617.10000,-0.36884,-0.88636,1.59921
617.15000,-0.36888,-0.88538,1.62463
617.20000,-0.36893,-0.88443,1.65011
617.25000,-0.36891,-0.88368,1.67020
617.30000,-0.36890,-0.88338,1.67585
617.35000,-0.36891,-0.88341,1.67043
617.40000,-0.36898,-0.88285,1.65985
617.45000,-0.36912,-0.88115,1.64212
617.50000,-0.36932,-0.87753,1.61481
617.55000,-0.36952,-0.87237,1.57907
617.60000,-0.36947,-0.86539,1.55116
617.65000,-0.36939,-0.85895,1.54606
617.70000,-0.36937,-0.85506,1.55493
617.75000,-0.36936,-0.85340,1.57521
617.80000,-0.36938,-0.85245,1.59992
617.85000,-0.36941,-0.85187,1.60918
617.90000,-0.36942,-0.85154,1.61603
617.95000,-0.36945,-0.85099,1.64139
618.00000,-0.36947,-0.85033,1.66593
618.05000,-0.36944,-0.84984,1.67966
618.10000,-0.36966,-0.84914,1.67172
618.15000,-0.37005,-0.84509,1.64555
618.20000,-0.37036,-0.83950,1.62529
618.25000,-0.37052,-0.83544,1.61322
618.30000,-0.37060,-0.83246,1.59947
618.35000,-0.37064,-0.82918,1.60559
618.40000,-0.37066,-0.82722,1.62446
618.45000,-0.37067,-0.82669,1.63859
618.50000,-0.37080,-0.82583,1.62792
618.55000,-0.37094,-0.82260,1.61835
618.60000,-0.37104,-0.82005,1.61163
618.65000,-0.37109,-0.81853,1.60942
618.70000,-0.37113,-0.81753,1.63185
618.75000,-0.37117,-0.81688,1.65563
618.80000,-0.37125,-0.81600,1.68015
618.85000,-0.37131,-0.81552,1.69109
618.90000,-0.37149,-0.81507,1.68671
618.95000,-0.37195,-0.81192,1.66388
619.00000,-0.37244,-0.80553,1.63011
619.05000,-0.37271,-0.79842,1.60626
619.10000,-0.37281,-0.79163,1.59967
619.15000,-0.37282,-0.78705,1.60567
619.20000,-0.37284,-0.78464,1.62319
619.25000,-0.37286,-0.78400,1.64819
619.30000,-0.37291,-0.78331,1.67295
619.35000,-0.37296,-0.78274,1.68220
619.40000,-0.37300,-0.78231,1.68627
619.45000,-0.37303,-0.78196,1.69213
619.50000,-0.37314,-0.78146,1.69163
619.55000,-0.37326,-0.78080,1.69904
619.60000,-0.37361,-0.77949,1.68970
619.65000,-0.37413,-0.77522,1.66340
619.70000,-0.37453,-0.76971,1.64381
619.75000,-0.37480,-0.76438,1.64368
619.80000,-0.37489,-0.76138,1.65671
619.85000,-0.37494,-0.76067,1.67850
619.90000,-0.37505,-0.75972,1.70397
619.95000,-0.37511,-0.75920,1.71277
620.00000,-0.37543,-0.75713,1.69789
620.05000,-0.37595,-0.75263,1.67032
620.10000,-0.37646,-0.74650,1.63391
620.15000,-0.37677,-0.73941,1.60455
620.20000,-0.37684,-0.73215,1.59430
620.25000,-0.37685,-0.72670,1.59711
620.30000,-0.37687,-0.72326,1.60889
620.35000,-0.37690,-0.72229,1.63166
620.40000,-0.37697,-0.72129,1.65875
620.45000,-0.37708,-0.72028,1.68580
620.50000,-0.37710,-0.71983,1.71244
620.55000,-0.37716,-0.71936,1.73780
620.60000,-0.37724,-0.71890,1.74690
620.65000,-0.37771,-0.71692,1.73442
620.70000,-0.37851,-0.71192,1.71039
620.75000,-0.37937,-0.70510,1.67751
620.80000,-0.37999,-0.69781,1.65331
620.85000,-0.38026,-0.69134,1.65090
620.90000,-0.38033,-0.68768,1.66198
620.95000,-0.38034,-0.68673,1.68457
621.00000,-0.38045,-0.68593,1.71131
621.05000,-0.38049,-0.68532,1.73853
621.10000,-0.38056,-0.68461,1.76572
621.15000,-0.38067,-0.68470,1.78115
621.20000,-0.38107,-0.68377,1.77680
621.25000,-0.38185,-0.68096,1.76301
621.30000,-0.38305,-0.67563,1.73875
621.35000,-0.38447,-0.66834,1.70741
621.40000,-0.38534,-0.66054,1.68483
621.45000,-0.38593,-0.65359,1.68009
621.50000,-0.38621,-0.64909,1.68760
621.55000,-0.38631,-0.64734,1.70797
621.60000,-0.38634,-0.64714,1.73343
621.65000,-0.38643,-0.64660,1.75901
621.70000,-0.38650,-0.64627,1.78399
621.75000,-0.38656,-0.64600,1.79213
621.80000,-0.38720,-0.64369,1.78142
621.85000,-0.38822,-0.63880,1.75675
621.90000,-0.38935,-0.63217,1.72316
621.95000,-0.39033,-0.62477,1.70106
622.00000,-0.39105,-0.61823,1.69939
622.05000,-0.39146,-0.61407,1.70903
622.10000,-0.39162,-0.61197,1.72910
622.15000,-0.39166,-0.61143,1.75602
622.20000,-0.39180,-0.61053,1.78397
622.25000,-0.39189,-0.61006,1.81036
622.30000,-0.39199,-0.60958,1.82240
622.35000,-0.39268,-0.60742,1.81245
622.40000,-0.39395,-0.60235,1.79038
622.45000,-0.39520,-0.59611,1.77709
622.50000,-0.39613,-0.59087,1.78084
622.55000,-0.39650,-0.58847,1.79750
622.60000,-0.39665,-0.58767,1.82373
622.65000,-0.39679,-0.58706,1.84962
622.70000,-0.39713,-0.58619,1.87115
622.75000,-0.39764,-0.58518,1.87452
622.80000,-0.39875,-0.58235,1.86144
622.85000,-0.40062,-0.57624,1.83335
622.90000,-0.40277,-0.56794,1.79928
622.95000,-0.40454,-0.55963,1.77468
623.00000,-0.40589,-0.55227,1.76652
623.05000,-0.40686,-0.54704,1.77051
623.10000,-0.40715,-0.54493,1.79051
623.15000,-0.40726,-0.54429,1.81661
623.20000,-0.40748,-0.54339,1.84359
623.25000,-0.40772,-0.54248,1.87048
623.30000,-0.40795,-0.54165,1.89700
623.35000,-0.40810,-0.54094,1.91464
623.40000,-0.40855,-0.53981,1.91382
623.45000,-0.41023,-0.53516,1.89228
623.50000,-0.41225,-0.52874,1.86014
623.55000,-0.41438,-0.52105,1.82148
623.60000,-0.41624,-0.51294,1.79710
623.65000,-0.41763,-0.50638,1.79419
623.70000,-0.41838,-0.50263,1.80586
623.75000,-0.41863,-0.50119,1.82891
623.80000,-0.41885,-0.50029,1.85573
623.85000,-0.41905,-0.49949,1.88250
623.90000,-0.41934,-0.49859,1.90912
623.95000,-0.41964,-0.49771,1.93555
624.00000,-0.41979,-0.49741,1.94958
624.05000,-0.42038,-0.49617,1.94669
624.10000,-0.42228,-0.49139,1.92438
624.15000,-0.42457,-0.48486,1.89222
624.20000,-0.42680,-0.47766,1.87245
624.25000,-0.42855,-0.47177,1.87129
624.30000,-0.42938,-0.46879,1.88525
624.35000,-0.42966,-0.46785,1.91082
624.40000,-0.42995,-0.46701,1.93715
624.45000,-0.43026,-0.46622,1.96327
624.50000,-0.43042,-0.46604,1.97430
624.55000,-0.43130,-0.46420,1.96692
624.60000,-0.43332,-0.45926,1.94338
624.65000,-0.43579,-0.45264,1.91079
624.70000,-0.43824,-0.44531,1.89005
624.75000,-0.44022,-0.43914,1.88678
624.80000,-0.44142,-0.43542,1.89621
624.85000,-0.44194,-0.43380,1.91682
624.90000,-0.44225,-0.43293,1.94147
624.95000,-0.44259,-0.43206,1.96582
625.00000,-0.44292,-0.43126,1.98999
625.05000,-0.44316,-0.43088,1.99749
625.10000,-0.44448,-0.42810,1.98580
625.15000,-0.44670,-0.42292,1.96139
625.20000,-0.44933,-0.41652,1.94490
625.25000,-0.45114,-0.41175,1.94555
625.30000,-0.45184,-0.40988,1.96155
625.35000,-0.45214,-0.40914,1.98377
625.40000,-0.45250,-0.40835,2.00567
625.45000,-0.45282,-0.40763,2.02711
625.50000,-0.45299,-0.40735,2.03720
625.55000,-0.45413,-0.40526,2.02907
625.60000,-0.45656,-0.40020,2.00478
625.65000,-0.45953,-0.39351,1.97173
625.70000,-0.46256,-0.38603,1.95046
625.75000,-0.46474,-0.38034,1.94577
625.80000,-0.46609,-0.37686,1.95332
625.85000,-0.46662,-0.37544,1.97224
625.90000,-0.46693,-0.37471,1.99495
625.95000,-0.46728,-0.37396,2.01711
626.00000,-0.46766,-0.37317,2.03875
626.05000,-0.46801,-0.37248,2.06052
626.10000,-0.46822,-0.37213,2.06944
626.15000,-0.46970,-0.36952,2.05855
626.20000,-0.47237,-0.36433,2.03381
626.25000,-0.47557,-0.35765,2.00065
626.30000,-0.47873,-0.35046,1.98027
626.35000,-0.48118,-0.34468,1.97446
626.40000,-0.48266,-0.34118,1.98097
626.45000,-0.48353,-0.33914,1.99602
626.50000,-0.48389,-0.33833,2.01787
626.55000,-0.48425,-0.33756,2.03992
626.60000,-0.48464,-0.33681,2.06169
626.65000,-0.48504,-0.33607,2.08286
626.70000,-0.48521,-0.33579,2.09387
626.75000,-0.48633,-0.33402,2.08858
626.80000,-0.48875,-0.32971,2.06849
626.85000,-0.49182,-0.32394,2.05513
626.90000,-0.49380,-0.32011,2.05640
626.95000,-0.49456,-0.31859,2.07053
627.00000,-0.49491,-0.31794,2.08967
627.05000,-0.49525,-0.31729,2.10931
627.10000,-0.49520,-0.31707,2.11986
627.15000,-0.49601,-0.31574,2.11592
627.20000,-0.49839,-0.31175,2.09653
627.25000,-0.50173,-0.30579,2.06588
627.30000,-0.50536,-0.29881,2.04441
627.35000,-0.50811,-0.29333,2.03530
627.40000,-0.51032,-0.28887,2.03163
627.45000,-0.51147,-0.28650,2.03946
627.50000,-0.51189,-0.28563,2.05591
627.55000,-0.51223,-0.28498,2.07263
627.60000,-0.51256,-0.28438,2.08847
627.65000,-0.51276,-0.28403,2.10258
627.70000,-0.51304,-0.28353,2.11688
627.75000,-0.51326,-0.28315,2.13040
627.80000,-0.51355,-0.28276,2.13762
627.85000,-0.51489,-0.28080,2.13167
627.90000,-0.51752,-0.27655,2.11544
627.95000,-0.52067,-0.27128,2.10368
628.00000,-0.52280,-0.26758,2.10085
628.05000,-0.52368,-0.26602,2.10942
628.10000,-0.52398,-0.26551,2.12346
628.15000,-0.52418,-0.26518,2.13671
628.20000,-0.52440,-0.26485,2.14965
628.25000,-0.52462,-0.26451,2.16216
628.30000,-0.52485,-0.26419,2.16954
628.35000,-0.52646,-0.26196,2.16205
628.40000,-0.52951,-0.25735,2.14331
628.45000,-0.53297,-0.25185,2.12806
628.50000,-0.53496,-0.24859,2.12313
628.55000,-0.53632,-0.24636,2.12258
628.60000,-0.53871,-0.24303,2.12596
628.65000,-0.54381,-0.23507,2.13248
628.70000,-0.54917,-0.22662,2.13965
628.75000,-0.55458,-0.21823,2.14671
628.80000,-0.56005,-0.20988,2.15375
628.85000,-0.56557,-0.20156,2.16076
628.90000,-0.57116,-0.19328,2.16784
628.95000,-0.57681,-0.18504,2.17521
629.00000,-0.58252,-0.17684,2.18300
629.05000,-0.58830,-0.16868,2.19134
629.10000,-0.59419,-0.16051,2.20069
629.15000,-0.60012,-0.15245,2.21028
629.20000,-0.60609,-0.14443,2.21989
629.25000,-0.61044,-0.13803,2.22968
629.30000,-0.61092,-0.13683,2.24126
629.35000,-0.61127,-0.13637,2.25265
629.40000,-0.61291,-0.13459,2.26345
629.45000,-0.61893,-0.12748,2.27222
629.50000,-0.62540,-0.11988,2.28051
629.55000,-0.63194,-0.11233,2.28867
629.60000,-0.63854,-0.10484,2.29671
629.65000,-0.64520,-0.09740,2.30464
629.70000,-0.65195,-0.08997,2.31269
629.75000,-0.65874,-0.08263,2.32053
629.80000,-0.66558,-0.07533,2.32839
629.85000,-0.67248,-0.06810,2.33650
629.90000,-0.67948,-0.06087,2.34513
629.95000,-0.68663,-0.05362,2.35448
630.00000,-0.69388,-0.04642,2.36427
630.05000,-0.70118,-0.03929,2.37435
630.10000,-0.70856,-0.03225,2.38498
630.15000,-0.71605,-0.02525,2.39631
630.20000,-0.72365,-0.01831,2.40828
630.25000,-0.73136,-0.01145,2.42082
630.30000,-0.73912,-0.00471,2.43369
630.35000,-0.74702,0.00196,2.44711
630.40000,-0.75502,0.00853,2.46100
630.45000,-0.76307,0.01496,2.47508
630.50000,-0.77118,0.02124,2.48957
630.55000,-0.77862,0.02685,2.49159
630.60000,-0.78395,0.03093,2.48361
630.65000,-0.79008,0.03572,2.48714
630.70000,-0.79808,0.04180,2.50028
630.75000,-0.80022,0.04314,2.51467
630.80000,-0.80084,0.04359,2.53044
630.85000,-0.80154,0.04408,2.53422
630.90000,-0.80516,0.04672,2.53314
630.95000,-0.80990,0.05001,2.52385
631.00000,-0.81406,0.05299,2.51643
631.05000,-0.81636,0.05459,2.52168
631.10000,-0.81727,0.05522,2.53491
631.15000,-0.81787,0.05563,2.55032
631.20000,-0.81881,0.05625,2.55241
631.25000,-0.82240,0.05870,2.53999
631.30000,-0.82787,0.06256,2.51552
631.35000,-0.83341,0.06660,2.50089
631.40000,-0.83589,0.06836,2.50384
631.45000,-0.83641,0.06872,2.51874
631.50000,-0.83689,0.06906,2.53345
631.55000,-0.83745,0.06944,2.54850
631.60000,-0.83802,0.06982,2.56339
631.65000,-0.83858,0.07016,2.57814
631.70000,-0.83906,0.07047,2.58198
631.75000,-0.84104,0.07175,2.57791
631.80000,-0.84458,0.07402,2.56450
631.85000,-0.85066,0.07812,2.53483
631.90000,-0.85742,0.08285,2.50970
631.95000,-0.86164,0.08590,2.50090
632.00000,-0.86304,0.08692,2.50920
632.05000,-0.86348,0.08725,2.52309
632.10000,-0.86391,0.08756,2.53702
632.15000,-0.86438,0.08789,2.55112
632.20000,-0.86487,0.08820,2.56553
632.25000,-0.86531,0.08849,2.57952
632.30000,-0.86579,0.08878,2.59362
632.35000,-0.86644,0.08917,2.59671
632.40000,-0.86944,0.09105,2.58629
632.45000,-0.87472,0.09444,2.56268
632.50000,-0.88049,0.09823,2.54640
632.55000,-0.88410,0.10059,2.54324
632.60000,-0.88495,0.10114,2.55436
632.65000,-0.88552,0.10151,2.56931
632.70000,-0.88611,0.10189,2.58437
632.75000,-0.88672,0.10226,2.59937
632.80000,-0.88733,0.10261,2.61430
632.85000,-0.88794,0.10296,2.62915
632.90000,-0.88840,0.10321,2.63281
632.95000,-0.89088,0.10463,2.62540
633.00000,-0.89557,0.10739,2.60548
633.05000,-0.90143,0.11085,2.58997
633.10000,-0.90475,0.11281,2.58802
633.15000,-0.90570,0.11332,2.59836
633.20000,-0.90607,0.11354,2.61176
633.25000,-0.90634,0.11368,2.62538
633.30000,-0.90683,0.11396,2.63913
633.35000,-0.90766,0.11443,2.64013
633.40000,-0.91128,0.11648,2.62593
633.45000,-0.91672,0.11966,2.60024
633.50000,-0.92282,0.12334,2.58014
633.55000,-0.92658,0.12564,2.57509
633.60000,-0.92773,0.12630,2.58457
633.65000,-0.92803,0.12647,2.59780
633.70000,-0.92837,0.12667,2.61081
633.75000,-0.92870,0.12687,2.62361
633.80000,-0.92896,0.12702,2.63644
633.85000,-0.92931,0.12720,2.64983
633.90000,-0.92990,0.12754,2.65103
633.95000,-0.93310,0.12938,2.63820
634.00000,-0.93858,0.13250,2.61305
634.05000,-0.94456,0.13600,2.59483
634.10000,-0.94802,0.13806,2.59122
634.15000,-0.94870,0.13844,2.60137
634.20000,-0.94899,0.13861,2.61405
634.25000,-0.94933,0.13881,2.62686
634.30000,-0.94961,0.13896,2.63856
634.35000,-0.94987,0.13911,2.65059
634.40000,-0.95028,0.13931,2.66327
634.45000,-0.95061,0.13948,2.67554
634.50000,-0.95105,0.13969,2.68794
634.55000,-0.95179,0.14007,2.68801
634.60000,-0.95556,0.14201,2.67374
634.65000,-0.96117,0.14495,2.64763
634.70000,-0.96726,0.14822,2.62963
634.75000,-0.97140,0.15044,2.62263
634.80000,-0.97325,0.15143,2.62648
634.85000,-0.97380,0.15171,2.63683
634.90000,-0.97404,0.15184,2.64828
634.95000,-0.97431,0.15199,2.66020
635.00000,-0.97473,0.15220,2.67221
635.05000,-0.97506,0.15237,2.68364
635.10000,-0.97596,0.15283,2.68267
635.15000,-0.97796,0.15372,2.68584
635.20000,-0.97832,0.15386,2.69650
635.25000,-0.97923,0.15430,2.69493
635.30000,-0.98134,0.15525,2.69548
635.35000,-0.98230,0.15572,2.69445
635.40000,-0.98451,0.15677,2.69441
635.45000,-0.98564,0.15730,2.69347
635.50000,-0.98743,0.15811,2.69616
635.55000,-0.98764,0.15821,2.70575
635.60000,-0.98795,0.15845,2.70905
635.65000,-0.98948,0.15934,2.71009
635.70000,-0.99027,0.15977,2.70903
635.75000,-0.99375,0.16146,2.69468
635.80000,-0.99918,0.16417,2.66728
635.85000,-1.00531,0.16730,2.64692
635.90000,-1.00904,0.16919,2.63872
635.95000,-1.01001,0.16967,2.64375
636.00000,-1.01023,0.16980,2.65214
636.05000,-1.01054,0.16994,2.66072
636.10000,-1.01082,0.17008,2.66940
636.15000,-1.01106,0.17021,2.67811
636.20000,-1.01140,0.17037,2.68649
636.25000,-1.01151,0.17042,2.69539
636.30000,-1.01159,0.17046,2.70437
636.35000,-1.01192,0.17072,2.70691
636.40000,-1.01329,0.17151,2.70819
636.45000,-1.01395,0.17183,2.70877
636.50000,-1.01561,0.17254,2.71019
636.55000,-1.01596,0.17268,2.71786
636.60000,-1.01633,0.17283,2.72555
636.65000,-1.01920,0.17443,2.73249
636.70000,-1.02786,0.17819,2.73912
636.75000,-1.03668,0.18178,2.73564
636.80000,-1.04388,0.18491,2.71008
636.85000,-1.05052,0.18807,2.68565
636.90000,-1.05656,0.19097,2.67549
636.95000,-1.05845,0.19178,2.67530
637.00000,-1.05873,0.19192,2.68308
637.05000,-1.05904,0.19206,2.69125
637.10000,-1.05940,0.19222,2.69958
637.15000,-1.05985,0.19243,2.70821
637.20000,-1.06034,0.19264,2.71680
637.25000,-1.06082,0.19285,2.72538
637.30000,-1.06332,0.19451,2.73277
637.35000,-1.07002,0.19823,2.73991
637.40000,-1.07928,0.20211,2.74847
637.45000,-1.08849,0.20588,2.75643
637.50000,-1.09795,0.20967,2.76493
637.55000,-1.10746,0.21338,2.77344
637.60000,-1.11700,0.21701,2.78192
637.65000,-1.12657,0.22055,2.79037
637.70000,-1.13617,0.22402,2.79878
637.75000,-1.14579,0.22740,2.80714
637.80000,-1.15545,0.23071,2.81546
637.85000,-1.16513,0.23393,2.82373
637.90000,-1.17484,0.23708,2.83195
637.95000,-1.18457,0.24015,2.84011
638.00000,-1.19432,0.24314,2.84821
638.05000,-1.20410,0.24604,2.85626
638.10000,-1.21390,0.24887,2.86424
638.15000,-1.22372,0.25163,2.87216
638.20000,-1.23356,0.25430,2.88001
638.25000,-1.24252,0.25637,2.87536
638.30000,-1.24922,0.25817,2.86709
638.35000,-1.25619,0.25987,2.85687
638.40000,-1.26180,0.26149,2.83871
638.45000,-1.26837,0.26370,2.83195
638.50000,-1.27724,0.26662,2.83594
638.55000,-1.28697,0.26965,2.84363
638.60000,-1.29672,0.27260,2.85136
638.65000,-1.30650,0.27548,2.85903
638.70000,-1.31629,0.27829,2.86662
638.75000,-1.32609,0.28101,2.87412
638.80000,-1.33592,0.28367,2.88163
638.85000,-1.34577,0.28625,2.88907
638.90000,-1.35552,0.28872,2.89591
638.95000,-1.36526,0.29113,2.90256
639.00000,-1.37501,0.29347,2.90916
639.05000,-1.38476,0.29575,2.91581
639.10000,-1.39453,0.29796,2.92238
639.15000,-1.40432,0.30011,2.92890
639.20000,-1.41411,0.30219,2.93535
639.25000,-1.42391,0.30421,2.94163
639.30000,-1.43370,0.30616,2.94768
639.35000,-1.44350,0.30805,2.95368
639.40000,-1.45332,0.30988,2.95962
639.45000,-1.46314,0.31166,2.96551
639.50000,-1.47298,0.31338,2.97134
639.55000,-1.48282,0.31504,2.97711
639.60000,-1.49268,0.31664,2.98282
639.65000,-1.50254,0.31819,2.98847
639.70000,-1.51242,0.31968,2.99406
639.75000,-1.52230,0.32112,2.99958
639.80000,-1.53219,0.32251,3.00504
639.85000,-1.54208,0.32383,3.01043
639.90000,-1.55199,0.32511,3.01576
639.95000,-1.56190,0.32634,3.02101
640.00000,-1.57181,0.32751,3.02620
640.05000,-1.58174,0.32863,3.03131
640.10000,-1.59166,0.32970,3.03636
640.15000,-1.60160,0.33072,3.04132
640.20000,-1.61153,0.33170,3.04622
640.25000,-1.62148,0.33262,3.05104
640.30000,-1.63142,0.33350,3.05579
640.35000,-1.64137,0.33433,3.06046
640.40000,-1.65135,0.33511,3.06542
640.45000,-1.66140,0.33585,3.07081
640.50000,-1.67142,0.33654,3.07627
640.55000,-1.68143,0.33717,3.08142
640.60000,-1.69145,0.33774,3.08639
640.65000,-1.70150,0.33827,3.09140
640.70000,-1.71154,0.33875,3.09627
640.75000,-1.72160,0.33919,3.10108
640.80000,-1.73162,0.33957,3.10594
640.85000,-1.74165,0.33991,3.11066
640.90000,-1.75172,0.34020,3.11509
640.95000,-1.76177,0.34045,3.11924
641.00000,-1.77187,0.34066,3.12351
641.05000,-1.78195,0.34082,3.12773
641.10000,-1.79202,0.34095,3.13191
641.15000,-1.80208,0.34103,3.13605
641.20000,-1.81211,0.34107,3.14015
641.25000,-1.82213,0.34107,-3.13899
641.30000,-1.83213,0.34103,-3.13499
641.35000,-1.84211,0.34094,-3.13104
641.40000,-1.85211,0.34082,-3.12732
641.45000,-1.86140,0.34072,-3.13640
641.50000,-1.86898,0.34079,3.11741
641.55000,-1.87742,0.34110,3.09485
641.60000,-1.88645,0.34164,3.08902
641.65000,-1.89650,0.34215,3.09202
641.70000,-1.90653,0.34263,3.09494
641.75000,-1.91659,0.34309,3.09787
641.80000,-1.92664,0.34351,3.10075
641.85000,-1.93671,0.34391,3.10354
641.90000,-1.94673,0.34428,3.10607
641.95000,-1.95675,0.34462,3.10871
642.00000,-1.96679,0.34494,3.11126
642.05000,-1.97680,0.34523,3.11364
642.10000,-1.98682,0.34550,3.11598
642.15000,-1.99683,0.34574,3.11829
642.20000,-2.00685,0.34597,3.12053
642.25000,-2.01686,0.34617,3.12271
642.30000,-2.02688,0.34635,3.12482
642.35000,-2.03690,0.34650,3.12687
642.40000,-2.04692,0.34664,3.12887
642.45000,-2.05693,0.34676,3.13081
642.50000,-2.06695,0.34686,3.13270
642.55000,-2.07697,0.34694,3.13456
642.60000,-2.08698,0.34700,3.13634
642.65000,-2.09697,0.34705,3.13806
642.70000,-2.10697,0.34707,3.13975
642.75000,-2.11698,0.34708,3.14139
642.80000,-2.12697,0.34708,-3.14022
642.85000,-2.13698,0.34705,-3.13865
642.90000,-2.14701,0.34701,-3.13701
642.95000,-2.15704,0.34696,-3.13554
643.00000,-2.16704,0.34689,-3.13419
643.05000,-2.17704,0.34681,-3.13285
643.10000,-2.18705,0.34672,-3.13152
643.15000,-2.19707,0.34661,-3.13020
643.20000,-2.20708,0.34649,-3.12899
643.25000,-2.21709,0.34635,-3.12781
643.30000,-2.22712,0.34621,-3.12659
643.35000,-2.23714,0.34605,-3.12545
643.40000,-2.24666,0.34595,-3.13417
643.45000,-2.25457,0.34595,3.13758
643.50000,-2.26416,0.34600,3.13650
643.55000,-2.27417,0.34605,3.13737
643.60000,-2.28417,0.34609,3.13822
643.65000,-2.29419,0.34612,3.13902
643.70000,-2.30395,0.34615,3.13502
643.75000,-2.31290,0.34623,3.12877
643.80000,-2.32280,0.34636,3.12858
643.85000,-2.33280,0.34649,3.12856
643.90000,-2.34280,0.34662,3.12873
643.95000,-2.35280,0.34675,3.12887
644.00000,-2.36280,0.34688,3.12901
644.05000,-2.37280,0.34700,3.12914
644.10000,-2.38280,0.34713,3.12926
644.15000,-2.39280,0.34725,3.12937
644.20000,-2.40280,0.34737,3.12952
644.25000,-2.41281,0.34749,3.12972
644.30000,-2.42283,0.34760,3.12345
644.35000,-2.43129,0.34778,3.11315
644.40000,-2.44111,0.34807,3.11212
644.45000,-2.45111,0.34837,3.11187
644.50000,-2.46110,0.34867,3.11166
644.55000,-2.47110,0.34897,3.11143
644.60000,-2.48109,0.34927,3.11121
644.65000,-2.49109,0.34958,3.11101
644.70000,-2.50109,0.34988,3.11082
644.75000,-2.51108,0.35019,3.11063
644.80000,-2.52108,0.35050,3.11046
644.85000,-2.53107,0.35081,3.11030
644.90000,-2.54106,0.35113,3.11016
644.95000,-2.55105,0.35144,3.11004
645.00000,-2.56105,0.35176,3.10993
645.05000,-2.57104,0.35207,3.10982
645.10000,-2.58103,0.35239,3.10973
645.15000,-2.59102,0.35271,3.10965
645.20000,-2.60102,0.35303,3.10964
645.25000,-2.61101,0.35335,3.10973
645.30000,-2.62099,0.35367,3.10968
645.35000,-2.63098,0.35399,3.10962
645.40000,-2.64097,0.35431,3.10957
645.45000,-2.65096,0.35463,3.10953
645.50000,-2.66096,0.35495,3.10950
645.55000,-2.67095,0.35527,3.10948
645.60000,-2.68095,0.35559,3.10946
645.65000,-2.69094,0.35591,3.10945
645.70000,-2.70094,0.35623,3.10944
645.75000,-2.71093,0.35655,3.10944
645.80000,-2.72093,0.35687,3.10945
645.85000,-2.73092,0.35720,3.10947
645.90000,-2.74092,0.35752,3.10949
645.95000,-2.75091,0.35784,3.10952
646.00000,-2.76091,0.35816,3.10955
646.05000,-2.77090,0.35848,3.10959
646.10000,-2.78089,0.35880,3.10964
646.15000,-2.79089,0.35912,3.10969
646.20000,-2.80088,0.35944,3.10975
646.25000,-2.81088,0.35975,3.10981
646.30000,-2.82087,0.36007,3.10988
646.35000,-2.83087,0.36039,3.10995
646.40000,-2.84087,0.36070,3.11003
646.45000,-2.85086,0.36102,3.11009
646.50000,-2.86086,0.36133,3.11014
646.55000,-2.87086,0.36165,3.11020
646.60000,-2.88086,0.36196,3.11036
646.65000,-2.89086,0.36227,3.11050
646.70000,-2.90086,0.36258,3.11062
646.75000,-2.91086,0.36289,3.11070
646.80000,-2.92085,0.36320,3.11081
646.85000,-2.93085,0.36351,3.11092
646.90000,-2.94085,0.36382,3.11104
646.95000,-2.95084,0.36412,3.11116
647.00000,-2.96084,0.36443,3.11129
647.05000,-2.97083,0.36473,3.11140
647.10000,-2.98083,0.36503,3.11154
647.15000,-2.99083,0.36533,3.11167
647.20000,-3.00082,0.36563,3.11180
647.25000,-3.01082,0.36593,3.11194
647.30000,-3.02081,0.36623,3.11207
647.35000,-3.03081,0.36652,3.11221
647.40000,-3.04081,0.36681,3.11240
647.45000,-3.05081,0.36711,3.11259
647.50000,-3.06082,0.36740,3.11283
647.55000,-3.07083,0.36768,3.11308
647.60000,-3.08082,0.36797,3.11330
647.65000,-3.09082,0.36825,3.11353
647.70000,-3.10081,0.36853,3.11376
647.75000,-3.11081,0.36881,3.11399
647.80000,-3.12081,0.36908,3.11422
647.85000,-3.13080,0.36935,3.11446
647.90000,-3.14080,0.36962,3.11470
647.95000,-3.15080,0.36989,3.11493
648.00000,-3.16079,0.37016,3.11515
648.05000,-3.17080,0.37042,3.11537
648.10000,-3.18080,0.37068,3.11558
648.15000,-3.19080,0.37094,3.11580
648.20000,-3.20080,0.37120,3.11602
648.25000,-3.21080,0.37145,3.11625
648.30000,-3.22080,0.37170,3.11646
648.35000,-3.23080,0.37196,3.11666
648.40000,-3.24080,0.37220,3.11686
648.45000,-3.25079,0.37245,3.11707
648.50000,-3.26079,0.37269,3.11728
648.55000,-3.27079,0.37294,3.11749
648.60000,-3.28078,0.37318,3.11770
648.65000,-3.29078,0.37341,3.11791
648.70000,-3.30078,0.37365,3.11812
648.75000,-3.31078,0.37388,3.11834
648.80000,-3.32077,0.37411,3.11855
648.85000,-3.33077,0.37434,3.11877
648.90000,-3.34077,0.37457,3.11899
648.95000,-3.35077,0.37480,3.11921
649.00000,-3.36076,0.37502,3.11943
649.05000,-3.37076,0.37524,3.11965
649.10000,-3.38076,0.37546,3.11987
649.15000,-3.39076,0.37567,3.12009
649.20000,-3.40075,0.37589,3.12032
649.25000,-3.41075,0.37610,3.12054
649.30000,-3.42075,0.37631,3.12076
649.35000,-3.43075,0.37652,3.12099
649.40000,-3.44075,0.37672,3.12121
649.45000,-3.45074,0.37692,3.12144
649.50000,-3.46074,0.37712,3.12167
649.55000,-3.47074,0.37732,3.12189
649.60000,-3.48074,0.37752,3.12209
649.65000,-3.49075,0.37771,3.12236
649.70000,-3.50074,0.37790,3.12260
649.75000,-3.51075,0.37809,3.12287
649.80000,-3.52075,0.37827,3.12310
649.85000,-3.53075,0.37846,3.12340
649.90000,-3.54075,0.37864,3.12366
649.95000,-3.55076,0.37882,3.12390
650.00000,-3.56076,0.37899,3.12412
650.05000,-3.57076,0.37917,3.12435
650.10000,-3.58076,0.37934,3.12457
650.15000,-3.59076,0.37951,3.12480
650.20000,-3.60076,0.37968,3.12501
650.25000,-3.61076,0.37984,3.12523
650.30000,-3.62076,0.38001,3.12544
650.35000,-3.63076,0.38017,3.12565
650.40000,-3.64076,0.38033,3.12586
650.45000,-3.65076,0.38048,3.12607
650.50000,-3.66076,0.38064,3.12629
650.55000,-3.67077,0.38079,3.12656
650.60000,-3.68078,0.38094,3.12688
650.65000,-3.69078,0.38109,3.12714
650.70000,-3.70079,0.38123,3.12734
650.75000,-3.71079,0.38138,3.12756
650.80000,-3.72079,0.38152,3.12777
650.85000,-3.73079,0.38166,3.12800
650.90000,-3.74079,0.38179,3.12821
650.95000,-3.75079,0.38192,3.12845
651.00000,-3.76079,0.38205,3.12871
651.05000,-3.77079,0.38218,3.12897
651.10000,-3.78079,0.38231,3.12923
651.15000,-3.79079,0.38243,3.12949
651.20000,-3.80079,0.38255,3.12975
651.25000,-3.81080,0.38267,3.13009
651.30000,-3.82080,0.38278,3.13034
651.35000,-3.83081,0.38289,3.13053
651.40000,-3.84081,0.38300,3.13074
651.45000,-3.85081,0.38311,3.13092
651.50000,-3.86081,0.38322,3.13109
651.55000,-3.87081,0.38332,3.13128
651.60000,-3.88081,0.38342,3.13147
651.65000,-3.89081,0.38352,3.13166
651.70000,-3.90081,0.38362,3.13185
651.75000,-3.91081,0.38372,3.13205
651.80000,-3.92081,0.38381,3.13224
651.85000,-3.93081,0.38390,3.13242
651.90000,-3.94081,0.38400,3.13261
651.95000,-3.95081,0.38408,3.13280
652.00000,-3.96081,0.38417,3.13299
652.05000,-3.97081,0.38426,3.13317
652.10000,-3.98081,0.38434,3.13336
652.15000,-3.99081,0.38442,3.13354
652.20000,-4.00081,0.38450,3.13373
652.25000,-4.01081,0.38458,3.13391
652.30000,-4.02081,0.38465,3.13409
652.35000,-4.03081,0.38473,3.13427
652.40000,-4.04081,0.38480,3.13445
652.45000,-4.05080,0.38487,3.13463
652.50000,-4.06080,0.38494,3.13481
652.55000,-4.07080,0.38501,3.13499
652.60000,-4.08080,0.38507,3.13517
652.65000,-4.09080,0.38514,3.13535
652.70000,-4.10080,0.38520,3.13552
652.75000,-4.11080,0.38526,3.13568
652.80000,-4.12081,0.38531,3.13592
652.85000,-4.13082,0.38537,3.13609
652.90000,-4.14081,0.38542,3.13628
652.95000,-4.15082,0.38548,3.13646
653.00000,-4.16082,0.38553,3.13661
653.05000,-4.17082,0.38558,3.13678
653.10000,-4.18082,0.38562,3.13694
653.15000,-4.19082,0.38567,3.13711
653.20000,-4.20082,0.38572,3.13727
653.25000,-4.21082,0.38576,3.13744
653.30000,-4.22082,0.38580,3.13760
653.35000,-4.23082,0.38584,3.13774
653.40000,-4.24082,0.38588,3.13791
653.45000,-4.25082,0.38592,3.13805
653.50000,-4.26082,0.38595,3.13819
653.55000,-4.27082,0.38599,3.13833
653.60000,-4.28083,0.38602,3.13847
653.65000,-4.29083,0.38605,3.13866
653.70000,-4.30084,0.38608,3.13891
653.75000,-4.31084,0.38611,3.13910
653.80000,-4.32085,0.38613,3.13927
653.85000,-4.33085,0.38616,3.13942
653.90000,-4.34085,0.38618,3.13957
653.95000,-4.35085,0.38620,3.13973
654.00000,-4.36085,0.38622,3.13989
654.05000,-4.37086,0.38623,3.14005
654.10000,-4.38086,0.38625,3.14020
654.15000,-4.39086,0.38626,3.14040
654.20000,-4.40086,0.38627,3.14059
654.25000,-4.41086,0.38628,3.14079
654.30000,-4.42086,0.38629,3.14098
654.35000,-4.43086,0.38629,3.14121
654.40000,-4.44087,0.38630,3.14142
654.45000,-4.45091,0.38630,3.14159
654.50000,-4.46093,0.38630,-3.14143
654.55000,-4.47094,0.38629,-3.14128
654.60000,-4.48096,0.38629,-3.14115
654.65000,-4.49096,0.38628,-3.14103
654.70000,-4.50096,0.38628,-3.14088
654.75000,-4.51096,0.38627,-3.14073
654.80000,-4.52096,0.38626,-3.14058
654.85000,-4.53097,0.38625,-3.14043
654.90000,-4.54097,0.38624,-3.14029
654.95000,-4.55097,0.38622,-3.14014
655.00000,-4.56097,0.38621,-3.13999
655.05000,-4.57097,0.38619,-3.13985
655.10000,-4.58097,0.38617,-3.13970
655.15000,-4.59097,0.38615,-3.13955
655.20000,-4.60097,0.38613,-3.13941
655.25000,-4.61097,0.38611,-3.13926
655.30000,-4.62097,0.38609,-3.13912
655.35000,-4.63097,0.38606,-3.13897
655.40000,-4.64097,0.38603,-3.13882
655.45000,-4.65097,0.38601,-3.13868
655.50000,-4.66097,0.38598,-3.13853
655.55000,-4.67097,0.38594,-3.13839
655.60000,-4.68097,0.38591,-3.13824
655.65000,-4.69097,0.38588,-3.13810
655.70000,-4.70097,0.38584,-3.13795
655.75000,-4.71097,0.38580,-3.13781
655.80000,-4.72097,0.38577,-3.13766
655.85000,-4.73097,0.38573,-3.13752
655.90000,-4.74096,0.38568,-3.13738
655.95000,-4.75097,0.38564,-3.13720
656.00000,-4.76097,0.38559,-3.13704
656.05000,-4.77097,0.38555,-3.13688
656.10000,-4.78096,0.38550,-3.13672
656.15000,-4.79096,0.38545,-3.13660
656.20000,-4.80096,0.38540,-3.13646
656.25000,-4.81096,0.38535,-3.13632
656.30000,-4.82096,0.38530,-3.13619
656.35000,-4.83097,0.38524,-3.13605
656.40000,-4.84097,0.38519,-3.13592
656.45000,-4.85097,0.38513,-3.13579
656.50000,-4.86097,0.38508,-3.13566
656.55000,-4.87097,0.38502,-3.13553
656.60000,-4.88097,0.38496,-3.13542
656.65000,-4.89097,0.38489,-3.13529
656.70000,-4.90097,0.38483,-3.13517
656.75000,-4.91097,0.38477,-3.13503
656.80000,-4.92097,0.38470,-3.13486
656.85000,-4.93098,0.38463,-3.13463
656.90000,-4.94100,0.38456,-3.13442
656.95000,-4.95100,0.38449,-3.13423
657.00000,-4.96100,0.38442,-3.13410
657.05000,-4.97101,0.38435,-3.13396
657.10000,-4.98101,0.38427,-3.13382
657.15000,-4.99101,0.38419,-3.13368
657.20000,-5.00101,0.38411,-3.13353
657.25000,-5.01101,0.38403,-3.13339
657.30000,-5.02101,0.38395,-3.13321
657.35000,-5.03101,0.38386,-3.13303
657.40000,-5.04101,0.38378,-3.13284
657.45000,-5.05101,0.38369,-3.13266
657.50000,-5.06101,0.38360,-3.13244
657.55000,-5.07102,0.38351,-3.13224
657.60000,-5.08102,0.38341,-3.13211
657.65000,-5.09103,0.38331,-3.13198
657.70000,-5.10104,0.38322,-3.13183
657.75000,-5.11104,0.38312,-3.13168
657.80000,-5.12104,0.38302,-3.13154
657.85000,-5.13104,0.38292,-3.13139
657.90000,-5.14104,0.38281,-3.13125
657.95000,-5.15104,0.38271,-3.13110
658.00000,-5.16104,0.38260,-3.13096
658.05000,-5.17103,0.38250,-3.13081
658.10000,-5.18103,0.38239,-3.13066
658.15000,-5.19103,0.38228,-3.13052
658.20000,-5.20103,0.38217,-3.13037
658.25000,-5.21103,0.38205,-3.13022
658.30000,-5.22103,0.38194,-3.13007
658.35000,-5.23103,0.38182,-3.12992
658.40000,-5.24103,0.38171,-3.12978
658.45000,-5.25103,0.38159,-3.12963
658.50000,-5.26103,0.38147,-3.12948
658.55000,-5.27103,0.38134,-3.12933
658.60000,-5.28103,0.38122,-3.12918
658.65000,-5.29103,0.38110,-3.12903
658.70000,-5.30103,0.38097,-3.12887
658.75000,-5.31103,0.38084,-3.12872
658.80000,-5.32102,0.38071,-3.12857
658.85000,-5.33102,0.38058,-3.12842
658.90000,-5.34102,0.38045,-3.12827
658.95000,-5.35102,0.38031,-3.12811
659.00000,-5.36102,0.38018,-3.12796
659.05000,-5.37102,0.38004,-3.12781
659.10000,-5.38102,0.37990,-3.12765
659.15000,-5.39102,0.37976,-3.12749
659.20000,-5.40101,0.37962,-3.12732
659.25000,-5.41101,0.37947,-3.12716
659.30000,-5.42101,0.37933,-3.12703
659.35000,-5.43101,0.37919,-3.12687
659.40000,-5.44101,0.37904,-3.12672
659.45000,-5.45101,0.37889,-3.12657
659.50000,-5.46101,0.37874,-3.12642
659.55000,-5.47101,0.37859,-3.12627
659.60000,-5.48101,0.37843,-3.12612
659.65000,-5.49101,0.37828,-3.12598
659.70000,-5.50101,0.37812,-3.12583
659.75000,-5.51101,0.37797,-3.12569
659.80000,-5.52101,0.37781,-3.12556
659.85000,-5.53101,0.37765,-3.12542
659.90000,-5.54101,0.37748,-3.12523
659.95000,-5.55101,0.37732,-3.12499
660.00000,-5.56103,0.37716,-3.12485
660.05000,-5.57105,0.37699,-3.12452
660.10000,-5.58107,0.37682,-3.12418
660.15000,-5.59109,0.37664,-3.12384
660.20000,-5.60111,0.37646,-3.12350
660.25000,-5.61113,0.37628,-3.12317
660.30000,-5.62115,0.37609,-3.12283
660.35000,-5.63117,0.37590,-3.12250
660.40000,-5.64119,0.37571,-3.12217
660.45000,-5.65120,0.37552,-3.12184
660.50000,-5.66122,0.37532,-3.12151
660.55000,-5.67124,0.37512,-3.12119
660.60000,-5.68125,0.37491,-3.12096
660.65000,-5.69125,0.37470,-3.12074
660.70000,-5.70128,0.37449,-3.12057
660.75000,-5.71132,0.37428,-3.12043
660.80000,-5.72132,0.37407,-3.12026
660.85000,-5.73132,0.37385,-3.12008
660.90000,-5.74132,0.37364,-3.11995
660.95000,-5.75131,0.37342,-3.11982
661.00000,-5.76131,0.37320,-3.11969
661.05000,-5.77131,0.37298,-3.11956
661.10000,-5.78131,0.37276,-3.11943
661.15000,-5.79131,0.37254,-3.11930
661.20000,-5.80130,0.37231,-3.11916
661.25000,-5.81130,0.37209,-3.11903
661.30000,-5.82130,0.37186,-3.11889
661.35000,-5.83130,0.37163,-3.11875
661.40000,-5.84129,0.37141,-3.11862
661.45000,-5.85129,0.37117,-3.11848
661.50000,-5.86129,0.37094,-3.11834
661.55000,-5.87129,0.37071,-3.11820
661.60000,-5.88128,0.37047,-3.11805
661.65000,-5.89128,0.37024,-3.11791
661.70000,-5.90128,0.37000,-3.11777
661.75000,-5.91127,0.36976,-3.11762
661.80000,-5.92127,0.36952,-3.11748
661.85000,-5.93127,0.36928,-3.11733
661.90000,-5.94127,0.36904,-3.11718
661.95000,-5.95126,0.36879,-3.11703
662.00000,-5.96126,0.36855,-3.11688
662.05000,-5.97126,0.36830,-3.11673
662.10000,-5.98125,0.36805,-3.11658
662.15000,-5.99125,0.36780,-3.11643
662.20000,-6.00125,0.36754,-3.11627
662.25000,-6.01124,0.36729,-3.11612
662.30000,-6.02124,0.36703,-3.11596
662.35000,-6.03123,0.36678,-3.11579
662.40000,-6.04123,0.36652,-3.11563
662.45000,-6.05123,0.36626,-3.11543
662.50000,-6.06123,0.36599,-3.11526
662.55000,-6.07123,0.36573,-3.11511
662.60000,-6.08123,0.36547,-3.11496
662.65000,-6.09123,0.36520,-3.11480
662.70000,-6.10122,0.36493,-3.11465
662.75000,-6.11122,0.36466,-3.11449
662.80000,-6.12122,0.36439,-3.11435
662.85000,-6.13122,0.36412,-3.11419
662.90000,-6.14121,0.36385,-3.11404
662.95000,-6.15121,0.36357,-3.11390
663.00000,-6.16120,0.36329,-3.11375
663.05000,-6.17121,0.36302,-3.11355
663.10000,-6.18121,0.36273,-3.11332
663.15000,-6.19121,0.36245,-3.11311
663.20000,-6.20122,0.36217,-3.11283
663.25000,-6.21122,0.36188,-3.11267
663.30000,-6.22121,0.36159,-3.11251
663.35000,-6.23121,0.36130,-3.11235
663.40000,-6.24121,0.36101,-3.11217
663.45000,-6.25121,0.36071,-3.11200
663.50000,-6.26120,0.36042,-3.11183
663.55000,-6.27120,0.36012,-3.11166
663.60000,-6.28120,0.35982,-3.11145
663.65000,-6.29119,0.35952,-3.11122
663.70000,-6.30119,0.35921,-3.11100
663.75000,-6.31118,0.35891,-3.11078
663.80000,-6.32118,0.35860,-3.11054
663.85000,-6.33119,0.35828,-3.11028
663.90000,-6.34119,0.35797,-3.11000
663.95000,-6.35117,0.35765,-3.10982
664.00000,-6.36117,0.35733,-3.10959
664.05000,-6.37117,0.35701,-3.10944
664.10000,-6.38116,0.35668,-3.10926
664.15000,-6.39116,0.35636,-3.10909
664.20000,-6.40115,0.35603,-3.10891
664.25000,-6.41115,0.35570,-3.10873
664.30000,-6.42114,0.35537,-3.10856
664.35000,-6.43114,0.35504,-3.10838
664.40000,-6.44113,0.35471,-3.10820
664.45000,-6.45113,0.35438,-3.10802
664.50000,-6.46112,0.35404,-3.10784
664.55000,-6.47112,0.35370,-3.10766
664.60000,-6.48111,0.35336,-3.10748
664.65000,-6.49110,0.35302,-3.10730
664.70000,-6.50110,0.35267,-3.10712
664.75000,-6.51109,0.35233,-3.10694
664.80000,-6.52109,0.35198,-3.10675
664.85000,-6.53108,0.35163,-3.10657
664.90000,-6.54107,0.35128,-3.10638
664.95000,-6.55107,0.35093,-3.10620
665.00000,-6.56106,0.35057,-3.10601
665.05000,-6.57106,0.35022,-3.10583
665.10000,-6.58105,0.34986,-3.10564
665.15000,-6.59104,0.34950,-3.10545
665.20000,-6.60104,0.34914,-3.10526
665.25000,-6.61103,0.34877,-3.10507
665.30000,-6.62102,0.34841,-3.10488
665.35000,-6.63102,0.34804,-3.10469
665.40000,-6.64101,0.34767,-3.10454
665.45000,-6.65100,0.34729,-3.10433
665.50000,-6.66099,0.34692,-3.10412
665.55000,-6.67099,0.34655,-3.10392
665.60000,-6.68098,0.34617,-3.10373
665.65000,-6.69098,0.34579,-3.10354
665.70000,-6.70097,0.34541,-3.10334
665.75000,-6.71097,0.34503,-3.10316
665.80000,-6.72096,0.34464,-3.10296
665.85000,-6.73096,0.34426,-3.10277
665.90000,-6.74095,0.34387,-3.10258
665.95000,-6.75095,0.34348,-3.10239
666.00000,-6.76094,0.34309,-3.10220
666.05000,-6.77093,0.34269,-3.10202
666.10000,-6.78093,0.34230,-3.10184
666.15000,-6.79092,0.34190,-3.10163
666.20000,-6.80092,0.34150,-3.10135
666.25000,-6.81092,0.34110,-3.10113
666.30000,-6.82092,0.34069,-3.10083
666.35000,-6.83091,0.34028,-3.10076
666.40000,-6.84089,0.33988,-3.10073
666.45000,-6.85086,0.33947,-3.10070
666.50000,-6.86084,0.33906,-3.10066
666.55000,-6.87083,0.33865,-3.10050
666.60000,-6.88085,0.33823,-3.10012
666.65000,-6.89087,0.33782,-3.09974
666.70000,-6.90088,0.33740,-3.09935
666.75000,-6.91090,0.33697,-3.09898
666.80000,-6.92091,0.33654,-3.09860
666.85000,-6.93092,0.33611,-3.09831
666.90000,-6.94009,0.33579,-3.10899
666.95000,-6.94865,0.33563,-3.13289
667.00000,-6.95714,0.33569,3.11222
667.05000,-6.96454,0.33608,3.06219
667.10000,-6.97138,0.33682,3.00463
667.15000,-6.97870,0.33806,2.94524
667.20000,-6.98637,0.33982,2.88471
667.25000,-6.99420,0.34214,2.82340
667.30000,-7.00210,0.34502,2.76161
667.35000,-7.00996,0.34844,2.69946
667.40000,-7.01774,0.35243,2.63732
667.45000,-7.02543,0.35699,2.57541
667.50000,-7.03291,0.36208,2.51361
667.55000,-7.04015,0.36768,2.45200
667.60000,-7.04709,0.37377,2.39052
667.65000,-7.05373,0.38037,2.32942
667.70000,-7.06005,0.38746,2.26875
667.75000,-7.06601,0.39501,2.20850
667.80000,-7.07150,0.40290,2.14822
667.85000,-7.07656,0.41121,2.08834
667.90000,-7.08115,0.41987,2.02875
667.95000,-7.08490,0.42793,1.98359
668.00000,-7.08777,0.43470,1.95729
668.05000,-7.08980,0.43984,1.94122
668.10000,-7.09134,0.44387,1.93258
668.15000,-7.09242,0.44676,1.93121
668.20000,-7.09273,0.44765,1.94130
668.25000,-7.09285,0.44802,1.95423
668.30000,-7.09299,0.44840,1.96718
668.35000,-7.09312,0.44879,1.98015
668.40000,-7.09327,0.44918,1.99315
668.45000,-7.09342,0.44959,2.00617
668.50000,-7.09358,0.44999,2.01921
668.55000,-7.09374,0.45041,2.03228
668.60000,-7.09392,0.45083,2.04537
668.65000,-7.09409,0.45126,2.05848
668.70000,-7.09425,0.45158,2.06494
668.75000,-7.09449,0.45197,2.05565
668.80000,-7.09600,0.45485,2.02471
668.85000,-7.09820,0.45942,2.00277
668.90000,-7.09995,0.46326,1.99992
668.95000,-7.10067,0.46491,2.00940
669.00000,-7.10093,0.46551,2.02562
669.05000,-7.10117,0.46602,2.04266
669.10000,-7.10146,0.46658,2.05975
669.15000,-7.10170,0.46703,2.07748
669.20000,-7.10183,0.46730,2.08351
669.25000,-7.10243,0.46826,2.06783
669.30000,-7.10413,0.47119,2.05434
669.35000,-7.10512,0.47325,2.04772
669.40000,-7.10643,0.47586,2.02087
669.45000,-7.10824,0.47979,2.00451
669.50000,-7.10969,0.48297,2.00717
669.55000,-7.11001,0.48366,2.02433
669.60000,-7.11025,0.48417,2.04164
669.65000,-7.11055,0.48476,2.05959
669.70000,-7.11081,0.48527,2.07871
669.75000,-7.11096,0.48558,2.08686
669.80000,-7.11126,0.48613,2.08915
669.85000,-7.11150,0.48649,2.09130
669.90000,-7.11239,0.48805,2.07094
669.95000,-7.11397,0.49103,2.05997
670.00000,-7.11498,0.49297,2.07013
670.05000,-7.11531,0.49359,2.08814
670.10000,-7.11561,0.49411,2.10699
670.15000,-7.11582,0.49438,2.11275
670.20000,-7.11597,0.49465,2.11065
670.25000,-7.11623,0.49513,2.12592
670.30000,-7.11652,0.49548,2.13348
670.35000,-7.11748,0.49694,2.11520
670.40000,-7.11959,0.50056,2.08379
670.45000,-7.12224,0.50536,2.06292
670.50000,-7.12433,0.50933,2.06191
670.55000,-7.12529,0.51117,2.07370
670.60000,-7.12564,0.51179,2.09307
670.65000,-7.12597,0.51238,2.11326
670.70000,-7.12625,0.51285,2.13296
670.75000,-7.12640,0.51313,2.14071
670.80000,-7.12705,0.51412,2.12616
670.85000,-7.12912,0.51752,2.09724
670.90000,-7.13195,0.52262,2.05894
670.95000,-7.13499,0.52863,2.03348
671.00000,-7.13758,0.53392,2.02767
671.05000,-7.13904,0.53692,2.03563
671.10000,-7.13960,0.53810,2.05394
671.15000,-7.13994,0.53877,2.07561
671.20000,-7.14020,0.53931,2.09746
671.25000,-7.14045,0.53979,2.11868
671.30000,-7.14062,0.54005,2.14055
671.35000,-7.14081,0.54037,2.16192
671.40000,-7.14087,0.54050,2.16998
671.45000,-7.14189,0.54195,2.15635
671.50000,-7.14432,0.54572,2.12848
671.55000,-7.14747,0.55098,2.09164
671.60000,-7.15092,0.55721,2.06681
671.65000,-7.15379,0.56261,2.06201
671.70000,-7.15537,0.56565,2.07090
671.75000,-7.15579,0.56652,2.09230
671.80000,-7.15610,0.56711,2.11561
671.85000,-7.15644,0.56770,2.13909
671.90000,-7.15685,0.56836,2.16262
671.95000,-7.15710,0.56876,2.18470
672.00000,-7.15734,0.56907,2.19093
672.05000,-7.15751,0.56934,2.19152
672.10000,-7.15767,0.56954,2.19459
672.15000,-7.15916,0.57160,2.17775
672.20000,-7.16187,0.57564,2.14940
672.25000,-7.16529,0.58108,2.11270
672.30000,-7.16903,0.58734,2.08762
672.35000,-7.17175,0.59219,2.08705
672.40000,-7.17286,0.59426,2.10193
672.45000,-7.17310,0.59474,2.12591
672.50000,-7.17324,0.59502,2.14973
672.55000,-7.17351,0.59539,2.17418
672.60000,-7.17391,0.59599,2.19882
672.65000,-7.17434,0.59658,2.22375
672.70000,-7.17466,0.59685,2.23403
672.75000,-7.17616,0.59869,2.22078
672.80000,-7.17902,0.60255,2.19408
672.85000,-7.18274,0.60791,2.15912
672.90000,-7.18684,0.61409,2.13573
672.95000,-7.18997,0.61907,2.13497
673.00000,-7.19105,0.62086,2.15236
673.05000,-7.19140,0.62143,2.17687
673.10000,-7.19170,0.62189,2.20153
673.15000,-7.19211,0.62244,2.22645
673.20000,-7.19259,0.62308,2.25166
673.25000,-7.19281,0.62343,2.26810
673.30000,-7.19364,0.62438,2.26242
673.35000,-7.19675,0.62819,2.23871
673.40000,-7.20094,0.63368,2.20626
673.45000,-7.20529,0.63973,2.18667
673.50000,-7.20866,0.64454,2.18605
673.55000,-7.21007,0.64656,2.20040
673.60000,-7.21030,0.64691,2.22478
673.65000,-7.21049,0.64718,2.24933
673.70000,-7.21079,0.64754,2.27432
673.75000,-7.21110,0.64786,2.28383
673.80000,-7.21285,0.64985,2.27171
673.85000,-7.21635,0.65410,2.24815
673.90000,-7.22101,0.66007,2.21688
673.95000,-7.22562,0.66634,2.19652
674.00000,-7.22921,0.67136,2.19490
674.05000,-7.23075,0.67353,2.20928
674.10000,-7.23098,0.67385,2.23292
674.15000,-7.23149,0.67451,2.25873
674.20000,-7.23193,0.67507,2.28430
674.25000,-7.23193,0.67496,2.29971
674.30000,-7.23281,0.67587,2.29400
674.35000,-7.23602,0.67953,2.27093
674.40000,-7.24019,0.68444,2.25536
674.45000,-7.24328,0.68820,2.25940
674.50000,-7.24411,0.68922,2.28047
674.55000,-7.24450,0.68968,2.30489
674.60000,-7.24480,0.69002,2.32881
674.65000,-7.24523,0.69042,2.33821
674.70000,-7.24710,0.69233,2.32595
674.75000,-7.25086,0.69644,2.30204
674.80000,-7.25592,0.70225,2.27104
674.85000,-7.26134,0.70874,2.24816
674.90000,-7.26556,0.71401,2.24475
674.95000,-7.26726,0.71613,2.25808
675.00000,-7.26744,0.71635,2.28154
675.05000,-7.26763,0.71656,2.30520
675.10000,-7.26782,0.71677,2.32882
675.15000,-7.26802,0.71697,2.35240
675.20000,-7.26822,0.71717,2.37595
675.25000,-7.26844,0.71736,2.39127
675.30000,-7.27010,0.71889,2.38179
675.35000,-7.27376,0.72246,2.35730
675.40000,-7.27864,0.72749,2.32469
675.45000,-7.28474,0.73422,2.28880
675.50000,-7.29063,0.74106,2.25934
675.55000,-7.29571,0.74725,2.24920
675.60000,-7.29832,0.75047,2.25762
675.65000,-7.29909,0.75140,2.27836
675.70000,-7.29928,0.75161,2.30305
675.75000,-7.29947,0.75182,2.32778
675.80000,-7.29966,0.75202,2.35245
675.85000,-7.29986,0.75222,2.37707
675.90000,-7.30007,0.75241,2.40162
675.95000,-7.30033,0.75263,2.41803
676.00000,-7.30096,0.75316,2.41932
676.05000,-7.30411,0.75597,2.40170
676.10000,-7.30900,0.76058,2.37037
676.15000,-7.31466,0.76629,2.33215
676.20000,-7.32061,0.77255,2.30002
676.25000,-7.32631,0.77883,2.28525
676.30000,-7.33051,0.78366,2.28518
676.35000,-7.33387,0.78752,2.29272
676.40000,-7.33658,0.79056,2.30603
676.45000,-7.33878,0.79295,2.32390
676.50000,-7.34043,0.79468,2.34626
676.55000,-7.34150,0.79575,2.37305
676.60000,-7.34223,0.79644,2.40229
676.65000,-7.34297,0.79713,2.43142
676.70000,-7.34373,0.79778,2.46036
676.75000,-7.34406,0.79801,2.47422
676.80000,-7.34533,0.79901,2.47135
676.85000,-7.34850,0.80156,2.45638
676.90000,-7.35280,0.80515,2.43267
676.95000,-7.35835,0.81006,2.39960
677.00000,-7.36466,0.81587,2.36826
677.05000,-7.37076,0.82174,2.35459
677.10000,-7.37523,0.82622,2.35640
677.15000,-7.37901,0.82998,2.36409
677.20000,-7.38219,0.83308,2.37685
677.25000,-7.38475,0.83549,2.39455
677.30000,-7.38667,0.83723,2.41708
677.35000,-7.38791,0.83831,2.44438
677.40000,-7.38871,0.83896,2.47468
677.45000,-7.38950,0.83958,2.50474
677.50000,-7.38996,0.83989,2.51733
677.55000,-7.39157,0.84110,2.51344
677.60000,-7.39550,0.84401,2.49636
677.65000,-7.40081,0.84811,2.46952
677.70000,-7.40732,0.85348,2.43366
677.75000,-7.41416,0.85935,2.40369
677.80000,-7.42036,0.86499,2.39539
677.85000,-7.42506,0.86932,2.39846
677.90000,-7.42910,0.87301,2.40693
677.95000,-7.43250,0.87604,2.42051
678.00000,-7.43524,0.87841,2.43906
678.05000,-7.43731,0.88012,2.46243
678.10000,-7.43869,0.88121,2.49049
678.15000,-7.43955,0.88185,2.52180
678.20000,-7.44041,0.88246,2.55303
678.25000,-7.44128,0.88305,2.58397
678.30000,-7.44186,0.88334,2.59818
678.35000,-7.44375,0.88452,2.59602
678.40000,-7.44783,0.88705,2.58116
678.45000,-7.45407,0.89110,2.55246
678.50000,-7.46123,0.89607,2.51712
678.55000,-7.46862,0.90142,2.48732
678.60000,-7.47586,0.90691,2.47345
678.65000,-7.48187,0.91165,2.47111
678.70000,-7.48724,0.91591,2.47357
678.75000,-7.49197,0.91961,2.48096
678.80000,-7.49589,0.92262,2.49364
678.85000,-7.49694,0.92334,2.51977
678.90000,-7.49717,0.92350,2.54931
678.95000,-7.49740,0.92365,2.57870
679.00000,-7.49763,0.92379,2.60787
679.05000,-7.49787,0.92393,2.63683
679.10000,-7.49816,0.92409,2.65362
679.15000,-7.50034,0.92528,2.65238
679.20000,-7.50491,0.92779,2.63743
679.25000,-7.51162,0.93161,2.60982
679.30000,-7.51956,0.93646,2.57726
679.35000,-7.52729,0.94135,2.55070
679.40000,-7.53482,0.94628,2.53884
679.45000,-7.53998,0.94980,2.54317
679.50000,-7.54416,0.95262,2.55308
679.55000,-7.54733,0.95471,2.56824
679.60000,-7.54946,0.95605,2.58871
679.65000,-7.55050,0.95667,2.61448
679.70000,-7.55075,0.95681,2.64383
679.75000,-7.55099,0.95694,2.67311
679.80000,-7.55130,0.95710,2.69247
679.85000,-7.55259,0.95778,2.69761
679.90000,-7.55721,0.96009,2.68450
679.95000,-7.56430,0.96370,2.65901
680.00000,-7.57171,0.96757,2.63483
680.05000,-7.57882,0.97142,2.62678
680.10000,-7.58472,0.97474,2.62880
680.15000,-7.58958,0.97745,2.63627
680.20000,-7.59337,0.97952,2.64909
680.25000,-7.59605,0.98092,2.66724
680.30000,-7.59758,0.98168,2.69072
680.35000,-7.59803,0.98189,2.71903
680.40000,-7.59827,0.98199,2.74810
680.45000,-7.59860,0.98217,2.76605
680.50000,-7.60069,0.98306,2.76796
680.55000,-7.60620,0.98531,2.75195
680.60000,-7.61371,0.98853,2.72624
680.65000,-7.62202,0.99237,2.69385
680.70000,-7.63042,0.99659,2.66075
680.75000,-7.63861,1.00088,2.63728
680.80000,-7.64679,1.00519,2.62497
680.85000,-7.65350,1.00892,2.62329
680.90000,-7.65882,1.01193,2.62894
680.95000,-7.66307,1.01429,2.64008
681.00000,-7.66623,1.01599,2.65661
681.05000,-7.66826,1.01703,2.67846
681.10000,-7.66913,1.01744,2.70561
681.15000,-7.66937,1.01755,2.73544
681.20000,-7.66961,1.01765,2.76508
681.25000,-7.66986,1.01774,2.79444
681.30000,-7.67007,1.01780,2.81219
681.35000,-7.67279,1.01882,2.81067
681.40000,-7.67859,1.02091,2.79383
681.45000,-7.68607,1.02374,2.76673
681.50000,-7.69448,1.02721,2.73435
681.55000,-7.70283,1.03099,2.70079
681.60000,-7.71034,1.03462,2.68328
681.65000,-7.71686,1.03779,2.68111
681.70000,-7.72173,1.04018,2.68892
681.75000,-7.72558,1.04202,2.70178
681.80000,-7.72839,1.04331,2.71959
681.85000,-7.73003,1.04402,2.74268
681.90000,-7.73031,1.04413,2.77167
681.95000,-7.73055,1.04422,2.80070
682.00000,-7.73066,1.04422,2.81744
682.05000,-7.73305,1.04511,2.81727
682.10000,-7.73840,1.04700,2.80262
682.15000,-7.74499,1.04927,2.79508
682.20000,-7.74982,1.05091,2.80532
682.25000,-7.75163,1.05144,2.83117
682.30000,-7.75215,1.05150,2.84691
682.35000,-7.75426,1.05219,2.84701
682.40000,-7.75915,1.05379,2.83306
682.45000,-7.76652,1.05627,2.80546
682.50000,-7.77463,1.05914,2.78070
682.55000,-7.78287,1.06218,2.76594
682.60000,-7.78956,1.06476,2.76512
682.65000,-7.79349,1.06621,2.78002
682.70000,-7.79546,1.06688,2.80557
682.75000,-7.79643,1.06721,2.83669
682.80000,-7.79740,1.06750,2.86768
682.85000,-7.79801,1.06763,2.88258
682.90000,-7.80017,1.06828,2.88169
682.95000,-7.80505,1.06967,2.86813
683.00000,-7.81247,1.07188,2.84076
683.05000,-7.82065,1.07438,2.81616
683.10000,-7.82848,1.07698,2.80599
683.15000,-7.83393,1.07877,2.81187
683.20000,-7.83808,1.08016,2.82541
683.25000,-7.84141,1.08121,2.84369
683.30000,-7.84390,1.08194,2.86655
683.35000,-7.84554,1.08237,2.89383
683.40000,-7.84653,1.08261,2.92424
683.45000,-7.84719,1.08279,2.93877
683.50000,-7.85014,1.08350,2.93508
683.55000,-7.85579,1.08478,2.91849
683.60000,-7.86349,1.08665,2.89031
683.65000,-7.87218,1.08904,2.85628
683.70000,-7.88097,1.09164,2.82760
683.75000,-7.88974,1.09442,2.81104
683.80000,-7.89614,1.09649,2.81221
683.85000,-7.90051,1.09794,2.82511
683.90000,-7.90407,1.09907,2.84277
683.95000,-7.90681,1.09988,2.86494
684.00000,-7.90873,1.10039,2.89146
684.05000,-7.90987,1.10066,2.92188
684.10000,-7.91047,1.10079,2.95151
684.15000,-7.91101,1.10078,2.97003
684.20000,-7.91237,1.10105,2.98484
684.25000,-7.91378,1.10120,2.99984
684.30000,-7.91610,1.10157,2.99961
684.35000,-7.92034,1.10229,2.98969
684.40000,-7.92741,1.10351,2.96401
684.45000,-7.93617,1.10524,2.93013
684.50000,-7.94504,1.10731,2.89444
684.55000,-7.95390,1.10958,2.86515
684.60000,-7.96276,1.11205,2.84859
684.65000,-7.97022,1.11428,2.84368
684.70000,-7.97751,1.11647,2.83970
684.75000,-7.98480,1.11866,2.83579
684.80000,-7.99209,1.12085,2.83193
684.85000,-7.99938,1.12304,2.82852
684.90000,-8.00667,1.12523,2.82552
684.95000,-8.01395,1.12742,2.82252
685.00000,-8.02124,1.12961,2.81952
685.05000,-8.02853,1.13179,2.81653
685.10000,-8.03581,1.13398,2.81354
685.15000,-8.04310,1.13617,2.81057
685.20000,-8.05038,1.13836,2.80759
685.25000,-8.05767,1.14054,2.80462
685.30000,-8.06495,1.14273,2.80165
685.35000,-8.07155,1.14487,2.80846
685.40000,-8.07682,1.14665,2.82303
685.45000,-8.08101,1.14798,2.84262
685.50000,-8.08407,1.14888,2.86715
685.55000,-8.08595,1.14937,2.89661
685.60000,-8.08663,1.14952,2.93094
685.65000,-8.08682,1.14956,2.96704
685.70000,-8.08702,1.14959,3.00280
685.75000,-8.08721,1.14961,3.03818
685.80000,-8.08740,1.14963,3.07317
685.85000,-8.08759,1.14964,3.10776
685.90000,-8.08779,1.14964,-3.14124
685.95000,-8.08806,1.14960,-3.11212
686.00000,-8.08850,1.14941,-3.09168
686.05000,-8.08933,1.14908,-3.07845
686.10000,-8.09100,1.14860,-3.07077
686.15000,-8.09364,1.14795,-3.06794
686.20000,-8.09811,1.14722,-3.07361
686.25000,-8.10465,1.14660,-3.08898
686.30000,-8.11369,1.14623,-3.11766
686.35000,-8.12327,1.14615,3.13577
686.40000,-8.13327,1.14635,3.10754
686.45000,-8.14326,1.14684,3.07802
686.50000,-8.15317,1.14760,3.04957
686.55000,-8.16234,1.14848,3.02858
686.60000,-8.17160,1.14927,3.01742
686.65000,-8.18088,1.15005,3.00883
686.70000,-8.19011,1.15084,3.00165
686.75000,-8.19849,1.15168,2.99897
686.80000,-8.20647,1.15251,2.99866
686.85000,-8.21198,1.15308,3.01110
686.90000,-8.21589,1.15338,3.03182
686.95000,-8.21844,1.15347,3.05989
687.00000,-8.21880,1.15350,3.09265
687.05000,-8.21897,1.15350,3.12449
687.10000,-8.21914,1.15350,-3.12719
687.15000,-8.21926,1.15347,-3.10349
687.20000,-8.22072,1.15328,-3.09465
687.25000,-8.22545,1.15299,-3.10329
687.30000,-8.23333,1.15277,-3.12721
687.35000,-8.24238,1.15278,3.12477
687.40000,-8.25158,1.15308,3.09274
687.45000,-8.26081,1.15359,3.06639
687.50000,-8.27010,1.15424,3.05218
687.55000,-8.27668,1.15456,3.05760
687.60000,-8.28224,1.15493,3.06907
687.65000,-8.28708,1.15524,3.08454
687.70000,-8.29121,1.15542,3.10380
687.75000,-8.29462,1.15550,3.12675
687.80000,-8.29650,1.15551,-3.13742
687.85000,-8.29865,1.15547,-3.13280
687.90000,-8.30351,1.15543,-3.13161
687.95000,-8.30741,1.15539,-3.13022
688.00000,-8.31174,1.15535,-3.13971
688.05000,-8.31799,1.15541,3.12531
688.10000,-8.32592,1.15558,3.11217
688.15000,-8.33322,1.15573,3.11187
688.20000,-8.33680,1.15575,3.13122
688.25000,-8.33799,1.15575,-3.12014
688.30000,-8.33853,1.15572,-3.10242
688.35000,-8.34075,1.15556,-3.10222
688.40000,-8.34604,1.15535,-3.11681
688.45000,-8.35271,1.15522,-3.13869
688.50000,-8.36062,1.15527,3.13022
688.55000,-8.36730,1.15534,3.12190
688.60000,-8.37304,1.15549,3.11023
688.65000,-8.37748,1.15561,3.10612
688.70000,-8.38215,1.15584,3.09183
688.75000,-8.38869,1.15621,3.08146
688.80000,-8.39413,1.15637,3.08858
688.85000,-8.39589,1.15641,3.11588
688.90000,-8.39683,1.15642,-3.13528
688.95000,-8.39769,1.15645,-3.10783
689.00000,-8.39837,1.15632,-3.09920
689.05000,-8.40219,1.15612,-3.11079
689.10000,-8.40901,1.15600,-3.13862
689.15000,-8.41751,1.15612,3.10978
689.20000,-8.42658,1.15644,3.07754
689.25000,-8.43582,1.15696,3.05759
689.30000,-8.44377,1.15750,3.05334
689.35000,-8.45043,1.15805,3.05666
689.40000,-8.45634,1.15852,3.06455
689.45000,-8.46151,1.15888,3.07674
689.50000,-8.46594,1.15912,3.09307
689.55000,-8.46963,1.15926,3.11340
689.60000,-8.47259,1.15929,3.13756
689.65000,-8.47363,1.15929,-3.11742
689.70000,-8.47372,1.15932,-3.09246
689.75000,-8.47380,1.15926,-3.07979
689.80000,-8.47613,1.15900,-3.08321
689.85000,-8.48186,1.15863,-3.10363
689.90000,-8.48922,1.15839,-3.13136
689.95000,-8.49810,1.15845,3.11621
690.00000,-8.50714,1.15886,3.07811
690.05000,-8.51619,1.15946,3.04570
690.10000,-8.52546,1.16031,3.02724
690.15000,-8.53465,1.16133,3.01955
690.20000,-8.54188,1.16212,3.02230
690.25000,-8.54656,1.16251,3.03690
690.30000,-8.54947,1.16277,3.05799
690.35000,-8.55126,1.16288,3.08374
690.40000,-8.55193,1.16289,3.11405
690.45000,-8.55206,1.16290,-3.13674
690.50000,-8.55218,1.16289,-3.10450
690.55000,-8.55231,1.16288,-3.07822
690.60000,-8.55238,1.16289,-3.06244
690.65000,-8.55256,1.16288,-3.05448
690.70000,-8.55347,1.16278,-3.05205
690.75000,-8.55539,1.16259,-3.05407
690.80000,-8.55832,1.16231,-3.06148
690.85000,-8.56240,1.16192,-3.07433
690.90000,-8.56816,1.16136,-3.09345
690.95000,-8.57566,1.16092,-3.11989
691.00000,-8.58507,1.16087,3.12848
691.05000,-8.59506,1.16118,3.09151
691.10000,-8.60494,1.16159,3.05938
691.15000,-8.61461,1.16207,3.04110
691.20000,-8.62230,1.16261,3.03910
691.25000,-8.62856,1.16306,3.04344
691.30000,-8.63449,1.16350,3.05065
691.35000,-8.64005,1.16392,3.06012
691.40000,-8.64398,1.16405,3.07794
691.45000,-8.64647,1.16414,3.10037
691.50000,-8.64786,1.16416,3.12737
691.55000,-8.64813,1.16416,-3.12433
691.60000,-8.64825,1.16416,-3.09227
691.65000,-8.64837,1.16414,-3.06624
691.70000,-8.64836,1.16408,-3.05393
691.75000,-8.64857,1.16403,-3.05013
691.80000,-8.64974,1.16391,-3.05102
691.85000,-8.65199,1.16369,-3.05672
691.90000,-8.65530,1.16337,-3.06831
691.95000,-8.66042,1.16289,-3.08620
692.00000,-8.66743,1.16239,-3.11239
692.05000,-8.67555,1.16224,-3.12984
692.10000,-8.68240,1.16221,-3.12943
692.15000,-8.68717,1.16220,-3.11937
692.20000,-8.68889,1.16218,-3.11281
692.25000,-8.69134,1.16209,-3.12219
692.30000,-8.69611,1.16203,-3.12741
692.35000,-8.70006,1.16201,-3.11484
692.40000,-8.70126,1.16198,-3.10554
692.45000,-8.70367,1.16186,-3.11456
692.50000,-8.70901,1.16176,-3.13650
692.55000,-8.71541,1.16180,3.12813
692.60000,-8.72124,1.16183,3.13100
692.65000,-8.72332,1.16183,3.13772
692.70000,-8.72496,1.16184,3.14047
692.75000,-8.72647,1.16184,-3.12783
692.80000,-8.72692,1.16183,-3.09999
692.85000,-8.72703,1.16183,-3.07058
692.90000,-8.72721,1.16174,-3.04696
692.95000,-8.72744,1.16148,-3.04156
693.00000,-8.72861,1.16108,-3.04753
693.05000,-8.73191,1.16062,-3.06424
693.10000,-8.73764,1.15998,-3.08729
693.15000,-8.74548,1.15960,-3.11964
693.20000,-8.75447,1.15959,3.12089
693.25000,-8.76429,1.15998,3.07987
693.30000,-8.77330,1.16074,3.03475
693.35000,-8.78209,1.16173,2.99726
693.40000,-8.79085,1.16283,2.97874
693.45000,-8.79702,1.16362,2.98509
693.50000,-8.80100,1.16402,3.00074
693.55000,-8.80397,1.16422,3.02110
693.60000,-8.80592,1.16423,3.04595
693.65000,-8.80685,1.16409,3.07512
693.70000,-8.80675,1.16404,3.10851
693.75000,-8.80659,1.16403,-3.14032
693.80000,-8.80677,1.16402,-3.10759
693.85000,-8.80713,1.16399,-3.07423
693.90000,-8.80787,1.16392,-3.03945
693.95000,-8.80818,1.16387,-3.01754
694.00000,-8.80837,1.16381,-3.01407
694.05000,-8.80975,1.16352,-3.01971
694.10000,-8.81423,1.16283,-3.04158
694.15000,-8.82146,1.16222,-3.07741
694.20000,-8.82972,1.16186,-3.11933
694.25000,-8.83853,1.16187,3.11831
694.30000,-8.84739,1.16211,3.07885
694.35000,-8.85640,1.16255,3.05720
694.40000,-8.86527,1.16317,3.05351
694.45000,-8.87319,1.16379,3.05716
694.50000,-8.87985,1.16417,3.06812
694.55000,-8.88468,1.16433,3.08692
694.60000,-8.88740,1.16435,3.11802
694.65000,-8.88854,1.16435,-3.12526
694.70000,-8.88958,1.16433,-3.08469
694.75000,-8.89044,1.16432,-3.05754
694.80000,-8.89128,1.16413,-3.05464
694.85000,-8.89510,1.16373,-3.07067
694.90000,-8.90151,1.16336,-3.09988
694.95000,-8.90916,1.16318,-3.13698
695.00000,-8.91760,1.16326,3.11915
695.05000,-8.92384,1.16341,3.10269
695.10000,-8.92842,1.16354,3.06801
695.15000,-8.93243,1.16382,3.01775
695.20000,-8.93478,1.16417,2.95621
695.25000,-8.93523,1.16427,2.88712
695.30000,-8.93558,1.16438,2.81780
695.35000,-8.93592,1.16450,2.74885
695.40000,-8.93625,1.16465,2.68029
695.45000,-8.93657,1.16482,2.61215
695.50000,-8.93688,1.16502,2.54445
695.55000,-8.93717,1.16523,2.47721
695.60000,-8.93745,1.16547,2.41045
695.65000,-8.93771,1.16572,2.34418
695.70000,-8.93795,1.16598,2.27844
695.75000,-8.93818,1.16627,2.21324
695.80000,-8.93839,1.16656,2.14859
695.85000,-8.93858,1.16687,2.08451
695.90000,-8.93875,1.16720,2.02102
695.95000,-8.93889,1.16753,1.95814
696.00000,-8.93902,1.16787,1.89588
696.05000,-8.93912,1.16821,1.83425
696.10000,-8.93921,1.16857,1.77327
696.15000,-8.93927,1.16892,1.71295
696.20000,-8.93931,1.16928,1.65330
696.25000,-8.93933,1.16965,1.59434
696.30000,-8.93933,1.17001,1.53608
696.35000,-8.93930,1.17037,1.47853
696.40000,-8.93926,1.17073,1.42170
696.45000,-8.93920,1.17109,1.36560
696.50000,-8.93911,1.17144,1.31023
696.55000,-8.93901,1.17179,1.25562
696.60000,-8.93889,1.17213,1.20176
696.65000,-8.93875,1.17246,1.14867
696.70000,-8.93859,1.17279,1.09636
696.75000,-8.93842,1.17311,1.04482
696.80000,-8.93823,1.17342,0.99406
696.85000,-8.93802,1.17372,0.94410
696.90000,-8.93780,1.17401,0.89493
696.95000,-8.93757,1.17428,0.84656
697.00000,-8.93732,1.17455,0.79900
697.05000,-8.93706,1.17480,0.75225
697.10000,-8.93679,1.17505,0.70630
697.15000,-8.93651,1.17527,0.66118
697.20000,-8.93628,1.17544,0.61660
697.25000,-8.93598,1.17564,0.57311
697.30000,-8.93356,1.17719,0.53173
697.35000,-8.92718,1.18078,0.49276
697.40000,-8.91966,1.18461,0.44919
697.45000,-8.91158,1.18829,0.40448
697.50000,-8.90332,1.19162,0.36075
697.55000,-8.89489,1.19459,0.31805
697.60000,-8.88633,1.19721,0.27650
697.65000,-8.87765,1.19948,0.23582
697.70000,-8.86885,1.20141,0.19629
697.75000,-8.85996,1.20300,0.15764
697.80000,-8.85099,1.20425,0.11999
697.85000,-8.84196,1.20518,0.08334
697.90000,-8.83287,1.20577,0.04768
697.95000,-8.82374,1.20605,0.01301
698.00000,-8.81459,1.20601,-0.02068
698.05000,-8.80542,1.20567,-0.05341
698.10000,-8.79623,1.20503,-0.08514
698.15000,-8.78705,1.20411,-0.11590
698.20000,-8.77787,1.20290,-0.14575
698.25000,-8.76871,1.20142,-0.17458
698.30000,-8.75958,1.19967,-0.20246
698.35000,-8.75047,1.19782,-0.23019
698.40000,-8.74722,1.19763,-0.25661
698.45000,-8.74745,1.19769,-0.28171
698.50000,-8.74535,1.19689,-0.30039
698.55000,-8.73908,1.19486,-0.30461
698.60000,-8.73017,1.19208,-0.29531
698.65000,-8.72040,1.18920,-0.28107
698.70000,-8.71048,1.18642,-0.26747
698.75000,-8.70070,1.18382,-0.25254
698.80000,-8.69089,1.18138,-0.23602
698.85000,-8.68100,1.17908,-0.21988
698.90000,-8.67111,1.17697,-0.20221
698.95000,-8.66122,1.17503,-0.18488
699.00000,-8.65133,1.17327,-0.16791
699.05000,-8.64130,1.17166,-0.15200
699.10000,-8.63142,1.17024,-0.13469
699.15000,-8.62150,1.16900,-0.11640
699.20000,-8.61165,1.16795,-0.09855
699.25000,-8.60141,1.16706,-0.07797
699.30000,-8.59138,1.16639,-0.05850
699.35000,-8.58181,1.16593,-0.04921
699.40000,-8.57229,1.16543,-0.05762
699.45000,-8.56242,1.16479,-0.07152
699.50000,-8.55274,1.16413,-0.07663
699.55000,-8.54376,1.16351,-0.07590
699.60000,-8.53558,1.16291,-0.07280
699.65000,-8.52644,1.16232,-0.05565
699.70000,-8.51654,1.16189,-0.03395
699.75000,-8.50711,1.16167,-0.01131
699.80000,-8.49766,1.16167,0.01074
699.85000,-8.48827,1.16188,0.03497
699.90000,-8.47884,1.16226,0.05471
699.95000,-8.46931,1.16275,0.06635
700.00000,-8.45966,1.16338,0.07047
700.05000,-8.44983,1.16407,0.06309
700.10000,-8.43994,1.16465,0.05288
700.15000,-8.42998,1.16513,0.04311
700.20000,-8.42007,1.16551,0.03339
700.25000,-8.41009,1.16580,0.02457
700.30000,-8.40028,1.16598,0.01537
700.35000,-8.39051,1.16608,0.00629
700.40000,-8.38072,1.16608,-0.00242
700.45000,-8.37093,1.16601,-0.01079
700.50000,-8.36114,1.16585,-0.01880
700.55000,-8.35133,1.16561,-0.02648
700.60000,-8.34152,1.16530,-0.03381
700.65000,-8.33170,1.16492,-0.04081
700.70000,-8.32188,1.16447,-0.04747
700.75000,-8.31214,1.16402,-0.04657
700.80000,-8.30326,1.16364,-0.04443
700.85000,-8.29341,1.16318,-0.04961
700.90000,-8.28354,1.16263,-0.05111
700.95000,-8.27456,1.16218,-0.05060
701.00000,-8.26549,1.16175,-0.04496
701.05000,-8.25648,1.16135,-0.02827
701.10000,-8.24659,1.16120,-0.00209
701.15000,-8.23682,1.16127,0.01780
701.20000,-8.22759,1.16148,0.02290
701.25000,-8.21777,1.16170,0.02033
701.30000,-8.20784,1.16189,0.01713
701.35000,-8.19792,1.16204,0.01412
701.40000,-8.18798,1.16217,0.01132
701.45000,-8.17803,1.16227,0.00873
701.50000,-8.16809,1.16234,0.00637
701.55000,-8.15814,1.16240,0.00416
701.60000,-8.14819,1.16243,0.00215
701.65000,-8.13822,1.16244,0.00029
701.70000,-8.12823,1.16244,-0.00140
701.75000,-8.11826,1.16241,-0.00278
701.80000,-8.10829,1.16236,-0.00402
701.85000,-8.09832,1.16230,-0.00512
701.90000,-8.08833,1.16224,-0.00590
701.95000,-8.07834,1.16217,-0.00663
702.00000,-8.06836,1.16208,-0.00724
702.05000,-8.05837,1.16199,-0.00769
702.10000,-8.04838,1.16191,-0.00806
702.15000,-8.03838,1.16183,-0.00820
702.20000,-8.02838,1.16175,-0.00818
702.25000,-8.01838,1.16167,-0.00799
702.30000,-8.00838,1.16159,-0.00764
702.35000,-7.99838,1.16152,-0.00715
702.40000,-7.98838,1.16145,-0.00650
702.45000,-7.97838,1.16139,-0.00571
702.50000,-7.96838,1.16133,-0.00493
702.55000,-7.95837,1.16129,-0.00394
702.60000,-7.94837,1.16125,-0.00293
702.65000,-7.93836,1.16123,-0.00177
702.70000,-7.92837,1.16122,-0.00055
702.75000,-7.91838,1.16122,0.00077
702.80000,-7.90837,1.16123,0.00227
702.85000,-7.89838,1.16126,0.00379
702.90000,-7.88837,1.16131,0.00548
702.95000,-7.87836,1.16137,0.00725
703.00000,-7.86835,1.16145,0.00909
703.05000,-7.85834,1.16155,0.01108
703.10000,-7.84835,1.16168,0.01294
703.15000,-7.83835,1.16182,0.01505
703.20000,-7.82836,1.16198,0.01719
703.25000,-7.81837,1.16216,0.01950
703.30000,-7.80844,1.16237,0.02193
703.35000,-7.79850,1.16260,0.02443
703.40000,-7.78853,1.16286,0.02685
703.45000,-7.77849,1.16314,0.02940
703.50000,-7.76849,1.16345,0.03184
703.55000,-7.75848,1.16378,0.03431
703.60000,-7.74848,1.16414,0.03682
703.65000,-7.73848,1.16452,0.03944
703.70000,-7.72847,1.16493,0.04216
703.75000,-7.71846,1.16537,0.04496
703.80000,-7.70845,1.16584,0.04782
703.85000,-7.69844,1.16634,0.05074
703.90000,-7.68843,1.16686,0.05370
703.95000,-7.67842,1.16742,0.05662
704.00000,-7.66842,1.16800,0.05955
704.05000,-7.65838,1.16862,0.06277
704.10000,-7.64832,1.16926,0.06603
704.15000,-7.63826,1.16995,0.06938
704.20000,-7.62821,1.17067,0.07272
704.25000,-7.61816,1.17142,0.07608
704.30000,-7.60811,1.17220,0.07947
704.35000,-7.59806,1.17302,0.08286
704.40000,-7.58801,1.17387,0.08630
704.45000,-7.57794,1.17476,0.08976
704.50000,-7.56790,1.17567,0.09324
704.55000,-7.55785,1.17661,0.09671
704.60000,-7.54782,1.17759,0.10019
704.65000,-7.53778,1.17861,0.10375
704.70000,-7.52772,1.17967,0.10737
704.75000,-7.51768,1.18077,0.11099
704.80000,-7.50763,1.18190,0.11461
704.85000,-7.49759,1.18307,0.11823
704.90000,-7.48756,1.18428,0.12184
704.95000,-7.47753,1.18552,0.12545
705.00000,-7.46751,1.18679,0.12905
705.05000,-7.45749,1.18811,0.13265
705.10000,-7.44749,1.18946,0.13626
705.15000,-7.43751,1.19084,0.13971
705.20000,-7.42757,1.19226,0.14315
705.25000,-7.41763,1.19370,0.14665
705.30000,-7.40769,1.19519,0.14999
705.35000,-7.39776,1.19670,0.15342
705.40000,-7.38787,1.19825,0.15670
705.45000,-7.37800,1.19982,0.16005
705.50000,-7.36814,1.20143,0.16340
705.55000,-7.35830,1.20307,0.16642
705.60000,-7.34846,1.20474,0.16941
705.65000,-7.33862,1.20643,0.17215
705.70000,-7.32878,1.20816,0.17488
705.75000,-7.31895,1.20991,0.17773
705.80000,-7.30911,1.21170,0.18080
705.85000,-7.29936,1.21349,0.18400
705.90000,-7.28961,1.21533,0.18717
705.95000,-7.27987,1.21719,0.19031
706.00000,-7.27013,1.21908,0.19343
706.05000,-7.26039,1.22100,0.19651
706.10000,-7.25066,1.22295,0.19955
706.15000,-7.24094,1.22493,0.20257
706.20000,-7.23122,1.22695,0.20555
706.25000,-7.22150,1.22899,0.20849
706.30000,-7.21179,1.23106,0.21140
706.35000,-7.20209,1.23315,0.21427
706.40000,-7.19239,1.23528,0.21711
706.45000,-7.18269,1.23743,0.21990
706.50000,-7.17301,1.23961,0.22266
706.55000,-7.16332,1.24182,0.22538
706.60000,-7.15364,1.24405,0.22807
706.65000,-7.14397,1.24631,0.23071
706.70000,-7.13430,1.24859,0.23331
706.75000,-7.12464,1.25090,0.23587
706.80000,-7.11493,1.25325,0.23829
706.85000,-7.10517,1.25563,0.24072
706.90000,-7.09542,1.25803,0.24312
706.95000,-7.08566,1.26045,0.24553
707.00000,-7.07590,1.26289,0.24788
707.05000,-7.06615,1.26536,0.25016
707.10000,-7.05642,1.26786,0.25245
707.15000,-7.04668,1.27038,0.25468
707.20000,-7.03696,1.27292,0.25677
707.25000,-7.02724,1.27549,0.25898
707.30000,-7.01754,1.27807,0.26114
707.35000,-7.00782,1.28068,0.26335
707.40000,-6.99810,1.28330,0.26555
707.45000,-6.98841,1.28595,0.26773
707.50000,-6.97872,1.28862,0.26990
707.55000,-6.96905,1.29130,0.27204
707.60000,-6.95939,1.29400,0.27416
707.65000,-6.94974,1.29672,0.27627
707.70000,-6.94010,1.29946,0.27836
707.75000,-6.93048,1.30222,0.28042
707.80000,-6.92087,1.30500,0.28247
707.85000,-6.91127,1.30779,0.28450
707.90000,-6.90169,1.31060,0.28650
707.95000,-6.89212,1.31342,0.28849
708.00000,-6.88256,1.31627,0.29045
708.05000,-6.87302,1.31913,0.29239
708.10000,-6.86349,1.32200,0.29431
708.15000,-6.85394,1.32490,0.29608
708.20000,-6.84436,1.32783,0.29726
708.25000,-6.83476,1.33078,0.29842
708.30000,-6.82521,1.33372,0.29954
708.35000,-6.81564,1.33668,0.30052
708.40000,-6.80607,1.33966,0.30155
708.45000,-6.79651,1.34263,0.30252
708.50000,-6.78695,1.34562,0.30343
708.55000,-6.77739,1.34862,0.30430
708.60000,-6.76785,1.35162,0.30518
708.65000,-6.75833,1.35463,0.30598
708.70000,-6.74881,1.35764,0.30678
708.75000,-6.73930,1.36066,0.30754
708.80000,-6.72979,1.36368,0.30827
708.85000,-6.72027,1.36671,0.30896
708.90000,-6.71076,1.36975,0.30961
708.95000,-6.70126,1.37280,0.31024
709.00000,-6.69175,1.37585,0.31083
709.05000,-6.68224,1.37891,0.31139
709.10000,-6.67274,1.38197,0.31191
709.15000,-6.66323,1.38504,0.31240
709.20000,-6.65373,1.38811,0.31287
709.25000,-6.64422,1.39118,0.31330
709.30000,-6.63472,1.39427,0.31370
709.35000,-6.62522,1.39735,0.31406
709.40000,-6.61571,1.40044,0.31441
709.45000,-6.60621,1.40353,0.31472
709.50000,-6.59671,1.40662,0.31500
709.55000,-6.58721,1.40972,0.31525
709.60000,-6.57771,1.41282,0.31548
709.65000,-6.56821,1.41592,0.31568
709.70000,-6.55871,1.41903,0.31586
709.75000,-6.54920,1.42213,0.31601
709.80000,-6.53970,1.42524,0.31613
709.85000,-6.53020,1.42835,0.31623
709.90000,-6.52070,1.43146,0.31630
709.95000,-6.51119,1.43457,0.31635
710.00000,-6.50169,1.43768,0.31634
710.05000,-6.49219,1.44079,0.31634
710.10000,-6.48268,1.44390,0.31632
710.15000,-6.47312,1.44703,0.31630
710.20000,-6.46361,1.45014,0.31634
710.25000,-6.45411,1.45325,0.31635
710.30000,-6.44459,1.45637,0.31641
710.35000,-6.43507,1.45948,0.31647
710.40000,-6.42556,1.46260,0.31652
710.45000,-6.41605,1.46571,0.31658
710.50000,-6.40653,1.46883,0.31663
710.55000,-6.39702,1.47194,0.31667
710.60000,-6.38751,1.47505,0.31670
710.65000,-6.37801,1.47817,0.31649
710.70000,-6.36851,1.48126,0.31619
710.75000,-6.35901,1.48435,0.31587
710.80000,-6.34950,1.48744,0.31556
710.85000,-6.34000,1.49054,0.31520
710.90000,-6.33050,1.49362,0.31487
710.95000,-6.32099,1.49670,0.31450
711.00000,-6.31150,1.49978,0.31416
711.05000,-6.30198,1.50287,0.31370
711.10000,-6.29247,1.50595,0.31325
711.15000,-6.28296,1.50901,0.31283
711.20000,-6.27345,1.51207,0.31240
711.25000,-6.26395,1.51514,0.31199
711.30000,-6.25445,1.51820,0.31144
711.35000,-6.24494,1.52126,0.31107
711.40000,-6.23542,1.52432,0.31075
711.45000,-6.22590,1.52737,0.31028
711.50000,-6.21639,1.53041,0.30980
711.55000,-6.20687,1.53346,0.30938
711.60000,-6.19735,1.53650,0.30889
711.65000,-6.18783,1.53952,0.30839
711.70000,-6.17831,1.54253,0.30788
711.75000,-6.16878,1.54555,0.30736
711.80000,-6.15926,1.54855,0.30684
711.85000,-6.14973,1.55155,0.30632
711.90000,-6.14020,1.55455,0.30579
711.95000,-6.13067,1.55755,0.30526
712.00000,-6.12112,1.56056,0.30477
712.05000,-6.11156,1.56356,0.30416
712.10000,-6.10202,1.56656,0.30360
712.15000,-6.09248,1.56955,0.30308
712.20000,-6.08293,1.57253,0.30256
712.25000,-6.07339,1.57551,0.30203
712.30000,-6.06384,1.57848,0.30150
712.35000,-6.05429,1.58145,0.30096
712.40000,-6.04474,1.58441,0.30042
712.45000,-6.03519,1.58737,0.29988
712.50000,-6.02563,1.59032,0.29935
712.55000,-6.01608,1.59327,0.29881
712.60000,-6.00652,1.59621,0.29827
712.65000,-5.99697,1.59915,0.29773
712.70000,-5.98741,1.60208,0.29720
712.75000,-5.97784,1.60501,0.29662
712.80000,-5.96828,1.60793,0.29605
712.85000,-5.95872,1.61084,0.29548
712.90000,-5.94915,1.61375,0.29492
712.95000,-5.93958,1.61666,0.29439
713.00000,-5.93002,1.61955,0.29388
713.05000,-5.92045,1.62245,0.29336
713.10000,-5.91089,1.62533,0.29283
713.15000,-5.90132,1.62822,0.29229
713.20000,-5.89174,1.63110,0.29175
713.25000,-5.88217,1.63395,0.29123
713.30000,-5.87260,1.63681,0.29072
713.35000,-5.86300,1.63968,0.29028
713.40000,-5.85342,1.64254,0.28996
713.45000,-5.84384,1.64539,0.28955
713.50000,-5.83426,1.64825,0.28914
713.55000,-5.82469,1.65109,0.28874
713.60000,-5.81512,1.65393,0.28835
713.65000,-5.80554,1.65677,0.28790
713.70000,-5.79595,1.65961,0.28745
713.75000,-5.78635,1.66244,0.28700
713.80000,-5.77676,1.66527,0.28660
713.85000,-5.76716,1.66809,0.28623
713.90000,-5.75757,1.67091,0.28598
713.95000,-5.74798,1.67373,0.28577
714.00000,-5.73839,1.67655,0.28561
714.05000,-5.72880,1.67937,0.28551
714.10000,-5.71920,1.68218,0.28546
714.15000,-5.70961,1.68500,0.28547
714.20000,-5.70001,1.68781,0.28556
714.25000,-5.69041,1.69063,0.28573
714.30000,-5.68081,1.69346,0.28599
714.35000,-5.67121,1.69628,0.28635
714.40000,-5.66160,1.69911,0.28682
714.45000,-5.65200,1.70195,0.28741
714.50000,-5.64239,1.70479,0.28813
714.55000,-5.63278,1.70764,0.28900
714.60000,-5.62316,1.71051,0.28997
714.65000,-5.61355,1.71338,0.29120
714.70000,-5.60394,1.71627,0.29255
714.75000,-5.59435,1.71917,0.29411
714.80000,-5.58476,1.72208,0.29586
714.85000,-5.57521,1.72500,0.29777
714.90000,-5.56563,1.72795,0.29992
714.95000,-5.55606,1.73092,0.30229
715.00000,-5.54654,1.73391,0.30497
715.05000,-5.53705,1.73691,0.30804
715.10000,-5.52754,1.73995,0.31121
715.15000,-5.51812,1.74300,0.31491
715.20000,-5.50871,1.74609,0.31895
715.25000,-5.49933,1.74921,0.32331
715.30000,-5.48997,1.75237,0.32800
715.35000,-5.48063,1.75557,0.33301
715.40000,-5.47132,1.75882,0.33833
715.45000,-5.46193,1.76219,0.33962
715.50000,-5.45234,1.76575,0.32988
715.55000,-5.44403,1.76841,0.29625
715.60000,-5.43574,1.77076,0.25404
715.65000,-5.42659,1.77293,0.21299
715.70000,-5.41731,1.77475,0.18666
715.75000,-5.40788,1.77649,0.18346
715.80000,-5.39823,1.77825,0.19002
715.85000,-5.39463,1.77850,0.19647
715.90000,-5.39415,1.77858,0.20534
715.95000,-5.39369,1.77867,0.21399
716.00000,-5.39326,1.77876,0.22282
716.05000,-5.39282,1.77885,0.23183
716.10000,-5.39249,1.77893,0.24055
716.15000,-5.39202,1.77902,0.24999
716.20000,-5.39161,1.77912,0.25955
716.25000,-5.39105,1.77925,0.26932
716.30000,-5.39051,1.77938,0.27913
716.35000,-5.38998,1.77950,0.28892
716.40000,-5.38940,1.77980,0.29028
716.45000,-5.38562,1.78118,0.28515
716.50000,-5.37763,1.78357,0.28718
716.55000,-5.36826,1.78638,0.29606
716.60000,-5.35884,1.78931,0.30085
716.65000,-5.35108,1.79167,0.30053
716.70000,-5.34189,1.79455,0.30707
716.75000,-5.33248,1.79752,0.30628
716.80000,-5.32402,1.79991,0.28412
716.85000,-5.31629,1.80197,0.26758
716.90000,-5.30733,1.80443,0.27061
716.95000,-5.29785,1.80710,0.27724
717.00000,-5.28825,1.80986,0.28349
717.05000,-5.27862,1.81270,0.28958
717.10000,-5.26898,1.81560,0.29539
717.15000,-5.25933,1.81856,0.30108
717.20000,-5.24971,1.82158,0.30625
717.25000,-5.24008,1.82464,0.31137
717.30000,-5.23046,1.82776,0.31615
717.35000,-5.22086,1.83092,0.32064
717.40000,-5.21129,1.83412,0.32471
717.45000,-5.20173,1.83736,0.32846
717.50000,-5.19219,1.84063,0.33188
717.55000,-5.18268,1.84392,0.33495
717.60000,-5.17317,1.84724,0.33775
717.65000,-5.16366,1.85058,0.34053
717.70000,-5.15417,1.85396,0.34282
717.75000,-5.14470,1.85735,0.34498
717.80000,-5.13526,1.86075,0.34648
717.85000,-5.12582,1.86414,0.34770
717.90000,-5.11640,1.86755,0.34864
717.95000,-5.10699,1.87097,0.34932
718.00000,-5.09758,1.87439,0.34975
718.05000,-5.08817,1.87782,0.34994
718.10000,-5.07876,1.88126,0.35025
718.15000,-5.06935,1.88469,0.35053
718.20000,-5.05995,1.88813,0.35079
718.25000,-5.05054,1.89155,0.35104
718.30000,-5.04114,1.89498,0.35126
718.35000,-5.03174,1.89841,0.35148
718.40000,-5.02234,1.90183,0.35169
718.45000,-5.01296,1.90526,0.35131
718.50000,-5.00360,1.90868,0.34996
718.55000,-4.99423,1.91208,0.34851
718.60000,-4.98486,1.91546,0.34704
718.65000,-4.97548,1.91883,0.34552
718.70000,-4.96608,1.92220,0.34397
718.75000,-4.95668,1.92557,0.34230
718.80000,-4.94726,1.92892,0.34059
718.85000,-4.93784,1.93225,0.33883
718.90000,-4.92842,1.93556,0.33702
718.95000,-4.91900,1.93886,0.33517
719.00000,-4.90958,1.94213,0.33331
719.05000,-4.90016,1.94539,0.33141
719.10000,-4.89175,1.94813,0.31722
719.15000,-4.88516,1.95010,0.28226
719.20000,-4.87878,1.95178,0.23565
719.25000,-4.87140,1.95336,0.18520
719.30000,-4.86318,1.95468,0.13246
719.35000,-4.85437,1.95561,0.07801
719.40000,-4.84515,1.95607,0.02243
719.45000,-4.83605,1.95610,-0.02654
719.50000,-4.82831,1.95587,-0.06593
719.55000,-4.82216,1.95534,-0.11167
719.60000,-4.81541,1.95440,-0.16286
719.65000,-4.80783,1.95295,-0.21613
719.70000,-4.80040,1.95130,-0.25624
719.75000,-4.79326,1.94966,-0.28429
719.80000,-4.78715,1.94810,-0.30704
719.85000,-4.78162,1.94658,-0.32670
719.90000,-4.77627,1.94510,-0.34508
719.95000,-4.77212,1.94378,-0.35834
720.00000,-4.76798,1.94248,-0.37114
720.05000,-4.76565,1.94169,-0.37547
720.10000,-4.76519,1.94152,-0.37016
720.15000,-4.76477,1.94136,-0.36424
720.20000,-4.76444,1.94124,-0.35850
720.25000,-4.76411,1.94111,-0.35260
720.30000,-4.76378,1.94099,-0.34654
720.35000,-4.76344,1.94087,-0.34034
720.40000,-4.76311,1.94076,-0.33400
720.45000,-4.76277,1.94064,-0.32751
720.50000,-4.76244,1.94053,-0.32090
720.55000,-4.76210,1.94042,-0.31417
720.60000,-4.76177,1.94031,-0.30731
720.65000,-4.76143,1.94020,-0.30034
720.70000,-4.76109,1.94010,-0.29326
720.75000,-4.76075,1.94000,-0.28609
720.80000,-4.76040,1.93991,-0.28495
720.85000,-4.75910,1.93956,-0.28412
720.90000,-4.75867,1.93943,-0.27690
720.95000,-4.75832,1.93934,-0.27613
721.00000,-4.75700,1.93896,-0.27843
721.05000,-4.75643,1.93881,-0.27279
721.10000,-4.75605,1.93871,-0.26627
721.15000,-4.75554,1.93857,-0.27312
721.20000,-4.75424,1.93819,-0.28334
721.25000,-4.75360,1.93804,-0.27883
721.30000,-4.75326,1.93795,-0.27235
721.35000,-4.75292,1.93785,-0.26574
721.40000,-4.75257,1.93776,-0.25903
721.45000,-4.75223,1.93767,-0.25223
721.50000,-4.75188,1.93759,-0.25154
721.55000,-4.74990,1.93692,-0.26921
721.60000,-4.74497,1.93545,-0.30116
721.65000,-4.73851,1.93331,-0.33982
721.70000,-4.73213,1.93096,-0.37108
721.75000,-4.72617,1.92872,-0.39139
721.80000,-4.72031,1.92651,-0.40926
721.85000,-4.71448,1.92430,-0.42536
721.90000,-4.70881,1.92211,-0.44012
721.95000,-4.70331,1.91994,-0.45360
722.00000,-4.69796,1.91779,-0.46586
722.05000,-4.69278,1.91565,-0.47692
722.10000,-4.68773,1.91354,-0.48683
722.15000,-4.68281,1.91144,-0.49567
722.20000,-4.67802,1.90936,-0.50349
722.25000,-4.67355,1.90732,-0.50924
722.30000,-4.66962,1.90535,-0.51231
722.35000,-4.66585,1.90340,-0.51373
722.40000,-4.66209,1.90144,-0.51511
722.45000,-4.65905,1.89981,-0.51233
722.50000,-4.65764,1.89903,-0.50206
722.55000,-4.65720,1.89879,-0.48713
722.60000,-4.65689,1.89864,-0.47147
722.65000,-4.65658,1.89848,-0.45580
722.70000,-4.65627,1.89833,-0.44014
722.75000,-4.65596,1.89819,-0.42449
722.80000,-4.65565,1.89805,-0.40887
722.85000,-4.65533,1.89791,-0.39327
722.90000,-4.65501,1.89778,-0.37771
722.95000,-4.65469,1.89766,-0.36219
723.00000,-4.65437,1.89754,-0.34671
723.05000,-4.65400,1.89741,-0.33104
723.10000,-4.65353,1.89726,-0.31489
723.15000,-4.65303,1.89711,-0.29850
723.20000,-4.65252,1.89697,-0.28231
723.25000,-4.65181,1.89663,-0.27668
723.30000,-4.64861,1.89562,-0.28844
723.35000,-4.64278,1.89380,-0.31343
723.40000,-4.63632,1.89167,-0.33688
723.45000,-4.63100,1.88990,-0.34514
723.50000,-4.62862,1.88920,-0.33815
723.55000,-4.62790,1.88895,-0.32173
723.60000,-4.62718,1.88870,-0.30510
723.65000,-4.62646,1.88846,-0.28858
723.70000,-4.62574,1.88824,-0.27217
723.75000,-4.62501,1.88801,-0.27084
723.80000,-4.62156,1.88691,-0.28340
723.85000,-4.61682,1.88557,-0.28892
723.90000,-4.61449,1.88503,-0.28190
723.95000,-4.61408,1.88492,-0.26789
724.00000,-4.61350,1.88476,-0.25279
724.05000,-4.61295,1.88462,-0.23792
724.10000,-4.61245,1.88445,-0.23496
724.15000,-4.61053,1.88401,-0.23280
724.20000,-4.60957,1.88379,-0.22907
724.25000,-4.60646,1.88296,-0.24241
724.30000,-4.60180,1.88193,-0.24995
724.35000,-4.59954,1.88143,-0.25359
724.40000,-4.59508,1.88014,-0.27243
724.45000,-4.58864,1.87822,-0.30208
724.50000,-4.58132,1.87592,-0.32686
724.55000,-4.57552,1.87405,-0.34014
724.60000,-4.57041,1.87242,-0.34954
724.65000,-4.56530,1.87078,-0.35835
724.70000,-4.56028,1.86916,-0.36568
724.75000,-4.55601,1.86764,-0.36831
724.80000,-4.55174,1.86612,-0.37064
724.85000,-4.54748,1.86460,-0.37297
724.90000,-4.54322,1.86308,-0.37529
724.95000,-4.53896,1.86157,-0.37761
725.00000,-4.53469,1.86005,-0.37993
725.05000,-4.53043,1.85853,-0.38225
725.10000,-4.52655,1.85710,-0.38133
725.15000,-4.52516,1.85666,-0.36584
725.20000,-4.52451,1.85642,-0.34695
725.25000,-4.52403,1.85624,-0.32892
725.30000,-4.52363,1.85608,-0.31151
725.35000,-4.52298,1.85587,-0.29296
725.40000,-4.52230,1.85568,-0.27421
725.45000,-4.52159,1.85550,-0.25582
725.50000,-4.52103,1.85538,-0.23638
725.55000,-4.52030,1.85522,-0.21807
725.60000,-4.51963,1.85501,-0.21252
725.65000,-4.51740,1.85458,-0.20547
725.70000,-4.51621,1.85440,-0.19875
725.75000,-4.51294,1.85362,-0.20836
725.80000,-4.50683,1.85224,-0.23197
725.85000,-4.49963,1.85049,-0.25276
725.90000,-4.49440,1.84932,-0.25948
725.95000,-4.49164,1.84868,-0.25342
726.00000,-4.49068,1.84848,-0.23803
726.05000,-4.48996,1.84832,-0.22100
726.10000,-4.48924,1.84817,-0.20419
726.15000,-4.48855,1.84804,-0.18739
726.20000,-4.48813,1.84793,-0.18212
726.25000,-4.48612,1.84749,-0.18570
726.30000,-4.48163,1.84654,-0.20182
726.35000,-4.47443,1.84493,-0.23223
726.40000,-4.46668,1.84314,-0.25273
726.45000,-4.46140,1.84183,-0.26044
726.50000,-4.45732,1.84082,-0.26198
726.55000,-4.45586,1.84054,-0.25009
726.60000,-4.45516,1.84037,-0.23393
726.65000,-4.45447,1.84021,-0.21784
726.70000,-4.45377,1.84005,-0.20188
726.75000,-4.45305,1.83991,-0.18592
726.80000,-4.45232,1.83978,-0.17002
726.85000,-4.45160,1.83966,-0.15426
726.90000,-4.45087,1.83956,-0.13865
726.95000,-4.45027,1.83946,-0.13408
727.00000,-4.44732,1.83894,-0.14226
727.05000,-4.44145,1.83798,-0.16504
727.10000,-4.43377,1.83657,-0.19765
727.15000,-4.42545,1.83488,-0.22780
727.20000,-4.41827,1.83325,-0.24681
727.25000,-4.41464,1.83249,-0.24698
727.30000,-4.41357,1.83225,-0.23325
727.35000,-4.41288,1.83209,-0.21742
727.40000,-4.41216,1.83193,-0.20171
727.45000,-4.41146,1.83177,-0.18613
727.50000,-4.41074,1.83164,-0.17060
727.55000,-4.41003,1.83153,-0.15511
727.60000,-4.40931,1.83142,-0.13976
727.65000,-4.40860,1.83133,-0.12455
727.70000,-4.40789,1.83125,-0.10949
727.75000,-4.40719,1.83114,-0.10587
727.80000,-4.40396,1.83068,-0.11513
727.85000,-4.39778,1.82986,-0.13891
727.90000,-4.39106,1.82896,-0.15396
727.95000,-4.38721,1.82853,-0.15577
728.00000,-4.38650,1.82843,-0.14229
728.05000,-4.38583,1.82833,-0.12825
728.10000,-4.38514,1.82825,-0.11419
728.15000,-4.38446,1.82817,-0.10025
728.20000,-4.38378,1.82811,-0.08643
728.25000,-4.38328,1.82804,-0.08262
728.30000,-4.38077,1.82769,-0.08875
728.35000,-4.37566,1.82711,-0.10864
728.40000,-4.36931,1.82644,-0.12339
728.45000,-4.36551,1.82628,-0.12612
728.50000,-4.36349,1.82619,-0.12060
728.55000,-4.36240,1.82608,-0.11013
728.60000,-4.36176,1.82601,-0.09739
728.65000,-4.36111,1.82595,-0.08474
728.70000,-4.36046,1.82590,-0.07219
728.75000,-4.36000,1.82585,-0.06719
728.80000,-4.35791,1.82565,-0.07214
728.85000,-4.35385,1.82526,-0.08726
728.90000,-4.34717,1.82462,-0.10607
728.95000,-4.34256,1.82429,-0.11463
729.00000,-4.34040,1.82409,-0.11103
729.05000,-4.33902,1.82395,-0.10317
729.10000,-4.33833,1.82389,-0.09177
729.15000,-4.33770,1.82384,-0.08001
729.20000,-4.33708,1.82379,-0.06832
729.25000,-4.33646,1.82375,-0.05672
729.30000,-4.33584,1.82372,-0.04520
729.35000,-4.33537,1.82368,-0.04131
729.40000,-4.33267,1.82348,-0.04973
729.45000,-4.32741,1.82310,-0.07115
729.50000,-4.32049,1.82254,-0.09223
729.55000,-4.31383,1.82194,-0.10797
729.60000,-4.30937,1.82195,-0.11557
729.65000,-4.30604,1.82183,-0.11782
729.70000,-4.30376,1.82159,-0.11440
729.75000,-4.30225,1.82143,-0.10690
729.80000,-4.30150,1.82136,-0.09577
729.85000,-4.30088,1.82131,-0.08372
729.90000,-4.30025,1.82126,-0.07176
729.95000,-4.29962,1.82122,-0.05989
730.00000,-4.29900,1.82118,-0.04811
730.05000,-4.29855,1.82117,-0.03709
730.10000,-4.29685,1.82102,-0.02674
730.15000,-4.28915,1.82082,-0.01617
730.20000,-4.27907,1.82071,-0.00550
730.25000,-4.26906,1.82071,0.00469
730.30000,-4.25907,1.82081,0.01471
730.35000,-4.24909,1.82101,0.02467
730.40000,-4.23911,1.82130,0.03458
730.45000,-4.22913,1.82170,0.04443
730.50000,-4.21916,1.82219,0.05422
730.55000,-4.20919,1.82279,0.06395
730.60000,-4.19923,1.82347,0.07361
730.65000,-4.18928,1.82426,0.08320
730.70000,-4.17933,1.82514,0.09272
730.75000,-4.16940,1.82611,0.10216
730.80000,-4.15947,1.82717,0.11152
730.85000,-4.14955,1.82833,0.12080
730.90000,-4.13964,1.82958,0.12999
730.95000,-4.12975,1.83092,0.13910
731.00000,-4.11987,1.83235,0.14812
731.05000,-4.11000,1.83387,0.15704
731.10000,-4.10015,1.83548,0.16587
731.15000,-4.09031,1.83717,0.17460
731.20000,-4.08048,1.83895,0.18324
731.25000,-4.07067,1.84081,0.19177
731.30000,-4.06088,1.84276,0.20021
731.35000,-4.05106,1.84479,0.20869
731.40000,-4.04121,1.84692,0.21750
731.45000,-4.03140,1.84913,0.22595
731.50000,-4.02166,1.85141,0.23410
731.55000,-4.01186,1.85378,0.24258
731.60000,-4.00199,1.85627,0.25136
731.65000,-3.99219,1.85882,0.26028
731.70000,-3.98242,1.86146,0.26917
731.75000,-3.97271,1.86418,0.27785
731.80000,-3.96296,1.86701,0.28633
731.85000,-3.95325,1.86991,0.29462
731.90000,-3.94361,1.87288,0.30289
731.95000,-3.93391,1.87594,0.31070
732.00000,-3.92429,1.87907,0.31858
732.05000,-3.91471,1.88226,0.32588
732.10000,-3.90506,1.88556,0.33324
732.15000,-3.89545,1.88892,0.34047
732.20000,-3.88586,1.89235,0.34751
732.25000,-3.87631,1.89585,0.35442
732.30000,-3.86678,1.89942,0.36113
732.35000,-3.85727,1.90304,0.36768
732.40000,-3.84779,1.90673,0.37407
732.45000,-3.83844,1.91042,0.38050
732.50000,-3.82914,1.91417,0.38682
732.55000,-3.81984,1.91798,0.39279
732.60000,-3.81056,1.92185,0.39859
732.65000,-3.80130,1.92576,0.40423
732.70000,-3.79210,1.92972,0.40964
732.75000,-3.78295,1.93373,0.41442
732.80000,-3.77382,1.93777,0.41863
732.85000,-3.76470,1.94185,0.42271
732.90000,-3.75560,1.94597,0.42667
732.95000,-3.74652,1.95012,0.43050
733.00000,-3.73748,1.95429,0.43458
733.05000,-3.72845,1.95851,0.43829
733.10000,-3.71940,1.96277,0.44209
733.15000,-3.71038,1.96706,0.44589
733.20000,-3.70146,1.97135,0.44967
733.25000,-3.69254,1.97567,0.45332
733.30000,-3.68364,1.98003,0.45682
733.35000,-3.67474,1.98442,0.46017
733.40000,-3.66586,1.98883,0.46339
733.45000,-3.65699,1.99328,0.46646
733.50000,-3.64813,1.99776,0.46939
733.55000,-3.63928,2.00227,0.47218
733.60000,-3.63038,2.00683,0.47466
733.65000,-3.62148,2.01141,0.47697
733.70000,-3.61258,2.01603,0.47920
733.75000,-3.60369,2.02066,0.48136
733.80000,-3.59481,2.02531,0.48341
733.85000,-3.58593,2.02998,0.48533
733.90000,-3.57707,2.03466,0.48705
733.95000,-3.56823,2.03936,0.48868
734.00000,-3.55938,2.04408,0.49026
734.05000,-3.55056,2.04879,0.49167
734.10000,-3.54174,2.05352,0.49298
734.15000,-3.53291,2.05827,0.49414
734.20000,-3.52410,2.06303,0.49531
734.25000,-3.51528,2.06779,0.49636
734.30000,-3.50647,2.07257,0.49733
734.35000,-3.49767,2.07736,0.49819
734.40000,-3.48887,2.08215,0.49894
734.45000,-3.48007,2.08694,0.49960
734.50000,-3.47127,2.09172,0.50012
734.55000,-3.46248,2.09652,0.50056
734.60000,-3.45370,2.10132,0.50086
734.65000,-3.44492,2.10612,0.50101
734.70000,-3.43614,2.11094,0.50111
734.75000,-3.42736,2.11574,0.50118
734.80000,-3.41859,2.12052,0.50112
734.85000,-3.40982,2.12532,0.50110
734.90000,-3.40105,2.13013,0.50089
734.95000,-3.39228,2.13492,0.50058
735.00000,-3.38351,2.13972,0.50032
735.05000,-3.37475,2.14450,0.49980
735.10000,-3.36597,2.14929,0.49918
735.15000,-3.35716,2.15410,0.49857
735.20000,-3.34834,2.15890,0.49795
735.25000,-3.33956,2.16367,0.49711
735.30000,-3.33077,2.16843,0.49612
735.35000,-3.32197,2.17319,0.49505
735.40000,-3.31317,2.17794,0.49390
735.45000,-3.30436,2.18267,0.49268
735.50000,-3.29555,2.18740,0.49139
735.55000,-3.28673,2.19211,0.49003
735.60000,-3.27790,2.19681,0.48861
735.65000,-3.26907,2.20150,0.48712
735.70000,-3.26023,2.20617,0.48558
735.75000,-3.25138,2.21083,0.48397
735.80000,-3.24252,2.21548,0.48233
735.85000,-3.23365,2.22011,0.48077
735.90000,-3.22479,2.22473,0.47913
735.95000,-3.21592,2.22933,0.47751
736.00000,-3.20705,2.23391,0.47583
736.05000,-3.19818,2.23848,0.47413
736.10000,-3.18931,2.24303,0.47239
736.15000,-3.18042,2.24756,0.47062
736.20000,-3.17153,2.25208,0.46881
736.25000,-3.16263,2.25658,0.46696
736.30000,-3.15371,2.26108,0.46507
736.35000,-3.14477,2.26555,0.46323
736.40000,-3.13584,2.27001,0.46137
736.45000,-3.12737,2.27415,0.44943
736.50000,-3.12072,2.27721,0.43498
736.55000,-3.11204,2.28126,0.43134
736.60000,-3.10292,2.28544,0.42887
736.65000,-3.09386,2.28957,0.42625
736.70000,-3.08585,2.29303,0.41109
736.75000,-3.07928,2.29574,0.37608
736.80000,-3.07260,2.29820,0.33093
736.85000,-3.06494,2.30062,0.28202
736.90000,-3.05650,2.30283,0.23059
736.95000,-3.04741,2.30471,0.17764
737.00000,-3.03786,2.30616,0.12357
737.05000,-3.02796,2.30712,0.06886
737.10000,-3.01798,2.30753,0.01462
737.15000,-3.00798,2.30741,-0.03893
737.20000,-2.99849,2.30706,-0.08442
737.25000,-2.99068,2.30655,-0.11990
737.30000,-2.98400,2.30559,-0.16208
737.35000,-2.97720,2.30440,-0.19463
737.40000,-2.97202,2.30357,-0.22145
737.45000,-2.96864,2.30283,-0.24611
737.50000,-2.96529,2.30209,-0.26633
737.55000,-2.96194,2.30136,-0.28502
737.60000,-2.95859,2.30062,-0.30217
737.65000,-2.95525,2.29988,-0.31778
737.70000,-2.95191,2.29914,-0.33186
737.75000,-2.94857,2.29840,-0.34437
737.80000,-2.94523,2.29766,-0.35528
737.85000,-2.94189,2.29692,-0.36454
737.90000,-2.93856,2.29617,-0.37208
737.95000,-2.93528,2.29542,-0.37800
738.00000,-2.93218,2.29470,-0.38263
738.05000,-2.92928,2.29398,-0.38593
738.10000,-2.92659,2.29329,-0.38788
738.15000,-2.92423,2.29263,-0.38805
738.20000,-2.92297,2.29215,-0.38311
738.25000,-2.92267,2.29204,-0.37374
738.30000,-2.92247,2.29196,-0.36375
738.35000,-2.92227,2.29189,-0.35366
738.40000,-2.92207,2.29182,-0.34346
738.45000,-2.92187,2.29174,-0.33318
738.50000,-2.92166,2.29167,-0.32280
738.55000,-2.92146,2.29161,-0.31235
738.60000,-2.92125,2.29154,-0.30183
738.65000,-2.92105,2.29148,-0.29124
738.70000,-2.92084,2.29142,-0.28059
738.75000,-2.92063,2.29136,-0.26989
738.80000,-2.92043,2.29130,-0.25914
738.85000,-2.92022,2.29125,-0.24835
738.90000,-2.92001,2.29120,-0.23753
738.95000,-2.91980,2.29115,-0.22667
739.00000,-2.91959,2.29110,-0.21579
739.05000,-2.91938,2.29106,-0.20490
739.10000,-2.91917,2.29101,-0.19399
739.15000,-2.91895,2.29098,-0.18911
739.20000,-2.91806,2.29057,-0.18996
739.25000,-2.91708,2.29034,-0.19484
739.30000,-2.91484,2.28991,-0.20289
739.35000,-2.91260,2.28946,-0.20762
739.40000,-2.91035,2.28902,-0.20962
739.45000,-2.90833,2.28861,-0.20703
739.50000,-2.90740,2.28843,-0.19902
739.55000,-2.90718,2.28839,-0.18793
739.60000,-2.90697,2.28835,-0.17674
739.65000,-2.90675,2.28831,-0.16556
739.70000,-2.90654,2.28828,-0.15439
739.75000,-2.90633,2.28825,-0.14324
739.80000,-2.90612,2.28822,-0.13210
739.85000,-2.90590,2.28819,-0.12099
739.90000,-2.90569,2.28817,-0.11553
739.95000,-2.90434,2.28797,-0.12047
740.00000,-2.90031,2.28730,-0.14022
740.05000,-2.89290,2.28613,-0.17169
740.10000,-2.88513,2.28475,-0.19775
740.15000,-2.87884,2.28373,-0.21857
740.20000,-2.87386,2.28265,-0.23894
740.25000,-2.86890,2.28159,-0.25556
740.30000,-2.86394,2.28052,-0.27036
740.35000,-2.85898,2.27945,-0.28330
740.40000,-2.85403,2.27838,-0.29434
740.45000,-2.84907,2.27730,-0.30344
740.50000,-2.84412,2.27623,-0.31053
740.55000,-2.84132,2.27549,-0.30714
740.60000,-2.84027,2.27517,-0.29623
740.65000,-2.84004,2.27510,-0.28173
740.70000,-2.83984,2.27505,-0.26704
740.75000,-2.83963,2.27499,-0.25238
740.80000,-2.83943,2.27494,-0.23777
740.85000,-2.83923,2.27490,-0.22320
740.90000,-2.83902,2.27485,-0.20869
740.95000,-2.83882,2.27481,-0.19423
741.00000,-2.83861,2.27477,-0.17983
741.05000,-2.83840,2.27473,-0.16550
741.10000,-2.83820,2.27470,-0.15124
741.15000,-2.83799,2.27467,-0.13706
741.20000,-2.83778,2.27464,-0.12297
741.25000,-2.83758,2.27462,-0.10896
741.30000,-2.83737,2.27460,-0.09504
741.35000,-2.83721,2.27458,-0.08821
741.40000,-2.83513,2.27438,-0.08588
741.45000,-2.83406,2.27431,-0.07393
741.50000,-2.83347,2.27427,-0.06955
741.55000,-2.83095,2.27398,-0.07778
741.60000,-2.82597,2.27359,-0.08573
741.65000,-2.82323,2.27338,-0.09192
741.70000,-2.81832,2.27286,-0.11124
741.75000,-2.81244,2.27217,-0.12549
741.80000,-2.80758,2.27164,-0.13296
741.85000,-2.80325,2.27114,-0.13829
741.90000,-2.79891,2.27064,-0.14344
741.95000,-2.79458,2.27014,-0.14801
742.00000,-2.79208,2.26987,-0.14330
742.05000,-2.79152,2.26979,-0.12847
742.10000,-2.79094,2.26972,-0.11351
742.15000,-2.79037,2.26966,-0.09868
742.20000,-2.78991,2.26960,-0.09464
742.25000,-2.78730,2.26926,-0.10204
742.30000,-2.78222,2.26863,-0.12220
742.35000,-2.77556,2.26783,-0.13847
742.40000,-2.77150,2.26749,-0.14143
742.45000,-2.77059,2.26740,-0.12980
742.50000,-2.77005,2.26734,-0.11577
742.55000,-2.76950,2.26728,-0.10181
742.60000,-2.76896,2.26722,-0.08794
742.65000,-2.76841,2.26718,-0.07417
742.70000,-2.76787,2.26714,-0.06051
742.75000,-2.76732,2.26711,-0.04695
742.80000,-2.76703,2.26709,-0.04079
742.85000,-2.76555,2.26699,-0.04390
742.90000,-2.76177,2.26672,-0.05860
742.95000,-2.75525,2.26619,-0.08725
743.00000,-2.74685,2.26529,-0.12548
743.05000,-2.73798,2.26417,-0.16068
743.10000,-2.73016,2.26300,-0.18529
743.15000,-2.72544,2.26229,-0.19331
743.20000,-2.72373,2.26206,-0.18552
743.25000,-2.72320,2.26196,-0.17126
743.30000,-2.72265,2.26186,-0.15688
743.35000,-2.72212,2.26178,-0.14257
743.40000,-2.72159,2.26171,-0.12841
743.45000,-2.72106,2.26164,-0.11423
743.50000,-2.72051,2.26158,-0.10015
743.55000,-2.71997,2.26153,-0.08618
743.60000,-2.71942,2.26148,-0.07230
743.65000,-2.71888,2.26145,-0.05853
743.70000,-2.71834,2.26142,-0.04485
743.75000,-2.71780,2.26140,-0.03129
743.80000,-2.71727,2.26138,-0.01784
743.85000,-2.71694,2.26137,-0.01317
743.90000,-2.71507,2.26130,-0.01724
743.95000,-2.71125,2.26115,-0.03114
744.00000,-2.70491,2.26090,-0.04929
744.05000,-2.69977,2.26073,-0.06023
744.10000,-2.69738,2.26067,-0.05751
744.15000,-2.69636,2.26063,-0.04741
744.20000,-2.69585,2.26061,-0.03471
744.25000,-2.69534,2.26059,-0.02204
744.30000,-2.69482,2.26058,-0.00947
744.35000,-2.69431,2.26058,0.00300
744.40000,-2.69390,2.26059,0.00719
744.45000,-2.69159,2.26061,0.00041
744.50000,-2.68712,2.26055,-0.01698
744.55000,-2.68061,2.26042,-0.03408
744.60000,-2.67655,2.26035,-0.04027
744.65000,-2.67549,2.26033,-0.03205
744.70000,-2.67500,2.26032,-0.02041
744.75000,-2.67452,2.26031,-0.00879
744.80000,-2.67404,2.26031,0.00276
744.85000,-2.67355,2.26031,0.01423
744.90000,-2.67307,2.26032,0.02563
744.95000,-2.67268,2.26036,0.02762
745.00000,-2.67078,2.26044,0.02164
745.05000,-2.66792,2.26051,0.01146
745.10000,-2.66347,2.26054,0.00033
745.15000,-2.65984,2.26054,-0.00497
745.20000,-2.65738,2.26054,-0.00525
745.25000,-2.65492,2.26053,-0.00550
745.30000,-2.65246,2.26053,-0.00573
745.35000,-2.65000,2.26052,-0.00596
745.40000,-2.64754,2.26052,-0.00619
745.45000,-2.64508,2.26051,-0.00642
745.50000,-2.64262,2.26051,-0.00665
745.55000,-2.64016,2.26050,-0.00689
745.60000,-2.63770,2.26050,-0.00712
745.65000,-2.63524,2.26049,-0.00735
745.70000,-2.63278,2.26049,-0.00758
745.75000,-2.63032,2.26048,-0.00781
745.80000,-2.62786,2.26048,-0.00804
745.85000,-2.62540,2.26047,-0.00827
745.90000,-2.62294,2.26047,-0.00850
745.95000,-2.62068,2.26046,-0.00378
746.00000,-2.61997,2.26047,0.00968
746.05000,-2.61944,2.26047,0.02434
746.10000,-2.61892,2.26048,0.03905
746.15000,-2.61841,2.26050,0.05373
746.20000,-2.61789,2.26053,0.06823
746.25000,-2.61738,2.26057,0.08264
746.30000,-2.61671,2.26067,0.08823
746.35000,-2.61291,2.26102,0.07679
746.40000,-2.60787,2.26139,0.05906
746.45000,-2.60152,2.26168,0.04381
746.50000,-2.59657,2.26179,0.03558
746.55000,-2.59355,2.26181,0.03703
746.60000,-2.59200,2.26183,0.04690
746.65000,-2.59144,2.26185,0.06248
746.70000,-2.59093,2.26188,0.07892
746.75000,-2.59056,2.26190,0.09536
746.80000,-2.59045,2.26192,0.11151
746.85000,-2.59037,2.26193,0.12131
746.90000,-2.58885,2.26219,0.11982
746.95000,-2.58568,2.26258,0.11005
747.00000,-2.58147,2.26302,0.09459
747.05000,-2.57547,2.26351,0.06971
747.10000,-2.56761,2.26393,0.05061
747.15000,-2.56077,2.26416,0.04896
747.20000,-2.55544,2.26433,0.05977
747.25000,-2.55192,2.26447,0.08670
747.30000,-2.55087,2.26453,0.12809
747.35000,-2.55080,2.26454,0.17437
747.40000,-2.55075,2.26457,0.21132
747.45000,-2.55082,2.26452,0.23259
747.50000,-2.55098,2.26441,0.24444
747.55000,-2.55060,2.26452,0.24629
747.60000,-2.54854,2.26505,0.23925
747.65000,-2.54505,2.26589,0.22593
747.70000,-2.53981,2.26705,0.20509
747.75000,-2.53268,2.26853,0.17667
747.80000,-2.52358,2.27008,0.13977
747.85000,-2.51398,2.27123,0.09927
747.90000,-2.50452,2.27194,0.07194
747.95000,-2.49508,2.27255,0.06549
748.00000,-2.48582,2.27313,0.08122
748.05000,-2.47857,2.27376,0.11817
748.10000,-2.47308,2.27453,0.16785
748.15000,-2.47006,2.27512,0.22850
748.20000,-2.46947,2.27527,0.29957
748.25000,-2.46927,2.27536,0.36078
748.30000,-2.46899,2.27557,0.40374
748.35000,-2.46853,2.27600,0.43345
748.40000,-2.46788,2.27665,0.44885
748.45000,-2.46584,2.27787,0.43966
748.50000,-2.45970,2.28077,0.40946
748.55000,-2.45237,2.28378,0.37006
748.60000,-2.44403,2.28682,0.32698
748.65000,-2.43473,2.28975,0.28623
748.70000,-2.42509,2.29239,0.24708
748.75000,-2.41534,2.29464,0.20804
748.80000,-2.40630,2.29629,0.18281
748.85000,-2.39764,2.29763,0.18371
748.90000,-2.38995,2.29897,0.20703
748.95000,-2.38461,2.30018,0.25165
749.00000,-2.38084,2.30125,0.31043
749.05000,-2.37952,2.30172,0.38047
749.10000,-2.37896,2.30196,0.44248
749.15000,-2.37831,2.30233,0.49110
749.20000,-2.37757,2.30282,0.52929
749.25000,-2.37678,2.30339,0.55665
749.30000,-2.37600,2.30401,0.56356
749.35000,-2.37318,2.30603,0.54550
749.40000,-2.36748,2.30970,0.51292
749.45000,-2.35946,2.31402,0.47397
749.50000,-2.35115,2.31803,0.42978
749.55000,-2.34198,2.32201,0.38834
749.60000,-2.33265,2.32560,0.34735
749.65000,-2.32318,2.32881,0.30651
749.70000,-2.31472,2.33125,0.25861
749.75000,-2.30850,2.33276,0.22687
749.80000,-2.30268,2.33420,0.22242
749.85000,-2.29664,2.33578,0.23510
749.90000,-2.29058,2.33739,0.26818
749.95000,-2.28637,2.33792,0.30652
750.00000,-2.28262,2.33826,0.32597
750.05000,-2.27932,2.33834,0.31541
750.10000,-2.27625,2.33905,0.28574
750.15000,-2.27166,2.34031,0.24624
750.20000,-2.26512,2.34178,0.19909
750.25000,-2.25774,2.34307,0.14793
750.30000,-2.24945,2.34408,0.09495
750.35000,-2.24060,2.34468,0.04033
750.40000,-2.23138,2.34479,-0.01548
750.45000,-2.22185,2.34438,-0.07186
750.50000,-2.21211,2.34340,-0.12852
750.55000,-2.20225,2.34184,-0.18527
750.60000,-2.19473,2.34031,-0.24334
750.65000,-2.19082,2.33921,-0.30927
750.70000,-2.18874,2.33848,-0.38225
750.75000,-2.18793,2.33812,-0.46008
750.80000,-2.18764,2.33796,-0.53968
750.85000,-2.18738,2.33779,-0.61888
750.90000,-2.18717,2.33763,-0.69768
750.95000,-2.18699,2.33746,-0.77613
751.00000,-2.18684,2.33731,-0.85426
751.05000,-2.18672,2.33716,-0.93215
751.10000,-2.18663,2.33702,-1.00986
751.15000,-2.18655,2.33690,-1.08754
751.20000,-2.18650,2.33679,-1.16535
751.25000,-2.18646,2.33669,-1.24352
751.30000,-2.18644,2.33660,-1.32239
751.35000,-2.18642,2.33653,-1.40240
751.40000,-2.18641,2.33646,-1.48415
751.45000,-2.18641,2.33641,-1.56835
751.50000,-2.18641,2.33637,-1.65543
751.55000,-2.18642,2.33633,-1.74569
751.60000,-2.18642,2.33631,-1.83820
751.65000,-2.18643,2.33628,-1.93231
751.70000,-2.18644,2.33627,-2.02756
751.75000,-2.18645,2.33625,-2.12362
751.80000,-2.18650,2.33624,-2.20609
751.85000,-2.18673,2.33611,-2.26359
751.90000,-2.18791,2.33514,-2.28317
751.95000,-2.18979,2.33355,-2.27646
752.00000,-2.19194,2.33172,-2.26048
752.05000,-2.19421,2.32962,-2.23589
752.10000,-2.19558,2.32777,-2.20498
752.15000,-2.19567,2.32760,-2.17004
752.20000,-2.19573,2.32752,-2.13478
752.25000,-2.19578,2.32743,-2.09936
752.30000,-2.19583,2.32734,-2.06376
752.35000,-2.19588,2.32724,-2.02797
752.40000,-2.19593,2.32714,-1.99198
752.45000,-2.19598,2.32703,-1.95578
752.50000,-2.19602,2.32692,-1.91937
752.55000,-2.19606,2.32680,-1.88277
752.60000,-2.19610,2.32669,-1.84597
752.65000,-2.19613,2.32656,-1.80898
752.70000,-2.19616,2.32644,-1.77183
752.75000,-2.19618,2.32631,-1.73451
752.80000,-2.19620,2.32618,-1.69705
752.85000,-2.19621,2.32605,-1.65945
752.90000,-2.19622,2.32592,-1.62174
752.95000,-2.19623,2.32578,-1.58393
753.00000,-2.19623,2.32565,-1.54604
753.05000,-2.19622,2.32551,-1.50807
753.10000,-2.19621,2.32537,-1.47002
753.15000,-2.19619,2.32524,-1.43191
753.20000,-2.19617,2.32510,-1.39374
753.25000,-2.19614,2.32497,-1.35555
753.30000,-2.19611,2.32484,-1.31734
753.35000,-2.19607,2.32470,-1.27914
753.40000,-2.19603,2.32457,-1.24095
753.45000,-2.19599,2.32445,-1.20281
753.50000,-2.19593,2.32432,-1.16475
753.55000,-2.19588,2.32419,-1.12679
753.60000,-2.19582,2.32407,-1.08896
753.65000,-2.19575,2.32394,-1.05127
753.70000,-2.19568,2.32382,-1.01374
753.75000,-2.19560,2.32371,-0.97638
753.80000,-2.19552,2.32359,-0.93919
753.85000,-2.19543,2.32348,-0.90219
753.90000,-2.19534,2.32336,-0.86538
753.95000,-2.19524,2.32326,-0.82879
754.00000,-2.19514,2.32315,-0.79241
754.05000,-2.19504,2.32305,-0.75627
754.10000,-2.19493,2.32295,-0.72035
754.15000,-2.19482,2.32286,-0.68468
754.20000,-2.19471,2.32277,-0.64926
754.25000,-2.19459,2.32268,-0.61409
754.30000,-2.19447,2.32260,-0.57918
754.35000,-2.19435,2.32252,-0.54456
754.40000,-2.19422,2.32245,-0.51022
754.45000,-2.19410,2.32238,-0.47618
754.50000,-2.19397,2.32232,-0.44244
754.55000,-2.19383,2.32226,-0.40902
754.60000,-2.19370,2.32220,-0.37593
754.65000,-2.19356,2.32215,-0.34318
754.70000,-2.19342,2.32210,-0.31079
754.75000,-2.19328,2.32206,-0.27875
754.80000,-2.19314,2.32202,-0.24709
754.85000,-2.19300,2.32199,-0.21580
754.90000,-2.19285,2.32196,-0.18488
754.95000,-2.19271,2.32194,-0.15435
755.00000,-2.19256,2.32192,-0.12420
755.05000,-2.19242,2.32190,-0.09444
755.10000,-2.19227,2.32189,-0.06507
755.15000,-2.19212,2.32188,-0.03611
755.20000,-2.19197,2.32188,-0.00754
755.25000,-2.19182,2.32188,0.02062
755.30000,-2.19175,2.32185,0.04402
755.35000,-2.19134,2.32201,0.05423
755.40000,-2.18716,2.32231,0.04250
755.45000,-2.18061,2.32255,0.02786
755.50000,-2.17397,2.32265,0.02484
755.55000,-2.16847,2.32276,0.02959
755.60000,-2.16602,2.32280,0.03352
755.65000,-2.16348,2.32290,0.02868
755.70000,-2.16008,2.32300,0.01916
755.75000,-2.15582,2.32308,0.00465
755.80000,-2.14963,2.32303,-0.01995
755.85000,-2.14091,2.32268,-0.05697
755.90000,-2.13191,2.32199,-0.09579
755.95000,-2.12294,2.32096,-0.13439
756.00000,-2.11400,2.31957,-0.17258
756.05000,-2.10511,2.31785,-0.21031
756.10000,-2.09628,2.31579,-0.24755
756.15000,-2.08745,2.31352,-0.27787
756.20000,-2.07895,2.31111,-0.29219
756.25000,-2.07269,2.30931,-0.29287
756.30000,-2.06942,2.30854,-0.27741
756.35000,-2.06845,2.30831,-0.24955
756.40000,-2.06762,2.30810,-0.22074
756.45000,-2.06683,2.30795,-0.19220
756.50000,-2.06603,2.30781,-0.16400
756.55000,-2.06548,2.30774,-0.14970
756.60000,-2.06343,2.30734,-0.15168
756.65000,-2.05891,2.30666,-0.15075
756.70000,-2.05577,2.30634,-0.14498
756.75000,-2.05225,2.30580,-0.15415
756.80000,-2.04618,2.30473,-0.17796
756.85000,-2.03821,2.30316,-0.21128
756.90000,-2.02949,2.30123,-0.23965
756.95000,-2.02151,2.29935,-0.25147
757.00000,-2.01528,2.29787,-0.25286
757.05000,-2.01058,2.29679,-0.24589
757.10000,-2.00880,2.29645,-0.22342
757.15000,-2.00799,2.29628,-0.19546
757.20000,-2.00718,2.29613,-0.16763
757.25000,-2.00672,2.29605,-0.15444
757.30000,-2.00492,2.29570,-0.15553
757.35000,-2.00127,2.29502,-0.16580
757.40000,-1.99482,2.29390,-0.17618
757.45000,-1.98914,2.29296,-0.17520
757.50000,-1.98576,2.29253,-0.16278
757.55000,-1.98510,2.29250,-0.15066
757.60000,-1.98378,2.29227,-0.14936
757.65000,-1.98065,2.29170,-0.15790
757.70000,-1.97464,2.29056,-0.18139
757.75000,-1.96699,2.28917,-0.19776
757.80000,-1.96074,2.28799,-0.19991
757.85000,-1.95713,2.28743,-0.18898
757.90000,-1.95594,2.28733,-0.16488
757.95000,-1.95522,2.28725,-0.13801
758.00000,-1.95493,2.28733,-0.12135
758.05000,-1.95371,2.28704,-0.12055
758.10000,-1.95007,2.28642,-0.13247
758.15000,-1.94360,2.28540,-0.15931
758.20000,-1.93544,2.28393,-0.19521
758.25000,-1.92655,2.28213,-0.22407
758.30000,-1.91863,2.28042,-0.23180
758.35000,-1.91346,2.27943,-0.22321
758.40000,-1.91099,2.27910,-0.19882
758.45000,-1.91048,2.27901,-0.16473
758.50000,-1.91017,2.27896,-0.12928
758.55000,-1.90958,2.27890,-0.09090
758.60000,-1.90933,2.27889,-0.06693
758.65000,-1.90858,2.27873,-0.06298
758.70000,-1.90585,2.27843,-0.07058
758.75000,-1.90123,2.27794,-0.08811
758.80000,-1.89396,2.27713,-0.11952
758.85000,-1.88524,2.27591,-0.15817
758.90000,-1.87634,2.27442,-0.18968
758.95000,-1.86714,2.27260,-0.19926
759.00000,-1.85810,2.27098,-0.18226
759.05000,-1.85102,2.26983,-0.14522
759.10000,-1.84623,2.26937,-0.10669
759.15000,-1.84217,2.26928,-0.09341
759.20000,-1.83803,2.26916,-0.09626
759.25000,-1.83396,2.26915,-0.11562
759.30000,-1.82993,2.26922,-0.15893
759.35000,-1.82732,2.26915,-0.21567
759.40000,-1.82689,2.26905,-0.28073
759.45000,-1.82666,2.26897,-0.34600
759.50000,-1.82641,2.26887,-0.41055
759.55000,-1.82616,2.26875,-0.47437
759.60000,-1.82589,2.26860,-0.53748
759.65000,-1.82560,2.26842,-0.59985
759.70000,-1.82531,2.26820,-0.66150
759.75000,-1.82500,2.26795,-0.72242
759.80000,-1.82468,2.26765,-0.78263
759.85000,-1.82436,2.26731,-0.84214
759.90000,-1.82404,2.26692,-0.90094
759.95000,-1.82371,2.26648,-0.95902
760.00000,-1.82338,2.26598,-1.01639
760.05000,-1.82305,2.26542,-1.07305
760.10000,-1.82274,2.26480,-1.12900
760.15000,-1.82243,2.26410,-1.18423
760.20000,-1.82214,2.26333,-1.23875
760.25000,-1.82187,2.26248,-1.29256
760.30000,-1.82163,2.26155,-1.34566
760.35000,-1.82143,2.26053,-1.39806
760.40000,-1.82126,2.25941,-1.44975
760.45000,-1.82115,2.25819,-1.50074
760.50000,-1.82109,2.25687,-1.55103
760.55000,-1.82110,2.25545,-1.60063
760.60000,-1.82118,2.25392,-1.64953
760.65000,-1.82135,2.25228,-1.69774
760.70000,-1.82161,2.25053,-1.74527
760.75000,-1.82199,2.24868,-1.79212
760.80000,-1.82248,2.24671,-1.83828
760.85000,-1.82309,2.24465,-1.88378
760.90000,-1.82385,2.24249,-1.92860
760.95000,-1.82475,2.24024,-1.97276
761.00000,-1.82580,2.23791,-2.01627
761.05000,-1.82701,2.23550,-2.05912
761.10000,-1.82839,2.23303,-2.10133
761.15000,-1.82994,2.23051,-2.14290
761.20000,-1.83165,2.22798,-2.18383
761.25000,-1.83347,2.22550,-2.22407
761.30000,-1.83539,2.22309,-2.26362
761.35000,-1.83739,2.22077,-2.30247
761.40000,-1.83947,2.21854,-2.34065
761.45000,-1.84369,2.21437,-2.37554
761.50000,-1.85031,2.20821,-2.41007
761.55000,-1.85786,2.20168,-2.44628
761.60000,-1.86565,2.19541,-2.48185
761.65000,-1.87366,2.18942,-2.51673
761.70000,-1.88186,2.18372,-2.55094
761.75000,-1.89026,2.17829,-2.58447
761.80000,-1.89883,2.17314,-2.61735
761.85000,-1.90757,2.16828,-2.64958
761.90000,-1.91646,2.16369,-2.68115
761.95000,-1.92548,2.15939,-2.71209
762.00000,-1.93397,2.15568,-2.74522
762.05000,-1.94250,2.15229,-2.77811
762.10000,-1.95148,2.14904,-2.80889
762.15000,-1.96097,2.14591,-2.83720
762.20000,-1.97055,2.14304,-2.86488
762.25000,-1.97977,2.14058,-2.89388
762.30000,-1.98910,2.13836,-2.92209
762.35000,-1.99819,2.13648,-2.95083
762.40000,-2.00755,2.13481,-2.97808
762.45000,-2.01736,2.13332,-3.00324
762.50000,-2.02709,2.13210,-3.02834
762.55000,-2.03699,2.13110,-3.05240
762.60000,-2.04696,2.13032,-3.07563
762.65000,-2.05694,2.12978,-3.09843
762.70000,-2.06694,2.12946,-3.12083
762.75000,-2.07694,2.12936,3.14032
762.80000,-2.08694,2.12948,3.11862
762.85000,-2.09693,2.12982,3.09719
762.90000,-2.10692,2.13037,3.07598
762.95000,-2.11657,2.13111,3.05366
763.00000,-2.12597,2.13207,3.03041
763.05000,-2.13535,2.13324,3.00717
763.10000,-2.14468,2.13463,2.98366
763.15000,-2.15392,2.13622,2.95889
763.20000,-2.16304,2.13803,2.93154
763.25000,-2.17189,2.14006,2.89913
763.30000,-2.18027,2.14194,2.86546
763.35000,-2.18357,2.14274,2.82367
763.40000,-2.18520,2.14332,2.76660
763.45000,-2.18570,2.14353,2.69861
763.50000,-2.18576,2.14356,2.62669
763.55000,-2.18583,2.14360,2.55403
763.60000,-2.18589,2.14365,2.48114
763.65000,-2.18596,2.14371,2.40831
763.70000,-2.18603,2.14377,2.33575
763.75000,-2.18610,2.14385,2.26358
763.80000,-2.18615,2.14395,2.20431
763.85000,-2.18619,2.14404,2.16232
763.90000,-2.18621,2.14408,2.10771
763.95000,-2.18624,2.14414,2.04114
764.00000,-2.18628,2.14427,1.98437
764.05000,-2.18651,2.14466,1.95190
764.10000,-2.18740,2.14609,1.95117
764.15000,-2.18932,2.15072,1.97041
764.20000,-2.19180,2.15663,1.98999
764.25000,-2.19394,2.16191,2.00393
764.30000,-2.19644,2.16716,2.02740
764.35000,-2.19996,2.17405,2.05881
764.40000,-2.20431,2.18189,2.09566
764.45000,-2.20941,2.19032,2.13635
764.50000,-2.21497,2.19873,2.17815
764.55000,-2.22085,2.20682,2.21971
764.60000,-2.22705,2.21466,2.26113
764.65000,-2.23358,2.22225,2.30287
764.70000,-2.24042,2.22955,2.34453
764.75000,-2.24755,2.23656,2.38613
764.80000,-2.25497,2.24326,2.42767
764.85000,-2.26266,2.24965,2.46901
764.90000,-2.27061,2.25571,2.51024
764.95000,-2.27880,2.26145,2.55133
765.00000,-2.28722,2.26684,2.59231
765.05000,-2.29585,2.27189,2.63313
765.10000,-2.30469,2.27658,2.67374
765.15000,-2.31370,2.28090,2.71414
765.20000,-2.32288,2.28487,2.75430
765.25000,-2.33221,2.28846,2.79419
765.30000,-2.34168,2.29167,2.83380
765.35000,-2.35127,2.29451,2.87310
765.40000,-2.36096,2.29698,2.91210
765.45000,-2.37074,2.29906,2.95095
765.50000,-2.38059,2.30077,2.98943
765.55000,-2.39050,2.30210,3.02749
765.60000,-2.40046,2.30305,3.06514
765.65000,-2.41044,2.30362,3.10237
765.70000,-2.42044,2.30383,3.13934
765.75000,-2.43028,2.30381,-3.11239
765.80000,-2.43996,2.30389,-3.08707
765.85000,-2.44923,2.30434,-3.07597
765.90000,-2.45808,2.30500,-3.08389
765.95000,-2.46691,2.30551,-3.10668
766.00000,-2.47490,2.30565,3.13895
766.05000,-2.48065,2.30567,3.09151
766.10000,-2.48400,2.30576,3.03427
766.15000,-2.48487,2.30587,2.96712
766.20000,-2.48505,2.30592,2.90738
766.25000,-2.48534,2.30612,2.86098
766.30000,-2.48570,2.30641,2.82424
766.35000,-2.48609,2.30675,2.79735
766.40000,-2.48651,2.30715,2.77997
766.45000,-2.48703,2.30767,2.77137
766.50000,-2.48792,2.30840,2.77134
766.55000,-2.49058,2.30952,2.78082
766.60000,-2.49504,2.31117,2.79859
766.65000,-2.50150,2.31340,2.82489
766.70000,-2.51019,2.31610,2.86004
766.75000,-2.51984,2.31870,2.89875
766.80000,-2.52959,2.32091,2.93698
766.85000,-2.53942,2.32276,2.97498
766.90000,-2.54931,2.32423,3.01275
766.95000,-2.55769,2.32521,3.02967
767.00000,-2.56347,2.32589,3.01307
767.05000,-2.56748,2.32648,2.97291
767.10000,-2.56954,2.32688,2.91868
767.15000,-2.57052,2.32711,2.87058
767.20000,-2.57158,2.32748,2.84330
767.25000,-2.57431,2.32851,2.85068
767.30000,-2.57902,2.32990,2.86842
767.35000,-2.58550,2.33164,2.89351
767.40000,-2.59409,2.33369,2.92726
767.45000,-2.60388,2.33563,2.96498
767.50000,-2.61343,2.33721,2.99184
767.55000,-2.62327,2.33891,3.00033
767.60000,-2.63277,2.34022,2.98760
767.65000,-2.64047,2.34126,2.95609
767.70000,-2.64584,2.34236,2.91451
767.75000,-2.64859,2.34306,2.86202
767.80000,-2.64902,2.34319,2.79997
767.85000,-2.64919,2.34327,2.74760
767.90000,-2.64947,2.34353,2.71818
767.95000,-2.65134,2.34460,2.72075
768.00000,-2.65662,2.34696,2.74092
768.05000,-2.66330,2.34970,2.77167
768.10000,-2.67149,2.35270,2.80815
768.15000,-2.68051,2.35565,2.84576
768.20000,-2.68996,2.35835,2.88213
768.25000,-2.69914,2.36050,2.90692
768.30000,-2.70789,2.36215,2.90615
768.35000,-2.71572,2.36342,2.88330
768.40000,-2.72156,2.36465,2.84435
768.45000,-2.72495,2.36576,2.79490
768.50000,-2.72574,2.36607,2.73455
768.55000,-2.72591,2.36616,2.68247
768.60000,-2.72607,2.36631,2.65326
768.65000,-2.72739,2.36709,2.65329
768.70000,-2.72978,2.36835,2.66042
768.75000,-2.73320,2.37012,2.67390
768.80000,-2.73795,2.37247,2.69486
768.85000,-2.74435,2.37543,2.72512
768.90000,-2.75265,2.37893,2.76259
768.95000,-2.76195,2.38247,2.79912
769.00000,-2.77024,2.38523,2.81980
769.05000,-2.77775,2.38733,2.81803
769.10000,-2.78420,2.38865,2.79148
769.15000,-2.78872,2.39007,2.74906
769.20000,-2.79070,2.39094,2.69560
769.25000,-2.79114,2.39114,2.64686
769.30000,-2.79179,2.39162,2.62475
769.35000,-2.79481,2.39343,2.63266
769.40000,-2.80051,2.39655,2.65422
769.45000,-2.80730,2.40003,2.68542
769.50000,-2.81525,2.40375,2.72269
769.55000,-2.82356,2.40726,2.76177
769.60000,-2.83207,2.41063,2.78884
769.65000,-2.84029,2.41364,2.79434
769.70000,-2.84782,2.41604,2.77595
769.75000,-2.85374,2.41830,2.73925
769.80000,-2.85714,2.41983,2.69128
769.85000,-2.85793,2.42022,2.63184
769.90000,-2.85810,2.42035,2.58154
769.95000,-2.85835,2.42060,2.55098
770.00000,-2.85883,2.42114,2.53470
770.05000,-2.85944,2.42182,2.52731
770.10000,-2.86083,2.42294,2.52902
770.15000,-2.86486,2.42576,2.54387
770.20000,-2.87090,2.42977,2.56862
770.25000,-2.87890,2.43476,2.60183
770.30000,-2.88757,2.43974,2.63749
770.35000,-2.89641,2.44441,2.67339
770.40000,-2.90488,2.44844,2.69425
770.45000,-2.91214,2.45147,2.68730
770.50000,-2.91629,2.45350,2.65133
770.55000,-2.91797,2.45444,2.59965
770.60000,-2.91827,2.45463,2.54150
770.65000,-2.91846,2.45479,2.49369
770.70000,-2.91897,2.45533,2.46499
770.75000,-2.91967,2.45610,2.44825
770.80000,-2.92054,2.45706,2.44178
770.85000,-2.92246,2.45890,2.44793
770.90000,-2.92739,2.46307,2.47063
770.95000,-2.93479,2.46874,2.50547
771.00000,-2.94294,2.47453,2.54268
771.05000,-2.95130,2.48001,2.58018
771.10000,-2.95986,2.48517,2.61795
771.15000,-2.96824,2.48984,2.64018
771.20000,-2.97506,2.49341,2.63276
771.25000,-2.97857,2.49545,2.59579
771.30000,-2.98009,2.49641,2.54620
771.35000,-2.98030,2.49655,2.49032
771.40000,-2.98048,2.49673,2.44514
771.45000,-2.98091,2.49719,2.41535
771.50000,-2.98158,2.49794,2.39943
771.55000,-2.98253,2.49900,2.39675
771.60000,-2.98580,2.50205,2.41247
771.65000,-2.99152,2.50702,2.44151
771.70000,-2.99893,2.51304,2.47831
771.75000,-3.00693,2.51904,2.51710
771.80000,-3.01515,2.52473,2.55611
771.85000,-3.02324,2.52993,2.57932
771.90000,-3.03028,2.53430,2.57380
771.95000,-3.03417,2.53688,2.53702
772.00000,-3.03865,2.54013,2.49103
772.05000,-3.04386,2.54431,2.44056
772.10000,-3.04854,2.54849,2.38236
772.15000,-3.05281,2.55255,2.33187
772.20000,-3.05721,2.55682,2.30186
772.25000,-3.06218,2.56174,2.30139
772.30000,-3.06703,2.56697,2.32560
772.35000,-3.07256,2.57265,2.36019
772.40000,-3.07901,2.57881,2.40043
772.45000,-3.08519,2.58423,2.45003
772.50000,-3.09072,2.58872,2.48720
772.55000,-3.09581,2.59262,2.49130
772.60000,-3.09947,2.59545,2.46595
772.65000,-3.10310,2.59849,2.42506
772.70000,-3.10766,2.60266,2.37839
772.75000,-3.11275,2.60778,2.32774
772.80000,-3.11782,2.61318,2.28503
772.85000,-3.12285,2.61875,2.27309
772.90000,-3.12679,2.62340,2.29100
772.95000,-3.13046,2.62781,2.32288
773.00000,-3.13497,2.63253,2.36610
773.05000,-3.14051,2.63771,2.41425
773.10000,-3.14647,2.64274,2.46743
773.15000,-3.15302,2.64768,2.52323
773.20000,-3.16033,2.65257,2.57977
773.25000,-3.16780,2.65697,2.63880
773.30000,-3.17501,2.66065,2.70142
773.35000,-3.18178,2.66357,2.76777
773.40000,-3.18836,2.66598,2.82364
773.45000,-3.19495,2.66834,2.85568
773.50000,-3.20104,2.67013,2.85917
773.55000,-3.20644,2.67125,2.84005
773.60000,-3.21099,2.67275,2.79609
773.65000,-3.21627,2.67481,2.74513
773.70000,-3.22185,2.67711,2.70153
773.75000,-3.22779,2.67985,2.68640
773.80000,-3.23394,2.68279,2.69881
773.85000,-3.23968,2.68531,2.72894
773.90000,-3.24545,2.68775,2.77113
773.95000,-3.25194,2.69009,2.82071
774.00000,-3.25929,2.69232,2.87352
774.05000,-3.26626,2.69402,2.93262
774.10000,-3.27354,2.69533,2.99401
774.15000,-3.28037,2.69613,3.05957
774.20000,-3.28665,2.69642,3.12894
774.25000,-3.29314,2.69628,-3.08446
774.30000,-3.29979,2.69567,-3.01457
774.35000,-3.30654,2.69456,-2.94473
774.40000,-3.31335,2.69296,-2.87504
774.45000,-3.32015,2.69084,-2.80559
774.50000,-3.32692,2.68821,-2.73642
774.55000,-3.33362,2.68506,-2.66771
774.60000,-3.34020,2.68139,-2.59938
774.65000,-3.34663,2.67722,-2.53147
774.70000,-3.35284,2.67256,-2.46392
774.75000,-3.35882,2.66740,-2.39686
774.80000,-3.36452,2.66178,-2.33020
774.85000,-3.36993,2.65569,-2.26407
774.90000,-3.37502,2.64914,-2.19848
774.95000,-3.37972,2.64219,-2.13327
775.00000,-3.38404,2.63482,-2.06865
775.05000,-3.38792,2.62710,-2.00442
775.10000,-3.39136,2.61900,-1.94083
775.15000,-3.39354,2.61274,-1.87683
775.20000,-3.39443,2.60960,-1.80694
775.25000,-3.39476,2.60800,-1.73122
775.30000,-3.39483,2.60751,-1.65168
775.35000,-3.39484,2.60726,-1.57203
775.40000,-3.39483,2.60701,-1.49336
775.45000,-3.39480,2.60676,-1.41569
775.50000,-3.39475,2.60651,-1.33904
775.55000,-3.39468,2.60627,-1.26343
775.60000,-3.39460,2.60604,-1.18886
775.65000,-3.39449,2.60581,-1.11536
775.70000,-3.39438,2.60559,-1.04292
775.75000,-3.39424,2.60538,-0.97156
775.80000,-3.39409,2.60517,-0.90129
775.85000,-3.39393,2.60498,-0.83210
775.90000,-3.39376,2.60480,-0.76402
775.95000,-3.39357,2.60464,-0.69705
776.00000,-3.39338,2.60448,-0.63118
776.05000,-3.39317,2.60434,-0.56643
776.10000,-3.39295,2.60421,-0.50281
776.15000,-3.39273,2.60410,-0.44030
776.20000,-3.39250,2.60400,-0.37893
776.25000,-3.39226,2.60393,-0.32892
776.30000,-3.39050,2.60317,-0.29679
776.35000,-3.38552,2.60163,-0.27542
776.40000,-3.37743,2.59929,-0.27203
776.45000,-3.36786,2.59658,-0.27690
776.50000,-3.35831,2.59383,-0.28248
776.55000,-3.34874,2.59100,-0.28880
776.60000,-3.33917,2.58813,-0.29556
776.65000,-3.32962,2.58518,-0.30266
776.70000,-3.32014,2.58217,-0.31008
776.75000,-3.31065,2.57908,-0.31801
776.80000,-3.30125,2.57592,-0.32690
776.85000,-3.29185,2.57267,-0.33650
776.90000,-3.28255,2.56934,-0.34695
776.95000,-3.27335,2.56593,-0.35753
777.00000,-3.26410,2.56241,-0.36845
777.05000,-3.25498,2.55881,-0.37962
777.10000,-3.24586,2.55509,-0.39109
777.15000,-3.23684,2.55129,-0.40301
777.20000,-3.22789,2.54741,-0.41530
777.25000,-3.21905,2.54345,-0.42807
777.30000,-3.21027,2.53938,-0.44100
777.35000,-3.20156,2.53520,-0.45436
777.40000,-3.19290,2.53090,-0.46767
777.45000,-3.18432,2.52649,-0.48164
777.50000,-3.17580,2.52197,-0.49596
777.55000,-3.16736,2.51732,-0.51045
777.60000,-3.15898,2.51256,-0.52485
777.65000,-3.15068,2.50768,-0.53982
777.70000,-3.14247,2.50267,-0.55515
777.75000,-3.13415,2.49753,-0.56500
777.80000,-3.12596,2.49242,-0.56313
777.85000,-3.12149,2.48974,-0.53860
777.90000,-3.11994,2.48884,-0.50219
777.95000,-3.11978,2.48876,-0.45953
778.00000,-3.11953,2.48865,-0.42818
778.05000,-3.11692,2.48743,-0.41156
778.10000,-3.11186,2.48519,-0.40855
778.15000,-3.10416,2.48179,-0.42066
778.20000,-3.09549,2.47781,-0.43917
778.25000,-3.08689,2.47368,-0.45753
778.30000,-3.07839,2.46939,-0.47653
778.35000,-3.06987,2.46496,-0.49050
778.40000,-3.06107,2.46020,-0.48998
778.45000,-3.05201,2.45515,-0.47915
778.50000,-3.04272,2.44996,-0.45929
778.55000,-3.03377,2.44569,-0.42548
778.60000,-3.02651,2.44260,-0.37675
778.65000,-3.02202,2.44150,-0.32571
778.70000,-3.01831,2.44081,-0.29297
778.75000,-3.01436,2.43959,-0.28373
778.80000,-3.00824,2.43776,-0.28773
778.85000,-2.99969,2.43513,-0.30516
778.90000,-2.99067,2.43219,-0.32575
778.95000,-2.98172,2.42906,-0.34636
779.00000,-2.97284,2.42575,-0.36741
779.05000,-2.96550,2.42288,-0.39184
779.10000,-2.96112,2.42102,-0.42579
779.15000,-2.95947,2.42024,-0.47184
779.20000,-2.95871,2.41983,-0.52227
779.25000,-2.95789,2.41933,-0.57265
779.30000,-2.95701,2.41873,-0.62292
779.35000,-2.95608,2.41803,-0.67309
779.40000,-2.95321,2.41557,-0.72002
779.45000,-2.94778,2.41059,-0.76461
779.50000,-2.94196,2.40473,-0.81296
779.55000,-2.93686,2.39930,-0.86215
779.60000,-2.93553,2.39767,-0.91106
779.65000,-2.93438,2.39611,-0.96009
779.70000,-2.93325,2.39441,-1.00894
779.75000,-2.93215,2.39257,-1.05755
779.80000,-2.93109,2.39058,-1.10592
779.85000,-2.93008,2.38843,-1.15401
779.90000,-2.92912,2.38612,-1.20181
779.95000,-2.92823,2.38365,-1.24927
780.00000,-2.92742,2.38100,-1.29639
780.05000,-2.92690,2.37895,-1.34632
780.10000,-2.92643,2.37665,-1.39576
780.15000,-2.92603,2.37401,-1.44437
780.20000,-2.92567,2.37044,-1.48973
780.25000,-2.92546,2.36687,-1.53551
780.30000,-2.92541,2.36290,-1.58040
780.35000,-2.92555,2.35861,-1.62433
780.40000,-2.92589,2.35407,-1.66779
780.45000,-2.92646,2.34929,-1.71078
780.50000,-2.92728,2.34429,-1.75330
780.55000,-2.92835,2.33908,-1.79533
780.60000,-2.92971,2.33368,-1.83689
780.65000,-2.93136,2.32807,-1.87795
780.70000,-2.93332,2.32231,-1.91853
780.75000,-2.93536,2.31703,-1.96119
780.80000,-2.93759,2.31194,-2.00456
780.85000,-2.94016,2.30672,-2.04720
780.90000,-2.94304,2.30144,-2.08935
780.95000,-2.94624,2.29612,-2.13090
781.00000,-2.94974,2.29080,-2.17187
781.05000,-2.95358,2.28547,-2.21181
781.10000,-2.95784,2.28000,-2.24996
781.15000,-2.96227,2.27473,-2.28808
781.20000,-2.96728,2.26918,-2.32340
781.25000,-2.97250,2.26380,-2.35810
781.30000,-2.97786,2.25864,-2.39236
781.35000,-2.98334,2.25372,-2.42617
781.40000,-2.98890,2.24904,-2.45956
781.45000,-2.99452,2.24463,-2.49251
781.50000,-2.99994,2.24068,-2.52617
781.55000,-3.00507,2.23719,-2.56078
781.60000,-3.01034,2.23388,-2.59445
781.65000,-3.01592,2.23061,-2.62580
781.70000,-3.02146,2.22758,-2.65662
781.75000,-3.02664,2.22497,-2.68812
781.80000,-3.03377,2.22160,-2.71843
781.85000,-3.04222,2.21796,-2.75100
781.90000,-3.05079,2.21460,-2.78320
781.95000,-3.05947,2.21152,-2.81485
782.00000,-3.06826,2.20871,-2.84591
782.05000,-3.07714,2.20616,-2.87644
782.10000,-3.08610,2.20389,-2.90641
782.15000,-3.09514,2.20187,-2.93585
782.20000,-3.10425,2.20012,-2.96472
782.25000,-3.11342,2.19863,-2.99306
782.30000,-3.12264,2.19740,-3.02084
782.35000,-3.13190,2.19642,-3.04812
782.40000,-3.14120,2.19568,-3.07486
782.45000,-3.15053,2.19520,-3.10112
782.50000,-3.15988,2.19495,-3.12689
782.55000,-3.16925,2.19495,3.13096
782.60000,-3.17886,2.19515,3.11413
782.65000,-3.18866,2.19553,3.10648
782.70000,-3.19862,2.19605,3.10536
782.75000,-3.20904,2.19641,3.11980
782.80000,-3.21917,2.19646,-3.12799
782.85000,-3.22916,2.19613,-3.08878
782.90000,-3.23914,2.19541,-3.04949
782.95000,-3.24907,2.19429,-3.01008
783.00000,-3.25896,2.19278,-2.97056
783.05000,-3.26878,2.19089,-2.93102
783.10000,-3.27851,2.18860,-2.89145
783.15000,-3.28815,2.18594,-2.85194
783.20000,-3.29767,2.18289,-2.81241
783.25000,-3.30707,2.17947,-2.77290
783.30000,-3.31633,2.17568,-2.73332
783.35000,-3.32542,2.17153,-2.69387
783.40000,-3.33435,2.16703,-2.65450
783.45000,-3.34309,2.16217,-2.61523
783.50000,-3.35164,2.15698,-2.57603
783.55000,-3.35997,2.15146,-2.53718
783.60000,-3.36809,2.14562,-2.49824
783.65000,-3.37597,2.13947,-2.45962
783.70000,-3.38361,2.13301,-2.42103
783.75000,-3.39100,2.12627,-2.38218
783.80000,-3.39665,2.12076,-2.33865
783.85000,-3.39983,2.11733,-2.28188
783.90000,-3.40133,2.11549,-2.22047
783.95000,-3.40265,2.11364,-2.15918
784.00000,-3.40387,2.11168,-2.09819
784.05000,-3.40498,2.10963,-2.03752
784.10000,-3.40598,2.10750,-1.97720
784.15000,-3.40685,2.10528,-1.91723
784.20000,-3.40760,2.10300,-1.85765
784.25000,-3.40822,2.10067,-1.79847
784.30000,-3.40869,2.09828,-1.73972
784.35000,-3.40903,2.09587,-1.68140
784.40000,-3.40923,2.09343,-1.62354
784.45000,-3.40929,2.09098,-1.56616
784.50000,-3.40921,2.08854,-1.50927
784.55000,-3.40899,2.08611,-1.45288
784.60000,-3.40864,2.08371,-1.39702
784.65000,-3.40816,2.08135,-1.34169
784.70000,-3.40755,2.07903,-1.28691
784.75000,-3.40682,2.07676,-1.23270
784.80000,-3.40598,2.07456,-1.17906
784.85000,-3.40504,2.07244,-1.12601
784.90000,-3.40399,2.07039,-1.07356
784.95000,-3.40286,2.06842,-1.02173
785.00000,-3.40164,2.06653,-0.97052
785.05000,-3.40034,2.06474,-0.91994
785.10000,-3.39898,2.06304,-0.86999
785.15000,-3.39755,2.06143,-0.82070
785.20000,-3.39608,2.05992,-0.77206
785.25000,-3.39457,2.05853,-0.72407
785.30000,-3.39309,2.05727,-0.67669
785.35000,-3.39163,2.05616,-0.62993
785.40000,-3.39023,2.05519,-0.58380
785.45000,-3.38889,2.05434,-0.53829
785.50000,-3.38760,2.05361,-0.49342
785.55000,-3.38637,2.05298,-0.44918
785.60000,-3.38518,2.05244,-0.40560
785.65000,-3.38405,2.05199,-0.36266
785.70000,-3.38297,2.05160,-0.32039
785.75000,-3.38193,2.05128,-0.27878
785.80000,-3.38095,2.05102,-0.23783
785.85000,-3.38001,2.05081,-0.19755
785.90000,-3.37911,2.05065,-0.15793
785.95000,-3.37826,2.05053,-0.11898
786.00000,-3.37545,2.05017,-0.08076
786.05000,-3.36757,2.04964,-0.04557
786.10000,-3.35777,2.04937,-0.00942
786.15000,-3.34777,2.04946,0.02700
786.20000,-3.33778,2.04991,0.06288
786.25000,-3.32782,2.05071,0.09821
786.30000,-3.31789,2.05187,0.13301
786.35000,-3.30800,2.05336,0.16725
786.40000,-3.29817,2.05519,0.20093
786.45000,-3.28841,2.05735,0.23404
786.50000,-3.27872,2.05983,0.26658
786.55000,-3.26905,2.06263,0.29885
786.60000,-3.25946,2.06575,0.33067
786.65000,-3.25005,2.06914,0.36161
786.70000,-3.24075,2.07282,0.39202
786.75000,-3.23157,2.07677,0.42187
786.80000,-3.22232,2.08108,0.45191
786.85000,-3.21315,2.08569,0.48178
786.90000,-3.20368,2.09084,0.51322
786.95000,-3.19437,2.09627,0.54403
787.00000,-3.18572,2.10166,0.57184
787.05000,-3.17730,2.10723,0.59861
787.10000,-3.16898,2.11306,0.62498
787.15000,-3.16095,2.11901,0.65013
787.20000,-3.15306,2.12516,0.67467
787.25000,-3.14533,2.13150,0.69857
787.30000,-3.13766,2.13809,0.72224
787.35000,-3.13023,2.14479,0.74483
787.40000,-3.12296,2.15164,0.76676
787.45000,-3.11583,2.15866,0.78802
787.50000,-3.10885,2.16582,0.80860
787.55000,-3.10194,2.17306,0.82919
787.60000,-3.09927,2.17600,0.84894
787.65000,-3.09893,2.17636,0.86866
787.70000,-3.09849,2.17687,0.88858
787.75000,-3.09827,2.17713,0.90646
787.80000,-3.09810,2.17733,0.92334
787.85000,-3.09788,2.17762,0.93990
787.90000,-3.09775,2.17780,0.95530
787.95000,-3.09762,2.17799,0.97005
788.00000,-3.09749,2.17817,0.98418
788.05000,-3.09737,2.17836,0.99768
788.10000,-3.09725,2.17855,1.01057
788.15000,-3.09713,2.17874,1.02285
788.20000,-3.09701,2.17894,1.03455
788.25000,-3.09690,2.17914,1.04567
788.30000,-3.09678,2.17933,1.05624
788.35000,-3.09667,2.17953,1.06625
788.40000,-3.09656,2.17973,1.07572
788.45000,-3.09646,2.17993,1.08465
788.50000,-3.09635,2.18013,1.09306
788.55000,-3.09625,2.18034,1.10094
788.60000,-3.09615,2.18054,1.10831
788.65000,-3.09604,2.18074,1.11518
788.70000,-3.09594,2.18095,1.12153
788.75000,-3.09585,2.18116,1.12738
788.80000,-3.09575,2.18136,1.13273
788.85000,-3.09565,2.18157,1.13760
788.90000,-3.09555,2.18178,1.14200
788.95000,-3.09546,2.18199,1.14594
789.00000,-3.09536,2.18220,1.14943
789.05000,-3.09527,2.18241,1.15249
789.10000,-3.09518,2.18262,1.15512
789.15000,-3.09508,2.18283,1.15733
789.20000,-3.09499,2.18305,1.15913
789.25000,-3.09490,2.18326,1.16052
789.30000,-3.09481,2.18347,1.16152
789.35000,-3.09472,2.18368,1.16213
789.40000,-3.09462,2.18389,1.16235
789.45000,-3.09453,2.18411,1.16219
789.50000,-3.09444,2.18432,1.16166
789.55000,-3.09435,2.18453,1.16078
789.60000,-3.09426,2.18474,1.15954
789.65000,-3.09416,2.18496,1.15797
789.70000,-3.09407,2.18517,1.15606
789.75000,-3.09397,2.18538,1.15384
789.80000,-3.09388,2.18559,1.15131
789.85000,-3.09379,2.18581,1.14848
789.90000,-3.09369,2.18602,1.14535
789.95000,-3.09359,2.18623,1.14193
790.00000,-3.09350,2.18644,1.13823
790.05000,-3.09340,2.18665,1.13426
790.10000,-3.09330,2.18686,1.13003
790.15000,-3.09320,2.18707,1.12553
790.20000,-3.09310,2.18728,1.12078
790.25000,-3.09300,2.18749,1.11579
790.30000,-3.09289,2.18770,1.11056
790.35000,-3.09279,2.18791,1.10510
790.40000,-3.09269,2.18812,1.09943
790.45000,-3.09258,2.18833,1.09355
790.50000,-3.09247,2.18853,1.08747
790.55000,-3.09236,2.18874,1.08119
790.60000,-3.09225,2.18895,1.07472
790.65000,-3.09214,2.18915,1.06808
790.70000,-3.09203,2.18935,1.06125
790.75000,-3.09191,2.18956,1.05426
790.80000,-3.09180,2.18976,1.04711
790.85000,-3.09168,2.18996,1.03979
790.90000,-3.09156,2.19016,1.03233
790.95000,-3.09144,2.19037,1.02472
791.00000,-3.09132,2.19057,1.01697
791.05000,-3.09119,2.19077,1.00909
791.10000,-3.09106,2.19096,1.00109
791.15000,-3.09094,2.19116,0.99296
791.20000,-3.09081,2.19136,0.98473
791.25000,-3.09068,2.19156,0.97638
791.30000,-3.09054,2.19175,0.96794
791.35000,-3.09041,2.19195,0.95940
791.40000,-3.09027,2.19214,0.95076
791.45000,-3.09013,2.19233,0.94204
791.50000,-3.08999,2.19252,0.93324
791.55000,-3.08985,2.19272,0.92435
791.60000,-3.08970,2.19291,0.91540
791.65000,-3.08956,2.19310,0.90637
791.70000,-3.08941,2.19328,0.89728
791.75000,-3.08925,2.19347,0.88812
791.80000,-3.08910,2.19366,0.87891
791.85000,-3.08895,2.19385,0.86965
791.90000,-3.08879,2.19403,0.86034
791.95000,-3.08863,2.19422,0.85099
792.00000,-3.08847,2.19440,0.84160
792.05000,-3.08830,2.19458,0.83218
792.10000,-3.08813,2.19476,0.82271
792.15000,-3.08796,2.19494,0.81320
792.20000,-3.08779,2.19513,0.80366
792.25000,-3.08762,2.19531,0.79408
792.30000,-3.08744,2.19549,0.78446
792.35000,-3.08726,2.19566,0.77480
792.40000,-3.08707,2.19584,0.76511
792.45000,-3.08688,2.19602,0.75538
792.50000,-3.08669,2.19620,0.74561
792.55000,-3.08649,2.19638,0.73580
792.60000,-3.08629,2.19656,0.72596
792.65000,-3.08609,2.19674,0.71607
792.70000,-3.08588,2.19692,0.70614
792.75000,-3.08566,2.19711,0.69616
792.80000,-3.08375,2.19893,0.68654
792.85000,-3.07678,2.20473,0.67676
792.90000,-3.06911,2.21081,0.66559
792.95000,-3.06134,2.21684,0.65444
793.00000,-3.05346,2.22281,0.64383
793.05000,-3.04556,2.22867,0.63283
793.10000,-3.03756,2.23447,0.62210
793.15000,-3.03053,2.23937,0.59978
793.20000,-3.02534,2.24276,0.55683
793.25000,-3.01945,2.24623,0.50734
793.30000,-3.01265,2.24978,0.45467
793.35000,-3.00510,2.25321,0.39991
793.40000,-2.99692,2.25640,0.34381
793.45000,-2.98827,2.25922,0.28677
793.50000,-2.97918,2.26162,0.22927
793.55000,-2.96976,2.26353,0.17152
793.60000,-2.96004,2.26493,0.11381
793.65000,-2.95012,2.26577,0.05606
793.70000,-2.94074,2.26603,0.01374
793.75000,-2.93328,2.26603,-0.01554
793.80000,-2.92779,2.26586,-0.03967
793.85000,-2.92009,2.26546,-0.05430
793.90000,-2.91118,2.26491,-0.06398
793.95000,-2.90139,2.26425,-0.06969
794.00000,-2.89140,2.26355,-0.07457
794.05000,-2.88232,2.26317,-0.07977
794.10000,-2.87953,2.26314,-0.08489
794.15000,-2.87932,2.26312,-0.08823
794.20000,-2.87881,2.26306,-0.10272
794.25000,-2.87704,2.26286,-0.12165
794.30000,-2.87534,2.26266,-0.13239
794.35000,-2.87446,2.26255,-0.13741
794.40000,-2.87421,2.26252,-0.13952
794.45000,-2.87397,2.26249,-0.14126
794.50000,-2.87373,2.26245,-0.14275
794.55000,-2.87349,2.26242,-0.14398
794.60000,-2.87324,2.26238,-0.14496
794.65000,-2.87300,2.26235,-0.14569
794.70000,-2.87276,2.26231,-0.14618
794.75000,-2.87251,2.26228,-0.14645
794.80000,-2.87227,2.26224,-0.14651
794.85000,-2.87202,2.26220,-0.14637
794.90000,-2.87177,2.26217,-0.14603
794.95000,-2.87152,2.26213,-0.14548
795.00000,-2.87127,2.26209,-0.14472
795.05000,-2.87102,2.26206,-0.14374
795.10000,-2.87077,2.26202,-0.14257
795.15000,-2.87052,2.26198,-0.14120
795.20000,-2.87027,2.26195,-0.13964
795.25000,-2.87001,2.26191,-0.13790
795.30000,-2.86976,2.26188,-0.13599
795.35000,-2.86951,2.26184,-0.13393
795.40000,-2.86925,2.26181,-0.13174
795.45000,-2.86899,2.26178,-0.12940
795.50000,-2.86873,2.26174,-0.12690
795.55000,-2.86846,2.26171,-0.12424
795.60000,-2.86820,2.26168,-0.12143
795.65000,-2.86794,2.26164,-0.11848
795.70000,-2.86768,2.26161,-0.11538
795.75000,-2.86742,2.26158,-0.11214
795.80000,-2.86715,2.26155,-0.10879
795.85000,-2.86689,2.26153,-0.10533
795.90000,-2.86661,2.26150,-0.10748
795.95000,-2.86575,2.26126,-0.11454
796.00000,-2.86472,2.26113,-0.12417
796.05000,-2.86256,2.26083,-0.13849
796.10000,-2.86039,2.26054,-0.14965
796.15000,-2.85823,2.26023,-0.15820
796.20000,-2.85607,2.25993,-0.16408
796.25000,-2.85396,2.25961,-0.16743
796.30000,-2.85287,2.25949,-0.16600
796.35000,-2.85260,2.25944,-0.16105
796.40000,-2.85233,2.25940,-0.15590
796.45000,-2.85206,2.25936,-0.15065
796.50000,-2.85179,2.25932,-0.14529
796.55000,-2.85151,2.25928,-0.14598
796.60000,-2.84998,2.25898,-0.15031
796.65000,-2.84908,2.25888,-0.14791
796.70000,-2.84883,2.25883,-0.14268
796.75000,-2.84853,2.25879,-0.13742
796.80000,-2.84822,2.25875,-0.13210
796.85000,-2.84790,2.25871,-0.12674
796.90000,-2.84759,2.25867,-0.12127
796.95000,-2.84728,2.25863,-0.11571
797.00000,-2.84697,2.25860,-0.11004
797.05000,-2.84665,2.25857,-0.10433
797.10000,-2.84634,2.25853,-0.09852
797.15000,-2.84603,2.25850,-0.09265
797.20000,-2.84572,2.25848,-0.08675
797.25000,-2.84540,2.25845,-0.08080
797.30000,-2.84508,2.25843,-0.07482
797.35000,-2.84476,2.25841,-0.06883
797.40000,-2.84446,2.25839,-0.06283
797.45000,-2.84267,2.25812,-0.05713
797.50000,-2.83619,2.25758,-0.05149
797.55000,-2.82620,2.25710,-0.04539
797.60000,-2.81778,2.25670,-0.05503
797.65000,-2.81144,2.25631,-0.06410
797.70000,-2.80498,2.25587,-0.07802
797.75000,-2.79813,2.25525,-0.10731
797.80000,-2.79135,2.25452,-0.12829
797.85000,-2.78590,2.25395,-0.14066
797.90000,-2.78170,2.25360,-0.14949
797.95000,-2.77754,2.25325,-0.15779
798.00000,-2.77339,2.25291,-0.16606
798.05000,-2.76925,2.25257,-0.17400
798.10000,-2.76510,2.25223,-0.18174
798.15000,-2.76095,2.25189,-0.18948
798.20000,-2.75681,2.25155,-0.19722
798.25000,-2.75267,2.25121,-0.20474
798.30000,-2.74853,2.25088,-0.21134
798.35000,-2.74439,2.25054,-0.21703
798.40000,-2.74025,2.25020,-0.22196
798.45000,-2.73611,2.24986,-0.22662
798.50000,-2.73197,2.24952,-0.23127
798.55000,-2.72784,2.24919,-0.23592
798.60000,-2.72370,2.24885,-0.24056
798.65000,-2.71957,2.24852,-0.24510
798.70000,-2.71543,2.24818,-0.24956
798.75000,-2.71130,2.24785,-0.25388
798.80000,-2.70717,2.24751,-0.25820
798.85000,-2.70304,2.24718,-0.26251
798.90000,-2.69891,2.24685,-0.26681
798.95000,-2.69478,2.24652,-0.27108
799.00000,-2.69065,2.24619,-0.27533
799.05000,-2.68652,2.24586,-0.27955
799.10000,-2.68240,2.24553,-0.28373
799.15000,-2.67827,2.24521,-0.28791
799.20000,-2.67415,2.24488,-0.29209
799.25000,-2.67002,2.24455,-0.29625
799.30000,-2.66590,2.24423,-0.30042
799.35000,-2.66178,2.24390,-0.30458
799.40000,-2.65766,2.24358,-0.30874
799.45000,-2.65354,2.24326,-0.31289
799.50000,-2.64942,2.24294,-0.31704
799.55000,-2.64530,2.24262,-0.32119
799.60000,-2.64118,2.24230,-0.32533
799.65000,-2.63706,2.24198,-0.32946
799.70000,-2.63295,2.24166,-0.33358
799.75000,-2.62883,2.24134,-0.33768
799.80000,-2.62471,2.24102,-0.34146
799.85000,-2.62056,2.24067,-0.34404
799.90000,-2.61637,2.24026,-0.34437
799.95000,-2.61207,2.23967,-0.33725
800.00000,-2.60842,2.23897,-0.32445
800.05000,-2.60568,2.23820,-0.30668
800.10000,-2.60376,2.23762,-0.28457
800.15000,-2.60263,2.23731,-0.25853
800.20000,-2.60174,2.23708,-0.23157
800.25000,-2.60086,2.23689,-0.20476
800.30000,-2.59998,2.23673,-0.17839
800.35000,-2.59913,2.23659,-0.15251
800.40000,-2.59829,2.23648,-0.12693
800.45000,-2.59741,2.23637,-0.10172
800.50000,-2.59654,2.23630,-0.07681
800.55000,-2.59567,2.23624,-0.05227
800.60000,-2.59485,2.23621,-0.02815
800.65000,-2.59409,2.23620,-0.00387
800.70000,-2.59329,2.23621,0.01939
800.75000,-2.59062,2.23636,0.04287
800.80000,-2.58190,2.23685,0.06453
800.85000,-2.57184,2.23761,0.08749
800.90000,-2.56135,2.23864,0.10946
800.95000,-2.55128,2.23984,0.13144
801.00000,-2.54155,2.24123,0.15291
801.05000,-2.53221,2.24259,0.16104
801.10000,-2.52335,2.24382,0.15169
801.15000,-2.51479,2.24503,0.14180
801.20000,-2.50580,2.24635,0.15149
801.25000,-2.49573,2.24797,0.17033
801.30000,-2.48576,2.24975,0.18887
801.35000,-2.47590,2.25171,0.20712
801.40000,-2.46618,2.25384,0.22455
801.45000,-2.45661,2.25607,0.23367
801.50000,-2.44701,2.25838,0.23235
801.55000,-2.43737,2.26075,0.22073
801.60000,-2.42806,2.26279,0.20958
801.65000,-2.41849,2.26495,0.21683
801.70000,-2.40875,2.26717,0.23149
801.75000,-2.39905,2.26954,0.24609
801.80000,-2.38939,2.27204,0.26054
801.85000,-2.37976,2.27468,0.27484
801.90000,-2.37017,2.27746,0.28904
801.95000,-2.36062,2.28037,0.30319
802.00000,-2.35111,2.28342,0.31732
802.05000,-2.34165,2.28661,0.33152
802.10000,-2.33223,2.28993,0.34596
802.15000,-2.32286,2.29338,0.36092
802.20000,-2.31389,2.29662,0.36600
802.25000,-2.30500,2.29982,0.35953
802.30000,-2.29682,2.30280,0.35238
802.35000,-2.28984,2.30530,0.36313
802.40000,-2.28622,2.30673,0.40389
802.45000,-2.28400,2.30775,0.46229
802.50000,-2.28250,2.30854,0.50158
802.55000,-2.28111,2.30932,0.50668
802.60000,-2.27679,2.31177,0.49887
802.65000,-2.27003,2.31539,0.48000
802.70000,-2.26222,2.31939,0.45093
802.75000,-2.25384,2.32325,0.41308
802.80000,-2.24520,2.32681,0.36916
802.85000,-2.23650,2.32991,0.32047
802.90000,-2.22702,2.33279,0.27096
802.95000,-2.21732,2.33523,0.22142
803.00000,-2.20752,2.33718,0.17212
803.05000,-2.19763,2.33865,0.12315
803.10000,-2.18768,2.33964,0.07452
803.15000,-2.17769,2.34014,0.02610
803.20000,-2.16769,2.34016,-0.02194
803.25000,-2.15770,2.33970,-0.06975
803.30000,-2.14775,2.33877,-0.11707
803.35000,-2.13785,2.33736,-0.16430
803.40000,-2.12803,2.33550,-0.21108
803.45000,-2.11830,2.33318,-0.25763
803.50000,-2.10869,2.33040,-0.30383
803.55000,-2.10118,2.32800,-0.35116
803.60000,-2.09733,2.32650,-0.40769
803.65000,-2.09555,2.32566,-0.47300
803.70000,-2.09397,2.32479,-0.53888
803.75000,-2.09245,2.32381,-0.60434
803.80000,-2.09098,2.32272,-0.66935
803.85000,-2.08959,2.32155,-0.73389
803.90000,-2.08828,2.32028,-0.79793
803.95000,-2.08705,2.31894,-0.86147
804.00000,-2.08591,2.31752,-0.92447
804.05000,-2.08487,2.31605,-0.98691
804.10000,-2.08393,2.31453,-1.04877
804.15000,-2.08309,2.31297,-1.11003
804.20000,-2.08236,2.31138,-1.17067
804.25000,-2.08174,2.30977,-1.23067
804.30000,-2.08122,2.30815,-1.29001
804.35000,-2.08080,2.30654,-1.34866
804.40000,-2.08049,2.30494,-1.40661
804.45000,-2.08028,2.30337,-1.46383
804.50000,-2.08015,2.30181,-1.52035
804.55000,-2.08012,2.30028,-1.57619
804.60000,-2.08017,2.29877,-1.63133
804.65000,-2.08030,2.29729,-1.68576
804.70000,-2.08050,2.29585,-1.73947
804.75000,-2.08078,2.29445,-1.79246
804.80000,-2.08112,2.29310,-1.84468
804.85000,-2.08152,2.29181,-1.89610
804.90000,-2.08197,2.29058,-1.94668
804.95000,-2.08246,2.28942,-1.99637
805.00000,-2.08299,2.28833,-2.04515
805.05000,-2.08354,2.28731,-2.09299
805.10000,-2.08410,2.28638,-2.13988
805.15000,-2.08435,2.28602,-2.18777
805.20000,-2.08466,2.28564,-2.23427
805.25000,-2.08461,2.28571,-2.28147
805.30000,-2.08470,2.28563,-2.32627
805.35000,-2.08477,2.28557,-2.36980
805.40000,-2.08656,2.28399,-2.41151
805.45000,-2.09162,2.27966,-2.45210
805.50000,-2.09862,2.27411,-2.49168
805.55000,-2.10593,2.26872,-2.52438
805.60000,-2.11266,2.26407,-2.55374
805.65000,-2.11738,2.26099,-2.56395
805.70000,-2.12106,2.25860,-2.55397
805.75000,-2.12259,2.25761,-2.52710
805.80000,-2.12361,2.25687,-2.49501
805.85000,-2.12472,2.25602,-2.46164
805.90000,-2.12580,2.25511,-2.42731
805.95000,-2.12688,2.25416,-2.39232
806.00000,-2.12796,2.25313,-2.35679
806.05000,-2.12902,2.25204,-2.32060
806.10000,-2.13010,2.25084,-2.28408
806.15000,-2.13117,2.24956,-2.24765
806.20000,-2.13224,2.24818,-2.21082
806.25000,-2.13323,2.24678,-2.17411
806.30000,-2.13430,2.24516,-2.13692
806.35000,-2.13534,2.24345,-2.09959
806.40000,-2.13634,2.24167,-2.06217
806.45000,-2.13712,2.24013,-2.02583
806.50000,-2.13793,2.23840,-1.98900
806.55000,-2.13857,2.23689,-1.95314
806.60000,-2.13920,2.23525,-1.91691
806.65000,-2.13970,2.23386,-1.88191
806.70000,-2.14019,2.23226,-1.84614
806.75000,-2.14069,2.23038,-1.80958
806.80000,-2.14109,2.22860,-1.77376
806.85000,-2.14145,2.22673,-1.73787
806.90000,-2.14172,2.22487,-1.70249
806.95000,-2.14197,2.22278,-1.66651
807.00000,-2.14210,2.22106,-1.63241
807.05000,-2.14216,2.21960,-1.59949
807.10000,-2.14218,2.21814,-1.56667
807.15000,-2.14215,2.21667,-1.53391
807.20000,-2.14207,2.21521,-1.50123
807.25000,-2.14195,2.21374,-1.46870
807.30000,-2.14177,2.21226,-1.43639
807.35000,-2.14155,2.21077,-1.40434
807.40000,-2.14127,2.20927,-1.37257
807.45000,-2.14094,2.20775,-1.34110
807.50000,-2.14056,2.20623,-1.30995
807.55000,-2.14012,2.20470,-1.27910
807.60000,-2.13964,2.20318,-1.24851
807.65000,-2.13911,2.20167,-1.21813
807.70000,-2.13854,2.20018,-1.18795
807.75000,-2.13793,2.19872,-1.15799
807.80000,-2.13727,2.19729,-1.12826
807.85000,-2.13658,2.19588,-1.09883
807.90000,-2.13584,2.19449,-1.06975
807.95000,-2.13507,2.19312,-1.04106
808.00000,-2.13426,2.19178,-1.01276
808.05000,-2.13341,2.19046,-0.98487
808.10000,-2.13252,2.18916,-0.95737
808.15000,-2.13160,2.18789,-0.93021
808.20000,-2.13066,2.18666,-0.90335
808.25000,-2.12968,2.18546,-0.87677
808.30000,-2.12869,2.18430,-0.85048
808.35000,-2.12768,2.18317,-0.82448
808.40000,-2.12664,2.18208,-0.79880
808.45000,-2.12559,2.18103,-0.77347
808.50000,-2.12453,2.18002,-0.74855
808.55000,-2.12345,2.17904,-0.72406
808.60000,-2.12237,2.17810,-0.70002
808.65000,-2.12127,2.17720,-0.67642
808.70000,-2.12016,2.17633,-0.65327
808.75000,-2.11904,2.17550,-0.63052
808.80000,-2.11792,2.17470,-0.60815
808.85000,-2.11680,2.17394,-0.58619
808.90000,-2.11569,2.17321,-0.56465
808.95000,-2.11287,2.17112,-0.54397
809.00000,-2.10486,2.16632,-0.52475
809.05000,-2.09615,2.16140,-0.50435
809.10000,-2.08735,2.15665,-0.48418
809.15000,-2.07841,2.15206,-0.46407
809.20000,-2.06906,2.14749,-0.44281
809.25000,-2.05953,2.14309,-0.42136
809.30000,-2.04987,2.13889,-0.39989
809.35000,-2.04013,2.13489,-0.37865
809.40000,-2.03031,2.13110,-0.35760
809.45000,-2.02041,2.12752,-0.33672
809.50000,-2.01045,2.12415,-0.31602
809.55000,-2.00042,2.12098,-0.29550
809.60000,-1.99034,2.11803,-0.27516
809.65000,-1.98020,2.11528,-0.25501
809.70000,-1.97001,2.11273,-0.23504
809.75000,-1.95978,2.11039,-0.21529
809.80000,-1.94951,2.10825,-0.19575
809.85000,-1.93921,2.10631,-0.17645
809.90000,-1.92888,2.10457,-0.15742
809.95000,-1.91852,2.10302,-0.13868
810.00000,-1.90853,2.10172,-0.12188
810.05000,-1.89860,2.10058,-0.10578
810.10000,-1.88865,2.09961,-0.09005
810.15000,-1.87868,2.09878,-0.07473
810.20000,-1.86870,2.09811,-0.05988
810.25000,-1.85872,2.09758,-0.04557
810.30000,-1.84873,2.09720,-0.03186
810.35000,-1.83873,2.09694,-0.01884
810.40000,-1.82873,2.09682,-0.00660
810.45000,-1.81899,2.09681,0.00578
810.50000,-1.80928,2.09692,0.01725
810.55000,-1.79954,2.09714,0.02741
810.60000,-1.78971,2.09745,0.03583
810.65000,-1.77970,2.09784,0.04184
810.70000,-1.76958,2.09826,0.04766
810.75000,-1.76402,2.09836,0.05324
810.80000,-1.76317,2.09835,0.04992
810.85000,-1.76302,2.09836,0.03983
810.90000,-1.76299,2.09837,0.02794
810.95000,-1.76305,2.09837,0.01602
811.00000,-1.76309,2.09837,0.00418
811.05000,-1.76282,2.09837,-0.00778
811.10000,-1.76232,2.09837,-0.02005
811.15000,-1.76181,2.09835,-0.03249
811.20000,-1.76127,2.09833,-0.04510
811.25000,-1.76071,2.09830,-0.05818
811.30000,-1.76011,2.09827,-0.07193
811.35000,-1.75948,2.09822,-0.08673
811.40000,-1.75892,2.09816,-0.10306
811.45000,-1.75871,2.09814,-0.12038
811.50000,-1.75849,2.09811,-0.13906
811.55000,-1.75851,2.09810,-0.15995
811.60000,-1.75819,2.09801,-0.18192
811.65000,-1.75817,2.09800,-0.20568
811.70000,-1.75769,2.09792,-0.23129
811.75000,-1.75804,2.09801,-0.25957
811.80000,-1.75754,2.09778,-0.28855
811.85000,-1.75747,2.09777,-0.31624
811.90000,-1.75714,2.09759,-0.34523
811.95000,-1.75661,2.09740,-0.37318
812.00000,-1.75625,2.09724,-0.40154
812.05000,-1.75589,2.09708,-0.42964
812.10000,-1.75557,2.09686,-0.45828
812.15000,-1.75522,2.09666,-0.48703
812.20000,-1.75471,2.09635,-0.51558
812.25000,-1.75471,2.09633,-0.54738
812.30000,-1.75464,2.09626,-0.57993
812.35000,-1.75436,2.09604,-0.61246
812.40000,-1.75401,2.09575,-0.64615
812.45000,-1.75397,2.09568,-0.68230
812.50000,-1.75350,2.09528,-0.71721
812.55000,-1.75317,2.09497,-0.75379
812.60000,-1.75284,2.09462,-0.79101
812.65000,-1.75266,2.09443,-0.82959
812.70000,-1.75225,2.09395,-0.86704
812.75000,-1.75163,2.09317,-0.90322
812.80000,-1.75069,2.09194,-0.93750
812.85000,-1.74972,2.09057,-0.97177
812.90000,-1.74873,2.08906,-1.00632
812.95000,-1.74771,2.08739,-1.04118
813.00000,-1.74667,2.08554,-1.07632
813.05000,-1.74562,2.08351,-1.11173
813.10000,-1.74457,2.08129,-1.14735
813.15000,-1.74353,2.07886,-1.18315
813.20000,-1.74251,2.07623,-1.21906
813.25000,-1.74152,2.07337,-1.25504
813.30000,-1.74058,2.07029,-1.29104
813.35000,-1.73970,2.06701,-1.32699
813.40000,-1.73891,2.06358,-1.36277
813.45000,-1.73823,2.06007,-1.39825
813.50000,-1.73767,2.05649,-1.43343
813.55000,-1.73723,2.05285,-1.46829
813.60000,-1.73692,2.04916,-1.50282
813.65000,-1.73674,2.04552,-1.53733
813.70000,-1.73670,2.04266,-1.57444
813.75000,-1.73676,2.03983,-1.61163
813.80000,-1.73694,2.03697,-1.64824
813.85000,-1.73722,2.03413,-1.68424
813.90000,-1.73759,2.03130,-1.71969
813.95000,-1.73808,2.02849,-1.75476
814.00000,-1.73866,2.02570,-1.78910
814.05000,-1.73933,2.02296,-1.82308
814.10000,-1.74008,2.02027,-1.85651
814.15000,-1.74091,2.01764,-1.88925
814.20000,-1.74180,2.01510,-1.92152
814.25000,-1.74275,2.01262,-1.95336
814.30000,-1.74376,2.01024,-1.98479
814.35000,-1.74599,2.00559,-2.01530
814.40000,-1.74996,1.99756,-2.04502
814.45000,-1.75431,1.98940,-2.07519
814.50000,-1.75891,1.98136,-2.10464
814.55000,-1.76374,1.97344,-2.13335
814.60000,-1.76881,1.96564,-2.16127
814.65000,-1.77411,1.95797,-2.18839
814.70000,-1.77962,1.95042,-2.21465
814.75000,-1.78533,1.94300,-2.24003
814.80000,-1.79125,1.93571,-2.26448
814.85000,-1.79736,1.92853,-2.28804
814.90000,-1.80365,1.92148,-2.31046
814.95000,-1.81011,1.91455,-2.33179
815.00000,-1.81673,1.90774,-2.35184
815.05000,-1.82350,1.90104,-2.37056
815.10000,-1.83042,1.89443,-2.38783
815.15000,-1.83748,1.88790,-2.40349
815.20000,-1.84469,1.88144,-2.41742
815.25000,-1.85171,1.87523,-2.43110
815.30000,-1.85475,1.87277,-2.44311
815.35000,-1.85511,1.87246,-2.44862
815.40000,-1.85547,1.87217,-2.45075
815.45000,-1.85582,1.87187,-2.45028
815.50000,-1.85619,1.87157,-2.44695
815.55000,-1.85656,1.87125,-2.44015
815.60000,-1.85690,1.87097,-2.42941
815.65000,-1.85735,1.87058,-2.41594
815.70000,-1.85787,1.87012,-2.39959
815.75000,-1.85844,1.86959,-2.38034
815.80000,-1.85903,1.86902,-2.35831
815.85000,-1.85963,1.86841,-2.33349
815.90000,-1.86024,1.86776,-2.30655
815.95000,-1.86087,1.86706,-2.27805
816.00000,-1.86144,1.86639,-2.24772
816.05000,-1.86208,1.86557,-2.21493
816.10000,-1.86257,1.86492,-2.18172
816.15000,-1.86291,1.86444,-2.14805
816.20000,-1.86325,1.86392,-2.11294
816.25000,-1.86377,1.86303,-2.07506
816.30000,-1.86418,1.86224,-2.03685
816.35000,-1.86449,1.86165,-1.99904
816.40000,-1.86498,1.86053,-1.95837
816.45000,-1.86512,1.86018,-1.92032
816.50000,-1.86522,1.85986,-1.88181
816.55000,-1.86532,1.85955,-1.84263
816.60000,-1.86540,1.85924,-1.80284
816.65000,-1.86547,1.85892,-1.76249
816.70000,-1.86552,1.85861,-1.72164
816.75000,-1.86556,1.85830,-1.68033
816.80000,-1.86559,1.85800,-1.63865
816.85000,-1.86560,1.85769,-1.59671
816.90000,-1.86560,1.85738,-1.55465
816.95000,-1.86559,1.85707,-1.51258
817.00000,-1.86557,1.85676,-1.47051
817.05000,-1.86553,1.85645,-1.42833
817.10000,-1.86548,1.85615,-1.38594
817.15000,-1.86542,1.85585,-1.34331
817.20000,-1.86535,1.85557,-1.30043
817.25000,-1.86526,1.85530,-1.25734
817.30000,-1.86517,1.85503,-1.21406
817.35000,-1.86507,1.85478,-1.17061
817.40000,-1.86496,1.85453,-1.12708
817.45000,-1.86484,1.85430,-1.08358
817.50000,-1.86471,1.85407,-1.04018
817.55000,-1.86458,1.85384,-0.99698
817.60000,-1.86443,1.85363,-0.95397
817.65000,-1.86428,1.85342,-0.91106
817.70000,-1.86412,1.85323,-0.86811
817.75000,-1.86395,1.85304,-0.82506
817.80000,-1.86379,1.85287,-0.78192
817.85000,-1.86362,1.85271,-0.73873
817.90000,-1.86345,1.85256,-0.69550
817.95000,-1.86327,1.85242,-0.65226
818.00000,-1.86309,1.85229,-0.60906
818.05000,-1.86291,1.85217,-0.56603
818.10000,-1.86273,1.85206,-0.52321
818.15000,-1.86254,1.85195,-0.48072
818.20000,-1.86235,1.85186,-0.43864
818.25000,-1.86216,1.85177,-0.39706
818.30000,-1.86197,1.85170,-0.35599
818.35000,-1.86177,1.85163,-0.31544
818.40000,-1.86157,1.85157,-0.27540
818.45000,-1.86136,1.85151,-0.23589
818.50000,-1.86116,1.85147,-0.19692
818.55000,-1.86095,1.85143,-0.15849
818.60000,-1.86074,1.85140,-0.12060
818.65000,-1.86054,1.85138,-0.08327
818.70000,-1.86033,1.85137,-0.04650
818.75000,-1.86012,1.85136,-0.01029
818.80000,-1.85991,1.85136,0.02536
818.85000,-1.85970,1.85137,0.06043
818.90000,-1.85949,1.85139,0.09493
818.95000,-1.85929,1.85141,0.12885
819.00000,-1.85908,1.85144,0.16219
819.05000,-1.85698,1.85208,0.19528
819.10000,-1.84870,1.85393,0.22526
819.15000,-1.83861,1.85637,0.25926
819.20000,-1.82904,1.85910,0.29152
819.25000,-1.82023,1.86190,0.32624
819.30000,-1.81164,1.86498,0.36148
819.35000,-1.80317,1.86835,0.39662
819.40000,-1.79482,1.87202,0.43162
819.45000,-1.78660,1.87599,0.46645
819.50000,-1.77851,1.88024,0.50112
819.55000,-1.76964,1.88525,0.53370
819.60000,-1.76138,1.89034,0.56618
819.65000,-1.75308,1.89580,0.59734
819.70000,-1.74493,1.90153,0.62835
819.75000,-1.73696,1.90751,0.65933
819.80000,-1.72918,1.91374,0.69034
819.85000,-1.72158,1.92022,0.72135
819.90000,-1.71418,1.92694,0.75246
819.95000,-1.70698,1.93388,0.78383
820.00000,-1.70002,1.94105,0.81560
820.05000,-1.69328,1.94844,0.84797
820.10000,-1.68679,1.95605,0.88122
820.15000,-1.68057,1.96387,0.91574
820.20000,-1.67459,1.97169,0.94989
820.25000,-1.67318,1.97451,0.98365
820.30000,-1.67290,1.97494,1.02704
820.35000,-1.67283,1.97506,1.07189
820.40000,-1.67281,1.97509,1.11609
820.45000,-1.67279,1.97513,1.16144
820.50000,-1.67278,1.97517,1.20930
820.55000,-1.67276,1.97520,1.26039
820.60000,-1.67275,1.97524,1.31487
820.65000,-1.67275,1.97527,1.37299
820.70000,-1.67274,1.97531,1.43504
820.75000,-1.67274,1.97534,1.50107
820.80000,-1.67274,1.97538,1.57072
820.85000,-1.67274,1.97543,1.64342
820.90000,-1.67274,1.97548,1.71853
820.95000,-1.67275,1.97554,1.79540
821.00000,-1.67277,1.97560,1.87348
821.05000,-1.67280,1.97568,1.95235
821.10000,-1.67284,1.97576,2.03169
821.15000,-1.67288,1.97585,2.11120
821.20000,-1.67295,1.97594,2.19073
821.25000,-1.67303,1.97605,2.27007
821.30000,-1.67313,1.97615,2.34912
821.35000,-1.67324,1.97626,2.42776
821.40000,-1.67338,1.97637,2.50588
821.45000,-1.67355,1.97649,2.58338
821.50000,-1.67374,1.97659,2.66020
821.55000,-1.67396,1.97670,2.73626
821.60000,-1.67421,1.97679,2.81148
821.65000,-1.67449,1.97688,2.88582
821.70000,-1.67481,1.97695,2.95922
821.75000,-1.67516,1.97700,3.03162
821.80000,-1.67555,1.97703,3.10298
821.85000,-1.67597,1.97703,-3.10993
821.90000,-1.67644,1.97700,-3.04078
821.95000,-1.67695,1.97693,-2.97281
822.00000,-1.67750,1.97682,-2.90603
822.05000,-1.67810,1.97665,-2.84050
822.10000,-1.67874,1.97643,-2.77623
822.15000,-1.67943,1.97614,-2.71323
822.20000,-1.68015,1.97578,-2.65153
822.25000,-1.68092,1.97534,-2.59113
822.30000,-1.68172,1.97482,-2.53206
822.35000,-1.68432,1.97277,-2.47662
822.40000,-1.69009,1.96801,-2.42798
822.45000,-1.69639,1.96227,-2.37787
822.50000,-1.70203,1.95657,-2.32197
822.55000,-1.70752,1.95034,-2.26405
822.60000,-1.71279,1.94361,-2.20635
822.65000,-1.71769,1.93655,-2.15001
822.70000,-1.72221,1.92921,-2.09508
822.75000,-1.72668,1.92101,-2.04421
822.80000,-1.73078,1.91249,-1.99510
822.85000,-1.73439,1.90398,-1.94640
822.90000,-1.73781,1.89470,-1.90139
822.95000,-1.74073,1.88552,-1.85645
823.00000,-1.74329,1.87610,-1.81271
823.05000,-1.74545,1.86652,-1.77016
823.10000,-1.74730,1.85703,-1.72804
823.15000,-1.74756,1.85330,-1.68652
823.20000,-1.74766,1.85205,-1.64601
823.25000,-1.74771,1.85117,-1.60834
823.30000,-1.74773,1.85028,-1.57189
823.35000,-1.74771,1.84939,-1.53663
823.40000,-1.74765,1.84831,-1.50153
823.45000,-1.74754,1.84662,-1.46536
823.50000,-1.74735,1.84498,-1.43042
823.55000,-1.74712,1.84333,-1.39666
823.60000,-1.74684,1.84173,-1.36429
823.65000,-1.74655,1.84024,-1.33296
823.70000,-1.74615,1.83870,-1.30293
823.75000,-1.74587,1.83744,-1.27457
823.80000,-1.74545,1.83603,-1.24746
823.85000,-1.74500,1.83467,-1.22161
823.90000,-1.74453,1.83336,-1.19721
823.95000,-1.74410,1.83221,-1.17325
824.00000,-1.74362,1.83106,-1.15070
824.05000,-1.74312,1.82990,-1.12968
824.10000,-1.74267,1.82901,-1.11067
824.15000,-1.74214,1.82794,-1.09218
824.20000,-1.74163,1.82694,-1.07488
824.25000,-1.74118,1.82611,-1.05811
824.30000,-1.74068,1.82521,-1.04346
824.35000,-1.74018,1.82436,-1.03003
824.40000,-1.73969,1.82353,-1.01753
824.45000,-1.73922,1.82277,-1.00614
824.50000,-1.73872,1.82199,-0.99640
824.55000,-1.73823,1.82122,-0.98779
824.60000,-1.73777,1.82054,-0.98006
824.65000,-1.73729,1.81982,-0.97335
824.70000,-1.73685,1.81917,-0.96743
824.75000,-1.73637,1.81848,-0.96280
824.80000,-1.73592,1.81783,-0.95907
824.85000,-1.73548,1.81721,-0.95525
824.90000,-1.73505,1.81659,-0.95342
824.95000,-1.73462,1.81599,-0.95242
825.00000,-1.73423,1.81545,-0.95241
825.05000,-1.73388,1.81496,-0.95307
825.10000,-1.73357,1.81452,-0.95457
825.15000,-1.73331,1.81415,-0.95700
825.20000,-1.73307,1.81382,-0.96025
825.25000,-1.73287,1.81352,-0.96411
825.30000,-1.73271,1.81329,-0.96887
825.35000,-1.73251,1.81300,-0.97482
825.40000,-1.73242,1.81287,-0.98114
825.45000,-1.73234,1.81276,-0.98849
825.50000,-1.73234,1.81276,-0.99661
825.55000,-1.73230,1.81269,-1.00565
825.60000,-1.73232,1.81273,-1.01629
825.65000,-1.73232,1.81273,-1.02842
825.70000,-1.73229,1.81269,-1.04282
825.75000,-1.73237,1.81284,-1.05769
825.80000,-1.73253,1.81314,-1.07482
825.85000,-1.73260,1.81328,-1.09648
825.90000,-1.73279,1.81367,-1.12185
825.95000,-1.73305,1.81423,-1.15417
826.00000,-1.73310,1.81432,-1.19435
826.05000,-1.73310,1.81430,-1.24522
826.10000,-1.73301,1.81416,-1.28793
826.15000,-1.73260,1.81363,-1.30371
826.20000,-1.73193,1.81278,-1.29548
826.25000,-1.73119,1.81127,-1.25502
826.30000,-1.73105,1.81082,-1.19471
826.35000,-1.73097,1.81064,-1.12393
826.40000,-1.73092,1.81055,-1.04595
826.45000,-1.73088,1.81048,-0.96816
826.50000,-1.73083,1.81041,-0.89164
826.55000,-1.73077,1.81034,-0.81631
826.60000,-1.73070,1.81028,-0.74213
826.65000,-1.73063,1.81021,-0.66904
826.70000,-1.73055,1.81016,-0.59703
826.75000,-1.73046,1.81010,-0.52605
826.80000,-1.73037,1.81005,-0.45608
826.85000,-1.73027,1.81001,-0.38712
826.90000,-1.73016,1.80997,-0.31915
826.95000,-1.73005,1.80994,-0.25217
827.00000,-1.72994,1.80991,-0.18617
827.05000,-1.72982,1.80989,-0.12116
827.10000,-1.72971,1.80988,-0.05712
827.15000,-1.72959,1.80988,0.00594
827.20000,-1.72947,1.80988,0.06801
827.25000,-1.72934,1.80990,0.12910
827.30000,-1.72922,1.80991,0.18920
827.35000,-1.72910,1.80994,0.24830
827.40000,-1.72898,1.80998,0.30639
827.45000,-1.72886,1.81002,0.36348
827.50000,-1.72874,1.81007,0.41957
827.55000,-1.72863,1.81012,0.47469
827.60000,-1.72852,1.81018,0.52882
827.65000,-1.72841,1.81025,0.58198
827.70000,-1.72831,1.81032,0.63416
827.75000,-1.72821,1.81040,0.68536
827.80000,-1.72811,1.81048,0.73558
827.85000,-1.72646,1.81211,0.78403
827.90000,-1.72193,1.81684,0.82907
827.95000,-1.71626,1.82333,0.87424
828.00000,-1.71033,1.83077,0.92104
828.05000,-1.70520,1.83789,0.97186
828.10000,-1.70045,1.84523,1.02224
828.15000,-1.69606,1.85283,1.07173
828.20000,-1.69156,1.86146,1.11870
828.25000,-1.68735,1.87069,1.16326
828.30000,-1.68342,1.88022,1.20804
828.35000,-1.68004,1.88968,1.25081
828.40000,-1.67711,1.89921,1.29284
828.45000,-1.67458,1.90886,1.33471
828.50000,-1.67245,1.91861,1.37653
828.55000,-1.67074,1.92844,1.41845
828.60000,-1.66944,1.93833,1.46060
828.65000,-1.66856,1.94827,1.50310
828.70000,-1.66813,1.95764,1.54903
828.75000,-1.66814,1.96757,1.59393
828.80000,-1.66859,1.97731,1.63968
828.85000,-1.66943,1.98664,1.68782
828.90000,-1.67067,1.99525,1.73969
828.95000,-1.67236,2.00375,1.79265
829.00000,-1.67449,2.01214,1.84633
829.05000,-1.67706,2.02039,1.90044
829.10000,-1.68008,2.02849,1.95456
829.15000,-1.68354,2.03643,2.00813
829.20000,-1.68742,2.04421,2.06034
829.25000,-1.69202,2.05233,2.10764
829.30000,-1.69674,2.05992,2.15191
829.35000,-1.70163,2.06737,2.19566
829.40000,-1.70491,2.07235,2.23004
829.45000,-1.70645,2.07444,2.24298
829.50000,-1.70653,2.07457,2.23604
829.55000,-1.70647,2.07448,2.22382
829.60000,-1.70648,2.07448,2.20860
829.65000,-1.70639,2.07434,2.18955
829.70000,-1.70653,2.07448,2.16636
829.75000,-1.70663,2.07462,2.14063
829.80000,-1.70676,2.07484,2.11217
829.85000,-1.70711,2.07544,2.08044
829.90000,-1.70713,2.07550,2.04848
829.95000,-1.70717,2.07559,2.01572
830.00000,-1.70722,2.07570,1.98164
830.05000,-1.70727,2.07581,1.94645
830.10000,-1.70732,2.07595,1.91029
830.15000,-1.70737,2.07610,1.87318
830.20000,-1.70742,2.07627,1.83525
830.25000,-1.70747,2.07647,1.79660
830.30000,-1.70752,2.07669,1.75730
830.35000,-1.70756,2.07693,1.71746
830.40000,-1.70759,2.07720,1.67709
830.45000,-1.70762,2.07750,1.63627
830.50000,-1.70763,2.07784,1.59503
830.55000,-1.70763,2.07820,1.55343
830.60000,-1.70762,2.07860,1.51152
830.65000,-1.70758,2.07903,1.46930
830.70000,-1.70752,2.07951,1.42681
830.75000,-1.70744,2.08002,1.38412
830.80000,-1.70732,2.08058,1.34128
830.85000,-1.70717,2.08118,1.29836
830.90000,-1.70697,2.08182,1.25535
830.95000,-1.70673,2.08251,1.21229
831.00000,-1.70644,2.08325,1.16917
831.05000,-1.70609,2.08403,1.12601
831.10000,-1.70567,2.08485,1.08281
831.15000,-1.70518,2.08573,1.03951
831.20000,-1.70462,2.08665,0.99608
831.25000,-1.70397,2.08760,0.95251
831.30000,-1.70322,2.08860,0.90880
831.35000,-1.70239,2.08963,0.86493
831.40000,-1.70145,2.09068,0.82084
831.45000,-1.70041,2.09175,0.77639
831.50000,-1.69929,2.09280,0.73128
831.55000,-1.69749,2.09433,0.68222
831.60000,-1.69452,2.09658,0.62718
831.65000,-1.68992,2.09972,0.57082
831.70000,-1.68452,2.10297,0.51142
831.75000,-1.67851,2.10610,0.44978
831.80000,-1.67193,2.10902,0.38686
831.85000,-1.66492,2.11162,0.32297
831.90000,-1.65759,2.11381,0.25837
831.95000,-1.64994,2.11557,0.19348
832.00000,-1.64210,2.11684,0.12826
832.05000,-1.63406,2.11761,0.06306
832.10000,-1.62589,2.11786,-0.00214
832.15000,-1.61763,2.11757,-0.06722
832.20000,-1.60935,2.11674,-0.13225
832.25000,-1.60109,2.11537,-0.19719
832.30000,-1.59286,2.11345,-0.26192
832.35000,-1.58473,2.11098,-0.32652
832.40000,-1.57671,2.10798,-0.39093
832.45000,-1.56884,2.10443,-0.45510
832.50000,-1.56116,2.10036,-0.51902
832.55000,-1.55369,2.09577,-0.58269
832.60000,-1.54646,2.09067,-0.64605
832.65000,-1.53950,2.08507,-0.70909
832.70000,-1.53284,2.07899,-0.77182
832.75000,-1.52651,2.07243,-0.83416
832.80000,-1.52054,2.06542,-0.89616
832.85000,-1.51498,2.05801,-0.95794
832.90000,-1.51051,2.05123,-1.01902
832.95000,-1.50653,2.04428,-1.07994
833.00000,-1.50294,2.03705,-1.14014
833.05000,-1.49981,2.02965,-1.19962
833.10000,-1.49714,2.02216,-1.25827
833.15000,-1.49496,2.01466,-1.31596
833.20000,-1.49324,2.00723,-1.37261
833.25000,-1.49198,1.99992,-1.42815
833.30000,-1.49116,1.99280,-1.48255
833.35000,-1.49073,1.98591,-1.53573
833.40000,-1.49067,1.97929,-1.58764
833.45000,-1.49094,1.97296,-1.63824
833.50000,-1.49149,1.96694,-1.68749
833.55000,-1.49230,1.96123,-1.73539
833.60000,-1.49332,1.95584,-1.78198
833.65000,-1.49504,1.94877,-1.82627
833.70000,-1.49745,1.94033,-1.87187
833.75000,-1.50034,1.93178,-1.91780
833.80000,-1.50358,1.92345,-1.96240
833.85000,-1.50723,1.91517,-2.00453
833.90000,-1.51126,1.90695,-2.04403
833.95000,-1.51568,1.89872,-2.08041
834.00000,-1.52035,1.89070,-2.11446
834.05000,-1.52536,1.88272,-2.14541
834.10000,-1.52990,1.87548,-2.17626
834.15000,-1.53162,1.87273,-2.20214
834.20000,-1.53321,1.87064,-2.22431
834.25000,-1.53489,1.86852,-2.24389
834.30000,-1.53681,1.86615,-2.25956
834.35000,-1.53889,1.86367,-2.27195
834.40000,-1.54107,1.86112,-2.28191
834.45000,-1.54331,1.85856,-2.28991
834.50000,-1.54567,1.85590,-2.29561
834.55000,-1.54825,1.85300,-2.29916
834.60000,-1.55098,1.84995,-2.30100
834.65000,-1.55390,1.84670,-2.30122
834.70000,-1.55695,1.84329,-2.30010
834.75000,-1.56010,1.83975,-2.29775
834.80000,-1.56337,1.83606,-2.29426
834.85000,-1.56672,1.83226,-2.28991
834.90000,-1.57021,1.82825,-2.28442
834.95000,-1.57382,1.82405,-2.27787
835.00000,-1.57752,1.81970,-2.27052
835.05000,-1.58130,1.81519,-2.26252
835.10000,-1.58514,1.81051,-2.25405
835.15000,-1.58907,1.80564,-2.24496
835.20000,-1.59304,1.80063,-2.23572
835.25000,-1.59711,1.79538,-2.22597
835.30000,-1.60125,1.78994,-2.21590
835.35000,-1.60546,1.78429,-2.20543
835.40000,-1.60981,1.77832,-2.19411
835.45000,-1.61410,1.77228,-2.18296
835.50000,-1.61837,1.76614,-2.17140
835.55000,-1.62255,1.75996,-2.15992
835.60000,-1.62675,1.75360,-2.14724
835.65000,-1.63094,1.74706,-2.13416
835.70000,-1.63504,1.74045,-2.12106
835.75000,-1.63921,1.73355,-2.10772
835.80000,-1.64337,1.72646,-2.09434
835.85000,-1.64748,1.71923,-2.08110
835.90000,-1.65153,1.71187,-2.06794
835.95000,-1.65561,1.70422,-2.05485
836.00000,-1.65964,1.69641,-2.04146
836.05000,-1.66365,1.68838,-2.02795
836.10000,-1.66766,1.68010,-2.01488
836.15000,-1.67158,1.67171,-2.00166
836.20000,-1.67547,1.66309,-1.98864
836.25000,-1.67931,1.65428,-1.97555
836.30000,-1.68298,1.64553,-1.96239
836.35000,-1.68649,1.63684,-1.94866
836.40000,-1.68988,1.62813,-1.93647
836.45000,-1.69315,1.61942,-1.92385
836.50000,-1.69621,1.61091,-1.91137
836.55000,-1.69912,1.60253,-1.89926
836.60000,-1.70190,1.59419,-1.88703
836.65000,-1.70457,1.58581,-1.87482
836.70000,-1.70715,1.57740,-1.86277
836.75000,-1.70962,1.56900,-1.85134
836.80000,-1.71202,1.56049,-1.83988
836.85000,-1.71432,1.55193,-1.82834
836.90000,-1.71656,1.54323,-1.81814
836.95000,-1.71873,1.53443,-1.80745
837.00000,-1.72085,1.52543,-1.79735
837.05000,-1.72285,1.51646,-1.78729
837.10000,-1.72471,1.50781,-1.77709
837.15000,-1.72648,1.49909,-1.76692
837.20000,-1.72814,1.49045,-1.75669
837.25000,-1.72971,1.48185,-1.74779
837.30000,-1.73117,1.47344,-1.73837
837.35000,-1.73252,1.46512,-1.72886
837.40000,-1.73378,1.45693,-1.71980
837.45000,-1.73494,1.44888,-1.71082
837.50000,-1.73601,1.44099,-1.70194
837.55000,-1.73700,1.43321,-1.69332
837.60000,-1.73792,1.42553,-1.68469
837.65000,-1.73876,1.41784,-1.67628
837.70000,-1.73955,1.41005,-1.66830
837.75000,-1.74028,1.40231,-1.66042
837.80000,-1.74094,1.39465,-1.65291
837.85000,-1.74152,1.38710,-1.64549
837.90000,-1.74219,1.37787,-1.63822
837.95000,-1.74282,1.36805,-1.63112
838.00000,-1.74339,1.35811,-1.62484
838.05000,-1.74390,1.34814,-1.61891
838.10000,-1.74434,1.33817,-1.61315
838.15000,-1.74474,1.32819,-1.60757
838.20000,-1.74507,1.31821,-1.60221
838.25000,-1.74536,1.30817,-1.59650
838.30000,-1.74559,1.29805,-1.59075
838.35000,-1.74576,1.28801,-1.58560
838.40000,-1.74589,1.27788,-1.58035
838.45000,-1.74596,1.26777,-1.57540
838.50000,-1.74598,1.25769,-1.57088
838.55000,-1.74596,1.24759,-1.56637
838.60000,-1.74590,1.23748,-1.56192
838.65000,-1.74579,1.22737,-1.55762
838.70000,-1.74563,1.21727,-1.55347
838.75000,-1.74543,1.20717,-1.54943
838.80000,-1.74521,1.19708,-1.54555
838.85000,-1.74495,1.18699,-1.54191
838.90000,-1.74466,1.17691,-1.53849
838.95000,-1.74433,1.16684,-1.53528
839.00000,-1.74398,1.15677,-1.53228
839.05000,-1.74359,1.14671,-1.52948
839.10000,-1.74318,1.13665,-1.52686
839.15000,-1.74272,1.12657,-1.52429
839.20000,-1.74224,1.11651,-1.52199
839.25000,-1.74174,1.10647,-1.51965
839.30000,-1.74122,1.09645,-1.51740
839.35000,-1.74068,1.08646,-1.51521
839.40000,-1.74011,1.07646,-1.51353
839.45000,-1.73953,1.06643,-1.51211
839.50000,-1.73894,1.05642,-1.51085
839.55000,-1.73833,1.04640,-1.50952
839.60000,-1.73771,1.03639,-1.50813
839.65000,-1.73707,1.02636,-1.50666
839.70000,-1.73642,1.01634,-1.50508
839.75000,-1.73575,1.00636,-1.50357
839.80000,-1.73507,0.99637,-1.50192
839.85000,-1.73437,0.98636,-1.49998
839.90000,-1.73365,0.97636,-1.49784
839.95000,-1.73291,0.96637,-1.49550
840.00000,-1.73214,0.95640,-1.49320
840.05000,-1.73135,0.94645,-1.49074
840.10000,-1.73054,0.93647,-1.48798
840.15000,-1.72969,0.92649,-1.48483
840.20000,-1.72882,0.91657,-1.48129
840.25000,-1.72791,0.90672,-1.47713
840.30000,-1.72697,0.89689,-1.47232
840.35000,-1.72596,0.88702,-1.46692
840.40000,-1.72490,0.87707,-1.46030
840.45000,-1.72376,0.86715,-1.45244
840.50000,-1.72254,0.85722,-1.44240
840.55000,-1.72122,0.84746,-1.43211
840.60000,-1.72101,0.84277,-1.42005
840.65000,-1.72096,0.84251,-1.39825
840.70000,-1.72095,0.84247,-1.37131
840.75000,-1.72083,0.84180,-1.34083
840.80000,-1.72073,0.84120,-1.30902
840.85000,-1.72068,0.84097,-1.27667
840.90000,-1.72061,0.84076,-1.24241
840.95000,-1.72059,0.84071,-1.20713
841.00000,-1.72057,0.84065,-1.17032
841.05000,-1.72055,0.84060,-1.13186
841.10000,-1.72052,0.84055,-1.09177
841.15000,-1.72049,0.84049,-1.05041
841.20000,-1.72046,0.84044,-1.00796
841.25000,-1.72043,0.84039,-0.96515
841.30000,-1.72039,0.84034,-0.92200
841.35000,-1.72036,0.84029,-0.87831
841.40000,-1.72031,0.84025,-0.83353
841.45000,-1.72027,0.84020,-0.78749
841.50000,-1.72022,0.84015,-0.74009
841.55000,-1.72016,0.84010,-0.69143
841.60000,-1.72010,0.84005,-0.64180
841.65000,-1.72003,0.84000,-0.59149
841.70000,-1.71996,0.83996,-0.54076
841.75000,-1.71988,0.83991,-0.48986
841.80000,-1.71980,0.83987,-0.43889
841.85000,-1.71971,0.83983,-0.38792
841.90000,-1.71962,0.83980,-0.33704
841.95000,-1.71953,0.83977,-0.28635
842.00000,-1.71943,0.83974,-0.23591
842.05000,-1.71934,0.83972,-0.18579
842.10000,-1.71924,0.83971,-0.13607
842.15000,-1.71914,0.83970,-0.08679
842.20000,-1.71905,0.83969,-0.03800
842.25000,-1.71896,0.83969,0.01024
842.30000,-1.71887,0.83969,0.05789
842.35000,-1.71878,0.83970,0.10489
842.40000,-1.71870,0.83971,0.15118
842.45000,-1.71862,0.83972,0.19669
842.50000,-1.71855,0.83974,0.24134
842.55000,-1.71849,0.83976,0.28499
842.60000,-1.71844,0.83977,0.32749
842.65000,-1.71839,0.83979,0.36854
842.70000,-1.71835,0.83981,0.40766
842.75000,-1.71832,0.83982,0.44422
842.80000,-1.71641,0.84106,0.47998
842.85000,-1.70888,0.84539,0.50680
842.90000,-1.70088,0.84973,0.52925
842.95000,-1.69608,0.85237,0.53212
843.00000,-1.69284,0.85421,0.51840
843.05000,-1.69076,0.85536,0.49823
843.10000,-1.69044,0.85553,0.46875
843.15000,-1.69029,0.85560,0.43737
843.20000,-1.69011,0.85568,0.40535
843.25000,-1.68991,0.85577,0.37282
843.30000,-1.68966,0.85586,0.33980
843.35000,-1.68939,0.85595,0.30636
843.40000,-1.68907,0.85604,0.27256
843.45000,-1.68871,0.85614,0.23843
843.50000,-1.68830,0.85623,0.20403
843.55000,-1.68784,0.85632,0.16939
843.60000,-1.68733,0.85640,0.13454
843.65000,-1.68676,0.85646,0.09952
843.70000,-1.68613,0.85651,0.06435
843.75000,-1.68543,0.85655,0.02908
843.80000,-1.68467,0.85656,-0.00627
843.85000,-1.68383,0.85654,-0.04168
843.90000,-1.68293,0.85648,-0.07711
843.95000,-1.68196,0.85639,-0.11254
844.00000,-1.68092,0.85625,-0.14796
844.05000,-1.67981,0.85607,-0.18332
844.10000,-1.67860,0.85582,-0.21861
844.15000,-1.67731,0.85551,-0.25380
844.20000,-1.67592,0.85512,-0.28887
844.25000,-1.67444,0.85466,-0.32379
844.30000,-1.67287,0.85410,-0.35855
844.35000,-1.67200,0.85375,-0.39627
844.40000,-1.67112,0.85336,-0.43431
844.45000,-1.67013,0.85287,-0.47208
844.50000,-1.66902,0.85226,-0.50925
844.55000,-1.66784,0.85155,-0.54630
844.60000,-1.66655,0.85072,-0.58302
844.65000,-1.66512,0.84973,-0.61905
844.70000,-1.66364,0.84863,-0.65460
844.75000,-1.66209,0.84739,-0.68986
844.80000,-1.66047,0.84599,-0.72469
844.85000,-1.65879,0.84445,-0.75885
844.90000,-1.65706,0.84273,-0.79270
844.95000,-1.65525,0.84082,-0.82580
845.00000,-1.65343,0.83877,-0.85828
845.05000,-1.65160,0.83657,-0.89052
845.10000,-1.64975,0.83422,-0.92206
845.15000,-1.64791,0.83169,-0.95314
845.20000,-1.64607,0.82903,-0.98368
845.25000,-1.64429,0.82622,-1.01354
845.30000,-1.64249,0.82326,-1.04286
845.35000,-1.64074,0.82017,-1.07168
845.40000,-1.63905,0.81698,-1.09981
845.45000,-1.63740,0.81364,-1.12740
845.50000,-1.63584,0.81025,-1.15417
845.55000,-1.63436,0.80679,-1.18025
845.60000,-1.63295,0.80327,-1.20534
845.65000,-1.63161,0.79966,-1.23001
845.70000,-1.63039,0.79609,-1.25413
845.75000,-1.62925,0.79249,-1.27760
845.80000,-1.62734,0.78615,-1.29930
845.85000,-1.62491,0.77704,-1.32104
845.90000,-1.62267,0.76784,-1.34233
845.95000,-1.62063,0.75858,-1.36294
846.00000,-1.61876,0.74925,-1.38288
846.05000,-1.61707,0.73988,-1.40203
846.10000,-1.61556,0.73046,-1.42052
846.15000,-1.61421,0.72100,-1.43828
846.20000,-1.61303,0.71151,-1.45539
846.25000,-1.61200,0.70198,-1.47182
846.30000,-1.61113,0.69242,-1.48751
846.35000,-1.61040,0.68282,-1.50262
846.40000,-1.60981,0.67319,-1.51702
846.45000,-1.60936,0.66354,-1.53069
846.50000,-1.60903,0.65387,-1.54366
846.55000,-1.60883,0.64418,-1.55592
846.60000,-1.60874,0.63447,-1.56741
846.65000,-1.60876,0.62474,-1.57814
846.70000,-1.60888,0.61499,-1.58810
846.75000,-1.60909,0.60522,-1.59720
846.80000,-1.60939,0.59543,-1.60549
846.85000,-1.60978,0.58563,-1.61311
846.90000,-1.61023,0.57581,-1.61998
846.95000,-1.61075,0.56598,-1.62611
847.00000,-1.61133,0.55613,-1.63139
847.05000,-1.61196,0.54624,-1.63573
847.10000,-1.61262,0.53634,-1.63900
847.15000,-1.61327,0.52659,-1.64223
847.20000,-1.61376,0.51749,-1.64562
847.25000,-1.61379,0.51495,-1.64785
847.30000,-1.61381,0.51467,-1.64483
847.35000,-1.61383,0.51438,-1.64083
847.40000,-1.61385,0.51408,-1.63640
847.45000,-1.61387,0.51376,-1.63152
847.50000,-1.61389,0.51345,-1.62627
847.55000,-1.61391,0.51314,-1.62055
847.60000,-1.61392,0.51281,-1.61452
847.65000,-1.61394,0.51249,-1.60804
847.70000,-1.61395,0.51215,-1.60128
847.75000,-1.61396,0.51181,-1.59410
847.80000,-1.61397,0.51145,-1.58665
847.85000,-1.61397,0.51107,-1.57889
847.90000,-1.61397,0.51071,-1.57043
847.95000,-1.61397,0.51028,-1.55996
848.00000,-1.61396,0.50981,-1.54703
848.05000,-1.61395,0.50929,-1.53104
848.10000,-1.61393,0.50878,-1.51203
848.15000,-1.61389,0.50813,-1.48899
848.20000,-1.61387,0.50792,-1.46425
848.25000,-1.61386,0.50782,-1.43602
848.30000,-1.61384,0.50772,-1.40387
848.35000,-1.61383,0.50762,-1.36814
848.40000,-1.61336,0.50570,-1.33033
848.45000,-1.61297,0.50394,-1.28786
848.50000,-1.61288,0.50361,-1.24238
848.55000,-1.61284,0.50349,-1.19464
848.60000,-1.61279,0.50337,-1.14526
848.65000,-1.61273,0.50325,-1.09561
848.70000,-1.61266,0.50313,-1.04617
848.75000,-1.61259,0.50301,-0.99683
848.80000,-1.61252,0.50290,-0.94770
848.85000,-1.61243,0.50279,-0.89879
848.90000,-1.61235,0.50268,-0.85004
848.95000,-1.61225,0.50258,-0.80145
849.00000,-1.61215,0.50248,-0.75310
849.05000,-1.61205,0.50239,-0.70502
849.10000,-1.61194,0.50230,-0.65714
849.15000,-1.61183,0.50222,-0.60958
849.20000,-1.61171,0.50214,-0.56232
849.25000,-1.61159,0.50207,-0.51549
849.30000,-1.61147,0.50200,-0.46915
849.35000,-1.61134,0.50194,-0.42332
849.40000,-1.61121,0.50189,-0.37800
849.45000,-1.61108,0.50184,-0.33281
849.50000,-1.61094,0.50180,-0.28684
849.55000,-1.61079,0.50176,-0.24010
849.60000,-1.61063,0.50172,-0.19275
849.65000,-1.61046,0.50169,-0.14502
849.70000,-1.61028,0.50167,-0.09705
849.75000,-1.61009,0.50166,-0.04908
849.80000,-1.60990,0.50165,-0.00131
849.85000,-1.60971,0.50166,0.04626
849.90000,-1.60951,0.50167,0.09366
849.95000,-1.60931,0.50169,0.14087
850.00000,-1.60910,0.50173,0.18783
850.05000,-1.60877,0.50180,0.23491
850.10000,-1.60838,0.50191,0.28185
850.15000,-1.60802,0.50204,0.32830
850.20000,-1.60764,0.50217,0.37440
850.25000,-1.60702,0.50244,0.42115
850.30000,-1.60663,0.50264,0.46648
850.35000,-1.60617,0.50289,0.51154
850.40000,-1.60597,0.50301,0.55505
850.45000,-1.60577,0.50314,0.59798
850.50000,-1.60557,0.50328,0.64035
850.55000,-1.60538,0.50343,0.68215
850.60000,-1.60519,0.50359,0.72335
850.65000,-1.60501,0.50375,0.76395
850.70000,-1.60483,0.50393,0.80394
850.75000,-1.60466,0.50411,0.84331
850.80000,-1.60450,0.50430,0.88204
850.85000,-1.60435,0.50450,0.92013
850.90000,-1.60420,0.50470,0.95758
850.95000,-1.60405,0.50491,0.99437
851.00000,-1.60265,0.50687,1.03002
851.05000,-1.59885,0.51345,1.06295
851.10000,-1.59421,0.52211,1.09706
851.15000,-1.58981,0.53108,1.13126
851.20000,-1.58570,0.54020,1.16479
851.25000,-1.58191,0.54945,1.19762
851.30000,-1.57841,0.55882,1.22976
851.35000,-1.57522,0.56829,1.26118
851.40000,-1.57232,0.57786,1.29189
851.45000,-1.56971,0.58752,1.32187
851.50000,-1.56739,0.59724,1.35111
851.55000,-1.56535,0.60703,1.37960
851.60000,-1.56358,0.61687,1.40733
851.65000,-1.56209,0.62676,1.43427
851.70000,-1.56086,0.63668,1.46043
851.75000,-1.55988,0.64664,1.48577
851.80000,-1.55916,0.65661,1.51029
851.85000,-1.55867,0.66660,1.53397
851.90000,-1.55842,0.67659,1.55680
851.95000,-1.55839,0.68659,1.57874
852.00000,-1.55857,0.69659,1.59979
852.05000,-1.55896,0.70657,1.61975
852.10000,-1.55956,0.71690,1.64058
852.15000,-1.56026,0.72724,1.66125
852.20000,-1.56041,0.73204,1.68135
852.25000,-1.56048,0.73271,1.69928
852.30000,-1.56056,0.73332,1.71587
852.35000,-1.56064,0.73389,1.73192
852.40000,-1.56073,0.73446,1.74732
852.45000,-1.56082,0.73500,1.76198
852.50000,-1.56092,0.73554,1.77585
852.55000,-1.56104,0.73606,1.78914
852.60000,-1.56115,0.73656,1.80179
852.65000,-1.56127,0.73705,1.81382
852.70000,-1.56139,0.73752,1.82522
852.75000,-1.56151,0.73797,1.83599
852.80000,-1.56163,0.73841,1.84614
852.85000,-1.56175,0.73883,1.85566
852.90000,-1.56187,0.73924,1.86456
852.95000,-1.56199,0.73963,1.87285
853.00000,-1.56211,0.74000,1.88054
853.05000,-1.56223,0.74036,1.88765
853.10000,-1.56234,0.74071,1.89423
853.15000,-1.56246,0.74105,1.90034
853.20000,-1.56257,0.74137,1.90604
853.25000,-1.56268,0.74169,1.91133
853.30000,-1.56279,0.74200,1.91620
853.35000,-1.56290,0.74230,1.92067
853.40000,-1.56300,0.74259,1.92475
853.45000,-1.56311,0.74287,1.92846
853.50000,-1.56321,0.74314,1.93181
853.55000,-1.56331,0.74341,1.93479
853.60000,-1.56341,0.74367,1.93743
853.65000,-1.56351,0.74392,1.93973
853.70000,-1.56361,0.74417,1.94170
853.75000,-1.56370,0.74441,1.94334
853.80000,-1.56379,0.74464,1.94466
853.85000,-1.56388,0.74486,1.94563
853.90000,-1.56396,0.74508,1.94625
853.95000,-1.56404,0.74528,1.94648
854.00000,-1.56412,0.74548,1.94632
854.05000,-1.56420,0.74567,1.94578
854.10000,-1.56427,0.74585,1.94488
854.15000,-1.56433,0.74602,1.94364
854.20000,-1.56440,0.74619,1.94210
854.25000,-1.56446,0.74635,1.94030
854.30000,-1.56452,0.74651,1.93825
854.35000,-1.56458,0.74666,1.93598
854.40000,-1.56464,0.74681,1.93351
854.45000,-1.56469,0.74695,1.93087
854.50000,-1.56474,0.74709,1.92805
854.55000,-1.56480,0.74723,1.92506
854.60000,-1.56485,0.74737,1.92189
854.65000,-1.56489,0.74750,1.91854
854.70000,-1.56494,0.74763,1.91502
854.75000,-1.56499,0.74776,1.91134
854.80000,-1.56503,0.74788,1.90748
854.85000,-1.56507,0.74800,1.90342
854.90000,-1.56511,0.74811,1.89916
854.95000,-1.56515,0.74822,1.89468
855.00000,-1.56518,0.74833,1.89000
855.05000,-1.56521,0.74843,1.88514
855.10000,-1.56525,0.74853,1.88014
855.15000,-1.56528,0.74862,1.87500
855.20000,-1.56531,0.74872,1.86976
855.25000,-1.56533,0.74881,1.86442
855.30000,-1.56536,0.74890,1.85899
855.35000,-1.56539,0.74899,1.85349
855.40000,-1.56541,0.74908,1.84790
855.45000,-1.56544,0.74917,1.84222
855.50000,-1.56546,0.74925,1.83648
855.55000,-1.56548,0.74934,1.83065
855.60000,-1.56551,0.74942,1.82474
855.65000,-1.56553,0.74950,1.81874
855.70000,-1.56555,0.74958,1.81263
855.75000,-1.56556,0.74966,1.80641
855.80000,-1.56558,0.74973,1.80010
855.85000,-1.56560,0.74981,1.79371
855.90000,-1.56562,0.74988,1.78729
855.95000,-1.56563,0.74995,1.78083
856.00000,-1.56565,0.75002,1.77435
856.05000,-1.56566,0.75010,1.76783
856.10000,-1.56568,0.75017,1.76128
856.15000,-1.56569,0.75024,1.75470
856.20000,-1.56570,0.75031,1.74808
856.25000,-1.56571,0.75038,1.74141
856.30000,-1.56573,0.75045,1.73469
856.35000,-1.56574,0.75051,1.72792
856.40000,-1.56575,0.75058,1.72111
856.45000,-1.56576,0.75065,1.71426
856.50000,-1.56577,0.75071,1.70740
856.55000,-1.56577,0.75078,1.70052
856.60000,-1.56578,0.75084,1.69363
856.65000,-1.56626,0.75318,1.68743
856.70000,-1.56736,0.75950,1.68138
856.75000,-1.56841,0.76863,1.67451
856.80000,-1.56939,0.77841,1.66757
856.85000,-1.57031,0.78821,1.66050
856.90000,-1.57116,0.79802,1.65353
856.95000,-1.57194,0.80785,1.64622
857.00000,-1.57265,0.81770,1.63887
857.05000,-1.57329,0.82752,1.63147
857.10000,-1.57386,0.83736,1.62399
857.15000,-1.57435,0.84718,1.61648
857.20000,-1.57476,0.85702,1.60889
857.25000,-1.57510,0.86685,1.60129
857.30000,-1.57537,0.87667,1.59373
857.35000,-1.57556,0.88650,1.58615
857.40000,-1.57567,0.89633,1.57857
857.45000,-1.57571,0.90616,1.57100
857.50000,-1.57568,0.91602,1.56350
857.55000,-1.57556,0.92591,1.55581
857.60000,-1.57538,0.93575,1.54841
857.65000,-1.57512,0.94562,1.54072
857.70000,-1.57479,0.95545,1.53320
857.75000,-1.57438,0.96531,1.52560
857.80000,-1.57389,0.97517,1.51794
857.85000,-1.57333,0.98506,1.51022
857.90000,-1.57270,0.99495,1.50252
857.95000,-1.57199,1.00478,1.49505
858.00000,-1.57119,1.01456,1.48773
858.05000,-1.57033,1.02434,1.48049
858.10000,-1.56940,1.03413,1.47334
858.15000,-1.56840,1.04395,1.46642
858.20000,-1.56733,1.05382,1.45988
858.25000,-1.56620,1.06370,1.45353
858.30000,-1.56501,1.07357,1.44727
858.35000,-1.56376,1.08345,1.44114
858.40000,-1.56244,1.09323,1.43479
858.45000,-1.56106,1.10298,1.42840
858.50000,-1.55961,1.11272,1.42213
858.55000,-1.55811,1.12245,1.41603
858.60000,-1.55655,1.13218,1.41016
858.65000,-1.55493,1.14190,1.40457
858.70000,-1.55325,1.15163,1.39937
858.75000,-1.55153,1.16136,1.39456
858.80000,-1.54976,1.17109,1.39028
858.85000,-1.54795,1.18083,1.38662
858.90000,-1.54610,1.19059,1.38397
858.95000,-1.54424,1.20038,1.38297
859.00000,-1.54238,1.21019,1.38515
859.05000,-1.54053,1.22002,1.38763
859.10000,-1.53971,1.22730,1.39401
859.15000,-1.53912,1.23228,1.42400
859.20000,-1.53897,1.23352,1.48004
859.25000,-1.53896,1.23370,1.54293
859.30000,-1.53896,1.23386,1.60648
859.35000,-1.53897,1.23404,1.67011
859.40000,-1.53900,1.23424,1.73374
859.45000,-1.53904,1.23446,1.79720
859.50000,-1.53910,1.23468,1.86035
859.55000,-1.53917,1.23490,1.92313
859.60000,-1.53926,1.23511,1.98555
859.65000,-1.53936,1.23532,2.04759
859.70000,-1.53948,1.23553,2.10929
859.75000,-1.53961,1.23574,2.17070
859.80000,-1.53977,1.23596,2.23191
859.85000,-1.53996,1.23619,2.29295
859.90000,-1.54019,1.23643,2.35379
859.95000,-1.54046,1.23669,2.41438
860.00000,-1.54078,1.23696,2.47468
860.05000,-1.54115,1.23723,2.53463
860.10000,-1.54157,1.23751,2.59421
860.15000,-1.54205,1.23778,2.65336
860.20000,-1.54259,1.23804,2.71206
860.25000,-1.54318,1.23829,2.77027
860.30000,-1.54383,1.23852,2.82797
860.35000,-1.54452,1.23873,2.88509
860.40000,-1.54522,1.23889,2.94159
860.45000,-1.54594,1.23901,2.99743
860.50000,-1.54668,1.23910,3.05261
860.55000,-1.54742,1.23915,3.10713
860.60000,-1.54819,1.23915,-3.12219
860.65000,-1.54898,1.23912,-3.06894
860.70000,-1.54981,1.23903,-3.01626
860.75000,-1.55069,1.23890,-2.96414
860.80000,-1.55161,1.23871,-2.91261
860.85000,-1.55258,1.23846,-2.86168
860.90000,-1.55359,1.23814,-2.81137
860.95000,-1.55465,1.23774,-2.76169
861.00000,-1.55575,1.23727,-2.71266
861.05000,-1.55689,1.23672,-2.66429
861.10000,-1.55805,1.23608,-2.61660
861.15000,-1.55923,1.23536,-2.56962
861.20000,-1.56038,1.23458,-2.52338
861.25000,-1.56151,1.23374,-2.47791
861.30000,-1.56259,1.23285,-2.43320
861.35000,-1.56363,1.23192,-2.38927
861.40000,-1.56463,1.23094,-2.34611
861.45000,-1.56560,1.22991,-2.30371
861.50000,-1.56653,1.22884,-2.26204
861.55000,-1.56911,1.22557,-2.22346
861.60000,-1.57420,1.21868,-2.18869
861.65000,-1.57969,1.21064,-2.14995
861.70000,-1.58499,1.20216,-2.11074
861.75000,-1.58997,1.19349,-2.07218
861.80000,-1.59460,1.18463,-2.03431
861.85000,-1.59891,1.17561,-1.99711
861.90000,-1.60287,1.16643,-1.96058
861.95000,-1.60651,1.15712,-1.92473
862.00000,-1.60981,1.14768,-1.88962
862.05000,-1.61278,1.13813,-1.85524
862.10000,-1.61542,1.12849,-1.82163
862.15000,-1.61774,1.11876,-1.78877
862.20000,-1.61975,1.10897,-1.75665
862.25000,-1.62144,1.09911,-1.72526
862.30000,-1.62283,1.08921,-1.69456
862.35000,-1.62391,1.07927,-1.66450
862.40000,-1.62470,1.06930,-1.63500
862.45000,-1.62520,1.05932,-1.60604
862.50000,-1.62541,1.04932,-1.57760
862.55000,-1.62533,1.03932,-1.54968
862.60000,-1.62499,1.02933,-1.52227
862.65000,-1.62437,1.01935,-1.49535
862.70000,-1.62348,1.00939,-1.46892
862.75000,-1.62234,0.99945,-1.44296
862.80000,-1.62093,0.98955,-1.41745
862.85000,-1.61928,0.97969,-1.39238
862.90000,-1.61739,0.96987,-1.36773
862.95000,-1.61525,0.96010,-1.34347
863.00000,-1.61288,0.95039,-1.31958
863.05000,-1.61028,0.94073,-1.29606
863.10000,-1.60746,0.93114,-1.27292
863.15000,-1.60441,0.92162,-1.25013
863.20000,-1.60115,0.91216,-1.22767
863.25000,-1.59769,0.90278,-1.20545
863.30000,-1.59401,0.89348,-1.18335
863.35000,-1.59013,0.88427,-1.16124
863.40000,-1.58605,0.87514,-1.13887
863.45000,-1.58169,0.86594,-1.11511
863.50000,-1.57715,0.85695,-1.09022
863.55000,-1.57242,0.84816,-1.06403
863.60000,-1.56746,0.83952,-1.03493
863.65000,-1.56225,0.83105,-1.00149
863.70000,-1.55720,0.82296,-0.96779
863.75000,-1.55582,0.82051,-0.92927
863.80000,-1.55554,0.82014,-0.87822
863.85000,-1.55552,0.82011,-0.82548
863.90000,-1.55549,0.82008,-0.77605
863.95000,-1.55546,0.82006,-0.73010
864.00000,-1.55542,0.82003,-0.68688
864.05000,-1.55539,0.82000,-0.64552
864.10000,-1.55358,0.81856,-0.60555
864.15000,-1.54675,0.81394,-0.57088
864.20000,-1.53873,0.80900,-0.53317
864.25000,-1.53037,0.80410,-0.49394
864.30000,-1.52640,0.80269,-0.45447
864.35000,-1.52578,0.80240,-0.40488
864.40000,-1.52573,0.80239,-0.35162
864.45000,-1.52568,0.80237,-0.29827
864.50000,-1.52563,0.80235,-0.24509
864.55000,-1.52557,0.80234,-0.19225
864.60000,-1.52551,0.80233,-0.13991
864.65000,-1.52545,0.80232,-0.08823
864.70000,-1.52539,0.80232,-0.03734
864.75000,-1.52532,0.80232,0.01265
864.80000,-1.52526,0.80232,0.06161
864.85000,-1.52519,0.80233,0.10945
864.90000,-1.52513,0.80234,0.15623
864.95000,-1.52310,0.80285,0.20180
865.00000,-1.51588,0.80455,0.24111
865.05000,-1.50694,0.80694,0.28205
865.10000,-1.49732,0.80993,0.32458
865.15000,-1.48759,0.81340,0.36602
865.20000,-1.47834,0.81714,0.40393
865.25000,-1.46911,0.82127,0.43922
865.30000,-1.46001,0.82571,0.47192
865.35000,-1.45106,0.83044,0.50209
865.40000,-1.44228,0.83525,0.53165
865.45000,-1.43825,0.83635,0.56096
865.50000,-1.43818,0.83640,0.58535
865.55000,-1.43793,0.83655,0.61117
865.60000,-1.43787,0.83659,0.63732
865.65000,-1.43781,0.83664,0.66413
865.70000,-1.43606,0.83825,0.69090
865.75000,-1.43020,0.84331,0.71690
865.80000,-1.42335,0.84947,0.74662
865.85000,-1.41655,0.85576,0.77653
865.90000,-1.41377,0.85822,0.80415
865.95000,-1.41343,0.85856,0.82410
866.00000,-1.41308,0.85894,0.84271
866.05000,-1.41276,0.85931,0.86037
866.10000,-1.41245,0.85966,0.87690
866.15000,-1.41217,0.86001,0.89270
866.20000,-1.41192,0.86033,0.90798
866.25000,-1.41169,0.86063,0.92256
866.30000,-1.41148,0.86093,0.93675
866.35000,-1.41125,0.86125,0.95119
866.40000,-1.41099,0.86163,0.96617
866.45000,-1.41075,0.86199,0.98216
866.50000,-1.41055,0.86231,0.99959
866.55000,-1.41031,0.86269,1.01890
866.60000,-1.41004,0.86313,1.03949
866.65000,-1.40979,0.86361,1.06131
866.70000,-1.40952,0.86411,1.08416
866.75000,-1.40796,0.86662,1.10599
866.80000,-1.40395,0.87463,1.12563
866.85000,-1.39952,0.88423,1.14879
866.90000,-1.39517,0.89387,1.17197
866.95000,-1.39456,0.89711,1.19018
867.00000,-1.39443,0.89746,1.20449
867.05000,-1.39434,0.89772,1.21743
867.10000,-1.39430,0.89783,1.23128
867.15000,-1.39426,0.89793,1.24511
867.20000,-1.39423,0.89803,1.25894
867.25000,-1.39419,0.89813,1.27276
867.30000,-1.39417,0.89823,1.28657
867.35000,-1.39414,0.89832,1.30037
867.40000,-1.39412,0.89842,1.31416
867.45000,-1.39409,0.89851,1.32794
867.50000,-1.39408,0.89860,1.34172
867.55000,-1.39406,0.89868,1.35548
867.60000,-1.39405,0.89877,1.36924
867.65000,-1.39403,0.89885,1.38161
867.70000,-1.39399,0.89902,1.39099
867.75000,-1.39395,0.89923,1.39956
867.80000,-1.39393,0.89940,1.40836
867.85000,-1.39390,0.89957,1.41527
867.90000,-1.39388,0.89968,1.42121
867.95000,-1.39385,0.89981,1.42642
868.00000,-1.39383,0.89998,1.42999
868.05000,-1.39382,0.90010,1.43268
868.10000,-1.39380,0.90019,1.43425
868.15000,-1.39378,0.90031,1.43433
868.20000,-1.39377,0.90040,1.43311
868.25000,-1.39375,0.90048,1.43035
868.30000,-1.39374,0.90055,1.42594
868.35000,-1.39373,0.90061,1.42032
868.40000,-1.39373,0.90061,1.41289
868.45000,-1.39372,0.90066,1.40347
868.50000,-1.39370,0.90064,1.39268
868.55000,-1.39370,0.90057,1.38031
868.60000,-1.39371,0.90043,1.36646
868.65000,-1.39372,0.90038,1.35032
868.70000,-1.39369,0.90051,1.33157
868.75000,-1.39367,0.90056,1.31130
868.80000,-1.39371,0.90040,1.29065
868.85000,-1.39375,0.90015,1.26914
868.90000,-1.39388,0.89975,1.24660
868.95000,-1.39401,0.89934,1.22309
869.00000,-1.39414,0.89897,1.19816
869.05000,-1.39427,0.89861,1.17208
869.10000,-1.39445,0.89818,1.14559
869.15000,-1.39465,0.89773,1.11853
869.20000,-1.39488,0.89727,1.09075
869.25000,-1.39508,0.89683,1.06267
869.30000,-1.39536,0.89634,1.03393
869.35000,-1.39566,0.89584,1.00467
869.40000,-1.39598,0.89534,0.97490
869.45000,-1.39632,0.89485,0.94448
869.50000,-1.39668,0.89437,0.91370
869.55000,-1.39706,0.89389,0.88264
869.60000,-1.39746,0.89343,0.85136
869.65000,-1.39788,0.89297,0.81989
869.70000,-1.39831,0.89252,0.78827
869.75000,-1.39876,0.89209,0.75655
869.80000,-1.39922,0.89167,0.72476
869.85000,-1.39969,0.89127,0.69295
869.90000,-1.40017,0.89088,0.66116
869.95000,-1.40027,0.89081,0.63147
870.00000,-1.40013,0.89091,0.60304
870.05000,-1.39998,0.89101,0.57438
870.10000,-1.39983,0.89110,0.54518
870.15000,-1.39967,0.89120,0.51543
870.20000,-1.39950,0.89129,0.48508
870.25000,-1.39932,0.89138,0.45412
870.30000,-1.39914,0.89146,0.42256
870.35000,-1.39895,0.89154,0.39047
870.40000,-1.39875,0.89162,0.35786
870.45000,-1.39854,0.89170,0.32479
870.50000,-1.39833,0.89177,0.29130
870.55000,-1.39810,0.89183,0.25742
870.60000,-1.39787,0.89189,0.22318
870.65000,-1.39763,0.89194,0.18862
870.70000,-1.39737,0.89198,0.15377
870.75000,-1.39711,0.89202,0.11866
870.80000,-1.39684,0.89204,0.08334
870.85000,-1.39657,0.89206,0.04795
870.90000,-1.39629,0.89207,0.01259
870.95000,-1.39600,0.89207,-0.02259
871.00000,-1.39572,0.89206,-0.05749
871.05000,-1.39544,0.89204,-0.09204
871.10000,-1.39516,0.89201,-0.12623
871.15000,-1.39488,0.89197,-0.16011
871.20000,-1.39460,0.89192,-0.19375
871.25000,-1.39433,0.89186,-0.22719
871.30000,-1.39406,0.89179,-0.26045
871.35000,-1.39380,0.89172,-0.29355
871.40000,-1.39354,0.89163,-0.32648
871.45000,-1.39329,0.89154,-0.35925
871.50000,-1.39303,0.89144,-0.39186
871.55000,-1.39279,0.89134,-0.42432
871.60000,-1.39254,0.89122,-0.45663
871.65000,-1.39230,0.89110,-0.48878
871.70000,-1.39206,0.89097,-0.52080
871.75000,-1.39183,0.89083,-0.55266
871.80000,-1.39160,0.89068,-0.58436
871.85000,-1.39138,0.89053,-0.61584
871.90000,-1.39148,0.89054,-0.64929
871.95000,-1.39171,0.89072,-0.68308
872.00000,-1.39210,0.89102,-0.71631
872.05000,-1.39239,0.89127,-0.74876
872.10000,-1.39224,0.89112,-0.78096
872.15000,-1.39226,0.89111,-0.81155
872.20000,-1.39070,0.88939,-0.84221
872.25000,-1.38542,0.88330,-0.86947
872.30000,-1.37956,0.87614,-0.89934
872.35000,-1.37389,0.86879,-0.92774
872.40000,-1.36839,0.86124,-0.95421
872.45000,-1.36304,0.85351,-0.97834
872.50000,-1.35785,0.84560,-0.99954
872.55000,-1.35276,0.83752,-1.01687
872.60000,-1.34772,0.82925,-1.02928
872.65000,-1.34271,0.82092,-1.04087
872.70000,-1.34045,0.81662,-1.04881
872.75000,-1.34003,0.81579,-1.04011
872.80000,-1.33987,0.81549,-1.02189
872.85000,-1.33963,0.81508,-1.00230
872.90000,-1.33933,0.81461,-0.98210
872.95000,-1.33910,0.81425,-0.96120
873.00000,-1.33882,0.81383,-0.93882
873.05000,-1.33848,0.81336,-0.91426
873.10000,-1.33818,0.81295,-0.88796
873.15000,-1.33816,0.81293,-0.86145
873.20000,-1.33781,0.81250,-0.83152
873.25000,-1.33729,0.81192,-0.79955
873.30000,-1.33727,0.81188,-0.76647
873.35000,-1.33700,0.81161,-0.73359
873.40000,-1.33667,0.81127,-0.69993
873.45000,-1.33644,0.81107,-0.66608
873.50000,-1.33630,0.81094,-0.63275
873.55000,-1.33608,0.81075,-0.59875
873.60000,-1.33602,0.81070,-0.56543
873.65000,-1.33598,0.81069,-0.53204
873.70000,-1.33595,0.81067,-0.49856
873.75000,-1.33591,0.81065,-0.46472
873.80000,-1.33584,0.81062,-0.43038
873.85000,-1.33577,0.81059,-0.39544
873.90000,-1.33572,0.81058,-0.35988
873.95000,-1.33562,0.81054,-0.32392
874.00000,-1.33552,0.81051,-0.28760
874.05000,-1.33541,0.81048,-0.25100
874.10000,-1.33530,0.81045,-0.21422
874.15000,-1.33518,0.81043,-0.17745
874.20000,-1.33507,0.81041,-0.14084
874.25000,-1.33495,0.81039,-0.10440
874.30000,-1.33484,0.81038,-0.06814
874.35000,-1.33472,0.81038,-0.03207
874.40000,-1.33460,0.81038,0.00380
874.45000,-1.33449,0.81038,0.03952
874.50000,-1.33437,0.81039,0.07515
874.55000,-1.33424,0.81040,0.11081
874.60000,-1.33412,0.81041,0.14655
874.65000,-1.33399,0.81044,0.18232
874.70000,-1.33385,0.81046,0.21807
874.75000,-1.33372,0.81050,0.25375
874.80000,-1.33358,0.81053,0.28931
874.85000,-1.33344,0.81058,0.32466
874.90000,-1.33330,0.81063,0.35974
874.95000,-1.33317,0.81068,0.39448
875.00000,-1.33303,0.81074,0.42888
875.05000,-1.33290,0.81080,0.46294
875.10000,-1.33277,0.81087,0.49664
875.15000,-1.33264,0.81094,0.52998
875.20000,-1.33200,0.81133,0.56526
875.25000,-1.33119,0.81185,0.60119
875.30000,-1.33033,0.81245,0.63718
875.35000,-1.32952,0.81305,0.67268
875.40000,-1.32874,0.81369,0.70775
875.45000,-1.32798,0.81435,0.74260
875.50000,-1.32725,0.81504,0.77701
875.55000,-1.32655,0.81575,0.81097
875.60000,-1.32589,0.81646,0.84433
875.65000,-1.32526,0.81719,0.87712
875.70000,-1.32466,0.81793,0.90936
875.75000,-1.32409,0.81868,0.94099
875.80000,-1.32356,0.81944,0.97208
875.85000,-1.32306,0.82019,1.00261
875.90000,-1.32258,0.82096,1.03259
875.95000,-1.32106,0.82319,1.06138
876.00000,-1.31694,0.83057,1.08624
876.05000,-1.31240,0.83948,1.11174
876.10000,-1.30808,0.84850,1.13685
876.15000,-1.30399,0.85762,1.16151
876.20000,-1.30012,0.86684,1.18574
876.25000,-1.29647,0.87615,1.20954
876.30000,-1.29298,0.88574,1.23364
876.35000,-1.28978,0.89521,1.25656
876.40000,-1.28680,0.90475,1.27892
876.45000,-1.28402,0.91436,1.30069
876.50000,-1.28146,0.92402,1.32180
876.55000,-1.27909,0.93374,1.34219
876.60000,-1.27692,0.94350,1.36173
876.65000,-1.27494,0.95330,1.38026
876.70000,-1.27313,0.96315,1.39754
876.75000,-1.27148,0.97300,1.41286
876.80000,-1.26997,0.98288,1.42489
876.85000,-1.26851,0.99278,1.43671
876.90000,-1.26825,0.99915,1.44280
876.95000,-1.26829,1.00232,1.42681
877.00000,-1.26827,1.00281,1.38645
877.05000,-1.26826,1.00283,1.34442
877.10000,-1.26826,1.00285,1.30948
877.15000,-1.26823,1.00286,1.28503
877.20000,-1.26817,1.00287,1.27437
877.25000,-1.26731,1.00374,1.27161
877.30000,-1.26473,1.00882,1.27040
877.35000,-1.26193,1.01637,1.27220
877.40000,-1.25902,1.02509,1.27565
877.45000,-1.25726,1.03162,1.27391
877.50000,-1.25627,1.03496,1.24409
877.55000,-1.25611,1.03542,1.19353
877.60000,-1.25609,1.03546,1.13996
877.65000,-1.25607,1.03550,1.08638
877.70000,-1.25605,1.03553,1.03313
877.75000,-1.25603,1.03556,0.98055
877.80000,-1.25602,1.03559,0.92922
877.85000,-1.25600,1.03560,0.88069
877.90000,-1.25599,1.03561,0.84100
877.95000,-1.25445,1.03721,0.80983
878.00000,-1.25082,1.04094,0.79565
878.05000,-1.24463,1.04727,0.79973
878.10000,-1.23773,1.05440,0.80405
878.15000,-1.23202,1.06028,0.79688
878.20000,-1.22849,1.06381,0.76867
878.25000,-1.22630,1.06586,0.72666
878.30000,-1.22595,1.06617,0.67388
878.35000,-1.22591,1.06619,0.61920
878.40000,-1.22588,1.06622,0.56485
878.45000,-1.22584,1.06624,0.51090
878.50000,-1.22581,1.06626,0.45757
878.55000,-1.22578,1.06627,0.40508
878.60000,-1.22576,1.06628,0.35418
878.65000,-1.22575,1.06628,0.30832
878.70000,-1.22557,1.06639,0.27716
878.75000,-1.22496,1.06680,0.27019
878.80000,-1.22421,1.06725,0.27922
878.85000,-1.22371,1.06738,0.29894
878.90000,-1.22338,1.06747,0.31906
878.95000,-1.22298,1.06757,0.33965
879.00000,-1.22264,1.06766,0.35991
879.05000,-1.22235,1.06773,0.37919
879.10000,-1.22211,1.06780,0.39796
879.15000,-1.22180,1.06794,0.41717
879.20000,-1.22146,1.06807,0.43645
879.25000,-1.22115,1.06820,0.45561
879.30000,-1.22079,1.06835,0.47497
879.35000,-1.22097,1.06824,0.49403
879.40000,-1.22126,1.06809,0.51332
879.45000,-1.22097,1.06823,0.53277
879.50000,-1.22072,1.06835,0.55200
879.55000,-1.22033,1.06858,0.57164
879.60000,-1.22000,1.06878,0.59162
879.65000,-1.21971,1.06898,0.61262
879.70000,-1.21961,1.06904,0.63149
879.75000,-1.21942,1.06915,0.65058
879.80000,-1.21911,1.06938,0.67136
879.85000,-1.21889,1.06955,0.69162
879.90000,-1.21859,1.06978,0.71145
879.95000,-1.21851,1.06984,0.73132
880.00000,-1.21830,1.07001,0.75062
880.05000,-1.21800,1.07028,0.77057
880.10000,-1.21793,1.07035,0.78995
880.15000,-1.21783,1.07044,0.80870
880.20000,-1.21773,1.07054,0.82779
880.25000,-1.21777,1.07049,0.84693
880.30000,-1.21784,1.07041,0.86552
880.35000,-1.21773,1.07054,0.88423
880.40000,-1.21738,1.07098,0.90307
880.45000,-1.21704,1.07142,0.92172
880.50000,-1.21693,1.07157,0.93930
880.55000,-1.21665,1.07195,0.95718
880.60000,-1.21646,1.07221,0.97441
880.65000,-1.21615,1.07268,0.99231
880.70000,-1.21585,1.07316,1.01002
880.75000,-1.21582,1.07325,1.02682
880.80000,-1.21563,1.07356,1.04332
880.85000,-1.21539,1.07397,1.05998
880.90000,-1.21361,1.07629,1.07528
880.95000,-1.20934,1.08395,1.08946
881.00000,-1.20497,1.09249,1.10553
881.05000,-1.20073,1.10111,1.12135
881.10000,-1.19662,1.10980,1.13690
881.15000,-1.19264,1.11856,1.15215
881.20000,-1.18879,1.12738,1.16713
881.25000,-1.18508,1.13627,1.18185
881.30000,-1.18149,1.14521,1.19630
881.35000,-1.17802,1.15421,1.21048
881.40000,-1.17468,1.16326,1.22438
881.45000,-1.17136,1.17264,1.23708
881.50000,-1.16813,1.18218,1.24946
881.55000,-1.16494,1.19197,1.26247
881.60000,-1.16196,1.20155,1.27388
881.65000,-1.15907,1.21118,1.28488
881.70000,-1.15629,1.22087,1.29634
881.75000,-1.15362,1.23061,1.30698
881.80000,-1.15105,1.24037,1.31803
881.85000,-1.14858,1.25018,1.32855
881.90000,-1.14621,1.25999,1.33887
881.95000,-1.14394,1.26983,1.34855
882.00000,-1.14176,1.27970,1.35748
882.05000,-1.13966,1.28959,1.36603
882.10000,-1.13766,1.29945,1.37378
882.15000,-1.13573,1.30931,1.38067
882.20000,-1.13386,1.31917,1.38565
882.25000,-1.13203,1.32901,1.38686
882.30000,-1.13017,1.33872,1.38783
882.35000,-1.12971,1.34397,1.37996
882.40000,-1.12988,1.34655,1.35354
882.45000,-1.13027,1.34663,1.30509
882.50000,-1.13031,1.34647,1.25398
882.55000,-1.13029,1.34651,1.20411
882.60000,-1.13028,1.34655,1.15463
882.65000,-1.13026,1.34659,1.10569
882.70000,-1.13024,1.34662,1.05768
882.75000,-1.13022,1.34666,1.01074
882.80000,-1.13020,1.34669,0.96500
882.85000,-1.13018,1.34671,0.92069
882.90000,-1.13016,1.34674,0.87799
882.95000,-1.13014,1.34676,0.83709
883.00000,-1.13012,1.34678,0.79817
883.05000,-1.13010,1.34680,0.76129
883.10000,-1.13008,1.34682,0.72640
883.15000,-1.13006,1.34684,0.69326
883.20000,-1.13003,1.34686,0.66148
883.25000,-1.13000,1.34688,0.63074
883.30000,-1.12997,1.34691,0.60123
883.35000,-1.12994,1.34693,0.57314
883.40000,-1.12990,1.34695,0.54656
883.45000,-1.12987,1.34697,0.52164
883.50000,-1.12983,1.34699,0.49837
883.55000,-1.12980,1.34701,0.47671
883.60000,-1.12976,1.34702,0.45660
883.65000,-1.12811,1.34833,0.43762
883.70000,-1.12088,1.35207,0.42020
883.75000,-1.11217,1.35584,0.39936
883.80000,-1.10370,1.35939,0.37938
883.85000,-1.09625,1.36194,0.36024
883.90000,-1.09348,1.36187,0.33743
883.95000,-1.09301,1.36177,0.30197
884.00000,-1.09297,1.36178,0.26417
884.05000,-1.09293,1.36179,0.22679
884.10000,-1.09289,1.36180,0.18979
884.15000,-1.09285,1.36181,0.15290
884.20000,-1.09281,1.36181,0.11583
884.25000,-1.09277,1.36182,0.07829
884.30000,-1.09273,1.36182,0.04018
884.35000,-1.09269,1.36182,0.00139
884.40000,-1.09265,1.36182,-0.03832
884.45000,-1.09260,1.36182,-0.07876
884.50000,-1.09256,1.36181,-0.11951
884.55000,-1.09252,1.36181,-0.16016
884.60000,-1.09247,1.36180,-0.20028
884.65000,-1.09242,1.36179,-0.23946
884.70000,-1.09236,1.36177,-0.27765
884.75000,-1.09231,1.36176,-0.31510
884.80000,-1.09225,1.36174,-0.35204
884.85000,-1.09220,1.36172,-0.38847
884.90000,-1.09215,1.36169,-0.42439
884.95000,-1.09209,1.36167,-0.45978
885.00000,-1.09222,1.36172,-0.49544
885.05000,-1.09247,1.36179,-0.53113
885.10000,-1.09261,1.36181,-0.56590
885.15000,-1.09291,1.36193,-0.60042
885.20000,-1.09278,1.36180,-0.63345
885.25000,-1.09150,1.36066,-0.66679
885.30000,-1.08564,1.35585,-0.69633
885.35000,-1.07868,1.34985,-0.72759
885.40000,-1.07188,1.34360,-0.75816
885.45000,-1.06524,1.33713,-0.78742
885.50000,-1.05876,1.33044,-0.81481
885.55000,-1.05240,1.32353,-0.83873
885.60000,-1.04608,1.31637,-0.85495
885.65000,-1.03988,1.30923,-0.86920
885.70000,-1.03649,1.30532,-0.87298
885.75000,-1.03447,1.30293,-0.85503
885.80000,-1.03429,1.30271,-0.82051
885.85000,-1.03427,1.30269,-0.78531
885.90000,-1.03425,1.30267,-0.75054
885.95000,-1.03423,1.30265,-0.71688
886.00000,-1.03421,1.30263,-0.68455
886.05000,-1.03418,1.30261,-0.65280
886.10000,-1.03416,1.30259,-0.62067
886.15000,-1.03416,1.30259,-0.58816
886.20000,-1.03418,1.30260,-0.55526
886.25000,-1.03415,1.30257,-0.52190
886.30000,-1.03404,1.30250,-0.48786
886.35000,-1.03405,1.30250,-0.45394
886.40000,-1.03406,1.30251,-0.41966
886.45000,-1.03407,1.30252,-0.38528
886.50000,-1.03408,1.30253,-0.35124
886.55000,-1.03400,1.30249,-0.31756
886.60000,-1.03395,1.30246,-0.28423
886.65000,-1.03394,1.30247,-0.25103
886.70000,-1.03392,1.30248,-0.21779
886.75000,-1.03381,1.30246,-0.18439
886.80000,-1.03372,1.30245,-0.15109
886.85000,-1.03368,1.30245,-0.11807
886.90000,-1.03363,1.30244,-0.08533
886.95000,-1.03359,1.30244,-0.05326
887.00000,-1.03354,1.30243,-0.02160
887.05000,-1.03349,1.30243,0.00960
887.10000,-1.03344,1.30244,0.04020
887.15000,-1.03338,1.30244,0.07037
887.20000,-1.03332,1.30244,0.10002
887.25000,-1.03326,1.30245,0.12900
887.30000,-1.03320,1.30246,0.15737
887.35000,-1.03314,1.30247,0.18560
887.40000,-1.03308,1.30248,0.21369
887.45000,-1.03302,1.30250,0.24165
887.50000,-1.03296,1.30251,0.26941
887.55000,-1.03289,1.30253,0.29701
887.60000,-1.03283,1.30255,0.32441
887.65000,-1.03277,1.30257,0.35162
887.70000,-1.03270,1.30260,0.37860
887.75000,-1.03264,1.30263,0.40537
887.80000,-1.03208,1.30286,0.43376
887.85000,-1.03141,1.30316,0.46230
887.90000,-1.03074,1.30351,0.49060
887.95000,-1.03008,1.30386,0.51856
888.00000,-1.02944,1.30424,0.54619
888.05000,-1.02882,1.30462,0.57348
888.10000,-1.02821,1.30502,0.60020
888.15000,-1.02762,1.30543,0.62669
888.20000,-1.02705,1.30585,0.65268
888.25000,-1.02650,1.30628,0.67789
888.30000,-1.02598,1.30670,0.70245
888.35000,-1.02547,1.30714,0.72667
888.40000,-1.02497,1.30758,0.75032
888.45000,-1.02452,1.30800,0.77305
888.50000,-1.02250,1.31003,0.79436
888.55000,-1.01610,1.31669,0.81320
888.60000,-1.00894,1.32443,0.83472
888.65000,-1.00194,1.33231,0.85631
888.70000,-0.99512,1.34035,0.87798
888.75000,-0.98848,1.34854,0.89983
888.80000,-0.98201,1.35688,0.92186
888.85000,-0.97572,1.36536,0.94421
888.90000,-0.96962,1.37399,0.96693
888.95000,-0.96388,1.38252,0.98917
889.00000,-0.95848,1.39093,1.01046
889.05000,-0.95326,1.39946,1.03268
889.10000,-0.94813,1.40805,1.05494
889.15000,-0.94676,1.41227,1.07571
889.20000,-0.94668,1.41254,1.10933
889.25000,-0.94668,1.41256,1.14748
889.30000,-0.94667,1.41257,1.18331
889.35000,-0.94667,1.41258,1.21693
889.40000,-0.94666,1.41259,1.24868
889.45000,-0.94666,1.41261,1.27616
889.50000,-0.94578,1.41416,1.30199
889.55000,-0.94403,1.41960,1.32624
889.60000,-0.94200,1.42791,1.34124
889.65000,-0.93985,1.43714,1.35257
889.70000,-0.93927,1.44228,1.35891
889.75000,-0.93944,1.44367,1.34403
889.80000,-0.93949,1.44398,1.30798
889.85000,-0.93948,1.44399,1.27243
889.90000,-0.93948,1.44401,1.23921
889.95000,-0.93947,1.44402,1.20786
890.00000,-0.93947,1.44404,1.17763
890.05000,-0.93946,1.44405,1.14792
890.10000,-0.93945,1.44407,1.11829
890.15000,-0.93945,1.44408,1.08810
890.20000,-0.93944,1.44410,1.05713
890.25000,-0.93943,1.44411,1.02550
890.30000,-0.93942,1.44413,0.99342
890.35000,-0.93940,1.44415,0.96105
890.40000,-0.93939,1.44417,0.92864
890.45000,-0.93937,1.44419,0.89617
890.50000,-0.93935,1.44422,0.86369
890.55000,-0.93933,1.44424,0.83127
890.60000,-0.93931,1.44426,0.79901
890.65000,-0.93929,1.44428,0.76686
890.70000,-0.93955,1.44403,0.73371
890.75000,-0.93987,1.44373,0.70131
890.80000,-0.94023,1.44342,0.67027
890.85000,-0.94080,1.44298,0.63958
890.90000,-0.94135,1.44259,0.61002
890.95000,-0.94190,1.44222,0.58106
891.00000,-0.94242,1.44189,0.55189
891.05000,-0.94294,1.44159,0.52235
891.10000,-0.94354,1.44126,0.49233
891.15000,-0.94417,1.44094,0.46205
891.20000,-0.94480,1.44064,0.43163
891.25000,-0.94545,1.44035,0.40093
891.30000,-0.94612,1.44009,0.36986
891.35000,-0.94680,1.43984,0.33830
891.40000,-0.94750,1.43961,0.30640
891.45000,-0.94819,1.43941,0.27462
891.50000,-0.94880,1.43927,0.24332
891.55000,-0.94940,1.43914,0.21259
891.60000,-0.95003,1.43902,0.18236
891.65000,-0.95046,1.43901,0.15160
891.70000,-0.95081,1.43903,0.12049
891.75000,-0.95115,1.43906,0.08937
891.80000,-0.95157,1.43905,0.06002
891.85000,-0.95211,1.43903,0.03227
891.90000,-0.95268,1.43902,0.00549
891.95000,-0.95323,1.43903,-0.02041
892.00000,-0.95365,1.43903,-0.04544
892.05000,-0.95402,1.43904,-0.07025
892.10000,-0.95444,1.43905,-0.09477
892.15000,-0.95486,1.43908,-0.11888
892.20000,-0.95525,1.43911,-0.14282
892.25000,-0.95564,1.43917,-0.16656
892.30000,-0.95604,1.43924,-0.18989
892.35000,-0.95448,1.43857,-0.21344
892.40000,-0.94659,1.43663,-0.23468
892.45000,-0.93743,1.43434,-0.25660
892.50000,-0.92831,1.43184,-0.27864
892.55000,-0.91927,1.42914,-0.30106
892.60000,-0.91029,1.42624,-0.32416
892.65000,-0.90143,1.42314,-0.34808
892.70000,-0.89256,1.41992,-0.37206
892.75000,-0.88924,1.41952,-0.39603
892.80000,-0.88982,1.41977,-0.42421
892.85000,-0.89040,1.42003,-0.45237
892.90000,-0.89093,1.42029,-0.47833
892.95000,-0.88930,1.41905,-0.50409
893.00000,-0.88279,1.41504,-0.52766
893.05000,-0.87467,1.41019,-0.54956
893.10000,-0.86670,1.40518,-0.57260
893.15000,-0.85877,1.40008,-0.59553
893.20000,-0.85585,1.39888,-0.62034
893.25000,-0.85583,1.39887,-0.65578
893.30000,-0.85581,1.39886,-0.68863
893.35000,-0.85579,1.39884,-0.71585
893.40000,-0.85448,1.39756,-0.74228
893.45000,-0.84859,1.39197,-0.76661
893.50000,-0.84190,1.38537,-0.79067
893.55000,-0.83542,1.37865,-0.81726
893.60000,-0.82923,1.37204,-0.84379
893.65000,-0.82710,1.36958,-0.87590
893.70000,-0.82618,1.36843,-0.92464
893.75000,-0.82592,1.36807,-0.98922
893.80000,-0.82592,1.36806,-1.06098
893.85000,-0.82591,1.36804,-1.13623
893.90000,-0.82590,1.36803,-1.21466
893.95000,-0.82590,1.36801,-1.29608
894.00000,-0.82589,1.36800,-1.37989
894.05000,-0.82589,1.36799,-1.46623
894.10000,-0.82590,1.36796,-1.54398
894.15000,-0.82591,1.36790,-1.60005
894.20000,-0.82594,1.36778,-1.62386
894.25000,-0.82594,1.36769,-1.62732
894.30000,-0.82594,1.36764,-1.62949
894.35000,-0.82594,1.36759,-1.63209
894.40000,-0.82594,1.36752,-1.63507
894.45000,-0.82595,1.36744,-1.63853
894.50000,-0.82595,1.36737,-1.64255
894.55000,-0.82596,1.36728,-1.64745
894.60000,-0.82597,1.36716,-1.65317
894.65000,-0.82598,1.36703,-1.66029
894.70000,-0.82599,1.36692,-1.66784
894.75000,-0.82600,1.36682,-1.67489
894.80000,-0.82602,1.36669,-1.68067
894.85000,-0.82603,1.36657,-1.68541
894.90000,-0.82605,1.36642,-1.68877
894.95000,-0.82607,1.36625,-1.69087
895.00000,-0.82610,1.36605,-1.69202
895.05000,-0.82612,1.36581,-1.69216
895.10000,-0.82616,1.36554,-1.69149
895.15000,-0.82619,1.36526,-1.69029
895.20000,-0.82622,1.36498,-1.68866
895.25000,-0.82626,1.36467,-1.68662
895.30000,-0.82629,1.36437,-1.68414
895.35000,-0.82632,1.36410,-1.68141
895.40000,-0.82635,1.36380,-1.67828
895.45000,-0.82638,1.36347,-1.67469
895.50000,-0.82641,1.36321,-1.67062
895.55000,-0.82643,1.36298,-1.66594
895.60000,-0.82645,1.36274,-1.66076
895.65000,-0.82647,1.36248,-1.65513
895.70000,-0.82650,1.36221,-1.64912
895.75000,-0.82652,1.36192,-1.64272
895.80000,-0.82654,1.36162,-1.63596
895.85000,-0.82656,1.36129,-1.62883
895.90000,-0.82658,1.36096,-1.62144
895.95000,-0.82659,1.36063,-1.61381
896.00000,-0.82661,1.36031,-1.60595
896.05000,-0.82662,1.35999,-1.59788
896.10000,-0.82662,1.35967,-1.58960
896.15000,-0.82663,1.35936,-1.58114
896.20000,-0.82663,1.35905,-1.57249
896.25000,-0.82663,1.35874,-1.56367
896.30000,-0.82662,1.35843,-1.55468
896.35000,-0.82662,1.35812,-1.54554
896.40000,-0.82661,1.35778,-1.53624
896.45000,-0.82659,1.35741,-1.52678
896.50000,-0.82657,1.35700,-1.51717
896.55000,-0.82655,1.35655,-1.50742
896.60000,-0.82651,1.35605,-1.49753
896.65000,-0.82647,1.35551,-1.48751
896.70000,-0.82642,1.35492,-1.47735
896.75000,-0.82635,1.35426,-1.46705
896.80000,-0.82627,1.35355,-1.45663
896.85000,-0.82618,1.35276,-1.44605
896.90000,-0.82607,1.35192,-1.43535
896.95000,-0.82594,1.35104,-1.42452
897.00000,-0.82581,1.35014,-1.41358
897.05000,-0.82566,1.34923,-1.40252
897.10000,-0.82550,1.34833,-1.39134
897.15000,-0.82533,1.34743,-1.38007
897.20000,-0.82515,1.34653,-1.36871
897.25000,-0.82496,1.34563,-1.35728
897.30000,-0.82476,1.34474,-1.34578
897.35000,-0.82455,1.34384,-1.33424
897.40000,-0.82433,1.34295,-1.32264
897.45000,-0.82410,1.34206,-1.31101
897.50000,-0.82386,1.34117,-1.29935
897.55000,-0.82361,1.34029,-1.28766
897.60000,-0.82334,1.33940,-1.27597
897.65000,-0.82307,1.33852,-1.26430
897.70000,-0.82278,1.33762,-1.25268
897.75000,-0.82247,1.33671,-1.24118
897.80000,-0.82204,1.33543,-1.22965
897.85000,-0.82158,1.33414,-1.21831
897.90000,-0.82103,1.33265,-1.20729
897.95000,-0.82046,1.33112,-1.19635
898.00000,-0.81984,1.32953,-1.18547
898.05000,-0.81920,1.32795,-1.17475
898.10000,-0.81719,1.32373,-1.16462
898.15000,-0.81325,1.31484,-1.15479
898.20000,-0.80914,1.30567,-1.14411
898.25000,-0.80490,1.29644,-1.13428
898.30000,-0.80059,1.28728,-1.12423
898.35000,-0.79619,1.27817,-1.11427
898.40000,-0.79170,1.26912,-1.10412
898.45000,-0.78713,1.26013,-1.09396
898.50000,-0.78247,1.25122,-1.08419
898.55000,-0.77764,1.24220,-1.07455
898.60000,-0.77273,1.23323,-1.06495
898.65000,-0.76773,1.22430,-1.05541
898.70000,-0.76265,1.21543,-1.04597
898.75000,-0.75749,1.20660,-1.03668
898.80000,-0.75231,1.19793,-1.02731
898.85000,-0.74705,1.18928,-1.01821
898.90000,-0.74171,1.18070,-1.00908
898.95000,-0.73631,1.17220,-0.99967
899.00000,-0.73082,1.16374,-0.99024
899.05000,-0.72527,1.15534,-0.98066
899.10000,-0.71964,1.14701,-0.97091
899.15000,-0.71395,1.13877,-0.96137
899.20000,-0.70832,1.13079,-0.95134
899.25000,-0.70256,1.12279,-0.94071
899.30000,-0.69665,1.11478,-0.93006
899.35000,-0.69079,1.10701,-0.91856
899.40000,-0.68486,1.09934,-0.90656
899.45000,-0.67857,1.09141,-0.89422
899.50000,-0.67206,1.08340,-0.88139
899.55000,-0.66561,1.07568,-0.86851
899.60000,-0.65917,1.06816,-0.85513
899.65000,-0.65275,1.06088,-0.84069
899.70000,-0.64632,1.05369,-0.82594
899.75000,-0.64433,1.05116,-0.81076
899.80000,-0.64421,1.05101,-0.79062
899.85000,-0.64399,1.05078,-0.76959
899.90000,-0.64357,1.05036,-0.74729
899.95000,-0.64313,1.04994,-0.72537
900.00000,-0.64269,1.04954,-0.70434
900.05000,-0.64271,1.04956,-0.68507
900.10000,-0.64249,1.04939,-0.66702
900.15000,-0.64000,1.04738,-0.64959
900.20000,-0.63273,1.04192,-0.63548
900.25000,-0.62494,1.03626,-0.62083
900.30000,-0.61709,1.03074,-0.60441
900.35000,-0.60920,1.02529,-0.58782
900.40000,-0.60582,1.02381,-0.57169
900.45000,-0.60520,1.02342,-0.54358
900.50000,-0.60500,1.02330,-0.51567
900.55000,-0.60487,1.02320,-0.48864
900.60000,-0.60428,1.02291,-0.46083
900.65000,-0.60383,1.02269,-0.43570
900.70000,-0.60369,1.02264,-0.41291
900.75000,-0.60338,1.02252,-0.39153
900.80000,-0.60089,1.02125,-0.37068
900.85000,-0.59248,1.01800,-0.35325
900.90000,-0.58295,1.01461,-0.33397
900.95000,-0.57365,1.01134,-0.31601
901.00000,-0.56850,1.01065,-0.29947
901.05000,-0.56741,1.01074,-0.27200
901.10000,-0.56745,1.01101,-0.23893
901.15000,-0.56739,1.01095,-0.20514
901.20000,-0.56667,1.01081,-0.17208
901.25000,-0.56623,1.01075,-0.14188
901.30000,-0.56606,1.01075,-0.11309
901.35000,-0.56538,1.01071,-0.08547
901.40000,-0.56483,1.01068,-0.05922
901.45000,-0.56246,1.01053,-0.03338
901.50000,-0.55380,1.01033,-0.01069
901.55000,-0.54378,1.01034,0.01323
901.60000,-0.53380,1.01049,0.03711
901.65000,-0.52415,1.01061,0.06100
901.70000,-0.52018,1.01067,0.08682
901.75000,-0.51914,1.01074,0.12384
901.80000,-0.51815,1.01087,0.16222
901.85000,-0.51718,1.01104,0.19971
901.90000,-0.51625,1.01125,0.23604
901.95000,-0.51541,1.01145,0.27094
902.00000,-0.51461,1.01167,0.30456
902.05000,-0.51385,1.01191,0.33711
902.10000,-0.51311,1.01216,0.36833
902.15000,-0.51087,1.01346,0.39896
902.20000,-0.50314,1.01712,0.42454
902.25000,-0.49417,1.02128,0.44721
902.30000,-0.48521,1.02568,0.46648
902.35000,-0.47627,1.03025,0.48020
902.40000,-0.46729,1.03493,0.49336
902.45000,-0.46212,1.03677,0.50598
902.50000,-0.46136,1.03694,0.50662
902.55000,-0.46132,1.03697,0.49946
902.60000,-0.46134,1.03697,0.48930
902.65000,-0.46140,1.03694,0.47650
902.70000,-0.46146,1.03692,0.46187
902.75000,-0.46134,1.03698,0.44610
902.80000,-0.46122,1.03705,0.43032
902.85000,-0.46109,1.03712,0.41451
902.90000,-0.46097,1.03719,0.39866
902.95000,-0.46083,1.03727,0.38278
903.00000,-0.46070,1.03735,0.36688
903.05000,-0.46056,1.03744,0.35097
903.10000,-0.46041,1.03753,0.33503
903.15000,-0.46025,1.03763,0.31906
903.20000,-0.46009,1.03774,0.30306
903.25000,-0.45994,1.03783,0.28622
903.30000,-0.45981,1.03789,0.26284
903.35000,-0.45947,1.03803,0.23807
903.40000,-0.45929,1.03809,0.21415
903.45000,-0.45912,1.03814,0.19057
903.50000,-0.45893,1.03819,0.16704
903.55000,-0.45868,1.03824,0.14355
903.60000,-0.45838,1.03829,0.12046
903.65000,-0.45797,1.03835,0.09673
903.70000,-0.45757,1.03840,0.07375
903.75000,-0.45698,1.03844,0.04998
903.80000,-0.45643,1.03846,0.02694
903.85000,-0.45586,1.03847,0.00427
903.90000,-0.45530,1.03847,-0.01808
903.95000,-0.45462,1.03845,-0.04031
904.00000,-0.45396,1.03841,-0.06229
904.05000,-0.45328,1.03835,-0.08377
904.10000,-0.45257,1.03828,-0.10509
904.15000,-0.45181,1.03818,-0.12625
904.20000,-0.45104,1.03806,-0.14703
904.25000,-0.45025,1.03793,-0.16762
904.30000,-0.44945,1.03778,-0.18785
904.35000,-0.44866,1.03760,-0.20763
904.40000,-0.44784,1.03741,-0.22704
904.45000,-0.44703,1.03721,-0.24584
904.50000,-0.44623,1.03699,-0.26439
904.55000,-0.44544,1.03676,-0.28264
904.60000,-0.44466,1.03652,-0.30021
904.65000,-0.44389,1.03627,-0.31728
904.70000,-0.44314,1.03601,-0.33392
904.75000,-0.44242,1.03574,-0.35031
904.80000,-0.44173,1.03548,-0.36623
904.85000,-0.44107,1.03520,-0.38168
904.90000,-0.44044,1.03494,-0.39656
904.95000,-0.43750,1.03319,-0.41138
905.00000,-0.42918,1.02941,-0.42473
905.05000,-0.42040,1.02537,-0.43809
905.10000,-0.41165,1.02121,-0.45063
905.15000,-0.40294,1.01693,-0.46228
905.20000,-0.39424,1.01254,-0.47292
905.25000,-0.38557,1.00805,-0.48244
905.30000,-0.37693,1.00348,-0.49103
905.35000,-0.36830,0.99882,-0.49843
905.40000,-0.35966,0.99408,-0.50463
905.45000,-0.35101,0.98928,-0.50936
905.50000,-0.34236,0.98443,-0.51224
905.55000,-0.33366,0.97953,-0.51294
905.60000,-0.32490,0.97461,-0.51077
905.65000,-0.31624,0.96974,-0.50792
905.70000,-0.31185,0.96829,-0.50587
905.75000,-0.31052,0.96803,-0.49613
905.80000,-0.30971,0.96769,-0.47891
905.85000,-0.30917,0.96741,-0.45740
905.90000,-0.30855,0.96710,-0.43389
905.95000,-0.30790,0.96680,-0.40857
906.00000,-0.30720,0.96650,-0.38139
906.05000,-0.30643,0.96620,-0.35228
906.10000,-0.30565,0.96593,-0.32159
906.15000,-0.30479,0.96565,-0.28879
906.20000,-0.30397,0.96543,-0.25481
906.25000,-0.30376,0.96537,-0.22174
906.30000,-0.30365,0.96535,-0.18786
906.35000,-0.30354,0.96533,-0.15294
906.40000,-0.30342,0.96532,-0.11712
906.45000,-0.30331,0.96530,-0.08049
906.50000,-0.30319,0.96530,-0.04314
906.55000,-0.30306,0.96529,-0.00515
906.60000,-0.30294,0.96530,0.03339
906.65000,-0.30281,0.96530,0.07241
906.70000,-0.30268,0.96531,0.11184
906.75000,-0.30255,0.96533,0.15161
906.80000,-0.30241,0.96536,0.19166
906.85000,-0.30228,0.96538,0.23193
906.90000,-0.30214,0.96542,0.27237
906.95000,-0.30200,0.96546,0.31293
907.00000,-0.30187,0.96551,0.35355
907.05000,-0.30173,0.96556,0.39421
907.10000,-0.30159,0.96562,0.43485
907.15000,-0.30146,0.96569,0.47544
907.20000,-0.30132,0.96576,0.51594
907.25000,-0.30119,0.96584,0.55632
907.30000,-0.30106,0.96593,0.59655
907.35000,-0.30093,0.96602,0.63659
907.40000,-0.30080,0.96611,0.67643
907.45000,-0.30068,0.96622,0.71603
907.50000,-0.30056,0.96633,0.75537
907.55000,-0.30044,0.96644,0.79443
907.60000,-0.30033,0.96656,0.83318
907.65000,-0.30022,0.96669,0.87161
907.70000,-0.30011,0.96682,0.90971
907.75000,-0.30001,0.96695,0.94745
907.80000,-0.29992,0.96709,0.98482
907.85000,-0.29982,0.96724,1.02180
907.90000,-0.29974,0.96739,1.05837
907.95000,-0.29966,0.96753,1.09452
908.00000,-0.29952,0.96777,1.13097
908.05000,-0.29917,0.96858,1.16925
908.10000,-0.29901,0.96901,1.20551
908.15000,-0.29889,0.96933,1.24079
908.20000,-0.29859,0.97026,1.27782
908.25000,-0.29829,0.97133,1.31481
908.30000,-0.29804,0.97238,1.35117
908.35000,-0.29790,0.97302,1.38506
908.40000,-0.29782,0.97344,1.41734
908.45000,-0.29774,0.97386,1.44902
908.50000,-0.29729,0.97620,1.47928
908.55000,-0.29663,0.98391,1.50870
908.60000,-0.29617,0.99377,1.53981
908.65000,-0.29604,1.00298,1.57145
908.70000,-0.29618,1.01221,1.60222
908.75000,-0.29661,1.02145,1.63206
908.80000,-0.29732,1.03070,1.66096
908.85000,-0.29828,1.03996,1.68882
908.90000,-0.29957,1.04972,1.71576
908.95000,-0.30113,1.05945,1.74365
909.00000,-0.30286,1.06867,1.76822
909.05000,-0.30481,1.07787,1.79193
909.10000,-0.30698,1.08704,1.81514
909.15000,-0.30937,1.09617,1.83785
909.20000,-0.31196,1.10525,1.86005
909.25000,-0.31476,1.11428,1.88177
909.30000,-0.31775,1.12326,1.90301
909.35000,-0.32094,1.13219,1.92379
909.40000,-0.32431,1.14107,1.94413
909.45000,-0.32786,1.14988,1.96407
909.50000,-0.33160,1.15864,1.98313
909.55000,-0.33550,1.16736,2.00083
909.60000,-0.33965,1.17620,2.01691
909.65000,-0.34399,1.18506,2.03290
909.70000,-0.34502,1.18921,2.04847
909.75000,-0.34509,1.18941,2.05695
909.80000,-0.34512,1.18948,2.06354
909.85000,-0.34513,1.18950,2.06851
909.90000,-0.34514,1.18952,2.07277
909.95000,-0.34517,1.18958,2.07641
910.00000,-0.34516,1.18956,2.07946
910.05000,-0.34518,1.18961,2.08173
910.10000,-0.34521,1.18965,2.08333
910.15000,-0.34523,1.18969,2.08420
910.20000,-0.34525,1.18972,2.08432
910.25000,-0.34527,1.18975,2.08374
910.30000,-0.34528,1.18977,2.08246
910.35000,-0.34530,1.18980,2.08052
910.40000,-0.34531,1.18980,2.07773
910.45000,-0.34533,1.18983,2.07431
910.50000,-0.34536,1.18989,2.07012
910.55000,-0.34540,1.18995,2.06559
910.60000,-0.34543,1.19001,2.06054
910.65000,-0.34546,1.19004,2.05706
910.70000,-0.34547,1.19007,2.05831
910.75000,-0.34547,1.19007,2.06388
910.80000,-0.34657,1.19133,2.07075
910.85000,-0.35093,1.19829,2.07836
910.90000,-0.35571,1.20678,2.08831
910.95000,-0.36058,1.21523,2.09840
911.00000,-0.36552,1.22360,2.10989
911.05000,-0.37060,1.23193,2.12561
911.10000,-0.37532,1.23941,2.15100
911.15000,-0.37890,1.24468,2.19227
911.20000,-0.38155,1.24818,2.24998
911.25000,-0.38283,1.24969,2.31794
911.30000,-0.38306,1.24992,2.39017
911.35000,-0.38310,1.24996,2.46056
911.40000,-0.38316,1.25000,2.52738
911.45000,-0.38322,1.25004,2.59110
911.50000,-0.38328,1.25007,2.65197
911.55000,-0.38335,1.25011,2.70990
911.60000,-0.38343,1.25014,2.76492
911.65000,-0.38351,1.25017,2.81719
911.70000,-0.38359,1.25019,2.86703
911.75000,-0.38368,1.25021,2.91473
911.80000,-0.38377,1.25023,2.96046
911.85000,-0.38386,1.25025,3.00433
911.90000,-0.38396,1.25026,3.04647
911.95000,-0.38406,1.25027,3.08726
912.00000,-0.38417,1.25027,3.12723
912.05000,-0.38428,1.25027,-3.11639
912.10000,-0.38440,1.25027,-3.07733
912.15000,-0.38453,1.25026,-3.03856
912.20000,-0.38465,1.25024,-2.99983
912.25000,-0.38479,1.25022,-2.96114
912.30000,-0.38493,1.25019,-2.92275
912.35000,-0.38507,1.25016,-2.88490
912.40000,-0.38677,1.24939,-2.84739
912.45000,-0.39269,1.24714,-2.81112
912.50000,-0.40188,1.24381,-2.77668
912.55000,-0.41116,1.24009,-2.74327
912.60000,-0.42031,1.23607,-2.71179
912.65000,-0.42933,1.23177,-2.68211
912.70000,-0.43823,1.22721,-2.65412
912.75000,-0.44700,1.22242,-2.62782
912.80000,-0.45566,1.21739,-2.60322
912.85000,-0.46429,1.21212,-2.58015
912.90000,-0.47276,1.20669,-2.55947
912.95000,-0.48112,1.20120,-2.53938
913.00000,-0.48509,1.19950,-2.51982
913.05000,-0.48532,1.19936,-2.50888
913.10000,-0.48541,1.19930,-2.50010
913.15000,-0.48547,1.19925,-2.49200
913.20000,-0.48557,1.19918,-2.48453
913.25000,-0.48566,1.19910,-2.47756
913.30000,-0.48576,1.19903,-2.47116
913.35000,-0.48586,1.19895,-2.46467
913.40000,-0.48602,1.19883,-2.45772
913.45000,-0.48612,1.19875,-2.45076
913.50000,-0.48621,1.19867,-2.44357
913.55000,-0.48630,1.19859,-2.43597
913.60000,-0.48640,1.19851,-2.42787
913.65000,-0.48650,1.19842,-2.41923
913.70000,-0.48660,1.19833,-2.41008
913.75000,-0.48671,1.19823,-2.40054
913.80000,-0.48682,1.19813,-2.39095
913.85000,-0.48693,1.19803,-2.38165
913.90000,-0.48703,1.19793,-2.37289
913.95000,-0.48714,1.19782,-2.36474
914.00000,-0.48725,1.19772,-2.35721
914.05000,-0.48736,1.19761,-2.35029
914.10000,-0.48746,1.19750,-2.34403
914.15000,-0.48757,1.19739,-2.33832
914.20000,-0.48768,1.19728,-2.33308
914.25000,-0.48778,1.19717,-2.32823
914.30000,-0.48789,1.19705,-2.32366
914.35000,-0.48800,1.19693,-2.31929
914.40000,-0.48812,1.19681,-2.31504
914.45000,-0.48823,1.19669,-2.31085
914.50000,-0.48835,1.19656,-2.30669
914.55000,-0.48846,1.19643,-2.30254
914.60000,-0.48859,1.19629,-2.29843
914.65000,-0.48871,1.19615,-2.29439
914.70000,-0.48883,1.19601,-2.29065
914.75000,-0.48896,1.19587,-2.28731
914.80000,-0.48908,1.19573,-2.28438
914.85000,-0.48920,1.19559,-2.28186
914.90000,-0.48933,1.19544,-2.27976
914.95000,-0.48945,1.19530,-2.27811
915.00000,-0.48957,1.19516,-2.27692
915.05000,-0.48969,1.19502,-2.27625
915.10000,-0.48981,1.19487,-2.27617
915.15000,-0.48993,1.19473,-2.27662
915.20000,-0.49006,1.19458,-2.27754
915.25000,-0.49018,1.19444,-2.27887
915.30000,-0.49031,1.19429,-2.28052
915.35000,-0.49044,1.19414,-2.28245
915.40000,-0.49057,1.19399,-2.28461
915.45000,-0.49070,1.19384,-2.28698
915.50000,-0.49084,1.19368,-2.28958
915.55000,-0.49097,1.19353,-2.29246
915.60000,-0.49111,1.19337,-2.29565
915.65000,-0.49125,1.19322,-2.29913
915.70000,-0.49138,1.19306,-2.30290
915.75000,-0.49152,1.19291,-2.30697
915.80000,-0.49166,1.19276,-2.31135
915.85000,-0.49180,1.19261,-2.31610
915.90000,-0.49194,1.19246,-2.32126
915.95000,-0.49208,1.19231,-2.32679
916.00000,-0.49222,1.19216,-2.33265
916.05000,-0.49236,1.19201,-2.33873
916.10000,-0.49251,1.19186,-2.34497
916.15000,-0.49266,1.19170,-2.35125
916.20000,-0.49282,1.19155,-2.35749
916.25000,-0.49297,1.19139,-2.36359
916.30000,-0.49314,1.19123,-2.36948
916.35000,-0.49331,1.19107,-2.37508
916.40000,-0.49349,1.19090,-2.38035
916.45000,-0.49367,1.19072,-2.38522
916.50000,-0.49387,1.19054,-2.38966
916.55000,-0.49407,1.19035,-2.39364
916.60000,-0.49429,1.19015,-2.39713
916.65000,-0.49452,1.18994,-2.40012
916.70000,-0.49578,1.18872,-2.40302
916.75000,-0.49965,1.18489,-2.40573
916.80000,-0.50605,1.17875,-2.40810
916.85000,-0.51347,1.17207,-2.40995
916.90000,-0.52090,1.16542,-2.41237
916.95000,-0.52837,1.15877,-2.41575
917.00000,-0.53588,1.15210,-2.41916
917.05000,-0.54197,1.14685,-2.42223
917.10000,-0.54276,1.14632,-2.42820
917.15000,-0.54295,1.14616,-2.43729
917.20000,-0.54313,1.14600,-2.44662
917.25000,-0.54332,1.14585,-2.45578
917.30000,-0.54352,1.14569,-2.46455
917.35000,-0.54372,1.14552,-2.47286
917.40000,-0.54394,1.14535,-2.48056
917.45000,-0.54417,1.14518,-2.48763
917.50000,-0.54431,1.14509,-2.49466
917.55000,-0.54622,1.14322,-2.50196
917.60000,-0.55338,1.13763,-2.50784
917.65000,-0.56144,1.13175,-2.51374
917.70000,-0.56947,1.12597,-2.52066
917.75000,-0.57724,1.12043,-2.52704
917.80000,-0.58125,1.11838,-2.53299
917.85000,-0.58156,1.11820,-2.54347
917.90000,-0.58176,1.11807,-2.55511
917.95000,-0.58189,1.11798,-2.56697
918.00000,-0.58200,1.11792,-2.57883
918.05000,-0.58217,1.11782,-2.59050
918.10000,-0.58256,1.11757,-2.60221
918.15000,-0.58281,1.11743,-2.61260
918.20000,-0.58302,1.11730,-2.62244
918.25000,-0.58452,1.11592,-2.63114
918.30000,-0.59200,1.11134,-2.63910
918.35000,-0.60066,1.10661,-2.64721
918.40000,-0.60940,1.10194,-2.65596
918.45000,-0.61827,1.09730,-2.66494
918.50000,-0.62702,1.09282,-2.67507
918.55000,-0.63568,1.08854,-2.68519
918.60000,-0.63849,1.08766,-2.69675
918.65000,-0.63874,1.08754,-2.70999
918.70000,-0.63898,1.08742,-2.72319
918.75000,-0.63924,1.08729,-2.73640
918.80000,-0.63949,1.08716,-2.74962
918.85000,-0.63975,1.08703,-2.76285
918.90000,-0.64001,1.08689,-2.77609
918.95000,-0.64028,1.08675,-2.78935
919.00000,-0.64055,1.08661,-2.80261
919.05000,-0.64082,1.08646,-2.81588
919.10000,-0.64110,1.08631,-2.82917
919.15000,-0.64289,1.08513,-2.84145
919.20000,-0.65103,1.08240,-2.85295
919.25000,-0.66043,1.07965,-2.86483
919.30000,-0.66985,1.07702,-2.87743
919.35000,-0.67930,1.07452,-2.89052
919.40000,-0.68874,1.07215,-2.90469
919.45000,-0.69806,1.06991,-2.91877
919.50000,-0.70156,1.06962,-2.93067
919.55000,-0.70191,1.06954,-2.94767
919.60000,-0.70211,1.06948,-2.96515
919.65000,-0.70233,1.06942,-2.98252
919.70000,-0.70270,1.06931,-3.00000
919.75000,-0.70306,1.06923,-3.01714
919.80000,-0.70321,1.06921,-3.03309
919.85000,-0.70327,1.06920,-3.04924
919.90000,-0.70349,1.06918,-3.06483
919.95000,-0.70537,1.06891,-3.08026
920.00000,-0.71323,1.06841,-3.09597
920.05000,-0.72300,1.06804,-3.11142
920.10000,-0.73296,1.06782,-3.12676
920.15000,-0.74271,1.06775,3.13933
920.20000,-0.75208,1.06779,3.12193
920.25000,-0.75719,1.06780,3.10439
920.30000,-0.75755,1.06781,3.08617
920.35000,-0.75776,1.06782,3.06758
920.40000,-0.75796,1.06784,3.04950
920.45000,-0.75817,1.06786,3.03178
920.50000,-0.75838,1.06788,3.01429
920.55000,-0.75982,1.06839,2.99669
920.60000,-0.76740,1.06976,2.97909
920.65000,-0.77713,1.07145,2.96150
920.70000,-0.78676,1.07331,2.94286
920.75000,-0.79643,1.07528,2.92436
920.80000,-0.80020,1.07553,2.90519
920.85000,-0.80029,1.07555,2.88390
920.90000,-0.80047,1.07560,2.86293
920.95000,-0.80066,1.07566,2.84243
921.00000,-0.80084,1.07572,2.82240
921.05000,-0.80103,1.07578,2.80288
921.10000,-0.80341,1.07703,2.78363
921.15000,-0.81172,1.08027,2.76627
921.20000,-0.82080,1.08395,2.74746
921.25000,-0.82982,1.08781,2.72821
921.30000,-0.83872,1.09183,2.70818
921.35000,-0.84748,1.09601,2.68723
921.40000,-0.85640,1.10049,2.66662
921.45000,-0.86513,1.10505,2.64664
921.50000,-0.86803,1.10606,2.62353
921.55000,-0.86816,1.10614,2.60154
921.60000,-0.86832,1.10623,2.57963
921.65000,-0.86848,1.10634,2.55801
921.70000,-0.87067,1.10805,2.53683
921.75000,-0.87788,1.11319,2.51769
921.80000,-0.88594,1.11911,2.49652
921.85000,-0.89386,1.12521,2.47491
921.90000,-0.90165,1.13148,2.45290
921.95000,-0.90930,1.13792,2.43059
922.00000,-0.91680,1.14453,2.40804
922.05000,-0.92416,1.15131,2.38531
922.10000,-0.93119,1.15810,2.36160
922.15000,-0.93816,1.16517,2.33844
922.20000,-0.94503,1.17245,2.31554
922.25000,-0.95140,1.17954,2.29080
922.30000,-0.95750,1.18669,2.26541
922.35000,-0.96343,1.19400,2.24017
922.40000,-0.96916,1.20145,2.21507
922.45000,-0.97469,1.20903,2.19013
922.50000,-0.98004,1.21674,2.16538
922.55000,-0.98518,1.22459,2.14086
922.60000,-0.99015,1.23257,2.11659
922.65000,-0.99492,1.24067,2.09259
922.70000,-0.99950,1.24889,2.06890
922.75000,-1.00388,1.25722,2.04553
922.80000,-1.00808,1.26565,2.02250
922.85000,-1.01209,1.27419,1.99982
922.90000,-1.01591,1.28283,1.97753
922.95000,-1.01954,1.29155,1.95562
923.00000,-1.02299,1.30037,1.93411
923.05000,-1.02624,1.30926,1.91302
923.10000,-1.02933,1.31823,1.89232
923.15000,-1.03224,1.32726,1.87195
923.20000,-1.03497,1.33637,1.85218
923.25000,-1.03752,1.34554,1.83290
923.30000,-1.03990,1.35476,1.81410
923.35000,-1.04212,1.36405,1.79578
923.40000,-1.04417,1.37338,1.77797
923.45000,-1.04605,1.38276,1.76068
923.50000,-1.04778,1.39218,1.74390
923.55000,-1.04936,1.40164,1.72766
923.60000,-1.05078,1.41114,1.71195
923.65000,-1.05206,1.42068,1.69677
923.70000,-1.05320,1.43024,1.68214
923.75000,-1.05421,1.43984,1.66805
923.80000,-1.05508,1.44946,1.65453
923.85000,-1.05583,1.45911,1.64157
923.90000,-1.05645,1.46877,1.62918
923.95000,-1.05696,1.47846,1.61738
924.00000,-1.05736,1.48819,1.60612
924.05000,-1.05766,1.49795,1.59537
924.10000,-1.05785,1.50770,1.58531
924.15000,-1.05794,1.51748,1.57592
924.20000,-1.05795,1.52726,1.56707
924.25000,-1.05788,1.53706,1.55900
924.30000,-1.05773,1.54693,1.55187
924.35000,-1.05752,1.55663,1.54543
924.40000,-1.05752,1.56174,1.53800
924.45000,-1.05751,1.56221,1.53383
924.50000,-1.05750,1.56236,1.53193
924.55000,-1.05749,1.56253,1.53100
924.60000,-1.05749,1.56269,1.53113
924.65000,-1.05748,1.56286,1.53228
924.70000,-1.05747,1.56303,1.53437
924.75000,-1.05747,1.56320,1.53734
924.80000,-1.05746,1.56337,1.54112
924.85000,-1.05746,1.56354,1.54562
924.90000,-1.05745,1.56371,1.55078
924.95000,-1.05745,1.56388,1.55651
925.00000,-1.05745,1.56405,1.56274
925.05000,-1.05745,1.56422,1.56937
925.10000,-1.05745,1.56439,1.57635
925.15000,-1.05745,1.56456,1.58357
925.20000,-1.05745,1.56473,1.59096
925.25000,-1.05746,1.56489,1.59845
925.30000,-1.05746,1.56506,1.60596
925.35000,-1.05747,1.56523,1.61341
925.40000,-1.05748,1.56539,1.62073
925.45000,-1.05749,1.56555,1.62787
925.50000,-1.05749,1.56571,1.63480
925.55000,-1.05751,1.56587,1.64151
925.60000,-1.05752,1.56603,1.64800
925.65000,-1.05753,1.56619,1.65425
925.70000,-1.05754,1.56634,1.66027
925.75000,-1.05756,1.56649,1.66606
925.80000,-1.05757,1.56665,1.67160
925.85000,-1.05759,1.56680,1.67690
925.90000,-1.05760,1.56695,1.68196
925.95000,-1.05762,1.56710,1.68678
926.00000,-1.05764,1.56724,1.69137
926.05000,-1.05766,1.56739,1.69572
926.10000,-1.05814,1.56861,1.70042
926.15000,-1.05942,1.57523,1.70491
926.20000,-1.06076,1.58338,1.70933
926.25000,-1.06214,1.59260,1.71377
926.30000,-1.06359,1.60254,1.71734
926.35000,-1.06507,1.61249,1.72104
926.40000,-1.06659,1.62240,1.72549
926.45000,-1.06816,1.63230,1.73036
926.50000,-1.06978,1.64225,1.73528
926.55000,-1.07144,1.65211,1.74083
926.60000,-1.07315,1.66200,1.74629
926.65000,-1.07492,1.67183,1.75128
926.70000,-1.07674,1.68165,1.75652
926.75000,-1.07858,1.69147,1.76177
926.80000,-1.07900,1.69708,1.76739
926.85000,-1.07970,1.69928,1.77031
926.90000,-1.08164,1.70652,1.77458
926.95000,-1.08369,1.71632,1.78057
927.00000,-1.08580,1.72608,1.78598
927.05000,-1.08796,1.73583,1.79133
927.10000,-1.09017,1.74556,1.79662
927.15000,-1.09244,1.75529,1.80191
927.20000,-1.09475,1.76500,1.80721
927.25000,-1.09712,1.77471,1.81256
927.30000,-1.09954,1.78439,1.81800
927.35000,-1.10201,1.79407,1.82358
927.40000,-1.10454,1.80373,1.82934
927.45000,-1.10712,1.81338,1.83534
927.50000,-1.10978,1.82304,1.84197
927.55000,-1.11250,1.83271,1.84917
927.60000,-1.11526,1.84226,1.85669
927.65000,-1.11812,1.85186,1.86448
927.70000,-1.12106,1.86141,1.87235
927.75000,-1.12408,1.87100,1.88114
927.80000,-1.12705,1.88045,1.88994
927.85000,-1.12926,1.88913,1.89943
927.90000,-1.12931,1.89363,1.91016
927.95000,-1.12942,1.89406,1.92213
928.00000,-1.12951,1.89434,1.93532
928.05000,-1.12957,1.89450,1.94831
928.10000,-1.12965,1.89470,1.96201
928.15000,-1.12970,1.89483,1.97565
928.20000,-1.12976,1.89496,1.98949
928.25000,-1.12981,1.89508,2.00341
928.30000,-1.12987,1.89520,2.01722
928.35000,-1.12993,1.89532,2.03091
928.40000,-1.13010,1.89565,2.04542
928.45000,-1.13034,1.89610,2.06048
928.50000,-1.13051,1.89645,2.07503
928.55000,-1.13069,1.89680,2.08960
928.60000,-1.13084,1.89707,2.10371
928.65000,-1.13104,1.89744,2.11808
928.70000,-1.13125,1.89780,2.13227
928.75000,-1.13149,1.89819,2.14722
928.80000,-1.13166,1.89847,2.16249
928.85000,-1.13191,1.89885,2.17802
928.90000,-1.13214,1.89918,2.19356
928.95000,-1.13383,1.90102,2.20950
929.00000,-1.13901,1.90733,2.22484
929.05000,-1.14493,1.91494,2.23910
929.10000,-1.15102,1.92255,2.25294
929.15000,-1.15740,1.93029,2.26679
929.20000,-1.16391,1.93798,2.27966
929.25000,-1.17056,1.94565,2.29145
929.30000,-1.17730,1.95325,2.30254
929.35000,-1.18414,1.96078,2.31347
929.40000,-1.19108,1.96827,2.32405
929.45000,-1.19806,1.97564,2.33466
929.50000,-1.20512,1.98295,2.34481
929.55000,-1.21229,1.99022,2.35459
929.60000,-1.21952,1.99742,2.36301
929.65000,-1.22679,2.00455,2.37016
929.70000,-1.23409,2.01160,2.37605
929.75000,-1.24139,2.01859,2.38055
929.80000,-1.24871,2.02555,2.38379
929.85000,-1.25603,2.03245,2.38617
929.90000,-1.26336,2.03934,2.38788
929.95000,-1.27068,2.04621,2.38930
930.00000,-1.27801,2.05305,2.39045
930.05000,-1.28534,2.05989,2.39125
930.10000,-1.29266,2.06672,2.39192
930.15000,-1.29999,2.07353,2.39244
930.20000,-1.30731,2.08034,2.39257
930.25000,-1.31463,2.08715,2.39231
930.30000,-1.32195,2.09396,2.39178
930.35000,-1.32927,2.10078,2.39093
930.40000,-1.33658,2.10761,2.38976
930.45000,-1.34388,2.11444,2.38827
930.50000,-1.35114,2.12127,2.38650
930.55000,-1.35837,2.12810,2.38421
930.60000,-1.36557,2.13495,2.38145
930.65000,-1.37274,2.14181,2.37830
930.70000,-1.37988,2.14869,2.37478
930.75000,-1.38641,2.15492,2.38367
930.80000,-1.39275,2.16089,2.40860
930.85000,-1.39830,2.16580,2.43660
930.90000,-1.40296,2.16973,2.46147
930.95000,-1.40690,2.17278,2.50285
931.00000,-1.41204,2.17641,2.55009
931.05000,-1.41821,2.18033,2.60110
931.10000,-1.42523,2.18429,2.65464
931.15000,-1.43291,2.18808,2.71001
931.20000,-1.44118,2.19161,2.76639
931.25000,-1.44913,2.19453,2.80367
931.30000,-1.45469,2.19632,2.83035
931.35000,-1.45840,2.19743,2.84919
931.40000,-1.46115,2.19818,2.86240
931.45000,-1.46315,2.19868,2.87359
931.50000,-1.46379,2.19880,2.86762
931.55000,-1.46385,2.19883,2.86468
931.60000,-1.46420,2.19907,2.87851
931.65000,-1.46627,2.19967,2.90552
931.70000,-1.46981,2.20056,2.92536
931.75000,-1.47189,2.20100,2.94306
931.80000,-1.47335,2.20114,2.96088
931.85000,-1.47402,2.20104,2.96165
931.90000,-1.47396,2.20104,2.95668
931.95000,-1.47387,2.20102,2.95028
932.00000,-1.47374,2.20100,2.94297
932.05000,-1.47366,2.20099,2.93476
932.10000,-1.47351,2.20096,2.92553
932.15000,-1.47331,2.20092,2.91504
932.20000,-1.47309,2.20087,2.90320
932.25000,-1.47295,2.20085,2.89063
932.30000,-1.47283,2.20082,2.87713
932.35000,-1.47290,2.20091,2.87565
932.40000,-1.47334,2.20124,2.88995
932.45000,-1.47554,2.20182,2.90229
932.50000,-1.47729,2.20175,2.89627
932.55000,-1.47776,2.20193,2.89458
932.60000,-1.47803,2.20191,2.89818
932.65000,-1.47778,2.20152,2.88154
932.70000,-1.47782,2.20154,2.85531
932.75000,-1.47791,2.20161,2.83839
932.80000,-1.47827,2.20200,2.83699
932.85000,-1.47943,2.20253,2.83914
932.90000,-1.48099,2.20303,2.83723
932.95000,-1.48291,2.20394,2.85305
933.00000,-1.48569,2.20505,2.88158
933.05000,-1.49044,2.20646,2.91856
933.10000,-1.49619,2.20758,2.94490
933.15000,-1.50090,2.20779,2.94426
933.20000,-1.50421,2.20809,2.91401
933.25000,-1.50522,2.20834,2.86841
933.30000,-1.50532,2.20837,2.81776
933.35000,-1.50545,2.20846,2.77789
933.40000,-1.50593,2.20896,2.75950
933.45000,-1.50699,2.21010,2.76622
933.50000,-1.50918,2.21169,2.79248
933.55000,-1.51420,2.21358,2.83124
933.60000,-1.52087,2.21555,2.87635
933.65000,-1.52858,2.21744,2.92520
933.70000,-1.53711,2.21909,2.97647
933.75000,-1.54623,2.22036,3.02950
933.80000,-1.55525,2.22107,3.07180
933.85000,-1.56339,2.22107,3.08961
933.90000,-1.57086,2.22079,3.09049
933.95000,-1.57777,2.22045,3.07454
934.00000,-1.58214,2.22051,3.04307
934.05000,-1.58516,2.22066,3.01539
934.10000,-1.58637,2.22073,2.97235
934.15000,-1.58725,2.22090,2.91444
934.20000,-1.58801,2.22110,2.86248
934.25000,-1.58918,2.22178,2.83450
934.30000,-1.59085,2.22303,2.83523
934.35000,-1.59315,2.22473,2.85538
934.40000,-1.59784,2.22650,2.88936
934.45000,-1.60465,2.22810,2.93168
934.50000,-1.61261,2.22960,2.97811
934.55000,-1.62063,2.23058,3.01496
934.60000,-1.62760,2.23053,3.02685
934.65000,-1.63403,2.23000,3.02174
934.70000,-1.63990,2.22963,2.99079
934.75000,-1.64469,2.22957,2.94291
934.80000,-1.64725,2.22985,2.88495
934.85000,-1.64853,2.23022,2.82138
934.90000,-1.64980,2.23067,2.76811
934.95000,-1.65154,2.23168,2.74490
935.00000,-1.65360,2.23307,2.74962
935.05000,-1.65746,2.23484,2.77790
935.10000,-1.66269,2.23671,2.81538
935.15000,-1.66934,2.23888,2.85829
935.20000,-1.67752,2.24110,2.90377
935.25000,-1.68631,2.24301,2.95243
935.30000,-1.69567,2.24455,3.00296
935.35000,-1.70469,2.24559,3.04296
935.40000,-1.71317,2.24603,3.05744
935.45000,-1.72102,2.24588,3.05023
935.50000,-1.72584,2.24610,3.03244
935.55000,-1.73040,2.24645,3.03804
935.60000,-1.73325,2.24663,3.04891
935.65000,-1.73516,2.24649,3.04150
935.70000,-1.73651,2.24657,3.02705
935.75000,-1.73723,2.24666,3.01559
935.80000,-1.73751,2.24668,2.98460
935.85000,-1.73793,2.24676,2.93253
935.90000,-1.73933,2.24710,2.87132
935.95000,-1.74166,2.24783,2.80600
936.00000,-1.74401,2.24866,2.75049
936.05000,-1.74669,2.24986,2.71985
936.10000,-1.74967,2.25146,2.71873
936.15000,-1.75327,2.25338,2.74114
936.20000,-1.75902,2.25577,2.77631
936.25000,-1.76559,2.25814,2.81883
936.30000,-1.77367,2.26067,2.86392
936.35000,-1.78251,2.26296,2.91170
936.40000,-1.79115,2.26478,2.94733
936.45000,-1.79924,2.26595,2.95541
936.50000,-1.80634,2.26658,2.93860
936.55000,-1.81165,2.26719,2.89788
936.60000,-1.81583,2.26812,2.84271
936.65000,-1.81907,2.26923,2.77745
936.70000,-1.82226,2.27044,2.72230
936.75000,-1.82578,2.27204,2.69336
936.80000,-1.82977,2.27420,2.69576
936.85000,-1.83380,2.27645,2.71563
936.90000,-1.83800,2.27863,2.74742
936.95000,-1.84382,2.28100,2.78873
937.00000,-1.85131,2.28357,2.83582
937.05000,-1.85962,2.28603,2.86850
937.10000,-1.86722,2.28769,2.87309
937.15000,-1.87418,2.28887,2.85356
937.20000,-1.88034,2.29013,2.81575
937.25000,-1.88505,2.29171,2.76271
937.30000,-1.88775,2.29288,2.69873
937.35000,-1.89011,2.29399,2.64501
937.40000,-1.89261,2.29530,2.61239
937.45000,-1.89565,2.29724,2.60750
937.50000,-1.89892,2.29945,2.61958
937.55000,-1.90320,2.30196,2.64382
937.60000,-1.90882,2.30502,2.67967
937.65000,-1.91576,2.30831,2.72596
937.70000,-1.92355,2.31152,2.77557
937.75000,-1.93099,2.31414,2.83186
937.80000,-1.93884,2.31640,2.89022
937.85000,-1.94715,2.31827,2.94953
937.90000,-1.95585,2.31970,3.00924
937.95000,-1.96480,2.32061,3.06935
938.00000,-1.97395,2.32100,3.12964
938.05000,-1.98293,2.32096,-3.10158
938.10000,-1.99191,2.32079,-3.06415
938.15000,-2.00050,2.32054,-3.03829
938.20000,-2.00518,2.32017,-3.00703
938.25000,-2.00855,2.31967,-2.95837
938.30000,-2.01073,2.31921,-2.89488
938.35000,-2.01196,2.31885,-2.82033
938.40000,-2.01296,2.31847,-2.73967
938.45000,-2.01437,2.31780,-2.65700
938.50000,-2.01608,2.31681,-2.57324
938.55000,-2.01776,2.31563,-2.48979
938.60000,-2.01935,2.31431,-2.40704
938.65000,-2.02082,2.31286,-2.32501
938.70000,-2.02218,2.31129,-2.24372
938.75000,-2.02340,2.30963,-2.16317
938.80000,-2.02448,2.30789,-2.08337
938.85000,-2.02539,2.30611,-2.00429
938.90000,-2.02613,2.30432,-1.92593
938.95000,-2.02672,2.30253,-1.84833
939.00000,-2.02716,2.30073,-1.77155
939.05000,-2.02746,2.29891,-1.69564
939.10000,-2.02762,2.29707,-1.62064
939.15000,-2.02764,2.29525,-1.54656
939.20000,-2.02753,2.29344,-1.47340
939.25000,-2.02729,2.29166,-1.40119
939.30000,-2.02693,2.28993,-1.32990
939.35000,-2.02646,2.28828,-1.25950
939.40000,-2.02590,2.28672,-1.18998
939.45000,-2.02527,2.28528,-1.12133
939.50000,-2.02456,2.28393,-1.05358
939.55000,-2.02379,2.28267,-0.98677
939.60000,-2.02296,2.28150,-0.92094
939.65000,-2.02207,2.28041,-0.85610
939.70000,-2.02113,2.27939,-0.79229
939.75000,-2.02014,2.27845,-0.72951
939.80000,-2.01911,2.27758,-0.66777
939.85000,-2.01804,2.27679,-0.60705
939.90000,-2.01694,2.27607,-0.54736
939.95000,-2.01584,2.27544,-0.48866
940.00000,-2.01475,2.27491,-0.43089
940.05000,-2.01369,2.27445,-0.37405
940.10000,-2.01265,2.27408,-0.31817
940.15000,-2.01161,2.27377,-0.26332
940.20000,-2.01058,2.27352,-0.20951
940.25000,-2.00955,2.27333,-0.15677
940.30000,-2.00653,2.27276,-0.10587
940.35000,-1.99875,2.27207,-0.06157
940.40000,-1.99050,2.27170,-0.02819
940.45000,-1.98214,2.27152,-0.01294
940.50000,-1.97226,2.27142,-0.00739
940.55000,-1.96220,2.27137,-0.00376
940.60000,-1.95213,2.27134,-0.00090
940.65000,-1.94213,2.27134,0.00121
940.70000,-1.93213,2.27136,0.00222
940.75000,-1.92206,2.27140,0.01076
940.80000,-1.91480,2.27154,0.02480
940.85000,-1.90544,2.27180,0.02671
940.90000,-1.89545,2.27206,0.02541
940.95000,-1.88551,2.27230,0.02328
941.00000,-1.87557,2.27252,0.02037
941.05000,-1.86566,2.27271,0.01688
941.10000,-1.85577,2.27285,0.01266
941.15000,-1.84589,2.27296,0.00757
941.20000,-1.83603,2.27300,0.00199
941.25000,-1.82613,2.27299,-0.00406
941.30000,-1.81619,2.27292,-0.01040
941.35000,-1.80626,2.27278,-0.01726
941.40000,-1.79630,2.27257,-0.02471
941.45000,-1.78750,2.27238,-0.03222
941.50000,-1.78225,2.27233,-0.04857
941.55000,-1.77948,2.27221,-0.07614
941.60000,-1.77820,2.27209,-0.11076
941.65000,-1.77687,2.27192,-0.14612
941.70000,-1.77363,2.27119,-0.18117
941.75000,-1.76572,2.26957,-0.21419
941.80000,-1.75603,2.26729,-0.24786
941.85000,-1.74638,2.26467,-0.28233
941.90000,-1.73683,2.26172,-0.31691
941.95000,-1.72738,2.25844,-0.35192
942.00000,-1.71805,2.25483,-0.38715
942.05000,-1.70886,2.25089,-0.42260
942.10000,-1.69982,2.24662,-0.45824
942.15000,-1.69139,2.24227,-0.49616
942.20000,-1.68324,2.23762,-0.53470
942.25000,-1.67523,2.23265,-0.57321
942.30000,-1.66711,2.22719,-0.61032
942.35000,-1.65903,2.22131,-0.64654
942.40000,-1.65116,2.21514,-0.68286
942.45000,-1.64351,2.20869,-0.71924
942.50000,-1.63611,2.20197,-0.75569
942.55000,-1.62896,2.19498,-0.79201
942.60000,-1.62207,2.18774,-0.82865
942.65000,-1.61662,2.18154,-0.86516
942.70000,-1.61302,2.17715,-0.90196
942.75000,-1.60951,2.17254,-0.93868
942.80000,-1.60614,2.16775,-0.97534
942.85000,-1.60293,2.16282,-1.01190
942.90000,-1.59988,2.15775,-1.04835
942.95000,-1.59703,2.15257,-1.08467
943.00000,-1.59437,2.14732,-1.12086
943.05000,-1.59193,2.14202,-1.15691
943.10000,-1.58971,2.13670,-1.19279
943.15000,-1.58771,2.13139,-1.22851
943.20000,-1.58593,2.12612,-1.26405
943.25000,-1.58438,2.12092,-1.29939
943.30000,-1.58306,2.11580,-1.33453
943.35000,-1.58194,2.11079,-1.36945
943.40000,-1.58104,2.10591,-1.40414
943.45000,-1.58032,2.10117,-1.43858
943.50000,-1.57979,2.09657,-1.47276
943.55000,-1.57943,2.09214,-1.50667
943.60000,-1.57923,2.08785,-1.54029
943.65000,-1.57917,2.08374,-1.57362
943.70000,-1.57925,2.07978,-1.60664
943.75000,-1.57944,2.07599,-1.63934
943.80000,-1.57975,2.07236,-1.67171
943.85000,-1.58008,2.06951,-1.70603
943.90000,-1.58047,2.06699,-1.74032
943.95000,-1.58087,2.06491,-1.77508
944.00000,-1.58130,2.06302,-1.80919
944.05000,-1.58174,2.06138,-1.84307
944.10000,-1.58219,2.05991,-1.87655
944.15000,-1.58265,2.05857,-1.90906
944.20000,-1.58307,2.05745,-1.94142
944.25000,-1.58346,2.05648,-1.97331
944.30000,-1.58385,2.05563,-2.00466
944.35000,-1.58423,2.05487,-2.03569
944.40000,-1.58456,2.05425,-2.06639
944.45000,-1.58484,2.05376,-2.09662
944.50000,-1.58507,2.05336,-2.12640
944.55000,-1.58527,2.05305,-2.15568
944.60000,-1.58548,2.05274,-2.18464
944.65000,-1.58568,2.05246,-2.21343
944.70000,-1.58581,2.05230,-2.24095
944.75000,-1.58781,2.05010,-2.26757
944.80000,-1.59333,2.04369,-2.29212
944.85000,-1.59959,2.03676,-2.31826
944.90000,-1.60604,2.02997,-2.34384
944.95000,-1.61268,2.02335,-2.36873
945.00000,-1.61950,2.01686,-2.39297
945.05000,-1.62647,2.01053,-2.41633
945.10000,-1.63361,2.00435,-2.43870
945.15000,-1.64091,1.99829,-2.45950
945.20000,-1.64839,1.99232,-2.47711
945.25000,-1.65593,1.98641,-2.49436
945.30000,-1.66021,1.98319,-2.49920
945.35000,-1.66379,1.98049,-2.47673
945.40000,-1.66585,1.97884,-2.43117
945.45000,-1.66594,1.97876,-2.38194
945.50000,-1.66602,1.97867,-2.33239
945.55000,-1.66611,1.97858,-2.28260
945.60000,-1.66621,1.97846,-2.23264
945.65000,-1.66630,1.97834,-2.18257
945.70000,-1.66638,1.97821,-2.13241
945.75000,-1.66647,1.97806,-2.08222
945.80000,-1.66655,1.97791,-2.03203
945.85000,-1.66663,1.97775,-1.98188
945.90000,-1.66670,1.97758,-1.93180
945.95000,-1.66676,1.97740,-1.88182
946.00000,-1.66681,1.97721,-1.83196
946.05000,-1.66686,1.97702,-1.78226
946.10000,-1.66690,1.97682,-1.73273
946.15000,-1.66692,1.97662,-1.68334
946.20000,-1.66694,1.97642,-1.63413
946.25000,-1.66695,1.97622,-1.58515
946.30000,-1.66695,1.97601,-1.53645
946.35000,-1.66694,1.97580,-1.48809
946.40000,-1.66691,1.97558,-1.44008
946.45000,-1.66688,1.97537,-1.39241
946.50000,-1.66684,1.97516,-1.34502
946.55000,-1.66678,1.97495,-1.29791
946.60000,-1.66672,1.97474,-1.25108
946.65000,-1.66665,1.97453,-1.20452
946.70000,-1.66656,1.97433,-1.15827
946.75000,-1.66647,1.97414,-1.11235
946.80000,-1.66637,1.97395,-1.06680
946.85000,-1.66626,1.97376,-1.02161
946.90000,-1.66615,1.97358,-0.97681
946.95000,-1.66602,1.97340,-0.93241
947.00000,-1.66589,1.97323,-0.88841
947.05000,-1.66576,1.97307,-0.84473
947.10000,-1.66561,1.97292,-0.80137
947.15000,-1.66547,1.97277,-0.75836
947.20000,-1.66531,1.97264,-0.71571
947.25000,-1.66516,1.97250,-0.67344
947.30000,-1.66499,1.97238,-0.63152
947.35000,-1.66483,1.97226,-0.58999
947.40000,-1.66466,1.97216,-0.54885
947.45000,-1.66448,1.97205,-0.50811
947.50000,-1.66431,1.97196,-0.46778
947.55000,-1.66413,1.97187,-0.42784
947.60000,-1.66394,1.97179,-0.38830
947.65000,-1.66376,1.97172,-0.34914
947.70000,-1.66357,1.97166,-0.31039
947.75000,-1.66338,1.97160,-0.27206
947.80000,-1.66319,1.97155,-0.23415
947.85000,-1.66301,1.97151,-0.19665
947.90000,-1.66282,1.97148,-0.15943
947.95000,-1.66263,1.97145,-0.12221
948.00000,-1.66245,1.97143,-0.08491
948.05000,-1.66228,1.97142,-0.04755
948.10000,-1.66211,1.97142,-0.01018
948.15000,-1.66194,1.97142,0.02720
948.20000,-1.66178,1.97143,0.06455
948.25000,-1.66162,1.97144,0.10184
948.30000,-1.66146,1.97146,0.13904
948.35000,-1.66131,1.97148,0.17604
948.40000,-1.66116,1.97151,0.21276
948.45000,-1.66101,1.97155,0.24917
948.50000,-1.66086,1.97159,0.28528
948.55000,-1.66072,1.97163,0.32104
948.60000,-1.66058,1.97168,0.35645
948.65000,-1.65850,1.97284,0.39133
948.70000,-1.65081,1.97617,0.42201
948.75000,-1.64194,1.98030,0.45637
948.80000,-1.63324,1.98477,0.49170
948.85000,-1.62445,1.98960,0.52696
948.90000,-1.61597,1.99467,0.56192
948.95000,-1.60791,1.99991,0.59792
949.00000,-1.60052,2.00515,0.63552
949.05000,-1.59333,2.01067,0.67289
949.10000,-1.58634,2.01645,0.70997
949.15000,-1.57957,2.02249,0.74687
949.20000,-1.57302,2.02879,0.78360
949.25000,-1.56670,2.03532,0.82011
949.30000,-1.56062,2.04208,0.85633
949.35000,-1.55478,2.04906,0.89214
949.40000,-1.54918,2.05626,0.92753
949.45000,-1.54384,2.06365,0.96250
949.50000,-1.53875,2.07124,0.99708
949.55000,-1.53392,2.07900,1.03129
949.60000,-1.52935,2.08693,1.06514
949.65000,-1.52504,2.09502,1.09865
949.70000,-1.52101,2.10326,1.13182
949.75000,-1.51725,2.11163,1.16465
949.80000,-1.51375,2.12013,1.19716
949.85000,-1.51054,2.12874,1.22949
949.90000,-1.50776,2.13713,1.24842
949.95000,-1.50527,2.14528,1.24719
950.00000,-1.50293,2.15294,1.22536
950.05000,-1.50000,2.16066,1.19010
950.10000,-1.49649,2.16895,1.15108
950.15000,-1.49266,2.17710,1.11158
950.20000,-1.48850,2.18511,1.07238
950.25000,-1.48404,2.19294,1.03304
950.30000,-1.47927,2.20060,0.99382
950.35000,-1.47420,2.20806,0.95474
950.40000,-1.46884,2.21532,0.91581
950.45000,-1.46320,2.22237,0.87688
950.50000,-1.45730,2.22920,0.83793
950.55000,-1.45112,2.23579,0.79924
950.60000,-1.44470,2.24215,0.76079
950.65000,-1.43803,2.24826,0.72260
950.70000,-1.43113,2.25412,0.68474
950.75000,-1.42401,2.25971,0.64694
950.80000,-1.41668,2.26503,0.60923
950.85000,-1.40915,2.27008,0.57189
950.90000,-1.40143,2.27485,0.53490
950.95000,-1.39353,2.27933,0.49825
951.00000,-1.38547,2.28353,0.46151
951.05000,-1.37726,2.28742,0.42515
951.10000,-1.36890,2.29103,0.38920
951.15000,-1.36042,2.29435,0.36832
951.20000,-1.35188,2.29765,0.37193
951.25000,-1.34329,2.30102,0.39322
951.30000,-1.33748,2.30353,0.43613
951.35000,-1.33335,2.30558,0.49417
951.40000,-1.33078,2.30682,0.55049
951.45000,-1.32855,2.30779,0.58269
951.50000,-1.32675,2.30869,0.58780
951.55000,-1.32411,2.31045,0.58130
951.60000,-1.31927,2.31359,0.56102
951.65000,-1.31210,2.31793,0.52766
951.70000,-1.30418,2.32235,0.49033
951.75000,-1.29610,2.32648,0.45364
951.80000,-1.28804,2.33025,0.43224
951.85000,-1.28001,2.33390,0.43598
951.90000,-1.27371,2.33685,0.46512
951.95000,-1.27015,2.33869,0.51845
952.00000,-1.26632,2.34104,0.57685
952.05000,-1.26226,2.34367,0.62663
952.10000,-1.25819,2.34637,0.65642
952.15000,-1.25447,2.34882,0.65063
952.20000,-1.25151,2.35091,0.61566
952.25000,-1.24743,2.35366,0.57113
952.30000,-1.24205,2.35693,0.52187
952.35000,-1.23621,2.36024,0.48202
952.40000,-1.22996,2.36359,0.47107
952.45000,-1.22335,2.36716,0.48164
952.50000,-1.21811,2.36988,0.51742
952.55000,-1.21483,2.37180,0.57278
952.60000,-1.21104,2.37441,0.63191
952.65000,-1.20706,2.37733,0.68246
952.70000,-1.20307,2.38030,0.71418
952.75000,-1.19946,2.38301,0.70952
952.80000,-1.19605,2.38568,0.68209
952.85000,-1.19285,2.38824,0.65587
952.90000,-1.19089,2.38972,0.63948
952.95000,-1.18859,2.39138,0.60476
953.00000,-1.18534,2.39355,0.58050
953.05000,-1.18236,2.39544,0.58815
953.10000,-1.18069,2.39658,0.62385
953.15000,-1.17864,2.39815,0.67326
953.20000,-1.17599,2.40028,0.71664
953.25000,-1.17333,2.40249,0.73730
953.30000,-1.17165,2.40397,0.73903
953.35000,-1.17052,2.40494,0.75570
953.40000,-1.16955,2.40574,0.78264
953.45000,-1.16829,2.40696,0.81606
953.50000,-1.16680,2.40849,0.83268
953.55000,-1.16508,2.41032,0.82731
953.60000,-1.16321,2.41233,0.80625
953.65000,-1.16001,2.41552,0.76425
953.70000,-1.15568,2.41947,0.71419
953.75000,-1.15053,2.42369,0.65990
953.80000,-1.14487,2.42783,0.60178
953.85000,-1.13899,2.43180,0.55461
953.90000,-1.13296,2.43564,0.54126
953.95000,-1.12783,2.43871,0.55790
954.00000,-1.12462,2.44079,0.59922
954.05000,-1.12148,2.44306,0.65252
954.10000,-1.11763,2.44619,0.71028
954.15000,-1.11337,2.45009,0.77107
954.20000,-1.10911,2.45425,0.82319
954.25000,-1.10464,2.45870,0.84534
954.30000,-1.10037,2.46316,0.83596
954.35000,-1.09819,2.46554,0.82072
954.40000,-1.09643,2.46744,0.81761
954.45000,-1.09446,2.46958,0.80489
954.50000,-1.09201,2.47207,0.76601
954.55000,-1.08833,2.47544,0.71793
954.60000,-1.08383,2.47916,0.66421
954.65000,-1.07895,2.48294,0.62282
954.70000,-1.07392,2.48663,0.61457
954.75000,-1.06974,2.48963,0.63504
954.80000,-1.06647,2.49213,0.67608
954.85000,-1.06301,2.49506,0.72741
954.90000,-1.05891,2.49892,0.78302
954.95000,-1.05471,2.50337,0.84269
955.00000,-1.05089,2.50793,0.90718
955.05000,-1.04731,2.51258,0.96064
955.10000,-1.04390,2.51716,0.98010
955.15000,-1.04192,2.52029,0.98298
955.20000,-1.04029,2.52298,0.99772
955.25000,-1.03882,2.52549,1.02157
955.30000,-1.03729,2.52801,1.05963
955.35000,-1.03563,2.53096,1.11708
955.40000,-1.03385,2.53492,1.18045
955.45000,-1.03220,2.53936,1.24745
955.50000,-1.03076,2.54423,1.31678
955.55000,-1.02973,2.54905,1.37488
955.60000,-1.02969,2.55297,1.40073
955.65000,-1.03012,2.55628,1.40069
955.70000,-1.02967,2.55956,1.37502
955.75000,-1.02853,2.56469,1.33531
955.80000,-1.02694,2.57064,1.28799
955.85000,-1.02481,2.57733,1.23619
955.90000,-1.02229,2.58400,1.17960
955.95000,-1.01920,2.59085,1.12092
956.00000,-1.01514,2.59870,1.06430
956.05000,-1.01057,2.60638,1.00609
956.10000,-1.00592,2.61374,0.95538
956.15000,-1.00195,2.62019,0.91550
956.20000,-0.99952,2.62360,0.88489
956.25000,-0.99663,2.62733,0.87443
956.30000,-0.99324,2.63149,0.88186
956.35000,-0.99000,2.63554,0.91757
956.40000,-0.98714,2.63948,0.96701
956.45000,-0.98423,2.64397,1.02320
956.50000,-0.98164,2.64853,1.08585
956.55000,-0.97927,2.65341,1.15212
956.60000,-0.97722,2.65850,1.22119
956.65000,-0.97552,2.66371,1.29245
956.70000,-0.97420,2.66888,1.35437
956.75000,-0.97327,2.67374,1.38902
956.80000,-0.97331,2.67754,1.39337
956.85000,-0.97276,2.68121,1.37182
956.90000,-0.97154,2.68666,1.33369
956.95000,-0.96978,2.69328,1.28919
957.00000,-0.96747,2.70058,1.24006
957.05000,-0.96454,2.70845,1.18821
957.10000,-0.96108,2.71644,1.13663
957.15000,-0.95755,2.72358,1.08444
957.20000,-0.95417,2.72959,1.02751
957.25000,-0.95075,2.73491,0.97152
957.30000,-0.94715,2.74015,0.92519
957.35000,-0.94325,2.74564,0.89709
957.40000,-0.93861,2.75174,0.90127
957.45000,-0.93503,2.75643,0.93314
957.50000,-0.93094,2.76218,0.97292
957.55000,-0.92679,2.76858,1.01938
957.60000,-0.92344,2.77435,1.07560
957.65000,-0.92132,2.77848,1.11338
957.70000,-0.91988,2.78170,1.11602
957.75000,-0.91885,2.78409,1.08972
957.80000,-0.91777,2.78603,1.04366
957.85000,-0.91629,2.78857,1.00412
957.90000,-0.91446,2.79139,0.98672
957.95000,-0.91218,2.79460,0.99178
958.00000,-0.90970,2.79809,1.01914
958.05000,-0.90776,2.80142,1.06849
958.10000,-0.90582,2.80520,1.12611
958.15000,-0.90402,2.80931,1.18970
958.20000,-0.90247,2.81359,1.25796
958.25000,-0.90127,2.81783,1.33023
958.30000,-0.90029,2.82257,1.40331
958.35000,-0.89964,2.82751,1.47762
958.40000,-0.89935,2.83268,1.55242
958.45000,-0.89945,2.83775,1.62847
958.50000,-0.89995,2.84289,1.70480
958.55000,-0.90082,2.84789,1.78189
958.60000,-0.90211,2.85297,1.85866
958.65000,-0.90379,2.85794,1.93564
958.70000,-0.90585,2.86276,2.01277
958.75000,-0.90821,2.86728,2.09055
958.80000,-0.91088,2.87154,2.16868
958.85000,-0.91384,2.87554,2.24707
958.90000,-0.91701,2.87918,2.32606
958.95000,-0.92046,2.88257,2.40504
959.00000,-0.92417,2.88567,2.48407
959.05000,-0.92812,2.88848,2.56306
959.10000,-0.93226,2.89095,2.64221
959.15000,-0.93655,2.89308,2.72144
959.20000,-0.94105,2.89488,2.80049
959.25000,-0.94574,2.89634,2.87931
959.30000,-0.95030,2.89737,2.95898
959.35000,-0.95487,2.89802,3.03891
959.40000,-0.95946,2.89831,3.11892
959.45000,-0.96411,2.89823,-3.08446
959.50000,-0.96880,2.89777,-3.00486
959.55000,-0.97361,2.89692,-2.92592
959.60000,-0.97847,2.89565,-2.84748
959.65000,-0.98331,2.89398,-2.76947
959.70000,-0.98814,2.89187,-2.69201
959.75000,-0.99291,2.88934,-2.61502
959.80000,-0.99755,2.88640,-2.53844
959.85000,-1.00208,2.88302,-2.46246
959.90000,-1.00637,2.87928,-2.38668
959.95000,-1.01040,2.87519,-2.31105
960.00000,-1.01410,2.87082,-2.23543
960.05000,-1.01695,2.86697,-2.18689
960.10000,-1.01879,2.86432,-2.16592
960.15000,-1.02032,2.86203,-2.14864
960.20000,-1.02177,2.85978,-2.13298
960.25000,-1.02312,2.85760,-2.11903
960.30000,-1.02443,2.85544,-2.10632
960.35000,-1.02567,2.85331,-2.09501
960.40000,-1.02687,2.85123,-2.08507
960.45000,-1.02800,2.84921,-2.07656
960.50000,-1.02911,2.84722,-2.06929
960.55000,-1.03017,2.84527,-2.06330
960.60000,-1.03119,2.84338,-2.05863
960.65000,-1.03218,2.84153,-2.05517
960.70000,-1.03313,2.83973,-2.05292
960.75000,-1.03404,2.83799,-2.05191
960.80000,-1.03494,2.83629,-2.05213
960.85000,-1.03580,2.83464,-2.05355
960.90000,-1.03665,2.83303,-2.05600
960.95000,-1.03747,2.83147,-2.05945
961.00000,-1.03829,2.82995,-2.06417
961.05000,-1.03908,2.82849,-2.06982
961.10000,-1.03986,2.82707,-2.07654
961.15000,-1.04062,2.82571,-2.08426
961.20000,-1.04137,2.82439,-2.09295
961.25000,-1.04211,2.82312,-2.10260
961.30000,-1.04284,2.82190,-2.11318
961.35000,-1.04355,2.82072,-2.12467
961.40000,-1.04426,2.81960,-2.13705
961.45000,-1.04496,2.81852,-2.15028
961.50000,-1.04564,2.81748,-2.16433
961.55000,-1.04632,2.81649,-2.17919
961.60000,-1.04700,2.81554,-2.19480
961.65000,-1.04766,2.81463,-2.21115
961.70000,-1.04832,2.81376,-2.22821
961.75000,-1.04897,2.81293,-2.24596
961.80000,-1.04962,2.81215,-2.26423
961.85000,-1.05025,2.81140,-2.28313
961.90000,-1.05088,2.81069,-2.30261
961.95000,-1.05150,2.81002,-2.32268
962.00000,-1.05211,2.80939,-2.34334
962.05000,-1.05272,2.80878,-2.36455
962.10000,-1.05331,2.80822,-2.38630
962.15000,-1.05390,2.80768,-2.40854
962.20000,-1.05447,2.80718,-2.43130
962.25000,-1.05504,2.80670,-2.45450
962.30000,-1.05592,2.80595,-2.46356
962.35000,-1.05757,2.80457,-2.44501
962.40000,-1.06063,2.80193,-2.41221
962.45000,-1.06394,2.79896,-2.39153
962.50000,-1.06589,2.79720,-2.40310
962.55000,-1.06637,2.79677,-2.42533
962.60000,-1.06680,2.79640,-2.44839
962.65000,-1.06716,2.79611,-2.47177
962.70000,-1.06783,2.79555,-2.48168
962.75000,-1.06944,2.79425,-2.46214
962.80000,-1.07281,2.79145,-2.42935
962.85000,-1.07641,2.78834,-2.40297
962.90000,-1.07930,2.78583,-2.40638
962.95000,-1.07972,2.78549,-2.42974
963.00000,-1.07968,2.78553,-2.45623
963.05000,-1.07958,2.78561,-2.48310
963.10000,-1.07944,2.78574,-2.51037
963.15000,-1.07952,2.78568,-2.52192
963.20000,-1.07997,2.78533,-2.51266
963.25000,-1.08309,2.78299,-2.48412
963.30000,-1.08780,2.77924,-2.44670
963.35000,-1.09275,2.77516,-2.41410
963.40000,-1.09706,2.77155,-2.41085
963.45000,-1.09897,2.76994,-2.43046
963.50000,-1.09869,2.77021,-2.46372
963.55000,-1.09818,2.77061,-2.49934
963.60000,-1.09762,2.77103,-2.53539
963.65000,-1.09731,2.77125,-2.55283
963.70000,-1.09749,2.77110,-2.54692
963.75000,-1.10030,2.76913,-2.52266
963.80000,-1.10535,2.76540,-2.48668
963.85000,-1.11031,2.76161,-2.46272
963.90000,-1.11426,2.75859,-2.46982
963.95000,-1.11491,2.75813,-2.50005
964.00000,-1.11432,2.75855,-2.53769
964.05000,-1.11371,2.75895,-2.57451
964.10000,-1.11367,2.75886,-2.60047
964.15000,-1.11418,2.75829,-2.60131
964.20000,-1.11624,2.75693,-2.58126
964.25000,-1.12106,2.75371,-2.54741
964.30000,-1.12750,2.74916,-2.50593
964.35000,-1.13385,2.74451,-2.47371
964.40000,-1.13945,2.74031,-2.46918
964.45000,-1.14239,2.73812,-2.48493
964.50000,-1.14255,2.73803,-2.51492
964.55000,-1.14203,2.73839,-2.54899
964.60000,-1.14147,2.73876,-2.58313
964.65000,-1.14091,2.73909,-2.61623
964.70000,-1.14074,2.73906,-2.63764
964.75000,-1.14109,2.73862,-2.63510
964.80000,-1.14348,2.73713,-2.61486
964.85000,-1.14908,2.73374,-2.58113
964.90000,-1.15601,2.72920,-2.54026
964.95000,-1.16205,2.72498,-2.51557
965.00000,-1.16671,2.72167,-2.51799
965.05000,-1.16807,2.72084,-2.54070
965.10000,-1.16757,2.72117,-2.57235
965.15000,-1.16699,2.72152,-2.60454
965.20000,-1.16641,2.72185,-2.63641
965.25000,-1.16590,2.72211,-2.66753
965.30000,-1.16586,2.72192,-2.68550
965.35000,-1.16609,2.72152,-2.68492
965.40000,-1.16776,2.72056,-2.67062
965.45000,-1.17313,2.71771,-2.63936
965.50000,-1.17983,2.71389,-2.60074
965.55000,-1.18583,2.71015,-2.57743
965.60000,-1.19059,2.70717,-2.57953
965.65000,-1.19225,2.70632,-2.60025
965.70000,-1.19177,2.70659,-2.63018
965.75000,-1.19126,2.70686,-2.66028
965.80000,-1.19068,2.70715,-2.69030
965.85000,-1.19064,2.70706,-2.70415
965.90000,-1.19113,2.70667,-2.70007
965.95000,-1.19467,2.70489,-2.67923
966.00000,-1.20062,2.70181,-2.64627
966.05000,-1.20654,2.69865,-2.62726
966.10000,-1.21004,2.69681,-2.63628
966.15000,-1.21011,2.69680,-2.66301
966.20000,-1.20958,2.69705,-2.69268
966.25000,-1.20906,2.69728,-2.72214
966.30000,-1.20908,2.69724,-2.73633
966.35000,-1.20983,2.69682,-2.73096
966.40000,-1.21386,2.69496,-2.70872
966.45000,-1.21970,2.69214,-2.67636
966.50000,-1.22560,2.68915,-2.64774
966.55000,-1.23112,2.68637,-2.64126
966.60000,-1.23308,2.68545,-2.65863
966.65000,-1.23256,2.68571,-2.68739
966.70000,-1.23207,2.68593,-2.71552
966.75000,-1.23156,2.68615,-2.74281
966.80000,-1.23112,2.68634,-2.76887
966.85000,-1.23109,2.68625,-2.78004
966.90000,-1.23220,2.68571,-2.77368
966.95000,-1.23668,2.68388,-2.75139
967.00000,-1.24331,2.68102,-2.71857
967.05000,-1.25053,2.67786,-2.69427
967.10000,-1.25564,2.67560,-2.69192
967.15000,-1.25690,2.67510,-2.70828
967.20000,-1.25650,2.67529,-2.73218
967.25000,-1.25609,2.67546,-2.75621
967.30000,-1.25567,2.67563,-2.78030
967.35000,-1.25524,2.67578,-2.80443
967.40000,-1.25528,2.67567,-2.81392
967.45000,-1.25748,2.67480,-2.80311
967.50000,-1.26274,2.67288,-2.77896
967.55000,-1.26995,2.67000,-2.74583
967.60000,-1.27751,2.66689,-2.71763
967.65000,-1.28465,2.66391,-2.70510
967.70000,-1.28929,2.66193,-2.70825
967.75000,-1.28996,2.66169,-2.72973
967.80000,-1.28946,2.66189,-2.75684
967.85000,-1.28893,2.66210,-2.78424
967.90000,-1.28842,2.66229,-2.81156
967.95000,-1.28792,2.66245,-2.83864
968.00000,-1.28746,2.66259,-2.86470
968.05000,-1.28753,2.66255,-2.87506
968.10000,-1.28971,2.66188,-2.86630
968.15000,-1.29539,2.66019,-2.84263
968.20000,-1.30279,2.65779,-2.81114
968.25000,-1.31064,2.65516,-2.78643
968.30000,-1.31784,2.65287,-2.77623
968.35000,-1.32340,2.65103,-2.77704
968.40000,-1.32861,2.64929,-2.78054
968.45000,-1.33309,2.64774,-2.78825
968.50000,-1.33599,2.64677,-2.80368
968.55000,-1.33605,2.64680,-2.83186
968.60000,-1.33539,2.64701,-2.86350
968.65000,-1.33478,2.64717,-2.89461
968.70000,-1.33418,2.64731,-2.92436
968.75000,-1.33402,2.64728,-2.93821
968.80000,-1.33626,2.64666,-2.93202
968.85000,-1.34210,2.64534,-2.91090
968.90000,-1.34976,2.64342,-2.88185
968.95000,-1.35791,2.64131,-2.85567
969.00000,-1.36555,2.63953,-2.84564
969.05000,-1.37231,2.63801,-2.84336
969.10000,-1.37813,2.63676,-2.84835
969.15000,-1.38294,2.63575,-2.85930
969.20000,-1.38680,2.63498,-2.87614
969.25000,-1.38968,2.63444,-2.89869
969.30000,-1.39154,2.63413,-2.92668
969.35000,-1.39217,2.63407,-2.95930
969.40000,-1.39139,2.63420,-2.99643
969.45000,-1.39063,2.63430,-3.03192
969.50000,-1.39033,2.63426,-3.05318
969.55000,-1.39140,2.63385,-3.05540
969.60000,-1.39538,2.63323,-3.04506
969.65000,-1.40243,2.63235,-3.02208
969.70000,-1.41148,2.63112,-2.99075
969.75000,-1.42102,2.62976,-2.96125
969.80000,-1.43020,2.62872,-2.94867
969.85000,-1.43882,2.62806,-2.95295
969.90000,-1.44682,2.62763,-2.96522
969.95000,-1.45458,2.62736,-2.98458
970.00000,-1.46190,2.62722,-3.01178
970.05000,-1.46762,2.62713,-3.05050
970.10000,-1.47127,2.62706,-3.10006
970.15000,-1.47274,2.62703,3.12369
970.20000,-1.47304,2.62706,3.06746
970.25000,-1.47361,2.62739,3.02850
970.30000,-1.47489,2.62820,3.01770
970.35000,-1.47868,2.62915,3.02757
970.40000,-1.48643,2.62999,3.05221
970.45000,-1.49560,2.63068,3.08368
970.50000,-1.50552,2.63109,3.11767
970.55000,-1.51463,2.63114,-3.12874
970.60000,-1.52369,2.63097,-3.09788
970.65000,-1.53245,2.63081,-3.08776
970.70000,-1.53839,2.63063,-3.08681
970.75000,-1.54150,2.63046,-3.09258
970.80000,-1.54342,2.63039,-3.12455
970.85000,-1.54435,2.63040,3.10740
970.90000,-1.54556,2.63046,3.05765
970.95000,-1.54696,2.63072,3.02213
971.00000,-1.54869,2.63136,3.01098
971.05000,-1.55166,2.63224,3.01731
971.10000,-1.55673,2.63334,3.03501
971.15000,-1.56303,2.63440,3.06059
971.20000,-1.57104,2.63509,3.09457
971.25000,-1.58035,2.63534,3.13430
971.30000,-1.58907,2.63522,-3.10363
971.35000,-1.59726,2.63470,-3.05129
971.40000,-1.60659,2.63359,-3.00189
971.45000,-1.61558,2.63210,-2.94987
971.50000,-1.62478,2.63005,-2.89619
971.55000,-1.63420,2.62742,-2.84191
971.60000,-1.64367,2.62421,-2.78742
971.65000,-1.65295,2.62049,-2.73332
971.70000,-1.66201,2.61627,-2.67953
971.75000,-1.67084,2.61158,-2.62625
971.80000,-1.67763,2.60773,-2.57054
971.85000,-1.68099,2.60544,-2.50664
971.90000,-1.68274,2.60406,-2.43532
971.95000,-1.68406,2.60285,-2.36238
972.00000,-1.68531,2.60152,-2.28987
972.05000,-1.68647,2.60009,-2.21785
972.10000,-1.68753,2.59858,-2.14633
972.15000,-1.68849,2.59698,-2.07532
972.20000,-1.68934,2.59530,-2.00486
972.25000,-1.69008,2.59356,-1.93497
972.30000,-1.69069,2.59177,-1.86566
972.35000,-1.69118,2.58993,-1.79697
972.40000,-1.69154,2.58805,-1.72892
972.45000,-1.69178,2.58615,-1.66153
972.50000,-1.69189,2.58424,-1.59482
972.55000,-1.69187,2.58232,-1.52879
972.60000,-1.69173,2.58041,-1.46346
972.65000,-1.69146,2.57852,-1.39885
972.70000,-1.69108,2.57666,-1.33497
972.75000,-1.69058,2.57483,-1.27182
972.80000,-1.68997,2.57306,-1.20943
972.85000,-1.68926,2.57134,-1.14780
972.90000,-1.68846,2.56968,-1.08695
972.95000,-1.68756,2.56810,-1.02687
973.00000,-1.68658,2.56659,-0.96759
973.05000,-1.68554,2.56516,-0.90910
973.10000,-1.68442,2.56381,-0.85142
973.15000,-1.68325,2.56254,-0.79455
973.20000,-1.68203,2.56137,-0.73850
973.25000,-1.68076,2.56028,-0.68326
973.30000,-1.67946,2.55928,-0.62886
973.35000,-1.67814,2.55837,-0.57529
973.40000,-1.67679,2.55754,-0.52255
973.45000,-1.67543,2.55680,-0.47065
973.50000,-1.67405,2.55615,-0.41959
973.55000,-1.67268,2.55557,-0.36937
973.60000,-1.67130,2.55508,-0.32000
973.65000,-1.66993,2.55466,-0.27148
973.70000,-1.66857,2.55432,-0.22380
973.75000,-1.66722,2.55404,-0.17698
973.80000,-1.66588,2.55384,-0.13100
973.85000,-1.66224,2.55334,-0.08680
973.90000,-1.65427,2.55277,-0.04672
973.95000,-1.64574,2.55256,-0.00183
974.00000,-1.63696,2.55276,0.04618
974.05000,-1.62818,2.55337,0.09378
974.10000,-1.61942,2.55441,0.14099
974.15000,-1.61072,2.55585,0.18806
974.20000,-1.60210,2.55771,0.23536
974.25000,-1.59354,2.55975,0.27586
974.30000,-1.58525,2.56192,0.29330
974.35000,-1.57573,2.56480,0.29276
974.40000,-1.56617,2.56767,0.29137
974.45000,-1.55663,2.57052,0.28903
974.50000,-1.54708,2.57335,0.28601
974.55000,-1.53756,2.57613,0.28215
974.60000,-1.52803,2.57888,0.27742
974.65000,-1.51850,2.58157,0.27207
974.70000,-1.50895,2.58420,0.26586
974.75000,-1.49937,2.58677,0.26434
974.80000,-1.48959,2.58947,0.27698
974.85000,-1.48112,2.59185,0.31378
974.90000,-1.47494,2.59401,0.36441
974.95000,-1.47076,2.59520,0.41647
975.00000,-1.46683,2.59672,0.44774
975.05000,-1.46183,2.59925,0.46176
975.10000,-1.45490,2.60273,0.46547
975.15000,-1.44622,2.60710,0.45981
975.20000,-1.43736,2.61147,0.45265
975.25000,-1.42849,2.61573,0.44452
975.30000,-1.41963,2.61991,0.43560
975.35000,-1.41067,2.62403,0.42630
975.40000,-1.40176,2.62801,0.41574
975.45000,-1.39283,2.63187,0.40460
975.50000,-1.38372,2.63571,0.39315
975.55000,-1.37453,2.63945,0.38076
975.60000,-1.36587,2.64287,0.38149
975.65000,-1.36022,2.64521,0.41215
975.70000,-1.35646,2.64696,0.46275
975.75000,-1.35391,2.64829,0.49652
975.80000,-1.35015,2.65041,0.50701
975.85000,-1.34441,2.65362,0.50937
975.90000,-1.33753,2.65746,0.50584
975.95000,-1.32941,2.66192,0.49596
976.00000,-1.32061,2.66660,0.48272
976.05000,-1.31172,2.67118,0.46863
976.10000,-1.30277,2.67563,0.45369
976.15000,-1.29414,2.67977,0.45057
976.20000,-1.28873,2.68247,0.47974
976.25000,-1.28509,2.68446,0.52911
976.30000,-1.28263,2.68597,0.56200
976.35000,-1.27880,2.68848,0.56971
976.40000,-1.27296,2.69222,0.56817
976.45000,-1.26593,2.69669,0.56039
976.50000,-1.25775,2.70175,0.54628
976.55000,-1.24918,2.70687,0.53070
976.60000,-1.24082,2.71168,0.51309
976.65000,-1.23237,2.71639,0.50678
976.70000,-1.22433,2.72087,0.52379
976.75000,-1.21812,2.72459,0.55984
976.80000,-1.21351,2.72763,0.61201
976.85000,-1.21061,2.72953,0.66327
976.90000,-1.20795,2.73127,0.69504
976.95000,-1.20488,2.73379,0.70754
977.00000,-1.19956,2.73834,0.70324
977.05000,-1.19327,2.74362,0.69230
977.10000,-1.18607,2.74949,0.67487
977.15000,-1.17858,2.75538,0.65603
977.20000,-1.17098,2.76111,0.63667
977.25000,-1.16328,2.76669,0.61700
977.30000,-1.15556,2.77210,0.61036
977.35000,-1.14872,2.77691,0.62880
977.40000,-1.14340,2.78092,0.66624
977.45000,-1.13981,2.78362,0.70366
977.50000,-1.13635,2.78652,0.71282
977.55000,-1.13132,2.79086,0.70630
977.60000,-1.12513,2.79609,0.69358
977.65000,-1.11796,2.80194,0.67445
977.70000,-1.11054,2.80774,0.65115
977.75000,-1.10299,2.81335,0.62732
977.80000,-1.09530,2.81879,0.60411
977.85000,-1.08758,2.82404,0.59453
977.90000,-1.08195,2.82767,0.59066
977.95000,-1.07787,2.83037,0.58577
978.00000,-1.07497,2.83233,0.58558
978.05000,-1.07122,2.83479,0.56682
978.10000,-1.06543,2.83835,0.53796
978.15000,-1.05866,2.84228,0.51967
978.20000,-1.05202,2.84606,0.52838
978.25000,-1.04809,2.84815,0.54180
978.30000,-1.04447,2.85021,0.52907
978.35000,-1.03926,2.85317,0.50294
978.40000,-1.03246,2.85677,0.46919
978.45000,-1.02460,2.86056,0.42976
978.50000,-1.01639,2.86412,0.38832
978.55000,-1.00803,2.86734,0.34700
978.60000,-0.99954,2.87021,0.30583
978.65000,-0.99095,2.87273,0.26440
978.70000,-0.98225,2.87490,0.22341
978.75000,-0.97350,2.87669,0.18117
978.80000,-0.96469,2.87811,0.13850
978.85000,-0.95562,2.87920,0.10969
978.90000,-0.94608,2.88025,0.10187
978.95000,-0.93629,2.88133,0.11054
979.00000,-0.92819,2.88218,0.14558
979.05000,-0.92283,2.88306,0.19410
979.10000,-0.91995,2.88370,0.25270
979.15000,-0.91860,2.88399,0.30773
979.20000,-0.91716,2.88442,0.35110
979.25000,-0.91563,2.88499,0.36931
979.30000,-0.91405,2.88564,0.37311
979.35000,-0.91192,2.88661,0.36453
979.40000,-0.90707,2.88872,0.33857
979.45000,-0.89962,2.89140,0.30076
979.50000,-0.89113,2.89383,0.25695
979.55000,-0.88245,2.89590,0.21206
979.60000,-0.87370,2.89758,0.16760
979.65000,-0.86492,2.89887,0.12286
979.70000,-0.85536,2.89983,0.07997
979.75000,-0.84610,2.90038,0.03822
979.80000,-0.83714,2.90053,0.00813
979.85000,-0.82762,2.90054,-0.00106
979.90000,-0.81822,2.90055,0.01209
979.95000,-0.81415,2.90066,0.06063
980.00000,-0.81185,2.90085,0.09376
980.05000,-0.81001,2.90103,0.09076
980.10000,-0.80667,2.90138,0.07793
980.15000,-0.80196,2.90185,0.05993
980.20000,-0.79571,2.90237,0.03443
980.25000,-0.78741,2.90258,0.00179
980.30000,-0.77808,2.90240,-0.04053
980.35000,-0.76870,2.90210,-0.07791
980.40000,-0.75924,2.90170,-0.10266
980.45000,-0.74968,2.90118,-0.12023
980.50000,-0.74013,2.90068,-0.13632
980.55000,-0.73061,2.90020,-0.15129
980.60000,-0.72112,2.89974,-0.16493
980.65000,-0.71170,2.89929,-0.17698
980.70000,-0.70564,2.89875,-0.19152
980.75000,-0.70055,2.89767,-0.22088
980.80000,-0.69354,2.89595,-0.25644
980.85000,-0.68530,2.89361,-0.29683
980.90000,-0.67675,2.89107,-0.33188
980.95000,-0.66834,2.88864,-0.35792
981.00000,-0.65999,2.88627,-0.38168
