time,ph
0.0000000000,0.0000000000
0.0000000000,0.0000000000
5286.5190000000,0.0000000000
5286.5200000000,0.0000000000
5286.5470000000,0.0000000000
5286.5470000000,0.0000000000
5286.5690000000,0.0000000000
5286.5970000000,0.0000000000
5286.5970000000,0.0000000000
5286.6190000000,0.0000000000
5286.6460000000,0.0000000000
5286.6470000000,0.0000000000
5286.6690000000,0.0000000000
5286.6960000000,0.0000000000
5286.6960000000,0.0000000000
5286.7190000000,0.0000000000
5286.7460000000,0.0000000000
5286.7480000000,0.0000000000
5286.7690000000,0.0000000000
5286.7970000000,0.0000000000
5286.7970000000,0.0000000000
5286.8200000000,0.0000000000
5286.8460000000,0.0000000000
5286.8460000000,0.0000000000
5286.8690000000,0.0000000000
5286.8970000000,0.0000000000
5286.8970000000,0.0000000000
5286.9190000000,0.0000000000
5286.9460000000,0.0000000000
5286.9460000000,0.0000000000
5286.9690000000,0.0000000000
5286.9960000000,0.0000000000
5286.9960000000,0.0000000000
5287.0200000000,0.0000000000
5287.0460000000,0.0000000000
5287.0460000000,0.0000000000
5287.0690000000,0.0000000000
5287.0960000000,0.0000000000
5287.0960000000,0.0000000000
5287.1190000000,0.0000000000
5287.1460000000,0.0000000000
5287.1470000000,0.0000000000
5287.1690000000,0.0000000000
5287.1960000000,0.0000000000
5287.1970000000,0.0000000000
5287.2190000000,0.0000000000
5287.2470000000,0.0000000000
5287.2470000000,0.0000000000
5287.2690000000,0.0000000000
5287.2970000000,0.0000000000
5287.2980000000,0.0000000000
5287.3190000000,0.0000000000
5287.3460000000,0.0000000000
5287.3460000000,0.0000000000
5287.3690000000,0.0000000000
5287.3980000000,0.0000000000
5287.3990000000,0.0000000000
5287.4190000000,0.0000000000
5287.4470000000,0.0000000000
5287.4470000000,0.0000000000
5287.4690000000,0.0000000000
5287.4960000000,0.0000000000
5287.4960000000,0.0000000000
5287.5200000000,0.0000000000
5287.5460000000,0.0000000000
5287.5460000000,0.0000000000
5287.5690000000,0.0000000000
5287.5960000000,0.0000000000
5287.5960000000,0.0000000000
5287.6190000000,0.0000000000
5287.6470000000,0.0000000000
5287.6470000000,0.0000000000
5287.6700000000,0.0000000000
5287.6960000000,0.0000000000
5287.6960000000,0.0000000000
5287.7190000000,0.0000000000
5287.7470000000,0.0000000000
5287.7470000000,0.0000000000
5287.7710000000,0.0000000000
5287.7980000000,0.0000000000
5287.7980000000,0.0000000000
5287.8200000000,0.0000000000
5287.8470000000,0.0000000000
5287.8470000000,0.0000000000
5287.8690000000,0.0000000000
5287.8950000000,0.0000000000
5287.8990000000,0.0000000000
5287.9190000000,0.0000000000
5287.9460000000,0.0000000000
5287.9460000000,0.0000000000
5287.9700000000,0.0000000000
5287.9960000000,0.0000000000
5287.9970000000,0.0000000000
5288.0210000000,0.0000000000
5288.0460000000,0.0000000000
5288.0470000000,0.0000000000
5288.0700000000,0.0000000000
5288.0960000000,0.0000000000
5288.0960000000,0.0000000000
5288.1200000000,0.0000000000
5288.1460000000,0.0000000000
5288.1460000000,0.0000000000
5288.1700000000,0.0000000000
5288.1970000000,0.0000000000
5288.1970000000,0.0000000000
5288.2190000000,0.0000000000
5288.2470000000,0.0000000000
5288.2470000000,0.0000000000
5288.2690000000,0.0000000000
5288.2970000000,0.0000000000
5288.2970000000,0.0000000000
5288.3190000000,0.0000000000
5288.3470000000,0.0000000000
5288.3470000000,0.0000000000
5288.3690000000,0.0000000000
5288.3960000000,0.0000000000
5288.3970000000,0.0000000000
5288.4200000000,0.0000000000
5288.4460000000,0.0000000000
5288.4470000000,0.0000000000
5288.4690000000,0.0000000000
5288.4960000000,0.0000000000
5288.4960000000,0.0000000000
5288.5190000000,0.0000000000
5288.5460000000,0.0000000000
5288.5460000000,0.0000000000
5288.5690000000,0.0000000000
5288.5970000000,0.0000000000
5288.5970000000,0.0000000000
5288.6190000000,0.0000000000
5288.6470000000,0.0000000000
5288.6470000000,0.0000000000
5288.6690000000,0.0000000000
5288.6970000000,0.0000000000
5288.6970000000,0.0000000000
5288.7190000000,0.0000000000
5288.7470000000,0.0000000000
5288.7470000000,0.0000000000
5288.7690000000,0.0000000000
5288.7970000000,0.0000000000
5288.7980000000,0.0000000000
5288.8190000000,0.0000000000
5288.8470000000,0.0000000000
5288.8470000000,0.0000000000
5288.8690000000,0.0000000000
5288.8970000000,0.0000000000
5288.8970000000,0.0000000000
5288.9200000000,0.0000000000
5288.9460000000,0.0000000000
5288.9470000000,0.0000000000
5288.9710000000,0.0000000000
5288.9960000000,0.0000000000
5288.9960000000,0.0000000000
5289.0220000000,0.0000000000
5289.0460000000,0.0000000000
5289.0460000000,0.0000000000
5289.0700000000,0.0000000000
5289.0960000000,0.0000000000
5289.0960000000,0.0000000000
5289.1190000000,0.0000000000
5289.1460000000,0.0000000000
5289.1460000000,0.0000000000
5289.1690000000,0.0000000000
5289.1960000000,0.0000000000
5289.1970000000,0.0000000000
5289.2190000000,0.0000000000
5289.2460000000,0.0000000000
5289.2460000000,0.0000000000
5289.2690000000,0.0000000000
5289.2960000000,0.0000000000
5289.2960000000,0.0000000000
5289.3190000000,0.0000000000
5289.3470000000,0.0000000000
5289.3470000000,0.0000000000
5289.3690000000,0.0000000000
5289.3970000000,0.0000000000
5289.3970000000,0.0000000000
5289.4190000000,0.0000000000
5289.4470000000,0.0000000000
5289.4470000000,0.0000000000
5289.4700000000,0.0000000000
5289.4970000000,0.0000000000
5289.4970000000,0.0000000000
5289.5190000000,0.0000000000
5289.5470000000,0.0000000000
5289.5480000000,0.0000000000
5289.5690000000,0.0000000000
5289.5960000000,0.0000000000
5289.5970000000,0.0000000000
5289.6190000000,0.0000000000
5289.6460000000,0.0000000000
5289.6460000000,0.0000000000
5289.6690000000,0.0000000000
5289.6970000000,0.0000000000
5289.6990000000,0.0000000000
5289.7200000000,0.0000000000
5289.7460000000,0.0000000000
5289.7470000000,0.0000000000
5289.7690000000,0.0000000000
5289.7960000000,0.0000000000
5289.7970000000,0.0000000000
5289.8190000000,0.0000000000
5289.8460000000,0.0000000000
5289.8470000000,0.0000000000
5289.8700000000,0.0000000000
5289.8960000000,0.0000000000
5289.8960000000,0.0000000000
5289.9200000000,0.0000000000
5289.9460000000,0.0000000000
5289.9460000000,0.0000000000
5289.9700000000,0.0000000000
5289.9960000000,0.0000000000
5289.9960000000,0.0000000000
5290.0200000000,0.0000000000
5290.0460000000,0.0000000000
5290.0460000000,0.0000000000
5290.0690000000,0.0000000000
5290.0960000000,0.0000000000
5290.0970000000,0.0000000000
5290.1200000000,0.0000000000
5290.1460000000,0.0000000000
5290.1460000000,0.0000000000
5290.1690000000,0.0000000000
5290.1960000000,0.0000000000
5290.1980000000,0.0000000000
5290.2200000000,0.0000000000
5290.2460000000,0.0000000000
5290.2460000000,0.0000000000
5290.2690000000,0.0000000000
5290.2960000000,0.0000000000
5290.2960000000,0.0000000000
5290.3190000000,0.0000000000
5290.3470000000,0.0000000000
5290.3470000000,0.0000000000
5290.3690000000,0.0000000000
5290.3960000000,0.0000000000
5290.3960000000,0.0000000000
5290.4190000000,0.0000000000
5290.4460000000,0.0000000000
5290.4470000000,0.0000000000
5290.4700000000,0.0000000000
5290.4970000000,0.0000000000
5290.4970000000,0.0000000000
5290.5190000000,0.0000000000
5290.5460000000,0.0000000000
5290.5470000000,0.0000000000
5290.5690000000,0.0000000000
5290.5980000000,0.0000000000
5290.5980000000,0.0000000000
5290.6190000000,0.0000000000
5290.6470000000,0.0000000000
5290.6470000000,0.0000000000
5290.6690000000,0.0000000000
5290.6960000000,0.0000000000
5290.6960000000,0.0000000000
5290.7190000000,0.0000000000
5290.7470000000,0.0000000000
5290.7480000000,0.0000000000
5290.7690000000,0.0000000000
5290.7960000000,0.0000000000
5290.7970000000,0.0000000000
5290.8190000000,0.0000000000
5290.8470000000,0.0000000000
5290.8470000000,0.0000000000
5290.8690000000,0.0000000000
5290.8960000000,0.0000000000
5290.8970000000,0.0000000000
5290.9190000000,0.0000000000
5290.9460000000,0.0000000000
5290.9460000000,0.0000000000
5290.9690000000,0.0000000000
5290.9960000000,0.0000000000
5290.9960000000,0.0000000000
5291.0190000000,0.0000000000
5291.0460000000,0.0000000000
5291.0460000000,0.0000000000
5291.0700000000,0.0000000000
5291.0960000000,0.0000000000
5291.0960000000,0.0000000000
5291.1200000000,0.0000000000
5291.1460000000,0.0000000000
5291.1460000000,0.0000000000
5291.1710000000,0.0000000000
5291.1960000000,0.0000000000
5291.1960000000,0.0000000000
5291.2190000000,0.0000000000
5291.2460000000,0.0000000000
5291.2460000000,0.0000000000
5291.2690000000,0.0000000000
5291.2960000000,0.0000000000
5291.2960000000,0.0000000000
5291.3190000000,0.0000000000
5291.3460000000,0.0000000000
5291.3460000000,0.0000000000
5291.3700000000,0.0000000000
5291.3960000000,0.0000000000
5291.3970000000,0.0000000000
5291.4200000000,0.0000000000
5291.4460000000,0.0000000000
5291.4460000000,0.0000000000
5291.4700000000,0.0000000000
5291.4960000000,0.0000000000
5291.4960000000,0.0000000000
5291.5190000000,0.0000000000
5291.5470000000,0.0000000000
5291.5470000000,0.0000000000
5291.5700000000,0.0000000000
5291.5970000000,0.0000000000
5291.5980000000,0.0000000000
5291.6190000000,0.0000000000
5291.6460000000,0.0000000000
5291.6470000000,0.0000000000
5291.6700000000,0.0000000000
5291.6960000000,0.0000000000
5291.6960000000,0.0000000000
5291.7190000000,0.0000000000
5291.7460000000,0.0000000000
5291.7470000000,0.0000000000
5291.7690000000,0.0000000000
5291.7960000000,0.0000000000
5291.7960000000,0.0000000000
5291.8190000000,0.0000000000
5291.8460000000,0.0000000000
5291.8460000000,0.0000000000
5291.8700000000,0.0000000000
5291.8960000000,0.0000000000
5291.8960000000,0.0000000000
5291.9210000000,0.0000000000
5291.9460000000,0.0000000000
5291.9460000000,0.0000000000
5291.9700000000,0.0000000000
5291.9960000000,0.0000000000
5291.9970000000,0.0000000000
5292.0190000000,0.0000000000
5292.0460000000,0.0000000000
5292.0460000000,0.0000000000
5292.0690000000,0.0000000000
5292.0960000000,0.0000000000
5292.0960000000,0.0000000000
5292.1190000000,0.0000000000
5292.1470000000,0.0000000000
5292.1480000000,0.0000000000
5292.1700000000,0.0000000000
5292.1980000000,0.0000000000
5292.1980000000,0.0000000000
5292.2190000000,0.0000000000
5292.2460000000,0.0000000000
5292.2470000000,0.0000000000
5292.2690000000,0.0000000000
5292.2960000000,0.0000000000
5292.2960000000,0.0000000000
5292.3190000000,0.0000000000
5292.3460000000,0.0000000000
5292.3470000000,0.0000000000
5292.3730000000,0.0000000000
5292.3960000000,0.0000000000
5292.3960000000,0.0000000000
5292.4190000000,0.0000000000
5292.4460000000,0.0000000000
5292.4460000000,0.0000000000
5292.4690000000,0.0000000000
5292.4960000000,0.0000000000
5292.4960000000,0.0000000000
5292.5200000000,0.0000000000
5292.5460000000,0.0000000000
5292.5460000000,0.0000000000
5292.5690000000,0.0000000000
5292.5960000000,0.0000000000
5292.5990000000,0.0000000000
5292.6200000000,0.0000000000
5292.6470000000,0.0000000000
5292.6480000000,0.0000000000
5292.6700000000,0.0000000000
5292.6960000000,0.0000000000
5292.6960000000,0.0000000000
5292.7200000000,0.0000000000
5292.7470000000,0.0000000000
5292.7470000000,0.0000000000
5292.7690000000,0.0000000000
5292.7960000000,0.0000000000
5292.7960000000,0.0000000000
5292.8200000000,0.0000000000
5292.8470000000,0.0000000000
5292.8480000000,0.0000000000
5292.8700000000,0.0000000000
5292.8960000000,0.0000000000
5292.8970000000,0.0000000000
5292.9210000000,0.0000000000
5292.9460000000,0.0000000000
5292.9460000000,0.0000000000
5292.9690000000,0.0000000000
5292.9960000000,0.0000000000
5292.9960000000,0.0000000000
5293.0190000000,0.0000000000
5293.0470000000,0.0000000000
5293.0470000000,0.0000000000
5293.0700000000,0.0000000000
5293.0960000000,0.0000000000
5293.0960000000,0.0000000000
5293.1200000000,0.0000000000
5293.1460000000,0.0000000000
5293.1460000000,0.0000000000
5293.1690000000,0.0000000000
5293.1960000000,0.0000000000
5293.1960000000,0.0000000000
5293.2200000000,0.0000000000
5293.2460000000,0.0000000000
5293.2460000000,0.0000000000
5293.2700000000,0.0000000000
5293.2960000000,0.0000000000
5293.2970000000,0.0000000000
5293.3190000000,0.0000000000
5293.3460000000,0.0000000000
5293.3470000000,0.0000000000
5293.3700000000,0.0000000000
5293.3960000000,0.0000000000
5293.3970000000,0.0000000000
5293.4190000000,0.0000000000
5293.4460000000,0.0000000000
5293.4460000000,0.0000000000
5293.4700000000,0.0000000000
5293.4970000000,0.0000000000
5293.4970000000,0.0000000000
5293.5190000000,0.0000000000
5293.5470000000,0.0000000000
5293.5470000000,0.0000000000
5293.5690000000,0.0000000000
5293.5970000000,0.0000000000
5293.5970000000,0.0000000000
5293.6200000000,0.0000000000
5293.6470000000,0.0000000000
5293.6480000000,0.0000000000
5293.6690000000,0.0000000000
5293.6970000000,0.0000000000
5293.6970000000,0.0000000000
5293.7190000000,0.0000000000
5293.7460000000,0.0000000000
5293.7470000000,0.0000000000
5293.7690000000,0.0000000000
5293.7960000000,0.0000000000
5293.7980000000,0.0000000000
5293.8190000000,0.0000000000
5293.8460000000,0.0000000000
5293.8460000000,0.0000000000
5293.8700000000,0.0000000000
5293.8960000000,0.0000000000
5293.8970000000,0.0000000000
5293.9210000000,0.0000000000
5293.9460000000,0.0000000000
5293.9460000000,0.0000000000
5293.9710000000,0.0000000000
5293.9960000000,0.0000000000
5293.9960000000,0.0000000000
5294.0190000000,0.0000000000
5294.0460000000,0.0000000000
5294.0460000000,0.0000000000
5294.0690000000,0.0000000000
5294.0960000000,0.0000000000
5294.0970000000,0.0000000000
5294.1200000000,0.0000000000
5294.1460000000,0.0000000000
5294.1460000000,0.0000000000
5294.1690000000,0.0000000000
5294.1960000000,0.0000000000
5294.1960000000,0.0000000000
5294.2190000000,0.0000000000
5294.2460000000,0.0000000000
5294.2460000000,0.0000000000
5294.2690000000,0.0000000000
5294.2960000000,0.0000000000
5294.2960000000,0.0000000000
5294.3190000000,0.0000000000
5294.3460000000,0.0000000000
5294.3460000000,0.0000000000
5294.3690000000,0.0000000000
5294.3960000000,0.0000000000
5294.3960000000,0.0000000000
5294.4190000000,0.0000000000
5294.4460000000,0.0000000000
5294.4460000000,0.0000000000
5294.4690000000,0.0000000000
5294.4960000000,0.0000000000
5294.4970000000,0.0000000000
5294.5190000000,0.0000000000
5294.5460000000,0.0000000000
5294.5460000000,0.0000000000
5294.5690000000,0.0000000000
5294.5960000000,0.0000000000
5294.5960000000,0.0000000000
5294.6210000000,0.0000000000
5294.6470000000,0.0000000000
5294.6470000000,0.0000000000
5294.6700000000,0.0000000000
5294.6960000000,0.0000000000
5294.6970000000,0.0000000000
5294.7190000000,0.0000000000
5294.7460000000,0.0000000000
5294.7460000000,0.0000000000
5294.7690000000,0.0000000000
5294.7960000000,0.0000000000
5294.7960000000,0.0000000000
5294.8190000000,0.0000000000
5294.8460000000,0.0000000000
5294.8460000000,0.0000000000
5294.8700000000,0.0000000000
5294.8970000000,0.0000000000
5294.8970000000,0.0000000000
5294.9190000000,0.0000000000
5294.9470000000,0.0000000000
5294.9470000000,0.0000000000
5294.9690000000,0.0000000000
5294.9960000000,0.0000000000
5294.9960000000,0.0000000000
5295.0200000000,0.0000000000
5295.0460000000,0.0000000000
5295.0460000000,0.0000000000
5295.0690000000,0.0000000000
5295.0960000000,0.0000000000
5295.0960000000,0.0000000000
5295.1190000000,0.0000000000
5295.1460000000,0.0000000000
5295.1480000000,0.0000000000
5295.1690000000,0.0000000000
5295.1960000000,0.0000000000
5295.1960000000,0.0000000000
5295.2190000000,0.0000000000
5295.2460000000,0.0000000000
5295.2460000000,0.0000000000
5295.2700000000,0.0000000000
5295.2960000000,0.0000000000
5295.2970000000,0.0000000000
5295.3190000000,0.0000000000
5295.3460000000,0.0000000000
5295.3460000000,0.0000000000
5295.3690000000,0.0000000000
5295.3960000000,0.0000000000
5295.3960000000,0.0000000000
5295.4190000000,0.0000000000
5295.4460000000,0.0000000000
5295.4460000000,0.0000000000
5295.4690000000,0.0000000000
5295.4970000000,0.0000000000
5295.4970000000,0.0000000000
5295.5190000000,0.0000000000
5295.5460000000,0.0000000000
5295.5460000000,0.0000000000
5295.5700000000,0.0000000000
5295.5960000000,0.0000000000
5295.5960000000,0.0000000000
5295.6190000000,0.0000000000
5295.6460000000,0.0000000000
5295.6470000000,0.0000000000
5295.6690000000,0.0000000000
5295.6960000000,0.0000000000
5295.6960000000,0.0000000000
5295.7190000000,0.0000000000
5295.7470000000,0.0000000000
5295.7470000000,0.0000000000
5295.7690000000,0.0000000000
5295.7960000000,0.0000000000
5295.7960000000,0.0000000000
5295.8190000000,0.0000000000
5295.8460000000,0.0000000000
5295.8470000000,0.0000000000
5295.8700000000,0.0000000000
5295.8960000000,0.0000000000
5295.8960000000,0.0000000000
5295.9190000000,0.0000000000
5295.9460000000,0.0000000000
5295.9470000000,0.0000000000
5295.9690000000,0.0000000000
5295.9960000000,0.0000000000
5295.9980000000,0.0000000000
5296.0190000000,0.0000000000
5296.0460000000,0.0000000000
5296.0460000000,0.0000000000
5296.0690000000,0.0000000000
5296.0960000000,0.0000000000
5296.0960000000,0.0000000000
5296.1190000000,0.0000000000
5296.1460000000,0.0000000000
5296.1460000000,0.0000000000
5296.1690000000,0.0000000000
5296.1960000000,0.0000000000
5296.1960000000,0.0000000000
5296.2190000000,0.0000000000
5296.2460000000,0.0000000000
5296.2470000000,0.0000000000
5296.2690000000,0.0000000000
5296.2960000000,0.0000000000
5296.2960000000,0.0000000000
5296.3200000000,0.0000000000
5296.3460000000,0.0000000000
5296.3460000000,0.0000000000
5296.3710000000,0.0000000000
5296.3960000000,0.0000000000
5296.3960000000,0.0000000000
5296.4190000000,0.0000000000
5296.4460000000,0.0000000000
5296.4470000000,0.0000000000
5296.4690000000,0.0000000000
5296.4960000000,0.0000000000
5296.4960000000,0.0000000000
5296.5200000000,0.0000000000
5296.5460000000,0.0000000000
5296.5460000000,0.0000000000
5296.5690000000,0.0000000000
5296.5960000000,0.0000000000
5296.5960000000,0.0000000000
5296.6190000000,0.0000000000
5296.6470000000,0.0000000000
5296.6480000000,0.0000000000
5296.6700000000,0.0000000000
5296.6960000000,0.0000000000
5296.6960000000,0.0000000000
5296.7200000000,0.0000000000
5296.7460000000,0.0000000000
5296.7460000000,0.0000000000
5296.7690000000,0.0000000000
5296.7960000000,0.0000000000
5296.7960000000,0.0000000000
5296.8210000000,0.0000000000
5296.8460000000,0.0000000000
5296.8470000000,0.0000000000
5296.8700000000,0.0000000000
5296.8970000000,0.0000000000
5296.8970000000,0.0000000000
5296.9200000000,0.0000000000
5296.9460000000,0.0000000000
5296.9460000000,0.0000000000
5296.9690000000,0.0000000000
5296.9970000000,0.0000000000
5296.9970000000,0.0000000000
5297.0190000000,0.0000000000
5297.0470000000,0.0000000000
5297.0470000000,0.0000000000
5297.0690000000,0.0000000000
5297.0970000000,0.0000000000
5297.0970000000,0.0000000000
5297.1190000000,0.0000000000
5297.1460000000,0.0000000000
5297.1460000000,0.0000000000
5297.1690000000,0.0000000000
5297.1960000000,0.0000000000
5297.1960000000,0.0000000000
5297.2190000000,0.0000000000
5297.2460000000,0.0000000000
5297.2460000000,0.0000000000
5297.2700000000,0.0000000000
5297.2960000000,0.0000000000
5297.2960000000,0.0000000000
5297.3190000000,0.0000000000
5297.3440000000,0.0000000000
5297.3460000000,0.0000000000
5297.3690000000,0.0000000000
5297.3960000000,0.0000000000
5297.3960000000,0.0000000000
5297.4200000000,0.0000000000
5297.4460000000,0.0000000000
5297.4460000000,0.0000000000
5297.4690000000,0.0000000000
5297.4960000000,0.0000000000
5297.4960000000,0.0000000000
5297.5190000000,0.0000000000
5297.5460000000,0.0000000000
5297.5460000000,0.0000000000
5297.5690000000,0.0000000000
5297.5980000000,0.0000000000
5297.5990000000,0.0000000000
5297.6190000000,0.0000000000
5297.6460000000,0.0000000000
5297.6470000000,0.0000000000
5297.6690000000,0.0000000000
5297.6960000000,0.0000000000
5297.6970000000,0.0000000000
5297.7190000000,0.0000000000
5297.7460000000,0.0000000000
5297.7460000000,0.0000000000
5297.7690000000,0.0000000000
5297.7960000000,0.0000000000
5297.7960000000,0.0000000000
5297.8190000000,0.0000000000
5297.8470000000,0.0000000000
5297.8470000000,0.0000000000
5297.8690000000,0.0000000000
5297.8970000000,0.0000000000
5297.8970000000,0.0000000000
5297.9190000000,0.0000000000
5297.9470000000,0.0000000000
5297.9470000000,0.0000000000
5297.9690000000,0.0000000000
5297.9960000000,0.0000000000
5297.9970000000,0.0000000000
5298.0200000000,0.0000000000
5298.0470000000,0.0000000000
5298.0470000000,0.0000000000
5298.0690000000,0.0000000000
5298.0960000000,0.0000000000
5298.0970000000,0.0000000000
5298.1190000000,0.0000000000
5298.1460000000,0.0000000000
5298.1470000000,0.0000000000
5298.1690000000,0.0000000000
5298.1960000000,0.0000000000
5298.1970000000,0.0000000000
5298.2190000000,0.0000000000
5298.2470000000,0.0000000000
5298.2470000000,0.0000000000
5298.2690000000,0.0000000000
5298.2960000000,0.0000000000
5298.2960000000,0.0000000000
5298.3190000000,0.0000000000
5298.3460000000,0.0000000000
5298.3460000000,0.0000000000
5298.3700000000,0.0000000000
5298.3960000000,0.0000000000
5298.3960000000,0.0000000000
5298.4190000000,0.0000000000
5298.4460000000,0.0000000000
5298.4460000000,0.0000000000
5298.4710000000,0.0000000000
5298.4960000000,0.0000000000
5298.4960000000,0.0000000000
5298.5190000000,0.0000000000
5298.5460000000,0.0000000000
5298.5460000000,0.0000000000
5298.5690000000,0.0000000000
5298.5960000000,0.0000000000
5298.5960000000,0.0000000000
5298.6190000000,0.0000000000
5298.6460000000,0.0000000000
5298.6470000000,0.0000000000
5298.6690000000,0.0000000000
5298.6960000000,0.0000000000
5298.6970000000,0.0000000000
5298.7190000000,0.0000000000
5298.7460000000,0.0000000000
5298.7460000000,0.0000000000
5298.7690000000,0.0000000000
5298.7960000000,0.0000000000
5298.7970000000,0.0000000000
5298.8200000000,0.0000000000
5298.8470000000,0.0000000000
5298.8470000000,0.0000000000
5298.8700000000,0.0000000000
5298.8960000000,0.0000000000
5298.8970000000,0.0000000000
5298.9190000000,0.0000000000
5298.9470000000,0.0000000000
5298.9470000000,0.0000000000
5298.9690000000,0.0000000000
5298.9970000000,0.0000000000
5298.9980000000,0.0000000000
5299.0190000000,0.0000000000
5299.0470000000,0.0000000000
5299.0470000000,0.0000000000
5299.0690000000,0.0000000000
5299.0960000000,0.0000000000
5299.0960000000,0.0000000000
5299.1190000000,0.0000000000
5299.1460000000,0.0000000000
5299.1460000000,0.0000000000
5299.1700000000,0.0000000000
5299.1960000000,0.0000000000
5299.1960000000,0.0000000000
5299.2190000000,0.0000000000
5299.2460000000,0.0000000000
5299.2460000000,0.0000000000
5299.2690000000,0.0000000000
5299.2970000000,0.0000000000
5299.2970000000,0.0000000000
5299.3190000000,0.0000000000
5299.3460000000,0.0000000000
5299.3460000000,0.0000000000
5299.3690000000,0.0000000000
5299.3960000000,0.0000000000
5299.3970000000,0.0000000000
5299.4210000000,0.0000000000
5299.4460000000,0.0000000000
5299.4480000000,0.0000000000
5299.4690000000,0.0000000000
5299.4970000000,0.0000000000
5299.4980000000,0.0000000000
5299.5190000000,0.0000000000
5299.5460000000,0.0000000000
5299.5470000000,0.0000000000
5299.5700000000,0.0000000000
5299.5960000000,0.0000000000
5299.5960000000,0.0000000000
5299.6200000000,0.0000000000
5299.6460000000,0.0000000000
5299.6460000000,0.0000000000
5299.6700000000,0.0000000000
5299.6960000000,0.0000000000
5299.6970000000,0.0000000000
5299.7200000000,0.0000000000
5299.7460000000,0.0000000000
5299.7470000000,0.0000000000
5299.7700000000,0.0000000000
5299.7970000000,0.0000000000
5299.7970000000,0.0000000000
5299.8190000000,0.0000000000
5299.8480000000,0.0000000000
5299.8480000000,0.0000000000
5299.8690000000,0.0000000000
5299.8960000000,0.0000000000
5299.8960000000,0.0000000000
5299.9190000000,0.0000000000
5299.9460000000,0.0000000000
5299.9470000000,0.0000000000
5299.9690000000,0.0000000000
5299.9970000000,0.0000000000
5299.9980000000,0.0000000000
5300.0190000000,0.0000000000
5300.0460000000,0.0000000000
5300.0460000000,0.0000000000
5300.0690000000,0.0000000000
5300.0970000000,0.0000000000
5300.0970000000,0.0000000000
5300.1190000000,0.0000000000
5300.1460000000,0.0000000000
5300.1460000000,0.0000000000
5300.1690000000,0.0000000000
5300.1970000000,0.0000000000
5300.1970000000,0.0000000000
5300.2190000000,0.0000000000
5300.2460000000,0.0000000000
5300.2460000000,0.0000000000
5300.2690000000,0.0000000000
5300.2960000000,0.0000000000
5300.2980000000,0.0000000000
5300.3190000000,0.0000000000
5300.3460000000,0.0000000000
5300.3480000000,0.0000000000
5300.3690000000,0.0000000000
5300.3960000000,0.0000000000
5300.3970000000,0.0000000000
5300.4200000000,0.0000000000
5300.4460000000,0.0000000000
5300.4460000000,0.0000000000
5300.4690000000,0.0000000000
5300.4960000000,0.0000000000
5300.4960000000,0.0000000000
5300.5190000000,0.0000000000
5300.5460000000,0.0000000000
5300.5460000000,0.0000000000
5300.5690000000,0.0000000000
5300.5960000000,0.0000000000
5300.5960000000,0.0000000000
5300.6190000000,0.0000000000
5300.6460000000,0.0000000000
5300.6460000000,0.0000000000
5300.6690000000,0.0000000000
5300.6970000000,0.0000000000
5300.6970000000,0.0000000000
5300.7190000000,0.0000000000
5300.7470000000,0.0000000000
5300.7470000000,0.0000000000
5300.7690000000,0.0000000000
5300.7960000000,0.0000000000
5300.7960000000,0.0000000000
5300.8190000000,0.0000000000
5300.8460000000,0.0000000000
5300.8460000000,0.0000000000
5300.8690000000,0.0000000000
5300.8970000000,0.0000000000
5300.8970000000,0.0000000000
5300.9190000000,0.0000000000
5300.9460000000,0.0000000000
5300.9460000000,0.0000000000
5300.9690000000,0.0000000000
5300.9960000000,0.0000000000
5300.9960000000,0.0000000000
5301.0200000000,0.0000000000
5301.0460000000,0.0000000000
5301.0460000000,0.0000000000
5301.0700000000,0.0000000000
5301.0960000000,0.0000000000
5301.0960000000,0.0000000000
5301.1190000000,0.0000000000
5301.1460000000,0.0000000000
5301.1460000000,0.0000000000
5301.1700000000,0.0000000000
5301.1960000000,0.0000000000
5301.1960000000,0.0000000000
5301.2200000000,0.0000000000
5301.2460000000,0.0000000000
5301.2480000000,0.0000000000
5301.2700000000,0.0000000000
5301.2960000000,0.0000000000
5301.2970000000,0.0000000000
5301.3190000000,0.0000000000
5301.3460000000,0.0000000000
5301.3460000000,0.0000000000
5301.3690000000,0.0000000000
5301.3970000000,0.0000000000
5301.3970000000,0.0000000000
5301.4190000000,0.0000000000
5301.4460000000,0.0000000000
5301.4490000000,0.0000000000
5301.4690000000,0.0000000000
5301.4970000000,0.0000000000
5301.4970000000,0.0000000000
5301.5190000000,0.0000000000
5301.5460000000,0.0000000000
5301.5470000000,0.0000000000
5301.5690000000,0.0000000000
5301.5960000000,0.0000000000
5301.5970000000,0.0000000000
5301.6190000000,0.0000000000
5301.6470000000,0.0000000000
5301.6470000000,0.0000000000
5301.6690000000,0.0000000000
5301.6960000000,0.0000000000
5301.6960000000,0.0000000000
5301.7190000000,0.0000000000
5301.7460000000,0.0000000000
5301.7470000000,0.0000000000
5301.7690000000,0.0000000000
5301.7960000000,0.0000000000
5301.7960000000,0.0000000000
5301.8190000000,0.0000000000
5301.8460000000,0.0000000000
5301.8460000000,0.0000000000
5301.8740000000,0.0000000000
5301.8970000000,0.0000000000
5301.8970000000,0.0000000000
5301.9190000000,0.0000000000
5301.9460000000,0.0000000000
5301.9460000000,0.0000000000
5301.9700000000,0.0000000000
5301.9960000000,0.0000000000
5301.9960000000,0.0000000000
5302.0210000000,0.0000000000
5302.0470000000,0.0000000000
5302.0470000000,0.0000000000
5302.0690000000,0.0000000000
5302.0960000000,0.0000000000
5302.0980000000,0.0000000000
5302.1190000000,0.0000000000
5302.1460000000,0.0000000000
5302.1470000000,0.0000000000
5302.1700000000,0.0000000000
5302.1960000000,0.0000000000
5302.1970000000,0.0000000000
5302.2200000000,0.0000000000
5302.2460000000,0.0000000000
5302.2460000000,0.0000000000
5302.2710000000,0.0000000000
5302.2960000000,0.0000000000
5302.2960000000,0.0000000000
5302.3190000000,0.0000000000
5302.3460000000,0.0000000000
5302.3460000000,0.0000000000
5302.3690000000,0.0000000000
5302.3960000000,0.0000000000
5302.3960000000,0.0000000000
5302.4200000000,0.0000000000
5302.4470000000,0.0000000000
5302.4470000000,0.0000000000
5302.4690000000,0.0000000000
5302.4960000000,0.0000000000
5302.4970000000,0.0000000000
5302.5200000000,0.0000000000
5302.5470000000,0.0000000000
5302.5470000000,0.0000000000
5302.5690000000,0.0000000000
5302.5960000000,0.0000000000
5302.5960000000,0.0000000000
5302.6190000000,0.0000000000
5302.6460000000,0.0000000000
5302.6460000000,0.0000000000
5302.6690000000,0.0000000000
5302.6960000000,0.0000000000
5302.6960000000,0.0000000000
5302.7190000000,0.0000000000
5302.7460000000,0.0000000000
5302.7460000000,0.0000000000
5302.7700000000,0.0000000000
5302.7960000000,0.0000000000
5302.7960000000,0.0000000000
5302.8190000000,0.0000000000
5302.8470000000,0.0000000000
5302.8470000000,0.0000000000
5302.8700000000,0.0000000000
5302.8960000000,0.0000000000
5302.8960000000,0.0000000000
5302.9190000000,0.0000000000
5302.9470000000,0.0000000000
5302.9470000000,0.0000000000
5302.9690000000,0.0000000000
5302.9970000000,0.0000000000
5302.9970000000,0.0000000000
5303.0200000000,0.0000000000
5303.0460000000,0.0000000000
5303.0460000000,0.0000000000
5303.0700000000,0.0000000000
5303.0960000000,0.0000000000
5303.0960000000,0.0000000000
5303.1190000000,0.0000000000
5303.1460000000,0.0000000000
5303.1460000000,0.0000000000
5303.1690000000,0.0000000000
5303.1960000000,0.0000000000
5303.1960000000,0.0000000000
5303.2190000000,0.0000000000
5303.2460000000,0.0000000000
5303.2460000000,0.0000000000
5303.2700000000,0.0000000000
5303.2960000000,0.0000000000
5303.2970000000,0.0000000000
5303.3190000000,0.0000000000
5303.3460000000,0.0000000000
5303.3460000000,0.0000000000
5303.3690000000,0.0000000000
5303.3960000000,0.0000000000
5303.3960000000,0.0000000000
5303.4200000000,0.0000000000
5303.4470000000,0.0000000000
5303.4480000000,0.0000000000
5303.4690000000,0.0000000000
5303.4960000000,0.0000000000
5303.4970000000,0.0000000000
5303.5210000000,0.0000000000
5303.5470000000,0.0000000000
5303.5470000000,0.0000000000
5303.5710000000,0.0000000000
5303.5960000000,0.0000000000
5303.5970000000,0.0000000000
5303.6190000000,0.0000000000
5303.6480000000,0.0000000000
5303.6490000000,0.0000000000
5303.6690000000,0.0000000000
5303.6960000000,0.0000000000
5303.6960000000,0.0000000000
5303.7190000000,0.0000000000
5303.7460000000,0.0000000000
5303.7460000000,0.0000000000
5303.7690000000,0.0000000000
5303.7960000000,0.0000000000
5303.7970000000,0.0000000000
5303.8190000000,0.0000000000
5303.8460000000,0.0000000000
5303.8470000000,0.0000000000
5303.8700000000,0.0000000000
5303.8960000000,0.0000000000
5303.8970000000,0.0000000000
5303.9200000000,0.0000000000
5303.9460000000,0.0000000000
5303.9470000000,0.0000000000
5303.9690000000,0.0000000000
5303.9960000000,0.0000000000
5303.9960000000,0.0000000000
5304.0200000000,0.0000000000
5304.0460000000,0.0000000000
5304.0460000000,0.0000000000
5304.0690000000,0.0000000000
5304.0960000000,0.0000000000
5304.0960000000,0.0000000000
5304.1190000000,0.0000000000
5304.1460000000,0.0000000000
5304.1470000000,0.0000000000
5304.1690000000,0.0000000000
5304.1960000000,0.0000000000
5304.1970000000,0.0000000000
5304.2190000000,0.0000000000
5304.2460000000,0.0000000000
5304.2470000000,0.0000000000
5304.2700000000,0.0000000000
5304.2960000000,0.0000000000
5304.2960000000,0.0000000000
5304.3190000000,0.0000000000
5304.3460000000,0.0000000000
5304.3460000000,0.0000000000
5304.3690000000,0.0000000000
5304.3970000000,0.0000000000
5304.3970000000,0.0000000000
5304.4190000000,0.0000000000
5304.4470000000,0.0000000000
5304.4470000000,0.0000000000
5304.4710000000,0.0000000000
5304.4960000000,0.0000000000
5304.4970000000,0.0000000000
5304.5200000000,0.0000000000
5304.5460000000,0.0000000000
5304.5460000000,0.0000000000
5304.5690000000,0.0000000000
5304.5970000000,0.0000000000
5304.5970000000,0.0000000000
5304.6190000000,0.0000000000
5304.6460000000,0.0000000000
5304.6470000000,0.0000000000
5304.6690000000,0.0000000000
5304.6980000000,0.0000000000
5304.6980000000,0.0000000000
5304.7190000000,0.0000000000
5304.7460000000,0.0000000000
5304.7460000000,0.0000000000
5304.7690000000,0.0000000000
5304.7960000000,0.0000000000
5304.7970000000,0.0000000000
5304.8200000000,0.0000000000
5304.8460000000,0.0000000000
5304.8460000000,0.0000000000
5304.8700000000,0.0000000000
5304.8960000000,0.0000000000
5304.8960000000,0.0000000000
5304.9210000000,0.0000000000
5304.9460000000,0.0000000000
5304.9460000000,0.0000000000
5304.9690000000,0.0000000000
5304.9970000000,0.0000000000
5304.9980000000,0.0000000000
5305.0190000000,0.0000000000
5305.0460000000,0.0000000000
5305.0470000000,0.0000000000
5305.0690000000,0.0000000000
5305.0960000000,0.0000000000
5305.0960000000,0.0000000000
5305.1190000000,0.0000000000
5305.1470000000,0.0000000000
5305.1470000000,0.0000000000
5305.1700000000,0.0000000000
5305.1970000000,0.0000000000
5305.1970000000,0.0000000000
5305.2190000000,0.0000000000
5305.2460000000,0.0000000000
5305.2460000000,0.0000000000
5305.2690000000,0.0000000000
5305.2970000000,0.0000000000
5305.2970000000,0.0000000000
5305.3190000000,0.0000000000
5305.3460000000,0.0000000000
5305.3460000000,0.0000000000
5305.3700000000,0.0000000000
5305.3960000000,0.0000000000
5305.3960000000,0.0000000000
5305.4190000000,0.0000000000
5305.4470000000,0.0000000000
5305.4480000000,0.0000000000
5305.4690000000,0.0000000000
5305.4970000000,0.0000000000
5305.4970000000,0.0000000000
5305.5200000000,0.0000000000
5305.5460000000,0.0000000000
5305.5460000000,0.0000000000
5305.5700000000,0.0000000000
5305.5960000000,0.0000000000
5305.5970000000,0.0000000000
5305.6200000000,0.0000000000
5305.6460000000,0.0000000000
5305.6460000000,0.0000000000
5305.6690000000,0.0000000000
5305.6960000000,0.0000000000
5305.6960000000,0.0000000000
5305.7200000000,0.0000000000
5305.7470000000,0.0000000000
5305.7470000000,0.0000000000
5305.7700000000,0.0000000000
5305.7960000000,0.0000000000
5305.7960000000,0.0000000000
5305.8200000000,0.0000000000
5305.8460000000,0.0000000000
5305.8460000000,0.0000000000
5305.8690000000,0.0000000000
5305.8960000000,0.0000000000
5305.8970000000,0.0000000000
5305.9190000000,0.0000000000
5305.9490000000,0.0000000000
5305.9500000000,0.0000000000
5305.9690000000,0.0000000000
5305.9970000000,0.0000000000
5305.9970000000,0.0000000000
5306.0190000000,0.0000000000
5306.0460000000,0.0000000000
5306.0460000000,0.0000000000
5306.0710000000,0.0000000000
5306.0960000000,0.0000000000
5306.0970000000,0.0000000000
5306.1190000000,0.0000000000
5306.1470000000,0.0000000000
5306.1490000000,0.0000000000
5306.1700000000,0.0000000000
5306.1960000000,0.0000000000
5306.1960000000,0.0000000000
5306.2190000000,0.0000000000
5306.2470000000,0.0000000000
5306.2490000000,0.0000000000
5306.2690000000,0.0000000000
5306.2960000000,0.0000000000
5306.2960000000,0.0000000000
5306.3190000000,0.0000000000
5306.3470000000,0.0000000000
5306.3470000000,0.0000000000
5306.3690000000,0.0000000000
5306.3970000000,0.0000000000
5306.3970000000,0.0000000000
5306.4190000000,0.0000000000
5306.4460000000,0.0000000000
5306.4460000000,0.0000000000
5306.4700000000,0.0000000000
5306.4970000000,0.0000000000
5306.4970000000,0.0000000000
5306.5190000000,0.0000000000
5306.5460000000,0.0000000000
5306.5460000000,0.0000000000
5306.5690000000,0.0000000000
5306.5960000000,0.0000000000
5306.5960000000,0.0000000000
5306.6190000000,0.0000000000
5306.6470000000,0.0000000000
5306.6470000000,0.0000000000
5306.6690000000,0.0000000000
5306.6960000000,0.0000000000
5306.6960000000,0.0000000000
5306.7200000000,0.0000000000
5306.7470000000,0.0000000000
5306.7470000000,0.0000000000
5306.7690000000,0.0000000000
5306.7960000000,0.0000000000
5306.7970000000,0.0000000000
5306.8200000000,0.0000000000
5306.8460000000,0.0000000000
5306.8470000000,0.0000000000
5306.8690000000,0.0000000000
5306.8970000000,0.0000000000
5306.8990000000,0.0000000000
5306.9190000000,0.0000000000
5306.9470000000,0.0000000000
5306.9480000000,0.0000000000
5306.9690000000,0.0000000000
5306.9970000000,0.0000000000
5306.9970000000,0.0000000000
5307.0190000000,0.0000000000
5307.0460000000,0.0000000000
5307.0460000000,0.0000000000
5307.0690000000,0.0000000000
5307.0960000000,0.0000000000
5307.0960000000,0.0000000000
5307.1200000000,0.0000000000
5307.1460000000,0.0000000000
5307.1460000000,0.0000000000
5307.1690000000,0.0000000000
5307.1960000000,0.0000000000
5307.1960000000,0.0000000000
5307.2190000000,0.0000000000
5307.2460000000,0.0000000000
5307.2460000000,0.0000000000
5307.2690000000,0.0000000000
5307.2960000000,0.0000000000
5307.2980000000,0.0000000000
5307.3200000000,0.0000000000
5307.3460000000,0.0000000000
5307.3460000000,0.0000000000
5307.3700000000,0.0000000000
5307.3980000000,0.0000000000
5307.3980000000,0.0000000000
5307.4190000000,0.0000000000
5307.4460000000,0.0000000000
5307.4470000000,0.0000000000
5307.4690000000,0.0000000000
5307.4960000000,0.0000000000
5307.4970000000,0.0000000000
5307.5190000000,0.0000000000
5307.5460000000,0.0000000000
5307.5460000000,0.0000000000
5307.5690000000,0.0000000000
5307.5960000000,0.0000000000
5307.5970000000,0.0000000000
5307.6200000000,0.0000000000
5307.6460000000,0.0000000000
5307.6460000000,0.0000000000
5307.6720000000,0.0000000000
5307.6960000000,0.0000000000
5307.6970000000,0.0000000000
5307.7190000000,0.0000000000
5307.7460000000,0.0000000000
5307.7460000000,0.0000000000
5307.7690000000,0.0000000000
5307.7970000000,0.0000000000
5307.7970000000,0.0000000000
5307.8200000000,0.0000000000
5307.8460000000,0.0000000000
5307.8460000000,0.0000000000
5307.8690000000,0.0000000000
5307.8960000000,0.0000000000
5307.8960000000,0.0000000000
5307.9190000000,0.0000000000
5307.9460000000,0.0000000000
5307.9460000000,0.0000000000
5307.9700000000,0.0000000000
5307.9960000000,0.0000000000
5307.9980000000,0.0000000000
5308.0190000000,0.0000000000
5308.0460000000,0.0000000000
5308.0460000000,0.0000000000
5308.0700000000,0.0000000000
5308.0970000000,0.0000000000
5308.0970000000,0.0000000000
5308.1200000000,0.0000000000
5308.1460000000,0.0000000000
5308.1460000000,0.0000000000
5308.1690000000,0.0000000000
5308.1960000000,0.0000000000
5308.1970000000,0.0000000000
5308.2190000000,0.0000000000
5308.2460000000,0.0000000000
5308.2470000000,0.0000000000
5308.2690000000,0.0000000000
5308.2960000000,0.0000000000
5308.2960000000,0.0000000000
5308.3190000000,0.0000000000
5308.3460000000,0.0000000000
5308.3460000000,0.0000000000
5308.3690000000,0.0000000000
5308.3970000000,0.0000000000
5308.3970000000,0.0000000000
5308.4200000000,0.0000000000
5308.4460000000,0.0000000000
5308.4460000000,0.0000000000
5308.4690000000,0.0000000000
5308.4960000000,0.0000000000
5308.4970000000,0.0000000000
5308.5190000000,0.0000000000
5308.5460000000,0.0000000000
5308.5460000000,0.0000000000
5308.5700000000,0.0000000000
5308.5960000000,0.0000000000
5308.5960000000,0.0000000000
5308.6220000000,0.0000000000
5308.6460000000,0.0000000000
5308.6460000000,0.0000000000
5308.6700000000,0.0000000000
5308.6970000000,0.0000000000
5308.6970000000,0.0000000000
5308.7190000000,0.0000000000
5308.7460000000,0.0000000000
5308.7460000000,0.0000000000
5308.7690000000,0.0000000000
5308.7970000000,0.0000000000
5308.7970000000,0.0000000000
5308.8190000000,0.0000000000
5308.8460000000,0.0000000000
5308.8460000000,0.0000000000
5308.8700000000,0.0000000000
5308.8960000000,0.0000000000
5308.8960000000,0.0000000000
5308.9200000000,0.0000000000
5308.9460000000,0.0000000000
5308.9460000000,0.0000000000
5308.9690000000,0.0000000000
5308.9960000000,0.0000000000
5308.9960000000,0.0000000000
5309.0200000000,0.0000000000
5309.0460000000,0.0000000000
5309.0460000000,0.0000000000
5309.0690000000,0.0000000000
5309.0960000000,0.0000000000
5309.0960000000,0.0000000000
5309.1190000000,0.0000000000
5309.1470000000,0.0000000000
5309.1470000000,0.0000000000
5309.1690000000,0.0000000000
5309.1960000000,0.0000000000
5309.1980000000,0.0000000000
5309.2200000000,0.0000000000
5309.2460000000,0.0000000000
5309.2460000000,0.0000000000
5309.2690000000,0.0000000000
5309.2960000000,0.0000000000
5309.2960000000,0.0000000000
5309.3200000000,0.0000000000
5309.3460000000,0.0000000000
5309.3460000000,0.0000000000
5309.3700000000,0.0000000000
5309.3960000000,0.0000000000
5309.3960000000,0.0000000000
5309.4190000000,0.0000000000
5309.4460000000,0.0000000000
5309.4460000000,0.0000000000
5309.4690000000,0.0000000000
5309.4970000000,0.0000000000
5309.4970000000,0.0000000000
5309.5190000000,0.0000000000
5309.5470000000,0.0000000000
5309.5470000000,0.0000000000
5309.5700000000,0.0000000000
5309.5960000000,0.0000000000
5309.5960000000,0.0000000000
5309.6190000000,0.0000000000
5309.6460000000,0.0000000000
5309.6460000000,0.0000000000
5309.6690000000,0.0000000000
5309.6970000000,0.0000000000
5309.6970000000,0.0000000000
5309.7190000000,0.0000000000
5309.7460000000,0.0000000000
5309.7470000000,0.0000000000
5309.7690000000,0.0000000000
5309.7960000000,0.0000000000
5309.7960000000,0.0000000000
5309.8200000000,0.0000000000
5309.8460000000,0.0000000000
5309.8460000000,0.0000000000
5309.8690000000,0.0000000000
5309.8960000000,0.0000000000
5309.8960000000,0.0000000000
5309.9190000000,0.0000000000
5309.9460000000,0.0000000000
5309.9460000000,0.0000000000
5309.9690000000,0.0000000000
5309.9960000000,0.0000000000
5309.9960000000,0.0000000000
5310.0190000000,0.0000000000
5310.0470000000,0.0000000000
5310.0470000000,0.0000000000
5310.0690000000,0.0000000000
5310.0960000000,0.0000000000
5310.0960000000,0.0000000000
5310.1190000000,0.0000000000
5310.1460000000,0.0000000000
5310.1460000000,0.0000000000
5310.1690000000,0.0000000000
5310.1960000000,0.0000000000
5310.1970000000,0.0000000000
5310.2200000000,0.0000000000
5310.2470000000,0.0000000000
5310.2480000000,0.0000000000
5310.2690000000,0.0000000000
5310.2970000000,0.0000000000
5310.2970000000,0.0000000000
5310.3190000000,0.0000000000
5310.3460000000,0.0000000000
5310.3460000000,0.0000000000
5310.3690000000,0.0000000000
5310.3960000000,0.0000000000
5310.3960000000,0.0000000000
5310.4190000000,0.0000000000
5310.4460000000,0.0000000000
5310.4480000000,0.0000000000
5310.4690000000,0.0000000000
5310.4960000000,0.0000000000
5310.4960000000,0.0000000000
5310.5190000000,0.0000000000
5310.5470000000,0.0000000000
5310.5470000000,0.0000000000
5310.5700000000,0.0000000000
5310.5960000000,0.0000000000
5310.5960000000,0.0000000000
5310.6210000000,0.0000000000
5310.6470000000,0.0000000000
5310.6470000000,0.0000000000
5310.6690000000,0.0000000000
5310.6960000000,0.0000000000
5310.6960000000,0.0000000000
5310.7190000000,0.0000000000
5310.7470000000,0.0000000000
5310.7470000000,0.0000000000
5310.7690000000,0.0000000000
5310.7960000000,0.0000000000
5310.7960000000,0.0000000000
5310.8190000000,0.0000000000
5310.8460000000,0.0000000000
5310.8460000000,0.0000000000
5310.8700000000,0.0000000000
5310.8960000000,0.0000000000
5310.8960000000,0.0000000000
5310.9190000000,0.0000000000
5310.9460000000,0.0000000000
5310.9470000000,0.0000000000
5310.9690000000,0.0000000000
5310.9960000000,0.0000000000
5310.9960000000,0.0000000000
5311.0200000000,0.0000000000
5311.0460000000,0.0000000000
5311.0460000000,0.0000000000
5311.0700000000,0.0000000000
5311.0960000000,0.0000000000
5311.0960000000,0.0000000000
5311.1190000000,0.0000000000
5311.1460000000,0.0000000000
5311.1460000000,0.0000000000
5311.1690000000,0.0000000000
5311.1960000000,0.0000000000
5311.1960000000,0.0000000000
5311.2190000000,0.0000000000
5311.2460000000,0.0000000000
5311.2460000000,0.0000000000
5311.2700000000,0.0000000000
5311.2960000000,0.0000000000
5311.2960000000,0.0000000000
5311.3190000000,0.0000000000
5311.3460000000,0.0000000000
5311.3460000000,0.0000000000
5311.3690000000,0.0000000000
5311.3970000000,0.0000000000
5311.3970000000,0.0000000000
5311.4190000000,0.0000000000
5311.4460000000,0.0000000000
5311.4460000000,0.0000000000
5311.4690000000,0.0000000000
5311.4960000000,0.0000000000
5311.4960000000,0.0000000000
5311.5200000000,0.0000000000
5311.5460000000,0.0000000000
5311.5460000000,0.0000000000
5311.5700000000,0.0000000000
5311.5960000000,0.0000000000
5311.5970000000,0.0000000000
5311.6190000000,0.0000000000
5311.6460000000,0.0000000000
5311.6460000000,0.0000000000
5311.6690000000,0.0000000000
5311.6960000000,0.0000000000
5311.6970000000,0.0000000000
5311.7190000000,0.0000000000
5311.7460000000,0.0000000000
5311.7460000000,0.0000000000
5311.7690000000,0.0000000000
5311.7960000000,0.0000000000
5311.7960000000,0.0000000000
5311.8200000000,0.0000000000
5311.8470000000,0.0000000000
5311.8470000000,0.0000000000
5311.8710000000,0.0000000000
5311.8960000000,0.0000000000
5311.8960000000,0.0000000000
5311.9190000000,0.0000000000
5311.9460000000,0.0000000000
5311.9460000000,0.0000000000
5311.9700000000,0.0000000000
5311.9960000000,0.0000000000
5311.9960000000,0.0000000000
5312.0190000000,0.0000000000
5312.0460000000,0.0000000000
5312.0470000000,0.0000000000
5312.0700000000,0.0000000000
5312.0960000000,0.0000000000
5312.0970000000,0.0000000000
5312.1190000000,0.0000000000
5312.1460000000,0.0000000000
5312.1480000000,0.0000000000
5312.1690000000,0.0000000000
5312.1960000000,0.0000000000
5312.1970000000,0.0000000000
5312.2190000000,0.0000000000
5312.2470000000,0.0000000000
5312.2470000000,0.0000000000
5312.2700000000,0.0000000000
5312.2970000000,0.0000000000
5312.2990000000,0.0000000000
5312.3200000000,0.0000000000
5312.3460000000,0.0000000000
5312.3460000000,0.0000000000
5312.3690000000,0.0000000000
5312.3960000000,0.0000000000
5312.3960000000,0.0000000000
5312.4190000000,0.0000000000
5312.4460000000,0.0000000000
5312.4460000000,0.0000000000
5312.4690000000,0.0000000000
5312.4960000000,0.0000000000
5312.4970000000,0.0000000000
5312.5200000000,0.0000000000
5312.5460000000,0.0000000000
5312.5470000000,0.0000000000
5312.5690000000,0.0000000000
5312.5970000000,0.0000000000
5312.5970000000,0.0000000000
5312.6190000000,0.0000000000
5312.6460000000,0.0000000000
5312.6460000000,0.0000000000
5312.6690000000,0.0000000000
5312.6970000000,0.0000000000
5312.6980000000,0.0000000000
5312.7200000000,0.0000000000
5312.7460000000,0.0000000000
5312.7460000000,0.0000000000
5312.7690000000,0.0000000000
5312.7960000000,0.0000000000
5312.7960000000,0.0000000000
5312.8200000000,0.0000000000
5312.8460000000,0.0000000000
5312.8460000000,0.0000000000
5312.8700000000,0.0000000000
5312.8980000000,0.0000000000
5312.8980000000,0.0000000000
5312.9210000000,0.0000000000
5312.9460000000,0.0000000000
5312.9470000000,0.0000000000
5312.9690000000,0.0000000000
5312.9960000000,0.0000000000
5312.9970000000,0.0000000000
5313.0190000000,0.0000000000
5313.0460000000,0.0000000000
5313.0470000000,0.0000000000
5313.0700000000,0.0000000000
5313.0960000000,0.0000000000
5313.0970000000,0.0000000000
5313.1190000000,0.0000000000
5313.1460000000,0.0000000000
5313.1460000000,0.0000000000
5313.1690000000,0.0000000000
5313.1960000000,0.0000000000
5313.1960000000,0.0000000000
5313.2190000000,0.0000000000
5313.2460000000,0.0000000000
5313.2470000000,0.0000000000
5313.2690000000,0.0000000000
5313.2960000000,0.0000000000
5313.2970000000,0.0000000000
5313.3190000000,0.0000000000
5313.3470000000,0.0000000000
5313.3480000000,0.0000000000
5313.3690000000,0.0000000000
5313.3970000000,0.0000000000
5313.3970000000,0.0000000000
5313.4200000000,0.0000000000
5313.4460000000,0.0000000000
5313.4460000000,0.0000000000
5313.4690000000,0.0000000000
5313.4960000000,0.0000000000
5313.4970000000,0.0000000000
5313.5190000000,0.0000000000
5313.5460000000,0.0000000000
5313.5460000000,0.0000000000
5313.5690000000,0.0000000000
5313.5960000000,0.0000000000
5313.5960000000,0.0000000000
5313.6190000000,0.0000000000
5313.6470000000,0.0000000000
5313.6470000000,0.0000000000
5313.6700000000,0.0000000000
5313.6960000000,0.0000000000
5313.6960000000,0.0000000000
5313.7190000000,0.0000000000
5313.7460000000,0.0000000000
5313.7470000000,0.0000000000
5313.7700000000,0.0000000000
5313.7960000000,0.0000000000
5313.7970000000,0.0000000000
5313.8190000000,0.0000000000
5313.8460000000,0.0000000000
5313.8460000000,0.0000000000
5313.8690000000,0.0000000000
5313.8960000000,0.0000000000
5313.8980000000,0.0000000000
5313.9190000000,0.0000000000
5313.9460000000,0.0000000000
5313.9470000000,0.0000000000
5313.9690000000,0.0000000000
5313.9960000000,0.0000000000
5313.9960000000,0.0000000000
5314.0200000000,0.0000000000
5314.0470000000,0.0000000000
5314.0480000000,0.0000000000
5314.0690000000,0.0000000000
5314.0960000000,0.0000000000
5314.0960000000,0.0000000000
5314.1210000000,0.0000000000
5314.1460000000,0.0000000000
5314.1460000000,0.0000000000
5314.1690000000,0.0000000000
5314.1960000000,0.0000000000
5314.1960000000,0.0000000000
5314.2190000000,0.0000000000
5314.2460000000,0.0000000000
5314.2470000000,0.0000000000
5314.2690000000,0.0000000000
5314.2960000000,0.0000000000
5314.2970000000,0.0000000000
5314.3210000000,0.0000000000
5314.3460000000,0.0000000000
5314.3460000000,0.0000000000
5314.3690000000,0.0000000000
5314.3960000000,0.0000000000
5314.3970000000,0.0000000000
5314.4190000000,0.0000000000
5314.4470000000,0.0000000000
5314.4480000000,0.0000000000
5314.4690000000,0.0000000000
5314.4960000000,0.0000000000
5314.4970000000,0.0000000000
5314.5190000000,0.0000000000
5314.5460000000,0.0000000000
5314.5460000000,0.0000000000
5314.5690000000,0.0000000000
5314.5970000000,0.0000000000
5314.5970000000,0.0000000000
5314.6190000000,0.0000000000
5314.6460000000,0.0000000000
5314.6460000000,0.0000000000
5314.6700000000,0.0000000000
5314.6960000000,0.0000000000
5314.6970000000,0.0000000000
5314.7190000000,0.0000000000
5314.7460000000,0.0000000000
5314.7470000000,0.0000000000
5314.7690000000,0.0000000000
5314.7970000000,0.0000000000
5314.7970000000,0.0000000000
5314.8190000000,0.0000000000
5314.8460000000,0.0000000000
5314.8460000000,0.0000000000
5314.8690000000,0.0000000000
5314.8960000000,0.0000000000
5314.8960000000,0.0000000000
5314.9190000000,0.0000000000
5314.9460000000,0.0000000000
5314.9460000000,0.0000000000
5314.9690000000,0.0000000000
5314.9960000000,0.0000000000
5314.9960000000,0.0000000000
5315.0200000000,0.0000000000
5315.0460000000,0.0000000000
5315.0460000000,0.0000000000
5315.0700000000,0.0000000000
5315.0970000000,0.0000000000
5315.0970000000,0.0000000000
5315.1190000000,0.0000000000
5315.1470000000,0.0000000000
5315.1470000000,0.0000000000
5315.1700000000,0.0000000000
5315.1960000000,0.0000000000
5315.1970000000,0.0000000000
5315.2190000000,0.0000000000
5315.2460000000,0.0000000000
5315.2460000000,0.0000000000
5315.2690000000,0.0000000000
5315.2960000000,0.0000000000
5315.2960000000,0.0000000000
5315.3190000000,0.0000000000
5315.3470000000,0.0000000000
5315.3480000000,0.0000000000
5315.3690000000,0.0000000000
5315.3960000000,0.0000000000
5315.3960000000,0.0000000000
5315.4190000000,0.0000000000
5315.4460000000,0.0000000000
5315.4470000000,0.0000000000
5315.4700000000,0.0000000000
5315.4960000000,0.0000000000
5315.4960000000,0.0000000000
5315.5190000000,0.0000000000
5315.5460000000,0.0000000000
5315.5460000000,0.0000000000
5315.5700000000,0.0000000000
5315.5960000000,0.0000000000
5315.5970000000,0.0000000000
5315.6190000000,0.0000000000
5315.6470000000,0.0000000000
5315.6470000000,0.0000000000
5315.6690000000,0.0000000000
5315.6960000000,0.0000000000
5315.6970000000,0.0000000000
5315.7190000000,0.0000000000
5315.7460000000,0.0000000000
5315.7460000000,0.0000000000
5315.7690000000,0.0000000000
5315.7960000000,0.0000000000
5315.7960000000,0.0000000000
5315.8210000000,0.0000000000
5315.8460000000,0.0000000000
5315.8470000000,0.0000000000
5315.8700000000,0.0000000000
5315.8980000000,0.0000000000
5315.8990000000,0.0000000000
5315.9190000000,0.0000000000
5315.9460000000,0.0000000000
5315.9460000000,0.0000000000
5315.9690000000,0.0000000000
5315.9960000000,0.0000000000
5315.9970000000,0.0000000000
5316.0200000000,0.0000000000
5316.0470000000,0.0000000000
5316.0480000000,0.0000000000
5316.0690000000,0.0000000000
5316.0970000000,0.0000000000
5316.0970000000,0.0000000000
5316.1190000000,0.0000000000
5316.1470000000,0.0000000000
5316.1470000000,0.0000000000
5316.1690000000,0.0000000000
5316.1960000000,0.0000000000
5316.1960000000,0.0000000000
5316.2200000000,0.0000000000
5316.2460000000,0.0000000000
5316.2460000000,0.0000000000
5316.2690000000,0.0000000000
5316.2960000000,0.0000000000
5316.2960000000,0.0000000000
5316.3190000000,0.0000000000
5316.3460000000,0.0000000000
5316.3470000000,0.0000000000
5316.3690000000,0.0000000000
5316.3960000000,0.0000000000
5316.3960000000,0.0000000000
5316.4190000000,0.0000000000
5316.4460000000,0.0000000000
5316.4470000000,0.0000000000
5316.4690000000,0.0000000000
5316.4960000000,0.0000000000
5316.4970000000,0.0000000000
5316.5190000000,0.0000000000
5316.5460000000,0.0000000000
5316.5460000000,0.0000000000
5316.5700000000,0.0000000000
5316.5960000000,0.0000000000
5316.5960000000,0.0000000000
5316.6200000000,0.0000000000
5316.6460000000,0.0000000000
5316.6460000000,0.0000000000
5316.6700000000,0.0000000000
5316.6960000000,0.0000000000
5316.6960000000,0.0000000000
5316.7190000000,0.0000000000
5316.7460000000,0.0000000000
5316.7460000000,0.0000000000
5316.7690000000,0.0000000000
5316.7960000000,0.0000000000
5316.7960000000,0.0000000000
5316.8190000000,0.0000000000
5316.8460000000,0.0000000000
5316.8460000000,0.0000000000
5316.8690000000,0.0000000000
5316.8960000000,0.0000000000
5316.8970000000,0.0000000000
5316.9190000000,0.0000000000
5316.9460000000,0.0000000000
5316.9460000000,0.0000000000
5316.9690000000,0.0000000000
5316.9960000000,0.0000000000
5316.9960000000,0.0000000000
5317.0200000000,0.0000000000
5317.0460000000,0.0000000000
5317.0470000000,0.0000000000
5317.0700000000,0.0000000000
5317.0960000000,0.0000000000
5317.0960000000,0.0000000000
5317.1190000000,0.0000000000
5317.1470000000,0.0000000000
5317.1470000000,0.0000000000
5317.1700000000,0.0000000000
5317.1960000000,0.0000000000
5317.1960000000,0.0000000000
5317.2190000000,0.0000000000
5317.2470000000,0.0000000000
5317.2470000000,0.0000000000
5317.2690000000,0.0000000000
5317.2970000000,0.0000000000
5317.2970000000,0.0000000000
5317.3190000000,0.0000000000
5317.3460000000,0.0000000000
5317.3460000000,0.0000000000
5317.3690000000,0.0000000000
5317.3960000000,0.0000000000
5317.3970000000,0.0000000000
5317.4200000000,0.0000000000
5317.4460000000,0.0000000000
5317.4460000000,0.0000000000
5317.4690000000,0.0000000000
5317.4960000000,0.0000000000
5317.4960000000,0.0000000000
5317.5200000000,0.0000000000
5317.5460000000,0.0000000000
5317.5460000000,0.0000000000
5317.5690000000,0.0000000000
5317.5960000000,0.0000000000
5317.5960000000,0.0000000000
5317.6200000000,0.0000000000
5317.6460000000,0.0000000000
5317.6460000000,0.0000000000
5317.6710000000,0.0000000000
5317.6960000000,0.0000000000
5317.6970000000,0.0000000000
5317.7190000000,0.0000000000
5317.7460000000,0.0000000000
5317.7460000000,0.0000000000
5317.7690000000,0.0000000000
5317.7960000000,0.0000000000
5317.7960000000,0.0000000000
5317.8190000000,0.0000000000
5317.8460000000,0.0000000000
5317.8470000000,0.0000000000
5317.8690000000,0.0000000000
5317.8970000000,0.0000000000
5317.8970000000,0.0000000000
5317.9190000000,0.0000000000
5317.9460000000,0.0000000000
5317.9460000000,0.0000000000
5317.9690000000,0.0000000000
5317.9970000000,0.0000000000
5317.9970000000,0.0000000000
5318.0190000000,0.0000000000
5318.0470000000,0.0000000000
5318.0470000000,0.0000000000
5318.0690000000,0.0000000000
5318.0960000000,0.0000000000
5318.0970000000,0.0000000000
5318.1200000000,0.0000000000
5318.1460000000,0.0000000000
5318.1480000000,0.0000000000
5318.1690000000,0.0000000000
5318.1960000000,0.0000000000
5318.1960000000,0.0000000000
5318.2190000000,0.0000000000
5318.2460000000,0.0000000000
5318.2470000000,0.0000000000
5318.2690000000,0.0000000000
5318.2960000000,0.0000000000
5318.2960000000,0.0000000000
5318.3200000000,0.0000000000
5318.3470000000,0.0000000000
5318.3470000000,0.0000000000
5318.3700000000,0.0000000000
5318.3960000000,0.0000000000
5318.3960000000,0.0000000000
5318.4200000000,0.0000000000
5318.4460000000,0.0000000000
5318.4460000000,0.0000000000
5318.4690000000,0.0000000000
5318.4980000000,0.0000000000
5318.4980000000,0.0000000000
5318.5190000000,0.0000000000
5318.5460000000,0.0000000000
5318.5460000000,0.0000000000
5318.5700000000,0.0000000000
5318.5960000000,0.0000000000
5318.5960000000,0.0000000000
5318.6200000000,0.0000000000
5318.6460000000,0.0000000000
5318.6460000000,0.0000000000
5318.6690000000,0.0000000000
5318.6970000000,0.0000000000
5318.6970000000,0.0000000000
5318.7200000000,0.0000000000
5318.7460000000,0.0000000000
5318.7460000000,0.0000000000
5318.7700000000,0.0000000000
5318.7960000000,0.0000000000
5318.7960000000,0.0000000000
5318.8190000000,0.0000000000
5318.8460000000,0.0000000000
5318.8460000000,0.0000000000
5318.8690000000,0.0000000000
5318.8960000000,0.0000000000
5318.8960000000,0.0000000000
5318.9190000000,0.0000000000
5318.9460000000,0.0000000000
5318.9460000000,0.0000000000
5318.9690000000,0.0000000000
5318.9960000000,0.0000000000
5318.9960000000,0.0000000000
5319.0190000000,0.0000000000
5319.0460000000,0.0000000000
5319.0460000000,0.0000000000
5319.0690000000,0.0000000000
5319.0970000000,0.0000000000
5319.0970000000,0.0000000000
5319.1190000000,0.0000000000
5319.1470000000,0.0000000000
5319.1480000000,0.0000000000
5319.1690000000,0.0000000000
5319.1960000000,0.0000000000
5319.1960000000,0.0000000000
5319.2190000000,0.0000000000
5319.2460000000,0.0000000000
5319.2460000000,0.0000000000
5319.2700000000,0.0000000000
5319.2960000000,0.0000000000
5319.2960000000,0.0000000000
5319.3200000000,0.0000000000
5319.3460000000,0.0000000000
5319.3460000000,0.0000000000
5319.3690000000,0.0000000000
5319.3960000000,0.0000000000
5319.3970000000,0.0000000000
5319.4190000000,0.0000000000
5319.4470000000,0.0000000000
5319.4470000000,0.0000000000
5319.4700000000,0.0000000000
5319.4960000000,0.0000000000
5319.4970000000,0.0000000000
5319.5190000000,0.0000000000
5319.5460000000,0.0000000000
5319.5480000000,0.0000000000
5319.5690000000,0.0000000000
5319.5960000000,0.0000000000
5319.5980000000,0.0000000000
5319.6190000000,0.0000000000
5319.6460000000,0.0000000000
5319.6460000000,0.0000000000
5319.6690000000,0.0000000000
5319.6960000000,0.0000000000
5319.6970000000,0.0000000000
5319.7200000000,0.0000000000
5319.7460000000,0.0000000000
5319.7470000000,0.0000000000
5319.7690000000,0.0000000000
5319.7970000000,0.0000000000
5319.7970000000,0.0000000000
5319.8190000000,0.0000000000
5319.8460000000,0.0000000000
5319.8460000000,0.0000000000
5319.8690000000,0.0000000000
5319.8960000000,0.0000000000
5319.8960000000,0.0000000000
5319.9190000000,0.0000000000
5319.9470000000,0.0000000000
5319.9480000000,0.0000000000
5319.9690000000,0.0000000000
5319.9970000000,0.0000000000
5319.9970000000,0.0000000000
5320.0190000000,0.0000000000
5320.0460000000,0.0000000000
5320.0460000000,0.0000000000
5320.0700000000,0.0000000000
5320.0960000000,0.0000000000
5320.0960000000,0.0000000000
5320.1210000000,0.0000000000
5320.1460000000,0.0000000000
5320.1460000000,0.0000000000
5320.1690000000,0.0000000000
5320.1970000000,0.0000000000
5320.1970000000,0.0000000000
5320.2190000000,0.0000000000
5320.2460000000,0.0000000000
5320.2460000000,0.0000000000
5320.2690000000,0.0000000000
5320.2960000000,0.0000000000
5320.2960000000,0.0000000000
5320.3200000000,0.0000000000
5320.3460000000,0.0000000000
5320.3460000000,0.0000000000
5320.3700000000,0.0000000000
5320.3960000000,0.0000000000
5320.3960000000,0.0000000000
5320.4190000000,0.0000000000
5320.4470000000,0.0000000000
5320.4470000000,0.0000000000
5320.4690000000,0.0000000000
5320.4960000000,0.0000000000
5320.4970000000,0.0000000000
5320.5190000000,0.0000000000
5320.5460000000,0.0000000000
5320.5470000000,0.0000000000
5320.5690000000,0.0000000000
5320.5960000000,0.0000000000
5320.5960000000,0.0000000000
5320.6200000000,0.0000000000
5320.6460000000,0.0000000000
5320.6460000000,0.0000000000
5320.6710000000,0.0000000000
5320.6970000000,0.0000000000
5320.6970000000,0.0000000000
5320.7200000000,0.0000000000
5320.7450000000,0.0000000000
5320.7470000000,0.0000000000
5320.7690000000,0.0000000000
5320.7960000000,0.0000000000
5320.7970000000,0.0000000000
5320.8190000000,0.0000000000
5320.8460000000,0.0000000000
5320.8470000000,0.0000000000
5320.8690000000,0.0000000000
5320.8960000000,0.0000000000
5320.8960000000,0.0000000000
5320.9190000000,0.0000000000
5320.9470000000,0.0000000000
5320.9470000000,0.0000000000
5320.9700000000,0.0000000000
5320.9960000000,0.0000000000
5320.9960000000,0.0000000000
5321.0190000000,0.0000000000
5321.0470000000,0.0000000000
5321.0490000000,0.0000000000
5321.0690000000,0.0000000000
5321.0960000000,0.0000000000
5321.0970000000,0.0000000000
5321.1190000000,0.0000000000
5321.1460000000,0.0000000000
5321.1470000000,0.0000000000
5321.1700000000,0.0000000000
5321.1960000000,0.0000000000
5321.1970000000,0.0000000000
5321.2200000000,0.0000000000
5321.2460000000,0.0000000000
5321.2470000000,0.0000000000
5321.2700000000,0.0000000000
5321.2960000000,0.0000000000
5321.2960000000,0.0000000000
5321.3190000000,0.0000000000
5321.3460000000,0.0000000000
5321.3460000000,0.0000000000
5321.3680000000,0.0000000000
5321.3960000000,0.0000000000
5321.3960000000,0.0000000000
5321.4200000000,0.0000000000
5321.4470000000,0.0000000000
5321.4470000000,0.0000000000
5321.4700000000,0.0000000000
5321.4960000000,0.0000000000
5321.4960000000,0.0000000000
5321.5200000000,0.0000000000
5321.5470000000,0.0000000000
5321.5480000000,0.0000000000
5321.5690000000,0.0000000000
5321.5960000000,0.0000000000
5321.5960000000,0.0000000000
5321.6190000000,0.0000000000
5321.6470000000,0.0000000000
5321.6470000000,0.0000000000
5321.6690000000,0.0000000000
5321.6970000000,0.0000000000
5321.6970000000,0.0000000000
5321.7200000000,0.0000000000
5321.7470000000,0.0000000000
5321.7470000000,0.0000000000
5321.7690000000,0.0000000000
5321.7960000000,0.0000000000
5321.7960000000,0.0000000000
5321.8190000000,0.0000000000
5321.8460000000,0.0000000000
5321.8470000000,0.0000000000
5321.8690000000,0.0000000000
5321.8960000000,0.0000000000
5321.8960000000,0.0000000000
5321.9200000000,0.0000000000
5321.9460000000,0.0000000000
5321.9460000000,0.0000000000
5321.9690000000,0.0000000000
5321.9960000000,0.0000000000
5321.9960000000,0.0000000000
5322.0200000000,0.0000000000
5322.0460000000,0.0000000000
5322.0460000000,0.0000000000
5322.0700000000,0.0000000000
5322.0960000000,0.0000000000
5322.0980000000,0.0000000000
5322.1190000000,0.0000000000
5322.1470000000,0.0000000000
5322.1470000000,0.0000000000
5322.1690000000,0.0000000000
5322.1960000000,0.0000000000
5322.1960000000,0.0000000000
5322.2210000000,0.0000000000
5322.2460000000,0.0000000000
5322.2470000000,0.0000000000
5322.2690000000,0.0000000000
5322.2960000000,0.0000000000
5322.2960000000,0.0000000000
5322.3190000000,0.0000000000
5322.3470000000,0.0000000000
5322.3470000000,0.0000000000
5322.3690000000,0.0000000000
5322.3970000000,0.0000000000
5322.3970000000,0.0000000000
5322.4190000000,0.0000000000
5322.4470000000,0.0000000000
5322.4470000000,0.0000000000
5322.4690000000,0.0000000000
5322.4960000000,0.0000000000
5322.4960000000,0.0000000000
5322.5190000000,0.0000000000
5322.5460000000,0.0000000000
5322.5460000000,0.0000000000
5322.5700000000,0.0000000000
5322.5960000000,0.0000000000
5322.5960000000,0.0000000000
5322.6190000000,0.0000000000
5322.6460000000,0.0000000000
5322.6460000000,0.0000000000
5322.6700000000,0.0000000000
5322.6960000000,0.0000000000
5322.6960000000,0.0000000000
5322.7190000000,0.0000000000
5322.7460000000,0.0000000000
5322.7460000000,0.0000000000
5322.7690000000,0.0000000000
5322.7960000000,0.0000000000
5322.7970000000,0.0000000000
5322.8190000000,0.0000000000
5322.8460000000,0.0000000000
5322.8470000000,0.0000000000
5322.8690000000,0.0000000000
5322.8960000000,0.0000000000
5322.8960000000,0.0000000000
5322.9190000000,0.0000000000
5322.9470000000,0.0000000000
5322.9470000000,0.0000000000
5322.9690000000,0.0000000000
5322.9960000000,0.0000000000
5322.9960000000,0.0000000000
5323.0190000000,0.0000000000
5323.0460000000,0.0000000000
5323.0460000000,0.0000000000
5323.0690000000,0.0000000000
5323.0960000000,0.0000000000
5323.0960000000,0.0000000000
5323.1190000000,0.0000000000
5323.1460000000,0.0000000000
5323.1470000000,0.0000000000
5323.1690000000,0.0000000000
5323.1970000000,0.0000000000
5323.1970000000,0.0000000000
5323.2190000000,0.0000000000
5323.2460000000,0.0000000000
5323.2460000000,0.0000000000
5323.2710000000,0.0000000000
5323.2960000000,0.0000000000
5323.2970000000,0.0000000000
5323.3190000000,0.0000000000
5323.3470000000,0.0000000000
5323.3480000000,0.0000000000
5323.3700000000,0.0000000000
5323.3960000000,0.0000000000
5323.3960000000,0.0000000000
5323.4190000000,0.0000000000
5323.4460000000,0.0000000000
5323.4460000000,0.0000000000
5323.4700000000,0.0000000000
5323.4960000000,0.0000000000
5323.4970000000,0.0000000000
5323.5190000000,0.0000000000
5323.5460000000,0.0000000000
5323.5470000000,0.0000000000
5323.5690000000,0.0000000000
5323.5960000000,0.0000000000
5323.5970000000,0.0000000000
5323.6200000000,0.0000000000
5323.6460000000,0.0000000000
5323.6460000000,0.0000000000
5323.6700000000,0.0000000000
5323.6960000000,0.0000000000
5323.6960000000,0.0000000000
5323.7190000000,0.0000000000
5323.7460000000,0.0000000000
5323.7460000000,0.0000000000
5323.7690000000,0.0000000000
5323.7960000000,0.0000000000
5323.7970000000,0.0000000000
5323.8190000000,0.0000000000
5323.8460000000,0.0000000000
5323.8460000000,0.0000000000
5323.8690000000,0.0000000000
5323.8960000000,0.0000000000
5323.8970000000,0.0000000000
5323.9200000000,0.0000000000
5323.9460000000,0.0000000000
5323.9460000000,0.0000000000
5323.9710000000,0.0000000000
5323.9960000000,0.0000000000
5323.9960000000,0.0000000000
5324.0190000000,0.0000000000
5324.0470000000,0.0000000000
5324.0470000000,0.0000000000
5324.0690000000,0.0000000000
5324.0960000000,0.0000000000
5324.0960000000,0.0000000000
5324.1210000000,0.0000000000
5324.1460000000,0.0000000000
5324.1460000000,0.0000000000
5324.1690000000,0.0000000000
5324.1970000000,0.0000000000
5324.1970000000,0.0000000000
5324.2190000000,0.0000000000
5324.2460000000,0.0000000000
5324.2470000000,0.0000000000
5324.2690000000,0.0000000000
5324.2960000000,0.0000000000
5324.2960000000,0.0000000000
5324.3190000000,0.0000000000
5324.3460000000,0.0000000000
5324.3470000000,0.0000000000
5324.3690000000,0.0000000000
5324.3970000000,0.0000000000
5324.3970000000,0.0000000000
5324.4190000000,0.0000000000
5324.4460000000,0.0000000000
5324.4460000000,0.0000000000
5324.4690000000,0.0000000000
5324.4970000000,0.0000000000
5324.4980000000,0.0000000000
5324.5190000000,0.0000000000
5324.5460000000,0.0000000000
5324.5480000000,0.0000000000
5324.5690000000,0.0000000000
5324.5960000000,0.0000000000
5324.5960000000,0.0000000000
5324.6200000000,0.0000000000
5324.6460000000,0.0000000000
5324.6460000000,0.0000000000
5324.6690000000,0.0000000000
5324.6960000000,0.0000000000
5324.6970000000,0.0000000000
5324.7190000000,0.0000000000
5324.7470000000,0.0000000000
5324.7490000000,0.0000000000
5324.7700000000,0.0000000000
5324.7970000000,0.0000000000
5324.7970000000,0.0000000000
5324.8190000000,0.0000000000
5324.8460000000,0.0000000000
5324.8490000000,0.0000000000
5324.8690000000,0.0000000000
5324.8960000000,0.0000000000
5324.8960000000,0.0000000000
5324.9190000000,0.0000000000
5324.9460000000,0.0000000000
5324.9460000000,0.0000000000
5324.9690000000,0.0000000000
5324.9960000000,0.0000000000
5324.9960000000,0.0000000000
5325.0190000000,0.0000000000
5325.0460000000,0.0000000000
5325.0470000000,0.0000000000
5325.0690000000,0.0000000000
5325.0960000000,0.0000000000
5325.0960000000,0.0000000000
5325.1200000000,0.0000000000
5325.1460000000,0.0000000000
5325.1460000000,0.0000000000
5325.1700000000,0.0000000000
5325.1960000000,0.0000000000
5325.1960000000,0.0000000000
5325.2200000000,0.0000000000
5325.2460000000,0.0000000000
5325.2460000000,0.0000000000
5325.2690000000,0.0000000000
5325.2970000000,0.0000000000
5325.2980000000,0.0000000000
5325.3190000000,0.0000000000
5325.3470000000,0.0000000000
5325.3470000000,0.0000000000
5325.3690000000,0.0000000000
5325.3960000000,0.0000000000
5325.3960000000,0.0000000000
5325.4190000000,0.0000000000
5325.4460000000,0.0000000000
5325.4460000000,0.0000000000
5325.4690000000,0.0000000000
5325.4970000000,0.0000000000
5325.4970000000,0.0000000000
5325.5200000000,0.0000000000
5325.5460000000,0.0000000000
5325.5460000000,0.0000000000
5325.5700000000,0.0000000000
5325.5970000000,0.0000000000
5325.5970000000,0.0000000000
5325.6190000000,0.0000000000
5325.6460000000,0.0000000000
5325.6470000000,0.0000000000
5325.6690000000,0.0000000000
5325.6960000000,0.0000000000
5325.6960000000,0.0000000000
5325.7190000000,0.0000000000
5325.7460000000,0.0000000000
5325.7480000000,0.0000000000
5325.7690000000,0.0000000000
5325.7960000000,0.0000000000
5325.7970000000,0.0000000000
5325.8190000000,0.0000000000
5325.8460000000,0.0000000000
5325.8460000000,0.0000000000
5325.8690000000,0.0000000000
5325.8960000000,0.0000000000
5325.8960000000,0.0000000000
5325.9190000000,0.0000000000
5325.9460000000,0.0000000000
5325.9460000000,0.0000000000
5325.9700000000,0.0000000000
5325.9960000000,0.0000000000
5325.9980000000,0.0000000000
5326.0190000000,0.0000000000
5326.0460000000,0.0000000000
5326.0470000000,0.0000000000
5326.0690000000,0.0000000000
5326.0970000000,0.0000000000
5326.0970000000,0.0000000000
5326.1200000000,0.0000000000
5326.1450000000,0.0000000000
5326.1470000000,0.0000000000
5326.1710000000,0.0000000000
5326.1960000000,0.0000000000
5326.1960000000,0.0000000000
5326.2190000000,0.0000000000
5326.2460000000,0.0000000000
5326.2480000000,0.0000000000
5326.2690000000,0.0000000000
5326.2950000000,0.0000000000
5326.2970000000,0.0000000000
5326.3190000000,0.0000000000
5326.3460000000,0.0000000000
5326.3460000000,0.0000000000
5326.3700000000,0.0000000000
5326.3960000000,0.0000000000
5326.3960000000,0.0000000000
5326.4200000000,0.0000000000
5326.4470000000,0.0000000000
5326.4470000000,0.0000000000
5326.4690000000,0.0000000000
5326.4960000000,0.0000000000
5326.4960000000,0.0000000000
5326.5200000000,0.0000000000
5326.5460000000,0.0000000000
5326.5460000000,0.0000000000
5326.5700000000,0.0000000000
5326.5970000000,0.0000000000
5326.5970000000,0.0000000000
5326.6200000000,0.0000000000
5326.6470000000,0.0000000000
5326.6470000000,0.0000000000
5326.6700000000,0.0000000000
5326.6960000000,0.0000000000
5326.6970000000,0.0000000000
5326.7190000000,0.0000000000
5326.7460000000,0.0000000000
5326.7460000000,0.0000000000
5326.7700000000,0.0000000000
5326.7960000000,0.0000000000
5326.7960000000,0.0000000000
5326.8190000000,0.0000000000
5326.8460000000,0.0000000000
5326.8460000000,0.0000000000
5326.8690000000,0.0000000000
5326.8960000000,0.0000000000
5326.8970000000,0.0000000000
5326.9200000000,0.0000000000
5326.9470000000,0.0000000000
5326.9470000000,0.0000000000
5326.9690000000,0.0000000000
5326.9960000000,0.0000000000
5326.9970000000,0.0000000000
5327.0190000000,0.0000000000
5327.0460000000,0.0000000000
5327.0460000000,0.0000000000
5327.0700000000,0.0000000000
5327.0960000000,0.0000000000
5327.0960000000,0.0000000000
5327.1190000000,0.0000000000
5327.1460000000,0.0000000000
5327.1460000000,0.0000000000
5327.1710000000,0.0000000000
5327.1960000000,0.0000000000
5327.1980000000,0.0000000000
5327.2190000000,0.0000000000
5327.2470000000,0.0000000000
5327.2470000000,0.0000000000
5327.2690000000,0.0000000000
5327.2960000000,0.0000000000
5327.2960000000,0.0000000000
5327.3190000000,0.0000000000
5327.3460000000,0.0000000000
5327.3470000000,0.0000000000
5327.3700000000,0.0000000000
5327.3960000000,0.0000000000
5327.3970000000,0.0000000000
5327.4190000000,0.0000000000
5327.4460000000,0.0000000000
5327.4460000000,0.0000000000
5327.4690000000,0.0000000000
5327.4960000000,0.0000000000
5327.4960000000,0.0000000000
5327.5190000000,0.0000000000
5327.5470000000,0.0000000000
5327.5470000000,0.0000000000
5327.5690000000,0.0000000000
5327.5960000000,0.0000000000
5327.5980000000,0.0000000000
5327.6200000000,0.0000000000
5327.6460000000,0.0000000000
5327.6470000000,0.0000000000
5327.6690000000,0.0000000000
5327.6960000000,0.0000000000
5327.6960000000,0.0000000000
5327.7190000000,0.0000000000
5327.7460000000,0.0000000000
5327.7460000000,0.0000000000
5327.7700000000,0.0000000000
5327.7960000000,0.0000000000
5327.7970000000,0.0000000000
5327.8190000000,0.0000000000
5327.8460000000,0.0000000000
5327.8480000000,0.0000000000
5327.8690000000,0.0000000000
5327.8960000000,0.0000000000
5327.8960000000,0.0000000000
5327.9190000000,0.0000000000
5327.9450000000,0.0000000000
5327.9470000000,0.0000000000
5327.9690000000,0.0000000000
5327.9970000000,0.0000000000
5327.9970000000,0.0000000000
5328.0190000000,0.0000000000
5328.0470000000,0.0000000000
5328.0470000000,0.0000000000
5328.0690000000,0.0000000000
5328.0960000000,0.0000000000
5328.0960000000,0.0000000000
5328.1190000000,0.0000000000
5328.1460000000,0.0000000000
5328.1460000000,0.0000000000
5328.1690000000,0.0000000000
5328.1960000000,0.0000000000
5328.1960000000,0.0000000000
5328.2190000000,0.0000000000
5328.2460000000,0.0000000000
5328.2470000000,0.0000000000
5328.2690000000,0.0000000000
5328.2960000000,0.0000000000
5328.2960000000,0.0000000000
5328.3190000000,0.0000000000
5328.3460000000,0.0000000000
5328.3460000000,0.0000000000
5328.3700000000,0.0000000000
5328.3960000000,0.0000000000
5328.3960000000,0.0000000000
5328.4200000000,0.0000000000
5328.4450000000,0.0000000000
5328.4470000000,0.0000000000
5328.4690000000,0.0000000000
5328.4960000000,0.0000000000
5328.4980000000,0.0000000000
5328.5190000000,0.0000000000
5328.5460000000,0.0000000000
5328.5460000000,0.0000000000
5328.5690000000,0.0000000000
5328.5960000000,0.0000000000
5328.5960000000,0.0000000000
5328.6190000000,0.0000000000
5328.6460000000,0.0000000000
5328.6460000000,0.0000000000
5328.6690000000,0.0000000000
5328.6960000000,0.0000000000
5328.6970000000,0.0000000000
5328.7190000000,0.0000000000
5328.7460000000,0.0000000000
5328.7470000000,0.0000000000
5328.7690000000,0.0000000000
5328.7960000000,0.0000000000
5328.7960000000,0.0000000000
5328.8190000000,0.0000000000
5328.8460000000,0.0000000000
5328.8460000000,0.0000000000
5328.8690000000,0.0000000000
5328.8960000000,0.0000000000
5328.8970000000,0.0000000000
5328.9200000000,0.0000000000
5328.9460000000,0.0000000000
5328.9460000000,0.0000000000
5328.9700000000,0.0000000000
5328.9960000000,0.0000000000
5328.9970000000,0.0000000000
5329.0190000000,0.0000000000
5329.0470000000,0.0000000000
5329.0480000000,0.0000000000
5329.0700000000,0.0000000000
5329.0970000000,0.0000000000
5329.0970000000,0.0000000000
5329.1190000000,0.0000000000
5329.1460000000,0.0000000000
5329.1460000000,0.0000000000
5329.1690000000,0.0000000000
5329.1960000000,0.0000000000
5329.1960000000,0.0000000000
5329.2190000000,0.0000000000
5329.2460000000,0.0000000000
5329.2470000000,0.0000000000
5329.2690000000,0.0000000000
5329.2960000000,0.0000000000
5329.2970000000,0.0000000000
5329.3190000000,0.0000000000
5329.3460000000,0.0000000000
5329.3470000000,0.0000000000
5329.3690000000,0.0000000000
5329.3960000000,0.0000000000
5329.3970000000,0.0000000000
5329.4190000000,0.0000000000
5329.4460000000,0.0000000000
5329.4460000000,0.0000000000
5329.4700000000,0.0000000000
5329.4960000000,0.0000000000
5329.4980000000,0.0000000000
5329.5190000000,0.0000000000
5329.5460000000,0.0000000000
5329.5460000000,0.0000000000
5329.5700000000,0.0000000000
5329.5960000000,0.0000000000
5329.5960000000,0.0000000000
5329.6190000000,0.0000000000
5329.6460000000,0.0000000000
5329.6470000000,0.0000000000
5329.6690000000,0.0000000000
5329.6970000000,0.0000000000
5329.6970000000,0.0000000000
5329.7190000000,0.0000000000
5329.7460000000,0.0000000000
5329.7470000000,0.0000000000
5329.7690000000,0.0000000000
5329.7970000000,0.0000000000
5329.7970000000,0.0000000000
5329.8190000000,0.0000000000
5329.8460000000,0.0000000000
5329.8470000000,0.0000000000
5329.8690000000,0.0000000000
5329.8960000000,0.0000000000
5329.8980000000,0.0000000000
5329.9190000000,0.0000000000
5329.9460000000,0.0000000000
5329.9470000000,0.0000000000
5329.9710000000,0.0000000000
5329.9960000000,0.0000000000
5329.9960000000,0.0000000000
5330.0190000000,0.0000000000
5330.0470000000,0.0000000000
5330.0470000000,0.0000000000
5330.0700000000,0.0000000000
5330.0960000000,0.0000000000
5330.0960000000,0.0000000000
5330.1190000000,0.0000000000
5330.1460000000,0.0000000000
5330.1460000000,0.0000000000
5330.1690000000,0.0000000000
5330.1960000000,0.0000000000
5330.1960000000,0.0000000000
5330.2190000000,0.0000000000
5330.2460000000,0.0000000000
5330.2460000000,0.0000000000
5330.2690000000,0.0000000000
5330.2960000000,0.0000000000
5330.2960000000,0.0000000000
5330.3190000000,0.0000000000
5330.3460000000,0.0000000000
5330.3460000000,0.0000000000
5330.3690000000,0.0000000000
5330.3970000000,0.0000000000
5330.3970000000,0.0000000000
5330.4190000000,0.0000000000
5330.4460000000,0.0000000000
5330.4460000000,0.0000000000
5330.4700000000,0.0000000000
5330.4970000000,0.0000000000
5330.4970000000,0.0000000000
5330.5190000000,0.0000000000
5330.5470000000,0.0000000000
5330.5480000000,0.0000000000
5330.5690000000,0.0000000000
5330.5970000000,0.0000000000
5330.5980000000,0.0000000000
5330.6190000000,0.0000000000
5330.6460000000,0.0000000000
5330.6460000000,0.0000000000
5330.6690000000,0.0000000000
5330.6960000000,0.0000000000
5330.6960000000,0.0000000000
5330.7190000000,0.0000000000
5330.7460000000,0.0000000000
5330.7460000000,0.0000000000
5330.7690000000,0.0000000000
5330.7960000000,0.0000000000
5330.7970000000,0.0000000000
5330.8190000000,0.0000000000
5330.8460000000,0.0000000000
5330.8470000000,0.0000000000
5330.8700000000,0.0000000000
5330.8960000000,0.0000000000
5330.8980000000,0.0000000000
5330.9190000000,0.0000000000
5330.9460000000,0.0000000000
5330.9460000000,0.0000000000
5330.9700000000,0.0000000000
5330.9960000000,0.0000000000
5330.9980000000,0.0000000000
5331.0190000000,0.0000000000
5331.0460000000,0.0000000000
5331.0480000000,0.0000000000
5331.0700000000,0.0000000000
5331.0960000000,0.0000000000
5331.0970000000,0.0000000000
5331.1190000000,0.0000000000
5331.1460000000,0.0000000000
5331.1460000000,0.0000000000
5331.1700000000,0.0000000000
5331.1960000000,0.0000000000
5331.1960000000,0.0000000000
5331.2200000000,0.0000000000
5331.2460000000,0.0000000000
5331.2480000000,0.0000000000
5331.2690000000,0.0000000000
5331.2960000000,0.0000000000
5331.2980000000,0.0000000000
5331.3190000000,0.0000000000
5331.3460000000,0.0000000000
5331.3460000000,0.0000000000
5331.3690000000,0.0000000000
5331.3960000000,0.0000000000
5331.3960000000,0.0000000000
5331.4190000000,0.0000000000
5331.4460000000,0.0000000000
5331.4470000000,0.0000000000
5331.4690000000,0.0000000000
5331.4950000000,0.0000000000
5331.4950000000,0.0000000000
5331.5190000000,0.0000000000
5331.5460000000,0.0000000000
5331.5460000000,0.0000000000
5331.5690000000,0.0000000000
5331.5970000000,0.0000000000
5331.5970000000,0.0000000000
5331.6190000000,0.0000000000
5331.6460000000,0.0000000000
5331.6460000000,0.0000000000
5331.6700000000,0.0000000000
5331.6960000000,0.0000000000
5331.6970000000,0.0000000000
5331.7190000000,0.0000000000
5331.7460000000,0.0000000000
5331.7460000000,0.0000000000
5331.7690000000,0.0000000000
5331.7960000000,0.0000000000
5331.7960000000,0.0000000000
5331.8200000000,0.0000000000
5331.8470000000,0.0000000000
5331.8470000000,0.0000000000
5331.8690000000,0.0000000000
5331.8970000000,0.0000000000
5331.8980000000,0.0000000000
5331.9190000000,0.0000000000
5331.9460000000,0.0000000000
5331.9460000000,0.0000000000
5331.9690000000,0.0000000000
5331.9960000000,0.0000000000
5331.9960000000,0.0000000000
5332.0190000000,0.0000000000
5332.0470000000,0.0000000000
5332.0470000000,0.0000000000
5332.0700000000,0.0000000000
5332.0970000000,0.0000000000
5332.0970000000,0.0000000000
5332.1200000000,0.0000000000
5332.1460000000,0.0000000000
5332.1460000000,0.0000000000
5332.1690000000,0.0000000000
5332.1970000000,0.0000000000
5332.1970000000,0.0000000000
5332.2190000000,0.0000000000
5332.2460000000,0.0000000000
5332.2460000000,0.0000000000
5332.2700000000,0.0000000000
5332.2960000000,0.0000000000
5332.2960000000,0.0000000000
5332.3200000000,0.0000000000
5332.3460000000,0.0000000000
5332.3460000000,0.0000000000
5332.3690000000,0.0000000000
5332.3960000000,0.0000000000
5332.3970000000,0.0000000000
5332.4190000000,0.0000000000
5332.4460000000,0.0000000000
5332.4470000000,0.0000000000
5332.4690000000,0.0000000000
5332.4960000000,0.0000000000
5332.4960000000,0.0000000000
5332.5190000000,0.0000000000
5332.5460000000,0.0000000000
5332.5460000000,0.0000000000
5332.5700000000,0.0000000000
5332.5970000000,0.0000000000
5332.5970000000,0.0000000000
5332.6190000000,0.0000000000
5332.6460000000,0.0000000000
5332.6490000000,0.0000000000
5332.6690000000,0.0000000000
5332.6960000000,0.0000000000
5332.6970000000,0.0000000000
5332.7190000000,0.0000000000
5332.7470000000,0.0000000000
5332.7470000000,0.0000000000
5332.7690000000,0.0000000000
5332.7960000000,0.0000000000
5332.7970000000,0.0000000000
5332.8190000000,0.0000000000
5332.8460000000,0.0000000000
5332.8460000000,0.0000000000
5332.8690000000,0.0000000000
5332.8960000000,0.0000000000
5332.8970000000,0.0000000000
5332.9190000000,0.0000000000
5332.9460000000,0.0000000000
5332.9460000000,0.0000000000
5332.9690000000,0.0000000000
5332.9960000000,0.0000000000
5332.9960000000,0.0000000000
5333.0190000000,0.0000000000
5333.0460000000,0.0000000000
5333.0460000000,0.0000000000
5333.0700000000,0.0000000000
5333.0960000000,0.0000000000
5333.0960000000,0.0000000000
5333.1190000000,0.0000000000
5333.1460000000,0.0000000000
5333.1470000000,0.0000000000
5333.1690000000,0.0000000000
5333.1960000000,0.0000000000
5333.1970000000,0.0000000000
5333.2190000000,0.0000000000
5333.2460000000,0.0000000000
5333.2470000000,0.0000000000
5333.2690000000,0.0000000000
5333.2970000000,0.0000000000
5333.2980000000,0.0000000000
5333.3190000000,0.0000000000
5333.3470000000,0.0000000000
5333.3470000000,0.0000000000
5333.3700000000,0.0000000000
5333.3960000000,0.0000000000
5333.3960000000,0.0000000000
5333.4200000000,0.0000000000
5333.4460000000,0.0000000000
5333.4460000000,0.0000000000
5333.4710000000,0.0000000000
5333.4960000000,0.0000000000
5333.4960000000,0.0000000000
5333.5200000000,0.0000000000
5333.5460000000,0.0000000000
5333.5480000000,0.0000000000
5333.5690000000,0.0000000000
5333.5960000000,0.0000000000
5333.5970000000,0.0000000000
5333.6190000000,0.0000000000
5333.6460000000,0.0000000000
5333.6460000000,0.0000000000
5333.6700000000,0.0000000000
5333.6960000000,0.0000000000
5333.6960000000,0.0000000000
5333.7200000000,0.0000000000
5333.7470000000,0.0000000000
5333.7480000000,0.0000000000
5333.7700000000,0.0000000000
5333.7960000000,0.0000000000
5333.7960000000,0.0000000000
5333.8190000000,0.0000000000
5333.8470000000,0.0000000000
5333.8480000000,0.0000000000
5333.8690000000,0.0000000000
5333.8980000000,0.0000000000
5333.9000000000,0.0000000000
5333.9200000000,0.0000000000
5333.9460000000,0.0000000000
5333.9460000000,0.0000000000
5333.9700000000,0.0000000000
5333.9960000000,0.0000000000
5333.9970000000,0.0000000000
5334.0190000000,0.0000000000
5334.0460000000,0.0000000000
5334.0480000000,0.0000000000
5334.0690000000,0.0000000000
5334.0960000000,0.0000000000
5334.0970000000,0.0000000000
5334.1190000000,0.0000000000
5334.1460000000,0.0000000000
5334.1460000000,0.0000000000
5334.1690000000,0.0000000000
5334.1970000000,0.0000000000
5334.1970000000,0.0000000000
5334.2190000000,0.0000000000
5334.2460000000,0.0000000000
5334.2460000000,0.0000000000
5334.2710000000,0.0000000000
5334.2960000000,0.0000000000
5334.2960000000,0.0000000000
5334.3200000000,0.0000000000
5334.3460000000,0.0000000000
5334.3460000000,0.0000000000
5334.3700000000,0.0000000000
5334.3960000000,0.0000000000
5334.3960000000,0.0000000000
5334.4200000000,0.0000000000
5334.4470000000,0.0000000000
5334.4470000000,0.0000000000
5334.4690000000,0.0000000000
5334.4970000000,0.0000000000
5334.4970000000,0.0000000000
5334.5190000000,0.0000000000
5334.5470000000,0.0000000000
5334.5470000000,0.0000000000
5334.5690000000,0.0000000000
5334.5960000000,0.0000000000
5334.5960000000,0.0000000000
5334.6200000000,0.0000000000
5334.6460000000,0.0000000000
5334.6470000000,0.0000000000
5334.6690000000,0.0000000000
5334.6960000000,0.0000000000
5334.6960000000,0.0000000000
5334.7190000000,0.0000000000
5334.7460000000,0.0000000000
5334.7470000000,0.0000000000
5334.7690000000,0.0000000000
5334.7960000000,0.0000000000
5334.7970000000,0.0000000000
5334.8190000000,0.0000000000
5334.8470000000,0.0000000000
5334.8470000000,0.0000000000
5334.8690000000,0.0000000000
5334.8960000000,0.0000000000
5334.8960000000,0.0000000000
5334.9190000000,0.0000000000
5334.9460000000,0.0000000000
5334.9460000000,0.0000000000
5334.9690000000,0.0000000000
5334.9970000000,0.0000000000
5334.9970000000,0.0000000000
5335.0190000000,0.0000000000
5335.0460000000,0.0000000000
5335.0460000000,0.0000000000
5335.0690000000,0.0000000000
5335.0960000000,0.0000000000
5335.0960000000,0.0000000000
5335.1190000000,0.0000000000
5335.1460000000,0.0000000000
5335.1460000000,0.0000000000
5335.1690000000,0.0000000000
5335.1960000000,0.0000000000
5335.1960000000,0.0000000000
5335.2200000000,0.0000000000
5335.2470000000,0.0000000000
5335.2470000000,0.0000000000
5335.2690000000,0.0000000000
5335.2960000000,0.0000000000
5335.2960000000,0.0000000000
5335.3200000000,0.0000000000
5335.3460000000,0.0000000000
5335.3460000000,0.0000000000
5335.3700000000,0.0000000000
5335.3960000000,0.0000000000
5335.3960000000,0.0000000000
5335.4190000000,0.0000000000
5335.4460000000,0.0000000000
5335.4460000000,0.0000000000
5335.4700000000,0.0000000000
5335.4960000000,0.0000000000
5335.4960000000,0.0000000000
5335.5190000000,0.0000000000
5335.5460000000,0.0000000000
5335.5460000000,0.0000000000
5335.5700000000,0.0000000000
5335.5960000000,0.0000000000
5335.5970000000,0.0000000000
5335.6190000000,0.0000000000
5335.6460000000,0.0000000000
5335.6460000000,0.0000000000
5335.6700000000,0.0000000000
5335.6970000000,0.0000000000
5335.6970000000,0.0000000000
5335.7190000000,0.0000000000
5335.7470000000,0.0000000000
5335.7480000000,0.0000000000
5335.7690000000,0.0000000000
5335.7960000000,0.0000000000
5335.7970000000,0.0000000000
5335.8200000000,0.0000000000
5335.8460000000,0.0000000000
5335.8460000000,0.0000000000
5335.8700000000,0.0000000000
5335.8960000000,0.0000000000
5335.8960000000,0.0000000000
5335.9190000000,0.0000000000
5335.9460000000,0.0000000000
5335.9490000000,0.0000000000
5335.9690000000,0.0000000000
5335.9970000000,0.0000000000
5335.9970000000,0.0000000000
5336.0190000000,0.0000000000
5336.0460000000,0.0000000000
5336.0460000000,0.0000000000
5336.0690000000,0.0000000000
5336.0970000000,0.0000000000
5336.0970000000,0.0000000000
5336.1200000000,0.0000000000
5336.1460000000,0.0000000000
5336.1470000000,0.0000000000
5336.1690000000,0.0000000000
5336.1960000000,0.0000000000
5336.1970000000,0.0000000000
5336.2200000000,0.0000000000
5336.2460000000,0.0000000000
5336.2460000000,0.0000000000
5336.2690000000,0.0000000000
5336.2960000000,0.0000000000
5336.2960000000,0.0000000000
5336.3190000000,0.0000000000
5336.3460000000,0.0000000000
5336.3460000000,0.0000000000
5336.3690000000,0.0000000000
5336.3960000000,0.0000000000
5336.3960000000,0.0000000000
5336.4200000000,0.0000000000
5336.4460000000,0.0000000000
5336.4460000000,0.0000000000
5336.4690000000,0.0000000000
5336.4970000000,0.0000000000
5336.4970000000,0.0000000000
5336.5190000000,0.0000000000
5336.5480000000,0.0000000000
5336.5480000000,0.0000000000
5336.5690000000,0.0000000000
5336.5960000000,0.0000000000
5336.5960000000,0.0000000000
5336.6190000000,0.0000000000
5336.6470000000,0.0000000000
5336.6470000000,0.0000000000
5336.6710000000,0.0000000000
5336.6960000000,0.0000000000
5336.6960000000,0.0000000000
5336.7190000000,0.0000000000
5336.7460000000,0.0000000000
5336.7460000000,0.0000000000
5336.7700000000,0.0000000000
5336.7960000000,0.0000000000
5336.7960000000,0.0000000000
5336.8190000000,0.0000000000
5336.8470000000,0.0000000000
5336.8480000000,0.0000000000
5336.8690000000,0.0000000000
5336.8950000000,0.0000000000
5336.8980000000,0.0000000000
5336.9200000000,0.0000000000
5336.9470000000,0.0000000000
5336.9470000000,0.0000000000
5336.9690000000,0.0000000000
5336.9960000000,0.0000000000
5336.9960000000,0.0000000000
5337.0190000000,0.0000000000
5337.0460000000,0.0000000000
5337.0460000000,0.0000000000
5337.0690000000,0.0000000000
5337.0960000000,0.0000000000
5337.0960000000,0.0000000000
5337.1190000000,0.0000000000
5337.1460000000,0.0000000000
5337.1470000000,0.0000000000
5337.1690000000,0.0000000000
5337.1960000000,0.0000000000
5337.1960000000,0.0000000000
5337.2190000000,0.0000000000
5337.2460000000,0.0000000000
5337.2460000000,0.0000000000
5337.2690000000,0.0000000000
5337.2970000000,0.0000000000
5337.2970000000,0.0000000000
5337.3190000000,0.0000000000
5337.3460000000,0.0000000000
5337.3460000000,0.0000000000
5337.3700000000,0.0000000000
5337.3960000000,0.0000000000
5337.3960000000,0.0000000000
5337.4190000000,0.0000000000
5337.4460000000,0.0000000000
5337.4460000000,0.0000000000
5337.4700000000,0.0000000000
5337.4960000000,0.0000000000
5337.4960000000,0.0000000000
5337.5190000000,0.0000000000
5337.5460000000,0.0000000000
5337.5460000000,0.0000000000
5337.5700000000,0.0000000000
5337.5970000000,0.0000000000
5337.5970000000,0.0000000000
5337.6200000000,0.0000000000
5337.6460000000,0.0000000000
5337.6460000000,0.0000000000
5337.6690000000,0.0000000000
5337.6970000000,0.0000000000
5337.6970000000,0.0000000000
5337.7190000000,0.0000000000
5337.7460000000,0.0000000000
5337.7460000000,0.0000000000
5337.7700000000,0.0000000000
5337.7960000000,0.0000000000
5337.7960000000,0.0000000000
5337.8190000000,0.0000000000
5337.8470000000,0.0000000000
5337.8470000000,0.0000000000
5337.8680000000,0.0000000000
5337.8960000000,0.0000000000
5337.8960000000,0.0000000000
5337.9200000000,0.0000000000
5337.9470000000,0.0000000000
5337.9470000000,0.0000000000
5337.9690000000,0.0000000000
5337.9970000000,0.0000000000
5337.9970000000,0.0000000000
5338.0190000000,0.0000000000
5338.0460000000,0.0000000000
5338.0460000000,0.0000000000
5338.0690000000,0.0000000000
5338.0960000000,0.0000000000
5338.0960000000,0.0000000000
5338.1190000000,0.0000000000
5338.1460000000,0.0000000000
5338.1460000000,0.0000000000
5338.1690000000,0.0000000000
5338.1980000000,0.0000000000
5338.1980000000,0.0000000000
5338.2190000000,0.0000000000
5338.2460000000,0.0000000000
5338.2460000000,0.0000000000
5338.2690000000,0.0000000000
5338.2960000000,0.0000000000
5338.2960000000,0.0000000000
5338.3200000000,0.0000000000
5338.3470000000,0.0000000000
5338.3480000000,0.0000000000
5338.3700000000,0.0000000000
5338.3960000000,0.0000000000
5338.3960000000,0.0000000000
5338.4190000000,0.0000000000
5338.4470000000,0.0000000000
5338.4470000000,0.0000000000
5338.4690000000,0.0000000000
5338.4960000000,0.0000000000
5338.4960000000,0.0000000000
5338.5190000000,0.0000000000
5338.5470000000,0.0000000000
5338.5470000000,0.0000000000
5338.5690000000,0.0000000000
5338.5960000000,0.0000000000
5338.5960000000,0.0000000000
5338.6190000000,0.0000000000
5338.6460000000,0.0000000000
5338.6460000000,0.0000000000
5338.6700000000,0.0000000000
5338.6960000000,0.0000000000
5338.6970000000,0.0000000000
5338.7200000000,0.0000000000
5338.7460000000,0.0000000000
5338.7480000000,0.0000000000
5338.7690000000,0.0000000000
5338.7960000000,0.0000000000
5338.7970000000,0.0000000000
5338.8190000000,0.0000000000
5338.8470000000,0.0000000000
5338.8480000000,0.0000000000
5338.8690000000,0.0000000000
5338.8960000000,0.0000000000
5338.8970000000,0.0000000000
5338.9190000000,0.0000000000
5338.9460000000,0.0000000000
5338.9460000000,0.0000000000
5338.9690000000,0.0000000000
5338.9960000000,0.0000000000
5338.9960000000,0.0000000000
5339.0190000000,0.0000000000
5339.0470000000,0.0000000000
5339.0470000000,0.0000000000
5339.0690000000,0.0000000000
5339.0960000000,0.0000000000
5339.0960000000,0.0000000000
5339.1190000000,0.0000000000
5339.1460000000,0.0000000000
5339.1470000000,0.0000000000
5339.1680000000,0.0000000000
5339.1960000000,0.0000000000
5339.1970000000,0.0000000000
5339.2190000000,0.0000000000
5339.2460000000,0.0000000000
5339.2470000000,0.0000000000
5339.2700000000,0.0000000000
5339.2970000000,0.0000000000
5339.2980000000,0.0000000000
5339.3190000000,0.0000000000
5339.3460000000,0.0000000000
5339.3470000000,0.0000000000
5339.3690000000,0.0000000000
5339.3960000000,0.0000000000
5339.3970000000,0.0000000000
5339.4200000000,0.0000000000
5339.4460000000,0.0000000000
5339.4460000000,0.0000000000
5339.4700000000,0.0000000000
5339.4970000000,0.0000000000
5339.4970000000,0.0000000000
5339.5190000000,0.0000000000
5339.5460000000,0.0000000000
5339.5470000000,0.0000000000
5339.5690000000,0.0000000000
5339.5960000000,0.0000000000
5339.5960000000,0.0000000000
5339.6210000000,0.0000000000
5339.6460000000,0.0000000000
5339.6460000000,0.0000000000
5339.6700000000,0.0000000000
5339.6950000000,0.0000000000
5339.6960000000,0.0000000000
5339.7200000000,0.0000000000
5339.7460000000,0.0000000000
5339.7460000000,0.0000000000
5339.7690000000,0.0000000000
5339.7960000000,0.0000000000
5339.7970000000,0.0000000000
5339.8200000000,0.0000000000
5339.8460000000,0.0000000000
5339.8460000000,0.0000000000
5339.8690000000,0.0000000000
5339.8970000000,0.0000000000
5339.8970000000,0.0000000000
5339.9190000000,0.0000000000
5339.9460000000,0.0000000000
5339.9460000000,0.0000000000
5339.9690000000,0.0000000000
5339.9960000000,0.0000000000
5339.9970000000,0.0000000000
5340.0190000000,0.0000000000
5340.0460000000,0.0000000000
5340.0460000000,0.0000000000
5340.0690000000,0.0000000000
5340.0960000000,0.0000000000
5340.0960000000,0.0000000000
5340.1190000000,0.0000000000
5340.1460000000,0.0000000000
5340.1460000000,0.0000000000
5340.1690000000,0.0000000000
5340.1970000000,0.0000000000
5340.1980000000,0.0000000000
5340.2190000000,0.0000000000
5340.2460000000,0.0000000000
5340.2460000000,0.0000000000
5340.2710000000,0.0000000000
5340.2960000000,0.0000000000
5340.2960000000,0.0000000000
5340.3200000000,0.0000000000
5340.3460000000,0.0000000000
5340.3460000000,0.0000000000
5340.3700000000,0.0000000000
5340.3960000000,0.0000000000
5340.3960000000,0.0000000000
5340.4190000000,0.0000000000
5340.4460000000,0.0000000000
5340.4460000000,0.0000000000
5340.4700000000,0.0000000000
5340.4960000000,0.0000000000
5340.4970000000,0.0000000000
5340.5200000000,0.0000000000
5340.5460000000,0.0000000000
5340.5460000000,0.0000000000
5340.5690000000,0.0000000000
5340.5970000000,0.0000000000
5340.5970000000,0.0000000000
5340.6190000000,0.0000000000
5340.6460000000,0.0000000000
5340.6460000000,0.0000000000
5340.6690000000,0.0000000000
5340.6960000000,0.0000000000
5340.6960000000,0.0000000000
5340.7200000000,0.0000000000
5340.7460000000,0.0000000000
5340.7460000000,0.0000000000
5340.7690000000,0.0000000000
5340.7970000000,0.0000000000
5340.7970000000,0.0000000000
5340.8190000000,0.0000000000
5340.8470000000,0.0000000000
5340.8470000000,0.0000000000
5340.8690000000,0.0000000000
5340.8960000000,0.0000000000
5340.8960000000,0.0000000000
5340.9190000000,0.0000000000
5340.9470000000,0.0000000000
5340.9480000000,0.0000000000
5340.9690000000,0.0000000000
5340.9960000000,0.0000000000
5340.9970000000,0.0000000000
5341.0190000000,0.0000000000
5341.0460000000,0.0000000000
5341.0460000000,0.0000000000
5341.0700000000,0.0000000000
5341.0970000000,0.0000000000
5341.0970000000,0.0000000000
5341.1190000000,0.0000000000
5341.1460000000,0.0000000000
5341.1470000000,0.0000000000
5341.1690000000,0.0000000000
5341.1960000000,0.0000000000
5341.1960000000,0.0000000000
5341.2190000000,0.0000000000
5341.2470000000,0.0000000000
5341.2470000000,0.0000000000
5341.2700000000,0.0000000000
5341.2960000000,0.0000000000
5341.2980000000,0.0000000000
5341.3190000000,0.0000000000
5341.3460000000,0.0000000000
5341.3470000000,0.0000000000
5341.3690000000,0.0000000000
5341.3960000000,0.0000000000
5341.3970000000,0.0000000000
5341.4190000000,0.0000000000
5341.4460000000,0.0000000000
5341.4460000000,0.0000000000
5341.4690000000,0.0000000000
5341.4960000000,0.0000000000
5341.4960000000,0.0000000000
5341.5190000000,0.0000000000
5341.5460000000,0.0000000000
5341.5460000000,0.0000000000
5341.5700000000,0.0000000000
5341.5960000000,0.0000000000
5341.5960000000,0.0000000000
5341.6180000000,0.0000000000
5341.6460000000,0.0000000000
5341.6460000000,0.0000000000
5341.6690000000,0.0000000000
5341.6960000000,0.0000000000
5341.6960000000,0.0000000000
5341.7190000000,0.0000000000
5341.7460000000,0.0000000000
5341.7470000000,0.0000000000
5341.7700000000,0.0000000000
5341.7960000000,0.0000000000
5341.7970000000,0.0000000000
5341.8190000000,0.0000000000
5341.8460000000,0.0000000000
5341.8460000000,0.0000000000
5341.8690000000,0.0000000000
5341.8960000000,0.0000000000
5341.8980000000,0.0000000000
5341.9190000000,0.0000000000
5341.9460000000,0.0000000000
5341.9460000000,0.0000000000
5341.9690000000,0.0000000000
5341.9960000000,0.0000000000
5341.9960000000,0.0000000000
5342.0200000000,0.0000000000
5342.0460000000,0.0000000000
5342.0470000000,0.0000000000
5342.0700000000,0.0000000000
5342.0960000000,0.0000000000
5342.0960000000,0.0000000000
5342.1190000000,0.0000000000
5342.1460000000,0.0000000000
5342.1470000000,0.0000000000
5342.1690000000,0.0000000000
5342.1960000000,0.0000000000
5342.1960000000,0.0000000000
5342.2190000000,0.0000000000
5342.2460000000,0.0000000000
5342.2470000000,0.0000000000
5342.2700000000,0.0000000000
5342.2960000000,0.0000000000
5342.2960000000,0.0000000000
5342.3190000000,0.0000000000
5342.3470000000,0.0000000000
5342.3470000000,0.0000000000
5342.3700000000,0.0000000000
5342.3960000000,0.0000000000
5342.3960000000,0.0000000000
5342.4200000000,0.0000000000
5342.4460000000,0.0000000000
5342.4470000000,0.0000000000
5342.4690000000,0.0000000000
5342.4970000000,0.0000000000
5342.4980000000,0.0000000000
5342.5190000000,0.0000000000
5342.5460000000,0.0000000000
5342.5460000000,0.0000000000
5342.5710000000,0.0000000000
5342.5970000000,0.0000000000
5342.5970000000,0.0000000000
5342.6210000000,0.0000000000
5342.6460000000,0.0000000000
5342.6460000000,0.0000000000
5342.6690000000,0.0000000000
5342.6960000000,0.0000000000
5342.6960000000,0.0000000000
5342.7200000000,0.0000000000
5342.7460000000,0.0000000000
5342.7460000000,0.0000000000
5342.7690000000,0.0000000000
5342.7970000000,0.0000000000
5342.7970000000,0.0000000000
5342.8190000000,0.0000000000
5342.8470000000,0.0000000000
5342.8480000000,0.0000000000
5342.8690000000,0.0000000000
5342.8950000000,0.0000000000
5342.8960000000,0.0000000000
5342.9190000000,0.0000000000
5342.9460000000,0.0000000000
5342.9460000000,0.0000000000
5342.9690000000,0.0000000000
5342.9960000000,0.0000000000
5342.9960000000,0.0000000000
5343.0190000000,0.0000000000
5343.0460000000,0.0000000000
5343.0460000000,0.0000000000
5343.0690000000,0.0000000000
5343.0970000000,0.0000000000
5343.0970000000,0.0000000000
5343.1200000000,0.0000000000
5343.1460000000,0.0000000000
5343.1470000000,0.0000000000
5343.1690000000,0.0000000000
5343.1960000000,0.0000000000
5343.1960000000,0.0000000000
5343.2190000000,0.0000000000
5343.2460000000,0.0000000000
5343.2460000000,0.0000000000
5343.2690000000,0.0000000000
5343.2960000000,0.0000000000
5343.2960000000,0.0000000000
5343.3190000000,0.0000000000
5343.3470000000,0.0000000000
5343.3480000000,0.0000000000
5343.3690000000,0.0000000000
5343.3970000000,0.0000000000
5343.3970000000,0.0000000000
5343.4210000000,0.0000000000
5343.4460000000,0.0000000000
5343.4460000000,0.0000000000
5343.4690000000,0.0000000000
5343.4970000000,0.0000000000
5343.4980000000,0.0000000000
5343.5200000000,0.0000000000
5343.5470000000,0.0000000000
5343.5480000000,0.0000000000
5343.5690000000,0.0000000000
5343.5960000000,0.0000000000
5343.5960000000,0.0000000000
5343.6190000000,0.0000000000
5343.6460000000,0.0000000000
5343.6470000000,0.0000000000
5343.6690000000,0.0000000000
5343.6970000000,0.0000000000
5343.6970000000,0.0000000000
5343.7190000000,0.0000000000
5343.7460000000,0.0000000000
5343.7460000000,0.0000000000
5343.7700000000,0.0000000000
5343.7960000000,0.0000000000
5343.7970000000,0.0000000000
5343.8190000000,0.0000000000
5343.8460000000,0.0000000000
5343.8470000000,0.0000000000
5343.8690000000,0.0000000000
5343.8960000000,0.0000000000
5343.8960000000,0.0000000000
5343.9200000000,0.0000000000
5343.9460000000,0.0000000000
5343.9470000000,0.0000000000
5343.9690000000,0.0000000000
5343.9960000000,0.0000000000
5343.9980000000,0.0000000000
5344.0200000000,0.0000000000
5344.0460000000,0.0000000000
5344.0460000000,0.0000000000
5344.0700000000,0.0000000000
5344.0960000000,0.0000000000
5344.0980000000,0.0000000000
5344.1200000000,0.0000000000
5344.1470000000,0.0000000000
5344.1470000000,0.0000000000
5344.1700000000,0.0000000000
5344.1960000000,0.0000000000
5344.1970000000,0.0000000000
5344.2200000000,0.0000000000
5344.2460000000,0.0000000000
5344.2460000000,0.0000000000
5344.2690000000,0.0000000000
5344.2970000000,0.0000000000
5344.2970000000,0.0000000000
5344.3190000000,0.0000000000
5344.3460000000,0.0000000000
5344.3460000000,0.0000000000
5344.3700000000,0.0000000000
5344.3970000000,0.0000000000
5344.3970000000,0.0000000000
5344.4190000000,0.0000000000
5344.4470000000,0.0000000000
5344.4470000000,0.0000000000
5344.4700000000,0.0000000000
5344.4970000000,0.0000000000
5344.4970000000,0.0000000000
5344.5190000000,0.0000000000
5344.5470000000,0.0000000000
5344.5490000000,0.0000000000
5344.5690000000,0.0000000000
5344.5960000000,0.0000000000
5344.5980000000,0.0000000000
5344.6200000000,0.0000000000
5344.6470000000,0.0000000000
5344.6470000000,0.0000000000
5344.6690000000,0.0000000000
5344.6960000000,0.0000000000
5344.6960000000,0.0000000000
5344.7190000000,0.0000000000
5344.7460000000,0.0000000000
5344.7460000000,0.0000000000
5344.7690000000,0.0000000000
5344.7960000000,0.0000000000
5344.7970000000,0.0000000000
5344.8190000000,0.0000000000
5344.8460000000,0.0000000000
5344.8460000000,0.0000000000
5344.8690000000,0.0000000000
5344.8960000000,0.0000000000
5344.8960000000,0.0000000000
5344.9190000000,0.0000000000
5344.9470000000,0.0000000000
5344.9470000000,0.0000000000
5344.9690000000,0.0000000000
5344.9960000000,0.0000000000
5344.9970000000,0.0000000000
5345.0190000000,0.0000000000
5345.0460000000,0.0000000000
5345.0460000000,0.0000000000
5345.0690000000,0.0000000000
5345.0960000000,0.0000000000
5345.0960000000,0.0000000000
5345.1190000000,0.0000000000
5345.1460000000,0.0000000000
5345.1470000000,0.0000000000
5345.1690000000,0.0000000000
5345.1960000000,0.0000000000
5345.1960000000,0.0000000000
5345.2190000000,0.0000000000
5345.2460000000,0.0000000000
5345.2460000000,0.0000000000
5345.2690000000,0.0000000000
5345.2970000000,0.0000000000
5345.2970000000,0.0000000000
5345.3200000000,0.0000000000
5345.3460000000,0.0000000000
5345.3480000000,0.0000000000
5345.3690000000,0.0000000000
5345.3960000000,0.0000000000
5345.3980000000,0.0000000000
5345.4200000000,0.0000000000
5345.4470000000,0.0000000000
5345.4470000000,0.0000000000
5345.4700000000,0.0000000000
5345.4970000000,0.0000000000
5345.4970000000,0.0000000000
5345.5190000000,0.0000000000
5345.5460000000,0.0000000000
5345.5470000000,0.0000000000
5345.5690000000,0.0000000000
5345.5960000000,0.0000000000
5345.5970000000,0.0000000000
5345.6200000000,0.0000000000
5345.6470000000,0.0000000000
5345.6470000000,0.0000000000
5345.6690000000,0.0000000000
5345.6970000000,0.0000000000
5345.6970000000,0.0000000000
5345.7190000000,0.0000000000
5345.7470000000,0.0000000000
5345.7470000000,0.0000000000
5345.7700000000,0.0000000000
5345.7960000000,0.0000000000
5345.7960000000,0.0000000000
5345.8200000000,0.0000000000
5345.8460000000,0.0000000000
5345.8470000000,0.0000000000
5345.8690000000,0.0000000000
5345.8960000000,0.0000000000
5345.8960000000,0.0000000000
5345.9200000000,0.0000000000
5345.9460000000,0.0000000000
5345.9480000000,0.0000000000
5345.9690000000,0.0000000000
5345.9970000000,0.0000000000
5345.9970000000,0.0000000000
5346.0190000000,0.0000000000
5346.0460000000,0.0000000000
5346.0460000000,0.0000000000
5346.0690000000,0.0000000000
5346.0960000000,0.0000000000
5346.0970000000,0.0000000000
5346.1200000000,0.0000000000
5346.1460000000,0.0000000000
5346.1460000000,0.0000000000
5346.1700000000,0.0000000000
5346.1970000000,0.0000000000
5346.1980000000,0.0000000000
5346.2190000000,0.0000000000
5346.2460000000,0.0000000000
5346.2460000000,0.0000000000
5346.2690000000,0.0000000000
5346.2960000000,0.0000000000
5346.2960000000,0.0000000000
5346.3190000000,0.0000000000
5346.3460000000,0.0000000000
5346.3460000000,0.0000000000
5346.3690000000,0.0000000000
5346.3960000000,0.0000000000
5346.3960000000,0.0000000000
5346.4210000000,0.0000000000
5346.4460000000,0.0000000000
5346.4460000000,0.0000000000
5346.4700000000,0.0000000000
5346.4960000000,0.0000000000
5346.4970000000,0.0000000000
5346.5210000000,0.0000000000
5346.5460000000,0.0000000000
5346.5470000000,0.0000000000
5346.5700000000,0.0000000000
5346.5960000000,0.0000000000
5346.5960000000,0.0000000000
5346.6190000000,0.0000000000
5346.6460000000,0.0000000000
5346.6470000000,0.0000000000
5346.6690000000,0.0000000000
5346.6960000000,0.0000000000
5346.6960000000,0.0000000000
5346.7180000000,0.0000000000
5346.7460000000,0.0000000000
5346.7470000000,0.0000000000
5346.7700000000,0.0000000000
5346.7960000000,0.0000000000
5346.7960000000,0.0000000000
5346.8200000000,0.0000000000
5346.8460000000,0.0000000000
5346.8460000000,0.0000000000
5346.8690000000,0.0000000000
5346.8960000000,0.0000000000
5346.8960000000,0.0000000000
5346.9210000000,0.0000000000
5346.9470000000,0.0000000000
5346.9470000000,0.0000000000
5346.9700000000,0.0000000000
5346.9960000000,0.0000000000
5346.9970000000,0.0000000000
5347.0190000000,0.0000000000
5347.0460000000,0.0000000000
5347.0460000000,0.0000000000
5347.0690000000,0.0000000000
5347.0960000000,0.0000000000
5347.0980000000,0.0000000000
5347.1200000000,0.0000000000
5347.1470000000,0.0000000000
5347.1470000000,0.0000000000
5347.1700000000,0.0000000000
5347.1970000000,0.0000000000
5347.1970000000,0.0000000000
5347.2190000000,0.0000000000
5347.2480000000,0.0000000000
5347.2480000000,0.0000000000
5347.2690000000,0.0000000000
5347.2970000000,0.0000000000
5347.2970000000,0.0000000000
5347.3210000000,0.0000000000
5347.3460000000,0.0000000000
5347.3480000000,0.0000000000
5347.3690000000,0.0000000000
5347.3960000000,0.0000000000
5347.3960000000,0.0000000000
5347.4190000000,0.0000000000
5347.4470000000,0.0000000000
5347.4470000000,0.0000000000
5347.4690000000,0.0000000000
5347.4960000000,0.0000000000
5347.4970000000,0.0000000000
5347.5190000000,0.0000000000
5347.5470000000,0.0000000000
5347.5480000000,0.0000000000
5347.5690000000,0.0000000000
5347.5970000000,0.0000000000
5347.5970000000,0.0000000000
5347.6190000000,0.0000000000
5347.6460000000,0.0000000000
5347.6480000000,0.0000000000
5347.6700000000,0.0000000000
5347.6960000000,0.0000000000
5347.6960000000,0.0000000000
5347.7200000000,0.0000000000
5347.7470000000,0.0000000000
5347.7470000000,0.0000000000
5347.7700000000,0.0000000000
5347.7970000000,0.0000000000
5347.7990000000,0.0000000000
5347.8190000000,0.0000000000
5347.8460000000,0.0000000000
5347.8460000000,0.0000000000
5347.8690000000,0.0000000000
5347.8980000000,0.0000000000
5347.8980000000,0.0000000000
5347.9190000000,0.0000000000
5347.9460000000,0.0000000000
5347.9460000000,0.0000000000
5347.9690000000,0.0000000000
5347.9960000000,0.0000000000
5347.9960000000,0.0000000000
5348.0190000000,0.0000000000
5348.0460000000,0.0000000000
5348.0460000000,0.0000000000
5348.0700000000,0.0000000000
5348.0970000000,0.0000000000
5348.0980000000,0.0000000000
5348.1190000000,0.0000000000
5348.1470000000,0.0000000000
5348.1470000000,0.0000000000
5348.1690000000,0.0000000000
5348.1960000000,0.0000000000
5348.1960000000,0.0000000000
5348.2190000000,0.0000000000
5348.2460000000,0.0000000000
5348.2460000000,0.0000000000
5348.2690000000,0.0000000000
5348.2960000000,0.0000000000
5348.2960000000,0.0000000000
5348.3190000000,0.0000000000
5348.3470000000,0.0000000000
5348.3470000000,0.0000000000
5348.3700000000,0.0000000000
5348.3960000000,0.0000000000
5348.3960000000,0.0000000000
5348.4190000000,0.0000000000
5348.4460000000,0.0000000000
5348.4460000000,0.0000000000
5348.4700000000,0.0000000000
5348.4960000000,0.0000000000
5348.4960000000,0.0000000000
5348.5190000000,0.0000000000
5348.5460000000,0.0000000000
5348.5460000000,0.0000000000
5348.5690000000,0.0000000000
5348.5960000000,0.0000000000
5348.5960000000,0.0000000000
5348.6200000000,0.0000000000
5348.6460000000,0.0000000000
5348.6460000000,0.0000000000
5348.6700000000,0.0000000000
5348.6960000000,0.0000000000
5348.6970000000,0.0000000000
5348.7200000000,0.0000000000
5348.7470000000,0.0000000000
5348.7470000000,0.0000000000
5348.7700000000,0.0000000000
5348.7960000000,0.0000000000
5348.7970000000,0.0000000000
5348.8200000000,0.0000000000
5348.8480000000,0.0000000000
5348.8480000000,0.0000000000
5348.8690000000,0.0000000000
5348.8960000000,0.0000000000
5348.8960000000,0.0000000000
5348.9200000000,0.0000000000
5348.9460000000,0.0000000000
5348.9460000000,0.0000000000
5348.9690000000,0.0000000000
5348.9960000000,0.0000000000
5348.9960000000,0.0000000000
5349.0220000000,0.0000000000
5349.0460000000,0.0000000000
5349.0460000000,0.0000000000
5349.0680000000,0.0000000000
5349.0970000000,0.0000000000
5349.0980000000,0.0000000000
5349.1210000000,0.0000000000
5349.1460000000,0.0000000000
5349.1460000000,0.0000000000
5349.1690000000,0.0000000000
5349.1970000000,0.0000000000
5349.1980000000,0.0000000000
5349.2190000000,0.0000000000
5349.2460000000,0.0000000000
5349.2470000000,0.0000000000
5349.2690000000,0.0000000000
5349.2960000000,0.0000000000
5349.2960000000,0.0000000000
5349.3190000000,0.0000000000
5349.3460000000,0.0000000000
5349.3470000000,0.0000000000
5349.3700000000,0.0000000000
5349.3970000000,0.0000000000
5349.3970000000,0.0000000000
5349.4190000000,0.0000000000
5349.4470000000,0.0000000000
5349.4470000000,0.0000000000
5349.4700000000,0.0000000000
5349.4960000000,0.0000000000
5349.4960000000,0.0000000000
5349.5210000000,0.0000000000
5349.5460000000,0.0000000000
5349.5460000000,0.0000000000
5349.5690000000,0.0000000000
5349.5990000000,0.0000000000
5349.6000000000,0.0000000000
5349.6190000000,0.0000000000
5349.6460000000,0.0000000000
5349.6480000000,0.0000000000
5349.6700000000,0.0000000000
5349.6970000000,0.0000000000
5349.6980000000,0.0000000000
5349.7190000000,0.0000000000
5349.7460000000,0.0000000000
5349.7460000000,0.0000000000
5349.7690000000,0.0000000000
5349.7960000000,0.0000000000
5349.7960000000,0.0000000000
5349.8190000000,0.0000000000
5349.8460000000,0.0000000000
5349.8460000000,0.0000000000
5349.8690000000,0.0000000000
5349.8970000000,0.0000000000
5349.8970000000,0.0000000000
5349.9210000000,0.0000000000
5349.9460000000,0.0000000000
5349.9470000000,0.0000000000
5349.9690000000,0.0000000000
5349.9980000000,0.0000000000
5349.9980000000,0.0000000000
5350.0190000000,0.0000000000
5350.0460000000,0.0000000000
5350.0460000000,0.0000000000
5350.0690000000,0.0000000000
5350.0960000000,0.0000000000
5350.0960000000,0.0000000000
5350.1190000000,0.0000000000
5350.1460000000,0.0000000000
5350.1470000000,0.0000000000
5350.1690000000,0.0000000000
5350.1970000000,0.0000000000
5350.1970000000,0.0000000000
5350.2190000000,0.0000000000
5350.2460000000,0.0000000000
5350.2460000000,0.0000000000
5350.2690000000,0.0000000000
5350.2960000000,0.0000000000
5350.2960000000,0.0000000000
5350.3200000000,0.0000000000
5350.3460000000,0.0000000000
5350.3460000000,0.0000000000
5350.3700000000,0.0000000000
5350.3960000000,0.0000000000
5350.3960000000,0.0000000000
5350.4210000000,0.0000000000
5350.4470000000,0.0000000000
5350.4480000000,0.0000000000
5350.4690000000,0.0000000000
5350.4960000000,0.0000000000
5350.4960000000,0.0000000000
5350.5200000000,0.0000000000
5350.5460000000,0.0000000000
5350.5470000000,0.0000000000
5350.5690000000,0.0000000000
5350.5970000000,0.0000000000
5350.5970000000,0.0000000000
5350.6190000000,0.0000000000
5350.6470000000,0.0000000000
5350.6470000000,0.0000000000
5350.6690000000,0.0000000000
5350.6960000000,0.0000000000
5350.6960000000,0.0000000000
5350.7190000000,0.0000000000
5350.7460000000,0.0000000000
5350.7460000000,0.0000000000
5350.7690000000,0.0000000000
5350.7970000000,0.0000000000
5350.7970000000,0.0000000000
5350.8190000000,0.0000000000
5350.8460000000,0.0000000000
5350.8480000000,0.0000000000
5350.8690000000,0.0000000000
5350.8960000000,0.0000000000
5350.8970000000,0.0000000000
5350.9190000000,0.0000000000
5350.9460000000,0.0000000000
5350.9460000000,0.0000000000
5350.9690000000,0.0000000000
5350.9960000000,0.0000000000
5350.9970000000,0.0000000000
5351.0190000000,0.0000000000
5351.0470000000,0.0000000000
5351.0470000000,0.0000000000
5351.0690000000,0.0000000000
5351.0970000000,0.0000000000
5351.0980000000,0.0000000000
5351.1190000000,0.0000000000
5351.1470000000,0.0000000000
5351.1470000000,0.0000000000
5351.1690000000,0.0000000000
5351.1970000000,0.0000000000
5351.1970000000,0.0000000000
5351.2190000000,0.0000000000
5351.2470000000,0.0000000000
5351.2470000000,0.0000000000
5351.2690000000,0.0000000000
5351.2970000000,0.0000000000
5351.2970000000,0.0000000000
5351.3190000000,0.0000000000
5351.3470000000,0.0000000000
5351.3470000000,0.0000000000
5351.3690000000,0.0000000000
5351.3960000000,0.0000000000
5351.3960000000,0.0000000000
5351.4190000000,0.0000000000
5351.4470000000,0.0000000000
5351.4470000000,0.0000000000
5351.4700000000,0.0000000000
5351.4960000000,0.0000000000
5351.4960000000,0.0000000000
5351.5200000000,0.0000000000
5351.5460000000,0.0000000000
5351.5490000000,0.0000000000
5351.5690000000,0.0000000000
5351.5970000000,0.0000000000
5351.5970000000,0.0000000000
5351.6200000000,0.0000000000
5351.6460000000,0.0000000000
5351.6460000000,0.0000000000
5351.6690000000,0.0000000000
5351.6960000000,0.0000000000
5351.6960000000,0.0000000000
5351.7200000000,0.0000000000
5351.7470000000,0.0000000000
5351.7470000000,0.0000000000
5351.7700000000,0.0000000000
5351.7960000000,0.0000000000
5351.7960000000,0.0000000000
5351.8200000000,0.0000000000
5351.8460000000,0.0000000000
5351.8470000000,0.0000000000
5351.8700000000,0.0000000000
5351.8950000000,0.0000000000
5351.8980000000,0.0000000000
5351.9200000000,0.0000000000
5351.9460000000,0.0000000000
5351.9470000000,0.0000000000
5351.9690000000,0.0000000000
5351.9980000000,0.0000000000
5351.9980000000,0.0000000000
5352.0190000000,0.0000000000
5352.0460000000,0.0000000000
5352.0460000000,0.0000000000
5352.0690000000,0.0000000000
5352.0970000000,0.0000000000
5352.0970000000,0.0000000000
5352.1190000000,0.0000000000
5352.1470000000,0.0000000000
5352.1480000000,0.0000000000
5352.1700000000,0.0000000000
5352.1960000000,0.0000000000
5352.1960000000,0.0000000000
5352.2200000000,0.0000000000
5352.2460000000,0.0000000000
5352.2460000000,0.0000000000
5352.2690000000,0.0000000000
5352.2960000000,0.0000000000
5352.2970000000,0.0000000000
5352.3200000000,0.0000000000
5352.3460000000,0.0000000000
5352.3460000000,0.0000000000
5352.3690000000,0.0000000000
5352.3960000000,0.0000000000
5352.3960000000,0.0000000000
5352.4190000000,0.0000000000
5352.4460000000,0.0000000000
5352.4470000000,0.0000000000
5352.4690000000,0.0000000000
5352.4960000000,0.0000000000
5352.4960000000,0.0000000000
5352.5190000000,0.0000000000
5352.5470000000,0.0000000000
5352.5470000000,0.0000000000
5352.5700000000,0.0000000000
5352.5960000000,0.0000000000
5352.5960000000,0.0000000000
5352.6200000000,0.0000000000
5352.6460000000,0.0000000000
5352.6460000000,0.0000000000
5352.6690000000,0.0000000000
5352.6960000000,0.0000000000
5352.6970000000,0.0000000000
5352.7190000000,0.0000000000
5352.7460000000,0.0000000000
5352.7470000000,0.0000000000
5352.7690000000,0.0000000000
5352.7960000000,0.0000000000
5352.7960000000,0.0000000000
5352.8190000000,0.0000000000
5352.8470000000,0.0000000000
5352.8480000000,0.0000000000
5352.8700000000,0.0000000000
5352.8960000000,0.0000000000
5352.8980000000,0.0000000000
5352.9190000000,0.0000000000
5352.9460000000,0.0000000000
5352.9460000000,0.0000000000
5352.9690000000,0.0000000000
5352.9970000000,0.0000000000
5352.9970000000,0.0000000000
5353.0200000000,0.0000000000
5353.0460000000,0.0000000000
5353.0460000000,0.0000000000
5353.0690000000,0.0000000000
5353.0960000000,0.0000000000
5353.0970000000,0.0000000000
5353.1190000000,0.0000000000
5353.1460000000,0.0000000000
5353.1460000000,0.0000000000
5353.1690000000,0.0000000000
5353.1960000000,0.0000000000
5353.1960000000,0.0000000000
5353.2200000000,0.0000000000
5353.2460000000,0.0000000000
5353.2460000000,0.0000000000
5353.2690000000,0.0000000000
5353.2970000000,0.0000000000
5353.2970000000,0.0000000000
5353.3190000000,0.0000000000
5353.3460000000,0.0000000000
5353.3470000000,0.0000000000
5353.3700000000,0.0000000000
5353.3960000000,0.0000000000
5353.3970000000,0.0000000000
5353.4200000000,0.0000000000
5353.4460000000,0.0000000000
5353.4460000000,0.0000000000
5353.4690000000,0.0000000000
5353.4960000000,0.0000000000
5353.4960000000,0.0000000000
5353.5190000000,0.0000000000
5353.5460000000,0.0000000000
5353.5460000000,0.0000000000
5353.5690000000,0.0000000000
5353.5960000000,0.0000000000
5353.5970000000,0.0000000000
5353.6190000000,0.0000000000
5353.6460000000,0.0000000000
5353.6470000000,0.0000000000
5353.6690000000,0.0000000000
5353.6960000000,0.0000000000
5353.6970000000,0.0000000000
5353.7180000000,0.0000000000
5353.7460000000,0.0000000000
5353.7460000000,0.0000000000
5353.7690000000,0.0000000000
5353.7960000000,0.0000000000
5353.7960000000,0.0000000000
5353.8190000000,0.0000000000
5353.8460000000,0.0000000000
5353.8460000000,0.0000000000
5353.8690000000,0.0000000000
5353.8960000000,0.0000000000
5353.8970000000,0.0000000000
5353.9190000000,0.0000000000
5353.9460000000,0.0000000000
5353.9460000000,0.0000000000
5353.9700000000,0.0000000000
5353.9970000000,0.0000000000
5353.9970000000,0.0000000000
5354.0210000000,0.0000000000
5354.0460000000,0.0000000000
5354.0460000000,0.0000000000
5354.0690000000,0.0000000000
5354.0960000000,0.0000000000
5354.0960000000,0.0000000000
5354.1190000000,0.0000000000
5354.1460000000,0.0000000000
5354.1460000000,0.0000000000
5354.1690000000,0.0000000000
5354.1960000000,0.0000000000
5354.1960000000,0.0000000000
5354.2190000000,0.0000000000
5354.2460000000,0.0000000000
5354.2460000000,0.0000000000
5354.2690000000,0.0000000000
5354.2960000000,0.0000000000
5354.2960000000,0.0000000000
5354.3190000000,0.0000000000
5354.3460000000,0.0000000000
5354.3470000000,0.0000000000
5354.3690000000,0.0000000000
5354.3960000000,0.0000000000
5354.3960000000,0.0000000000
5354.4190000000,0.0000000000
5354.4460000000,0.0000000000
5354.4460000000,0.0000000000
5354.4690000000,0.0000000000
5354.4950000000,0.0000000000
5354.4980000000,0.0000000000
5354.5200000000,0.0000000000
5354.5460000000,0.0000000000
5354.5460000000,0.0000000000
5354.5690000000,0.0000000000
5354.5960000000,0.0000000000
5354.5960000000,0.0000000000
5354.6210000000,0.0000000000
5354.6460000000,0.0000000000
5354.6460000000,0.0000000000
5354.6690000000,0.0000000000
5354.6960000000,0.0000000000
5354.6960000000,0.0000000000
5354.7190000000,0.0000000000
5354.7480000000,0.0000000000
5354.7480000000,0.0000000000
5354.7690000000,0.0000000000
5354.7970000000,0.0000000000
5354.7970000000,0.0000000000
5354.8200000000,0.0000000000
5354.8460000000,0.0000000000
5354.8470000000,0.0000000000
5354.8690000000,0.0000000000
5354.8960000000,0.0000000000
5354.8960000000,0.0000000000
5354.9190000000,0.0000000000
5354.9460000000,0.0000000000
5354.9460000000,0.0000000000
5354.9690000000,0.0000000000
5354.9960000000,0.0000000000
5354.9970000000,0.0000000000
5355.0200000000,0.0000000000
5355.0460000000,0.0000000000
5355.0460000000,0.0000000000
5355.0690000000,0.0000000000
5355.0970000000,0.0000000000
5355.0980000000,0.0000000000
5355.1200000000,0.0000000000
5355.1470000000,0.0000000000
5355.1470000000,0.0000000000
5355.1690000000,0.0000000000
5355.1960000000,0.0000000000
5355.1960000000,0.0000000000
5355.2190000000,0.0000000000
5355.2460000000,0.0000000000
5355.2470000000,0.0000000000
5355.2700000000,0.0000000000
5355.2960000000,0.0000000000
5355.2960000000,0.0000000000
5355.3200000000,0.0000000000
5355.3460000000,0.0000000000
5355.3460000000,0.0000000000
5355.3700000000,0.0000000000
5355.3960000000,0.0000000000
5355.3970000000,0.0000000000
5355.4190000000,0.0000000000
5355.4450000000,0.0000000000
5355.4470000000,0.0000000000
5355.4690000000,0.0000000000
5355.4970000000,0.0000000000
5355.4970000000,0.0000000000
5355.5190000000,0.0000000000
5355.5460000000,0.0000000000
5355.5460000000,0.0000000000
5355.5690000000,0.0000000000
5355.5960000000,0.0000000000
5355.5960000000,0.0000000000
5355.6200000000,0.0000000000
5355.6460000000,0.0000000000
5355.6460000000,0.0000000000
5355.6690000000,0.0000000000
5355.6960000000,0.0000000000
5355.6960000000,0.0000000000
5355.7190000000,0.0000000000
5355.7460000000,0.0000000000
5355.7460000000,0.0000000000
5355.7690000000,0.0000000000
5355.7960000000,0.0000000000
5355.7960000000,0.0000000000
5355.8190000000,0.0000000000
5355.8460000000,0.0000000000
5355.8460000000,0.0000000000
5355.8690000000,0.0000000000
5355.8960000000,0.0000000000
5355.8970000000,0.0000000000
5355.9190000000,0.0000000000
5355.9470000000,0.0000000000
5355.9470000000,0.0000000000
5355.9690000000,0.0000000000
5355.9960000000,0.0000000000
5355.9960000000,0.0000000000
5356.0190000000,0.0000000000
5356.0460000000,0.0000000000
5356.0470000000,0.0000000000
5356.0690000000,0.0000000000
5356.0960000000,0.0000000000
5356.0960000000,0.0000000000
5356.1200000000,0.0000000000
5356.1460000000,0.0000000000
5356.1470000000,0.0000000000
5356.1690000000,0.0000000000
5356.1960000000,0.0000000000
5356.1960000000,0.0000000000
5356.2180000000,0.0000000000
5356.2460000000,0.0000000000
5356.2460000000,0.0000000000
5356.2700000000,0.0000000000
5356.2960000000,0.0000000000
5356.2960000000,0.0000000000
5356.3190000000,0.0000000000
5356.3460000000,0.0000000000
5356.3460000000,0.0000000000
5356.3690000000,0.0000000000
5356.3970000000,0.0000000000
5356.3970000000,0.0000000000
5356.4190000000,0.0000000000
5356.4460000000,0.0000000000
5356.4470000000,0.0000000000
5356.4690000000,0.0000000000
5356.4960000000,0.0000000000
5356.4960000000,0.0000000000
5356.5190000000,0.0000000000
5356.5460000000,0.0000000000
5356.5460000000,0.0000000000
5356.5690000000,0.0000000000
5356.5960000000,0.0000000000
5356.5960000000,0.0000000000
5356.6200000000,0.0000000000
5356.6460000000,0.0000000000
5356.6460000000,0.0000000000
5356.6690000000,0.0000000000
5356.6960000000,0.0000000000
5356.6970000000,0.0000000000
5356.7190000000,0.0000000000
5356.7460000000,0.0000000000
5356.7470000000,0.0000000000
5356.7690000000,0.0000000000
5356.7960000000,0.0000000000
5356.7970000000,0.0000000000
5356.8200000000,0.0000000000
5356.8440000000,0.0000000000
5356.8440000000,0.0000000000
5356.8700000000,0.0000000000
5356.8960000000,0.0000000000
5356.8970000000,0.0000000000
5356.9190000000,0.0000000000
5356.9460000000,0.0000000000
5356.9470000000,0.0000000000
5356.9700000000,0.0000000000
5356.9960000000,0.0000000000
5356.9960000000,0.0000000000
5357.0190000000,0.0000000000
5357.0460000000,0.0000000000
5357.0460000000,0.0000000000
5357.0700000000,0.0000000000
5357.0960000000,0.0000000000
5357.0960000000,0.0000000000
5357.1200000000,0.0000000000
5357.1460000000,0.0000000000
5357.1460000000,0.0000000000
5357.1690000000,0.0000000000
5357.1960000000,0.0000000000
5357.1960000000,0.0000000000
5357.2190000000,0.0000000000
5357.2460000000,0.0000000000
5357.2460000000,0.0000000000
5357.2690000000,0.0000000000
5357.2960000000,0.0000000000
5357.2960000000,0.0000000000
5357.3190000000,0.0000000000
5357.3460000000,0.0000000000
5357.3460000000,0.0000000000
5357.3710000000,0.0000000000
5357.3960000000,0.0000000000
5357.3960000000,0.0000000000
5357.4190000000,0.0000000000
5357.4460000000,0.0000000000
5357.4460000000,0.0000000000
5357.4690000000,0.0000000000
5357.4960000000,0.0000000000
5357.4960000000,0.0000000000
5357.5190000000,0.0000000000
5357.5460000000,0.0000000000
5357.5460000000,0.0000000000
5357.5690000000,0.0000000000
5357.5970000000,0.0000000000
5357.5980000000,0.0000000000
5357.6190000000,0.0000000000
5357.6450000000,0.0000000000
5357.6460000000,0.0000000000
5357.6690000000,0.0000000000
5357.6960000000,0.0000000000
5357.6970000000,0.0000000000
5357.7190000000,0.0000000000
5357.7470000000,0.0000000000
5357.7470000000,0.0000000000
5357.7690000000,0.0000000000
5357.7960000000,0.0000000000
5357.7960000000,0.0000000000
5357.8190000000,0.0000000000
5357.8470000000,0.0000000000
5357.8470000000,0.0000000000
5357.8690000000,0.0000000000
5357.8960000000,0.0000000000
5357.8960000000,0.0000000000
5357.9200000000,0.0000000000
5357.9460000000,0.0000000000
5357.9460000000,0.0000000000
5357.9700000000,0.0000000000
5357.9970000000,0.0000000000
5357.9970000000,0.0000000000
5358.0200000000,0.0000000000
5358.0460000000,0.0000000000
5358.0470000000,0.0000000000
5358.0700000000,0.0000000000
5358.0960000000,0.0000000000
5358.0970000000,0.0000000000
5358.1190000000,0.0000000000
5358.1470000000,0.0000000000
5358.1470000000,0.0000000000
5358.1690000000,0.0000000000
5358.1960000000,0.0000000000
5358.1980000000,0.0000000000
5358.2190000000,0.0000000000
5358.2470000000,0.0000000000
5358.2470000000,0.0000000000
5358.2690000000,0.0000000000
5358.2960000000,0.0000000000
5358.2970000000,0.0000000000
5358.3190000000,0.0000000000
5358.3460000000,0.0000000000
5358.3460000000,0.0000000000
5358.3690000000,0.0000000000
5358.3960000000,0.0000000000
5358.3970000000,0.0000000000
5358.4210000000,0.0000000000
5358.4460000000,0.0000000000
5358.4460000000,0.0000000000
5358.4700000000,0.0000000000
5358.4960000000,0.0000000000
5358.4970000000,0.0000000000
5358.5200000000,0.0000000000
5358.5460000000,0.0000000000
5358.5460000000,0.0000000000
5358.5700000000,0.0000000000
5358.5960000000,0.0000000000
5358.5970000000,0.0000000000
5358.6190000000,0.0000000000
5358.6460000000,0.0000000000
5358.6460000000,0.0000000000
5358.6700000000,0.0000000000
5358.6970000000,0.0000000000
5358.6970000000,0.0000000000
5358.7190000000,0.0000000000
5358.7470000000,0.0000000000
5358.7470000000,0.0000000000
5358.7700000000,0.0000000000
5358.7960000000,0.0000000000
5358.7970000000,0.0000000000
5358.8190000000,0.0000000000
5358.8470000000,0.0000000000
5358.8470000000,0.0000000000
5358.8690000000,0.0000000000
5358.8960000000,0.0000000000
5358.8960000000,0.0000000000
5358.9190000000,0.0000000000
5358.9470000000,0.0000000000
5358.9490000000,0.0000000000
5358.9700000000,0.0000000000
5358.9950000000,0.0000000000
5358.9970000000,0.0000000000
5359.0190000000,0.0000000000
5359.0460000000,0.0000000000
5359.0470000000,0.0000000000
5359.0700000000,0.0000000000
5359.0960000000,0.0000000000
5359.0970000000,0.0000000000
5359.1190000000,0.0000000000
5359.1460000000,0.0000000000
5359.1470000000,0.0000000000
5359.1690000000,0.0000000000
5359.1970000000,0.0000000000
5359.1970000000,0.0000000000
5359.2200000000,0.0000000000
5359.2460000000,0.0000000000
5359.2470000000,0.0000000000
5359.2690000000,0.0000000000
5359.2960000000,0.0000000000
5359.2960000000,0.0000000000
5359.3200000000,0.0000000000
5359.3460000000,0.0000000000
5359.3460000000,0.0000000000
5359.3680000000,0.0000000000
5359.3960000000,0.0000000000
5359.3980000000,0.0000000000
5359.4190000000,0.0000000000
5359.4460000000,0.0000000000
5359.4460000000,0.0000000000
5359.4700000000,0.0000000000
5359.4960000000,0.0000000000
5359.4980000000,0.0000000000
5359.5200000000,0.0000000000
5359.5460000000,0.0000000000
5359.5460000000,0.0000000000
5359.5690000000,0.0000000000
5359.5960000000,0.0000000000
5359.5960000000,0.0000000000
5359.6190000000,0.0000000000
5359.6460000000,0.0000000000
5359.6470000000,0.0000000000
5359.6690000000,0.0000000000
5359.6960000000,0.0000000000
5359.6960000000,0.0000000000
5359.7190000000,0.0000000000
5359.7470000000,0.0000000000
5359.7470000000,0.0000000000
5359.7710000000,0.0000000000
5359.7960000000,0.0000000000
5359.7960000000,0.0000000000
5359.8190000000,0.0000000000
5359.8460000000,0.0000000000
5359.8490000000,0.0000000000
5359.8690000000,0.0000000000
5359.8980000000,0.0000000000
5359.8990000000,0.0000000000
5359.9190000000,0.0000000000
5359.9460000000,0.0000000000
5359.9480000000,0.0000000000
5359.9690000000,0.0000000000
5359.9960000000,0.0000000000
5359.9960000000,0.0000000000
5360.0190000000,0.0000000000
5360.0470000000,0.0000000000
5360.0480000000,0.0000000000
5360.0690000000,0.0000000000
5360.0970000000,0.0000000000
5360.0970000000,0.0000000000
5360.1190000000,0.0000000000
5360.1460000000,0.0000000000
5360.1470000000,0.0000000000
5360.1690000000,0.0000000000
5360.1960000000,0.0000000000
5360.1970000000,0.0000000000
5360.2190000000,0.0000000000
5360.2460000000,0.0000000000
5360.2470000000,0.0000000000
5360.2690000000,0.0000000000
5360.2950000000,0.0000000000
5360.2970000000,0.0000000000
5360.3200000000,0.0000000000
5360.3460000000,0.0000000000
5360.3490000000,0.0000000000
5360.3690000000,0.0000000000
5360.3970000000,0.0000000000
5360.3970000000,0.0000000000
5360.4200000000,0.0000000000
5360.4460000000,0.0000000000
5360.4460000000,0.0000000000
5360.4690000000,0.0000000000
5360.4970000000,0.0000000000
5360.4980000000,0.0000000000
5360.5190000000,0.0000000000
5360.5460000000,0.0000000000
5360.5460000000,0.0000000000
5360.5690000000,0.0000000000
5360.5980000000,0.0000000000
5360.5980000000,0.0000000000
5360.6210000000,0.0000000000
5360.6460000000,0.0000000000
5360.6470000000,0.0000000000
5360.6700000000,0.0000000000
5360.6960000000,0.0000000000
5360.6970000000,0.0000000000
5360.7190000000,0.0000000000
5360.7460000000,0.0000000000
5360.7460000000,0.0000000000
5360.7690000000,0.0000000000
5360.7970000000,0.0000000000
5360.7980000000,0.0000000000
5360.8190000000,0.0000000000
5360.8460000000,0.0000000000
5360.8460000000,0.0000000000
5360.8700000000,0.0000000000
5360.8960000000,0.0000000000
5360.8960000000,0.0000000000
5360.9190000000,0.0000000000
5360.9460000000,0.0000000000
5360.9460000000,0.0000000000
5360.9700000000,0.0000000000
5360.9960000000,0.0000000000
5360.9960000000,0.0000000000
5361.0190000000,0.0000000000
5361.0460000000,0.0000000000
5361.0460000000,0.0000000000
5361.0690000000,0.0000000000
5361.0970000000,0.0000000000
5361.0980000000,0.0000000000
5361.1190000000,0.0000000000
5361.1460000000,0.0000000000
5361.1480000000,0.0000000000
5361.1700000000,0.0000000000
5361.1960000000,0.0000000000
5361.1970000000,0.0000000000
5361.2190000000,0.0000000000
5361.2470000000,0.0000000000
5361.2480000000,0.0000000000
5361.2690000000,0.0000000000
5361.2960000000,0.0000000000
5361.2970000000,0.0000000000
5361.3190000000,0.0000000000
5361.3460000000,0.0000000000
5361.3460000000,0.0000000000
5361.3710000000,0.0000000000
5361.3960000000,0.0000000000
5361.3960000000,0.0000000000
5361.4200000000,0.0000000000
5361.4460000000,0.0000000000
5361.4460000000,0.0000000000
5361.4700000000,0.0000000000
5361.4960000000,0.0000000000
5361.4970000000,0.0000000000
5361.5190000000,0.0000000000
5361.5460000000,0.0000000000
5361.5460000000,0.0000000000
5361.5690000000,0.0000000000
5361.5960000000,0.0000000000
5361.5960000000,0.0000000000
5361.6190000000,0.0000000000
5361.6460000000,0.0000000000
5361.6460000000,0.0000000000
5361.6690000000,0.0000000000
5361.6960000000,0.0000000000
5361.6960000000,0.0000000000
5361.7190000000,0.0000000000
5361.7460000000,0.0000000000
5361.7470000000,0.0000000000
5361.7700000000,0.0000000000
5361.7960000000,0.0000000000
5361.7970000000,0.0000000000
5361.8190000000,0.0000000000
5361.8460000000,0.0000000000
5361.8460000000,0.0000000000
5361.8690000000,0.0000000000
5361.8960000000,0.0000000000
5361.8960000000,0.0000000000
5361.9190000000,0.0000000000
5361.9460000000,0.0000000000
5361.9460000000,0.0000000000
5361.9720000000,0.0000000000
5361.9960000000,0.0000000000
5361.9960000000,0.0000000000
5362.0190000000,0.0000000000
5362.0460000000,0.0000000000
5362.0460000000,0.0000000000
5362.0690000000,0.0000000000
5362.0970000000,0.0000000000
5362.0970000000,0.0000000000
5362.1190000000,0.0000000000
5362.1470000000,0.0000000000
5362.1470000000,0.0000000000
5362.1690000000,0.0000000000
5362.1960000000,0.0000000000
5362.1960000000,0.0000000000
5362.2190000000,0.0000000000
5362.2460000000,0.0000000000
5362.2470000000,0.0000000000
5362.2690000000,0.0000000000
5362.2960000000,0.0000000000
5362.2960000000,0.0000000000
5362.3190000000,0.0000000000
5362.3470000000,0.0000000000
5362.3480000000,0.0000000000
5362.3690000000,0.0000000000
5362.3960000000,0.0000000000
5362.3960000000,0.0000000000
5362.4200000000,0.0000000000
5362.4460000000,0.0000000000
5362.4470000000,0.0000000000
5362.4690000000,0.0000000000
5362.4960000000,0.0000000000
5362.4960000000,0.0000000000
5362.5190000000,0.0000000000
5362.5460000000,0.0000000000
5362.5470000000,0.0000000000
5362.5710000000,0.0000000000
5362.5960000000,0.0000000000
5362.5960000000,0.0000000000
5362.6190000000,0.0000000000
5362.6460000000,0.0000000000
5362.6460000000,0.0000000000
5362.6690000000,0.0000000000
5362.6960000000,0.0000000000
5362.6980000000,0.0000000000
5362.7200000000,0.0000000000
5362.7470000000,0.0000000000
5362.7470000000,0.0000000000
5362.7700000000,0.0000000000
5362.7960000000,0.0000000000
5362.7970000000,0.0000000000
5362.8190000000,0.0000000000
5362.8460000000,0.0000000000
5362.8460000000,0.0000000000
5362.8690000000,0.0000000000
5362.8960000000,0.0000000000
5362.8960000000,0.0000000000
5362.9200000000,0.0000000000
5362.9460000000,0.0000000000
5362.9470000000,0.0000000000
5362.9690000000,0.0000000000
5362.9960000000,0.0000000000
5362.9970000000,0.0000000000
5363.0190000000,0.0000000000
5363.0460000000,0.0000000000
5363.0460000000,0.0000000000
5363.0690000000,0.0000000000
5363.0960000000,0.0000000000
5363.0960000000,0.0000000000
5363.1200000000,0.0000000000
5363.1470000000,0.0000000000
5363.1470000000,0.0000000000
5363.1690000000,0.0000000000
5363.1960000000,0.0000000000
5363.1970000000,0.0000000000
5363.2200000000,0.0000000000
5363.2460000000,0.0000000000
5363.2460000000,0.0000000000
5363.2690000000,0.0000000000
5363.2960000000,0.0000000000
5363.2960000000,0.0000000000
5363.3200000000,0.0000000000
5363.3460000000,0.0000000000
5363.3460000000,0.0000000000
5363.3690000000,0.0000000000
5363.3960000000,0.0000000000
5363.3960000000,0.0000000000
5363.4190000000,0.0000000000
5363.4460000000,0.0000000000
5363.4470000000,0.0000000000
5363.4690000000,0.0000000000
5363.4960000000,0.0000000000
5363.4960000000,0.0000000000
5363.5190000000,0.0000000000
5363.5460000000,0.0000000000
5363.5460000000,0.0000000000
5363.5690000000,0.0000000000
5363.5960000000,0.0000000000
5363.5960000000,0.0000000000
5363.6190000000,0.0000000000
5363.6470000000,0.0000000000
5363.6480000000,0.0000000000
5363.6690000000,0.0000000000
5363.6960000000,0.0000000000
5363.6970000000,0.0000000000
5363.7190000000,0.0000000000
5363.7460000000,0.0000000000
5363.7460000000,0.0000000000
5363.7690000000,0.0000000000
5363.7960000000,0.0000000000
5363.7960000000,0.0000000000
5363.8190000000,0.0000000000
5363.8460000000,0.0000000000
5363.8460000000,0.0000000000
5363.8700000000,0.0000000000
5363.8960000000,0.0000000000
5363.8960000000,0.0000000000
5363.9200000000,0.0000000000
5363.9460000000,0.0000000000
5363.9460000000,0.0000000000
5363.9690000000,0.0000000000
5363.9960000000,0.0000000000
5363.9970000000,0.0000000000
5364.0190000000,0.0000000000
5364.0460000000,0.0000000000
5364.0460000000,0.0000000000
5364.0690000000,0.0000000000
5364.0960000000,0.0000000000
5364.0960000000,0.0000000000
5364.1190000000,0.0000000000
5364.1460000000,0.0000000000
5364.1470000000,0.0000000000
5364.1690000000,0.0000000000
5364.1970000000,0.0000000000
5364.1980000000,0.0000000000
5364.2190000000,0.0000000000
5364.2470000000,0.0000000000
5364.2480000000,0.0000000000
5364.2690000000,0.0000000000
5364.2960000000,0.0000000000
5364.2970000000,0.0000000000
5364.3190000000,0.0000000000
5364.3460000000,0.0000000000
5364.3460000000,0.0000000000
5364.3690000000,0.0000000000
5364.3960000000,0.0000000000
5364.3960000000,0.0000000000
5364.4200000000,0.0000000000
5364.4460000000,0.0000000000
5364.4470000000,0.0000000000
5364.4690000000,0.0000000000
5364.4960000000,0.0000000000
5364.4960000000,0.0000000000
5364.5190000000,0.0000000000
5364.5460000000,0.0000000000
5364.5480000000,0.0000000000
5364.5690000000,0.0000000000
5364.5960000000,0.0000000000
5364.5960000000,0.0000000000
5364.6190000000,0.0000000000
5364.6460000000,0.0000000000
5364.6460000000,0.0000000000
5364.6700000000,0.0000000000
5364.6970000000,0.0000000000
5364.6970000000,0.0000000000
5364.7190000000,0.0000000000
5364.7460000000,0.0000000000
5364.7480000000,0.0000000000
5364.7690000000,0.0000000000
5364.7970000000,0.0000000000
5364.7980000000,0.0000000000
5364.8190000000,0.0000000000
5364.8460000000,0.0000000000
5364.8460000000,0.0000000000
5364.8690000000,0.0000000000
5364.8970000000,0.0000000000
5364.8980000000,0.0000000000
5364.9190000000,0.0000000000
5364.9460000000,0.0000000000
5364.9460000000,0.0000000000
5364.9690000000,0.0000000000
5364.9960000000,0.0000000000
5364.9960000000,0.0000000000
5365.0190000000,0.0000000000
5365.0480000000,0.0000000000
5365.0480000000,0.0000000000
5365.0690000000,0.0000000000
5365.0960000000,0.0000000000
5365.0960000000,0.0000000000
5365.1190000000,0.0000000000
5365.1460000000,0.0000000000
5365.1460000000,0.0000000000
5365.1690000000,0.0000000000
5365.1960000000,0.0000000000
5365.1960000000,0.0000000000
5365.2190000000,0.0000000000
5365.2460000000,0.0000000000
5365.2460000000,0.0000000000
5365.2690000000,0.0000000000
5365.2970000000,0.0000000000
5365.2970000000,0.0000000000
5365.3190000000,0.0000000000
5365.3460000000,0.0000000000
5365.3460000000,0.0000000000
5365.3690000000,0.0000000000
5365.3960000000,0.0000000000
5365.3960000000,0.0000000000
5365.4190000000,0.0000000000
5365.4460000000,0.0000000000
5365.4460000000,0.0000000000
5365.4700000000,0.0000000000
5365.4960000000,0.0000000000
5365.4970000000,0.0000000000
5365.5190000000,0.0000000000
5365.5460000000,0.0000000000
5365.5470000000,0.0000000000
5365.5690000000,0.0000000000
5365.5960000000,0.0000000000
5365.5960000000,0.0000000000
5365.6190000000,0.0000000000
5365.6460000000,0.0000000000
5365.6460000000,0.0000000000
5365.6690000000,0.0000000000
5365.6960000000,0.0000000000
5365.6960000000,0.0000000000
5365.7200000000,0.0000000000
5365.7460000000,0.0000000000
5365.7470000000,0.0000000000
5365.7690000000,0.0000000000
5365.7970000000,0.0000000000
5365.7980000000,0.0000000000
5365.8180000000,0.0000000000
5365.8460000000,0.0000000000
5365.8460000000,0.0000000000
5365.8690000000,0.0000000000
5365.8960000000,0.0000000000
5365.8960000000,0.0000000000
5365.9190000000,0.0000000000
5365.9460000000,0.0000000000
5365.9460000000,0.0000000000
5365.9690000000,0.0000000000
5365.9960000000,0.0000000000
5365.9970000000,0.0000000000
5366.0190000000,0.0000000000
5366.0470000000,0.0000000000
5366.0480000000,0.0000000000
5366.0690000000,0.0000000000
5366.0960000000,0.0000000000
5366.0980000000,0.0000000000
5366.1190000000,0.0000000000
5366.1470000000,0.0000000000
5366.1480000000,0.0000000000
5366.1690000000,0.0000000000
5366.1960000000,0.0000000000
5366.1960000000,0.0000000000
5366.2200000000,0.0000000000
5366.2460000000,0.0000000000
5366.2460000000,0.0000000000
5366.2690000000,0.0000000000
5366.2960000000,0.0000000000
5366.2960000000,0.0000000000
5366.3190000000,0.0000000000
5366.3460000000,0.0000000000
5366.3470000000,0.0000000000
5366.3690000000,0.0000000000
5366.3960000000,0.0000000000
5366.3960000000,0.0000000000
5366.4190000000,0.0000000000
5366.4460000000,0.0000000000
5366.4460000000,0.0000000000
5366.4690000000,0.0000000000
5366.4960000000,0.0000000000
5366.4960000000,0.0000000000
5366.5200000000,0.0000000000
5366.5460000000,0.0000000000
5366.5460000000,0.0000000000
5366.5690000000,0.0000000000
5366.5960000000,0.0000000000
5366.5960000000,0.0000000000
5366.6220000000,0.0000000000
5366.6460000000,0.0000000000
5366.6460000000,0.0000000000
5366.6700000000,0.0000000000
5366.6970000000,0.0000000000
5366.6970000000,0.0000000000
5366.7190000000,0.0000000000
5366.7470000000,0.0000000000
5366.7470000000,0.0000000000
5366.7700000000,0.0000000000
5366.7960000000,0.0000000000
5366.7960000000,0.0000000000
5366.8190000000,0.0000000000
5366.8460000000,0.0000000000
5366.8470000000,0.0000000000
5366.8700000000,0.0000000000
5366.8960000000,0.0000000000
5366.8960000000,0.0000000000
5366.9190000000,0.0000000000
5366.9460000000,0.0000000000
5366.9470000000,0.0000000000
5366.9690000000,0.0000000000
5366.9970000000,0.0000000000
5366.9970000000,0.0000000000
5367.0200000000,0.0000000000
5367.0460000000,0.0000000000
5367.0470000000,0.0000000000
5367.0690000000,0.0000000000
5367.0960000000,0.0000000000
5367.0970000000,0.0000000000
5367.1190000000,0.0000000000
5367.1460000000,0.0000000000
5367.1480000000,0.0000000000
5367.1690000000,0.0000000000
5367.1960000000,0.0000000000
5367.1960000000,0.0000000000
5367.2190000000,0.0000000000
5367.2460000000,0.0000000000
5367.2460000000,0.0000000000
5367.2700000000,0.0000000000
5367.2960000000,0.0000000000
5367.2960000000,0.0000000000
5367.3200000000,0.0000000000
5367.3460000000,0.0000000000
5367.3460000000,0.0000000000
5367.3700000000,0.0000000000
5367.3970000000,0.0000000000
5367.3970000000,0.0000000000
5367.4190000000,0.0000000000
5367.4460000000,0.0000000000
5367.4470000000,0.0000000000
5367.4700000000,0.0000000000
5367.4960000000,0.0000000000
5367.4970000000,0.0000000000
5367.5190000000,0.0000000000
5367.5470000000,0.0000000000
5367.5480000000,0.0000000000
5367.5690000000,0.0000000000
5367.5960000000,0.0000000000
5367.5970000000,0.0000000000
5367.6190000000,0.0000000000
5367.6460000000,0.0000000000
5367.6460000000,0.0000000000
5367.6690000000,0.0000000000
5367.6970000000,0.0000000000
5367.6970000000,0.0000000000
5367.7200000000,0.0000000000
5367.7460000000,0.0000000000
5367.7460000000,0.0000000000
5367.7690000000,0.0000000000
5367.7960000000,0.0000000000
5367.7960000000,0.0000000000
5367.8190000000,0.0000000000
5367.8460000000,0.0000000000
5367.8460000000,0.0000000000
5367.8690000000,0.0000000000
5367.8970000000,0.0000000000
5367.8970000000,0.0000000000
5367.9190000000,0.0000000000
5367.9460000000,0.0000000000
5367.9460000000,0.0000000000
5367.9690000000,0.0000000000
5367.9970000000,0.0000000000
5367.9970000000,0.0000000000
5368.0200000000,0.0000000000
5368.0460000000,0.0000000000
5368.0460000000,0.0000000000
5368.0690000000,0.0000000000
5368.0970000000,0.0000000000
5368.0970000000,0.0000000000
5368.1190000000,0.0000000000
5368.1460000000,0.0000000000
5368.1480000000,0.0000000000
5368.1690000000,0.0000000000
5368.1960000000,0.0000000000
5368.1970000000,0.0000000000
5368.2190000000,0.0000000000
5368.2460000000,0.0000000000
5368.2460000000,0.0000000000
5368.2690000000,0.0000000000
5368.2970000000,0.0000000000
5368.2970000000,0.0000000000
5368.3200000000,0.0000000000
5368.3460000000,0.0000000000
5368.3470000000,0.0000000000
5368.3690000000,0.0000000000
5368.3960000000,0.0000000000
5368.3960000000,0.0000000000
5368.4200000000,0.0000000000
5368.4460000000,0.0000000000
5368.4470000000,0.0000000000
5368.4690000000,0.0000000000
5368.4960000000,0.0000000000
5368.4960000000,0.0000000000
5368.5210000000,0.0000000000
5368.5460000000,0.0000000000
5368.5470000000,0.0000000000
5368.5690000000,0.0000000000
5368.5960000000,0.0000000000
5368.6000000000,0.0000000000
5368.6190000000,0.0000000000
5368.6460000000,0.0000000000
5368.6470000000,0.0000000000
5368.6690000000,0.0000000000
5368.6960000000,0.0000000000
5368.6960000000,0.0000000000
5368.7190000000,0.0000000000
5368.7460000000,0.0000000000
5368.7460000000,0.0000000000
5368.7690000000,0.0000000000
5368.7970000000,0.0000000000
5368.7980000000,0.0000000000
5368.8190000000,0.0000000000
5368.8460000000,0.0000000000
5368.8470000000,0.0000000000
5368.8700000000,0.0000000000
5368.8950000000,0.0000000000
5368.8960000000,0.0000000000
5368.9190000000,0.0000000000
5368.9460000000,0.0000000000
5368.9470000000,0.0000000000
5368.9690000000,0.0000000000
5368.9980000000,0.0000000000
5368.9980000000,0.0000000000
5369.0190000000,0.0000000000
5369.0460000000,0.0000000000
5369.0460000000,0.0000000000
5369.0700000000,0.0000000000
5369.0960000000,0.0000000000
5369.0970000000,0.0000000000
5369.1200000000,0.0000000000
5369.1460000000,0.0000000000
5369.1480000000,0.0000000000
5369.1690000000,0.0000000000
5369.1960000000,0.0000000000
5369.1960000000,0.0000000000
5369.2190000000,0.0000000000
5369.2460000000,0.0000000000
5369.2460000000,0.0000000000
5369.2690000000,0.0000000000
5369.2960000000,0.0000000000
5369.2960000000,0.0000000000
5369.3200000000,0.0000000000
5369.3460000000,0.0000000000
5369.3460000000,0.0000000000
5369.3690000000,0.0000000000
5369.3960000000,0.0000000000
5369.3970000000,0.0000000000
5369.4190000000,0.0000000000
5369.4470000000,0.0000000000
5369.4480000000,0.0000000000
5369.4690000000,0.0000000000
5369.4970000000,0.0000000000
5369.4970000000,0.0000000000
5369.5190000000,0.0000000000
5369.5470000000,0.0000000000
5369.5470000000,0.0000000000
5369.5700000000,0.0000000000
5369.5960000000,0.0000000000
5369.5960000000,0.0000000000
5369.6190000000,0.0000000000
5369.6460000000,0.0000000000
5369.6460000000,0.0000000000
5369.6690000000,0.0000000000
5369.6970000000,0.0000000000
5369.6980000000,0.0000000000
5369.7190000000,0.0000000000
5369.7460000000,0.0000000000
5369.7460000000,0.0000000000
5369.7690000000,0.0000000000
5369.7970000000,0.0000000000
5369.7970000000,0.0000000000
5369.8190000000,0.0000000000
5369.8460000000,0.0000000000
5369.8460000000,0.0000000000
5369.8690000000,0.0000000000
5369.8970000000,0.0000000000
5369.8970000000,0.0000000000
5369.9190000000,0.0000000000
5369.9460000000,0.0000000000
5369.9460000000,0.0000000000
5369.9700000000,0.0000000000
5369.9960000000,0.0000000000
5369.9960000000,0.0000000000
5370.0200000000,0.0000000000
5370.0460000000,0.0000000000
5370.0460000000,0.0000000000
5370.0700000000,0.0000000000
5370.0960000000,0.0000000000
5370.0970000000,0.0000000000
5370.1190000000,0.0000000000
5370.1470000000,0.0000000000
5370.1470000000,0.0000000000
5370.1690000000,0.0000000000
5370.1970000000,0.0000000000
5370.1980000000,0.0000000000
5370.2190000000,0.0000000000
5370.2460000000,0.0000000000
5370.2470000000,0.0000000000
5370.2690000000,0.0000000000
5370.2960000000,0.0000000000
5370.2970000000,0.0000000000
5370.3190000000,0.0000000000
5370.3460000000,0.0000000000
5370.3460000000,0.0000000000
5370.3690000000,0.0000000000
5370.3960000000,0.0000000000
5370.3960000000,0.0000000000
5370.4200000000,0.0000000000
5370.4470000000,0.0000000000
5370.4470000000,0.0000000000
5370.4690000000,0.0000000000
5370.4960000000,0.0000000000
5370.4960000000,0.0000000000
5370.5200000000,0.0000000000
5370.5460000000,0.0000000000
5370.5470000000,0.0000000000
5370.5690000000,0.0000000000
5370.5960000000,0.0000000000
5370.5970000000,0.0000000000
5370.6200000000,0.0000000000
5370.6460000000,0.0000000000
5370.6460000000,0.0000000000
5370.6690000000,0.0000000000
5370.6960000000,0.0000000000
5370.6960000000,0.0000000000
5370.7190000000,0.0000000000
5370.7460000000,0.0000000000
5370.7460000000,0.0000000000
5370.7700000000,0.0000000000
5370.7960000000,0.0000000000
5370.7960000000,0.0000000000
5370.8200000000,0.0000000000
5370.8470000000,0.0000000000
5370.8490000000,0.0000000000
5370.8690000000,0.0000000000
5370.8960000000,0.0000000000
5370.8970000000,0.0000000000
5370.9190000000,0.0000000000
5370.9470000000,0.0000000000
5370.9470000000,0.0000000000
5370.9690000000,0.0000000000
5370.9970000000,0.0000000000
5370.9970000000,0.0000000000
5371.0190000000,0.0000000000
5371.0460000000,0.0000000000
5371.0470000000,0.0000000000
5371.0690000000,0.0000000000
5371.0960000000,0.0000000000
5371.0960000000,0.0000000000
5371.1190000000,0.0000000000
5371.1460000000,0.0000000000
5371.1460000000,0.0000000000
5371.1700000000,0.0000000000
5371.1960000000,0.0000000000
5371.1960000000,0.0000000000
5371.2200000000,0.0000000000
5371.2470000000,0.0000000000
5371.2470000000,0.0000000000
5371.2690000000,0.0000000000
5371.2970000000,0.0000000000
5371.2970000000,0.0000000000
5371.3190000000,0.0000000000
5371.3460000000,0.0000000000
5371.3460000000,0.0000000000
5371.3690000000,0.0000000000
5371.3960000000,0.0000000000
5371.3970000000,0.0000000000
5371.4190000000,0.0000000000
5371.4470000000,0.0000000000
5371.4470000000,0.0000000000
5371.4690000000,0.0000000000
5371.4960000000,0.0000000000
5371.4960000000,0.0000000000
5371.5190000000,0.0000000000
5371.5460000000,0.0000000000
5371.5460000000,0.0000000000
5371.5690000000,0.0000000000
5371.5970000000,0.0000000000
5371.5970000000,0.0000000000
5371.6190000000,0.0000000000
5371.6460000000,0.0000000000
5371.6460000000,0.0000000000
5371.6690000000,0.0000000000
5371.6970000000,0.0000000000
5371.6970000000,0.0000000000
5371.7210000000,0.0000000000
5371.7460000000,0.0000000000
5371.7460000000,0.0000000000
5371.7700000000,0.0000000000
5371.7960000000,0.0000000000
5371.7960000000,0.0000000000
5371.8210000000,0.0000000000
5371.8460000000,0.0000000000
5371.8470000000,0.0000000000
5371.8720000000,0.0000000000
5371.8960000000,0.0000000000
5371.8960000000,0.0000000000
5371.9190000000,0.0000000000
5371.9460000000,0.0000000000
5371.9470000000,0.0000000000
5371.9690000000,0.0000000000
5371.9970000000,0.0000000000
5371.9970000000,0.0000000000
5372.0190000000,0.0000000000
5372.0470000000,0.0000000000
5372.0470000000,0.0000000000
5372.0690000000,0.0000000000
5372.0970000000,0.0000000000
5372.0970000000,0.0000000000
5372.1190000000,0.0000000000
5372.1460000000,0.0000000000
5372.1460000000,0.0000000000
5372.1690000000,0.0000000000
5372.1960000000,0.0000000000
5372.1980000000,0.0000000000
5372.2200000000,0.0000000000
5372.2460000000,0.0000000000
5372.2460000000,0.0000000000
5372.2700000000,0.0000000000
5372.2960000000,0.0000000000
5372.2970000000,0.0000000000
5372.3190000000,0.0000000000
5372.3460000000,0.0000000000
5372.3470000000,0.0000000000
5372.3700000000,0.0000000000
5372.3960000000,0.0000000000
5372.3970000000,0.0000000000
5372.4200000000,0.0000000000
5372.4460000000,0.0000000000
5372.4460000000,0.0000000000
5372.4690000000,0.0000000000
5372.4960000000,0.0000000000
5372.4960000000,0.0000000000
5372.5190000000,0.0000000000
5372.5470000000,0.0000000000
5372.5470000000,0.0000000000
5372.5690000000,0.0000000000
5372.5960000000,0.0000000000
5372.5960000000,0.0000000000
5372.6190000000,0.0000000000
5372.6470000000,0.0000000000
5372.6470000000,0.0000000000
5372.6710000000,0.0000000000
5372.6960000000,0.0000000000
5372.6960000000,0.0000000000
5372.7210000000,0.0000000000
5372.7460000000,0.0000000000
5372.7460000000,0.0000000000
5372.7690000000,0.0000000000
5372.7960000000,0.0000000000
5372.7970000000,0.0000000000
5372.8190000000,0.0000000000
5372.8470000000,0.0000000000
5372.8470000000,0.0000000000
5372.8690000000,0.0000000000
5372.8960000000,0.0000000000
5372.8960000000,0.0000000000
5372.9190000000,0.0000000000
5372.9460000000,0.0000000000
5372.9460000000,0.0000000000
5372.9690000000,0.0000000000
5372.9970000000,0.0000000000
5372.9970000000,0.0000000000
5373.0190000000,0.0000000000
5373.0460000000,0.0000000000
5373.0470000000,0.0000000000
5373.0690000000,0.0000000000
5373.0960000000,0.0000000000
5373.0960000000,0.0000000000
5373.1190000000,0.0000000000
5373.1470000000,0.0000000000
5373.1470000000,0.0000000000
5373.1690000000,0.0000000000
5373.1960000000,0.0000000000
5373.1970000000,0.0000000000
5373.2190000000,0.0000000000
5373.2460000000,0.0000000000
5373.2460000000,0.0000000000
5373.2700000000,0.0000000000
5373.2960000000,0.0000000000
5373.2960000000,0.0000000000
5373.3200000000,0.0000000000
5373.3460000000,0.0000000000
5373.3470000000,0.0000000000
5373.3690000000,0.0000000000
5373.3960000000,0.0000000000
5373.3970000000,0.0000000000
5373.4190000000,0.0000000000
5373.4460000000,0.0000000000
5373.4470000000,0.0000000000
5373.4700000000,0.0000000000
5373.4970000000,0.0000000000
5373.4990000000,0.0000000000
5373.5190000000,0.0000000000
5373.5460000000,0.0000000000
5373.5480000000,0.0000000000
5373.5690000000,0.0000000000
5373.5970000000,0.0000000000
5373.5970000000,0.0000000000
5373.6190000000,0.0000000000
5373.6460000000,0.0000000000
5373.6460000000,0.0000000000
5373.6690000000,0.0000000000
5373.6960000000,0.0000000000
5373.6960000000,0.0000000000
5373.7190000000,0.0000000000
5373.7460000000,0.0000000000
5373.7460000000,0.0000000000
5373.7690000000,0.0000000000
5373.7960000000,0.0000000000
5373.7960000000,0.0000000000
5373.8190000000,0.0000000000
5373.8470000000,0.0000000000
5373.8470000000,0.0000000000
5373.8690000000,0.0000000000
5373.8960000000,0.0000000000
5373.8960000000,0.0000000000
5373.9190000000,0.0000000000
5373.9460000000,0.0000000000
5373.9460000000,0.0000000000
5373.9700000000,0.0000000000
5373.9960000000,0.0000000000
5373.9970000000,0.0000000000
5374.0190000000,0.0000000000
5374.0480000000,0.0000000000
5374.0490000000,0.0000000000
5374.0690000000,0.0000000000
5374.0960000000,0.0000000000
5374.0960000000,0.0000000000
5374.1200000000,0.0000000000
5374.1460000000,0.0000000000
5374.1460000000,0.0000000000
5374.1690000000,0.0000000000
5374.1960000000,0.0000000000
5374.1980000000,0.0000000000
5374.2190000000,0.0000000000
5374.2460000000,0.0000000000
5374.2470000000,0.0000000000
5374.2700000000,0.0000000000
5374.2960000000,0.0000000000
5374.2970000000,0.0000000000
5374.3210000000,0.0000000000
5374.3460000000,0.0000000000
5374.3470000000,0.0000000000
5374.3700000000,0.0000000000
5374.3960000000,0.0000000000
5374.3960000000,0.0000000000
5374.4200000000,0.0000000000
5374.4450000000,0.0000000000
5374.4450000000,0.0000000000
5374.4690000000,0.0000000000
5374.4960000000,0.0000000000
5374.4960000000,0.0000000000
5374.5190000000,0.0000000000
5374.5460000000,0.0000000000
5374.5480000000,0.0000000000
5374.5690000000,0.0000000000
5374.5960000000,0.0000000000
5374.5970000000,0.0000000000
5374.6210000000,0.0000000000
5374.6460000000,0.0000000000
5374.6460000000,0.0000000000
5374.6690000000,0.0000000000
5374.6960000000,0.0000000000
5374.6970000000,0.0000000000
5374.7200000000,0.0000000000
5374.7470000000,0.0000000000
5374.7470000000,0.0000000000
5374.7690000000,0.0000000000
5374.7970000000,0.0000000000
5374.7970000000,0.0000000000
5374.8190000000,0.0000000000
5374.8460000000,0.0000000000
5374.8470000000,0.0000000000
5374.8690000000,0.0000000000
5374.8960000000,0.0000000000
5374.8960000000,0.0000000000
5374.9200000000,0.0000000000
5374.9460000000,0.0000000000
5374.9460000000,0.0000000000
5374.9710000000,0.0000000000
5374.9960000000,0.0000000000
5374.9960000000,0.0000000000
5375.0190000000,0.0000000000
5375.0470000000,0.0000000000
5375.0470000000,0.0000000000
5375.0690000000,0.0000000000
5375.0960000000,0.0000000000
5375.0960000000,0.0000000000
5375.1190000000,0.0000000000
5375.1460000000,0.0000000000
5375.1470000000,0.0000000000
5375.1690000000,0.0000000000
5375.1960000000,0.0000000000
5375.1970000000,0.0000000000
5375.2200000000,0.0000000000
5375.2460000000,0.0000000000
5375.2460000000,0.0000000000
5375.2690000000,0.0000000000
5375.2960000000,0.0000000000
5375.2960000000,0.0000000000
5375.3200000000,0.0000000000
5375.3460000000,0.0000000000
5375.3460000000,0.0000000000
5375.3700000000,0.0000000000
5375.3960000000,0.0000000000
5375.3960000000,0.0000000000
5375.4190000000,0.0000000000
5375.4450000000,0.0000000000
5375.4470000000,0.0000000000
5375.4690000000,0.0000000000
5375.4960000000,0.0000000000
5375.4980000000,0.0000000000
5375.5190000000,0.0000000000
5375.5460000000,0.0000000000
5375.5460000000,0.0000000000
5375.5700000000,0.0000000000
5375.5970000000,0.0000000000
5375.5970000000,0.0000000000
5375.6190000000,0.0000000000
5375.6460000000,0.0000000000
5375.6480000000,0.0000000000
5375.6690000000,0.0000000000
5375.6960000000,0.0000000000
5375.6970000000,0.0000000000
5375.7190000000,0.0000000000
5375.7460000000,0.0000000000
5375.7460000000,0.0000000000
5375.7690000000,0.0000000000
5375.7960000000,0.0000000000
5375.7960000000,0.0000000000
5375.8200000000,0.0000000000
5375.8460000000,0.0000000000
5375.8460000000,0.0000000000
5375.8710000000,0.0000000000
5375.8960000000,0.0000000000
5375.8980000000,0.0000000000
5375.9200000000,0.0000000000
5375.9460000000,0.0000000000
5375.9460000000,0.0000000000
5375.9700000000,0.0000000000
5375.9960000000,0.0000000000
5375.9960000000,0.0000000000
5376.0190000000,0.0000000000
5376.0460000000,0.0000000000
5376.0460000000,0.0000000000
5376.0690000000,0.0000000000
5376.0970000000,0.0000000000
5376.0990000000,0.0000000000
5376.1190000000,0.0000000000
5376.1460000000,0.0000000000
5376.1480000000,0.0000000000
5376.1690000000,0.0000000000
5376.1960000000,0.0000000000
5376.1960000000,0.0000000000
5376.2200000000,0.0000000000
5376.2460000000,0.0000000000
5376.2470000000,0.0000000000
5376.2690000000,0.0000000000
5376.2960000000,0.0000000000
5376.2960000000,0.0000000000
5376.3190000000,0.0000000000
5376.3470000000,0.0000000000
5376.3470000000,0.0000000000
5376.3700000000,0.0000000000
5376.3960000000,0.0000000000
5376.3960000000,0.0000000000
5376.4190000000,0.0000000000
5376.4460000000,0.0000000000
5376.4460000000,0.0000000000
5376.4690000000,0.0000000000
5376.4970000000,0.0000000000
5376.4970000000,0.0000000000
5376.5190000000,0.0000000000
5376.5460000000,0.0000000000
5376.5470000000,0.0000000000
5376.5690000000,0.0000000000
5376.5960000000,0.0000000000
5376.5970000000,0.0000000000
5376.6190000000,0.0000000000
5376.6460000000,0.0000000000
5376.6460000000,0.0000000000
5376.6700000000,0.0000000000
5376.6960000000,0.0000000000
5376.6960000000,0.0000000000
5376.7200000000,0.0000000000
5376.7460000000,0.0000000000
5376.7470000000,0.0000000000
5376.7700000000,0.0000000000
5376.7970000000,0.0000000000
5376.7970000000,0.0000000000
5376.8190000000,0.0000000000
5376.8460000000,0.0000000000
5376.8470000000,0.0000000000
5376.8700000000,0.0000000000
5376.8960000000,0.0000000000
5376.8960000000,0.0000000000
5376.9190000000,0.0000000000
5376.9460000000,0.0000000000
5376.9460000000,0.0000000000
5376.9690000000,0.0000000000
5376.9960000000,0.0000000000
5376.9960000000,0.0000000000
5377.0200000000,0.0000000000
5377.0460000000,0.0000000000
5377.0460000000,0.0000000000
5377.0700000000,0.0000000000
5377.0960000000,0.0000000000
5377.0980000000,0.0000000000
5377.1190000000,0.0000000000
5377.1460000000,0.0000000000
5377.1460000000,0.0000000000
5377.1690000000,0.0000000000
5377.1970000000,0.0000000000
5377.1970000000,0.0000000000
5377.2190000000,0.0000000000
5377.2470000000,0.0000000000
5377.2470000000,0.0000000000
5377.2690000000,0.0000000000
5377.2960000000,0.0000000000
5377.2970000000,0.0000000000
5377.3200000000,0.0000000000
5377.3460000000,0.0000000000
5377.3460000000,0.0000000000
5377.3690000000,0.0000000000
5377.3970000000,0.0000000000
5377.3980000000,0.0000000000
5377.4190000000,0.0000000000
5377.4460000000,0.0000000000
5377.4460000000,0.0000000000
5377.4700000000,0.0000000000
5377.4960000000,0.0000000000
5377.4960000000,0.0000000000
5377.5210000000,0.0000000000
5377.5480000000,0.0000000000
5377.5490000000,0.0000000000
5377.5690000000,0.0000000000
5377.5960000000,0.0000000000
5377.5970000000,0.0000000000
5377.6190000000,0.0000000000
5377.6460000000,0.0000000000
5377.6460000000,0.0000000000
5377.6690000000,0.0000000000
5377.6960000000,0.0000000000
5377.6960000000,0.0000000000
5377.7190000000,0.0000000000
5377.7460000000,0.0000000000
5377.7460000000,0.0000000000
5377.7690000000,0.0000000000
5377.7960000000,0.0000000000
5377.7970000000,0.0000000000
5377.8200000000,0.0000000000
5377.8470000000,0.0000000000
5377.8470000000,0.0000000000
5377.8690000000,0.0000000000
5377.8960000000,0.0000000000
5377.8970000000,0.0000000000
5377.9190000000,0.0000000000
5377.9470000000,0.0000000000
5377.9480000000,0.0000000000
5377.9690000000,0.0000000000
5377.9960000000,0.0000000000
5377.9980000000,0.0000000000
5378.0190000000,0.0000000000
5378.0460000000,0.0000000000
5378.0470000000,0.0000000000
5378.0700000000,0.0000000000
5378.0960000000,0.0000000000
5378.0960000000,0.0000000000
5378.1210000000,0.0000000000
5378.1460000000,0.0000000000
5378.1470000000,0.0000000000
5378.1690000000,0.0000000000
5378.1960000000,0.0000000000
5378.1960000000,0.0000000000
5378.2190000000,0.0000000000
5378.2470000000,0.0000000000
5378.2470000000,0.0000000000
5378.2690000000,0.0000000000
5378.2960000000,0.0000000000
5378.2960000000,0.0000000000
5378.3190000000,0.0000000000
5378.3460000000,0.0000000000
5378.3460000000,0.0000000000
5378.3700000000,0.0000000000
5378.3960000000,0.0000000000
5378.3960000000,0.0000000000
5378.4210000000,0.0000000000
5378.4460000000,0.0000000000
5378.4460000000,0.0000000000
5378.4690000000,0.0000000000
5378.4970000000,0.0000000000
5378.4980000000,0.0000000000
5378.5190000000,0.0000000000
5378.5460000000,0.0000000000
5378.5460000000,0.0000000000
5378.5710000000,0.0000000000
5378.5960000000,0.0000000000
5378.5960000000,0.0000000000
5378.6200000000,0.0000000000
5378.6460000000,0.0000000000
5378.6460000000,0.0000000000
5378.6690000000,0.0000000000
5378.6960000000,0.0000000000
5378.6960000000,0.0000000000
5378.7190000000,0.0000000000
5378.7460000000,0.0000000000
5378.7460000000,0.0000000000
5378.7690000000,0.0000000000
5378.7960000000,0.0000000000
5378.7960000000,0.0000000000
5378.8200000000,0.0000000000
5378.8470000000,0.0000000000
5378.8490000000,0.0000000000
5378.8690000000,0.0000000000
5378.8970000000,0.0000000000
5378.8970000000,0.0000000000
5378.9200000000,0.0000000000
5378.9470000000,0.0000000000
5378.9470000000,0.0000000000
5378.9690000000,0.0000000000
5378.9960000000,0.0000000000
5378.9960000000,0.0000000000
5379.0190000000,0.0000000000
5379.0460000000,0.0000000000
5379.0460000000,0.0000000000
5379.0690000000,0.0000000000
5379.0960000000,0.0000000000
5379.0980000000,0.0000000000
5379.1190000000,0.0000000000
5379.1470000000,0.0000000000
5379.1470000000,0.0000000000
5379.1690000000,0.0000000000
5379.1970000000,0.0000000000
5379.1970000000,0.0000000000
5379.2190000000,0.0000000000
5379.2460000000,0.0000000000
5379.2460000000,0.0000000000
5379.2690000000,0.0000000000
5379.2960000000,0.0000000000
5379.2960000000,0.0000000000
5379.3210000000,0.0000000000
5379.3460000000,0.0000000000
5379.3460000000,0.0000000000
5379.3710000000,0.0000000000
5379.3960000000,0.0000000000
5379.3960000000,0.0000000000
5379.4200000000,0.0000000000
5379.4460000000,0.0000000000
5379.4460000000,0.0000000000
5379.4690000000,0.0000000000
5379.4960000000,0.0000000000
5379.4970000000,0.0000000000
5379.5190000000,0.0000000000
5379.5460000000,0.0000000000
5379.5460000000,0.0000000000
5379.5690000000,0.0000000000
5379.5960000000,0.0000000000
5379.5970000000,0.0000000000
5379.6200000000,0.0000000000
5379.6470000000,0.0000000000
5379.6470000000,0.0000000000
5379.6690000000,0.0000000000
5379.6960000000,0.0000000000
5379.6970000000,0.0000000000
5379.7190000000,0.0000000000
5379.7460000000,0.0000000000
5379.7470000000,0.0000000000
5379.7690000000,0.0000000000
5379.7960000000,0.0000000000
5379.7970000000,0.0000000000
5379.8190000000,0.0000000000
5379.8460000000,0.0000000000
5379.8460000000,0.0000000000
5379.8690000000,0.0000000000
5379.8970000000,0.0000000000
5379.8970000000,0.0000000000
5379.9200000000,0.0000000000
5379.9460000000,0.0000000000
5379.9460000000,0.0000000000
5379.9690000000,0.0000000000
5379.9960000000,0.0000000000
5379.9960000000,0.0000000000
5380.0200000000,0.0000000000
5380.0460000000,0.0000000000
5380.0460000000,0.0000000000
5380.0700000000,0.0000000000
5380.0960000000,0.0000000000
5380.0970000000,0.0000000000
5380.1190000000,0.0000000000
5380.1460000000,0.0000000000
5380.1460000000,0.0000000000
5380.1690000000,0.0000000000
5380.1970000000,0.0000000000
5380.1970000000,0.0000000000
5380.2200000000,0.0000000000
5380.2470000000,0.0000000000
5380.2470000000,0.0000000000
5380.2690000000,0.0000000000
5380.2960000000,0.0000000000
5380.2960000000,0.0000000000
5380.3190000000,0.0000000000
5380.3470000000,0.0000000000
5380.3470000000,0.0000000000
5380.3690000000,0.0000000000
5380.3960000000,0.0000000000
5380.3980000000,0.0000000000
5380.4190000000,0.0000000000
5380.4460000000,0.0000000000
5380.4460000000,0.0000000000
5380.4700000000,0.0000000000
5380.4960000000,0.0000000000
5380.4970000000,0.0000000000
5380.5200000000,0.0000000000
5380.5460000000,0.0000000000
5380.5460000000,0.0000000000
5380.5690000000,0.0000000000
5380.5960000000,0.0000000000
5380.5960000000,0.0000000000
5380.6200000000,0.0000000000
5380.6460000000,0.0000000000
5380.6460000000,0.0000000000
5380.6710000000,0.0000000000
5380.6960000000,0.0000000000
5380.6980000000,0.0000000000
5380.7190000000,0.0000000000
5380.7460000000,0.0000000000
5380.7470000000,0.0000000000
5380.7690000000,0.0000000000
5380.7950000000,0.0000000000
5380.7960000000,0.0000000000
5380.8190000000,0.0000000000
5380.8470000000,0.0000000000
5380.8480000000,0.0000000000
5380.8690000000,0.0000000000
5380.8960000000,0.0000000000
5380.8960000000,0.0000000000
5380.9210000000,0.0000000000
5380.9460000000,0.0000000000
5380.9460000000,0.0000000000
5380.9710000000,0.0000000000
5380.9960000000,0.0000000000
5380.9960000000,0.0000000000
5381.0190000000,0.0000000000
5381.0460000000,0.0000000000
5381.0460000000,0.0000000000
5381.0690000000,0.0000000000
5381.0960000000,0.0000000000
5381.0960000000,0.0000000000
5381.1190000000,0.0000000000
5381.1460000000,0.0000000000
5381.1470000000,0.0000000000
5381.1690000000,0.0000000000
5381.1960000000,0.0000000000
5381.1970000000,0.0000000000
5381.2190000000,0.0000000000
5381.2470000000,0.0000000000
5381.2470000000,0.0000000000
5381.2690000000,0.0000000000
5381.2970000000,0.0000000000
5381.2970000000,0.0000000000
5381.3190000000,0.0000000000
5381.3460000000,0.0000000000
5381.3470000000,0.0000000000
5381.3700000000,0.0000000000
5381.3960000000,0.0000000000
5381.3960000000,0.0000000000
5381.4210000000,0.0000000000
5381.4460000000,0.0000000000
5381.4460000000,0.0000000000
5381.4700000000,0.0000000000
5381.4960000000,0.0000000000
5381.4970000000,0.0000000000
5381.5190000000,0.0000000000
5381.5460000000,0.0000000000
5381.5490000000,0.0000000000
5381.5690000000,0.0000000000
5381.5960000000,0.0000000000
5381.5960000000,0.0000000000
5381.6190000000,0.0000000000
5381.6460000000,0.0000000000
5381.6460000000,0.0000000000
5381.6690000000,0.0000000000
5381.6960000000,0.0000000000
5381.6960000000,0.0000000000
5381.7190000000,0.0000000000
5381.7460000000,0.0000000000
5381.7460000000,0.0000000000
5381.7700000000,0.0000000000
5381.7960000000,0.0000000000
5381.7960000000,0.0000000000
5381.8200000000,0.0000000000
5381.8460000000,0.0000000000
5381.8460000000,0.0000000000
5381.8700000000,0.0000000000
5381.8970000000,0.0000000000
5381.8970000000,0.0000000000
5381.9190000000,0.0000000000
5381.9460000000,0.0000000000
5381.9470000000,0.0000000000
5381.9690000000,0.0000000000
5381.9960000000,0.0000000000
5381.9970000000,0.0000000000
5382.0200000000,0.0000000000
5382.0460000000,0.0000000000
5382.0460000000,0.0000000000
5382.0690000000,0.0000000000
5382.0970000000,0.0000000000
5382.0980000000,0.0000000000
5382.1190000000,0.0000000000
5382.1460000000,0.0000000000
5382.1460000000,0.0000000000
5382.1690000000,0.0000000000
5382.1960000000,0.0000000000
5382.1960000000,0.0000000000
5382.2190000000,0.0000000000
5382.2460000000,0.0000000000
5382.2470000000,0.0000000000
5382.2690000000,0.0000000000
5382.2960000000,0.0000000000
5382.2960000000,0.0000000000
5382.3190000000,0.0000000000
5382.3460000000,0.0000000000
5382.3470000000,0.0000000000
5382.3690000000,0.0000000000
5382.3960000000,0.0000000000
5382.3970000000,0.0000000000
5382.4190000000,0.0000000000
5382.4460000000,0.0000000000
5382.4460000000,0.0000000000
5382.4690000000,0.0000000000
5382.4970000000,0.0000000000
5382.4970000000,0.0000000000
5382.5190000000,0.0000000000
5382.5470000000,0.0000000000
5382.5470000000,0.0000000000
5382.5690000000,0.0000000000
5382.5960000000,0.0000000000
5382.5970000000,0.0000000000
5382.6190000000,0.0000000000
5382.6460000000,0.0000000000
5382.6460000000,0.0000000000
5382.6690000000,0.0000000000
5382.6960000000,0.0000000000
5382.6960000000,0.0000000000
5382.7190000000,0.0000000000
5382.7460000000,0.0000000000
5382.7460000000,0.0000000000
5382.7690000000,0.0000000000
5382.7960000000,0.0000000000
5382.7970000000,0.0000000000
5382.8190000000,0.0000000000
5382.8470000000,0.0000000000
5382.8470000000,0.0000000000
5382.8690000000,0.0000000000
5382.8960000000,0.0000000000
5382.8960000000,0.0000000000
5382.9190000000,0.0000000000
5382.9460000000,0.0000000000
5382.9460000000,0.0000000000
5382.9690000000,0.0000000000
5382.9960000000,0.0000000000
5382.9970000000,0.0000000000
5383.0190000000,0.0000000000
5383.0460000000,0.0000000000
5383.0460000000,0.0000000000
5383.0700000000,0.0000000000
5383.0970000000,0.0000000000
5383.0970000000,0.0000000000
5383.1190000000,0.0000000000
5383.1460000000,0.0000000000
5383.1460000000,0.0000000000
5383.1690000000,0.0000000000
5383.1960000000,0.0000000000
5383.1960000000,0.0000000000
5383.2190000000,0.0000000000
5383.2460000000,0.0000000000
5383.2460000000,0.0000000000
5383.2690000000,0.0000000000
5383.2960000000,0.0000000000
5383.2970000000,0.0000000000
5383.3190000000,0.0000000000
5383.3460000000,0.0000000000
5383.3470000000,0.0000000000
5383.3690000000,0.0000000000
5383.3970000000,0.0000000000
5383.3970000000,0.0000000000
5383.4190000000,0.0000000000
5383.4460000000,0.0000000000
5383.4460000000,0.0000000000
5383.4690000000,0.0000000000
5383.4960000000,0.0000000000
5383.4960000000,0.0000000000
5383.5190000000,0.0000000000
5383.5470000000,0.0000000000
5383.5470000000,0.0000000000
5383.5700000000,0.0000000000
5383.5960000000,0.0000000000
5383.5960000000,0.0000000000
5383.6190000000,0.0000000000
5383.6470000000,0.0000000000
5383.6480000000,0.0000000000
5383.6690000000,0.0000000000
5383.6970000000,0.0000000000
5383.6980000000,0.0000000000
5383.7190000000,0.0000000000
5383.7470000000,0.0000000000
5383.7480000000,0.0000000000
5383.7690000000,0.0000000000
5383.7970000000,0.0000000000
5383.7970000000,0.0000000000
5383.8190000000,0.0000000000
5383.8460000000,0.0000000000
5383.8460000000,0.0000000000
5383.8680000000,0.0000000000
5383.8960000000,0.0000000000
5383.8960000000,0.0000000000
5383.9190000000,0.0000000000
5383.9460000000,0.0000000000
5383.9460000000,0.0000000000
5383.9690000000,0.0000000000
5383.9960000000,0.0000000000
5383.9960000000,0.0000000000
5384.0200000000,0.0000000000
5384.0460000000,0.0000000000
5384.0460000000,0.0000000000
5384.0710000000,0.0000000000
5384.0960000000,0.0000000000
5384.0960000000,0.0000000000
5384.1200000000,0.0000000000
5384.1460000000,0.0000000000
5384.1460000000,0.0000000000
5384.1700000000,0.0000000000
5384.1960000000,0.0000000000
5384.1960000000,0.0000000000
5384.2200000000,0.0000000000
5384.2460000000,0.0000000000
5384.2460000000,0.0000000000
5384.2690000000,0.0000000000
5384.2960000000,0.0000000000
5384.2960000000,0.0000000000
5384.3190000000,0.0000000000
5384.3460000000,0.0000000000
5384.3460000000,0.0000000000
5384.3700000000,0.0000000000
5384.3960000000,0.0000000000
5384.3960000000,0.0000000000
5384.4200000000,0.0000000000
5384.4460000000,0.0000000000
5384.4480000000,0.0000000000
5384.4690000000,0.0000000000
5384.4960000000,0.0000000000
5384.4970000000,0.0000000000
5384.5190000000,0.0000000000
5384.5460000000,0.0000000000
5384.5470000000,0.0000000000
5384.5700000000,0.0000000000
5384.5960000000,0.0000000000
5384.5960000000,0.0000000000
5384.6190000000,0.0000000000
5384.6460000000,0.0000000000
5384.6460000000,0.0000000000
5384.6700000000,0.0000000000
5384.6970000000,0.0000000000
5384.6980000000,0.0000000000
5384.7200000000,0.0000000000
5384.7460000000,0.0000000000
5384.7470000000,0.0000000000
5384.7690000000,0.0000000000
5384.7960000000,0.0000000000
5384.7960000000,0.0000000000
5384.8190000000,0.0000000000
5384.8460000000,0.0000000000
5384.8470000000,0.0000000000
5384.8690000000,0.0000000000
5384.8960000000,0.0000000000
5384.8960000000,0.0000000000
5384.9190000000,0.0000000000
5384.9480000000,0.0000000000
5384.9480000000,0.0000000000
5384.9700000000,0.0000000000
5384.9960000000,0.0000000000
5384.9960000000,0.0000000000
5385.0190000000,0.0000000000
5385.0460000000,0.0000000000
5385.0460000000,0.0000000000
5385.0700000000,0.0000000000
5385.0960000000,0.0000000000
5385.0960000000,0.0000000000
5385.1190000000,0.0000000000
5385.1460000000,0.0000000000
5385.1470000000,0.0000000000
5385.1690000000,0.0000000000
5385.1970000000,0.0000000000
5385.1970000000,0.0000000000
5385.2190000000,0.0000000000
5385.2460000000,0.0000000000
5385.2470000000,0.0000000000
5385.2690000000,0.0000000000
5385.2960000000,0.0000000000
5385.2960000000,0.0000000000
5385.3190000000,0.0000000000
5385.3460000000,0.0000000000
5385.3460000000,0.0000000000
5385.3700000000,0.0000000000
5385.3960000000,0.0000000000
5385.3960000000,0.0000000000
5385.4210000000,0.0000000000
5385.4460000000,0.0000000000
5385.4470000000,0.0000000000
5385.4690000000,0.0000000000
5385.4960000000,0.0000000000
5385.4960000000,0.0000000000
5385.5190000000,0.0000000000
5385.5460000000,0.0000000000
5385.5460000000,0.0000000000
5385.5690000000,0.0000000000
5385.5960000000,0.0000000000
5385.5970000000,0.0000000000
5385.6200000000,0.0000000000
5385.6460000000,0.0000000000
5385.6460000000,0.0000000000
5385.6690000000,0.0000000000
5385.6960000000,0.0000000000
5385.6960000000,0.0000000000
5385.7190000000,0.0000000000
5385.7460000000,0.0000000000
5385.7470000000,0.0000000000
5385.7690000000,0.0000000000
5385.7970000000,0.0000000000
5385.7970000000,0.0000000000
5385.8190000000,0.0000000000
5385.8470000000,0.0000000000
5385.8470000000,0.0000000000
5385.8690000000,0.0000000000
5385.8960000000,0.0000000000
5385.8960000000,0.0000000000
5385.9190000000,0.0000000000
5385.9460000000,0.0000000000
5385.9460000000,0.0000000000
5385.9700000000,0.0000000000
5385.9960000000,0.0000000000
5385.9970000000,0.0000000000
5386.0190000000,0.0000000000
5386.0460000000,0.0000000000
5386.0470000000,0.0000000000
5386.0690000000,0.0000000000
5386.0960000000,0.0000000000
5386.0960000000,0.0000000000
5386.1190000000,0.0000000000
5386.1480000000,0.0000000000
5386.1480000000,0.0000000000
5386.1690000000,0.0000000000
5386.1960000000,0.0000000000
5386.1960000000,0.0000000000
5386.2200000000,0.0000000000
5386.2460000000,0.0000000000
5386.2460000000,0.0000000000
5386.2690000000,0.0000000000
5386.2970000000,0.0000000000
5386.2970000000,0.0000000000
5386.3190000000,0.0000000000
5386.3460000000,0.0000000000
5386.3480000000,0.0000000000
5386.3690000000,0.0000000000
5386.3960000000,0.0000000000
5386.3960000000,0.0000000000
5386.4190000000,0.0000000000
5386.4460000000,0.0000000000
5386.4460000000,0.0000000000
5386.4690000000,0.0000000000
5386.4960000000,0.0000000000
5386.4970000000,0.0000000000
5386.5210000000,0.0000000000
5386.5460000000,0.0000000000
5386.5470000000,0.0000000000
5386.5690000000,0.0000000000
5386.5960000000,0.0000000000
5386.5960000000,0.0000000000
5386.6190000000,0.0000000000
5386.6460000000,0.0000000000
5386.6470000000,0.0000000000
5386.6690000000,0.0000000000
5386.6970000000,0.0000000000
5386.6970000000,0.0000000000
5386.7200000000,0.0000000000
5386.7460000000,0.0000000000
5386.7460000000,0.0000000000
5386.7700000000,0.0000000000
5386.7960000000,0.0000000000
5386.7960000000,0.0000000000
5386.8190000000,0.0000000000
5386.8470000000,0.0000000000
5386.8470000000,0.0000000000
5386.8710000000,0.0000000000
5386.8960000000,0.0000000000
5386.8960000000,0.0000000000
5386.9200000000,0.0000000000
5386.9460000000,0.0000000000
5386.9470000000,0.0000000000
5386.9700000000,0.0000000000
5386.9970000000,0.0000000000
5386.9970000000,0.0000000000
5387.0190000000,0.0000000000
5387.0460000000,0.0000000000
5387.0460000000,0.0000000000
5387.0690000000,0.0000000000
5387.0960000000,0.0000000000
5387.0980000000,0.0000000000
5387.1190000000,0.0000000000
5387.1460000000,0.0000000000
5387.1470000000,0.0000000000
5387.1700000000,0.0000000000
5387.1970000000,0.0000000000
5387.1970000000,0.0000000000
5387.2190000000,0.0000000000
5387.2460000000,0.0000000000
5387.2460000000,0.0000000000
5387.2690000000,0.0000000000
5387.2960000000,0.0000000000
5387.2960000000,0.0000000000
5387.3190000000,0.0000000000
5387.3460000000,0.0000000000
5387.3470000000,0.0000000000
5387.3710000000,0.0000000000
5387.3980000000,0.0000000000
5387.4000000000,0.0000000000
5387.4190000000,0.0000000000
5387.4490000000,0.0000000000
5387.4490000000,0.0000000000
5387.4690000000,0.0000000000
5387.4960000000,0.0000000000
5387.4980000000,0.0000000000
5387.5190000000,0.0000000000
5387.5470000000,0.0000000000
5387.5470000000,0.0000000000
5387.5700000000,0.0000000000
5387.5960000000,0.0000000000
5387.5960000000,0.0000000000
5387.6190000000,0.0000000000
5387.6460000000,0.0000000000
5387.6460000000,0.0000000000
5387.6690000000,0.0000000000
5387.6970000000,0.0000000000
5387.6970000000,0.0000000000
5387.7190000000,0.0000000000
5387.7470000000,0.0000000000
5387.7480000000,0.0000000000
5387.7690000000,0.0000000000
5387.7960000000,0.0000000000
5387.7970000000,0.0000000000
5387.8190000000,0.0000000000
5387.8470000000,0.0000000000
5387.8470000000,0.0000000000
5387.8690000000,0.0000000000
5387.8970000000,0.0000000000
5387.8980000000,0.0000000000
5387.9190000000,0.0000000000
5387.9460000000,0.0000000000
5387.9460000000,0.0000000000
5387.9700000000,0.0000000000
5387.9970000000,0.0000000000
5387.9980000000,0.0000000000
5388.0200000000,0.0000000000
5388.0460000000,0.0000000000
5388.0480000000,0.0000000000
5388.0690000000,0.0000000000
5388.0960000000,0.0000000000
5388.0960000000,0.0000000000
5388.1190000000,0.0000000000
5388.1460000000,0.0000000000
5388.1460000000,0.0000000000
5388.1690000000,0.0000000000
5388.1960000000,0.0000000000
5388.1970000000,0.0000000000
5388.2190000000,0.0000000000
5388.2460000000,0.0000000000
5388.2460000000,0.0000000000
5388.2690000000,0.0000000000
5388.2960000000,0.0000000000
5388.2960000000,0.0000000000
5388.3200000000,0.0000000000
5388.3460000000,0.0000000000
5388.3470000000,0.0000000000
5388.3690000000,0.0000000000
5388.3960000000,0.0000000000
5388.3960000000,0.0000000000
5388.4200000000,0.0000000000
5388.4460000000,0.0000000000
5388.4460000000,0.0000000000
5388.4690000000,0.0000000000
5388.4960000000,0.0000000000
5388.4960000000,0.0000000000
5388.5200000000,0.0000000000
5388.5460000000,0.0000000000
5388.5470000000,0.0000000000
5388.5700000000,0.0000000000
5388.5960000000,0.0000000000
5388.5960000000,0.0000000000
5388.6190000000,0.0000000000
5388.6460000000,0.0000000000
5388.6460000000,0.0000000000
5388.6690000000,0.0000000000
5388.6960000000,0.0000000000
5388.6970000000,0.0000000000
5388.7190000000,0.0000000000
5388.7460000000,0.0000000000
5388.7470000000,0.0000000000
5388.7690000000,0.0000000000
5388.7960000000,0.0000000000
5388.7970000000,0.0000000000
5388.8190000000,0.0000000000
5388.8460000000,0.0000000000
5388.8460000000,0.0000000000
5388.8690000000,0.0000000000
5388.8960000000,0.0000000000
5388.8960000000,0.0000000000
5388.9200000000,0.0000000000
5388.9460000000,0.0000000000
5388.9470000000,0.0000000000
5388.9690000000,0.0000000000
5388.9970000000,0.0000000000
5388.9970000000,0.0000000000
5389.0190000000,0.0000000000
5389.0460000000,0.0000000000
5389.0470000000,0.0000000000
5389.0690000000,0.0000000000
5389.0970000000,0.0000000000
5389.0970000000,0.0000000000
5389.1190000000,0.0000000000
5389.1460000000,0.0000000000
5389.1460000000,0.0000000000
5389.1700000000,0.0000000000
5389.1960000000,0.0000000000
5389.1960000000,0.0000000000
5389.2200000000,0.0000000000
5389.2460000000,0.0000000000
5389.2470000000,0.0000000000
5389.2700000000,0.0000000000
5389.2960000000,0.0000000000
5389.2970000000,0.0000000000
5389.3190000000,0.0000000000
5389.3460000000,0.0000000000
5389.3460000000,0.0000000000
5389.3690000000,0.0000000000
5389.3960000000,0.0000000000
5389.3970000000,0.0000000000
5389.4190000000,0.0000000000
5389.4470000000,0.0000000000
5389.4470000000,0.0000000000
5389.4700000000,0.0000000000
5389.4960000000,0.0000000000
5389.4970000000,0.0000000000
5389.5190000000,0.0000000000
5389.5460000000,0.0000000000
5389.5470000000,0.0000000000
5389.5700000000,0.0000000000
5389.5960000000,0.0000000000
5389.5960000000,0.0000000000
5389.6190000000,0.0000000000
5389.6460000000,0.0000000000
5389.6460000000,0.0000000000
5389.6700000000,0.0000000000
5389.6960000000,0.0000000000
5389.6970000000,0.0000000000
5389.7190000000,0.0000000000
5389.7460000000,0.0000000000
5389.7460000000,0.0000000000
5389.7700000000,0.0000000000
5389.7960000000,0.0000000000
5389.7960000000,0.0000000000
5389.8190000000,0.0000000000
5389.8460000000,0.0000000000
5389.8470000000,0.0000000000
5389.8690000000,0.0000000000
5389.8960000000,0.0000000000
5389.8990000000,0.0000000000
5389.9200000000,0.0000000000
5389.9450000000,0.0000000000
5389.9450000000,0.0000000000
5389.9700000000,0.0000000000
5389.9970000000,0.0000000000
5389.9970000000,0.0000000000
5390.0200000000,0.0000000000
5390.0460000000,0.0000000000
5390.0460000000,0.0000000000
5390.0690000000,0.0000000000
5390.0960000000,0.0000000000
5390.0960000000,0.0000000000
5390.1190000000,0.0000000000
5390.1470000000,0.0000000000
5390.1470000000,0.0000000000
5390.1690000000,0.0000000000
5390.1960000000,0.0000000000
5390.1960000000,0.0000000000
5390.2190000000,0.0000000000
5390.2460000000,0.0000000000
5390.2460000000,0.0000000000
5390.2700000000,0.0000000000
5390.2960000000,0.0000000000
5390.2960000000,0.0000000000
5390.3190000000,0.0000000000
5390.3470000000,0.0000000000
5390.3470000000,0.0000000000
5390.3690000000,0.0000000000
5390.3960000000,0.0000000000
5390.3970000000,0.0000000000
5390.4190000000,0.0000000000
5390.4460000000,0.0000000000
5390.4460000000,0.0000000000
5390.4690000000,0.0000000000
5390.4960000000,0.0000000000
5390.4960000000,0.0000000000
5390.5190000000,0.0000000000
5390.5460000000,0.0000000000
5390.5460000000,0.0000000000
5390.5690000000,0.0000000000
5390.5970000000,0.0000000000
5390.5980000000,0.0000000000
5390.6190000000,0.0000000000
5390.6460000000,0.0000000000
5390.6470000000,0.0000000000
5390.6690000000,0.0000000000
5390.6970000000,0.0000000000
5390.6980000000,0.0000000000
5390.7190000000,0.0000000000
5390.7460000000,0.0000000000
5390.7460000000,0.0000000000
5390.7690000000,0.0000000000
5390.7960000000,0.0000000000
5390.7960000000,0.0000000000
5390.8200000000,0.0000000000
5390.8460000000,0.0000000000
5390.8460000000,0.0000000000
5390.8680000000,0.0000000000
5390.8970000000,0.0000000000
5390.8970000000,0.0000000000
5390.9190000000,0.0000000000
5390.9460000000,0.0000000000
5390.9470000000,0.0000000000
5390.9690000000,0.0000000000
5390.9960000000,0.0000000000
5390.9970000000,0.0000000000
5391.0190000000,0.0000000000
5391.0460000000,0.0000000000
5391.0460000000,0.0000000000
5391.0690000000,0.0000000000
5391.0960000000,0.0000000000
5391.0960000000,0.0000000000
5391.1190000000,0.0000000000
5391.1460000000,0.0000000000
5391.1460000000,0.0000000000
5391.1690000000,0.0000000000
5391.1960000000,0.0000000000
5391.1970000000,0.0000000000
5391.2190000000,0.0000000000
5391.2460000000,0.0000000000
5391.2460000000,0.0000000000
5391.2690000000,0.0000000000
5391.2960000000,0.0000000000
5391.2960000000,0.0000000000
5391.3200000000,0.0000000000
5391.3460000000,0.0000000000
5391.3470000000,0.0000000000
5391.3690000000,0.0000000000
5391.3960000000,0.0000000000
5391.3960000000,0.0000000000
5391.4190000000,0.0000000000
5391.4460000000,0.0000000000
5391.4470000000,0.0000000000
5391.4700000000,0.0000000000
5391.4960000000,0.0000000000
5391.4960000000,0.0000000000
5391.5190000000,0.0000000000
5391.5460000000,0.0000000000
5391.5460000000,0.0000000000
5391.5690000000,0.0000000000
5391.5960000000,0.0000000000
5391.5960000000,0.0000000000
5391.6190000000,0.0000000000
5391.6460000000,0.0000000000
5391.6460000000,0.0000000000
5391.6690000000,0.0000000000
5391.6980000000,0.0000000000
5391.6980000000,0.0000000000
5391.7190000000,0.0000000000
5391.7460000000,0.0000000000
5391.7470000000,0.0000000000
5391.7690000000,0.0000000000
5391.7960000000,0.0000000000
5391.7960000000,0.0000000000
5391.8190000000,0.0000000000
5391.8460000000,0.0000000000
5391.8460000000,0.0000000000
5391.8690000000,0.0000000000
5391.8960000000,0.0000000000
5391.8960000000,0.0000000000
5391.9200000000,0.0000000000
5391.9470000000,0.0000000000
5391.9470000000,0.0000000000
5391.9690000000,0.0000000000
5391.9960000000,0.0000000000
5391.9970000000,0.0000000000
5392.0200000000,0.0000000000
5392.0460000000,0.0000000000
5392.0470000000,0.0000000000
5392.0690000000,0.0000000000
5392.0960000000,0.0000000000
5392.0960000000,0.0000000000
5392.1190000000,0.0000000000
5392.1460000000,0.0000000000
5392.1460000000,0.0000000000
5392.1690000000,0.0000000000
5392.1960000000,0.0000000000
5392.1960000000,0.0000000000
5392.2190000000,0.0000000000
5392.2460000000,0.0000000000
5392.2460000000,0.0000000000
5392.2710000000,0.0000000000
5392.2960000000,0.0000000000
5392.2960000000,0.0000000000
5392.3190000000,0.0000000000
5392.3460000000,0.0000000000
5392.3460000000,0.0000000000
5392.3710000000,0.0000000000
5392.3960000000,0.0000000000
5392.3960000000,0.0000000000
5392.4200000000,0.0000000000
5392.4470000000,0.0000000000
5392.4470000000,0.0000000000
5392.4690000000,0.0000000000
5392.4960000000,0.0000000000
5392.4960000000,0.0000000000
5392.5200000000,0.0000000000
5392.5470000000,0.0000000000
5392.5470000000,0.0000000000
5392.5690000000,0.0000000000
5392.5970000000,0.0000000000
5392.5970000000,0.0000000000
5392.6190000000,0.0000000000
5392.6460000000,0.0000000000
5392.6460000000,0.0000000000
5392.6690000000,0.0000000000
5392.6960000000,0.0000000000
5392.6980000000,0.0000000000
5392.7190000000,0.0000000000
5392.7470000000,0.0000000000
5392.7470000000,0.0000000000
5392.7700000000,0.0000000000
5392.7960000000,0.0000000000
5392.7960000000,0.0000000000
5392.8200000000,0.0000000000
5392.8460000000,0.0000000000
5392.8460000000,0.0000000000
5392.8700000000,0.0000000000
5392.8960000000,0.0000000000
5392.8960000000,0.0000000000
5392.9190000000,0.0000000000
5392.9470000000,0.0000000000
5392.9470000000,0.0000000000
5392.9710000000,0.0000000000
5392.9960000000,0.0000000000
5392.9960000000,0.0000000000
5393.0190000000,0.0000000000
5393.0460000000,0.0000000000
5393.0460000000,0.0000000000
5393.0690000000,0.0000000000
5393.0970000000,0.0000000000
5393.0970000000,0.0000000000
5393.1190000000,0.0000000000
5393.1460000000,0.0000000000
5393.1470000000,0.0000000000
5393.1700000000,0.0000000000
5393.1960000000,0.0000000000
5393.1960000000,0.0000000000
5393.2190000000,0.0000000000
5393.2460000000,0.0000000000
5393.2460000000,0.0000000000
5393.2700000000,0.0000000000
5393.2960000000,0.0000000000
5393.2970000000,0.0000000000
5393.3190000000,0.0000000000
5393.3460000000,0.0000000000
5393.3470000000,0.0000000000
5393.3690000000,0.0000000000
5393.3960000000,0.0000000000
5393.3970000000,0.0000000000
5393.4190000000,0.0000000000
5393.4460000000,0.0000000000
5393.4470000000,0.0000000000
5393.4690000000,0.0000000000
5393.4960000000,0.0000000000
5393.4960000000,0.0000000000
5393.5190000000,0.0000000000
5393.5470000000,0.0000000000
5393.5470000000,0.0000000000
5393.5690000000,0.0000000000
5393.5960000000,0.0000000000
5393.5970000000,0.0000000000
5393.6200000000,0.0000000000
5393.6470000000,0.0000000000
5393.6470000000,0.0000000000
5393.6690000000,0.0000000000
5393.6980000000,0.0000000000
5393.6980000000,0.0000000000
5393.7190000000,0.0000000000
5393.7470000000,0.0000000000
5393.7470000000,0.0000000000
5393.7690000000,0.0000000000
5393.7960000000,0.0000000000
5393.7970000000,0.0000000000
5393.8190000000,0.0000000000
5393.8460000000,0.0000000000
5393.8460000000,0.0000000000
5393.8690000000,0.0000000000
5393.8960000000,0.0000000000
5393.8970000000,0.0000000000
5393.9190000000,0.0000000000
5393.9460000000,0.0000000000
5393.9470000000,0.0000000000
5393.9690000000,0.0000000000
5393.9960000000,0.0000000000
5393.9960000000,0.0000000000
5394.0190000000,0.0000000000
5394.0460000000,0.0000000000
5394.0460000000,0.0000000000
5394.0690000000,0.0000000000
5394.0970000000,0.0000000000
5394.0970000000,0.0000000000
5394.1200000000,0.0000000000
5394.1460000000,0.0000000000
5394.1460000000,0.0000000000
5394.1690000000,0.0000000000
5394.1960000000,0.0000000000
5394.1960000000,0.0000000000
5394.2190000000,0.0000000000
5394.2460000000,0.0000000000
5394.2470000000,0.0000000000
5394.2700000000,0.0000000000
5394.2960000000,0.0000000000
5394.2970000000,0.0000000000
5394.3190000000,0.0000000000
5394.3460000000,0.0000000000
5394.3460000000,0.0000000000
5394.3700000000,0.0000000000
5394.3970000000,0.0000000000
5394.3970000000,0.0000000000
5394.4210000000,0.0000000000
5394.4460000000,0.0000000000
5394.4460000000,0.0000000000
5394.4700000000,0.0000000000
5394.4960000000,0.0000000000
5394.4960000000,0.0000000000
5394.5190000000,0.0000000000
5394.5460000000,0.0000000000
5394.5470000000,0.0000000000
5394.5690000000,0.0000000000
5394.5960000000,0.0000000000
5394.5960000000,0.0000000000
5394.6200000000,0.0000000000
5394.6460000000,0.0000000000
5394.6460000000,0.0000000000
5394.6690000000,0.0000000000
5394.6960000000,0.0000000000
5394.6960000000,0.0000000000
5394.7200000000,0.0000000000
5394.7460000000,0.0000000000
5394.7470000000,0.0000000000
5394.7690000000,0.0000000000
5394.7960000000,0.0000000000
5394.7970000000,0.0000000000
5394.8190000000,0.0000000000
5394.8470000000,0.0000000000
5394.8480000000,0.0000000000
5394.8690000000,0.0000000000
5394.8970000000,0.0000000000
5394.8980000000,0.0000000000
5394.9190000000,0.0000000000
5394.9460000000,0.0000000000
5394.9470000000,0.0000000000
5394.9700000000,0.0000000000
5394.9960000000,0.0000000000
5394.9960000000,0.0000000000
5395.0190000000,0.0000000000
5395.0460000000,0.0000000000
5395.0460000000,0.0000000000
5395.0700000000,0.0000000000
5395.0960000000,0.0000000000
5395.0970000000,0.0000000000
5395.1200000000,0.0000000000
5395.1450000000,0.0000000000
5395.1470000000,0.0000000000
5395.1700000000,0.0000000000
5395.1960000000,0.0000000000
5395.1970000000,0.0000000000
5395.2190000000,0.0000000000
5395.2460000000,0.0000000000
5395.2480000000,0.0000000000
5395.2690000000,0.0000000000
5395.2960000000,0.0000000000
5395.2960000000,0.0000000000
5395.3210000000,0.0000000000
5395.3460000000,0.0000000000
5395.3470000000,0.0000000000
5395.3690000000,0.0000000000
5395.3960000000,0.0000000000
5395.3960000000,0.0000000000
5395.4200000000,0.0000000000
5395.4460000000,0.0000000000
5395.4470000000,0.0000000000
5395.4690000000,0.0000000000
5395.4960000000,0.0000000000
5395.4970000000,0.0000000000
5395.5190000000,0.0000000000
5395.5460000000,0.0000000000
5395.5460000000,0.0000000000
5395.5690000000,0.0000000000
5395.5960000000,0.0000000000
5395.5960000000,0.0000000000
5395.6190000000,0.0000000000
5395.6460000000,0.0000000000
5395.6470000000,0.0000000000
5395.6690000000,0.0000000000
5395.6960000000,0.0000000000
5395.6960000000,0.0000000000
5395.7190000000,0.0000000000
5395.7460000000,0.0000000000
5395.7470000000,0.0000000000
5395.7690000000,0.0000000000
5395.7970000000,0.0000000000
5395.7970000000,0.0000000000
5395.8190000000,0.0000000000
5395.8470000000,0.0000000000
5395.8470000000,0.0000000000
5395.8690000000,0.0000000000
5395.8960000000,0.0000000000
5395.8980000000,0.0000000000
5395.9190000000,0.0000000000
5395.9460000000,0.0000000000
5395.9460000000,0.0000000000
5395.9690000000,0.0000000000
5395.9960000000,0.0000000000
5395.9960000000,0.0000000000
5396.0190000000,0.0000000000
5396.0470000000,0.0000000000
5396.0480000000,0.0000000000
5396.0720000000,0.0000000000
5396.0960000000,0.0000000000
5396.0960000000,0.0000000000
5396.1210000000,0.0000000000
5396.1460000000,0.0000000000
5396.1460000000,0.0000000000
5396.1700000000,0.0000000000
5396.1960000000,0.0000000000
5396.1960000000,0.0000000000
5396.2190000000,0.0000000000
5396.2460000000,0.0000000000
5396.2470000000,0.0000000000
5396.2690000000,0.0000000000
5396.2960000000,0.0000000000
5396.2960000000,0.0000000000
5396.3200000000,0.0000000000
5396.3470000000,0.0000000000
5396.3480000000,0.0000000000
5396.3690000000,0.0000000000
5396.3960000000,0.0000000000
5396.3960000000,0.0000000000
5396.4190000000,0.0000000000
5396.4460000000,0.0000000000
5396.4460000000,0.0000000000
5396.4690000000,0.0000000000
5396.4960000000,0.0000000000
5396.4960000000,0.0000000000
5396.5200000000,0.0000000000
5396.5470000000,0.0000000000
5396.5480000000,0.0000000000
5396.5690000000,0.0000000000
5396.5960000000,0.0000000000
5396.5960000000,0.0000000000
5396.6190000000,0.0000000000
5396.6470000000,0.0000000000
5396.6470000000,0.0000000000
5396.6690000000,0.0000000000
5396.6960000000,0.0000000000
5396.6960000000,0.0000000000
5396.7190000000,0.0000000000
5396.7460000000,0.0000000000
5396.7460000000,0.0000000000
5396.7700000000,0.0000000000
5396.7960000000,0.0000000000
5396.7960000000,0.0000000000
5396.8190000000,0.0000000000
5396.8460000000,0.0000000000
5396.8460000000,0.0000000000
5396.8690000000,0.0000000000
5396.8960000000,0.0000000000
5396.8970000000,0.0000000000
5396.9190000000,0.0000000000
5396.9460000000,0.0000000000
5396.9470000000,0.0000000000
5396.9690000000,0.0000000000
5396.9960000000,0.0000000000
5396.9970000000,0.0000000000
5397.0190000000,0.0000000000
5397.0460000000,0.0000000000
5397.0470000000,0.0000000000
5397.0700000000,0.0000000000
5397.0960000000,0.0000000000
5397.0960000000,0.0000000000
5397.1200000000,0.0000000000
5397.1460000000,0.0000000000
5397.1460000000,0.0000000000
5397.1690000000,0.0000000000
5397.1960000000,0.0000000000
5397.1960000000,0.0000000000
5397.2200000000,0.0000000000
5397.2460000000,0.0000000000
5397.2460000000,0.0000000000
5397.2700000000,0.0000000000
5397.2960000000,0.0000000000
5397.2960000000,0.0000000000
5397.3190000000,0.0000000000
5397.3460000000,0.0000000000
5397.3460000000,0.0000000000
5397.3700000000,0.0000000000
5397.3970000000,0.0000000000
5397.3980000000,0.0000000000
5397.4190000000,0.0000000000
5397.4460000000,0.0000000000
5397.4470000000,0.0000000000
5397.4690000000,0.0000000000
5397.4970000000,0.0000000000
5397.4970000000,0.0000000000
5397.5190000000,0.0000000000
5397.5470000000,0.0000000000
5397.5470000000,0.0000000000
5397.5700000000,0.0000000000
5397.5960000000,0.0000000000
5397.5960000000,0.0000000000
5397.6190000000,0.0000000000
5397.6460000000,0.0000000000
5397.6460000000,0.0000000000
5397.6690000000,0.0000000000
5397.6960000000,0.0000000000
5397.6960000000,0.0000000000
5397.7190000000,0.0000000000
5397.7470000000,0.0000000000
5397.7470000000,0.0000000000
5397.7710000000,0.0000000000
5397.7960000000,0.0000000000
5397.7970000000,0.0000000000
5397.8200000000,0.0000000000
5397.8470000000,0.0000000000
5397.8470000000,0.0000000000
5397.8690000000,0.0000000000
5397.8960000000,0.0000000000
5397.8960000000,0.0000000000
5397.9190000000,0.0000000000
5397.9460000000,0.0000000000
5397.9470000000,0.0000000000
5397.9700000000,0.0000000000
5397.9960000000,0.0000000000
5397.9970000000,0.0000000000
5398.0200000000,0.0000000000
5398.0450000000,0.0000000000
5398.0470000000,0.0000000000
5398.0690000000,0.0000000000
5398.0970000000,0.0000000000
5398.0970000000,0.0000000000
5398.1190000000,0.0000000000
5398.1460000000,0.0000000000
5398.1470000000,0.0000000000
5398.1690000000,0.0000000000
5398.1970000000,0.0000000000
5398.1970000000,0.0000000000
5398.2200000000,0.0000000000
5398.2460000000,0.0000000000
5398.2480000000,0.0000000000
5398.2690000000,0.0000000000
5398.2970000000,0.0000000000
5398.2980000000,0.0000000000
5398.3200000000,0.0000000000
5398.3460000000,0.0000000000
5398.3470000000,0.0000000000
5398.3690000000,0.0000000000
5398.3960000000,0.0000000000
5398.3970000000,0.0000000000
5398.4190000000,0.0000000000
5398.4460000000,0.0000000000
5398.4470000000,0.0000000000
5398.4690000000,0.0000000000
5398.4960000000,0.0000000000
5398.4960000000,0.0000000000
5398.5200000000,0.0000000000
5398.5460000000,0.0000000000
5398.5470000000,0.0000000000
5398.5690000000,0.0000000000
5398.5960000000,0.0000000000
5398.5960000000,0.0000000000
5398.6190000000,0.0000000000
5398.6460000000,0.0000000000
5398.6460000000,0.0000000000
5398.6690000000,0.0000000000
5398.6960000000,0.0000000000
5398.6960000000,0.0000000000
5398.7210000000,0.0000000000
5398.7460000000,0.0000000000
5398.7470000000,0.0000000000
5398.7700000000,0.0000000000
5398.7960000000,0.0000000000
5398.7960000000,0.0000000000
5398.8190000000,0.0000000000
5398.8460000000,0.0000000000
5398.8460000000,0.0000000000
5398.8690000000,0.0000000000
5398.8960000000,0.0000000000
5398.8960000000,0.0000000000
5398.9210000000,0.0000000000
5398.9470000000,0.0000000000
5398.9470000000,0.0000000000
5398.9690000000,0.0000000000
5398.9960000000,0.0000000000
5398.9960000000,0.0000000000
5399.0190000000,0.0000000000
5399.0470000000,0.0000000000
5399.0470000000,0.0000000000
5399.0690000000,0.0000000000
5399.0970000000,0.0000000000
5399.0970000000,0.0000000000
5399.1190000000,0.0000000000
5399.1460000000,0.0000000000
5399.1460000000,0.0000000000
5399.1690000000,0.0000000000
5399.1960000000,0.0000000000
5399.1960000000,0.0000000000
5399.2190000000,0.0000000000
5399.2460000000,0.0000000000
5399.2460000000,0.0000000000
5399.2710000000,0.0000000000
5399.2960000000,0.0000000000
5399.2960000000,0.0000000000
5399.3190000000,0.0000000000
5399.3470000000,0.0000000000
5399.3480000000,0.0000000000
5399.3700000000,0.0000000000
5399.3960000000,0.0000000000
5399.3960000000,0.0000000000
5399.4200000000,0.0000000000
5399.4460000000,0.0000000000
5399.4460000000,0.0000000000
5399.4690000000,0.0000000000
5399.4970000000,0.0000000000
5399.4980000000,0.0000000000
5399.5190000000,0.0000000000
5399.5460000000,0.0000000000
5399.5470000000,0.0000000000
5399.5700000000,0.0000000000
5399.5970000000,0.0000000000
5399.5970000000,0.0000000000
5399.6190000000,0.0000000000
5399.6460000000,0.0000000000
5399.6460000000,0.0000000000
5399.6690000000,0.0000000000
5399.6960000000,0.0000000000
5399.6960000000,0.0000000000
5399.7210000000,0.0000000000
5399.7460000000,0.0000000000
5399.7460000000,0.0000000000
5399.7690000000,0.0000000000
5399.7960000000,0.0000000000
5399.7960000000,0.0000000000
5399.8200000000,0.0000000000
5399.8460000000,0.0000000000
5399.8460000000,0.0000000000
5399.8690000000,0.0000000000
5399.8960000000,0.0000000000
5399.8970000000,0.0000000000
5399.9190000000,0.0000000000
5399.9470000000,0.0000000000
5399.9470000000,0.0000000000
5399.9690000000,0.0000000000
5399.9960000000,0.0000000000
5399.9960000000,0.0000000000
5400.0190000000,0.0000000000
5400.0460000000,0.0000000000
5400.0460000000,0.0000000000
5400.0690000000,0.0000000000
5400.0960000000,0.0000000000
5400.0970000000,0.0000000000
5400.1190000000,0.0000000000
5400.1480000000,0.0000000000
5400.1480000000,0.0000000000
5400.1690000000,0.0000000000
5400.1970000000,0.0000000000
5400.1990000000,0.0000000000
5400.2210000000,0.0000000000
5400.2460000000,0.0000000000
5400.2460000000,0.0000000000
5400.2690000000,0.0000000000
5400.2970000000,0.0000000000
5400.2980000000,0.0000000000
5400.3190000000,0.0000000000
5400.3460000000,0.0000000000
5400.3470000000,0.0000000000
5400.3690000000,0.0000000000
5400.3970000000,0.0000000000
5400.3970000000,0.0000000000
5400.4190000000,0.0000000000
5400.4460000000,0.0000000000
5400.4460000000,0.0000000000
5400.4690000000,0.0000000000
5400.4960000000,0.0000000000
5400.4960000000,0.0000000000
5400.5190000000,0.0000000000
5400.5460000000,0.0000000000
5400.5460000000,0.0000000000
5400.5700000000,0.0000000000
5400.5960000000,0.0000000000
5400.5970000000,0.0000000000
5400.6200000000,0.0000000000
5400.6480000000,0.0000000000
5400.6480000000,0.0000000000
5400.6700000000,0.0000000000
5400.6960000000,0.0000000000
5400.6970000000,0.0000000000
5400.7190000000,0.0000000000
5400.7470000000,0.0000000000
5400.7470000000,0.0000000000
5400.7690000000,0.0000000000
5400.7960000000,0.0000000000
5400.7970000000,0.0000000000
5400.8190000000,0.0000000000
5400.8460000000,0.0000000000
5400.8460000000,0.0000000000
5400.8690000000,0.0000000000
5400.8960000000,0.0000000000
5400.8960000000,0.0000000000
5400.9200000000,0.0000000000
5400.9470000000,0.0000000000
5400.9480000000,0.0000000000
5400.9680000000,0.0000000000
5400.9970000000,0.0000000000
5400.9970000000,0.0000000000
5401.0190000000,0.0000000000
5401.0460000000,0.0000000000
5401.0460000000,0.0000000000
5401.0690000000,0.0000000000
5401.0970000000,0.0000000000
5401.0980000000,0.0000000000
5401.1200000000,0.0000000000
5401.1470000000,0.0000000000
5401.1470000000,0.0000000000
5401.1690000000,0.0000000000
5401.1970000000,0.0000000000
5401.1980000000,0.0000000000
5401.2190000000,0.0000000000
5401.2460000000,0.0000000000
5401.2460000000,0.0000000000
5401.2690000000,0.0000000000
5401.2960000000,0.0000000000
5401.2960000000,0.0000000000
5401.3200000000,0.0000000000
5401.3460000000,0.0000000000
5401.3470000000,0.0000000000
5401.3700000000,0.0000000000
5401.3970000000,0.0000000000
5401.3970000000,0.0000000000
5401.4190000000,0.0000000000
5401.4460000000,0.0000000000
5401.4470000000,0.0000000000
5401.4700000000,0.0000000000
5401.4960000000,0.0000000000
5401.4960000000,0.0000000000
5401.5190000000,0.0000000000
5401.5460000000,0.0000000000
5401.5460000000,0.0000000000
5401.5690000000,0.0000000000
5401.5960000000,0.0000000000
5401.5960000000,0.0000000000
5401.6190000000,0.0000000000
5401.6470000000,0.0000000000
5401.6470000000,0.0000000000
5401.6690000000,0.0000000000
5401.6960000000,0.0000000000
5401.6970000000,0.0000000000
5401.7190000000,0.0000000000
5401.7460000000,0.0000000000
5401.7480000000,0.0000000000
5401.7700000000,0.0000000000
5401.7960000000,0.0000000000
5401.7960000000,0.0000000000
5401.8190000000,0.0000000000
5401.8470000000,0.0000000000
5401.8470000000,0.0000000000
5401.8690000000,0.0000000000
5401.8970000000,0.0000000000
5401.8970000000,0.0000000000
5401.9190000000,0.0000000000
5401.9460000000,0.0000000000
5401.9460000000,0.0000000000
5401.9700000000,0.0000000000
5401.9970000000,0.0000000000
5401.9970000000,0.0000000000
5402.0190000000,0.0000000000
5402.0470000000,0.0000000000
5402.0470000000,0.0000000000
5402.0690000000,0.0000000000
5402.0960000000,0.0000000000
5402.0960000000,0.0000000000
5402.1190000000,0.0000000000
5402.1460000000,0.0000000000
5402.1460000000,0.0000000000
5402.1690000000,0.0000000000
5402.1960000000,0.0000000000
5402.1960000000,0.0000000000
5402.2190000000,0.0000000000
5402.2460000000,0.0000000000
5402.2460000000,0.0000000000
5402.2700000000,0.0000000000
5402.2960000000,0.0000000000
5402.2960000000,0.0000000000
5402.3200000000,0.0000000000
5402.3460000000,0.0000000000
5402.3470000000,0.0000000000
5402.3690000000,0.0000000000
5402.3960000000,0.0000000000
5402.3970000000,0.0000000000
5402.4200000000,0.0000000000
5402.4460000000,0.0000000000
5402.4470000000,0.0000000000
5402.4690000000,0.0000000000
5402.4960000000,0.0000000000
5402.4960000000,0.0000000000
5402.5190000000,0.0000000000
5402.5460000000,0.0000000000
5402.5460000000,0.0000000000
5402.5690000000,0.0000000000
5402.5960000000,0.0000000000
5402.5970000000,0.0000000000
5402.6190000000,0.0000000000
5402.6470000000,0.0000000000
5402.6470000000,0.0000000000
5402.6690000000,0.0000000000
5402.6960000000,0.0000000000
5402.6960000000,0.0000000000
5402.7190000000,0.0000000000
5402.7460000000,0.0000000000
5402.7460000000,0.0000000000
5402.7690000000,0.0000000000
5402.7970000000,0.0000000000
5402.7970000000,0.0000000000
5402.8190000000,0.0000000000
5402.8470000000,0.0000000000
5402.8480000000,0.0000000000
5402.8690000000,0.0000000000
5402.8960000000,0.0000000000
5402.8960000000,0.0000000000
5402.9190000000,0.0000000000
5402.9470000000,0.0000000000
5402.9470000000,0.0000000000
5402.9700000000,0.0000000000
5402.9960000000,0.0000000000
5402.9960000000,0.0000000000
5403.0190000000,0.0000000000
5403.0450000000,0.0000000000
5403.0460000000,0.0000000000
5403.0690000000,0.0000000000
5403.0970000000,0.0000000000
5403.0980000000,0.0000000000
5403.1190000000,0.0000000000
5403.1460000000,0.0000000000
5403.1470000000,0.0000000000
5403.1690000000,0.0000000000
5403.1960000000,0.0000000000
5403.1960000000,0.0000000000
5403.2200000000,0.0000000000
5403.2470000000,0.0000000000
5403.2470000000,0.0000000000
5403.2690000000,0.0000000000
5403.2960000000,0.0000000000
5403.2960000000,0.0000000000
5403.3190000000,0.0000000000
5403.3460000000,0.0000000000
5403.3460000000,0.0000000000
5403.3700000000,0.0000000000
5403.3970000000,0.0000000000
5403.3970000000,0.0000000000
5403.4190000000,0.0000000000
5403.4470000000,0.0000000000
5403.4470000000,0.0000000000
5403.4690000000,0.0000000000
5403.4960000000,0.0000000000
5403.4970000000,0.0000000000
5403.5190000000,0.0000000000
5403.5460000000,0.0000000000
5403.5460000000,0.0000000000
5403.5700000000,0.0000000000
5403.5960000000,0.0000000000
5403.5960000000,0.0000000000
5403.6200000000,0.0000000000
5403.6470000000,0.0000000000
5403.6470000000,0.0000000000
5403.6690000000,0.0000000000
5403.6960000000,0.0000000000
5403.6970000000,0.0000000000
5403.7190000000,0.0000000000
5403.7470000000,0.0000000000
5403.7470000000,0.0000000000
5403.7690000000,0.0000000000
5403.7960000000,0.0000000000
5403.7960000000,0.0000000000
5403.8190000000,0.0000000000
5403.8460000000,0.0000000000
5403.8460000000,0.0000000000
5403.8690000000,0.0000000000
5403.8970000000,0.0000000000
5403.8970000000,0.0000000000
5403.9190000000,0.0000000000
5403.9460000000,0.0000000000
5403.9460000000,0.0000000000
5403.9700000000,0.0000000000
5403.9960000000,0.0000000000
5403.9960000000,0.0000000000
5404.0190000000,0.0000000000
5404.0460000000,0.0000000000
5404.0460000000,0.0000000000
5404.0700000000,0.0000000000
5404.0970000000,0.0000000000
5404.0980000000,0.0000000000
5404.1190000000,0.0000000000
5404.1460000000,0.0000000000
5404.1490000000,0.0000000000
5404.1700000000,0.0000000000
5404.1990000000,0.0000000000
5404.1990000000,0.0000000000
5404.2190000000,0.0000000000
5404.2460000000,0.0000000000
5404.2470000000,0.0000000000
5404.2690000000,0.0000000000
5404.2960000000,0.0000000000
5404.2960000000,0.0000000000
5404.3190000000,0.0000000000
5404.3460000000,0.0000000000
5404.3460000000,0.0000000000
5404.3710000000,0.0000000000
5404.3960000000,0.0000000000
5404.3960000000,0.0000000000
5404.4190000000,0.0000000000
5404.4460000000,0.0000000000
5404.4460000000,0.0000000000
5404.4690000000,0.0000000000
5404.4970000000,0.0000000000
5404.4970000000,0.0000000000
5404.5190000000,0.0000000000
5404.5460000000,0.0000000000
5404.5470000000,0.0000000000
5404.5690000000,0.0000000000
5404.5960000000,0.0000000000
5404.5970000000,0.0000000000
5404.6210000000,0.0000000000
5404.6470000000,0.0000000000
5404.6470000000,0.0000000000
5404.6690000000,0.0000000000
5404.6960000000,0.0000000000
5404.6970000000,0.0000000000
5404.7190000000,0.0000000000
5404.7470000000,0.0000000000
5404.7470000000,0.0000000000
5404.7690000000,0.0000000000
5404.7960000000,0.0000000000
5404.7980000000,0.0000000000
5404.8190000000,0.0000000000
5404.8460000000,0.0000000000
5404.8470000000,0.0000000000
5404.8700000000,0.0000000000
5404.8960000000,0.0000000000
5404.8960000000,0.0000000000
5404.9200000000,0.0000000000
5404.9470000000,0.0000000000
5404.9470000000,0.0000000000
5404.9690000000,0.0000000000
5404.9960000000,0.0000000000
5404.9960000000,0.0000000000
5405.0190000000,0.0000000000
5405.0460000000,0.0000000000
5405.0470000000,0.0000000000
5405.0690000000,0.0000000000
5405.0970000000,0.0000000000
5405.0980000000,0.0000000000
5405.1190000000,0.0000000000
5405.1460000000,0.0000000000
5405.1460000000,0.0000000000
5405.1690000000,0.0000000000
5405.1960000000,0.0000000000
5405.1960000000,0.0000000000
5405.2190000000,0.0000000000
5405.2470000000,0.0000000000
5405.2470000000,0.0000000000
5405.2690000000,0.0000000000
5405.2960000000,0.0000000000
5405.2960000000,0.0000000000
5405.3190000000,0.0000000000
5405.3460000000,0.0000000000
5405.3470000000,0.0000000000
5405.3690000000,0.0000000000
5405.3960000000,0.0000000000
5405.3970000000,0.0000000000
5405.4190000000,0.0000000000
5405.4460000000,0.0000000000
5405.4460000000,0.0000000000
5405.4700000000,0.0000000000
5405.4970000000,0.0000000000
5405.4970000000,0.0000000000
5405.5190000000,0.0000000000
5405.5460000000,0.0000000000
5405.5460000000,0.0000000000
5405.5690000000,0.0000000000
5405.5970000000,0.0000000000
5405.5970000000,0.0000000000
5405.6200000000,0.0000000000
5405.6490000000,0.0000000000
5405.6490000000,0.0000000000
5405.6700000000,0.0000000000
5405.6970000000,0.0000000000
5405.6970000000,0.0000000000
5405.7190000000,0.0000000000
5405.7460000000,0.0000000000
5405.7460000000,0.0000000000
5405.7690000000,0.0000000000
5405.7960000000,0.0000000000
5405.7960000000,0.0000000000
5405.8190000000,0.0000000000
5405.8470000000,0.0000000000
5405.8470000000,0.0000000000
5405.8710000000,0.0000000000
5405.8960000000,0.0000000000
5405.8960000000,0.0000000000
5405.9220000000,0.0000000000
5405.9460000000,0.0000000000
5405.9460000000,0.0000000000
5405.9690000000,0.0000000000
5405.9970000000,0.0000000000
5405.9970000000,0.0000000000
5406.0190000000,0.0000000000
5406.0460000000,0.0000000000
5406.0470000000,0.0000000000
5406.0700000000,0.0000000000
5406.0970000000,0.0000000000
5406.0970000000,0.0000000000
5406.1200000000,0.0000000000
5406.1460000000,0.0000000000
5406.1460000000,0.0000000000
5406.1700000000,0.0000000000
5406.1990000000,0.0000000000
5406.1990000000,0.0000000000
5406.2190000000,0.0000000000
5406.2460000000,0.0000000000
5406.2470000000,0.0000000000
5406.2690000000,0.0000000000
5406.2970000000,0.0000000000
5406.2970000000,0.0000000000
5406.3190000000,0.0000000000
5406.3460000000,0.0000000000
5406.3460000000,0.0000000000
5406.3690000000,0.0000000000
5406.3970000000,0.0000000000
5406.3970000000,0.0000000000
5406.4190000000,0.0000000000
5406.4470000000,0.0000000000
5406.4470000000,0.0000000000
5406.4700000000,0.0000000000
5406.4970000000,0.0000000000
5406.4970000000,0.0000000000
5406.5190000000,0.0000000000
5406.5460000000,0.0000000000
5406.5460000000,0.0000000000
5406.5690000000,0.0000000000
5406.5980000000,0.0000000000
5406.5980000000,0.0000000000
5406.6190000000,0.0000000000
5406.6470000000,0.0000000000
5406.6470000000,0.0000000000
5406.6690000000,0.0000000000
5406.6960000000,0.0000000000
5406.6960000000,0.0000000000
5406.7190000000,0.0000000000
5406.7460000000,0.0000000000
5406.7470000000,0.0000000000
5406.7690000000,0.0000000000
5406.7960000000,0.0000000000
5406.7960000000,0.0000000000
5406.8190000000,0.0000000000
5406.8470000000,0.0000000000
5406.8470000000,0.0000000000
5406.8690000000,0.0000000000
5406.8960000000,0.0000000000
5406.8970000000,0.0000000000
5406.9190000000,0.0000000000
5406.9460000000,0.0000000000
5406.9460000000,0.0000000000
5406.9690000000,0.0000000000
5406.9960000000,0.0000000000
5406.9970000000,0.0000000000
5407.0190000000,0.0000000000
5407.0460000000,0.0000000000
5407.0480000000,0.0000000000
5407.0690000000,0.0000000000
5407.0960000000,0.0000000000
5407.0960000000,0.0000000000
5407.1190000000,0.0000000000
5407.1460000000,0.0000000000
5407.1460000000,0.0000000000
5407.1690000000,0.0000000000
5407.1960000000,0.0000000000
5407.1960000000,0.0000000000
5407.2190000000,0.0000000000
5407.2460000000,0.0000000000
5407.2480000000,0.0000000000
5407.2690000000,0.0000000000
5407.2960000000,0.0000000000
5407.2960000000,0.0000000000
5407.3190000000,0.0000000000
5407.3460000000,0.0000000000
5407.3460000000,0.0000000000
5407.3690000000,0.0000000000
5407.3970000000,0.0000000000
5407.3970000000,0.0000000000
5407.4190000000,0.0000000000
5407.4460000000,0.0000000000
5407.4460000000,0.0000000000
5407.4690000000,0.0000000000
5407.4960000000,0.0000000000
5407.4960000000,0.0000000000
5407.5190000000,0.0000000000
5407.5460000000,0.0000000000
5407.5460000000,0.0000000000
5407.5700000000,0.0000000000
5407.5960000000,0.0000000000
5407.5960000000,0.0000000000
5407.6190000000,0.0000000000
5407.6460000000,0.0000000000
5407.6470000000,0.0000000000
5407.6690000000,0.0000000000
5407.6970000000,0.0000000000
5407.6970000000,0.0000000000
5407.7200000000,0.0000000000
5407.7460000000,0.0000000000
5407.7460000000,0.0000000000
5407.7690000000,0.0000000000
5407.7960000000,0.0000000000
5407.7960000000,0.0000000000
5407.8190000000,0.0000000000
5407.8470000000,0.0000000000
5407.8470000000,0.0000000000
5407.8690000000,0.0000000000
5407.8960000000,0.0000000000
5407.8970000000,0.0000000000
5407.9190000000,0.0000000000
5407.9460000000,0.0000000000
5407.9460000000,0.0000000000
5407.9710000000,0.0000000000
5407.9960000000,0.0000000000
5407.9970000000,0.0000000000
5408.0190000000,0.0000000000
5408.0460000000,0.0000000000
5408.0460000000,0.0000000000
5408.0690000000,0.0000000000
5408.0970000000,0.0000000000
5408.0970000000,0.0000000000
5408.1190000000,0.0000000000
5408.1460000000,0.0000000000
5408.1470000000,0.0000000000
5408.1690000000,0.0000000000
5408.1960000000,0.0000000000
5408.1960000000,0.0000000000
5408.2200000000,0.0000000000
5408.2460000000,0.0000000000
5408.2460000000,0.0000000000
5408.2690000000,0.0000000000
5408.2970000000,0.0000000000
5408.2980000000,0.0000000000
5408.3190000000,0.0000000000
5408.3470000000,0.0000000000
5408.3470000000,0.0000000000
5408.3690000000,0.0000000000
5408.3960000000,0.0000000000
5408.3960000000,0.0000000000
5408.4190000000,0.0000000000
5408.4460000000,0.0000000000
5408.4470000000,0.0000000000
5408.4690000000,0.0000000000
5408.4970000000,0.0000000000
5408.4970000000,0.0000000000
5408.5190000000,0.0000000000
5408.5460000000,0.0000000000
5408.5470000000,0.0000000000
5408.5700000000,0.0000000000
5408.5960000000,0.0000000000
5408.5960000000,0.0000000000
5408.6190000000,0.0000000000
5408.6470000000,0.0000000000
5408.6480000000,0.0000000000
5408.6690000000,0.0000000000
5408.6960000000,0.0000000000
5408.6980000000,0.0000000000
5408.7200000000,0.0000000000
5408.7470000000,0.0000000000
5408.7470000000,0.0000000000
5408.7690000000,0.0000000000
5408.7960000000,0.0000000000
5408.7970000000,0.0000000000
5408.8190000000,0.0000000000
5408.8490000000,0.0000000000
5408.8490000000,0.0000000000
5408.8720000000,0.0000000000
5408.8960000000,0.0000000000
5408.8970000000,0.0000000000
5408.9200000000,0.0000000000
5408.9460000000,0.0000000000
5408.9460000000,0.0000000000
5408.9700000000,0.0000000000
5408.9960000000,0.0000000000
5408.9970000000,0.0000000000
5409.0200000000,0.0000000000
5409.0460000000,0.0000000000
5409.0470000000,0.0000000000
5409.0700000000,0.0000000000
5409.0960000000,0.0000000000
5409.0960000000,0.0000000000
5409.1200000000,0.0000000000
5409.1460000000,0.0000000000
5409.1460000000,0.0000000000
5409.1690000000,0.0000000000
5409.1970000000,0.0000000000
5409.1970000000,0.0000000000
5409.2190000000,0.0000000000
5409.2460000000,0.0000000000
5409.2460000000,0.0000000000
5409.2690000000,0.0000000000
5409.2960000000,0.0000000000
5409.2960000000,0.0000000000
5409.3190000000,0.0000000000
5409.3460000000,0.0000000000
5409.3470000000,0.0000000000
5409.3690000000,0.0000000000
5409.3960000000,0.0000000000
5409.3960000000,0.0000000000
5409.4200000000,0.0000000000
5409.4460000000,0.0000000000
5409.4460000000,0.0000000000
5409.4690000000,0.0000000000
5409.4960000000,0.0000000000
5409.4960000000,0.0000000000
5409.5190000000,0.0000000000
5409.5460000000,0.0000000000
5409.5460000000,0.0000000000
5409.5690000000,0.0000000000
5409.5970000000,0.0000000000
5409.5980000000,0.0000000000
5409.6190000000,0.0000000000
5409.6470000000,0.0000000000
5409.6470000000,0.0000000000
5409.6690000000,0.0000000000
5409.6960000000,0.0000000000
5409.6960000000,0.0000000000
5409.7190000000,0.0000000000
5409.7460000000,0.0000000000
5409.7470000000,0.0000000000
5409.7690000000,0.0000000000
5409.7960000000,0.0000000000
5409.7960000000,0.0000000000
5409.8210000000,0.0000000000
5409.8460000000,0.0000000000
5409.8460000000,0.0000000000
5409.8690000000,0.0000000000
5409.8960000000,0.0000000000
5409.8980000000,0.0000000000
5409.9190000000,0.0000000000
5409.9460000000,0.0000000000
5409.9460000000,0.0000000000
5409.9700000000,0.0000000000
5409.9970000000,0.0000000000
5409.9970000000,0.0000000000
5410.0190000000,0.0000000000
5410.0460000000,0.0000000000
5410.0460000000,0.0000000000
5410.0690000000,0.0000000000
5410.0960000000,0.0000000000
5410.0960000000,0.0000000000
5410.1190000000,0.0000000000
5410.1460000000,0.0000000000
5410.1460000000,0.0000000000
5410.1690000000,0.0000000000
5410.1960000000,0.0000000000
5410.1960000000,0.0000000000
5410.2190000000,0.0000000000
5410.2460000000,0.0000000000
5410.2460000000,0.0000000000
5410.2700000000,0.0000000000
5410.2970000000,0.0000000000
5410.2970000000,0.0000000000
5410.3190000000,0.0000000000
5410.3470000000,0.0000000000
5410.3470000000,0.0000000000
5410.3690000000,0.0000000000
5410.3970000000,0.0000000000
5410.3980000000,0.0000000000
5410.4210000000,0.0000000000
5410.4460000000,0.0000000000
5410.4470000000,0.0000000000
5410.4700000000,0.0000000000
5410.4960000000,0.0000000000
5410.4960000000,0.0000000000
5410.5190000000,0.0000000000
5410.5470000000,0.0000000000
5410.5470000000,0.0000000000
5410.5700000000,0.0000000000
5410.5960000000,0.0000000000
5410.5960000000,0.0000000000
5410.6200000000,0.0000000000
5410.6460000000,0.0000000000
5410.6460000000,0.0000000000
5410.6690000000,0.0000000000
5410.6970000000,0.0000000000
5410.7000000000,0.0000000000
5410.7190000000,0.0000000000
5410.7460000000,0.0000000000
5410.7470000000,0.0000000000
5410.7690000000,0.0000000000
5410.7960000000,0.0000000000
5410.7960000000,0.0000000000
5410.8190000000,0.0000000000
5410.8470000000,0.0000000000
5410.8470000000,0.0000000000
5410.8700000000,0.0000000000
5410.8960000000,0.0000000000
5410.8960000000,0.0000000000
5410.9190000000,0.0000000000
5410.9460000000,0.0000000000
5410.9460000000,0.0000000000
5410.9690000000,0.0000000000
5410.9960000000,0.0000000000
5410.9980000000,0.0000000000
5411.0190000000,0.0000000000
5411.0460000000,0.0000000000
5411.0470000000,0.0000000000
5411.0700000000,0.0000000000
5411.0970000000,0.0000000000
5411.0970000000,0.0000000000
5411.1190000000,0.0000000000
5411.1460000000,0.0000000000
5411.1480000000,0.0000000000
5411.1690000000,0.0000000000
5411.1980000000,0.0000000000
5411.1980000000,0.0000000000
5411.2190000000,0.0000000000
5411.2460000000,0.0000000000
5411.2460000000,0.0000000000
5411.2700000000,0.0000000000
5411.2960000000,0.0000000000
5411.2960000000,0.0000000000
5411.3200000000,0.0000000000
5411.3460000000,0.0000000000
5411.3470000000,0.0000000000
5411.3700000000,0.0000000000
5411.3960000000,0.0000000000
5411.3960000000,0.0000000000
5411.4200000000,0.0000000000
5411.4460000000,0.0000000000
5411.4470000000,0.0000000000
5411.4690000000,0.0000000000
5411.4960000000,0.0000000000
5411.4960000000,0.0000000000
5411.5190000000,0.0000000000
5411.5460000000,0.0000000000
5411.5460000000,0.0000000000
5411.5690000000,0.0000000000
5411.5960000000,0.0000000000
5411.5960000000,0.0000000000
5411.6190000000,0.0000000000
5411.6460000000,0.0000000000
5411.6460000000,0.0000000000
5411.6690000000,0.0000000000
5411.6960000000,0.0000000000
5411.6960000000,0.0000000000
5411.7210000000,0.0000000000
5411.7460000000,0.0000000000
5411.7460000000,0.0000000000
5411.7690000000,0.0000000000
5411.7970000000,0.0000000000
5411.7980000000,0.0000000000
5411.8190000000,0.0000000000
5411.8460000000,0.0000000000
5411.8460000000,0.0000000000
5411.8690000000,0.0000000000
5411.8960000000,0.0000000000
5411.8960000000,0.0000000000
5411.9200000000,0.0000000000
5411.9460000000,0.0000000000
5411.9460000000,0.0000000000
5411.9690000000,0.0000000000
5411.9960000000,0.0000000000
5411.9970000000,0.0000000000
5412.0190000000,0.0000000000
5412.0460000000,0.0000000000
5412.0460000000,0.0000000000
5412.0690000000,0.0000000000
5412.0960000000,0.0000000000
5412.0960000000,0.0000000000
5412.1200000000,0.0000000000
5412.1470000000,0.0000000000
5412.1480000000,0.0000000000
5412.1690000000,0.0000000000
5412.1960000000,0.0000000000
5412.1960000000,0.0000000000
5412.2190000000,0.0000000000
5412.2470000000,0.0000000000
5412.2470000000,0.0000000000
5412.2700000000,0.0000000000
5412.2960000000,0.0000000000
5412.2970000000,0.0000000000
5412.3200000000,0.0000000000
5412.3460000000,0.0000000000
5412.3460000000,0.0000000000
5412.3690000000,0.0000000000
5412.3960000000,0.0000000000
5412.3960000000,0.0000000000
5412.4190000000,0.0000000000
5412.4460000000,0.0000000000
5412.4460000000,0.0000000000
5412.4690000000,0.0000000000
5412.4960000000,0.0000000000
5412.4960000000,0.0000000000
5412.5200000000,0.0000000000
5412.5460000000,0.0000000000
5412.5460000000,0.0000000000
5412.5690000000,0.0000000000
5412.5970000000,0.0000000000
5412.5970000000,0.0000000000
5412.6190000000,0.0000000000
5412.6470000000,0.0000000000
5412.6470000000,0.0000000000
5412.6690000000,0.0000000000
5412.6960000000,0.0000000000
5412.6970000000,0.0000000000
5412.7190000000,0.0000000000
5412.7460000000,0.0000000000
5412.7460000000,0.0000000000
5412.7710000000,0.0000000000
5412.7970000000,0.0000000000
5412.7970000000,0.0000000000
5412.8200000000,0.0000000000
5412.8460000000,0.0000000000
5412.8460000000,0.0000000000
5412.8690000000,0.0000000000
5412.8960000000,0.0000000000
5412.8960000000,0.0000000000
5412.9190000000,0.0000000000
5412.9470000000,0.0000000000
5412.9480000000,0.0000000000
5412.9690000000,0.0000000000
5412.9970000000,0.0000000000
5412.9970000000,0.0000000000
5413.0190000000,0.0000000000
5413.0470000000,0.0000000000
5413.0470000000,0.0000000000
5413.0690000000,0.0000000000
5413.0960000000,0.0000000000
5413.0970000000,0.0000000000
5413.1190000000,0.0000000000
5413.1460000000,0.0000000000
5413.1460000000,0.0000000000
5413.1690000000,0.0000000000
5413.1960000000,0.0000000000
5413.1960000000,0.0000000000
5413.2190000000,0.0000000000
5413.2470000000,0.0000000000
5413.2470000000,0.0000000000
5413.2710000000,0.0000000000
5413.2960000000,0.0000000000
5413.2960000000,0.0000000000
5413.3200000000,0.0000000000
5413.3460000000,0.0000000000
5413.3460000000,0.0000000000
5413.3700000000,0.0000000000
5413.3960000000,0.0000000000
5413.3960000000,0.0000000000
5413.4200000000,0.0000000000
5413.4470000000,0.0000000000
5413.4480000000,0.0000000000
5413.4690000000,0.0000000000
5413.4970000000,0.0000000000
5413.4980000000,0.0000000000
5413.5190000000,0.0000000000
5413.5470000000,0.0000000000
5413.5470000000,0.0000000000
5413.5690000000,0.0000000000
5413.5960000000,0.0000000000
5413.5960000000,0.0000000000
5413.6200000000,0.0000000000
5413.6460000000,0.0000000000
5413.6460000000,0.0000000000
5413.6690000000,0.0000000000
5413.6960000000,0.0000000000
5413.6980000000,0.0000000000
5413.7190000000,0.0000000000
5413.7470000000,0.0000000000
5413.7470000000,0.0000000000
5413.7700000000,0.0000000000
5413.7970000000,0.0000000000
5413.7970000000,0.0000000000
5413.8190000000,0.0000000000
5413.8460000000,0.0000000000
5413.8460000000,0.0000000000
5413.8690000000,0.0000000000
5413.8960000000,0.0000000000
5413.8980000000,0.0000000000
5413.9190000000,0.0000000000
5413.9470000000,0.0000000000
5413.9470000000,0.0000000000
5413.9690000000,0.0000000000
5413.9960000000,0.0000000000
5413.9960000000,0.0000000000
5414.0190000000,0.0000000000
5414.0470000000,0.0000000000
5414.0470000000,0.0000000000
5414.0700000000,0.0000000000
5414.0970000000,0.0000000000
5414.0980000000,0.0000000000
5414.1190000000,0.0000000000
5414.1460000000,0.0000000000
5414.1460000000,0.0000000000
5414.1690000000,0.0000000000
5414.1960000000,0.0000000000
5414.1960000000,0.0000000000
5414.2190000000,0.0000000000
5414.2460000000,0.0000000000
5414.2460000000,0.0000000000
5414.2690000000,0.0000000000
5414.2960000000,0.0000000000
5414.2960000000,0.0000000000
5414.3190000000,0.0000000000
5414.3460000000,0.0000000000
5414.3460000000,0.0000000000
5414.3690000000,0.0000000000
5414.3960000000,0.0000000000
5414.3960000000,0.0000000000
5414.4200000000,0.0000000000
5414.4440000000,0.0000000000
5414.4470000000,0.0000000000
5414.4690000000,0.0000000000
5414.4960000000,0.0000000000
5414.4960000000,0.0000000000
5414.5190000000,0.0000000000
5414.5460000000,0.0000000000
5414.5460000000,0.0000000000
5414.5690000000,0.0000000000
5414.5960000000,0.0000000000
5414.5970000000,0.0000000000
5414.6200000000,0.0000000000
5414.6460000000,0.0000000000
5414.6460000000,0.0000000000
5414.6690000000,0.0000000000
5414.6960000000,0.0000000000
5414.6960000000,0.0000000000
5414.7190000000,0.0000000000
5414.7460000000,0.0000000000
5414.7460000000,0.0000000000
5414.7700000000,0.0000000000
5414.7960000000,0.0000000000
5414.7960000000,0.0000000000
5414.8190000000,0.0000000000
5414.8470000000,0.0000000000
5414.8490000000,0.0000000000
5414.8690000000,0.0000000000
5414.8960000000,0.0000000000
5414.8990000000,0.0000000000
5414.9190000000,0.0000000000
5414.9460000000,0.0000000000
5414.9460000000,0.0000000000
5414.9690000000,0.0000000000
5414.9960000000,0.0000000000
5414.9960000000,0.0000000000
5415.0190000000,0.0000000000
5415.0460000000,0.0000000000
5415.0460000000,0.0000000000
5415.0700000000,0.0000000000
5415.0960000000,0.0000000000
5415.0960000000,0.0000000000
5415.1200000000,0.0000000000
5415.1460000000,0.0000000000
5415.1460000000,0.0000000000
5415.1700000000,0.0000000000
5415.1960000000,0.0000000000
5415.1960000000,0.0000000000
5415.2190000000,0.0000000000
5415.2470000000,0.0000000000
5415.2470000000,0.0000000000
5415.2700000000,0.0000000000
5415.2960000000,0.0000000000
5415.2960000000,0.0000000000
5415.3190000000,0.0000000000
5415.3460000000,0.0000000000
5415.3460000000,0.0000000000
5415.3700000000,0.0000000000
5415.3960000000,0.0000000000
5415.3970000000,0.0000000000
5415.4190000000,0.0000000000
5415.4460000000,0.0000000000
5415.4460000000,0.0000000000
5415.4700000000,0.0000000000
5415.4960000000,0.0000000000
5415.4970000000,0.0000000000
5415.5190000000,0.0000000000
5415.5470000000,0.0000000000
5415.5470000000,0.0000000000
5415.5690000000,0.0000000000
5415.5960000000,0.0000000000
5415.5980000000,0.0000000000
5415.6190000000,0.0000000000
5415.6460000000,0.0000000000
5415.6460000000,0.0000000000
5415.6690000000,0.0000000000
5415.6960000000,0.0000000000
5415.6960000000,0.0000000000
5415.7190000000,0.0000000000
5415.7460000000,0.0000000000
5415.7460000000,0.0000000000
5415.7700000000,0.0000000000
5415.7960000000,0.0000000000
5415.7960000000,0.0000000000
5415.8200000000,0.0000000000
5415.8480000000,0.0000000000
5415.8480000000,0.0000000000
5415.8690000000,0.0000000000
5415.8960000000,0.0000000000
5415.8970000000,0.0000000000
5415.9190000000,0.0000000000
5415.9460000000,0.0000000000
5415.9460000000,0.0000000000
5415.9690000000,0.0000000000
5415.9960000000,0.0000000000
5415.9960000000,0.0000000000
5416.0190000000,0.0000000000
5416.0460000000,0.0000000000
5416.0460000000,0.0000000000
5416.0690000000,0.0000000000
5416.0960000000,0.0000000000
5416.0970000000,0.0000000000
5416.1200000000,0.0000000000
5416.1460000000,0.0000000000
5416.1460000000,0.0000000000
5416.1690000000,0.0000000000
5416.1960000000,0.0000000000
5416.1960000000,0.0000000000
5416.2190000000,0.0000000000
5416.2470000000,0.0000000000
5416.2470000000,0.0000000000
5416.2690000000,0.0000000000
5416.2960000000,0.0000000000
5416.2970000000,0.0000000000
5416.3200000000,0.0000000000
5416.3460000000,0.0000000000
5416.3460000000,0.0000000000
5416.3690000000,0.0000000000
5416.3960000000,0.0000000000
5416.3960000000,0.0000000000
5416.4200000000,0.0000000000
5416.4460000000,0.0000000000
5416.4460000000,0.0000000000
5416.4700000000,0.0000000000
5416.4960000000,0.0000000000
5416.4960000000,0.0000000000
5416.5200000000,0.0000000000
5416.5460000000,0.0000000000
5416.5460000000,0.0000000000
5416.5700000000,0.0000000000
5416.5960000000,0.0000000000
5416.5960000000,0.0000000000
5416.6190000000,0.0000000000
5416.6460000000,0.0000000000
5416.6460000000,0.0000000000
5416.6700000000,0.0000000000
5416.6970000000,0.0000000000
5416.6970000000,0.0000000000
5416.7190000000,0.0000000000
5416.7460000000,0.0000000000
5416.7460000000,0.0000000000
5416.7700000000,0.0000000000
5416.7960000000,0.0000000000
5416.7960000000,0.0000000000
5416.8190000000,0.0000000000
5416.8460000000,0.0000000000
5416.8470000000,0.0000000000
5416.8700000000,0.0000000000
5416.8970000000,0.0000000000
5416.8970000000,0.0000000000
5416.9190000000,0.0000000000
5416.9460000000,0.0000000000
5416.9460000000,0.0000000000
5416.9690000000,0.0000000000
5416.9960000000,0.0000000000
5416.9960000000,0.0000000000
5417.0210000000,0.0000000000
5417.0460000000,0.0000000000
5417.0470000000,0.0000000000
5417.0700000000,0.0000000000
5417.0960000000,0.0000000000
5417.0960000000,0.0000000000
5417.1190000000,0.0000000000
5417.1470000000,0.0000000000
5417.1470000000,0.0000000000
5417.1700000000,0.0000000000
5417.1960000000,0.0000000000
5417.1960000000,0.0000000000
5417.2190000000,0.0000000000
5417.2460000000,0.0000000000
5417.2470000000,0.0000000000
5417.2700000000,0.0000000000
5417.2960000000,0.0000000000
5417.2970000000,0.0000000000
5417.3190000000,0.0000000000
5417.3460000000,0.0000000000
5417.3460000000,0.0000000000
5417.3700000000,0.0000000000
5417.3960000000,0.0000000000
5417.3970000000,0.0000000000
5417.4190000000,0.0000000000
5417.4460000000,0.0000000000
5417.4460000000,0.0000000000
5417.4690000000,0.0000000000
5417.4970000000,0.0000000000
5417.4980000000,0.0000000000
5417.5190000000,0.0000000000
5417.5470000000,0.0000000000
5417.5470000000,0.0000000000
5417.5690000000,0.0000000000
5417.5970000000,0.0000000000
5417.5970000000,0.0000000000
5417.6190000000,0.0000000000
5417.6470000000,0.0000000000
5417.6470000000,0.0000000000
5417.6690000000,0.0000000000
5417.6960000000,0.0000000000
5417.6960000000,0.0000000000
5417.7190000000,0.0000000000
5417.7460000000,0.0000000000
5417.7460000000,0.0000000000
5417.7700000000,0.0000000000
5417.7960000000,0.0000000000
5417.7960000000,0.0000000000
5417.8200000000,0.0000000000
5417.8460000000,0.0000000000
5417.8460000000,0.0000000000
5417.8690000000,0.0000000000
5417.8960000000,0.0000000000
5417.8960000000,0.0000000000
5417.9190000000,0.0000000000
5417.9460000000,0.0000000000
5417.9470000000,0.0000000000
5417.9690000000,0.0000000000
5417.9960000000,0.0000000000
5417.9960000000,0.0000000000
5418.0200000000,0.0000000000
5418.0460000000,0.0000000000
5418.0460000000,0.0000000000
5418.0690000000,0.0000000000
5418.0980000000,0.0000000000
5418.0980000000,0.0000000000
5418.1190000000,0.0000000000
5418.1460000000,0.0000000000
5418.1460000000,0.0000000000
5418.1690000000,0.0000000000
5418.1960000000,0.0000000000
5418.1960000000,0.0000000000
5418.2200000000,0.0000000000
5418.2460000000,0.0000000000
5418.2460000000,0.0000000000
5418.2700000000,0.0000000000
5418.2970000000,0.0000000000
5418.2980000000,0.0000000000
5418.3190000000,0.0000000000
5418.3450000000,0.0000000000
5418.3460000000,0.0000000000
5418.3690000000,0.0000000000
5418.3960000000,0.0000000000
5418.3970000000,0.0000000000
5418.4200000000,0.0000000000
5418.4470000000,0.0000000000
5418.4470000000,0.0000000000
5418.4690000000,0.0000000000
5418.4970000000,0.0000000000
5418.4970000000,0.0000000000
5418.5210000000,0.0000000000
5418.5460000000,0.0000000000
5418.5460000000,0.0000000000
5418.5710000000,0.0000000000
5418.5960000000,0.0000000000
5418.5960000000,0.0000000000
5418.6200000000,0.0000000000
5418.6460000000,0.0000000000
5418.6470000000,0.0000000000
5418.6690000000,0.0000000000
5418.6970000000,0.0000000000
5418.6970000000,0.0000000000
5418.7190000000,0.0000000000
5418.7460000000,0.0000000000
5418.7460000000,0.0000000000
5418.7700000000,0.0000000000
5418.7960000000,0.0000000000
5418.7960000000,0.0000000000
5418.8200000000,0.0000000000
5418.8470000000,0.0000000000
5418.8470000000,0.0000000000
5418.8690000000,0.0000000000
5418.8970000000,0.0000000000
5418.8970000000,0.0000000000
5418.9190000000,0.0000000000
5418.9460000000,0.0000000000
5418.9460000000,0.0000000000
5418.9690000000,0.0000000000
5418.9960000000,0.0000000000
5418.9970000000,0.0000000000
5419.0200000000,0.0000000000
5419.0460000000,0.0000000000
5419.0460000000,0.0000000000
5419.0690000000,0.0000000000
5419.0960000000,0.0000000000
5419.0960000000,0.0000000000
5419.1190000000,0.0000000000
5419.1470000000,0.0000000000
5419.1470000000,0.0000000000
5419.1700000000,0.0000000000
5419.1960000000,0.0000000000
5419.1960000000,0.0000000000
5419.2200000000,0.0000000000
5419.2470000000,0.0000000000
5419.2470000000,0.0000000000
5419.2690000000,0.0000000000
5419.2960000000,0.0000000000
5419.2960000000,0.0000000000
5419.3200000000,0.0000000000
5419.3460000000,0.0000000000
5419.3460000000,0.0000000000
5419.3700000000,0.0000000000
5419.3960000000,0.0000000000
5419.3960000000,0.0000000000
5419.4200000000,0.0000000000
5419.4460000000,0.0000000000
5419.4470000000,0.0000000000
5419.4690000000,0.0000000000
5419.4960000000,0.0000000000
5419.4970000000,0.0000000000
5419.5200000000,0.0000000000
5419.5460000000,0.0000000000
5419.5460000000,0.0000000000
5419.5690000000,0.0000000000
5419.5960000000,0.0000000000
5419.5970000000,0.0000000000
5419.6190000000,0.0000000000
5419.6470000000,0.0000000000
5419.6480000000,0.0000000000
5419.6690000000,0.0000000000
5419.6960000000,0.0000000000
5419.6960000000,0.0000000000
5419.7190000000,0.0000000000
5419.7460000000,0.0000000000
5419.7460000000,0.0000000000
5419.7700000000,0.0000000000
5419.7960000000,0.0000000000
5419.7970000000,0.0000000000
5419.8190000000,0.0000000000
5419.8460000000,0.0000000000
5419.8460000000,0.0000000000
5419.8690000000,0.0000000000
5419.8960000000,0.0000000000
5419.8960000000,0.0000000000
5419.9200000000,0.0000000000
5419.9460000000,0.0000000000
5419.9460000000,0.0000000000
5419.9690000000,0.0000000000
5419.9960000000,0.0000000000
5419.9960000000,0.0000000000
5420.0200000000,0.0000000000
5420.0460000000,0.0000000000
5420.0460000000,0.0000000000
5420.0690000000,0.0000000000
5420.0960000000,0.0000000000
5420.0960000000,0.0000000000
5420.1190000000,0.0000000000
5420.1460000000,0.0000000000
5420.1460000000,0.0000000000
5420.1710000000,0.0000000000
5420.1960000000,0.0000000000
5420.1960000000,0.0000000000
5420.2190000000,0.0000000000
5420.2470000000,0.0000000000
5420.2470000000,0.0000000000
5420.2690000000,0.0000000000
5420.2960000000,0.0000000000
5420.2960000000,0.0000000000
5420.3190000000,0.0000000000
5420.3460000000,0.0000000000
5420.3470000000,0.0000000000
5420.3690000000,0.0000000000
5420.3970000000,0.0000000000
5420.3970000000,0.0000000000
5420.4200000000,0.0000000000
5420.4460000000,0.0000000000
5420.4460000000,0.0000000000
5420.4690000000,0.0000000000
5420.4970000000,0.0000000000
5420.4970000000,0.0000000000
5420.5190000000,0.0000000000
5420.5460000000,0.0000000000
5420.5470000000,0.0000000000
5420.5690000000,0.0000000000
5420.5970000000,0.0000000000
5420.5970000000,0.0000000000
5420.6190000000,0.0000000000
5420.6460000000,0.0000000000
5420.6460000000,0.0000000000
5420.6690000000,0.0000000000
5420.6960000000,0.0000000000
5420.6970000000,0.0000000000
5420.7190000000,0.0000000000
5420.7460000000,0.0000000000
5420.7460000000,0.0000000000
5420.7690000000,0.0000000000
5420.7960000000,0.0000000000
5420.7960000000,0.0000000000
5420.8190000000,0.0000000000
5420.8460000000,0.0000000000
5420.8460000000,0.0000000000
5420.8690000000,0.0000000000
5420.8950000000,0.0000000000
5420.8970000000,0.0000000000
5420.9190000000,0.0000000000
5420.9470000000,0.0000000000
5420.9470000000,0.0000000000
5420.9690000000,0.0000000000
5420.9960000000,0.0000000000
5420.9960000000,0.0000000000
5421.0190000000,0.0000000000
5421.0460000000,0.0000000000
5421.0460000000,0.0000000000
5421.0690000000,0.0000000000
5421.0970000000,0.0000000000
5421.0970000000,0.0000000000
5421.1200000000,0.0000000000
5421.1460000000,0.0000000000
5421.1470000000,0.0000000000
5421.1690000000,0.0000000000
5421.1960000000,0.0000000000
5421.1960000000,0.0000000000
5421.2190000000,0.0000000000
5421.2460000000,0.0000000000
5421.2460000000,0.0000000000
5421.2690000000,0.0000000000
5421.2960000000,0.0000000000
5421.2960000000,0.0000000000
5421.3190000000,0.0000000000
5421.3460000000,0.0000000000
5421.3460000000,0.0000000000
5421.3710000000,0.0000000000
5421.3960000000,0.0000000000
5421.3970000000,0.0000000000
5421.4190000000,0.0000000000
5421.4470000000,0.0000000000
5421.4470000000,0.0000000000
5421.4690000000,0.0000000000
5421.4960000000,0.0000000000
5421.4970000000,0.0000000000
5421.5190000000,0.0000000000
5421.5460000000,0.0000000000
5421.5460000000,0.0000000000
5421.5690000000,0.0000000000
5421.5960000000,0.0000000000
5421.5960000000,0.0000000000
5421.6190000000,0.0000000000
5421.6460000000,0.0000000000
5421.6460000000,0.0000000000
5421.6700000000,0.0000000000
5421.6960000000,0.0000000000
5421.6960000000,0.0000000000
5421.7210000000,0.0000000000
5421.7470000000,0.0000000000
5421.7470000000,0.0000000000
5421.7690000000,0.0000000000
5421.7960000000,0.0000000000
5421.7970000000,0.0000000000
5421.8190000000,0.0000000000
5421.8470000000,0.0000000000
5421.8470000000,0.0000000000
5421.8690000000,0.0000000000
5421.8970000000,0.0000000000
5421.8970000000,0.0000000000
5421.9210000000,0.0000000000
5421.9470000000,0.0000000000
5421.9470000000,0.0000000000
5421.9690000000,0.0000000000
5421.9970000000,0.0000000000
5421.9970000000,0.0000000000
5422.0190000000,0.0000000000
5422.0460000000,0.0000000000
5422.0460000000,0.0000000000
5422.0700000000,0.0000000000
5422.0960000000,0.0000000000
5422.0960000000,0.0000000000
5422.1200000000,0.0000000000
5422.1470000000,0.0000000000
5422.1470000000,0.0000000000
5422.1700000000,0.0000000000
5422.1970000000,0.0000000000
5422.1970000000,0.0000000000
5422.2190000000,0.0000000000
5422.2460000000,0.0000000000
5422.2480000000,0.0000000000
5422.2690000000,0.0000000000
5422.2970000000,0.0000000000
5422.2980000000,0.0000000000
5422.3190000000,0.0000000000
5422.3460000000,0.0000000000
5422.3460000000,0.0000000000
5422.3690000000,0.0000000000
5422.3960000000,0.0000000000
5422.3960000000,0.0000000000
5422.4190000000,0.0000000000
5422.4470000000,0.0000000000
5422.4470000000,0.0000000000
5422.4690000000,0.0000000000
5422.4960000000,0.0000000000
5422.4970000000,0.0000000000
5422.5190000000,0.0000000000
5422.5460000000,0.0000000000
5422.5470000000,0.0000000000
5422.5690000000,0.0000000000
5422.5960000000,0.0000000000
5422.5960000000,0.0000000000
5422.6190000000,0.0000000000
5422.6460000000,0.0000000000
5422.6460000000,0.0000000000
5422.6700000000,0.0000000000
5422.6960000000,0.0000000000
5422.6960000000,0.0000000000
5422.7200000000,0.0000000000
5422.7460000000,0.0000000000
5422.7470000000,0.0000000000
5422.7690000000,0.0000000000
5422.7960000000,0.0000000000
5422.7970000000,0.0000000000
5422.8190000000,0.0000000000
5422.8460000000,0.0000000000
5422.8470000000,0.0000000000
5422.8690000000,0.0000000000
5422.8960000000,0.0000000000
5422.8960000000,0.0000000000
5422.9190000000,0.0000000000
5422.9470000000,0.0000000000
5422.9470000000,0.0000000000
5422.9690000000,0.0000000000
5422.9960000000,0.0000000000
5422.9960000000,0.0000000000
5423.0190000000,0.0000000000
5423.0460000000,0.0000000000
5423.0470000000,0.0000000000
5423.0680000000,0.0000000000
5423.0960000000,0.0000000000
5423.0960000000,0.0000000000
5423.1190000000,0.0000000000
5423.1470000000,0.0000000000
5423.1480000000,0.0000000000
5423.1690000000,0.0000000000
5423.1960000000,0.0000000000
5423.1970000000,0.0000000000
5423.2190000000,0.0000000000
5423.2460000000,0.0000000000
5423.2460000000,0.0000000000
5423.2690000000,0.0000000000
5423.2960000000,0.0000000000
5423.2960000000,0.0000000000
5423.3200000000,0.0000000000
5423.3460000000,0.0000000000
5423.3460000000,0.0000000000
5423.3690000000,0.0000000000
5423.3960000000,0.0000000000
5423.3980000000,0.0000000000
5423.4190000000,0.0000000000
5423.4460000000,0.0000000000
5423.4460000000,0.0000000000
5423.4700000000,0.0000000000
5423.4960000000,0.0000000000
5423.4960000000,0.0000000000
5423.5200000000,0.0000000000
5423.5460000000,0.0000000000
5423.5480000000,0.0000000000
5423.5690000000,0.0000000000
5423.5960000000,0.0000000000
5423.5960000000,0.0000000000
5423.6190000000,0.0000000000
5423.6470000000,0.0000000000
5423.6470000000,0.0000000000
5423.6690000000,0.0000000000
5423.6960000000,0.0000000000
5423.6990000000,0.0000000000
5423.7190000000,0.0000000000
5423.7460000000,0.0000000000
5423.7480000000,0.0000000000
5423.7690000000,0.0000000000
5423.7960000000,0.0000000000
5423.7960000000,0.0000000000
5423.8190000000,0.0000000000
5423.8460000000,0.0000000000
5423.8460000000,0.0000000000
5423.8700000000,0.0000000000
5423.8960000000,0.0000000000
5423.8960000000,0.0000000000
5423.9190000000,0.0000000000
5423.9460000000,0.0000000000
5423.9460000000,0.0000000000
5423.9690000000,0.0000000000
5423.9970000000,0.0000000000
5423.9980000000,0.0000000000
5424.0190000000,0.0000000000
5424.0460000000,0.0000000000
5424.0470000000,0.0000000000
5424.0690000000,0.0000000000
5424.0960000000,0.0000000000
5424.0960000000,0.0000000000
5424.1200000000,0.0000000000
5424.1460000000,0.0000000000
5424.1480000000,0.0000000000
5424.1690000000,0.0000000000
5424.1960000000,0.0000000000
5424.1970000000,0.0000000000
5424.2190000000,0.0000000000
5424.2460000000,0.0000000000
5424.2460000000,0.0000000000
5424.2690000000,0.0000000000
5424.2960000000,0.0000000000
5424.2980000000,0.0000000000
5424.3190000000,0.0000000000
5424.3460000000,0.0000000000
5424.3460000000,0.0000000000
5424.3690000000,0.0000000000
5424.3960000000,0.0000000000
5424.3960000000,0.0000000000
5424.4190000000,0.0000000000
5424.4460000000,0.0000000000
5424.4460000000,0.0000000000
5424.4700000000,0.0000000000
5424.4960000000,0.0000000000
5424.4970000000,0.0000000000
5424.5190000000,0.0000000000
5424.5470000000,0.0000000000
5424.5470000000,0.0000000000
5424.5690000000,0.0000000000
5424.5970000000,0.0000000000
5424.5970000000,0.0000000000
5424.6190000000,0.0000000000
5424.6460000000,0.0000000000
5424.6460000000,0.0000000000
5424.6690000000,0.0000000000
5424.6960000000,0.0000000000
5424.6970000000,0.0000000000
5424.7190000000,0.0000000000
5424.7460000000,0.0000000000
5424.7470000000,0.0000000000
5424.7700000000,0.0000000000
5424.7960000000,0.0000000000
5424.7960000000,0.0000000000
5424.8200000000,0.0000000000
5424.8460000000,0.0000000000
5424.8470000000,0.0000000000
5424.8700000000,0.0000000000
5424.8960000000,0.0000000000
5424.8970000000,0.0000000000
5424.9190000000,0.0000000000
5424.9470000000,0.0000000000
5424.9480000000,0.0000000000
5424.9690000000,0.0000000000
5424.9960000000,0.0000000000
5424.9960000000,0.0000000000
5425.0200000000,0.0000000000
5425.0460000000,0.0000000000
5425.0460000000,0.0000000000
5425.0700000000,0.0000000000
5425.0960000000,0.0000000000
5425.0970000000,0.0000000000
5425.1190000000,0.0000000000
5425.1460000000,0.0000000000
5425.1470000000,0.0000000000
5425.1690000000,0.0000000000
5425.1960000000,0.0000000000
5425.1960000000,0.0000000000
5425.2190000000,0.0000000000
5425.2460000000,0.0000000000
5425.2460000000,0.0000000000
5425.2690000000,0.0000000000
5425.2960000000,0.0000000000
5425.2960000000,0.0000000000
5425.3190000000,0.0000000000
5425.3460000000,0.0000000000
5425.3470000000,0.0000000000
5425.3690000000,0.0000000000
5425.3960000000,0.0000000000
5425.3960000000,0.0000000000
5425.4190000000,0.0000000000
5425.4460000000,0.0000000000
5425.4470000000,0.0000000000
5425.4700000000,0.0000000000
5425.4960000000,0.0000000000
5425.4970000000,0.0000000000
5425.5190000000,0.0000000000
5425.5460000000,0.0000000000
5425.5460000000,0.0000000000
5425.5690000000,0.0000000000
5425.5960000000,0.0000000000
5425.5970000000,0.0000000000
5425.6200000000,0.0000000000
5425.6460000000,0.0000000000
5425.6460000000,0.0000000000
5425.6690000000,0.0000000000
5425.6960000000,0.0000000000
5425.6960000000,0.0000000000
5425.7200000000,0.0000000000
5425.7460000000,0.0000000000
5425.7460000000,0.0000000000
5425.7690000000,0.0000000000
5425.7960000000,0.0000000000
5425.7960000000,0.0000000000
5425.8210000000,0.0000000000
5425.8460000000,0.0000000000
5425.8460000000,0.0000000000
5425.8690000000,0.0000000000
5425.8970000000,0.0000000000
5425.8970000000,0.0000000000
5425.9190000000,0.0000000000
5425.9460000000,0.0000000000
5425.9460000000,0.0000000000
5425.9690000000,0.0000000000
5425.9960000000,0.0000000000
5425.9960000000,0.0000000000
5426.0190000000,0.0000000000
5426.0460000000,0.0000000000
5426.0460000000,0.0000000000
5426.0700000000,0.0000000000
5426.0970000000,0.0000000000
5426.0980000000,0.0000000000
5426.1190000000,0.0000000000
5426.1470000000,0.0000000000
5426.1470000000,0.0000000000
5426.1690000000,0.0000000000
5426.1960000000,0.0000000000
5426.1980000000,0.0000000000
5426.2190000000,0.0000000000
5426.2460000000,0.0000000000
5426.2460000000,0.0000000000
5426.2700000000,0.0000000000
5426.2960000000,0.0000000000
5426.2960000000,0.0000000000
5426.3190000000,0.0000000000
5426.3460000000,0.0000000000
5426.3460000000,0.0000000000
5426.3700000000,0.0000000000
5426.3960000000,0.0000000000
5426.3970000000,0.0000000000
5426.4190000000,0.0000000000
5426.4460000000,0.0000000000
5426.4460000000,0.0000000000
5426.4690000000,0.0000000000
5426.4960000000,0.0000000000
5426.4960000000,0.0000000000
5426.5200000000,0.0000000000
5426.5460000000,0.0000000000
5426.5460000000,0.0000000000
5426.5690000000,0.0000000000
5426.5960000000,0.0000000000
5426.5960000000,0.0000000000
5426.6200000000,0.0000000000
5426.6460000000,0.0000000000
5426.6470000000,0.0000000000
5426.6700000000,0.0000000000
5426.6960000000,0.0000000000
5426.6970000000,0.0000000000
5426.7190000000,0.0000000000
5426.7460000000,0.0000000000
5426.7460000000,0.0000000000
5426.7690000000,0.0000000000
5426.7970000000,0.0000000000
5426.7970000000,0.0000000000
5426.8200000000,0.0000000000
5426.8470000000,0.0000000000
5426.8470000000,0.0000000000
5426.8710000000,0.0000000000
5426.8970000000,0.0000000000
5426.8980000000,0.0000000000
5426.9190000000,0.0000000000
5426.9460000000,0.0000000000
5426.9460000000,0.0000000000
5426.9690000000,0.0000000000
5426.9970000000,0.0000000000
5426.9970000000,0.0000000000
5427.0190000000,0.0000000000
5427.0460000000,0.0000000000
5427.0470000000,0.0000000000
5427.0690000000,0.0000000000
5427.0960000000,0.0000000000
5427.0960000000,0.0000000000
5427.1190000000,0.0000000000
5427.1460000000,0.0000000000
5427.1470000000,0.0000000000
5427.1690000000,0.0000000000
5427.1960000000,0.0000000000
5427.1960000000,0.0000000000
5427.2190000000,0.0000000000
5427.2470000000,0.0000000000
5427.2470000000,0.0000000000
5427.2690000000,0.0000000000
5427.2960000000,0.0000000000
5427.2960000000,0.0000000000
5427.3190000000,0.0000000000
5427.3470000000,0.0000000000
5427.3480000000,0.0000000000
5427.3690000000,0.0000000000
5427.3960000000,0.0000000000
5427.3960000000,0.0000000000
5427.4200000000,0.0000000000
5427.4460000000,0.0000000000
5427.4460000000,0.0000000000
5427.4700000000,0.0000000000
5427.4980000000,0.0000000000
5427.4980000000,0.0000000000
5427.5190000000,0.0000000000
5427.5460000000,0.0000000000
5427.5470000000,0.0000000000
5427.5690000000,0.0000000000
5427.5960000000,0.0000000000
5427.5960000000,0.0000000000
5427.6210000000,0.0000000000
5427.6460000000,0.0000000000
5427.6470000000,0.0000000000
5427.6690000000,0.0000000000
5427.6970000000,0.0000000000
5427.6970000000,0.0000000000
5427.7210000000,0.0000000000
5427.7460000000,0.0000000000
5427.7460000000,0.0000000000
5427.7690000000,0.0000000000
5427.7970000000,0.0000000000
5427.7970000000,0.0000000000
5427.8190000000,0.0000000000
5427.8460000000,0.0000000000
5427.8460000000,0.0000000000
5427.8690000000,0.0000000000
5427.8960000000,0.0000000000
5427.8960000000,0.0000000000
5427.9190000000,0.0000000000
5427.9450000000,0.0000000000
5427.9460000000,0.0000000000
5427.9690000000,0.0000000000
5427.9960000000,0.0000000000
5427.9960000000,0.0000000000
5428.0190000000,0.0000000000
5428.0470000000,0.0000000000
5428.0470000000,0.0000000000
5428.0690000000,0.0000000000
5428.0960000000,0.0000000000
5428.0960000000,0.0000000000
5428.1200000000,0.0000000000
5428.1460000000,0.0000000000
5428.1460000000,0.0000000000
5428.1700000000,0.0000000000
5428.1960000000,0.0000000000
5428.1960000000,0.0000000000
5428.2190000000,0.0000000000
5428.2470000000,0.0000000000
5428.2470000000,0.0000000000
5428.2690000000,0.0000000000
5428.2960000000,0.0000000000
5428.2960000000,0.0000000000
5428.3200000000,0.0000000000
5428.3460000000,0.0000000000
5428.3460000000,0.0000000000
5428.3690000000,0.0000000000
5428.3960000000,0.0000000000
5428.3960000000,0.0000000000
5428.4210000000,0.0000000000
5428.4460000000,0.0000000000
5428.4480000000,0.0000000000
5428.4690000000,0.0000000000
5428.4960000000,0.0000000000
5428.4980000000,0.0000000000
5428.5190000000,0.0000000000
5428.5460000000,0.0000000000
5428.5470000000,0.0000000000
5428.5700000000,0.0000000000
5428.5960000000,0.0000000000
5428.5970000000,0.0000000000
5428.6190000000,0.0000000000
5428.6460000000,0.0000000000
5428.6460000000,0.0000000000
5428.6690000000,0.0000000000
5428.6960000000,0.0000000000
5428.6960000000,0.0000000000
5428.7200000000,0.0000000000
5428.7460000000,0.0000000000
5428.7480000000,0.0000000000
5428.7690000000,0.0000000000
5428.7960000000,0.0000000000
5428.7960000000,0.0000000000
5428.8190000000,0.0000000000
5428.8470000000,0.0000000000
5428.8470000000,0.0000000000
5428.8690000000,0.0000000000
5428.8970000000,0.0000000000
5428.8970000000,0.0000000000
5428.9190000000,0.0000000000
5428.9460000000,0.0000000000
5428.9460000000,0.0000000000
5428.9690000000,0.0000000000
5428.9960000000,0.0000000000
5428.9970000000,0.0000000000
5429.0200000000,0.0000000000
5429.0460000000,0.0000000000
5429.0460000000,0.0000000000
5429.0690000000,0.0000000000
5429.0960000000,0.0000000000
5429.0970000000,0.0000000000
5429.1190000000,0.0000000000
5429.1460000000,0.0000000000
5429.1470000000,0.0000000000
5429.1710000000,0.0000000000
5429.1960000000,0.0000000000
5429.1960000000,0.0000000000
5429.2190000000,0.0000000000
5429.2460000000,0.0000000000
5429.2460000000,0.0000000000
5429.2690000000,0.0000000000
5429.2960000000,0.0000000000
5429.2960000000,0.0000000000
5429.3190000000,0.0000000000
5429.3460000000,0.0000000000
5429.3460000000,0.0000000000
5429.3690000000,0.0000000000
5429.3970000000,0.0000000000
5429.3970000000,0.0000000000
5429.4190000000,0.0000000000
5429.4460000000,0.0000000000
5429.4460000000,0.0000000000
5429.4690000000,0.0000000000
5429.4960000000,0.0000000000
5429.4970000000,0.0000000000
5429.5190000000,0.0000000000
5429.5460000000,0.0000000000
5429.5460000000,0.0000000000
5429.5690000000,0.0000000000
5429.5960000000,0.0000000000
5429.5970000000,0.0000000000
5429.6190000000,0.0000000000
5429.6460000000,0.0000000000
5429.6460000000,0.0000000000
5429.6690000000,0.0000000000
5429.6970000000,0.0000000000
5429.6970000000,0.0000000000
5429.7190000000,0.0000000000
5429.7460000000,0.0000000000
5429.7470000000,0.0000000000
5429.7690000000,0.0000000000
5429.7960000000,0.0000000000
5429.7960000000,0.0000000000
5429.8190000000,0.0000000000
5429.8460000000,0.0000000000
5429.8460000000,0.0000000000
5429.8690000000,0.0000000000
5429.8960000000,0.0000000000
5429.8960000000,0.0000000000
5429.9190000000,0.0000000000
5429.9480000000,0.0000000000
5429.9480000000,0.0000000000
5429.9690000000,0.0000000000
5429.9960000000,0.0000000000
5429.9970000000,0.0000000000
5430.0190000000,0.0000000000
5430.0460000000,0.0000000000
5430.0460000000,0.0000000000
5430.0690000000,0.0000000000
5430.0960000000,0.0000000000
5430.0960000000,0.0000000000
5430.1200000000,0.0000000000
5430.1460000000,0.0000000000
5430.1460000000,0.0000000000
5430.1690000000,0.0000000000
5430.1960000000,0.0000000000
5430.1970000000,0.0000000000
5430.2190000000,0.0000000000
5430.2460000000,0.0000000000
5430.2460000000,0.0000000000
5430.2700000000,0.0000000000
5430.2970000000,0.0000000000
5430.2970000000,0.0000000000
5430.3200000000,0.0000000000
5430.3460000000,0.0000000000
5430.3470000000,0.0000000000
5430.3690000000,0.0000000000
5430.3960000000,0.0000000000
5430.3960000000,0.0000000000
5430.4200000000,0.0000000000
5430.4460000000,0.0000000000
5430.4460000000,0.0000000000
5430.4710000000,0.0000000000
5430.4960000000,0.0000000000
5430.4960000000,0.0000000000
5430.5200000000,0.0000000000
5430.5460000000,0.0000000000
5430.5460000000,0.0000000000
5430.5700000000,0.0000000000
5430.5960000000,0.0000000000
5430.5960000000,0.0000000000
5430.6190000000,0.0000000000
5430.6470000000,0.0000000000
5430.6480000000,0.0000000000
5430.6690000000,0.0000000000
5430.6960000000,0.0000000000
5430.6970000000,0.0000000000
5430.7200000000,0.0000000000
5430.7460000000,0.0000000000
5430.7470000000,0.0000000000
5430.7690000000,0.0000000000
5430.7960000000,0.0000000000
5430.7960000000,0.0000000000
5430.8190000000,0.0000000000
5430.8460000000,0.0000000000
5430.8460000000,0.0000000000
5430.8690000000,0.0000000000
5430.8960000000,0.0000000000
5430.8960000000,0.0000000000
5430.9200000000,0.0000000000
5430.9460000000,0.0000000000
5430.9480000000,0.0000000000
5430.9690000000,0.0000000000
5430.9960000000,0.0000000000
5430.9970000000,0.0000000000
5431.0190000000,0.0000000000
5431.0460000000,0.0000000000
5431.0470000000,0.0000000000
5431.0700000000,0.0000000000
5431.0970000000,0.0000000000
5431.0970000000,0.0000000000
5431.1190000000,0.0000000000
5431.1460000000,0.0000000000
5431.1460000000,0.0000000000
5431.1690000000,0.0000000000
5431.1970000000,0.0000000000
5431.1970000000,0.0000000000
5431.2200000000,0.0000000000
5431.2460000000,0.0000000000
5431.2460000000,0.0000000000
5431.2690000000,0.0000000000
5431.2970000000,0.0000000000
5431.2980000000,0.0000000000
5431.3190000000,0.0000000000
5431.3460000000,0.0000000000
5431.3460000000,0.0000000000
5431.3700000000,0.0000000000
5431.3960000000,0.0000000000
5431.3970000000,0.0000000000
5431.4190000000,0.0000000000
5431.4460000000,0.0000000000
5431.4460000000,0.0000000000
5431.4700000000,0.0000000000
5431.4970000000,0.0000000000
5431.4970000000,0.0000000000
5431.5200000000,0.0000000000
5431.5460000000,0.0000000000
5431.5460000000,0.0000000000
5431.5690000000,0.0000000000
5431.5970000000,0.0000000000
5431.5970000000,0.0000000000
5431.6190000000,0.0000000000
5431.6460000000,0.0000000000
5431.6470000000,0.0000000000
5431.6690000000,0.0000000000
5431.6960000000,0.0000000000
5431.6960000000,0.0000000000
5431.7190000000,0.0000000000
5431.7460000000,0.0000000000
5431.7460000000,0.0000000000
5431.7700000000,0.0000000000
5431.7970000000,0.0000000000
5431.7980000000,0.0000000000
5431.8200000000,0.0000000000
5431.8460000000,0.0000000000
5431.8460000000,0.0000000000
5431.8690000000,0.0000000000
5431.8970000000,0.0000000000
5431.8970000000,0.0000000000
5431.9190000000,0.0000000000
5431.9460000000,0.0000000000
5431.9470000000,0.0000000000
5431.9690000000,0.0000000000
5431.9960000000,0.0000000000
5431.9970000000,0.0000000000
5432.0200000000,0.0000000000
5432.0460000000,0.0000000000
5432.0460000000,0.0000000000
5432.0700000000,0.0000000000
5432.0960000000,0.0000000000
5432.0960000000,0.0000000000
5432.1200000000,0.0000000000
5432.1460000000,0.0000000000
5432.1460000000,0.0000000000
5432.1690000000,0.0000000000
5432.1960000000,0.0000000000
5432.1970000000,0.0000000000
5432.2200000000,0.0000000000
5432.2460000000,0.0000000000
5432.2460000000,0.0000000000
5432.2690000000,0.0000000000
5432.2960000000,0.0000000000
5432.2960000000,0.0000000000
5432.3190000000,0.0000000000
5432.3460000000,0.0000000000
5432.3460000000,0.0000000000
5432.3690000000,0.0000000000
5432.3960000000,0.0000000000
5432.3960000000,0.0000000000
5432.4190000000,0.0000000000
5432.4460000000,0.0000000000
5432.4460000000,0.0000000000
5432.4690000000,0.0000000000
5432.4960000000,0.0000000000
5432.4960000000,0.0000000000
5432.5220000000,0.0000000000
5432.5460000000,0.0000000000
5432.5460000000,0.0000000000
5432.5700000000,0.0000000000
5432.5960000000,0.0000000000
5432.5960000000,0.0000000000
5432.6190000000,0.0000000000
5432.6460000000,0.0000000000
5432.6480000000,0.0000000000
5432.6690000000,0.0000000000
5432.6960000000,0.0000000000
5432.6960000000,0.0000000000
5432.7190000000,0.0000000000
5432.7460000000,0.0000000000
5432.7470000000,0.0000000000
5432.7690000000,0.0000000000
5432.7960000000,0.0000000000
5432.7960000000,0.0000000000
5432.8190000000,0.0000000000
5432.8460000000,0.0000000000
5432.8460000000,0.0000000000
5432.8700000000,0.0000000000
5432.8960000000,0.0000000000
5432.8960000000,0.0000000000
5432.9190000000,0.0000000000
5432.9460000000,0.0000000000
5432.9460000000,0.0000000000
5432.9700000000,0.0000000000
5432.9960000000,0.0000000000
5432.9960000000,0.0000000000
5433.0190000000,0.0000000000
5433.0460000000,0.0000000000
5433.0460000000,0.0000000000
5433.0700000000,0.0000000000
5433.0960000000,0.0000000000
5433.0960000000,0.0000000000
5433.1200000000,0.0000000000
5433.1460000000,0.0000000000
5433.1480000000,0.0000000000
5433.1690000000,0.0000000000
5433.1970000000,0.0000000000
5433.1970000000,0.0000000000
5433.2190000000,0.0000000000
5433.2460000000,0.0000000000
5433.2460000000,0.0000000000
5433.2700000000,0.0000000000
5433.2960000000,0.0000000000
5433.2970000000,0.0000000000
5433.3190000000,0.0000000000
5433.3460000000,0.0000000000
5433.3470000000,0.0000000000
5433.3690000000,0.0000000000
5433.3960000000,0.0000000000
5433.3960000000,0.0000000000
5433.4200000000,0.0000000000
5433.4460000000,0.0000000000
5433.4470000000,0.0000000000
5433.4700000000,0.0000000000
5433.4960000000,0.0000000000
5433.4970000000,0.0000000000
5433.5190000000,0.0000000000
5433.5460000000,0.0000000000
5433.5460000000,0.0000000000
5433.5690000000,0.0000000000
5433.5960000000,0.0000000000
5433.5960000000,0.0000000000
5433.6190000000,0.0000000000
5433.6460000000,0.0000000000
5433.6460000000,0.0000000000
5433.6700000000,0.0000000000
5433.6960000000,0.0000000000
5433.6980000000,0.0000000000
5433.7190000000,0.0000000000
5433.7460000000,0.0000000000
5433.7460000000,0.0000000000
5433.7690000000,0.0000000000
5433.7960000000,0.0000000000
5433.7960000000,0.0000000000
5433.8190000000,0.0000000000
5433.8460000000,0.0000000000
5433.8460000000,0.0000000000
5433.8700000000,0.0000000000
5433.8960000000,0.0000000000
5433.8960000000,0.0000000000
5433.9200000000,0.0000000000
5433.9460000000,0.0000000000
5433.9470000000,0.0000000000
5433.9690000000,0.0000000000
5433.9970000000,0.0000000000
5433.9980000000,0.0000000000
5434.0190000000,0.0000000000
5434.0460000000,0.0000000000
5434.0470000000,0.0000000000
5434.0700000000,0.0000000000
5434.0960000000,0.0000000000
5434.0960000000,0.0000000000
5434.1190000000,0.0000000000
5434.1460000000,0.0000000000
5434.1470000000,0.0000000000
5434.1700000000,0.0000000000
5434.1970000000,0.0000000000
5434.1970000000,0.0000000000
5434.2200000000,0.0000000000
5434.2470000000,0.0000000000
5434.2480000000,0.0000000000
5434.2690000000,0.0000000000
5434.2960000000,0.0000000000
5434.2970000000,0.0000000000
5434.3190000000,0.0000000000
5434.3460000000,0.0000000000
5434.3460000000,0.0000000000
5434.3690000000,0.0000000000
5434.3960000000,0.0000000000
5434.3960000000,0.0000000000
5434.4190000000,0.0000000000
5434.4460000000,0.0000000000
5434.4460000000,0.0000000000
5434.4690000000,0.0000000000
5434.4960000000,0.0000000000
5434.4960000000,0.0000000000
5434.5190000000,0.0000000000
5434.5460000000,0.0000000000
5434.5460000000,0.0000000000
5434.5690000000,0.0000000000
5434.5950000000,0.0000000000
5434.5960000000,0.0000000000
5434.6190000000,0.0000000000
5434.6460000000,0.0000000000
5434.6460000000,0.0000000000
5434.6690000000,0.0000000000
5434.6960000000,0.0000000000
5434.6960000000,0.0000000000
5434.7190000000,0.0000000000
5434.7470000000,0.0000000000
5434.7480000000,0.0000000000
5434.7690000000,0.0000000000
5434.7970000000,0.0000000000
5434.7970000000,0.0000000000
5434.8190000000,0.0000000000
5434.8460000000,0.0000000000
5434.8460000000,0.0000000000
5434.8700000000,0.0000000000
5434.8960000000,0.0000000000
5434.8970000000,0.0000000000
5434.9200000000,0.0000000000
5434.9460000000,0.0000000000
5434.9460000000,0.0000000000
5434.9690000000,0.0000000000
5434.9960000000,0.0000000000
5434.9960000000,0.0000000000
5435.0190000000,0.0000000000
5435.0470000000,0.0000000000
5435.0470000000,0.0000000000
5435.0700000000,0.0000000000
5435.0960000000,0.0000000000
5435.0960000000,0.0000000000
5435.1190000000,0.0000000000
5435.1460000000,0.0000000000
5435.1470000000,0.0000000000
5435.1690000000,0.0000000000
5435.1960000000,0.0000000000
5435.1970000000,0.0000000000
5435.2190000000,0.0000000000
5435.2460000000,0.0000000000
5435.2460000000,0.0000000000
5435.2690000000,0.0000000000
5435.2960000000,0.0000000000
5435.2960000000,0.0000000000
5435.3200000000,0.0000000000
5435.3460000000,0.0000000000
5435.3470000000,0.0000000000
5435.3710000000,0.0000000000
5435.3970000000,0.0000000000
5435.3970000000,0.0000000000
5435.4210000000,0.0000000000
5435.4470000000,0.0000000000
5435.4470000000,0.0000000000
5435.4710000000,0.0000000000
5435.4960000000,0.0000000000
5435.4960000000,0.0000000000
5435.5190000000,0.0000000000
5435.5470000000,0.0000000000
5435.5470000000,0.0000000000
5435.5690000000,0.0000000000
5435.5970000000,0.0000000000
5435.5970000000,0.0000000000
5435.6190000000,0.0000000000
5435.6460000000,0.0000000000
5435.6470000000,0.0000000000
5435.6700000000,0.0000000000
5435.6970000000,0.0000000000
5435.6980000000,0.0000000000
5435.7190000000,0.0000000000
5435.7460000000,0.0000000000
5435.7460000000,0.0000000000
5435.7690000000,0.0000000000
5435.7960000000,0.0000000000
5435.7960000000,0.0000000000
5435.8200000000,0.0000000000
5435.8460000000,0.0000000000
5435.8460000000,0.0000000000
5435.8700000000,0.0000000000
5435.8960000000,0.0000000000
5435.8970000000,0.0000000000
5435.9200000000,0.0000000000
5435.9470000000,0.0000000000
5435.9480000000,0.0000000000
5435.9690000000,0.0000000000
5435.9960000000,0.0000000000
5435.9970000000,0.0000000000
5436.0190000000,0.0000000000
5436.0470000000,0.0000000000
5436.0470000000,0.0000000000
5436.0690000000,0.0000000000
5436.0960000000,0.0000000000
5436.0970000000,0.0000000000
5436.1210000000,0.0000000000
5436.1460000000,0.0000000000
5436.1460000000,0.0000000000
5436.1710000000,0.0000000000
5436.1970000000,0.0000000000
5436.1980000000,0.0000000000
5436.2190000000,0.0000000000
5436.2460000000,0.0000000000
5436.2460000000,0.0000000000
5436.2690000000,0.0000000000
5436.2960000000,0.0000000000
5436.2960000000,0.0000000000
5436.3200000000,0.0000000000
5436.3460000000,0.0000000000
5436.3460000000,0.0000000000
5436.3700000000,0.0000000000
5436.3960000000,0.0000000000
5436.3970000000,0.0000000000
5436.4190000000,0.0000000000
5436.4460000000,0.0000000000
5436.4470000000,0.0000000000
5436.4690000000,0.0000000000
5436.4960000000,0.0000000000
5436.4970000000,0.0000000000
5436.5210000000,0.0000000000
5436.5460000000,0.0000000000
5436.5460000000,0.0000000000
5436.5690000000,0.0000000000
5436.5960000000,0.0000000000
5436.5970000000,0.0000000000
5436.6200000000,0.0000000000
5436.6460000000,0.0000000000
5436.6460000000,0.0000000000
5436.6690000000,0.0000000000
5436.6960000000,0.0000000000
5436.6970000000,0.0000000000
5436.7190000000,0.0000000000
5436.7460000000,0.0000000000
5436.7460000000,0.0000000000
5436.7690000000,0.0000000000
5436.7960000000,0.0000000000
5436.7960000000,0.0000000000
5436.8190000000,0.0000000000
5436.8460000000,0.0000000000
5436.8460000000,0.0000000000
5436.8700000000,0.0000000000
5436.8960000000,0.0000000000
5436.8970000000,0.0000000000
5436.9200000000,0.0000000000
5436.9460000000,0.0000000000
5436.9480000000,0.0000000000
5436.9690000000,0.0000000000
5436.9960000000,0.0000000000
5436.9970000000,0.0000000000
5437.0190000000,0.0000000000
5437.0460000000,0.0000000000
5437.0460000000,0.0000000000
5437.0690000000,0.0000000000
5437.0960000000,0.0000000000
5437.0970000000,0.0000000000
5437.1190000000,0.0000000000
5437.1480000000,0.0000000000
5437.1480000000,0.0000000000
5437.1690000000,0.0000000000
5437.1960000000,0.0000000000
5437.1960000000,0.0000000000
5437.2190000000,0.0000000000
5437.2460000000,0.0000000000
5437.2460000000,0.0000000000
5437.2700000000,0.0000000000
5437.2960000000,0.0000000000
5437.3000000000,0.0000000000
5437.3200000000,0.0000000000
5437.3460000000,0.0000000000
5437.3480000000,0.0000000000
5437.3690000000,0.0000000000
5437.3960000000,0.0000000000
5437.3970000000,0.0000000000
5437.4190000000,0.0000000000
5437.4460000000,0.0000000000
5437.4460000000,0.0000000000
5437.4700000000,0.0000000000
5437.4960000000,0.0000000000
5437.4960000000,0.0000000000
5437.5200000000,0.0000000000
5437.5460000000,0.0000000000
5437.5460000000,0.0000000000
5437.5690000000,0.0000000000
5437.5960000000,0.0000000000
5437.5980000000,0.0000000000
5437.6190000000,0.0000000000
5437.6460000000,0.0000000000
5437.6460000000,0.0000000000
5437.6690000000,0.0000000000
5437.6960000000,0.0000000000
5437.6960000000,0.0000000000
5437.7190000000,0.0000000000
5437.7460000000,0.0000000000
5437.7470000000,0.0000000000
5437.7690000000,0.0000000000
5437.7950000000,0.0000000000
5437.7950000000,0.0000000000
5437.8190000000,0.0000000000
5437.8470000000,0.0000000000
5437.8470000000,0.0000000000
5437.8690000000,0.0000000000
5437.8960000000,0.0000000000
5437.8970000000,0.0000000000
5437.9190000000,0.0000000000
5437.9460000000,0.0000000000
5437.9460000000,0.0000000000
5437.9690000000,0.0000000000
5437.9960000000,0.0000000000
5437.9990000000,0.0000000000
5438.0200000000,0.0000000000
5438.0460000000,0.0000000000
5438.0460000000,0.0000000000
5438.0690000000,0.0000000000
5438.0970000000,0.0000000000
5438.0980000000,0.0000000000
5438.1190000000,0.0000000000
5438.1470000000,0.0000000000
5438.1470000000,0.0000000000
5438.1710000000,0.0000000000
5438.1950000000,0.0000000000
5438.1960000000,0.0000000000
5438.2190000000,0.0000000000
5438.2470000000,0.0000000000
5438.2470000000,0.0000000000
5438.2690000000,0.0000000000
5438.2960000000,0.0000000000
5438.2960000000,0.0000000000
5438.3210000000,0.0000000000
5438.3470000000,0.0000000000
5438.3470000000,0.0000000000
5438.3700000000,0.0000000000
5438.3970000000,0.0000000000
5438.3970000000,0.0000000000
5438.4190000000,0.0000000000
5438.4460000000,0.0000000000
5438.4460000000,0.0000000000
5438.4700000000,0.0000000000
5438.4960000000,0.0000000000
5438.4960000000,0.0000000000
5438.5190000000,0.0000000000
5438.5460000000,0.0000000000
5438.5460000000,0.0000000000
5438.5700000000,0.0000000000
5438.5960000000,0.0000000000
5438.5960000000,0.0000000000
5438.6190000000,0.0000000000
5438.6460000000,0.0000000000
5438.6470000000,0.0000000000
5438.6690000000,0.0000000000
5438.6960000000,0.0000000000
5438.6960000000,0.0000000000
5438.7220000000,0.0000000000
5438.7460000000,0.0000000000
5438.7460000000,0.0000000000
5438.7690000000,0.0000000000
5438.7960000000,0.0000000000
5438.7960000000,0.0000000000
5438.8190000000,0.0000000000
5438.8460000000,0.0000000000
5438.8470000000,0.0000000000
5438.8690000000,0.0000000000
5438.8970000000,0.0000000000
5438.8970000000,0.0000000000
5438.9190000000,0.0000000000
5438.9470000000,0.0000000000
5438.9470000000,0.0000000000
5438.9690000000,0.0000000000
5438.9960000000,0.0000000000
5438.9960000000,0.0000000000
5439.0190000000,0.0000000000
5439.0470000000,0.0000000000
5439.0470000000,0.0000000000
5439.0690000000,0.0000000000
5439.0960000000,0.0000000000
5439.0960000000,0.0000000000
5439.1190000000,0.0000000000
5439.1460000000,0.0000000000
5439.1480000000,0.0000000000
5439.1690000000,0.0000000000
5439.1970000000,0.0000000000
5439.1970000000,0.0000000000
5439.2190000000,0.0000000000
5439.2460000000,0.0000000000
5439.2460000000,0.0000000000
5439.2690000000,0.0000000000
5439.2960000000,0.0000000000
5439.2970000000,0.0000000000
5439.3190000000,0.0000000000
5439.3470000000,0.0000000000
5439.3470000000,0.0000000000
5439.3700000000,0.0000000000
5439.3960000000,0.0000000000
5439.3960000000,0.0000000000
5439.4200000000,0.0000000000
5439.4460000000,0.0000000000
5439.4460000000,0.0000000000
5439.4700000000,0.0000000000
5439.4960000000,0.0000000000
5439.4960000000,0.0000000000
5439.5190000000,0.0000000000
5439.5460000000,0.0000000000
5439.5470000000,0.0000000000
5439.5690000000,0.0000000000
5439.5960000000,0.0000000000
5439.5970000000,0.0000000000
5439.6190000000,0.0000000000
5439.6460000000,0.0000000000
5439.6470000000,0.0000000000
5439.6690000000,0.0000000000
5439.6960000000,0.0000000000
5439.6960000000,0.0000000000
5439.7190000000,0.0000000000
5439.7460000000,0.0000000000
5439.7460000000,0.0000000000
5439.7690000000,0.0000000000
5439.7960000000,0.0000000000
5439.7960000000,0.0000000000
5439.8200000000,0.0000000000
5439.8460000000,0.0000000000
5439.8460000000,0.0000000000
5439.8710000000,0.0000000000
5439.8960000000,0.0000000000
5439.8960000000,0.0000000000
5439.9190000000,0.0000000000
5439.9460000000,0.0000000000
5439.9460000000,0.0000000000
5439.9690000000,0.0000000000
5439.9960000000,0.0000000000
5439.9960000000,0.0000000000
5440.0200000000,0.0000000000
5440.0460000000,0.0000000000
5440.0470000000,0.0000000000
5440.0690000000,0.0000000000
5440.0960000000,0.0000000000
5440.0960000000,0.0000000000
5440.1200000000,0.0000000000
5440.1460000000,0.0000000000
5440.1460000000,0.0000000000
5440.1690000000,0.0000000000
5440.1960000000,0.0000000000
5440.1960000000,0.0000000000
5440.2190000000,0.0000000000
5440.2470000000,0.0000000000
5440.2480000000,0.0000000000
5440.2690000000,0.0000000000
5440.2960000000,0.0000000000
5440.2960000000,0.0000000000
5440.3190000000,0.0000000000
5440.3460000000,0.0000000000
5440.3460000000,0.0000000000
5440.3690000000,0.0000000000
5440.3960000000,0.0000000000
5440.3960000000,0.0000000000
5440.4200000000,0.0000000000
5440.4470000000,0.0000000000
5440.4480000000,0.0000000000
5440.4690000000,0.0000000000
5440.4970000000,0.0000000000
5440.4970000000,0.0000000000
5440.5190000000,0.0000000000
5440.5470000000,0.0000000000
5440.5470000000,0.0000000000
5440.5690000000,0.0000000000
5440.5960000000,0.0000000000
5440.5990000000,0.0000000000
5440.6190000000,0.0000000000
5440.6470000000,0.0000000000
5440.6490000000,0.0000000000
5440.6700000000,0.0000000000
5440.6980000000,0.0000000000
5440.6980000000,0.0000000000
5440.7190000000,0.0000000000
5440.7460000000,0.0000000000
5440.7470000000,0.0000000000
5440.7700000000,0.0000000000
5440.7960000000,0.0000000000
5440.7970000000,0.0000000000
5440.8190000000,0.0000000000
5440.8460000000,0.0000000000
5440.8470000000,0.0000000000
5440.8690000000,0.0000000000
5440.8960000000,0.0000000000
5440.8970000000,0.0000000000
5440.9190000000,0.0000000000
5440.9470000000,0.0000000000
5440.9470000000,0.0000000000
5440.9690000000,0.0000000000
5440.9970000000,0.0000000000
5440.9970000000,0.0000000000
5441.0190000000,0.0000000000
5441.0460000000,0.0000000000
5441.0460000000,0.0000000000
5441.0690000000,0.0000000000
5441.0960000000,0.0000000000
5441.0960000000,0.0000000000
5441.1200000000,0.0000000000
5441.1460000000,0.0000000000
5441.1460000000,0.0000000000
5441.1700000000,0.0000000000
5441.1960000000,0.0000000000
5441.1970000000,0.0000000000
5441.2190000000,0.0000000000
5441.2460000000,0.0000000000
5441.2460000000,0.0000000000
5441.2690000000,0.0000000000
5441.2950000000,0.0000000000
5441.2960000000,0.0000000000
5441.3190000000,0.0000000000
5441.3460000000,0.0000000000
5441.3470000000,0.0000000000
5441.3690000000,0.0000000000
5441.3960000000,0.0000000000
5441.3960000000,0.0000000000
5441.4200000000,0.0000000000
5441.4480000000,0.0000000000
5441.4480000000,0.0000000000
5441.4700000000,0.0000000000
5441.4960000000,0.0000000000
5441.4970000000,0.0000000000
5441.5200000000,0.0000000000
5441.5470000000,0.0000000000
5441.5470000000,0.0000000000
5441.5690000000,0.0000000000
5441.5970000000,0.0000000000
5441.5980000000,0.0000000000
5441.6200000000,0.0000000000
5441.6470000000,0.0000000000
5441.6470000000,0.0000000000
5441.6690000000,0.0000000000
5441.6960000000,0.0000000000
5441.6970000000,0.0000000000
5441.7200000000,0.0000000000
5441.7460000000,0.0000000000
5441.7460000000,0.0000000000
5441.7690000000,0.0000000000
5441.7960000000,0.0000000000
5441.7970000000,0.0000000000
5441.8190000000,0.0000000000
5441.8470000000,0.0000000000
5441.8470000000,0.0000000000
5441.8690000000,0.0000000000
5441.8960000000,0.0000000000
5441.8960000000,0.0000000000
5441.9190000000,0.0000000000
5441.9470000000,0.0000000000
5441.9470000000,0.0000000000
5441.9700000000,0.0000000000
5441.9960000000,0.0000000000
5441.9970000000,0.0000000000
5442.0200000000,0.0000000000
5442.0460000000,0.0000000000
5442.0460000000,0.0000000000
5442.0690000000,0.0000000000
5442.0960000000,0.0000000000
5442.0960000000,0.0000000000
5442.1200000000,0.0000000000
5442.1460000000,0.0000000000
5442.1470000000,0.0000000000
5442.1690000000,0.0000000000
5442.1960000000,0.0000000000
5442.1960000000,0.0000000000
5442.2190000000,0.0000000000
5442.2460000000,0.0000000000
5442.2460000000,0.0000000000
5442.2690000000,0.0000000000
5442.2960000000,0.0000000000
5442.2960000000,0.0000000000
5442.3200000000,0.0000000000
5442.3480000000,0.0000000000
5442.3500000000,0.0000000000
5442.3690000000,0.0000000000
5442.3970000000,0.0000000000
5442.3970000000,0.0000000000
5442.4190000000,0.0000000000
5442.4470000000,0.0000000000
5442.4470000000,0.0000000000
5442.4690000000,0.0000000000
5442.4960000000,0.0000000000
5442.4960000000,0.0000000000
5442.5200000000,0.0000000000
5442.5460000000,0.0000000000
5442.5460000000,0.0000000000
5442.5700000000,0.0000000000
5442.5960000000,0.0000000000
5442.5970000000,0.0000000000
5442.6190000000,0.0000000000
5442.6460000000,0.0000000000
5442.6460000000,0.0000000000
5442.6700000000,0.0000000000
5442.6960000000,0.0000000000
5442.6960000000,0.0000000000
5442.7190000000,0.0000000000
5442.7460000000,0.0000000000
5442.7460000000,0.0000000000
5442.7690000000,0.0000000000
5442.7970000000,0.0000000000
5442.7970000000,0.0000000000
5442.8190000000,0.0000000000
5442.8460000000,0.0000000000
5442.8480000000,0.0000000000
5442.8690000000,0.0000000000
5442.8960000000,0.0000000000
5442.8970000000,0.0000000000
5442.9190000000,0.0000000000
5442.9460000000,0.0000000000
5442.9470000000,0.0000000000
5442.9690000000,0.0000000000
5442.9970000000,0.0000000000
5442.9980000000,0.0000000000
5443.0190000000,0.0000000000
5443.0460000000,0.0000000000
5443.0460000000,0.0000000000
5443.0710000000,0.0000000000
5443.0960000000,0.0000000000
5443.0970000000,0.0000000000
5443.1200000000,0.0000000000
5443.1460000000,0.0000000000
5443.1460000000,0.0000000000
5443.1710000000,0.0000000000
5443.1960000000,0.0000000000
5443.1960000000,0.0000000000
5443.2190000000,0.0000000000
5443.2470000000,0.0000000000
5443.2470000000,0.0000000000
5443.2690000000,0.0000000000
5443.2960000000,0.0000000000
5443.2960000000,0.0000000000
5443.3200000000,0.0000000000
5443.3460000000,0.0000000000
5443.3460000000,0.0000000000
5443.3690000000,0.0000000000
5443.3960000000,0.0000000000
5443.3960000000,0.0000000000
5443.4200000000,0.0000000000
5443.4460000000,0.0000000000
5443.4470000000,0.0000000000
5443.4690000000,0.0000000000
5443.4960000000,0.0000000000
5443.4990000000,0.0000000000
5443.5190000000,0.0000000000
5443.5460000000,0.0000000000
5443.5470000000,0.0000000000
5443.5710000000,0.0000000000
5443.5960000000,0.0000000000
5443.5960000000,0.0000000000
5443.6200000000,0.0000000000
5443.6460000000,0.0000000000
5443.6460000000,0.0000000000
5443.6690000000,0.0000000000
5443.6960000000,0.0000000000
5443.6960000000,0.0000000000
5443.7200000000,0.0000000000
5443.7460000000,0.0000000000
5443.7460000000,0.0000000000
5443.7690000000,0.0000000000
5443.7960000000,0.0000000000
5443.7960000000,0.0000000000
5443.8200000000,0.0000000000
5443.8460000000,0.0000000000
5443.8460000000,0.0000000000
5443.8690000000,0.0000000000
5443.8960000000,0.0000000000
5443.8960000000,0.0000000000
5443.9190000000,0.0000000000
5443.9460000000,0.0000000000
5443.9460000000,0.0000000000
5443.9700000000,0.0000000000
5443.9960000000,0.0000000000
5443.9960000000,0.0000000000
5444.0190000000,0.0000000000
5444.0470000000,0.0000000000
5444.0470000000,0.0000000000
5444.0690000000,0.0000000000
5444.0960000000,0.0000000000
5444.0960000000,0.0000000000
5444.1200000000,0.0000000000
5444.1460000000,0.0000000000
5444.1460000000,0.0000000000
5444.1710000000,0.0000000000
5444.1970000000,0.0000000000
5444.2000000000,0.0000000000
5444.2200000000,0.0000000000
5444.2460000000,0.0000000000
5444.2460000000,0.0000000000
5444.2690000000,0.0000000000
5444.2960000000,0.0000000000
5444.2970000000,0.0000000000
5444.3190000000,0.0000000000
5444.3460000000,0.0000000000
5444.3470000000,0.0000000000
5444.3700000000,0.0000000000
5444.3960000000,0.0000000000
5444.3970000000,0.0000000000
5444.4190000000,0.0000000000
5444.4460000000,0.0000000000
5444.4480000000,0.0000000000
5444.4690000000,0.0000000000
5444.4970000000,0.0000000000
5444.4970000000,0.0000000000
5444.5190000000,0.0000000000
5444.5460000000,0.0000000000
5444.5460000000,0.0000000000
5444.5700000000,0.0000000000
5444.5960000000,0.0000000000
5444.5960000000,0.0000000000
5444.6190000000,0.0000000000
5444.6460000000,0.0000000000
5444.6470000000,0.0000000000
5444.6690000000,0.0000000000
5444.6960000000,0.0000000000
5444.6970000000,0.0000000000
5444.7200000000,0.0000000000
5444.7490000000,0.0000000000
5444.7490000000,0.0000000000
5444.7700000000,0.0000000000
5444.7960000000,0.0000000000
5444.7960000000,0.0000000000
5444.8190000000,0.0000000000
5444.8460000000,0.0000000000
5444.8470000000,0.0000000000
5444.8700000000,0.0000000000
5444.8960000000,0.0000000000
5444.8960000000,0.0000000000
5444.9190000000,0.0000000000
5444.9460000000,0.0000000000
5444.9460000000,0.0000000000
5444.9720000000,0.0000000000
5444.9960000000,0.0000000000
5444.9960000000,0.0000000000
5445.0200000000,0.0000000000
5445.0460000000,0.0000000000
5445.0460000000,0.0000000000
5445.0700000000,0.0000000000
5445.0980000000,0.0000000000
5445.0980000000,0.0000000000
5445.1190000000,0.0000000000
5445.1460000000,0.0000000000
5445.1460000000,0.0000000000
5445.1690000000,0.0000000000
5445.1970000000,0.0000000000
5445.1970000000,0.0000000000
5445.2190000000,0.0000000000
5445.2460000000,0.0000000000
5445.2460000000,0.0000000000
5445.2690000000,0.0000000000
5445.2970000000,0.0000000000
5445.2970000000,0.0000000000
5445.3190000000,0.0000000000
5445.3460000000,0.0000000000
5445.3470000000,0.0000000000
5445.3690000000,0.0000000000
5445.3960000000,0.0000000000
5445.3960000000,0.0000000000
5445.4200000000,0.0000000000
5445.4460000000,0.0000000000
5445.4460000000,0.0000000000
5445.4690000000,0.0000000000
5445.4960000000,0.0000000000
5445.4960000000,0.0000000000
5445.5190000000,0.0000000000
5445.5460000000,0.0000000000
5445.5470000000,0.0000000000
5445.5690000000,0.0000000000
5445.5960000000,0.0000000000
5445.5960000000,0.0000000000
5445.6190000000,0.0000000000
5445.6460000000,0.0000000000
5445.6460000000,0.0000000000
5445.6700000000,0.0000000000
5445.6960000000,0.0000000000
5445.6960000000,0.0000000000
5445.7190000000,0.0000000000
5445.7460000000,0.0000000000
5445.7460000000,0.0000000000
5445.7690000000,0.0000000000
5445.7960000000,0.0000000000
5445.7960000000,0.0000000000
5445.8190000000,0.0000000000
5445.8460000000,0.0000000000
5445.8470000000,0.0000000000
5445.8690000000,0.0000000000
5445.8960000000,0.0000000000
5445.8960000000,0.0000000000
5445.9190000000,0.0000000000
5445.9460000000,0.0000000000
5445.9470000000,0.0000000000
5445.9690000000,0.0000000000
5445.9960000000,0.0000000000
5445.9960000000,0.0000000000
5446.0190000000,0.0000000000
5446.0460000000,0.0000000000
5446.0470000000,0.0000000000
5446.0690000000,0.0000000000
5446.0960000000,0.0000000000
5446.0960000000,0.0000000000
5446.1200000000,0.0000000000
5446.1460000000,0.0000000000
5446.1460000000,0.0000000000
5446.1700000000,0.0000000000
5446.1960000000,0.0000000000
5446.1960000000,0.0000000000
5446.2190000000,0.0000000000
5446.2460000000,0.0000000000
5446.2470000000,0.0000000000
5446.2690000000,0.0000000000
5446.2960000000,0.0000000000
5446.2960000000,0.0000000000
5446.3200000000,0.0000000000
5446.3460000000,0.0000000000
5446.3460000000,0.0000000000
5446.3690000000,0.0000000000
5446.3960000000,0.0000000000
5446.3960000000,0.0000000000
5446.4190000000,0.0000000000
5446.4460000000,0.0000000000
5446.4460000000,0.0000000000
5446.4690000000,0.0000000000
5446.4960000000,0.0000000000
5446.4960000000,0.0000000000
5446.5190000000,0.0000000000
5446.5460000000,0.0000000000
5446.5460000000,0.0000000000
5446.5690000000,0.0000000000
5446.5960000000,0.0000000000
5446.5960000000,0.0000000000
5446.6190000000,0.0000000000
5446.6460000000,0.0000000000
5446.6460000000,0.0000000000
5446.6690000000,0.0000000000
5446.6960000000,0.0000000000
5446.6980000000,0.0000000000
5446.7200000000,0.0000000000
5446.7470000000,0.0000000000
5446.7480000000,0.0000000000
5446.7690000000,0.0000000000
5446.7970000000,0.0000000000
5446.7970000000,0.0000000000
5446.8190000000,0.0000000000
5446.8460000000,0.0000000000
5446.8460000000,0.0000000000
5446.8690000000,0.0000000000
5446.8960000000,0.0000000000
5446.8960000000,0.0000000000
5446.9190000000,0.0000000000
5446.9460000000,0.0000000000
5446.9460000000,0.0000000000
5446.9720000000,0.0000000000
5446.9970000000,0.0000000000
5446.9970000000,0.0000000000
5447.0190000000,0.0000000000
5447.0460000000,0.0000000000
5447.0460000000,0.0000000000
5447.0690000000,0.0000000000
5447.0960000000,0.0000000000
5447.0980000000,0.0000000000
5447.1190000000,0.0000000000
5447.1470000000,0.0000000000
5447.1470000000,0.0000000000
5447.1690000000,0.0000000000
5447.1960000000,0.0000000000
5447.1970000000,0.0000000000
5447.2190000000,0.0000000000
5447.2460000000,0.0000000000
5447.2460000000,0.0000000000
5447.2690000000,0.0000000000
5447.2960000000,0.0000000000
5447.2970000000,0.0000000000
5447.3190000000,0.0000000000
5447.3460000000,0.0000000000
5447.3460000000,0.0000000000
5447.3700000000,0.0000000000
5447.3960000000,0.0000000000
5447.3960000000,0.0000000000
5447.4190000000,0.0000000000
5447.4470000000,0.0000000000
5447.4480000000,0.0000000000
5447.4700000000,0.0000000000
5447.4960000000,0.0000000000
5447.4960000000,0.0000000000
5447.5190000000,0.0000000000
5447.5470000000,0.0000000000
5447.5470000000,0.0000000000
5447.5690000000,0.0000000000
5447.5960000000,0.0000000000
5447.5960000000,0.0000000000
5447.6190000000,0.0000000000
5447.6460000000,0.0000000000
5447.6460000000,0.0000000000
5447.6700000000,0.0000000000
5447.6960000000,0.0000000000
5447.6970000000,0.0000000000
5447.7200000000,0.0000000000
5447.7460000000,0.0000000000
5447.7480000000,0.0000000000
5447.7700000000,0.0000000000
5447.7970000000,0.0000000000
5447.7980000000,0.0000000000
5447.8190000000,0.0000000000
5447.8460000000,0.0000000000
5447.8470000000,0.0000000000
5447.8690000000,0.0000000000
5447.8960000000,0.0000000000
5447.8960000000,0.0000000000
5447.9200000000,0.0000000000
5447.9460000000,0.0000000000
5447.9460000000,0.0000000000
5447.9690000000,0.0000000000
5447.9970000000,0.0000000000
5447.9970000000,0.0000000000
5448.0190000000,0.0000000000
5448.0460000000,0.0000000000
5448.0460000000,0.0000000000
5448.0690000000,0.0000000000
5448.0960000000,0.0000000000
5448.0960000000,0.0000000000
5448.1200000000,0.0000000000
5448.1460000000,0.0000000000
5448.1470000000,0.0000000000
5448.1690000000,0.0000000000
5448.1970000000,0.0000000000
5448.1970000000,0.0000000000
5448.2190000000,0.0000000000
5448.2470000000,0.0000000000
5448.2470000000,0.0000000000
5448.2690000000,0.0000000000
5448.2960000000,0.0000000000
5448.2960000000,0.0000000000
5448.3190000000,0.0000000000
5448.3460000000,0.0000000000
5448.3460000000,0.0000000000
5448.3700000000,0.0000000000
5448.3960000000,0.0000000000
5448.3960000000,0.0000000000
5448.4190000000,0.0000000000
5448.4480000000,0.0000000000
5448.4480000000,0.0000000000
5448.4690000000,0.0000000000
5448.4960000000,0.0000000000
5448.4960000000,0.0000000000
5448.5190000000,0.0000000000
5448.5460000000,0.0000000000
5448.5470000000,0.0000000000
5448.5700000000,0.0000000000
5448.5960000000,0.0000000000
5448.5960000000,0.0000000000
5448.6190000000,0.0000000000
5448.6460000000,0.0000000000
5448.6460000000,0.0000000000
5448.6690000000,0.0000000000
5448.6960000000,0.0000000000
5448.6960000000,0.0000000000
5448.7190000000,0.0000000000
5448.7470000000,0.0000000000
5448.7470000000,0.0000000000
5448.7690000000,0.0000000000
5448.7960000000,0.0000000000
5448.7970000000,0.0000000000
5448.8190000000,0.0000000000
5448.8470000000,0.0000000000
5448.8480000000,0.0000000000
5448.8700000000,0.0000000000
5448.8960000000,0.0000000000
5448.8960000000,0.0000000000
5448.9200000000,0.0000000000
5448.9460000000,0.0000000000
5448.9460000000,0.0000000000
5448.9710000000,0.0000000000
5448.9960000000,0.0000000000
5448.9960000000,0.0000000000
5449.0210000000,0.0000000000
5449.0460000000,0.0000000000
5449.0460000000,0.0000000000
5449.0690000000,0.0000000000
5449.0960000000,0.0000000000
5449.0970000000,0.0000000000
5449.1190000000,0.0000000000
5449.1470000000,0.0000000000
5449.1480000000,0.0000000000
5449.1710000000,0.0000000000
5449.1970000000,0.0000000000
5449.1970000000,0.0000000000
5449.2200000000,0.0000000000
5449.2470000000,0.0000000000
5449.2480000000,0.0000000000
5449.2690000000,0.0000000000
5449.2970000000,0.0000000000
5449.2990000000,0.0000000000
5449.3190000000,0.0000000000
5449.3460000000,0.0000000000
5449.3480000000,0.0000000000
5449.3690000000,0.0000000000
5449.3970000000,0.0000000000
5449.3970000000,0.0000000000
5449.4190000000,0.0000000000
5449.4460000000,0.0000000000
5449.4460000000,0.0000000000
5449.4690000000,0.0000000000
5449.4960000000,0.0000000000
5449.4960000000,0.0000000000
5449.5190000000,0.0000000000
5449.5470000000,0.0000000000
5449.5470000000,0.0000000000
5449.5690000000,0.0000000000
5449.5960000000,0.0000000000
5449.5970000000,0.0000000000
5449.6190000000,0.0000000000
5449.6470000000,0.0000000000
5449.6480000000,0.0000000000
5449.6700000000,0.0000000000
5449.6960000000,0.0000000000
5449.6970000000,0.0000000000
5449.7200000000,0.0000000000
5449.7460000000,0.0000000000
5449.7460000000,0.0000000000
5449.7700000000,0.0000000000
5449.7950000000,0.0000000000
5449.7980000000,0.0000000000
5449.8190000000,0.0000000000
5449.8460000000,0.0000000000
5449.8460000000,0.0000000000
5449.8690000000,0.0000000000
5449.8960000000,0.0000000000
5449.8970000000,0.0000000000
5449.9190000000,0.0000000000
5449.9460000000,0.0000000000
5449.9460000000,0.0000000000
5449.9690000000,0.0000000000
5449.9970000000,0.0000000000
5449.9970000000,0.0000000000
5450.0190000000,0.0000000000
5450.0460000000,0.0000000000
5450.0470000000,0.0000000000
5450.0690000000,0.0000000000
5450.0960000000,0.0000000000
5450.0970000000,0.0000000000
5450.1190000000,0.0000000000
5450.1460000000,0.0000000000
5450.1470000000,0.0000000000
5450.1690000000,0.0000000000
5450.1960000000,0.0000000000
5450.1960000000,0.0000000000
5450.2190000000,0.0000000000
5450.2460000000,0.0000000000
5450.2460000000,0.0000000000
5450.2690000000,0.0000000000
5450.2960000000,0.0000000000
5450.2960000000,0.0000000000
5450.3190000000,0.0000000000
5450.3470000000,0.0000000000
5450.3470000000,0.0000000000
5450.3690000000,0.0000000000
5450.3960000000,0.0000000000
5450.3970000000,0.0000000000
5450.4200000000,0.0000000000
5450.4460000000,0.0000000000
5450.4480000000,0.0000000000
5450.4690000000,0.0000000000
5450.4960000000,0.0000000000
5450.4960000000,0.0000000000
5450.5210000000,0.0000000000
5450.5460000000,0.0000000000
5450.5460000000,0.0000000000
5450.5690000000,0.0000000000
5450.5960000000,0.0000000000
5450.5970000000,0.0000000000
5450.6190000000,0.0000000000
5450.6460000000,0.0000000000
5450.6460000000,0.0000000000
5450.6700000000,0.0000000000
5450.6970000000,0.0000000000
5450.6970000000,0.0000000000
5450.7200000000,0.0000000000
5450.7460000000,0.0000000000
5450.7460000000,0.0000000000
5450.7690000000,0.0000000000
5450.7960000000,0.0000000000
5450.7970000000,0.0000000000
5450.8200000000,0.0000000000
5450.8470000000,0.0000000000
5450.8470000000,0.0000000000
5450.8690000000,0.0000000000
5450.8960000000,0.0000000000
5450.8970000000,0.0000000000
5450.9190000000,0.0000000000
5450.9470000000,0.0000000000
5450.9470000000,0.0000000000
5450.9690000000,0.0000000000
5450.9970000000,0.0000000000
5450.9970000000,0.0000000000
5451.0190000000,0.0000000000
5451.0460000000,0.0000000000
5451.0460000000,0.0000000000
5451.0700000000,0.0000000000
5451.0970000000,0.0000000000
5451.0970000000,0.0000000000
5451.1190000000,0.0000000000
5451.1460000000,0.0000000000
5451.1460000000,0.0000000000
5451.1690000000,0.0000000000
5451.1970000000,0.0000000000
5451.1970000000,0.0000000000
5451.2190000000,0.0000000000
5451.2460000000,0.0000000000
5451.2460000000,0.0000000000
5451.2690000000,0.0000000000
5451.2960000000,0.0000000000
5451.2970000000,0.0000000000
5451.3190000000,0.0000000000
5451.3460000000,0.0000000000
5451.3460000000,0.0000000000
5451.3690000000,0.0000000000
5451.3960000000,0.0000000000
5451.3960000000,0.0000000000
5451.4190000000,0.0000000000
5451.4460000000,0.0000000000
5451.4470000000,0.0000000000
5451.4690000000,0.0000000000
5451.4970000000,0.0000000000
5451.4970000000,0.0000000000
5451.5190000000,0.0000000000
5451.5460000000,0.0000000000
5451.5470000000,0.0000000000
5451.5700000000,0.0000000000
5451.5970000000,0.0000000000
5451.5970000000,0.0000000000
5451.6200000000,0.0000000000
5451.6460000000,0.0000000000
5451.6460000000,0.0000000000
5451.6690000000,0.0000000000
5451.6960000000,0.0000000000
5451.6960000000,0.0000000000
5451.7200000000,0.0000000000
5451.7460000000,0.0000000000
5451.7460000000,0.0000000000
5451.7710000000,0.0000000000
5451.7960000000,0.0000000000
5451.7960000000,0.0000000000
5451.8190000000,0.0000000000
5451.8460000000,0.0000000000
5451.8460000000,0.0000000000
5451.8690000000,0.0000000000
5451.8960000000,0.0000000000
5451.8960000000,0.0000000000
5451.9190000000,0.0000000000
5451.9460000000,0.0000000000
5451.9460000000,0.0000000000
5451.9690000000,0.0000000000
5451.9960000000,0.0000000000
5451.9960000000,0.0000000000
5452.0190000000,0.0000000000
5452.0460000000,0.0000000000
5452.0460000000,0.0000000000
5452.0700000000,0.0000000000
5452.0970000000,0.0000000000
5452.0970000000,0.0000000000
5452.1190000000,0.0000000000
5452.1460000000,0.0000000000
5452.1460000000,0.0000000000
5452.1690000000,0.0000000000
5452.1960000000,0.0000000000
5452.1960000000,0.0000000000
5452.2190000000,0.0000000000
5452.2460000000,0.0000000000
5452.2460000000,0.0000000000
5452.2690000000,0.0000000000
5452.2960000000,0.0000000000
5452.2970000000,0.0000000000
5452.3190000000,0.0000000000
5452.3470000000,0.0000000000
5452.3470000000,0.0000000000
5452.3690000000,0.0000000000
5452.3960000000,0.0000000000
5452.3960000000,0.0000000000
5452.4190000000,0.0000000000
5452.4460000000,0.0000000000
5452.4460000000,0.0000000000
5452.4700000000,0.0000000000
5452.4970000000,0.0000000000
5452.4970000000,0.0000000000
5452.5190000000,0.0000000000
5452.5470000000,0.0000000000
5452.5490000000,0.0000000000
5452.5690000000,0.0000000000
5452.5960000000,0.0000000000
5452.5960000000,0.0000000000
5452.6200000000,0.0000000000
5452.6460000000,0.0000000000
5452.6460000000,0.0000000000
5452.6700000000,0.0000000000
5452.6960000000,0.0000000000
5452.6960000000,0.0000000000
5452.7190000000,0.0000000000
5452.7460000000,0.0000000000
5452.7480000000,0.0000000000
5452.7690000000,0.0000000000
5452.7960000000,0.0000000000
5452.7960000000,0.0000000000
5452.8190000000,0.0000000000
5452.8470000000,0.0000000000
5452.8470000000,0.0000000000
5452.8690000000,0.0000000000
5452.8960000000,0.0000000000
5452.8960000000,0.0000000000
5452.9190000000,0.0000000000
5452.9460000000,0.0000000000
5452.9460000000,0.0000000000
5452.9700000000,0.0000000000
5452.9960000000,0.0000000000
5452.9980000000,0.0000000000
5453.0190000000,0.0000000000
5453.0460000000,0.0000000000
5453.0460000000,0.0000000000
5453.0690000000,0.0000000000
5453.0960000000,0.0000000000
5453.0960000000,0.0000000000
5453.1210000000,0.0000000000
5453.1470000000,0.0000000000
5453.1470000000,0.0000000000
5453.1690000000,0.0000000000
5453.1960000000,0.0000000000
5453.1960000000,0.0000000000
5453.2200000000,0.0000000000
5453.2480000000,0.0000000000
5453.2490000000,0.0000000000
5453.2690000000,0.0000000000
5453.2960000000,0.0000000000
5453.2960000000,0.0000000000
5453.3190000000,0.0000000000
5453.3460000000,0.0000000000
5453.3460000000,0.0000000000
5453.3690000000,0.0000000000
5453.3960000000,0.0000000000
5453.3970000000,0.0000000000
5453.4190000000,0.0000000000
5453.4460000000,0.0000000000
5453.4460000000,0.0000000000
5453.4690000000,0.0000000000
5453.4960000000,0.0000000000
5453.4970000000,0.0000000000
5453.5190000000,0.0000000000
5453.5460000000,0.0000000000
5453.5460000000,0.0000000000
5453.5690000000,0.0000000000
5453.5960000000,0.0000000000
5453.5960000000,0.0000000000
5453.6190000000,0.0000000000
5453.6470000000,0.0000000000
5453.6470000000,0.0000000000
5453.6690000000,0.0000000000
5453.6970000000,0.0000000000
5453.6970000000,0.0000000000
5453.7190000000,0.0000000000
5453.7460000000,0.0000000000
5453.7470000000,0.0000000000
5453.7690000000,0.0000000000
5453.7960000000,0.0000000000
5453.7960000000,0.0000000000
5453.8210000000,0.0000000000
5453.8470000000,0.0000000000
5453.8470000000,0.0000000000
5453.8690000000,0.0000000000
5453.8960000000,0.0000000000
5453.8960000000,0.0000000000
5453.9190000000,0.0000000000
5453.9460000000,0.0000000000
5453.9460000000,0.0000000000
5453.9690000000,0.0000000000
5453.9970000000,0.0000000000
5453.9980000000,0.0000000000
5454.0200000000,0.0000000000
5454.0460000000,0.0000000000
5454.0460000000,0.0000000000
5454.0690000000,0.0000000000
5454.0960000000,0.0000000000
5454.0960000000,0.0000000000
5454.1190000000,0.0000000000
5454.1470000000,0.0000000000
5454.1470000000,0.0000000000
5454.1700000000,0.0000000000
5454.1980000000,0.0000000000
5454.1990000000,0.0000000000
5454.2190000000,0.0000000000
5454.2460000000,0.0000000000
5454.2470000000,0.0000000000
5454.2690000000,0.0000000000
5454.2970000000,0.0000000000
5454.2970000000,0.0000000000
5454.3190000000,0.0000000000
5454.3480000000,0.0000000000
5454.3490000000,0.0000000000
5454.3690000000,0.0000000000
5454.3970000000,0.0000000000
5454.3970000000,0.0000000000
5454.4190000000,0.0000000000
5454.4460000000,0.0000000000
5454.4460000000,0.0000000000
5454.4690000000,0.0000000000
5454.4960000000,0.0000000000
5454.4960000000,0.0000000000
5454.5190000000,0.0000000000
5454.5460000000,0.0000000000
5454.5470000000,0.0000000000
5454.5690000000,0.0000000000
5454.5970000000,0.0000000000
5454.5970000000,0.0000000000
5454.6200000000,0.0000000000
5454.6460000000,0.0000000000
5454.6470000000,0.0000000000
5454.6690000000,0.0000000000
5454.6960000000,0.0000000000
5454.6960000000,0.0000000000
5454.7190000000,0.0000000000
5454.7450000000,0.0000000000
5454.7470000000,0.0000000000
5454.7700000000,0.0000000000
5454.7960000000,0.0000000000
5454.7960000000,0.0000000000
5454.8190000000,0.0000000000
5454.8460000000,0.0000000000
5454.8470000000,0.0000000000
5454.8710000000,0.0000000000
5454.8960000000,0.0000000000
5454.8960000000,0.0000000000
5454.9190000000,0.0000000000
5454.9460000000,0.0000000000
5454.9460000000,0.0000000000
5454.9700000000,0.0000000000
5454.9960000000,0.0000000000
5454.9960000000,0.0000000000
5455.0190000000,0.0000000000
5455.0460000000,0.0000000000
5455.0470000000,0.0000000000
5455.0690000000,0.0000000000
5455.0960000000,0.0000000000
5455.0960000000,0.0000000000
5455.1190000000,0.0000000000
5455.1460000000,0.0000000000
5455.1460000000,0.0000000000
5455.1700000000,0.0000000000
5455.1970000000,0.0000000000
5455.1980000000,0.0000000000
5455.2190000000,0.0000000000
5455.2460000000,0.0000000000
5455.2470000000,0.0000000000
5455.2690000000,0.0000000000
5455.2970000000,0.0000000000
5455.2970000000,0.0000000000
5455.3190000000,0.0000000000
5455.3470000000,0.0000000000
5455.3470000000,0.0000000000
5455.3690000000,0.0000000000
5455.3960000000,0.0000000000
5455.3960000000,0.0000000000
5455.4190000000,0.0000000000
5455.4460000000,0.0000000000
5455.4460000000,0.0000000000
5455.4690000000,0.0000000000
5455.4960000000,0.0000000000
5455.4960000000,0.0000000000
5455.5190000000,0.0000000000
5455.5460000000,0.0000000000
5455.5460000000,0.0000000000
5455.5700000000,0.0000000000
5455.5960000000,0.0000000000
5455.5960000000,0.0000000000
5455.6200000000,0.0000000000
5455.6460000000,0.0000000000
5455.6460000000,0.0000000000
5455.6700000000,0.0000000000
5455.6960000000,0.0000000000
5455.6970000000,0.0000000000
5455.7190000000,0.0000000000
5455.7460000000,0.0000000000
5455.7460000000,0.0000000000
5455.7690000000,0.0000000000
5455.7970000000,0.0000000000
5455.7970000000,0.0000000000
5455.8200000000,0.0000000000
5455.8460000000,0.0000000000
5455.8460000000,0.0000000000
5455.8700000000,0.0000000000
5455.8960000000,0.0000000000
5455.8970000000,0.0000000000
5455.9190000000,0.0000000000
5455.9460000000,0.0000000000
5455.9470000000,0.0000000000
5455.9690000000,0.0000000000
5455.9960000000,0.0000000000
5455.9970000000,0.0000000000
5456.0190000000,0.0000000000
5456.0460000000,0.0000000000
5456.0470000000,0.0000000000
5456.0690000000,0.0000000000
5456.0960000000,0.0000000000
5456.0960000000,0.0000000000
5456.1190000000,0.0000000000
5456.1470000000,0.0000000000
5456.1470000000,0.0000000000
5456.1700000000,0.0000000000
5456.1960000000,0.0000000000
5456.1960000000,0.0000000000
5456.2200000000,0.0000000000
5456.2460000000,0.0000000000
5456.2460000000,0.0000000000
5456.2690000000,0.0000000000
5456.2960000000,0.0000000000
5456.2960000000,0.0000000000
5456.3190000000,0.0000000000
5456.3460000000,0.0000000000
5456.3460000000,0.0000000000
5456.3690000000,0.0000000000
5456.3960000000,0.0000000000
5456.3960000000,0.0000000000
5456.4200000000,0.0000000000
5456.4460000000,0.0000000000
5456.4460000000,0.0000000000
5456.4700000000,0.0000000000
5456.4980000000,0.0000000000
5456.4990000000,0.0000000000
5456.5200000000,0.0000000000
5456.5460000000,0.0000000000
5456.5460000000,0.0000000000
5456.5690000000,0.0000000000
5456.5960000000,0.0000000000
5456.5960000000,0.0000000000
5456.6190000000,0.0000000000
5456.6460000000,0.0000000000
5456.6470000000,0.0000000000
5456.6690000000,0.0000000000
5456.6960000000,0.0000000000
5456.6970000000,0.0000000000
5456.7190000000,0.0000000000
5456.7460000000,0.0000000000
5456.7480000000,0.0000000000
5456.7700000000,0.0000000000
5456.7960000000,0.0000000000
5456.7960000000,0.0000000000
5456.8190000000,0.0000000000
5456.8460000000,0.0000000000
5456.8460000000,0.0000000000
5456.8690000000,0.0000000000
5456.8960000000,0.0000000000
5456.8960000000,0.0000000000
5456.9190000000,0.0000000000
5456.9460000000,0.0000000000
5456.9460000000,0.0000000000
5456.9690000000,0.0000000000
5456.9970000000,0.0000000000
5456.9970000000,0.0000000000
5457.0200000000,0.0000000000
5457.0470000000,0.0000000000
5457.0470000000,0.0000000000
5457.0700000000,0.0000000000
5457.0960000000,0.0000000000
5457.0970000000,0.0000000000
5457.1190000000,0.0000000000
5457.1470000000,0.0000000000
5457.1470000000,0.0000000000
5457.1700000000,0.0000000000
5457.1960000000,0.0000000000
5457.1970000000,0.0000000000
5457.2200000000,0.0000000000
5457.2460000000,0.0000000000
5457.2480000000,0.0000000000
5457.2690000000,0.0000000000
5457.2960000000,0.0000000000
5457.2960000000,0.0000000000
5457.3200000000,0.0000000000
5457.3460000000,0.0000000000
5457.3460000000,0.0000000000
5457.3690000000,0.0000000000
5457.3960000000,0.0000000000
5457.3970000000,0.0000000000
5457.4190000000,0.0000000000
5457.4460000000,0.0000000000
5457.4460000000,0.0000000000
5457.4700000000,0.0000000000
5457.4970000000,0.0000000000
5457.4970000000,0.0000000000
5457.5190000000,0.0000000000
5457.5460000000,0.0000000000
5457.5460000000,0.0000000000
5457.5690000000,0.0000000000
5457.5960000000,0.0000000000
5457.5960000000,0.0000000000
5457.6220000000,0.0000000000
5457.6460000000,0.0000000000
5457.6480000000,0.0000000000
5457.6690000000,0.0000000000
5457.6960000000,0.0000000000
5457.6960000000,0.0000000000
5457.7190000000,0.0000000000
5457.7460000000,0.0000000000
5457.7470000000,0.0000000000
5457.7700000000,0.0000000000
5457.7960000000,0.0000000000
5457.7960000000,0.0000000000
5457.8190000000,0.0000000000
5457.8460000000,0.0000000000
5457.8460000000,0.0000000000
5457.8700000000,0.0000000000
5457.8960000000,0.0000000000
5457.8960000000,0.0000000000
5457.9200000000,0.0000000000
5457.9470000000,0.0000000000
5457.9470000000,0.0000000000
5457.9690000000,0.0000000000
5457.9960000000,0.0000000000
5457.9960000000,0.0000000000
5458.0190000000,0.0000000000
5458.0460000000,0.0000000000
5458.0460000000,0.0000000000
5458.0690000000,0.0000000000
5458.0960000000,0.0000000000
5458.0970000000,0.0000000000
5458.1190000000,0.0000000000
5458.1460000000,0.0000000000
5458.1460000000,0.0000000000
5458.1690000000,0.0000000000
5458.1960000000,0.0000000000
5458.1960000000,0.0000000000
5458.2200000000,0.0000000000
5458.2460000000,0.0000000000
5458.2460000000,0.0000000000
5458.2700000000,0.0000000000
5458.2960000000,0.0000000000
5458.2970000000,0.0000000000
5458.3200000000,0.0000000000
5458.3460000000,0.0000000000
5458.3460000000,0.0000000000
5458.3690000000,0.0000000000
5458.3960000000,0.0000000000
5458.3960000000,0.0000000000
5458.4200000000,0.0000000000
5458.4460000000,0.0000000000
5458.4460000000,0.0000000000
5458.4700000000,0.0000000000
5458.4960000000,0.0000000000
5458.4970000000,0.0000000000
5458.5190000000,0.0000000000
5458.5470000000,0.0000000000
5458.5470000000,0.0000000000
5458.5690000000,0.0000000000
5458.5970000000,0.0000000000
5458.5970000000,0.0000000000
5458.6190000000,0.0000000000
5458.6460000000,0.0000000000
5458.6460000000,0.0000000000
5458.6690000000,0.0000000000
5458.6970000000,0.0000000000
5458.6970000000,0.0000000000
5458.7200000000,0.0000000000
5458.7460000000,0.0000000000
5458.7460000000,0.0000000000
5458.7690000000,0.0000000000
5458.7960000000,0.0000000000
5458.7960000000,0.0000000000
5458.8180000000,0.0000000000
5458.8460000000,0.0000000000
5458.8470000000,0.0000000000
5458.8690000000,0.0000000000
5458.8960000000,0.0000000000
5458.8960000000,0.0000000000
5458.9190000000,0.0000000000
5458.9460000000,0.0000000000
5458.9470000000,0.0000000000
5458.9690000000,0.0000000000
5458.9960000000,0.0000000000
5458.9970000000,0.0000000000
5459.0190000000,0.0000000000
5459.0460000000,0.0000000000
5459.0460000000,0.0000000000
5459.0700000000,0.0000000000
5459.0970000000,0.0000000000
5459.0970000000,0.0000000000
5459.1190000000,0.0000000000
5459.1470000000,0.0000000000
5459.1500000000,0.0000000000
5459.1690000000,0.0000000000
5459.1960000000,0.0000000000
5459.1960000000,0.0000000000
5459.2190000000,0.0000000000
5459.2460000000,0.0000000000
5459.2460000000,0.0000000000
5459.2700000000,0.0000000000
5459.2970000000,0.0000000000
5459.2970000000,0.0000000000
5459.3200000000,0.0000000000
5459.3470000000,0.0000000000
5459.3480000000,0.0000000000
5459.3690000000,0.0000000000
5459.3980000000,0.0000000000
5459.3980000000,0.0000000000
5459.4200000000,0.0000000000
5459.4460000000,0.0000000000
5459.4460000000,0.0000000000
5459.4690000000,0.0000000000
5459.4960000000,0.0000000000
5459.4960000000,0.0000000000
5459.5190000000,0.0000000000
5459.5460000000,0.0000000000
5459.5460000000,0.0000000000
5459.5700000000,0.0000000000
5459.5960000000,0.0000000000
5459.5970000000,0.0000000000
5459.6190000000,0.0000000000
5459.6460000000,0.0000000000
5459.6460000000,0.0000000000
5459.6690000000,0.0000000000
5459.6960000000,0.0000000000
5459.6960000000,0.0000000000
5459.7220000000,0.0000000000
5459.7460000000,0.0000000000
5459.7460000000,0.0000000000
5459.7700000000,0.0000000000
5459.7960000000,0.0000000000
5459.7960000000,0.0000000000
5459.8200000000,0.0000000000
5459.8460000000,0.0000000000
5459.8460000000,0.0000000000
5459.8700000000,0.0000000000
5459.8960000000,0.0000000000
5459.8970000000,0.0000000000
5459.9200000000,0.0000000000
5459.9460000000,0.0000000000
5459.9490000000,0.0000000000
5459.9690000000,0.0000000000
5459.9960000000,0.0000000000
5459.9960000000,0.0000000000
5460.0190000000,0.0000000000
5460.0460000000,0.0000000000
5460.0460000000,0.0000000000
5460.0700000000,0.0000000000
5460.0960000000,0.0000000000
5460.0960000000,0.0000000000
5460.1190000000,0.0000000000
5460.1460000000,0.0000000000
5460.1460000000,0.0000000000
5460.1690000000,0.0000000000
5460.1980000000,0.0000000000
5460.1990000000,0.0000000000
5460.2190000000,0.0000000000
5460.2460000000,0.0000000000
5460.2470000000,0.0000000000
5460.2690000000,0.0000000000
5460.2970000000,0.0000000000
5460.2970000000,0.0000000000
5460.3190000000,0.0000000000
5460.3460000000,0.0000000000
5460.3460000000,0.0000000000
5460.3690000000,0.0000000000
5460.3960000000,0.0000000000
5460.3970000000,0.0000000000
5460.4200000000,0.0000000000
5460.4460000000,0.0000000000
5460.4460000000,0.0000000000
5460.4690000000,0.0000000000
5460.4960000000,0.0000000000
5460.4960000000,0.0000000000
5460.5190000000,0.0000000000
5460.5460000000,0.0000000000
5460.5470000000,0.0000000000
5460.5690000000,0.0000000000
5460.5960000000,0.0000000000
5460.5960000000,0.0000000000
5460.6190000000,0.0000000000
5460.6460000000,0.0000000000
5460.6460000000,0.0000000000
5460.6690000000,0.0000000000
5460.6960000000,0.0000000000
5460.6960000000,0.0000000000
5460.7200000000,0.0000000000
5460.7460000000,0.0000000000
5460.7460000000,0.0000000000
5460.7700000000,0.0000000000
5460.7970000000,0.0000000000
5460.7980000000,0.0000000000
5460.8190000000,0.0000000000
5460.8460000000,0.0000000000
5460.8470000000,0.0000000000
5460.8690000000,0.0000000000
5460.8960000000,0.0000000000
5460.8960000000,0.0000000000
5460.9190000000,0.0000000000
5460.9460000000,0.0000000000
5460.9460000000,0.0000000000
5460.9700000000,0.0000000000
5460.9960000000,0.0000000000
5460.9980000000,0.0000000000
5461.0190000000,0.0000000000
5461.0460000000,0.0000000000
5461.0470000000,0.0000000000
5461.0690000000,0.0000000000
5461.0960000000,0.0000000000
5461.0960000000,0.0000000000
5461.1190000000,0.0000000000
5461.1460000000,0.0000000000
5461.1470000000,0.0000000000
5461.1690000000,0.0000000000
5461.1960000000,0.0000000000
5461.1960000000,0.0000000000
5461.2190000000,0.0000000000
5461.2460000000,0.0000000000
5461.2460000000,0.0000000000
5461.2690000000,0.0000000000
5461.2970000000,0.0000000000
5461.2970000000,0.0000000000
5461.3190000000,0.0000000000
5461.3460000000,0.0000000000
5461.3470000000,0.0000000000
5461.3690000000,0.0000000000
5461.3960000000,0.0000000000
5461.3970000000,0.0000000000
5461.4190000000,0.0000000000
5461.4460000000,0.0000000000
5461.4470000000,0.0000000000
5461.4700000000,0.0000000000
5461.4960000000,0.0000000000
5461.4960000000,0.0000000000
5461.5200000000,0.0000000000
5461.5460000000,0.0000000000
5461.5470000000,0.0000000000
5461.5690000000,0.0000000000
5461.5960000000,0.0000000000
5461.5960000000,0.0000000000
5461.6190000000,0.0000000000
5461.6470000000,0.0000000000
5461.6470000000,0.0000000000
5461.6690000000,0.0000000000
5461.6960000000,0.0000000000
5461.6960000000,0.0000000000
5461.7190000000,0.0000000000
5461.7460000000,0.0000000000
5461.7460000000,0.0000000000
5461.7700000000,0.0000000000
5461.7960000000,0.0000000000
5461.7970000000,0.0000000000
5461.8190000000,0.0000000000
5461.8460000000,0.0000000000
5461.8460000000,0.0000000000
5461.8690000000,0.0000000000
5461.8970000000,0.0000000000
5461.8970000000,0.0000000000
5461.9200000000,0.0000000000
5461.9460000000,0.0000000000
5461.9460000000,0.0000000000
5461.9710000000,0.0000000000
5461.9960000000,0.0000000000
5461.9960000000,0.0000000000
5462.0190000000,0.0000000000
5462.0470000000,0.0000000000
5462.0470000000,0.0000000000
5462.0690000000,0.0000000000
5462.0980000000,0.0000000000
5462.0980000000,0.0000000000
5462.1190000000,0.0000000000
5462.1470000000,0.0000000000
5462.1470000000,0.0000000000
5462.1690000000,0.0000000000
5462.1960000000,0.0000000000
5462.1960000000,0.0000000000
5462.2190000000,0.0000000000
5462.2460000000,0.0000000000
5462.2460000000,0.0000000000
5462.2690000000,0.0000000000
5462.2960000000,0.0000000000
5462.2960000000,0.0000000000
5462.3190000000,0.0000000000
5462.3460000000,0.0000000000
5462.3460000000,0.0000000000
5462.3690000000,0.0000000000
5462.3970000000,0.0000000000
5462.3980000000,0.0000000000
5462.4190000000,0.0000000000
5462.4460000000,0.0000000000
5462.4460000000,0.0000000000
5462.4690000000,0.0000000000
5462.4960000000,0.0000000000
5462.4980000000,0.0000000000
5462.5190000000,0.0000000000
5462.5460000000,0.0000000000
5462.5470000000,0.0000000000
5462.5700000000,0.0000000000
5462.5960000000,0.0000000000
5462.5980000000,0.0000000000
5462.6200000000,0.0000000000
5462.6460000000,0.0000000000
5462.6460000000,0.0000000000
5462.6700000000,0.0000000000
5462.6970000000,0.0000000000
5462.6970000000,0.0000000000
5462.7190000000,0.0000000000
5462.7470000000,0.0000000000
5462.7470000000,0.0000000000
5462.7690000000,0.0000000000
5462.7960000000,0.0000000000
5462.7960000000,0.0000000000
5462.8190000000,0.0000000000
5462.8450000000,0.0000000000
5462.8470000000,0.0000000000
5462.8700000000,0.0000000000
5462.8970000000,0.0000000000
5462.8970000000,0.0000000000
5462.9190000000,0.0000000000
5462.9460000000,0.0000000000
5462.9460000000,0.0000000000
5462.9690000000,0.0000000000
5462.9960000000,0.0000000000
5462.9960000000,0.0000000000
5463.0200000000,0.0000000000
5463.0460000000,0.0000000000
5463.0460000000,0.0000000000
5463.0700000000,0.0000000000
5463.0970000000,0.0000000000
5463.0970000000,0.0000000000
5463.1190000000,0.0000000000
5463.1470000000,0.0000000000
5463.1480000000,0.0000000000
5463.1690000000,0.0000000000
5463.1970000000,0.0000000000
5463.1970000000,0.0000000000
5463.2200000000,0.0000000000
5463.2460000000,0.0000000000
5463.2460000000,0.0000000000
5463.2700000000,0.0000000000
5463.2960000000,0.0000000000
5463.2960000000,0.0000000000
5463.3190000000,0.0000000000
5463.3460000000,0.0000000000
5463.3460000000,0.0000000000
5463.3690000000,0.0000000000
5463.3960000000,0.0000000000
5463.3970000000,0.0000000000
5463.4190000000,0.0000000000
5463.4470000000,0.0000000000
5463.4470000000,0.0000000000
5463.4690000000,0.0000000000
5463.4960000000,0.0000000000
5463.4960000000,0.0000000000
5463.5190000000,0.0000000000
5463.5460000000,0.0000000000
5463.5460000000,0.0000000000
5463.5690000000,0.0000000000
5463.5960000000,0.0000000000
5463.5960000000,0.0000000000
5463.6210000000,0.0000000000
5463.6460000000,0.0000000000
5463.6460000000,0.0000000000
5463.6700000000,0.0000000000
5463.6960000000,0.0000000000
5463.6960000000,0.0000000000
5463.7200000000,0.0000000000
5463.7460000000,0.0000000000
5463.7460000000,0.0000000000
5463.7690000000,0.0000000000
5463.7960000000,0.0000000000
5463.7960000000,0.0000000000
5463.8190000000,0.0000000000
5463.8460000000,0.0000000000
5463.8470000000,0.0000000000
5463.8690000000,0.0000000000
5463.8960000000,0.0000000000
5463.8960000000,0.0000000000
5463.9190000000,0.0000000000
5463.9460000000,0.0000000000
5463.9470000000,0.0000000000
5463.9690000000,0.0000000000
5463.9960000000,0.0000000000
5463.9960000000,0.0000000000
5464.0200000000,0.0000000000
5464.0460000000,0.0000000000
5464.0460000000,0.0000000000
5464.0690000000,0.0000000000
5464.0960000000,0.0000000000
5464.0960000000,0.0000000000
5464.1190000000,0.0000000000
5464.1460000000,0.0000000000
5464.1460000000,0.0000000000
5464.1690000000,0.0000000000
5464.1970000000,0.0000000000
5464.1970000000,0.0000000000
5464.2190000000,0.0000000000
5464.2470000000,0.0000000000
5464.2480000000,0.0000000000
5464.2690000000,0.0000000000
5464.2960000000,0.0000000000
5464.2960000000,0.0000000000
5464.3210000000,0.0000000000
5464.3460000000,0.0000000000
5464.3460000000,0.0000000000
5464.3690000000,0.0000000000
5464.3960000000,0.0000000000
5464.3960000000,0.0000000000
5464.4190000000,0.0000000000
5464.4460000000,0.0000000000
5464.4460000000,0.0000000000
5464.4690000000,0.0000000000
5464.4960000000,0.0000000000
5464.4980000000,0.0000000000
5464.5190000000,0.0000000000
5464.5470000000,0.0000000000
5464.5470000000,0.0000000000
5464.5700000000,0.0000000000
5464.5970000000,0.0000000000
5464.5980000000,0.0000000000
5464.6190000000,0.0000000000
5464.6460000000,0.0000000000
5464.6460000000,0.0000000000
5464.6700000000,0.0000000000
5464.6960000000,0.0000000000
5464.6960000000,0.0000000000
5464.7190000000,0.0000000000
5464.7460000000,0.0000000000
5464.7460000000,0.0000000000
5464.7690000000,0.0000000000
5464.7960000000,0.0000000000
5464.7980000000,0.0000000000
5464.8190000000,0.0000000000
5464.8460000000,0.0000000000
5464.8460000000,0.0000000000
5464.8690000000,0.0000000000
5464.8960000000,0.0000000000
5464.8960000000,0.0000000000
5464.9190000000,0.0000000000
5464.9460000000,0.0000000000
5464.9460000000,0.0000000000
5464.9710000000,0.0000000000
5464.9960000000,0.0000000000
5464.9960000000,0.0000000000
5465.0190000000,0.0000000000
5465.0460000000,0.0000000000
5465.0460000000,0.0000000000
5465.0690000000,0.0000000000
5465.0960000000,0.0000000000
5465.0960000000,0.0000000000
5465.1190000000,0.0000000000
5465.1460000000,0.0000000000
5465.1460000000,0.0000000000
5465.1690000000,0.0000000000
5465.1960000000,0.0000000000
5465.1960000000,0.0000000000
5465.2200000000,0.0000000000
5465.2470000000,0.0000000000
5465.2470000000,0.0000000000
5465.2700000000,0.0000000000
5465.2970000000,0.0000000000
5465.2970000000,0.0000000000
5465.3200000000,0.0000000000
5465.3460000000,0.0000000000
5465.3470000000,0.0000000000
5465.3700000000,0.0000000000
5465.3960000000,0.0000000000
5465.3960000000,0.0000000000
5465.4190000000,0.0000000000
5465.4470000000,0.0000000000
5465.4470000000,0.0000000000
5465.4690000000,0.0000000000
5465.4960000000,0.0000000000
5465.4960000000,0.0000000000
5465.5190000000,0.0000000000
5465.5460000000,0.0000000000
5465.5460000000,0.0000000000
5465.5700000000,0.0000000000
5465.5960000000,0.0000000000
5465.5970000000,0.0000000000
5465.6190000000,0.0000000000
5465.6460000000,0.0000000000
5465.6470000000,0.0000000000
5465.6700000000,0.0000000000
5465.6960000000,0.0000000000
5465.6960000000,0.0000000000
5465.7190000000,0.0000000000
5465.7460000000,0.0000000000
5465.7460000000,0.0000000000
5465.7700000000,0.0000000000
5465.7960000000,0.0000000000
5465.7970000000,0.0000000000
5465.8190000000,0.0000000000
5465.8460000000,0.0000000000
5465.8470000000,0.0000000000
5465.8690000000,0.0000000000
5465.8970000000,0.0000000000
5465.8970000000,0.0000000000
5465.9190000000,0.0000000000
5465.9460000000,0.0000000000
5465.9460000000,0.0000000000
5465.9690000000,0.0000000000
5465.9960000000,0.0000000000
5465.9960000000,0.0000000000
5466.0200000000,0.0000000000
5466.0460000000,0.0000000000
5466.0460000000,0.0000000000
5466.0690000000,0.0000000000
5466.0970000000,0.0000000000
5466.0980000000,0.0000000000
5466.1200000000,0.0000000000
5466.1460000000,0.0000000000
5466.1460000000,0.0000000000
5466.1690000000,0.0000000000
5466.1960000000,0.0000000000
5466.1960000000,0.0000000000
5466.2190000000,0.0000000000
5466.2460000000,0.0000000000
5466.2460000000,0.0000000000
5466.2700000000,0.0000000000
5466.2960000000,0.0000000000
5466.2970000000,0.0000000000
5466.3190000000,0.0000000000
5466.3470000000,0.0000000000
5466.3490000000,0.0000000000
5466.3690000000,0.0000000000
5466.3960000000,0.0000000000
5466.3970000000,0.0000000000
5466.4190000000,0.0000000000
5466.4460000000,0.0000000000
5466.4460000000,0.0000000000
5466.4690000000,0.0000000000
5466.4960000000,0.0000000000
5466.4960000000,0.0000000000
5466.5210000000,0.0000000000
5466.5460000000,0.0000000000
5466.5470000000,0.0000000000
5466.5690000000,0.0000000000
5466.5960000000,0.0000000000
5466.5960000000,0.0000000000
5466.6190000000,0.0000000000
5466.6460000000,0.0000000000
5466.6470000000,0.0000000000
5466.6690000000,0.0000000000
5466.6970000000,0.0000000000
5466.6980000000,0.0000000000
5466.7190000000,0.0000000000
5466.7460000000,0.0000000000
5466.7460000000,0.0000000000
5466.7690000000,0.0000000000
5466.7960000000,0.0000000000
5466.7960000000,0.0000000000
5466.8190000000,0.0000000000
5466.8460000000,0.0000000000
5466.8460000000,0.0000000000
5466.8700000000,0.0000000000
5466.8960000000,0.0000000000
5466.8960000000,0.0000000000
5466.9200000000,0.0000000000
5466.9470000000,0.0000000000
5466.9470000000,0.0000000000
5466.9700000000,0.0000000000
5466.9960000000,0.0000000000
5466.9960000000,0.0000000000
5467.0190000000,0.0000000000
5467.0460000000,0.0000000000
5467.0460000000,0.0000000000
5467.0700000000,0.0000000000
5467.0960000000,0.0000000000
5467.0970000000,0.0000000000
5467.1190000000,0.0000000000
5467.1460000000,0.0000000000
5467.1460000000,0.0000000000
5467.1690000000,0.0000000000
5467.1960000000,0.0000000000
5467.1980000000,0.0000000000
5467.2190000000,0.0000000000
5467.2460000000,0.0000000000
5467.2460000000,0.0000000000
5467.2690000000,0.0000000000
5467.2960000000,0.0000000000
5467.2960000000,0.0000000000
5467.3200000000,0.0000000000
5467.3460000000,0.0000000000
5467.3460000000,0.0000000000
5467.3710000000,0.0000000000
5467.3960000000,0.0000000000
5467.3960000000,0.0000000000
5467.4200000000,0.0000000000
5467.4460000000,0.0000000000
5467.4460000000,0.0000000000
5467.4690000000,0.0000000000
5467.4970000000,0.0000000000
5467.4970000000,0.0000000000
5467.5190000000,0.0000000000
5467.5460000000,0.0000000000
5467.5470000000,0.0000000000
5467.5700000000,0.0000000000
5467.5960000000,0.0000000000
5467.5980000000,0.0000000000
5467.6200000000,0.0000000000
5467.6470000000,0.0000000000
5467.6470000000,0.0000000000
5467.6700000000,0.0000000000
5467.6960000000,0.0000000000
5467.6960000000,0.0000000000
5467.7190000000,0.0000000000
5467.7470000000,0.0000000000
5467.7470000000,0.0000000000
5467.7700000000,0.0000000000
5467.7960000000,0.0000000000
5467.7970000000,0.0000000000
5467.8190000000,0.0000000000
5467.8460000000,0.0000000000
5467.8460000000,0.0000000000
5467.8690000000,0.0000000000
5467.8960000000,0.0000000000
5467.8960000000,0.0000000000
5467.9200000000,0.0000000000
5467.9460000000,0.0000000000
5467.9470000000,0.0000000000
5467.9690000000,0.0000000000
5467.9960000000,0.0000000000
5467.9960000000,0.0000000000
5468.0190000000,0.0000000000
5468.0460000000,0.0000000000
5468.0470000000,0.0000000000
5468.0700000000,0.0000000000
5468.0960000000,0.0000000000
5468.0960000000,0.0000000000
5468.1200000000,0.0000000000
5468.1470000000,0.0000000000
5468.1480000000,0.0000000000
5468.1690000000,0.0000000000
5468.1970000000,0.0000000000
5468.1970000000,0.0000000000
5468.2190000000,0.0000000000
5468.2460000000,0.0000000000
5468.2460000000,0.0000000000
5468.2690000000,0.0000000000
5468.2960000000,0.0000000000
5468.2960000000,0.0000000000
5468.3200000000,0.0000000000
5468.3460000000,0.0000000000
5468.3460000000,0.0000000000
5468.3690000000,0.0000000000
5468.3960000000,0.0000000000
5468.3960000000,0.0000000000
5468.4190000000,0.0000000000
5468.4460000000,0.0000000000
5468.4460000000,0.0000000000
5468.4690000000,0.0000000000
5468.4970000000,0.0000000000
5468.4970000000,0.0000000000
5468.5190000000,0.0000000000
5468.5460000000,0.0000000000
5468.5470000000,0.0000000000
5468.5700000000,0.0000000000
5468.5960000000,0.0000000000
5468.5960000000,0.0000000000
5468.6190000000,0.0000000000
5468.6460000000,0.0000000000
5468.6460000000,0.0000000000
5468.6690000000,0.0000000000
5468.6960000000,0.0000000000
5468.6960000000,0.0000000000
5468.7190000000,0.0000000000
5468.7460000000,0.0000000000
5468.7460000000,0.0000000000
5468.7690000000,0.0000000000
5468.7970000000,0.0000000000
5468.7970000000,0.0000000000
5468.8200000000,0.0000000000
5468.8460000000,0.0000000000
5468.8460000000,0.0000000000
5468.8690000000,0.0000000000
5468.8960000000,0.0000000000
5468.8960000000,0.0000000000
5468.9190000000,0.0000000000
5468.9460000000,0.0000000000
5468.9460000000,0.0000000000
5468.9700000000,0.0000000000
5468.9960000000,0.0000000000
5468.9960000000,0.0000000000
5469.0190000000,0.0000000000
5469.0460000000,0.0000000000
5469.0470000000,0.0000000000
5469.0700000000,0.0000000000
5469.0970000000,0.0000000000
5469.0990000000,0.0000000000
5469.1190000000,0.0000000000
5469.1460000000,0.0000000000
5469.1460000000,0.0000000000
5469.1690000000,0.0000000000
5469.1960000000,0.0000000000
5469.1960000000,0.0000000000
5469.2190000000,0.0000000000
5469.2470000000,0.0000000000
5469.2470000000,0.0000000000
5469.2690000000,0.0000000000
5469.2960000000,0.0000000000
5469.2990000000,0.0000000000
5469.3190000000,0.0000000000
5469.3460000000,0.0000000000
5469.3480000000,0.0000000000
5469.3700000000,0.0000000000
5469.3970000000,0.0000000000
5469.3970000000,0.0000000000
5469.4190000000,0.0000000000
5469.4460000000,0.0000000000
5469.4460000000,0.0000000000
5469.4670000000,0.0000000000
5469.4960000000,0.0000000000
5469.4970000000,0.0000000000
5469.5200000000,0.0000000000
5469.5460000000,0.0000000000
5469.5460000000,0.0000000000
5469.5700000000,0.0000000000
5469.5960000000,0.0000000000
5469.5960000000,0.0000000000
5469.6190000000,0.0000000000
5469.6470000000,0.0000000000
5469.6470000000,0.0000000000
5469.6700000000,0.0000000000
5469.6960000000,0.0000000000
5469.6970000000,0.0000000000
5469.7190000000,0.0000000000
5469.7460000000,0.0000000000
5469.7460000000,0.0000000000
5469.7690000000,0.0000000000
5469.7960000000,0.0000000000
5469.7960000000,0.0000000000
5469.8190000000,0.0000000000
5469.8460000000,0.0000000000
5469.8480000000,0.0000000000
5469.8690000000,0.0000000000
5469.8970000000,0.0000000000
5469.8980000000,0.0000000000
5469.9190000000,0.0000000000
5469.9460000000,0.0000000000
5469.9460000000,0.0000000000
5469.9690000000,0.0000000000
5469.9960000000,0.0000000000
5469.9980000000,0.0000000000
5470.0190000000,0.0000000000
5470.0460000000,0.0000000000
5470.0460000000,0.0000000000
5470.0690000000,0.0000000000
5470.0960000000,0.0000000000
5470.0960000000,0.0000000000
5470.1200000000,0.0000000000
5470.1460000000,0.0000000000
5470.1460000000,0.0000000000
5470.1700000000,0.0000000000
5470.1960000000,0.0000000000
5470.1960000000,0.0000000000
5470.2190000000,0.0000000000
5470.2460000000,0.0000000000
5470.2460000000,0.0000000000
5470.2690000000,0.0000000000
5470.2960000000,0.0000000000
5470.2960000000,0.0000000000
5470.3190000000,0.0000000000
5470.3460000000,0.0000000000
5470.3460000000,0.0000000000
5470.3700000000,0.0000000000
5470.3960000000,0.0000000000
5470.3970000000,0.0000000000
5470.4190000000,0.0000000000
5470.4460000000,0.0000000000
5470.4460000000,0.0000000000
5470.4690000000,0.0000000000
5470.4980000000,0.0000000000
5470.4980000000,0.0000000000
5470.5190000000,0.0000000000
5470.5470000000,0.0000000000
5470.5470000000,0.0000000000
5470.5700000000,0.0000000000
5470.5970000000,0.0000000000
5470.5980000000,0.0000000000
5470.6190000000,0.0000000000
5470.6460000000,0.0000000000
5470.6470000000,0.0000000000
5470.6690000000,0.0000000000
5470.6960000000,0.0000000000
5470.6970000000,0.0000000000
5470.7190000000,0.0000000000
5470.7460000000,0.0000000000
5470.7460000000,0.0000000000
5470.7700000000,0.0000000000
5470.7960000000,0.0000000000
5470.7960000000,0.0000000000
5470.8200000000,0.0000000000
5470.8460000000,0.0000000000
5470.8470000000,0.0000000000
5470.8700000000,0.0000000000
5470.8960000000,0.0000000000
5470.8960000000,0.0000000000
5470.9190000000,0.0000000000
5470.9460000000,0.0000000000
5470.9460000000,0.0000000000
5470.9690000000,0.0000000000
5470.9960000000,0.0000000000
5470.9960000000,0.0000000000
5471.0190000000,0.0000000000
5471.0450000000,0.0000000000
5471.0460000000,0.0000000000
5471.0690000000,0.0000000000
5471.0970000000,0.0000000000
5471.0970000000,0.0000000000
5471.1190000000,0.0000000000
5471.1460000000,0.0000000000
5471.1460000000,0.0000000000
5471.1690000000,0.0000000000
5471.1960000000,0.0000000000
5471.1960000000,0.0000000000
5471.2190000000,0.0000000000
5471.2460000000,0.0000000000
5471.2460000000,0.0000000000
5471.2700000000,0.0000000000
5471.2960000000,0.0000000000
5471.2960000000,0.0000000000
5471.3190000000,0.0000000000
5471.3470000000,0.0000000000
5471.3470000000,0.0000000000
5471.3690000000,0.0000000000
5471.3980000000,0.0000000000
5471.3980000000,0.0000000000
5471.4190000000,0.0000000000
5471.4460000000,0.0000000000
5471.4470000000,0.0000000000
5471.4690000000,0.0000000000
5471.4960000000,0.0000000000
5471.4960000000,0.0000000000
5471.5200000000,0.0000000000
5471.5460000000,0.0000000000
5471.5460000000,0.0000000000
5471.5690000000,0.0000000000
5471.5960000000,0.0000000000
5471.5970000000,0.0000000000
5471.6210000000,0.0000000000
5471.6470000000,0.0000000000
5471.6470000000,0.0000000000
5471.6700000000,0.0000000000
5471.6960000000,0.0000000000
5471.6970000000,0.0000000000
5471.7190000000,0.0000000000
5471.7460000000,0.0000000000
5471.7460000000,0.0000000000
5471.7690000000,0.0000000000
5471.7960000000,0.0000000000
5471.7970000000,0.0000000000
5471.8190000000,0.0000000000
5471.8470000000,0.0000000000
5471.8480000000,0.0000000000
5471.8700000000,0.0000000000
5471.8960000000,0.0000000000
5471.8960000000,0.0000000000
5471.9210000000,0.0000000000
5471.9460000000,0.0000000000
5471.9460000000,0.0000000000
5471.9690000000,0.0000000000
5471.9960000000,0.0000000000
5471.9970000000,0.0000000000
5472.0210000000,0.0000000000
5472.0460000000,0.0000000000
5472.0460000000,0.0000000000
5472.0690000000,0.0000000000
5472.0960000000,0.0000000000
5472.0970000000,0.0000000000
5472.1190000000,0.0000000000
5472.1460000000,0.0000000000
5472.1460000000,0.0000000000
5472.1700000000,0.0000000000
5472.1960000000,0.0000000000
5472.1960000000,0.0000000000
5472.2200000000,0.0000000000
5472.2460000000,0.0000000000
5472.2460000000,0.0000000000
5472.2690000000,0.0000000000
5472.2960000000,0.0000000000
5472.2970000000,0.0000000000
5472.3190000000,0.0000000000
5472.3460000000,0.0000000000
5472.3460000000,0.0000000000
5472.3700000000,0.0000000000
5472.3960000000,0.0000000000
5472.3970000000,0.0000000000
5472.4190000000,0.0000000000
5472.4460000000,0.0000000000
5472.4470000000,0.0000000000
5472.4690000000,0.0000000000
5472.4970000000,0.0000000000
5472.4980000000,0.0000000000
5472.5190000000,0.0000000000
5472.5460000000,0.0000000000
5472.5460000000,0.0000000000
5472.5690000000,0.0000000000
5472.5960000000,0.0000000000
5472.5960000000,0.0000000000
5472.6210000000,0.0000000000
5472.6470000000,0.0000000000
5472.6480000000,0.0000000000
5472.6700000000,0.0000000000
5472.6960000000,0.0000000000
5472.6960000000,0.0000000000
5472.7190000000,0.0000000000
5472.7470000000,0.0000000000
5472.7470000000,0.0000000000
5472.7700000000,0.0000000000
5472.7970000000,0.0000000000
5472.7970000000,0.0000000000
5472.8190000000,0.0000000000
5472.8460000000,0.0000000000
5472.8460000000,0.0000000000
5472.8690000000,0.0000000000
5472.8960000000,0.0000000000
5472.8960000000,0.0000000000
5472.9200000000,0.0000000000
5472.9460000000,0.0000000000
5472.9460000000,0.0000000000
5472.9690000000,0.0000000000
5472.9960000000,0.0000000000
5472.9960000000,0.0000000000
5473.0190000000,0.0000000000
5473.0470000000,0.0000000000
5473.0470000000,0.0000000000
5473.0700000000,0.0000000000
5473.0960000000,0.0000000000
5473.0960000000,0.0000000000
5473.1200000000,0.0000000000
5473.1460000000,0.0000000000
5473.1470000000,0.0000000000
5473.1690000000,0.0000000000
5473.1970000000,0.0000000000
5473.1970000000,0.0000000000
5473.2190000000,0.0000000000
5473.2460000000,0.0000000000
5473.2480000000,0.0000000000
5473.2690000000,0.0000000000
5473.2970000000,0.0000000000
5473.2970000000,0.0000000000
5473.3190000000,0.0000000000
5473.3460000000,0.0000000000
5473.3460000000,0.0000000000
5473.3690000000,0.0000000000
5473.3960000000,0.0000000000
5473.3960000000,0.0000000000
5473.4190000000,0.0000000000
5473.4460000000,0.0000000000
5473.4470000000,0.0000000000
5473.4690000000,0.0000000000
5473.4960000000,0.0000000000
5473.4970000000,0.0000000000
5473.5190000000,0.0000000000
5473.5460000000,0.0000000000
5473.5460000000,0.0000000000
5473.5690000000,0.0000000000
5473.5970000000,0.0000000000
5473.5970000000,0.0000000000
5473.6200000000,0.0000000000
5473.6460000000,0.0000000000
5473.6470000000,0.0000000000
5473.6700000000,0.0000000000
5473.6970000000,0.0000000000
5473.6970000000,0.0000000000
5473.7190000000,0.0000000000
5473.7460000000,0.0000000000
5473.7460000000,0.0000000000
5473.7690000000,0.0000000000
5473.7970000000,0.0000000000
5473.7970000000,0.0000000000
5473.8210000000,0.0000000000
5473.8460000000,0.0000000000
5473.8460000000,0.0000000000
5473.8700000000,0.0000000000
5473.8960000000,0.0000000000
5473.8960000000,0.0000000000
5473.9190000000,0.0000000000
5473.9470000000,0.0000000000
5473.9480000000,0.0000000000
5473.9700000000,0.0000000000
5473.9960000000,0.0000000000
5473.9960000000,0.0000000000
5474.0190000000,0.0000000000
5474.0460000000,0.0000000000
5474.0470000000,0.0000000000
5474.0700000000,0.0000000000
5474.0970000000,0.0000000000
5474.0970000000,0.0000000000
5474.1190000000,0.0000000000
5474.1460000000,0.0000000000
5474.1470000000,0.0000000000
5474.1690000000,0.0000000000
5474.1960000000,0.0000000000
5474.1960000000,0.0000000000
5474.2190000000,0.0000000000
5474.2460000000,0.0000000000
5474.2460000000,0.0000000000
5474.2690000000,0.0000000000
5474.2960000000,0.0000000000
5474.2970000000,0.0000000000
5474.3190000000,0.0000000000
5474.3460000000,0.0000000000
5474.3460000000,0.0000000000
5474.3690000000,0.0000000000
5474.3970000000,0.0000000000
5474.3970000000,0.0000000000
5474.4190000000,0.0000000000
5474.4460000000,0.0000000000
5474.4470000000,0.0000000000
5474.4700000000,0.0000000000
5474.4960000000,0.0000000000
5474.4960000000,0.0000000000
5474.5190000000,0.0000000000
5474.5460000000,0.0000000000
5474.5470000000,0.0000000000
5474.5690000000,0.0000000000
5474.5960000000,0.0000000000
5474.5960000000,0.0000000000
5474.6190000000,0.0000000000
5474.6460000000,0.0000000000
5474.6460000000,0.0000000000
5474.6700000000,0.0000000000
5474.6960000000,0.0000000000
5474.6960000000,0.0000000000
5474.7200000000,0.0000000000
5474.7460000000,0.0000000000
5474.7460000000,0.0000000000
5474.7700000000,0.0000000000
5474.7960000000,0.0000000000
5474.7970000000,0.0000000000
5474.8190000000,0.0000000000
5474.8460000000,0.0000000000
5474.8470000000,0.0000000000
5474.8690000000,0.0000000000
5474.8960000000,0.0000000000
5474.8960000000,0.0000000000
5474.9200000000,0.0000000000
5474.9460000000,0.0000000000
5474.9460000000,0.0000000000
5474.9690000000,0.0000000000
5474.9960000000,0.0000000000
5474.9970000000,0.0000000000
5475.0190000000,0.0000000000
5475.0460000000,0.0000000000
5475.0460000000,0.0000000000
5475.0720000000,0.0000000000
5475.0960000000,0.0000000000
5475.0960000000,0.0000000000
5475.1200000000,0.0000000000
5475.1460000000,0.0000000000
5475.1460000000,0.0000000000
5475.1690000000,0.0000000000
5475.1980000000,0.0000000000
5475.1980000000,0.0000000000
5475.2190000000,0.0000000000
5475.2470000000,0.0000000000
5475.2480000000,0.0000000000
5475.2690000000,0.0000000000
5475.2960000000,0.0000000000
5475.2960000000,0.0000000000
5475.3180000000,0.0000000000
5475.3460000000,0.0000000000
5475.3460000000,0.0000000000
5475.3690000000,0.0000000000
5475.3950000000,0.0000000000
5475.3970000000,0.0000000000
5475.4190000000,0.0000000000
5475.4460000000,0.0000000000
5475.4460000000,0.0000000000
5475.4690000000,0.0000000000
5475.4970000000,0.0000000000
5475.4970000000,0.0000000000
5475.5190000000,0.0000000000
5475.5470000000,0.0000000000
5475.5470000000,0.0000000000
5475.5690000000,0.0000000000
5475.5970000000,0.0000000000
5475.5970000000,0.0000000000
5475.6190000000,0.0000000000
5475.6460000000,0.0000000000
5475.6470000000,0.0000000000
5475.6690000000,0.0000000000
5475.6960000000,0.0000000000
5475.6970000000,0.0000000000
5475.7200000000,0.0000000000
5475.7470000000,0.0000000000
5475.7470000000,0.0000000000
5475.7700000000,0.0000000000
5475.7960000000,0.0000000000
5475.7960000000,0.0000000000
5475.8200000000,0.0000000000
5475.8460000000,0.0000000000
5475.8460000000,0.0000000000
5475.8690000000,0.0000000000
5475.8960000000,0.0000000000
5475.8960000000,0.0000000000
5475.9190000000,0.0000000000
5475.9460000000,0.0000000000
5475.9470000000,0.0000000000
5475.9690000000,0.0000000000
5475.9970000000,0.0000000000
5475.9970000000,0.0000000000
5476.0210000000,0.0000000000
5476.0460000000,0.0000000000
5476.0460000000,0.0000000000
5476.0690000000,0.0000000000
5476.0970000000,0.0000000000
5476.0970000000,0.0000000000
5476.1190000000,0.0000000000
5476.1460000000,0.0000000000
5476.1460000000,0.0000000000
5476.1700000000,0.0000000000
5476.1970000000,0.0000000000
5476.1980000000,0.0000000000
5476.2190000000,0.0000000000
5476.2460000000,0.0000000000
5476.2460000000,0.0000000000
5476.2690000000,0.0000000000
5476.2960000000,0.0000000000
5476.2970000000,0.0000000000
5476.3190000000,0.0000000000
5476.3460000000,0.0000000000
5476.3460000000,0.0000000000
5476.3690000000,0.0000000000
5476.3960000000,0.0000000000
5476.3960000000,0.0000000000
5476.4190000000,0.0000000000
5476.4460000000,0.0000000000
5476.4460000000,0.0000000000
5476.4700000000,0.0000000000
5476.4970000000,0.0000000000
5476.4970000000,0.0000000000
5476.5190000000,0.0000000000
5476.5460000000,0.0000000000
5476.5460000000,0.0000000000
5476.5690000000,0.0000000000
5476.5960000000,0.0000000000
5476.5960000000,0.0000000000
5476.6190000000,0.0000000000
5476.6460000000,0.0000000000
5476.6460000000,0.0000000000
5476.6690000000,0.0000000000
5476.6960000000,0.0000000000
5476.6970000000,0.0000000000
5476.7190000000,0.0000000000
5476.7460000000,0.0000000000
5476.7460000000,0.0000000000
5476.7700000000,0.0000000000
5476.7960000000,0.0000000000
5476.7970000000,0.0000000000
5476.8200000000,0.0000000000
5476.8470000000,0.0000000000
5476.8470000000,0.0000000000
5476.8700000000,0.0000000000
5476.8960000000,0.0000000000
5476.8960000000,0.0000000000
5476.9200000000,0.0000000000
5476.9460000000,0.0000000000
5476.9460000000,0.0000000000
5476.9690000000,0.0000000000
5476.9960000000,0.0000000000
5476.9960000000,0.0000000000
5477.0190000000,0.0000000000
5477.0460000000,0.0000000000
5477.0470000000,0.0000000000
5477.0690000000,0.0000000000
5477.0960000000,0.0000000000
5477.0960000000,0.0000000000
5477.1200000000,0.0000000000
5477.1460000000,0.0000000000
5477.1470000000,0.0000000000
5477.1690000000,0.0000000000
5477.1960000000,0.0000000000
5477.1970000000,0.0000000000
5477.2190000000,0.0000000000
5477.2460000000,0.0000000000
5477.2460000000,0.0000000000
5477.2700000000,0.0000000000
5477.2960000000,0.0000000000
5477.2960000000,0.0000000000
5477.3200000000,0.0000000000
5477.3460000000,0.0000000000
5477.3480000000,0.0000000000
5477.3700000000,0.0000000000
5477.3960000000,0.0000000000
5477.3960000000,0.0000000000
5477.4200000000,0.0000000000
5477.4460000000,0.0000000000
5477.4470000000,0.0000000000
5477.4690000000,0.0000000000
5477.4960000000,0.0000000000
5477.4960000000,0.0000000000
5477.5200000000,0.0000000000
5477.5460000000,0.0000000000
5477.5460000000,0.0000000000
5477.5690000000,0.0000000000
5477.5970000000,0.0000000000
5477.5970000000,0.0000000000
5477.6190000000,0.0000000000
5477.6460000000,0.0000000000
5477.6460000000,0.0000000000
5477.6690000000,0.0000000000
5477.6960000000,0.0000000000
5477.6960000000,0.0000000000
5477.7200000000,0.0000000000
5477.7460000000,0.0000000000
5477.7460000000,0.0000000000
5477.7700000000,0.0000000000
5477.7960000000,0.0000000000
5477.7960000000,0.0000000000
5477.8200000000,0.0000000000
5477.8470000000,0.0000000000
5477.8490000000,0.0000000000
5477.8690000000,0.0000000000
5477.8960000000,0.0000000000
5477.8980000000,0.0000000000
5477.9190000000,0.0000000000
5477.9460000000,0.0000000000
5477.9460000000,0.0000000000
5477.9700000000,0.0000000000
5477.9960000000,0.0000000000
5477.9960000000,0.0000000000
5478.0200000000,0.0000000000
5478.0460000000,0.0000000000
5478.0470000000,0.0000000000
5478.0690000000,0.0000000000
5478.0960000000,0.0000000000
5478.0960000000,0.0000000000
5478.1190000000,0.0000000000
5478.1460000000,0.0000000000
5478.1470000000,0.0000000000
5478.1690000000,0.0000000000
5478.1970000000,0.0000000000
5478.1970000000,0.0000000000
5478.2200000000,0.0000000000
5478.2470000000,0.0000000000
5478.2470000000,0.0000000000
5478.2690000000,0.0000000000
5478.2960000000,0.0000000000
5478.2960000000,0.0000000000
5478.3200000000,0.0000000000
5478.3470000000,0.0000000000
5478.3470000000,0.0000000000
5478.3690000000,0.0000000000
5478.3960000000,0.0000000000
5478.3960000000,0.0000000000
5478.4190000000,0.0000000000
5478.4460000000,0.0000000000
5478.4480000000,0.0000000000
5478.4690000000,0.0000000000
5478.4970000000,0.0000000000
5478.4970000000,0.0000000000
5478.5190000000,0.0000000000
5478.5460000000,0.0000000000
5478.5470000000,0.0000000000
5478.5700000000,0.0000000000
5478.5970000000,0.0000000000
5478.5970000000,0.0000000000
5478.6190000000,0.0000000000
5478.6460000000,0.0000000000
5478.6460000000,0.0000000000
5478.6690000000,0.0000000000
5478.6970000000,0.0000000000
5478.6970000000,0.0000000000
5478.7200000000,0.0000000000
5478.7470000000,0.0000000000
5478.7470000000,0.0000000000
5478.7690000000,0.0000000000
5478.7960000000,0.0000000000
5478.7960000000,0.0000000000
5478.8190000000,0.0000000000
5478.8460000000,0.0000000000
5478.8460000000,0.0000000000
5478.8690000000,0.0000000000
5478.8960000000,0.0000000000
5478.8970000000,0.0000000000
5478.9190000000,0.0000000000
5478.9460000000,0.0000000000
5478.9460000000,0.0000000000
5478.9690000000,0.0000000000
5478.9960000000,0.0000000000
5478.9960000000,0.0000000000
5479.0190000000,0.0000000000
5479.0460000000,0.0000000000
5479.0460000000,0.0000000000
5479.0690000000,0.0000000000
5479.0960000000,0.0000000000
5479.0970000000,0.0000000000
5479.1200000000,0.0000000000
5479.1470000000,0.0000000000
5479.1480000000,0.0000000000
5479.1690000000,0.0000000000
5479.1970000000,0.0000000000
5479.1980000000,0.0000000000
5479.2190000000,0.0000000000
5479.2460000000,0.0000000000
5479.2470000000,0.0000000000
5479.2690000000,0.0000000000
5479.2960000000,0.0000000000
5479.2960000000,0.0000000000
5479.3190000000,0.0000000000
5479.3460000000,0.0000000000
5479.3460000000,0.0000000000
5479.3690000000,0.0000000000
5479.3960000000,0.0000000000
5479.3960000000,0.0000000000
5479.4200000000,0.0000000000
5479.4460000000,0.0000000000
5479.4460000000,0.0000000000
5479.4700000000,0.0000000000
5479.4950000000,0.0000000000
5479.4980000000,0.0000000000
5479.5190000000,0.0000000000
5479.5460000000,0.0000000000
5479.5470000000,0.0000000000
5479.5690000000,0.0000000000
5479.5960000000,0.0000000000
5479.5970000000,0.0000000000
5479.6190000000,0.0000000000
5479.6470000000,0.0000000000
5479.6470000000,0.0000000000
5479.6690000000,0.0000000000
5479.6960000000,0.0000000000
5479.6960000000,0.0000000000
5479.7200000000,0.0000000000
5479.7460000000,0.0000000000
5479.7470000000,0.0000000000
5479.7700000000,0.0000000000
5479.7960000000,0.0000000000
5479.7960000000,0.0000000000
5479.8190000000,0.0000000000
5479.8460000000,0.0000000000
5479.8460000000,0.0000000000
5479.8690000000,0.0000000000
5479.8960000000,0.0000000000
5479.8980000000,0.0000000000
5479.9190000000,0.0000000000
5479.9460000000,0.0000000000
5479.9460000000,0.0000000000
5479.9690000000,0.0000000000
5479.9960000000,0.0000000000
5479.9960000000,0.0000000000
5480.0200000000,0.0000000000
5480.0460000000,0.0000000000
5480.0480000000,0.0000000000
5480.0690000000,0.0000000000
5480.0960000000,0.0000000000
5480.0970000000,0.0000000000
5480.1190000000,0.0000000000
5480.1460000000,0.0000000000
5480.1460000000,0.0000000000
5480.1690000000,0.0000000000
5480.1960000000,0.0000000000
5480.1960000000,0.0000000000
5480.2200000000,0.0000000000
5480.2460000000,0.0000000000
5480.2460000000,0.0000000000
5480.2690000000,0.0000000000
5480.2960000000,0.0000000000
5480.2970000000,0.0000000000
5480.3190000000,0.0000000000
5480.3460000000,0.0000000000
5480.3460000000,0.0000000000
5480.3690000000,0.0000000000
5480.3960000000,0.0000000000
5480.3960000000,0.0000000000
5480.4190000000,0.0000000000
5480.4470000000,0.0000000000
5480.4470000000,0.0000000000
5480.4700000000,0.0000000000
5480.4960000000,0.0000000000
5480.4970000000,0.0000000000
5480.5190000000,0.0000000000
5480.5460000000,0.0000000000
5480.5470000000,0.0000000000
5480.5690000000,0.0000000000
5480.5970000000,0.0000000000
5480.5970000000,0.0000000000
5480.6200000000,0.0000000000
5480.6460000000,0.0000000000
5480.6470000000,0.0000000000
5480.6700000000,0.0000000000
5480.6950000000,0.0000000000
5480.6970000000,0.0000000000
5480.7190000000,0.0000000000
5480.7460000000,0.0000000000
5480.7460000000,0.0000000000
5480.7690000000,0.0000000000
5480.7960000000,0.0000000000
5480.7960000000,0.0000000000
5480.8190000000,0.0000000000
5480.8460000000,0.0000000000
5480.8470000000,0.0000000000
5480.8700000000,0.0000000000
5480.8970000000,0.0000000000
5480.8970000000,0.0000000000
5480.9190000000,0.0000000000
5480.9460000000,0.0000000000
5480.9470000000,0.0000000000
5480.9700000000,0.0000000000
5480.9960000000,0.0000000000
5480.9970000000,0.0000000000
5481.0200000000,0.0000000000
5481.0460000000,0.0000000000
5481.0460000000,0.0000000000
5481.0690000000,0.0000000000
5481.0960000000,0.0000000000
5481.0970000000,0.0000000000
5481.1190000000,0.0000000000
5481.1460000000,0.0000000000
5481.1460000000,0.0000000000
5481.1690000000,0.0000000000
5481.1960000000,0.0000000000
5481.1960000000,0.0000000000
5481.2200000000,0.0000000000
5481.2460000000,0.0000000000
5481.2460000000,0.0000000000
5481.2700000000,0.0000000000
5481.2960000000,0.0000000000
5481.2960000000,0.0000000000
5481.3200000000,0.0000000000
5481.3480000000,0.0000000000
5481.3480000000,0.0000000000
5481.3690000000,0.0000000000
5481.3960000000,0.0000000000
5481.3970000000,0.0000000000
5481.4200000000,0.0000000000
5481.4460000000,0.0000000000
5481.4460000000,0.0000000000
5481.4700000000,0.0000000000
5481.4960000000,0.0000000000
5481.4960000000,0.0000000000
5481.5190000000,0.0000000000
5481.5470000000,0.0000000000
5481.5470000000,0.0000000000
5481.5710000000,0.0000000000
5481.5960000000,0.0000000000
5481.5960000000,0.0000000000
5481.6200000000,0.0000000000
5481.6460000000,0.0000000000
5481.6470000000,0.0000000000
5481.6690000000,0.0000000000
5481.6960000000,0.0000000000
5481.6960000000,0.0000000000
5481.7200000000,0.0000000000
5481.7470000000,0.0000000000
5481.7470000000,0.0000000000
5481.7690000000,0.0000000000
5481.7960000000,0.0000000000
5481.7970000000,0.0000000000
5481.8190000000,0.0000000000
5481.8470000000,0.0000000000
5481.8470000000,0.0000000000
5481.8690000000,0.0000000000
5481.8960000000,0.0000000000
5481.8970000000,0.0000000000
5481.9190000000,0.0000000000
5481.9470000000,0.0000000000
5481.9470000000,0.0000000000
5481.9690000000,0.0000000000
5481.9960000000,0.0000000000
5481.9960000000,0.0000000000
5482.0190000000,0.0000000000
5482.0460000000,0.0000000000
5482.0460000000,0.0000000000
5482.0690000000,0.0000000000
5482.0960000000,0.0000000000
5482.0960000000,0.0000000000
5482.1200000000,0.0000000000
5482.1470000000,0.0000000000
5482.1470000000,0.0000000000
5482.1690000000,0.0000000000
5482.1960000000,0.0000000000
5482.1970000000,0.0000000000
5482.2190000000,0.0000000000
5482.2460000000,0.0000000000
5482.2460000000,0.0000000000
5482.2700000000,0.0000000000
5482.2960000000,0.0000000000
5482.2960000000,0.0000000000
5482.3200000000,0.0000000000
5482.3470000000,0.0000000000
5482.3480000000,0.0000000000
5482.3690000000,0.0000000000
5482.3960000000,0.0000000000
5482.3960000000,0.0000000000
5482.4190000000,0.0000000000
5482.4460000000,0.0000000000
5482.4460000000,0.0000000000
5482.4700000000,0.0000000000
5482.4960000000,0.0000000000
5482.4970000000,0.0000000000
5482.5190000000,0.0000000000
5482.5470000000,0.0000000000
5482.5480000000,0.0000000000
5482.5700000000,0.0000000000
5482.5960000000,0.0000000000
5482.5960000000,0.0000000000
5482.6200000000,0.0000000000
5482.6460000000,0.0000000000
5482.6460000000,0.0000000000
5482.6700000000,0.0000000000
5482.6960000000,0.0000000000
5482.6960000000,0.0000000000
5482.7190000000,0.0000000000
5482.7460000000,0.0000000000
5482.7470000000,0.0000000000
5482.7690000000,0.0000000000
5482.7960000000,0.0000000000
5482.7970000000,0.0000000000
5482.8190000000,0.0000000000
5482.8470000000,0.0000000000
5482.8470000000,0.0000000000
5482.8690000000,0.0000000000
5482.8960000000,0.0000000000
5482.8960000000,0.0000000000
5482.9190000000,0.0000000000
5482.9470000000,0.0000000000
5482.9470000000,0.0000000000
5482.9700000000,0.0000000000
5482.9960000000,0.0000000000
5482.9980000000,0.0000000000
5483.0200000000,0.0000000000
5483.0460000000,0.0000000000
5483.0460000000,0.0000000000
5483.0710000000,0.0000000000
5483.0960000000,0.0000000000
5483.0960000000,0.0000000000
5483.1220000000,0.0000000000
5483.1470000000,0.0000000000
5483.1470000000,0.0000000000
5483.1710000000,0.0000000000
5483.1970000000,0.0000000000
5483.1970000000,0.0000000000
5483.2190000000,0.0000000000
5483.2460000000,0.0000000000
5483.2460000000,0.0000000000
5483.2690000000,0.0000000000
5483.2960000000,0.0000000000
5483.2960000000,0.0000000000
5483.3190000000,0.0000000000
5483.3460000000,0.0000000000
5483.3460000000,0.0000000000
5483.3690000000,0.0000000000
5483.3970000000,0.0000000000
5483.3970000000,0.0000000000
5483.4190000000,0.0000000000
5483.4460000000,0.0000000000
5483.4460000000,0.0000000000
5483.4700000000,0.0000000000
5483.4960000000,0.0000000000
5483.4960000000,0.0000000000
5483.5190000000,0.0000000000
5483.5460000000,0.0000000000
5483.5460000000,0.0000000000
5483.5700000000,0.0000000000
5483.5960000000,0.0000000000
5483.5960000000,0.0000000000
5483.6200000000,0.0000000000
5483.6460000000,0.0000000000
5483.6460000000,0.0000000000
5483.6690000000,0.0000000000
5483.6960000000,0.0000000000
5483.6970000000,0.0000000000
5483.7190000000,0.0000000000
5483.7460000000,0.0000000000
5483.7470000000,0.0000000000
5483.7690000000,0.0000000000
5483.7960000000,0.0000000000
5483.7970000000,0.0000000000
5483.8190000000,0.0000000000
5483.8460000000,0.0000000000
5483.8460000000,0.0000000000
5483.8690000000,0.0000000000
5483.8970000000,0.0000000000
5483.8970000000,0.0000000000
5483.9190000000,0.0000000000
5483.9460000000,0.0000000000
5483.9470000000,0.0000000000
5483.9700000000,0.0000000000
5483.9970000000,0.0000000000
5483.9970000000,0.0000000000
5484.0190000000,0.0000000000
5484.0470000000,0.0000000000
5484.0470000000,0.0000000000
5484.0690000000,0.0000000000
5484.0980000000,0.0000000000
5484.0990000000,0.0000000000
5484.1190000000,0.0000000000
5484.1460000000,0.0000000000
5484.1460000000,0.0000000000
5484.1710000000,0.0000000000
5484.1960000000,0.0000000000
5484.1960000000,0.0000000000
5484.2190000000,0.0000000000
5484.2480000000,0.0000000000
5484.2480000000,0.0000000000
5484.2690000000,0.0000000000
5484.2970000000,0.0000000000
5484.2970000000,0.0000000000
5484.3190000000,0.0000000000
5484.3470000000,0.0000000000
5484.3470000000,0.0000000000
5484.3700000000,0.0000000000
5484.3960000000,0.0000000000
5484.3960000000,0.0000000000
5484.4200000000,0.0000000000
5484.4460000000,0.0000000000
5484.4470000000,0.0000000000
5484.4700000000,0.0000000000
5484.4960000000,0.0000000000
5484.4980000000,0.0000000000
5484.5200000000,0.0000000000
5484.5460000000,0.0000000000
5484.5460000000,0.0000000000
5484.5700000000,0.0000000000
5484.5960000000,0.0000000000
5484.5960000000,0.0000000000
5484.6200000000,0.0000000000
5484.6460000000,0.0000000000
5484.6480000000,0.0000000000
5484.6690000000,0.0000000000
5484.6970000000,0.0000000000
5484.6970000000,0.0000000000
5484.7190000000,0.0000000000
5484.7460000000,0.0000000000
5484.7460000000,0.0000000000
5484.7700000000,0.0000000000
5484.7960000000,0.0000000000
5484.7970000000,0.0000000000
5484.8200000000,0.0000000000
5484.8470000000,0.0000000000
5484.8470000000,0.0000000000
5484.8690000000,0.0000000000
5484.8960000000,0.0000000000
5484.8970000000,0.0000000000
5484.9180000000,0.0000000000
5484.9460000000,0.0000000000
5484.9460000000,0.0000000000
5484.9690000000,0.0000000000
5484.9970000000,0.0000000000
5484.9980000000,0.0000000000
5485.0190000000,0.0000000000
5485.0460000000,0.0000000000
5485.0460000000,0.0000000000
5485.0690000000,0.0000000000
5485.0960000000,0.0000000000
5485.0960000000,0.0000000000
5485.1190000000,0.0000000000
5485.1470000000,0.0000000000
5485.1480000000,0.0000000000
5485.1690000000,0.0000000000
5485.1960000000,0.0000000000
5485.1960000000,0.0000000000
5485.2200000000,0.0000000000
5485.2460000000,0.0000000000
5485.2460000000,0.0000000000
5485.2700000000,0.0000000000
5485.2960000000,0.0000000000
5485.2960000000,0.0000000000
5485.3200000000,0.0000000000
5485.3470000000,0.0000000000
5485.3470000000,0.0000000000
5485.3690000000,0.0000000000
5485.3960000000,0.0000000000
5485.3960000000,0.0000000000
5485.4190000000,0.0000000000
5485.4460000000,0.0000000000
5485.4460000000,0.0000000000
5485.4690000000,0.0000000000
5485.4960000000,0.0000000000
5485.4970000000,0.0000000000
5485.5190000000,0.0000000000
5485.5460000000,0.0000000000
5485.5470000000,0.0000000000
5485.5690000000,0.0000000000
5485.5960000000,0.0000000000
5485.5960000000,0.0000000000
5485.6210000000,0.0000000000
5485.6470000000,0.0000000000
5485.6470000000,0.0000000000
5485.6690000000,0.0000000000
5485.6970000000,0.0000000000
5485.6970000000,0.0000000000
5485.7190000000,0.0000000000
5485.7460000000,0.0000000000
5485.7460000000,0.0000000000
5485.7690000000,0.0000000000
5485.7960000000,0.0000000000
5485.7960000000,0.0000000000
5485.8190000000,0.0000000000
5485.8460000000,0.0000000000
5485.8470000000,0.0000000000
5485.8700000000,0.0000000000
5485.8960000000,0.0000000000
5485.8990000000,0.0000000000
5485.9190000000,0.0000000000
5485.9460000000,0.0000000000
5485.9470000000,0.0000000000
5485.9690000000,0.0000000000
5485.9960000000,0.0000000000
5485.9970000000,0.0000000000
5486.0210000000,0.0000000000
5486.0470000000,0.0000000000
5486.0470000000,0.0000000000
5486.0690000000,0.0000000000
5486.0970000000,0.0000000000
5486.0970000000,0.0000000000
5486.1200000000,0.0000000000
5486.1460000000,0.0000000000
5486.1460000000,0.0000000000
5486.1690000000,0.0000000000
5486.1960000000,0.0000000000
5486.1960000000,0.0000000000
5486.2200000000,0.0000000000
5486.2460000000,0.0000000000
5486.2470000000,0.0000000000
5486.2690000000,0.0000000000
5486.2960000000,0.0000000000
5486.2960000000,0.0000000000
5486.3190000000,0.0000000000
5486.3460000000,0.0000000000
5486.3460000000,0.0000000000
5486.3690000000,0.0000000000
5486.3960000000,0.0000000000
5486.3970000000,0.0000000000
5486.4190000000,0.0000000000
5486.4460000000,0.0000000000
5486.4460000000,0.0000000000
5486.4690000000,0.0000000000
5486.4960000000,0.0000000000
5486.4960000000,0.0000000000
5486.5190000000,0.0000000000
5486.5460000000,0.0000000000
5486.5470000000,0.0000000000
5486.5690000000,0.0000000000
5486.5960000000,0.0000000000
5486.5960000000,0.0000000000
5486.6190000000,0.0000000000
5486.6460000000,0.0000000000
5486.6470000000,0.0000000000
5486.6700000000,0.0000000000
5486.6970000000,0.0000000000
5486.6970000000,0.0000000000
5486.7190000000,0.0000000000
5486.7460000000,0.0000000000
5486.7460000000,0.0000000000
5486.7700000000,0.0000000000
5486.7960000000,0.0000000000
5486.7960000000,0.0000000000
5486.8200000000,0.0000000000
5486.8460000000,0.0000000000
5486.8460000000,0.0000000000
5486.8690000000,0.0000000000
5486.8960000000,0.0000000000
5486.8970000000,0.0000000000
5486.9190000000,0.0000000000
5486.9460000000,0.0000000000
5486.9460000000,0.0000000000
5486.9700000000,0.0000000000
5486.9980000000,0.0000000000
5486.9980000000,0.0000000000
5487.0190000000,0.0000000000
5487.0460000000,0.0000000000
5487.0460000000,0.0000000000
5487.0710000000,0.0000000000
5487.0960000000,0.0000000000
5487.0960000000,0.0000000000
5487.1200000000,0.0000000000
5487.1460000000,0.0000000000
5487.1460000000,0.0000000000
5487.1690000000,0.0000000000
5487.1960000000,0.0000000000
5487.1980000000,0.0000000000
5487.2190000000,0.0000000000
5487.2460000000,0.0000000000
5487.2460000000,0.0000000000
5487.2690000000,0.0000000000
5487.2960000000,0.0000000000
5487.2970000000,0.0000000000
5487.3190000000,0.0000000000
5487.3460000000,0.0000000000
5487.3460000000,0.0000000000
5487.3700000000,0.0000000000
5487.3970000000,0.0000000000
5487.3970000000,0.0000000000
5487.4190000000,0.0000000000
5487.4470000000,0.0000000000
5487.4470000000,0.0000000000
5487.4690000000,0.0000000000
5487.4960000000,0.0000000000
5487.4960000000,0.0000000000
5487.5200000000,0.0000000000
5487.5460000000,0.0000000000
5487.5460000000,0.0000000000
5487.5700000000,0.0000000000
5487.5960000000,0.0000000000
5487.5960000000,0.0000000000
5487.6200000000,0.0000000000
5487.6460000000,0.0000000000
5487.6460000000,0.0000000000
5487.6690000000,0.0000000000
5487.6970000000,0.0000000000
5487.6970000000,0.0000000000
5487.7200000000,0.0000000000
5487.7460000000,0.0000000000
5487.7460000000,0.0000000000
5487.7690000000,0.0000000000
5487.7960000000,0.0000000000
5487.7960000000,0.0000000000
5487.8190000000,0.0000000000
5487.8470000000,0.0000000000
5487.8470000000,0.0000000000
5487.8690000000,0.0000000000
5487.8960000000,0.0000000000
5487.8960000000,0.0000000000
5487.9190000000,0.0000000000
5487.9460000000,0.0000000000
5487.9460000000,0.0000000000
5487.9700000000,0.0000000000
5487.9970000000,0.0000000000
5487.9970000000,0.0000000000
5488.0190000000,0.0000000000
5488.0460000000,0.0000000000
5488.0480000000,0.0000000000
5488.0690000000,0.0000000000
5488.0970000000,0.0000000000
5488.0980000000,0.0000000000
5488.1200000000,0.0000000000
5488.1460000000,0.0000000000
5488.1460000000,0.0000000000
5488.1700000000,0.0000000000
5488.1960000000,0.0000000000
5488.1960000000,0.0000000000
5488.2200000000,0.0000000000
5488.2460000000,0.0000000000
5488.2460000000,0.0000000000
5488.2690000000,0.0000000000
5488.2960000000,0.0000000000
5488.2960000000,0.0000000000
5488.3200000000,0.0000000000
5488.3450000000,0.0000000000
5488.3480000000,0.0000000000
5488.3690000000,0.0000000000
5488.3960000000,0.0000000000
5488.3960000000,0.0000000000
5488.4200000000,0.0000000000
5488.4470000000,0.0000000000
5488.4470000000,0.0000000000
5488.4690000000,0.0000000000
5488.4970000000,0.0000000000
5488.4970000000,0.0000000000
5488.5190000000,0.0000000000
5488.5470000000,0.0000000000
5488.5470000000,0.0000000000
5488.5690000000,0.0000000000
5488.5970000000,0.0000000000
5488.5970000000,0.0000000000
5488.6200000000,0.0000000000
5488.6460000000,0.0000000000
5488.6460000000,0.0000000000
5488.6700000000,0.0000000000
5488.6960000000,0.0000000000
5488.6960000000,0.0000000000
5488.7190000000,0.0000000000
5488.7460000000,0.0000000000
5488.7470000000,0.0000000000
5488.7690000000,0.0000000000
5488.7960000000,0.0000000000
5488.7960000000,0.0000000000
5488.8200000000,0.0000000000
5488.8460000000,0.0000000000
5488.8460000000,0.0000000000
5488.8690000000,0.0000000000
5488.8960000000,0.0000000000
5488.8960000000,0.0000000000
5488.9200000000,0.0000000000
5488.9460000000,0.0000000000
5488.9460000000,0.0000000000
5488.9690000000,0.0000000000
5488.9960000000,0.0000000000
5488.9970000000,0.0000000000
5489.0190000000,0.0000000000
5489.0460000000,0.0000000000
5489.0460000000,0.0000000000
5489.0700000000,0.0000000000
5489.0960000000,0.0000000000
5489.0960000000,0.0000000000
5489.1190000000,0.0000000000
5489.1460000000,0.0000000000
5489.1460000000,0.0000000000
5489.1690000000,0.0000000000
5489.1960000000,0.0000000000
5489.1960000000,0.0000000000
5489.2200000000,0.0000000000
5489.2470000000,0.0000000000
5489.2480000000,0.0000000000
5489.2690000000,0.0000000000
5489.2970000000,0.0000000000
5489.2980000000,0.0000000000
5489.3190000000,0.0000000000
5489.3470000000,0.0000000000
5489.3470000000,0.0000000000
5489.3690000000,0.0000000000
5489.3960000000,0.0000000000
5489.3960000000,0.0000000000
5489.4190000000,0.0000000000
5489.4460000000,0.0000000000
5489.4460000000,0.0000000000
5489.4700000000,0.0000000000
5489.4960000000,0.0000000000
5489.4960000000,0.0000000000
5489.5190000000,0.0000000000
5489.5470000000,0.0000000000
5489.5470000000,0.0000000000
5489.5700000000,0.0000000000
5489.5970000000,0.0000000000
5489.5970000000,0.0000000000
5489.6190000000,0.0000000000
5489.6460000000,0.0000000000
5489.6460000000,0.0000000000
5489.6690000000,0.0000000000
5489.6960000000,0.0000000000
5489.6960000000,0.0000000000
5489.7190000000,0.0000008367
5489.7460000000,0.0000008367
5489.7460000000,0.0000008367
5489.7690000000,0.0000011250
5489.7960000000,0.0000011250
5489.7970000000,0.0000011250
5489.8190000000,0.0000014131
5489.8460000000,0.0000014131
5489.8470000000,0.0000014131
5489.8690000000,0.0000017009
5489.8960000000,0.0000017009
5489.8960000000,0.0000017009
5489.9200000000,0.0000019886
5489.9460000000,0.0000019886
5489.9460000000,0.0000019886
5489.9690000000,0.0000022347
5489.9960000000,0.0000022347
5489.9960000000,0.0000022760
5490.0190000000,0.0000024054
5490.0460000000,0.0000025632
5490.0480000000,0.0000025632
5490.0690000000,0.0000028503
5490.0960000000,0.0000028503
5490.0960000000,0.0000028503
5490.1190000000,0.0000031370
5490.1470000000,0.0000031370
5490.1470000000,0.0000031370
5490.1690000000,0.0000034236
5490.1970000000,0.0000034236
5490.1970000000,0.0000034236
5490.2200000000,0.0000037099
5490.2460000000,0.0000037099
5490.2460000000,0.0000037099
5490.2690000000,0.0000039959
5490.2960000000,0.0000039959
5490.2970000000,0.0000039959
5490.3190000000,0.0000042818
5490.3460000000,0.0000042818
5490.3460000000,0.0000042818
5490.3700000000,0.0000045675
5490.3970000000,0.0000045675
5490.3970000000,0.0000045675
5490.4190000000,0.0000048531
5490.4460000000,0.0000048531
5490.4480000000,0.0000048531
5490.4690000000,0.0000051314
5490.4960000000,0.0000051385
5490.4960000000,0.0000051385
5490.5190000000,0.0000053818
5490.5460000000,0.0000053818
5490.5460000000,0.0000054237
5490.5720000000,0.0000056320
5490.5960000000,0.0000057088
5490.5960000000,0.0000057088
5490.6190000000,0.0000059936
5490.6460000000,0.0000059936
5490.6470000000,0.0000059936
5490.6690000000,0.0000062783
5490.6960000000,0.0000062783
5490.6980000000,0.0000062783
5490.7190000000,0.0000065627
5490.7460000000,0.0000065627
5490.7460000000,0.0000065627
5490.7690000000,0.0000068468
5490.7970000000,0.0000068468
5490.7970000000,0.0000068468
5490.8210000000,0.0000071307
5490.8470000000,0.0000071307
5490.8470000000,0.0000071307
5490.8690000000,0.0000074050
5490.8960000000,0.0000074144
5490.8980000000,0.0000074144
5490.9190000000,0.0000076540
5490.9460000000,0.0000076540
5490.9460000000,0.0000076979
5490.9700000000,0.0000079028
5490.9960000000,0.0000079812
5490.9960000000,0.0000079812
5491.0190000000,0.0000082644
5491.0470000000,0.0000082644
5491.0470000000,0.0000082644
5491.0690000000,0.0000085475
5491.0960000000,0.0000085475
5491.0960000000,0.0000085475
5491.1190000000,0.0000088304
5491.1460000000,0.0000088304
5491.1460000000,0.0000088304
5491.1690000000,0.0000091131
5491.1960000000,0.0000091131
5491.1960000000,0.0000091131
5491.2200000000,0.0000093912
5491.2460000000,0.0000093957
5491.2460000000,0.0000093957
5491.2700000000,0.0000096387
5491.2960000000,0.0000096780
5491.2960000000,0.0000096780
5491.3200000000,0.0000098861
5491.3460000000,0.0000098861
5491.3480000000,0.0000099602
5491.3690000000,0.0000101333
5491.3960000000,0.0000102422
5491.3970000000,0.0000102422
5491.4190000000,0.0000105240
5491.4460000000,0.0000105240
5491.4460000000,0.0000105240
5491.4690000000,0.0000108056
5491.4970000000,0.0000108056
5491.4970000000,0.0000108056
5491.5190000000,0.0000110870
5491.5460000000,0.0000110870
5491.5470000000,0.0000110870
5491.5690000000,0.0000113432
5491.5960000000,0.0000113683
5491.5960000000,0.0000113683
5491.6200000000,0.0000115895
5491.6460000000,0.0000116494
5491.6480000000,0.0000116494
5491.6700000000,0.0000118356
5491.6960000000,0.0000118356
5491.6960000000,0.0000119303
5491.7190000000,0.0000120815
5491.7460000000,0.0000122110
5491.7460000000,0.0000122110
5491.7700000000,0.0000124915
5491.7960000000,0.0000124915
5491.7960000000,0.0000124915
5491.8190000000,0.0000127719
5491.8460000000,0.0000127719
5491.8470000000,0.0000127719
5491.8690000000,0.0000130184
5491.8960000000,0.0000130184
5491.8960000000,0.0000130520
5491.9190000000,0.0000132635
5491.9460000000,0.0000133318
5491.9460000000,0.0000133318
5491.9690000000,0.0000136115
5491.9960000000,0.0000136115
5491.9960000000,0.0000136115
5492.0200000000,0.0000138909
5492.0460000000,0.0000138909
5492.0460000000,0.0000138909
5492.0690000000,0.0000141702
5492.0960000000,0.0000141702
5492.0970000000,0.0000141702
5492.1190000000,0.0000144225
5492.1460000000,0.0000144225
5492.1460000000,0.0000144494
5492.1690000000,0.0000146668
5492.1960000000,0.0000147284
5492.1970000000,0.0000147284
5492.2190000000,0.0000150072
5492.2470000000,0.0000150072
5492.2470000000,0.0000150072
5492.2690000000,0.0000152858
5492.2960000000,0.0000152858
5492.2960000000,0.0000152858
5492.3190000000,0.0000155607
5492.3460000000,0.0000155642
5492.3470000000,0.0000155642
5492.3690000000,0.0000158042
5492.3960000000,0.0000158424
5492.3970000000,0.0000158424
5492.4190000000,0.0000160475
5492.4470000000,0.0000160475
5492.4470000000,0.0000161203
5492.4700000000,0.0000162905
5492.4960000000,0.0000163981
5492.4970000000,0.0000163981
5492.5190000000,0.0000166757
5492.5470000000,0.0000166757
5492.5470000000,0.0000166757
5492.5690000000,0.0000169222
5492.5960000000,0.0000169532
5492.5980000000,0.0000169532
5492.6190000000,0.0000171646
5492.6460000000,0.0000171646
5492.6460000000,0.0000172305
5492.6690000000,0.0000174069
5492.6960000000,0.0000175076
5492.6970000000,0.0000175076
5492.7190000000,0.0000177805
5492.7460000000,0.0000177805
5492.7470000000,0.0000177844
5492.7690000000,0.0000180224
5492.7970000000,0.0000180611
5492.7980000000,0.0000180611
5492.8190000000,0.0000183375
5492.8460000000,0.0000183375
5492.8460000000,0.0000183375
5492.8710000000,0.0000186137
5492.8960000000,0.0000186137
5492.8960000000,0.0000186137
5492.9210000000,0.0000188656
5492.9460000000,0.0000188656
5492.9470000000,0.0000188897
5492.9690000000,0.0000191069
5492.9960000000,0.0000191656
5492.9960000000,0.0000191656
5493.0190000000,0.0000193480
5493.0460000000,0.0000193480
5493.0460000000,0.0000194413
5493.0690000000,0.0000195888
5493.0960000000,0.0000196953
5493.0970000000,0.0000197169
5493.1190000000,0.0000199360
5493.1480000000,0.0000199924
5493.1480000000,0.0000199924
5493.1690000000,0.0000201765
5493.1960000000,0.0000201765
5493.1970000000,0.0000202676
5493.2190000000,0.0000204168
5493.2460000000,0.0000205127
5493.2460000000,0.0000205427
5493.2690000000,0.0000207528
5493.2960000000,0.0000207528
5493.2960000000,0.0000208176
5493.3190000000,0.0000209926
5493.3460000000,0.0000210923
5493.3470000000,0.0000210923
5493.3690000000,0.0000213186
5493.3960000000,0.0000213186
5493.3960000000,0.0000213667
5493.4190000000,0.0000215580
5493.4470000000,0.0000216357
5493.4470000000,0.0000216409
5493.4690000000,0.0000218750
5493.4960000000,0.0000219150
5493.4960000000,0.0000219150
5493.5200000000,0.0000221141
5493.5460000000,0.0000221889
5493.5460000000,0.0000221889
5493.5690000000,0.0000223531
5493.5960000000,0.0000224627
5493.5960000000,0.0000224627
5493.6190000000,0.0000225920
5493.6460000000,0.0000225920
5493.6460000000,0.0000227363
5493.6690000000,0.0000228306
5493.6970000000,0.0000230097
5493.6970000000,0.0000230097
5493.7190000000,0.0000231390
5493.7460000000,0.0000231390
5493.7470000000,0.0000232829
5493.7710000000,0.0000233773
5493.7970000000,0.0000235559
5493.7970000000,0.0000235559
5493.8200000000,0.0000236783
5493.8460000000,0.0000236783
5493.8460000000,0.0000238286
5493.8690000000,0.0000239162
5493.8960000000,0.0000239728
5493.8960000000,0.0000241012
5493.9190000000,0.0000242105
5493.9460000000,0.0000242105
5493.9460000000,0.0000243735
5493.9700000000,0.0000244480
5493.9960000000,0.0000246458
5493.9970000000,0.0000246458
5494.0190000000,0.0000247363
5494.0460000000,0.0000247363
5494.0470000000,0.0000249178
5494.0700000000,0.0000249734
5494.0960000000,0.0000251897
5494.0960000000,0.0000251897
5494.1190000000,0.0000252561
5494.1460000000,0.0000252561
5494.1460000000,0.0000254614
5494.1690000000,0.0000254928
5494.1960000000,0.0000255341
5494.1960000000,0.0000257329
5494.2190000000,0.0000257706
5494.2470000000,0.0000257706
5494.2470000000,0.0000260041
5494.2690000000,0.0000260069
5494.2960000000,0.0000260441
5494.2960000000,0.0000262751
5494.3210000000,0.0000262802
5494.3460000000,0.0000262802
5494.3460000000,0.0000265163
5494.3690000000,0.0000265163
5494.3960000000,0.0000265497
5494.3960000000,0.0000267855
5494.4190000000,0.0000269813
5494.4470000000,0.0000270871
5494.4480000000,0.0000270871
5494.4690000000,0.0000272453
5494.4980000000,0.0000273575
5494.4990000000,0.0000273575
5494.5190000000,0.0000275091
5494.5460000000,0.0000276277
5494.5470000000,0.0000276277
5494.5690000000,0.0000277727
5494.5960000000,0.0000277727
5494.5970000000,0.0000278977
5494.6200000000,0.0000280362
5494.6460000000,0.0000280697
5494.6470000000,0.0000281675
5494.6690000000,0.0000283330
5494.6960000000,0.0000284370
5494.6970000000,0.0000284370
5494.7200000000,0.0000285960
5494.7460000000,0.0000287064
5494.7460000000,0.0000287064
5494.7690000000,0.0000288588
5494.7960000000,0.0000288588
5494.7960000000,0.0000289756
5494.8190000000,0.0000291214
5494.8460000000,0.0000292446
5494.8460000000,0.0000292446
5494.8690000000,0.0000294139
5494.8960000000,0.0000294139
5494.8960000000,0.0000295135
5494.9190000000,0.0000296761
5494.9460000000,0.0000296761
5494.9460000000,0.0000297822
5494.9690000000,0.0000299381
5494.9960000000,0.0000299653
5494.9970000000,0.0000300508
5495.0190000000,0.0000302272
5495.0460000000,0.0000302272
5495.0460000000,0.0000303191
5495.0700000000,0.0000304889
5495.0970000000,0.0000305134
5495.0970000000,0.0000305873
5495.1200000000,0.0000307750
5495.1460000000,0.0000308552
5495.1460000000,0.0000308552
5495.1700000000,0.0000310363
5495.1960000000,0.0000311230
5495.1960000000,0.0000311230
5495.2190000000,0.0000312975
5495.2480000000,0.0000312975
5495.2480000000,0.0000313906
5495.2690000000,0.0000315586
5495.2960000000,0.0000316580
5495.2970000000,0.0000316580
5495.3190000000,0.0000318414
5495.3460000000,0.0000318414
5495.3460000000,0.0000319252
5495.3690000000,0.0000321020
5495.3960000000,0.0000321923
5495.3960000000,0.0000321923
5495.4200000000,0.0000323624
5495.4460000000,0.0000324592
5495.4460000000,0.0000324592
5495.4690000000,0.0000326225
5495.4960000000,0.0000327260
5495.4990000000,0.0000327260
5495.5190000000,0.0000328824
5495.5460000000,0.0000329925
5495.5470000000,0.0000329925
5495.5690000000,0.0000331422
5495.5960000000,0.0000331422
5495.5960000000,0.0000332588
5495.6190000000,0.0000334017
5495.6460000000,0.0000335249
5495.6460000000,0.0000335249
5495.6700000000,0.0000336810
5495.6960000000,0.0000337908
5495.6960000000,0.0000337908
5495.7190000000,0.0000339403
5495.7460000000,0.0000339403
5495.7470000000,0.0000340565
5495.7690000000,0.0000341993
5495.7960000000,0.0000343221
5495.7960000000,0.0000343221
5495.8190000000,0.0000344583
5495.8460000000,0.0000344583
5495.8460000000,0.0000345875
5495.8690000000,0.0000347170
5495.8970000000,0.0000348528
5495.8970000000,0.0000348528
5495.9190000000,0.0000349934
5495.9470000000,0.0000351179
5495.9470000000,0.0000351179
5495.9690000000,0.0000352517
5495.9960000000,0.0000353827
5495.9960000000,0.0000353827
5496.0200000000,0.0000355098
5496.0460000000,0.0000355098
5496.0460000000,0.0000356474
5496.0690000000,0.0000357676
5496.0960000000,0.0000359118
5496.0960000000,0.0000359118
5496.1200000000,0.0000360253
5496.1460000000,0.0000361761
5496.1460000000,0.0000361761
5496.1690000000,0.0000362827
5496.1960000000,0.0000362827
5496.1960000000,0.0000364402
5496.2190000000,0.0000365400
5496.2460000000,0.0000365561
5496.2460000000,0.0000367041
5496.2690000000,0.0000368132
5496.2960000000,0.0000368132
5496.2960000000,0.0000369679
5496.3190000000,0.0000370702
5496.3460000000,0.0000370847
5496.3470000000,0.0000372315
5496.3690000000,0.0000373415
5496.3980000000,0.0000373415
5496.3980000000,0.0000374949
5496.4190000000,0.0000375982
5496.4450000000,0.0000377582
5496.4470000000,0.0000377582
5496.4690000000,0.0000378676
5496.4960000000,0.0000378676
5496.4960000000,0.0000380213
5496.5200000000,0.0000381239
5496.5460000000,0.0000382842
5496.5460000000,0.0000382842
5496.5690000000,0.0000383891
5496.5960000000,0.0000385468
5496.5960000000,0.0000385468
5496.6200000000,0.0000386168
5496.6460000000,0.0000388093
5496.6470000000,0.0000388093
5496.6690000000,0.0000388442
5496.6960000000,0.0000390715
5496.6960000000,0.0000390715
5496.7190000000,0.0000390715
5496.7470000000,0.0000392985
5496.7470000000,0.0000392985
5496.7690000000,0.0000394136
5496.7960000000,0.0000394136
5496.7970000000,0.0000395957
5496.8190000000,0.0000396686
5496.8460000000,0.0000396792
5496.8470000000,0.0000398575
5496.8700000000,0.0000399340
5496.8960000000,0.0000401191
5496.8960000000,0.0000401191
5496.9190000000,0.0000401887
5496.9460000000,0.0000401887
5496.9460000000,0.0000403806
5496.9700000000,0.0000404433
5496.9960000000,0.0000404433
5496.9960000000,0.0000406418
5497.0190000000,0.0000406976
5497.0460000000,0.0000409029
5497.0460000000,0.0000409029
5497.0690000000,0.0000409612
5497.0960000000,0.0000409612
5497.0960000000,0.0000411638
5497.1190000000,0.0000412152
5497.1470000000,0.0000414245
5497.1480000000,0.0000414245
5497.1700000000,0.0000414689
5497.1960000000,0.0000414689
5497.1960000000,0.0000416850
5497.2190000000,0.0000417225
5497.2460000000,0.0000417225
5497.2460000000,0.0000419454
5497.2690000000,0.0000419758
5497.2960000000,0.0000422056
5497.2960000000,0.0000422056
5497.3190000000,0.0000422374
5497.3470000000,0.0000424657
5497.3470000000,0.0000424657
5497.3690000000,0.0000424903
5497.3960000000,0.0000424903
5497.3960000000,0.0000427256
5497.4190000000,0.0000427431
5497.4460000000,0.0000429853
5497.4460000000,0.0000429853
5497.4690000000,0.0000429958
5497.4960000000,0.0000429958
5497.4960000000,0.0000432448
5497.5190000000,0.0000432483
5497.5460000000,0.0000432560
5497.5460000000,0.0000435041
5497.5690000000,0.0000435083
5497.5970000000,0.0000437604
5497.5970000000,0.0000437604
5497.6190000000,0.0000437604
5497.6460000000,0.0000437604
5497.6460000000,0.0000437604
5497.6700000000,0.0000442810
5497.6970000000,0.0000442810
5497.6970000000,0.0000442810
5497.7190000000,0.0000445397
5497.7460000000,0.0000445397
5497.7470000000,0.0000445397
5497.7690000000,0.0000447981
5497.7960000000,0.0000447981
5497.7960000000,0.0000447981
5497.8190000000,0.0000450565
5497.8460000000,0.0000450565
5497.8460000000,0.0000450565
5497.8690000000,0.0000453146
5497.8960000000,0.0000453146
5497.8970000000,0.0000453146
5497.9190000000,0.0000455726
5497.9480000000,0.0000455726
5497.9480000000,0.0000455726
5497.9690000000,0.0000458304
5497.9970000000,0.0000458304
5497.9970000000,0.0000458304
5498.0190000000,0.0000460880
5498.0460000000,0.0000460880
5498.0470000000,0.0000460880
5498.0690000000,0.0000463453
5498.0960000000,0.0000463453
5498.0960000000,0.0000463453
5498.1200000000,0.0000466025
5498.1460000000,0.0000466025
5498.1460000000,0.0000466025
5498.1700000000,0.0000468595
5498.1960000000,0.0000468595
5498.1970000000,0.0000468595
5498.2190000000,0.0000471163
5498.2460000000,0.0000471163
5498.2460000000,0.0000471163
5498.2690000000,0.0000473730
5498.2960000000,0.0000473730
5498.2960000000,0.0000473730
5498.3200000000,0.0000476295
5498.3470000000,0.0000476295
5498.3470000000,0.0000476295
5498.3690000000,0.0000478859
5498.3970000000,0.0000478859
5498.3970000000,0.0000478859
5498.4200000000,0.0000481421
5498.4480000000,0.0000481421
5498.4480000000,0.0000481421
5498.4690000000,0.0000483981
5498.4960000000,0.0000483981
5498.4960000000,0.0000483981
5498.5200000000,0.0000486540
5498.5460000000,0.0000486540
5498.5460000000,0.0000486540
5498.5690000000,0.0000489096
5498.5960000000,0.0000489096
5498.5960000000,0.0000489096
5498.6190000000,0.0000491651
5498.6460000000,0.0000491651
5498.6460000000,0.0000491651
5498.6700000000,0.0000494036
5498.6960000000,0.0000494036
5498.6960000000,0.0000494203
5498.7200000000,0.0000496239
5498.7460000000,0.0000496754
5498.7460000000,0.0000496754
5498.7690000000,0.0000499303
5498.7960000000,0.0000499303
5498.7960000000,0.0000499303
5498.8190000000,0.0000501851
5498.8460000000,0.0000501851
5498.8460000000,0.0000501851
5498.8690000000,0.0000504397
5498.8970000000,0.0000504397
5498.8980000000,0.0000504397
5498.9190000000,0.0000506941
5498.9470000000,0.0000506941
5498.9470000000,0.0000506941
5498.9690000000,0.0000509484
5498.9960000000,0.0000509484
5498.9960000000,0.0000509484
5499.0190000000,0.0000512024
5499.0460000000,0.0000512024
5499.0470000000,0.0000512024
5499.0690000000,0.0000514563
5499.0960000000,0.0000514563
5499.0960000000,0.0000514563
5499.1190000000,0.0000516788
5499.1460000000,0.0000517100
5499.1470000000,0.0000517100
5499.1690000000,0.0000518975
5499.1960000000,0.0000518975
5499.1970000000,0.0000519634
5499.2200000000,0.0000521161
5499.2470000000,0.0000522167
5499.2470000000,0.0000522167
5499.2690000000,0.0000524699
5499.2960000000,0.0000524699
5499.2960000000,0.0000524699
5499.3200000000,0.0000527228
5499.3470000000,0.0000527228
5499.3470000000,0.0000527228
5499.3710000000,0.0000529757
5499.3960000000,0.0000529757
5499.3960000000,0.0000529757
5499.4210000000,0.0000532284
5499.4460000000,0.0000532284
5499.4460000000,0.0000532284
5499.4690000000,0.0000534755
5499.4970000000,0.0000534809
5499.4980000000,0.0000534809
5499.5190000000,0.0000536930
5499.5460000000,0.0000536930
5499.5460000000,0.0000537332
5499.5690000000,0.0000539103
5499.5960000000,0.0000539854
5499.5960000000,0.0000539854
5499.6190000000,0.0000542374
5499.6460000000,0.0000542374
5499.6470000000,0.0000542374
5499.6690000000,0.0000544892
5499.6960000000,0.0000544892
5499.6960000000,0.0000544892
5499.7190000000,0.0000547408
5499.7460000000,0.0000547408
5499.7460000000,0.0000547408
5499.7700000000,0.0000549923
5499.7970000000,0.0000549923
5499.7980000000,0.0000549923
5499.8190000000,0.0000552368
5499.8460000000,0.0000552435
5499.8460000000,0.0000552435
5499.8690000000,0.0000554532
5499.8970000000,0.0000554947
5499.8970000000,0.0000554947
5499.9190000000,0.0000556695
5499.9460000000,0.0000557457
5499.9460000000,0.0000557457
5499.9700000000,0.0000558856
5499.9960000000,0.0000558856
5499.9960000000,0.0000559965
5500.0190000000,0.0000561014
5500.0460000000,0.0000562471
5500.0460000000,0.0000562471
5500.0690000000,0.0000564976
5500.0970000000,0.0000564976
5500.0970000000,0.0000564976
5500.1190000000,0.0000567478
5500.1460000000,0.0000567478
5500.1460000000,0.0000567478
5500.1700000000,0.0000569658
5500.1960000000,0.0000569658
5500.1960000000,0.0000569979
5500.2190000000,0.0000571810
5500.2460000000,0.0000572478
5500.2470000000,0.0000572478
5500.2690000000,0.0000574975
5500.2960000000,0.0000574975
5500.2970000000,0.0000574975
5500.3200000000,0.0000577471
5500.3460000000,0.0000577471
5500.3460000000,0.0000577471
5500.3700000000,0.0000579944
5500.3960000000,0.0000579944
5500.3960000000,0.0000579965
5500.4190000000,0.0000582363
5500.4470000000,0.0000582363
5500.4480000000,0.0000582458
5500.4690000000,0.0000584508
5500.4960000000,0.0000584793
5500.4970000000,0.0000584949
5500.5190000000,0.0000587214
5500.5460000000,0.0000587438
5500.5460000000,0.0000587438
5500.5690000000,0.0000589634
5500.5960000000,0.0000589634
5500.5960000000,0.0000589925
5500.6200000000,0.0000592051
5500.6460000000,0.0000592051
5500.6460000000,0.0000592410
5500.6690000000,0.0000594467
5500.6960000000,0.0000594467
5500.6960000000,0.0000594893
5500.7200000000,0.0000596880
5500.7460000000,0.0000597375
5500.7480000000,0.0000597375
5500.7690000000,0.0000599102
5500.7960000000,0.0000599102
5500.7960000000,0.0000599855
5500.8200000000,0.0000601234
5500.8470000000,0.0000602334
5500.8470000000,0.0000602334
5500.8690000000,0.0000604111
5500.8960000000,0.0000604811
5500.8960000000,0.0000604811
5500.9190000000,0.0000606518
5500.9460000000,0.0000606518
5500.9470000000,0.0000607287
5500.9690000000,0.0000608923
5500.9960000000,0.0000608923
5500.9960000000,0.0000609761
5501.0200000000,0.0000611327
5501.0460000000,0.0000611335
5501.0460000000,0.0000612233
5501.0690000000,0.0000613459
5501.0960000000,0.0000614702
5501.0960000000,0.0000614702
5501.1200000000,0.0000615582
5501.1460000000,0.0000615582
5501.1460000000,0.0000617170
5501.1710000000,0.0000617704
5501.1960000000,0.0000618593
5501.1960000000,0.0000619637
5501.2190000000,0.0000620991
5501.2460000000,0.0000622102
5501.2460000000,0.0000622102
5501.2690000000,0.0000623371
5501.2960000000,0.0000623371
5501.2960000000,0.0000624565
5501.3190000000,0.0000625487
5501.3470000000,0.0000627027
5501.3470000000,0.0000627027
5501.3700000000,0.0000628172
5501.3970000000,0.0000629487
5501.3970000000,0.0000629487
5501.4200000000,0.0000630561
5501.4460000000,0.0000631945
5501.4460000000,0.0000631945
5501.4700000000,0.0000632949
5501.4960000000,0.0000632949
5501.4960000000,0.0000634402
5501.5200000000,0.0000635219
5501.5480000000,0.0000636856
5501.5480000000,0.0000636856
5501.5690000000,0.0000637327
5501.5970000000,0.0000637327
5501.5970000000,0.0000639309
5501.6200000000,0.0000639432
5501.6460000000,0.0000639432
5501.6460000000,0.0000641537
5501.6690000000,0.0000641537
5501.6960000000,0.0000643640
5501.6970000000,0.0000644210
5501.7190000000,0.0000644922
5501.7470000000,0.0000644922
5501.7470000000,0.0000646658
5501.7710000000,0.0000647301
5501.7960000000,0.0000649104
5501.7960000000,0.0000649104
5501.8180000000,0.0000649679
5501.8460000000,0.0000651549
5501.8460000000,0.0000651549
5501.8690000000,0.0000652054
5501.8960000000,0.0000652054
5501.8970000000,0.0000653993
5501.9200000000,0.0000654428
5501.9460000000,0.0000656434
5501.9460000000,0.0000656434
5501.9700000000,0.0000656850
5501.9960000000,0.0000658874
5501.9980000000,0.0000658874
5502.0190000000,0.0000659220
5502.0470000000,0.0000661312
5502.0470000000,0.0000661312
5502.0690000000,0.0000661588
5502.0960000000,0.0000661588
5502.0960000000,0.0000663748
5502.1190000000,0.0000663954
5502.1460000000,0.0000666182
5502.1470000000,0.0000666182
5502.1690000000,0.0000666319
5502.1960000000,0.0000668615
5502.1960000000,0.0000668615
5502.2190000000,0.0000668683
5502.2470000000,0.0000671045
5502.2470000000,0.0000671045
5502.2690000000,0.0000671045
5502.2960000000,0.0000673405
5502.2960000000,0.0000673451
5502.3200000000,0.0000675904
5502.3470000000,0.0000675904
5502.3470000000,0.0000675904
5502.3690000000,0.0000678330
5502.3960000000,0.0000678330
5502.3960000000,0.0000678330
5502.4190000000,0.0000680753
5502.4480000000,0.0000680753
5502.4480000000,0.0000680753
5502.4690000000,0.0000683175
5502.4960000000,0.0000683175
5502.4970000000,0.0000683175
5502.5190000000,0.0000685596
5502.5460000000,0.0000685596
5502.5460000000,0.0000685596
5502.5690000000,0.0000688014
5502.5960000000,0.0000688014
5502.5960000000,0.0000688014
5502.6190000000,0.0000690432
5502.6460000000,0.0000690432
5502.6460000000,0.0000690432
5502.6690000000,0.0000692848
5502.6960000000,0.0000692848
5502.6960000000,0.0000692848
5502.7200000000,0.0000695262
5502.7460000000,0.0000695262
5502.7460000000,0.0000695262
5502.7690000000,0.0000697675
5502.7960000000,0.0000697675
5502.7970000000,0.0000697675
5502.8220000000,0.0000700086
5502.8460000000,0.0000700086
5502.8460000000,0.0000700086
5502.8690000000,0.0000702495
5502.8970000000,0.0000702495
5502.8970000000,0.0000702495
5502.9190000000,0.0000704902
5502.9470000000,0.0000704902
5502.9470000000,0.0000704902
5502.9700000000,0.0000707307
5502.9960000000,0.0000707307
5502.9960000000,0.0000707307
5503.0190000000,0.0000709710
5503.0460000000,0.0000709710
5503.0470000000,0.0000709710
5503.0690000000,0.0000712111
5503.0960000000,0.0000712111
5503.0970000000,0.0000712111
5503.1210000000,0.0000714511
5503.1460000000,0.0000714511
5503.1460000000,0.0000714511
5503.1690000000,0.0000716910
5503.1970000000,0.0000716910
5503.1970000000,0.0000716910
5503.2190000000,0.0000719307
5503.2460000000,0.0000719307
5503.2460000000,0.0000719307
5503.2690000000,0.0000721689
5503.2960000000,0.0000721703
5503.2960000000,0.0000721703
5503.3200000000,0.0000723741
5503.3470000000,0.0000723741
5503.3470000000,0.0000724097
5503.3700000000,0.0000725792
5503.3960000000,0.0000726489
5503.3960000000,0.0000726489
5503.4200000000,0.0000728880
5503.4460000000,0.0000728880
5503.4470000000,0.0000728880
5503.4690000000,0.0000731268
5503.4960000000,0.0000731268
5503.4980000000,0.0000731268
5503.5190000000,0.0000733654
5503.5470000000,0.0000733654
5503.5480000000,0.0000733654
5503.5690000000,0.0000736039
5503.5960000000,0.0000736039
5503.5980000000,0.0000736039
5503.6190000000,0.0000738423
5503.6460000000,0.0000738423
5503.6460000000,0.0000738423
5503.6710000000,0.0000740713
5503.6960000000,0.0000740713
5503.6960000000,0.0000740805
5503.7190000000,0.0000742753
5503.7460000000,0.0000743185
5503.7470000000,0.0000743185
5503.7690000000,0.0000745564
5503.7960000000,0.0000745564
5503.7960000000,0.0000745564
5503.8190000000,0.0000747941
5503.8460000000,0.0000747941
5503.8460000000,0.0000747941
5503.8690000000,0.0000750315
5503.8970000000,0.0000750315
5503.8970000000,0.0000750315
5503.9190000000,0.0000752688
5503.9460000000,0.0000752688
5503.9470000000,0.0000752688
5503.9690000000,0.0000755059
5503.9960000000,0.0000755059
5503.9960000000,0.0000755059
5504.0190000000,0.0000757341
5504.0460000000,0.0000757341
5504.0460000000,0.0000757428
5504.0700000000,0.0000759370
5504.0960000000,0.0000759796
5504.0960000000,0.0000759796
5504.1190000000,0.0000762161
5504.1470000000,0.0000762161
5504.1480000000,0.0000762161
5504.1700000000,0.0000764525
5504.1970000000,0.0000764525
5504.2000000000,0.0000764525
5504.2190000000,0.0000766887
5504.2460000000,0.0000766887
5504.2470000000,0.0000766887
5504.2690000000,0.0000769247
5504.2960000000,0.0000769247
5504.2970000000,0.0000769247
5504.3200000000,0.0000771605
5504.3460000000,0.0000771605
5504.3460000000,0.0000771605
5504.3700000000,0.0000773658
5504.3960000000,0.0000773658
5504.3970000000,0.0000773961
5504.4200000000,0.0000775676
5504.4460000000,0.0000776315
5504.4470000000,0.0000776315
5504.4690000000,0.0000778668
5504.4960000000,0.0000778668
5504.4960000000,0.0000778668
5504.5200000000,0.0000781019
5504.5470000000,0.0000781019
5504.5470000000,0.0000781019
5504.5690000000,0.0000783369
5504.5960000000,0.0000783369
5504.5970000000,0.0000783369
5504.6190000000,0.0000785662
5504.6460000000,0.0000785717
5504.6460000000,0.0000785717
5504.6690000000,0.0000787672
5504.6960000000,0.0000787672
5504.6960000000,0.0000788063
5504.7200000000,0.0000789681
5504.7460000000,0.0000790408
5504.7460000000,0.0000790408
5504.7700000000,0.0000792751
5504.7960000000,0.0000792751
5504.7960000000,0.0000792751
5504.8190000000,0.0000795073
5504.8470000000,0.0000795073
5504.8470000000,0.0000795091
5504.8690000000,0.0000797351
5504.8960000000,0.0000797430
5504.8960000000,0.0000797430
5504.9190000000,0.0000799441
5504.9470000000,0.0000799767
5504.9470000000,0.0000799767
5504.9700000000,0.0000801442
5504.9960000000,0.0000801442
5504.9960000000,0.0000802102
5505.0190000000,0.0000803441
5505.0470000000,0.0000804219
5505.0480000000,0.0000804435
5505.0690000000,0.0000806490
5505.0960000000,0.0000806767
5505.0960000000,0.0000806767
5505.1190000000,0.0000808760
5505.1460000000,0.0000808760
5505.1460000000,0.0000809097
5505.1700000000,0.0000810995
5505.1960000000,0.0000811426
5505.1970000000,0.0000811426
5505.2190000000,0.0000812988
5505.2470000000,0.0000812988
5505.2480000000,0.0000813753
5505.2700000000,0.0000814979
5505.2960000000,0.0000815596
5505.2960000000,0.0000816078
5505.3190000000,0.0000817860
5505.3460000000,0.0000817860
5505.3470000000,0.0000818401
5505.3690000000,0.0000820122
5505.3960000000,0.0000820122
5505.3960000000,0.0000820722
5505.4190000000,0.0000822355
5505.4470000000,0.0000823041
5505.4470000000,0.0000823041
5505.4690000000,0.0000824341
5505.4960000000,0.0000824341
5505.4990000000,0.0000825359
5505.5200000000,0.0000826326
5505.5460000000,0.0000826935
5505.5460000000,0.0000827675
5505.5700000000,0.0000829192
5505.5970000000,0.0000829192
5505.5970000000,0.0000829990
5505.6190000000,0.0000831447
5505.6460000000,0.0000832302
5505.6460000000,0.0000832302
5505.6690000000,0.0000833539
5505.6960000000,0.0000834614
5505.6960000000,0.0000834614
5505.7200000000,0.0000835517
5505.7460000000,0.0000835517
5505.7460000000,0.0000836924
5505.7690000000,0.0000837493
5505.7960000000,0.0000837493
5505.7980000000,0.0000839232
5505.8190000000,0.0000839468
5505.8460000000,0.0000841442
5505.8460000000,0.0000841538
5505.8700000000,0.0000842583
5505.8960000000,0.0000842583
5505.8960000000,0.0000843843
5505.9200000000,0.0000844555
5505.9460000000,0.0000844939
5505.9470000000,0.0000846146
5505.9690000000,0.0000847182
5505.9970000000,0.0000848446
5505.9970000000,0.0000848446
5506.0190000000,0.0000849424
5506.0460000000,0.0000849424
5506.0460000000,0.0000850745
5506.0690000000,0.0000851490
5506.0960000000,0.0000853043
5506.0960000000,0.0000853043
5506.1200000000,0.0000853457
5506.1460000000,0.0000853457
5506.1460000000,0.0000855338
5506.1690000000,0.0000855422
5506.1970000000,0.0000855422
5506.1970000000,0.0000857387
5506.2190000000,0.0000857387
5506.2470000000,0.0000859349
5506.2470000000,0.0000859925
5506.2690000000,0.0000860645
5506.2960000000,0.0000862216
5506.2960000000,0.0000862216
5506.3190000000,0.0000862878
5506.3460000000,0.0000862878
5506.3460000000,0.0000864505
5506.3690000000,0.0000865110
5506.3960000000,0.0000865110
5506.3970000000,0.0000866791
5506.4190000000,0.0000867339
5506.4460000000,0.0000869076
5506.4470000000,0.0000869076
5506.4690000000,0.0000869594
5506.4970000000,0.0000871359
5506.4970000000,0.0000871359
5506.5190000000,0.0000871820
5506.5460000000,0.0000871820
5506.5470000000,0.0000873640
5506.5690000000,0.0000874044
5506.5960000000,0.0000875920
5506.5960000000,0.0000875920
5506.6190000000,0.0000876268
5506.6460000000,0.0000876268
5506.6460000000,0.0000878198
5506.6700000000,0.0000878490
5506.6960000000,0.0000880474
5506.6960000000,0.0000880474
5506.7190000000,0.0000880735
5506.7460000000,0.0000880735
5506.7480000000,0.0000882749
5506.7690000000,0.0000882955
5506.7960000000,0.0000885022
5506.7960000000,0.0000885022
5506.8190000000,0.0000885196
5506.8460000000,0.0000885196
5506.8460000000,0.0000887293
5506.8710000000,0.0000887413
5506.8960000000,0.0000889563
5506.8960000000,0.0000889563
5506.9190000000,0.0000889629
5506.9470000000,0.0000889629
5506.9470000000,0.0000891830
5506.9690000000,0.0000891843
5506.9960000000,0.0000891862
5506.9970000000,0.0000894075
5507.0200000000,0.0000894075
5507.0460000000,0.0000894075
5507.0460000000,0.0000896285
5507.0700000000,0.0000898622
5507.0960000000,0.0000898622
5507.0960000000,0.0000898622
5507.1190000000,0.0000900883
5507.1450000000,0.0000900883
5507.1460000000,0.0000900883
5507.1690000000,0.0000903142
5507.1970000000,0.0000903142
5507.1970000000,0.0000903142
5507.2190000000,0.0000905400
5507.2470000000,0.0000905400
5507.2470000000,0.0000905400
5507.2700000000,0.0000907656
5507.2970000000,0.0000907656
5507.2970000000,0.0000907656
5507.3190000000,0.0000909911
5507.3460000000,0.0000909911
5507.3470000000,0.0000909911
5507.3700000000,0.0000912163
5507.3970000000,0.0000912163
5507.3970000000,0.0000912163
5507.4190000000,0.0000914414
5507.4460000000,0.0000914414
5507.4460000000,0.0000914414
5507.4700000000,0.0000916663
5507.4960000000,0.0000916663
5507.4970000000,0.0000916663
5507.5190000000,0.0000918910
5507.5470000000,0.0000918910
5507.5470000000,0.0000918910
5507.5700000000,0.0000921156
5507.5960000000,0.0000921156
5507.5960000000,0.0000921156
5507.6190000000,0.0000923399
5507.6470000000,0.0000923399
5507.6470000000,0.0000923399
5507.6690000000,0.0000925641
5507.6960000000,0.0000925641
5507.6960000000,0.0000925641
5507.7200000000,0.0000927882
5507.7470000000,0.0000927882
5507.7480000000,0.0000927882
5507.7700000000,0.0000930121
5507.7960000000,0.0000930121
5507.7960000000,0.0000930121
5507.8200000000,0.0000932358
5507.8470000000,0.0000932358
5507.8470000000,0.0000932358
5507.8690000000,0.0000934594
5507.8960000000,0.0000934594
5507.8960000000,0.0000934594
5507.9190000000,0.0000936828
5507.9480000000,0.0000936828
5507.9490000000,0.0000936828
5507.9690000000,0.0000939061
5507.9960000000,0.0000939061
5507.9960000000,0.0000939061
5508.0190000000,0.0000941291
5508.0460000000,0.0000941291
5508.0460000000,0.0000941291
5508.0700000000,0.0000943519
5508.0970000000,0.0000943519
5508.0970000000,0.0000943519
5508.1200000000,0.0000945734
5508.1460000000,0.0000945746
5508.1470000000,0.0000945746
5508.1690000000,0.0000947641
5508.1960000000,0.0000947641
5508.1960000000,0.0000947971
5508.2190000000,0.0000949547
5508.2460000000,0.0000949547
5508.2460000000,0.0000950194
5508.2700000000,0.0000951450
5508.2960000000,0.0000951450
5508.2960000000,0.0000952416
5508.3200000000,0.0000953352
5508.3460000000,0.0000953352
5508.3470000000,0.0000954636
5508.3690000000,0.0000955252
5508.3960000000,0.0000956855
5508.3960000000,0.0000956855
5508.4190000000,0.0000959072
5508.4460000000,0.0000959072
5508.4460000000,0.0000959072
5508.4690000000,0.0000961086
5508.4960000000,0.0000961086
5508.4970000000,0.0000961287
5508.5190000000,0.0000962982
5508.5460000000,0.0000963501
5508.5460000000,0.0000963501
5508.5690000000,0.0000964877
5508.5970000000,0.0000964877
5508.5970000000,0.0000965712
5508.6200000000,0.0000966771
5508.6460000000,0.0000967922
5508.6460000000,0.0000967922
5508.6690000000,0.0000968663
5508.6960000000,0.0000968663
5508.6970000000,0.0000970130
5508.7190000000,0.0000970555
5508.7460000000,0.0000972337
5508.7460000000,0.0000972337
5508.7690000000,0.0000974280
5508.7970000000,0.0000974280
5508.7970000000,0.0000974541
5508.8190000000,0.0000976168
5508.8460000000,0.0000976168
5508.8470000000,0.0000976744
5508.8690000000,0.0000978056
5508.8960000000,0.0000978945
5508.8970000000,0.0000978945
5508.9190000000,0.0000979941
5508.9460000000,0.0000979941
5508.9460000000,0.0000981145
5508.9710000000,0.0000981825
5508.9960000000,0.0000981825
5508.9960000000,0.0000983344
5509.0190000000,0.0000983707
5509.0460000000,0.0000985358
5509.0460000000,0.0000985540
5509.0700000000,0.0000987239
5509.0960000000,0.0000987735
5509.0960000000,0.0000987735
5509.1190000000,0.0000989118
5509.1470000000,0.0000989929
5509.1470000000,0.0000989929
5509.1690000000,0.0000990996
5509.1960000000,0.0000990996
5509.1960000000,0.0000992120
5509.2200000000,0.0000992873
5509.2460000000,0.0000994310
5509.2470000000,0.0000994310
5509.2680000000,0.0000996234
5509.2960000000,0.0000996234
5509.2960000000,0.0000996498
5509.3200000000,0.0000998109
5509.3470000000,0.0000998684
5509.3470000000,0.0000998684
5509.3700000000,0.0001000868
5509.3970000000,0.0001000868
5509.3970000000,0.0001000868
5509.4190000000,0.0001003050
5509.4470000000,0.0001003050
5509.4470000000,0.0001003050
5509.4700000000,0.0001005062
5509.4960000000,0.0001005231
5509.4970000000,0.0001005231
5509.5200000000,0.0001006931
5509.5460000000,0.0001006931
5509.5460000000,0.0001007410
5509.5710000000,0.0001008798
5509.5960000000,0.0001009588
5509.5960000000,0.0001009588
5509.6200000000,0.0001011764
5509.6490000000,0.0001011764
5509.6500000000,0.0001011764
5509.6690000000,0.0001013731
5509.6970000000,0.0001013731
5509.6970000000,0.0001013938
5509.7190000000,0.0001015594
5509.7460000000,0.0001015594
5509.7460000000,0.0001016110
5509.7690000000,0.0001017455
5509.7960000000,0.0001018281
5509.7960000000,0.0001018281
5509.8190000000,0.0001018842
5509.8470000000,0.0001018842
5509.8470000000,0.0001018842
5509.8690000000,0.0001018842
5509.8960000000,0.0001018842
5509.8970000000,0.0001022616
5509.9190000000,0.0001023029
5509.9460000000,0.0001024781
5509.9460000000,0.0001024781
5509.9710000000,0.0001024885
5509.9960000000,0.0001026740
5509.9970000000,0.0001026740
5510.0190000000,0.0001026740
5510.0460000000,0.0001028593
5510.0460000000,0.0001029107
5510.0690000000,0.0001031239
5510.0970000000,0.0001031239
5510.0970000000,0.0001031268
5510.1190000000,0.0001033358
5510.1460000000,0.0001033427
5510.1460000000,0.0001033427
5510.1700000000,0.0001035492
5510.1960000000,0.0001035585
5510.1960000000,0.0001035585
5510.2190000000,0.0001037609
5510.2460000000,0.0001037741
5510.2470000000,0.0001037741
5510.2690000000,0.0001039724
5510.2960000000,0.0001039724
5510.2960000000,0.0001039895
5510.3200000000,0.0001041837
5510.3460000000,0.0001042047
5510.3460000000,0.0001042047
5510.3680000000,0.0001043949
5510.3960000000,0.0001043949
5510.3970000000,0.0001044198
5510.4190000000,0.0001046059
5510.4470000000,0.0001046346
5510.4470000000,0.0001046346
5510.4690000000,0.0001048167
5510.4970000000,0.0001048167
5510.4970000000,0.0001048493
5510.5190000000,0.0001050273
5510.5470000000,0.0001050638
5510.5470000000,0.0001050638
5510.5700000000,0.0001052377
5510.5970000000,0.0001052377
5510.5980000000,0.0001052782
5510.6190000000,0.0001054480
5510.6460000000,0.0001054480
5510.6470000000,0.0001054924
5510.6690000000,0.0001056582
5510.6960000000,0.0001057064
5510.6970000000,0.0001057064
5510.7190000000,0.0001058683
5510.7460000000,0.0001058683
5510.7460000000,0.0001059203
5510.7690000000,0.0001060783
5510.7960000000,0.0001060783
5510.7960000000,0.0001061340
5510.8200000000,0.0001062881
5510.8460000000,0.0001063476
5510.8460000000,0.0001063476
5510.8690000000,0.0001064978
5510.8970000000,0.0001065609
5510.8970000000,0.0001065609
5510.9200000000,0.0001067074
5510.9470000000,0.0001067074
5510.9470000000,0.0001067741
5510.9690000000,0.0001069169
5510.9960000000,0.0001069169
5510.9960000000,0.0001069872
5511.0200000000,0.0001071262
5511.0460000000,0.0001071262
5511.0470000000,0.0001072000
5511.0690000000,0.0001073353
5511.0960000000,0.0001073353
5511.0960000000,0.0001074127
5511.1210000000,0.0001075443
5511.1460000000,0.0001076251
5511.1480000000,0.0001076251
5511.1690000000,0.0001077531
5511.1960000000,0.0001077531
5511.1960000000,0.0001078374
5511.2190000000,0.0001079617
5511.2460000000,0.0001080496
5511.2460000000,0.0001080496
5511.2690000000,0.0001081701
5511.2960000000,0.0001081701
5511.2960000000,0.0001082616
5511.3190000000,0.0001083783
5511.3460000000,0.0001083783
5511.3470000000,0.0001084735
5511.3690000000,0.0001085865
5511.3960000000,0.0001086852
5511.3970000000,0.0001086852
5511.4190000000,0.0001087946
5511.4460000000,0.0001088967
5511.4460000000,0.0001088967
5511.4690000000,0.0001090025
5511.4970000000,0.0001090025
5511.4970000000,0.0001091081
5511.5190000000,0.0001092103
5511.5460000000,0.0001093193
5511.5470000000,0.0001093193
5511.5690000000,0.0001094195
5511.5960000000,0.0001094195
5511.5960000000,0.0001095303
5511.6200000000,0.0001096271
5511.6460000000,0.0001096271
5511.6460000000,0.0001097411
5511.6680000000,0.0001098347
5511.6960000000,0.0001099517
5511.6960000000,0.0001099517
5511.7200000000,0.0001100434
5511.7460000000,0.0001100434
5511.7470000000,0.0001101622
5511.7690000000,0.0001102506
5511.7960000000,0.0001102517
5511.7960000000,0.0001103725
5511.8190000000,0.0001104588
5511.8470000000,0.0001104588
5511.8470000000,0.0001105827
5511.8690000000,0.0001106657
5511.8960000000,0.0001106667
5511.8960000000,0.0001107927
5511.9190000000,0.0001108734
5511.9460000000,0.0001108734
5511.9480000000,0.0001110026
5511.9690000000,0.0001110799
5511.9960000000,0.0001112123
5511.9960000000,0.0001112123
5512.0200000000,0.0001112871
5512.0460000000,0.0001112871
5512.0460000000,0.0001114219
5512.0690000000,0.0001114933
5512.0960000000,0.0001116313
5512.0970000000,0.0001116313
5512.1200000000,0.0001116994
5512.1460000000,0.0001116994
5512.1460000000,0.0001118405
5512.1690000000,0.0001119053
5512.1960000000,0.0001119062
5512.1970000000,0.0001120495
5512.2190000000,0.0001121120
5512.2460000000,0.0001121120
5512.2460000000,0.0001122584
5512.2690000000,0.0001123177
5512.2960000000,0.0001123184
5512.2960000000,0.0001124671
5512.3190000000,0.0001125240
5512.3460000000,0.0001125240
5512.3460000000,0.0001126756
5512.3690000000,0.0001127295
5512.3960000000,0.0001127302
5512.3960000000,0.0001128840
5512.4200000000,0.0001129355
5512.4460000000,0.0001129355
5512.4470000000,0.0001130922
5512.4680000000,0.0001131408
5512.4960000000,0.0001133003
5512.4960000000,0.0001133003
5512.5190000000,0.0001133466
5512.5470000000,0.0001133466
5512.5480000000,0.0001135082
5512.5690000000,0.0001135517
5512.5960000000,0.0001135522
5512.5960000000,0.0001137160
5512.6210000000,0.0001137571
5512.6460000000,0.0001137571
5512.6460000000,0.0001139236
5512.6700000000,0.0001139414
5512.6960000000,0.0001139414
5512.6970000000,0.0001141197
5512.7190000000,0.0001141197
5512.7460000000,0.0001141197
5512.7480000000,0.0001142979
5512.7700000000,0.0001143713
5512.7960000000,0.0001143713
5512.7960000000,0.0001145454
5512.8190000000,0.0001145754
5512.8470000000,0.0001147523
5512.8470000000,0.0001147523
5512.8690000000,0.0001147798
5512.8960000000,0.0001149590
5512.8960000000,0.0001149590
5512.9190000000,0.0001149837
5512.9470000000,0.0001151656
5512.9470000000,0.0001151656
5512.9700000000,0.0001151874
5512.9960000000,0.0001151874
5512.9970000000,0.0001153721
5513.0190000000,0.0001153910
5513.0460000000,0.0001153910
5513.0470000000,0.0001155784
5513.0690000000,0.0001155945
5513.0960000000,0.0001157845
5513.0960000000,0.0001157845
5513.1190000000,0.0001157983
5513.1470000000,0.0001157983
5513.1480000000,0.0001159906
5513.1690000000,0.0001160016
5513.1960000000,0.0001160016
5513.1970000000,0.0001161965
5513.2190000000,0.0001162047
5513.2460000000,0.0001162051
5513.2470000000,0.0001164022
5513.2690000000,0.0001164081
5513.2960000000,0.0001166077
5513.2960000000,0.0001166077
5513.3190000000,0.0001166111
5513.3460000000,0.0001168131
5513.3460000000,0.0001168131
5513.3690000000,0.0001168139
5513.3960000000,0.0001170167
5513.3970000000,0.0001170167
5513.4190000000,0.0001170167
5513.4460000000,0.0001172192
5513.4460000000,0.0001172195
5513.4690000000,0.0001174282
5513.4970000000,0.0001174282
5513.4980000000,0.0001174282
5513.5200000000,0.0001176329
5513.5470000000,0.0001176329
5513.5470000000,0.0001176329
5513.5690000000,0.0001178374
5513.5960000000,0.0001178374
5513.5970000000,0.0001178374
5513.6190000000,0.0001180417
5513.6460000000,0.0001180417
5513.6460000000,0.0001180417
5513.6690000000,0.0001182459
5513.6960000000,0.0001182459
5513.6960000000,0.0001182459
5513.7190000000,0.0001184499
5513.7460000000,0.0001184499
5513.7460000000,0.0001184499
5513.7690000000,0.0001186539
5513.7970000000,0.0001186539
5513.7970000000,0.0001186539
5513.8190000000,0.0001188576
5513.8460000000,0.0001188576
5513.8460000000,0.0001188576
5513.8690000000,0.0001190612
5513.8960000000,0.0001190612
5513.8970000000,0.0001190612
5513.9190000000,0.0001192646
5513.9460000000,0.0001192646
5513.9470000000,0.0001192646
5513.9700000000,0.0001194678
5513.9960000000,0.0001194678
5513.9980000000,0.0001194678
5514.0190000000,0.0001196709
5514.0460000000,0.0001196709
5514.0460000000,0.0001196709
5514.0690000000,0.0001198738
5514.0970000000,0.0001198738
5514.0970000000,0.0001198738
5514.1200000000,0.0001200765
5514.1460000000,0.0001200765
5514.1460000000,0.0001200765
5514.1690000000,0.0001202790
5514.1960000000,0.0001202790
5514.1970000000,0.0001202790
5514.2190000000,0.0001204814
5514.2460000000,0.0001204814
5514.2470000000,0.0001204814
5514.2690000000,0.0001206837
5514.2960000000,0.0001206837
5514.2960000000,0.0001206837
5514.3200000000,0.0001208858
5514.3460000000,0.0001208858
5514.3470000000,0.0001208858
5514.3700000000,0.0001210877
5514.3970000000,0.0001210877
5514.3970000000,0.0001210877
5514.4190000000,0.0001212895
5514.4460000000,0.0001212895
5514.4470000000,0.0001212895
5514.4690000000,0.0001214911
5514.4970000000,0.0001214911
5514.4970000000,0.0001214911
5514.5190000000,0.0001216925
5514.5460000000,0.0001216925
5514.5460000000,0.0001216925
5514.5690000000,0.0001218938
5514.5960000000,0.0001218938
5514.5960000000,0.0001218938
5514.6200000000,0.0001220948
5514.6460000000,0.0001220948
5514.6460000000,0.0001220948
5514.6700000000,0.0001222957
5514.6960000000,0.0001222957
5514.6960000000,0.0001222957
5514.7190000000,0.0001224965
5514.7460000000,0.0001224965
5514.7480000000,0.0001224965
5514.7690000000,0.0001226762
5514.7970000000,0.0001226970
5514.7970000000,0.0001226970
5514.8200000000,0.0001228492
5514.8470000000,0.0001228975
5514.8470000000,0.0001228975
5514.8690000000,0.0001230221
5514.8960000000,0.0001230978
5514.8960000000,0.0001230978
5514.9190000000,0.0001231949
5514.9460000000,0.0001232979
5514.9470000000,0.0001232979
5514.9690000000,0.0001233676
5514.9960000000,0.0001233676
5514.9960000000,0.0001234979
5515.0190000000,0.0001235402
5515.0460000000,0.0001235402
5515.0460000000,0.0001236978
5515.0690000000,0.0001237126
5515.0960000000,0.0001238975
5515.0970000000,0.0001238975
5515.1190000000,0.0001240970
5515.1460000000,0.0001240970
5515.1460000000,0.0001240970
5515.1690000000,0.0001242963
5515.1960000000,0.0001242963
5515.1960000000,0.0001242963
5515.2190000000,0.0001244755
5515.2460000000,0.0001244955
5515.2460000000,0.0001244955
5515.2690000000,0.0001246474
5515.2960000000,0.0001246945
5515.2960000000,0.0001246945
5515.3190000000,0.0001248191
5515.3460000000,0.0001248191
5515.3460000000,0.0001248933
5515.3690000000,0.0001249907
5515.3950000000,0.0001250921
5515.3970000000,0.0001250921
5515.4190000000,0.0001252907
5515.4460000000,0.0001252907
5515.4470000000,0.0001252907
5515.4690000000,0.0001254891
5515.4970000000,0.0001254891
5515.4970000000,0.0001254891
5515.5190000000,0.0001256874
5515.5460000000,0.0001256874
5515.5470000000,0.0001256874
5515.5690000000,0.0001258855
5515.5960000000,0.0001258855
5515.5960000000,0.0001258855
5515.6200000000,0.0001260685
5515.6460000000,0.0001260835
5515.6470000000,0.0001260835
5515.6690000000,0.0001262395
5515.6960000000,0.0001262812
5515.6970000000,0.0001262812
5515.7190000000,0.0001264103
5515.7470000000,0.0001264103
5515.7480000000,0.0001264788
5515.7690000000,0.0001265810
5515.7960000000,0.0001266763
5515.7960000000,0.0001266763
5515.8200000000,0.0001268735
5515.8460000000,0.0001268735
5515.8460000000,0.0001268735
5515.8690000000,0.0001270707
5515.8960000000,0.0001270707
5515.8960000000,0.0001270707
5515.9190000000,0.0001272676
5515.9480000000,0.0001272676
5515.9490000000,0.0001272676
5515.9690000000,0.0001274624
5515.9970000000,0.0001274624
5515.9980000000,0.0001274644
5516.0190000000,0.0001276326
5516.0470000000,0.0001276611
5516.0470000000,0.0001276611
5516.0690000000,0.0001278577
5516.0960000000,0.0001278577
5516.0970000000,0.0001278577
5516.1190000000,0.0001280541
5516.1470000000,0.0001280541
5516.1480000000,0.0001280541
5516.1690000000,0.0001282504
5516.1960000000,0.0001282504
5516.1960000000,0.0001282504
5516.2190000000,0.0001284465
5516.2460000000,0.0001284465
5516.2470000000,0.0001284465
5516.2690000000,0.0001286424
5516.2970000000,0.0001286424
5516.2970000000,0.0001286424
5516.3190000000,0.0001288311
5516.3460000000,0.0001288311
5516.3460000000,0.0001288382
5516.3690000000,0.0001290004
5516.3960000000,0.0001290338
5516.3960000000,0.0001290338
5516.4200000000,0.0001292293
5516.4460000000,0.0001292293
5516.4460000000,0.0001292293
5516.4710000000,0.0001294246
5516.4970000000,0.0001294246
5516.4980000000,0.0001294246
5516.5190000000,0.0001296197
5516.5460000000,0.0001296197
5516.5460000000,0.0001296197
5516.5690000000,0.0001298147
5516.5960000000,0.0001298147
5516.5970000000,0.0001298147
5516.6190000000,0.0001300064
5516.6460000000,0.0001300095
5516.6460000000,0.0001300095
5516.6690000000,0.0001301749
5516.6960000000,0.0001301749
5516.6970000000,0.0001302042
5516.7190000000,0.0001303432
5516.7460000000,0.0001303988
5516.7470000000,0.0001303988
5516.7690000000,0.0001305932
5516.7970000000,0.0001305932
5516.7970000000,0.0001305932
5516.8190000000,0.0001307875
5516.8460000000,0.0001307875
5516.8460000000,0.0001307875
5516.8700000000,0.0001309816
5516.8960000000,0.0001309816
5516.8960000000,0.0001309816
5516.9200000000,0.0001311612
5516.9460000000,0.0001311612
5516.9470000000,0.0001311756
5516.9700000000,0.0001313291
5516.9960000000,0.0001313694
5516.9960000000,0.0001313694
5517.0190000000,0.0001315631
5517.0460000000,0.0001315631
5517.0470000000,0.0001315631
5517.0690000000,0.0001317565
5517.0960000000,0.0001317565
5517.0970000000,0.0001317565
5517.1190000000,0.0001319498
5517.1460000000,0.0001319498
5517.1460000000,0.0001319498
5517.1690000000,0.0001321305
5517.1960000000,0.0001321430
5517.1960000000,0.0001321430
5517.2200000000,0.0001322979
5517.2460000000,0.0001323360
5517.2470000000,0.0001323360
5517.2690000000,0.0001324652
5517.2960000000,0.0001325289
5517.2960000000,0.0001325289
5517.3190000000,0.0001326322
5517.3470000000,0.0001327217
5517.3470000000,0.0001327217
5517.3690000000,0.0001327992
5517.3960000000,0.0001327992
5517.3970000000,0.0001329143
5517.4190000000,0.0001329660
5517.4470000000,0.0001329660
5517.4480000000,0.0001331068
5517.4690000000,0.0001331326
5517.4960000000,0.0001332991
5517.4960000000,0.0001332991
5517.5190000000,0.0001334169
5517.5460000000,0.0001334169
5517.5460000000,0.0001334912
5517.5690000000,0.0001335832
5517.5960000000,0.0001336832
5517.5960000000,0.0001336832
5517.6200000000,0.0001338555
5517.6460000000,0.0001338555
5517.6460000000,0.0001338751
5517.6700000000,0.0001340216
5517.6960000000,0.0001340668
5517.6960000000,0.0001340668
5517.7210000000,0.0001342585
5517.7460000000,0.0001342585
5517.7460000000,0.0001342585
5517.7700000000,0.0001344491
5517.7970000000,0.0001344491
5517.7970000000,0.0001344500
5517.8190000000,0.0001346149
5517.8470000000,0.0001346414
5517.8470000000,0.0001346414
5517.8690000000,0.0001348326
5517.8960000000,0.0001348326
5517.8960000000,0.0001348326
5517.9190000000,0.0001350237
5517.9460000000,0.0001350237
5517.9460000000,0.0001350237
5517.9690000000,0.0001351978
5517.9960000000,0.0001352146
5517.9960000000,0.0001352146
5518.0190000000,0.0001353632
5518.0460000000,0.0001354054
5518.0470000000,0.0001354054
5518.0690000000,0.0001355286
5518.0970000000,0.0001355961
5518.0970000000,0.0001355961
5518.1190000000,0.0001356939
5518.1460000000,0.0001357866
5518.1460000000,0.0001357866
5518.1700000000,0.0001358590
5518.1960000000,0.0001359769
5518.1970000000,0.0001359769
5518.2190000000,0.0001360240
5518.2470000000,0.0001360240
5518.2490000000,0.0001361672
5518.2690000000,0.0001361889
5518.2960000000,0.0001363536
5518.2970000000,0.0001363536
5518.3190000000,0.0001363536
5518.3460000000,0.0001365182
5518.3470000000,0.0001365473
5518.3700000000,0.0001367371
5518.3960000000,0.0001367371
5518.3970000000,0.0001367371
5518.4190000000,0.0001369269
5518.4470000000,0.0001369269
5518.4490000000,0.0001369269
5518.4700000000,0.0001371165
5518.4960000000,0.0001371165
5518.4960000000,0.0001371165
5518.5190000000,0.0001373060
5518.5460000000,0.0001373060
5518.5460000000,0.0001373060
5518.5700000000,0.0001374953
5518.5960000000,0.0001374953
5518.5960000000,0.0001374953
5518.6190000000,0.0001376845
5518.6460000000,0.0001376845
5518.6470000000,0.0001376845
5518.6690000000,0.0001378735
5518.6960000000,0.0001378735
5518.6970000000,0.0001378735
5518.7190000000,0.0001380624
5518.7460000000,0.0001380624
5518.7470000000,0.0001380624
5518.7690000000,0.0001382511
5518.7960000000,0.0001382511
5518.7960000000,0.0001382511
5518.8190000000,0.0001384398
5518.8460000000,0.0001384398
5518.8460000000,0.0001384398
5518.8690000000,0.0001386283
5518.8970000000,0.0001386283
5518.8970000000,0.0001386283
5518.9190000000,0.0001388167
5518.9470000000,0.0001388167
5518.9470000000,0.0001388167
5518.9700000000,0.0001390050
5518.9960000000,0.0001390050
5518.9960000000,0.0001390050
5519.0190000000,0.0001391932
5519.0460000000,0.0001391932
5519.0460000000,0.0001391932
5519.0710000000,0.0001393813
5519.0970000000,0.0001393813
5519.0970000000,0.0001393813
5519.1190000000,0.0001395692
5519.1460000000,0.0001395692
5519.1480000000,0.0001395692
5519.1690000000,0.0001397570
5519.1960000000,0.0001397570
5519.1960000000,0.0001397570
5519.2190000000,0.0001399447
5519.2460000000,0.0001399447
5519.2460000000,0.0001399447
5519.2690000000,0.0001401322
5519.2960000000,0.0001401322
5519.2960000000,0.0001401322
5519.3200000000,0.0001403195
5519.3470000000,0.0001403195
5519.3470000000,0.0001403195
5519.3730000000,0.0001405067
5519.3960000000,0.0001405067
5519.3960000000,0.0001405067
5519.4200000000,0.0001406938
5519.4460000000,0.0001406938
5519.4460000000,0.0001406938
5519.4690000000,0.0001408807
5519.4960000000,0.0001408807
5519.4970000000,0.0001408807
5519.5190000000,0.0001410675
5519.5460000000,0.0001410675
5519.5460000000,0.0001410675
5519.5690000000,0.0001412541
5519.5960000000,0.0001412541
5519.5960000000,0.0001412541
5519.6220000000,0.0001414407
5519.6460000000,0.0001414407
5519.6470000000,0.0001414407
5519.6690000000,0.0001416271
5519.6960000000,0.0001416271
5519.6960000000,0.0001416271
5519.7190000000,0.0001418135
5519.7460000000,0.0001418135
5519.7460000000,0.0001418135
5519.7700000000,0.0001419997
5519.7960000000,0.0001419997
5519.7980000000,0.0001419997
5519.8190000000,0.0001421859
5519.8470000000,0.0001421859
5519.8470000000,0.0001421859
5519.8690000000,0.0001423719
5519.8960000000,0.0001423719
5519.8960000000,0.0001423719
5519.9190000000,0.0001425578
5519.9460000000,0.0001425578
5519.9460000000,0.0001425578
5519.9690000000,0.0001427435
5519.9970000000,0.0001427435
5519.9970000000,0.0001427435
5520.0200000000,0.0001429290
5520.0460000000,0.0001429290
5520.0460000000,0.0001429290
5520.0700000000,0.0001431144
5520.0960000000,0.0001431144
5520.0970000000,0.0001431144
5520.1200000000,0.0001432997
5520.1460000000,0.0001432997
5520.1460000000,0.0001432997
5520.1690000000,0.0001434847
5520.1960000000,0.0001434847
5520.1960000000,0.0001434847
5520.2190000000,0.0001436697
5520.2460000000,0.0001436697
5520.2460000000,0.0001436697
5520.2700000000,0.0001438544
5520.2960000000,0.0001438544
5520.2960000000,0.0001438544
5520.3190000000,0.0001440391
5520.3460000000,0.0001440391
5520.3470000000,0.0001440391
5520.3690000000,0.0001442236
5520.3960000000,0.0001442236
5520.3980000000,0.0001442236
5520.4190000000,0.0001444081
5520.4460000000,0.0001444081
5520.4460000000,0.0001444081
5520.4690000000,0.0001445924
5520.4960000000,0.0001445924
5520.4960000000,0.0001445924
5520.5200000000,0.0001447765
5520.5460000000,0.0001447765
5520.5460000000,0.0001447765
5520.5700000000,0.0001449606
5520.5960000000,0.0001449606
5520.5960000000,0.0001449606
5520.6190000000,0.0001451445
5520.6460000000,0.0001451445
5520.6480000000,0.0001451445
5520.6690000000,0.0001453282
5520.6960000000,0.0001453282
5520.6960000000,0.0001453282
5520.7200000000,0.0001455118
5520.7470000000,0.0001455118
5520.7480000000,0.0001455118
5520.7690000000,0.0001456777
5520.7960000000,0.0001456952
5520.7970000000,0.0001456952
5520.8200000000,0.0001458364
5520.8460000000,0.0001458785
5520.8460000000,0.0001458785
5520.8690000000,0.0001459949
5520.8960000000,0.0001460616
5520.8960000000,0.0001460616
5520.9210000000,0.0001461534
5520.9460000000,0.0001461534
5520.9460000000,0.0001462445
5520.9710000000,0.0001463117
5520.9960000000,0.0001463117
5520.9960000000,0.0001464273
5521.0190000000,0.0001464698
5521.0470000000,0.0001466100
5521.0490000000,0.0001466100
5521.0710000000,0.0001467778
5521.0960000000,0.0001467778
5521.0960000000,0.0001467925
5521.1190000000,0.0001469357
5521.1470000000,0.0001469749
5521.1480000000,0.0001469749
5521.1690000000,0.0001471571
5521.1960000000,0.0001471571
5521.1970000000,0.0001471571
5521.2190000000,0.0001473393
5521.2460000000,0.0001473393
5521.2470000000,0.0001473393
5521.2690000000,0.0001475213
5521.2960000000,0.0001475213
5521.2960000000,0.0001475213
5521.3190000000,0.0001477007
5521.3460000000,0.0001477007
5521.3460000000,0.0001477031
5521.3690000000,0.0001478578
5521.3960000000,0.0001478848
5521.3970000000,0.0001478848
5521.4190000000,0.0001480664
5521.4460000000,0.0001480664
5521.4460000000,0.0001480664
5521.4690000000,0.0001482478
5521.4960000000,0.0001482478
5521.4960000000,0.0001482478
5521.5190000000,0.0001484290
5521.5460000000,0.0001484290
5521.5460000000,0.0001484290
5521.5690000000,0.0001486071
5521.5960000000,0.0001486071
5521.5960000000,0.0001486101
5521.6190000000,0.0001487637
5521.6460000000,0.0001487910
5521.6460000000,0.0001487910
5521.6690000000,0.0001489718
5521.6960000000,0.0001489718
5521.6960000000,0.0001489718
5521.7200000000,0.0001491524
5521.7460000000,0.0001491524
5521.7460000000,0.0001491524
5521.7690000000,0.0001493329
5521.7960000000,0.0001493329
5521.7970000000,0.0001493329
5521.8190000000,0.0001494984
5521.8460000000,0.0001494984
5521.8460000000,0.0001495132
5521.8690000000,0.0001496544
5521.8960000000,0.0001496935
5521.8980000000,0.0001496935
5521.9190000000,0.0001498736
5521.9460000000,0.0001498736
5521.9460000000,0.0001498736
5521.9690000000,0.0001500536
5521.9970000000,0.0001500536
5521.9970000000,0.0001500536
5522.0190000000,0.0001502199
5522.0470000000,0.0001502199
5522.0470000000,0.0001502335
5522.0700000000,0.0001503754
5522.0960000000,0.0001504119
5522.0970000000,0.0001504133
5522.1190000000,0.0001505890
5522.1460000000,0.0001505929
5522.1480000000,0.0001505929
5522.1690000000,0.0001507660
5522.1960000000,0.0001507723
5522.1960000000,0.0001507723
5522.2200000000,0.0001509295
5522.2460000000,0.0001509295
5522.2470000000,0.0001509516
5522.2700000000,0.0001510845
5522.2960000000,0.0001511308
5522.2960000000,0.0001511308
5522.3200000000,0.0001512394
5522.3460000000,0.0001512394
5522.3480000000,0.0001513098
5522.3690000000,0.0001513942
5522.3960000000,0.0001513942
5522.3970000000,0.0001514886
5522.4190000000,0.0001515488
5522.4460000000,0.0001516285
5522.4460000000,0.0001516672
5522.4690000000,0.0001517830
5522.4960000000,0.0001518457
5522.4960000000,0.0001518457
5522.5190000000,0.0001519373
5522.5450000000,0.0001519373
5522.5470000000,0.0001520241
5522.5690000000,0.0001520915
5522.5970000000,0.0001521633
5522.5980000000,0.0001522023
5522.6200000000,0.0001523174
5522.6460000000,0.0001523804
5522.6470000000,0.0001523804
5522.6700000000,0.0001524713
5522.6960000000,0.0001524713
5522.6960000000,0.0001525583
5522.7190000000,0.0001526251
5522.7460000000,0.0001527361
5522.7460000000,0.0001527361
5522.7690000000,0.0001528433
5522.7960000000,0.0001529138
5522.7960000000,0.0001529138
5522.8200000000,0.0001529968
5522.8460000000,0.0001530913
5522.8460000000,0.0001530913
5522.8700000000,0.0001531502
5522.8960000000,0.0001532687
5522.8980000000,0.0001532687
5522.9190000000,0.0001533035
5522.9460000000,0.0001533035
5522.9460000000,0.0001534459
5522.9720000000,0.0001534567
5522.9960000000,0.0001536097
5522.9960000000,0.0001536230
5523.0200000000,0.0001536678
5523.0470000000,0.0001537999
5523.0480000000,0.0001537999
5523.0710000000,0.0001538208
5523.0970000000,0.0001539736
5523.0970000000,0.0001539736
5523.1190000000,0.0001539736
5523.1460000000,0.0001541262
5523.1470000000,0.0001541532
5523.1700000000,0.0001542700
5523.1970000000,0.0001542700
5523.1970000000,0.0001543296
5523.2190000000,0.0001544434
5523.2460000000,0.0001544437
5523.2460000000,0.0001545059
5523.2690000000,0.0001546169
5523.2960000000,0.0001546820
5523.2980000000,0.0001546820
5523.3190000000,0.0001547900
5523.3460000000,0.0001547900
5523.3460000000,0.0001548581
5523.3690000000,0.0001549629
5523.3960000000,0.0001549631
5523.3960000000,0.0001550340
5523.4190000000,0.0001551358
5523.4460000000,0.0001551358
5523.4460000000,0.0001552098
5523.4690000000,0.0001553083
5523.4960000000,0.0001553855
5523.4960000000,0.0001553855
5523.5190000000,0.0001554807
5523.5460000000,0.0001555610
5523.5470000000,0.0001555610
5523.5690000000,0.0001556528
5523.5960000000,0.0001556528
5523.5970000000,0.0001557364
5523.6190000000,0.0001558247
5523.6460000000,0.0001558249
5523.6460000000,0.0001559117
5523.6710000000,0.0001559967
5523.6960000000,0.0001559967
5523.6960000000,0.0001560868
5523.7190000000,0.0001561682
5523.7460000000,0.0001561684
5523.7460000000,0.0001562617
5523.7700000000,0.0001563398
5523.7960000000,0.0001564365
5523.7970000000,0.0001564365
5523.8190000000,0.0001565110
5523.8460000000,0.0001565110
5523.8470000000,0.0001566111
5523.8690000000,0.0001566821
5523.8960000000,0.0001567856
5523.8960000000,0.0001567856
5523.9210000000,0.0001568532
5523.9460000000,0.0001569600
5523.9460000000,0.0001569600
5523.9690000000,0.0001570239
5523.9960000000,0.0001571342
5523.9960000000,0.0001571342
5524.0200000000,0.0001571945
5524.0460000000,0.0001571945
5524.0460000000,0.0001573082
5524.0690000000,0.0001573650
5524.0960000000,0.0001574821
5524.0960000000,0.0001574821
5524.1190000000,0.0001575352
5524.1460000000,0.0001575352
5524.1470000000,0.0001576558
5524.1700000000,0.0001577053
5524.1960000000,0.0001577053
5524.1960000000,0.0001578293
5524.2190000000,0.0001578751
5524.2460000000,0.0001578753
5524.2460000000,0.0001580027
5524.2690000000,0.0001580449
5524.2950000000,0.0001581759
5524.2950000000,0.0001581759
5524.3190000000,0.0001582144
5524.3460000000,0.0001582144
5524.3480000000,0.0001583489
5524.3690000000,0.0001583836
5524.3970000000,0.0001583836
5524.3980000000,0.0001585218
5524.4190000000,0.0001585527
5524.4460000000,0.0001585528
5524.4460000000,0.0001586946
5524.4690000000,0.0001587217
5524.4960000000,0.0001588673
5524.4960000000,0.0001588673
5524.5200000000,0.0001588904
5524.5470000000,0.0001590398
5524.5490000000,0.0001590398
5524.5690000000,0.0001590590
5524.5960000000,0.0001592123
5524.5960000000,0.0001592123
5524.6190000000,0.0001592274
5524.6460000000,0.0001593845
5524.6470000000,0.0001593845
5524.6690000000,0.0001593957
5524.6960000000,0.0001595567
5524.6960000000,0.0001595567
5524.7190000000,0.0001595638
5524.7460000000,0.0001597287
5524.7470000000,0.0001597287
5524.7700000000,0.0001597317
5524.7960000000,0.0001597317
5524.7970000000,0.0001598994
5524.8190000000,0.0001598994
5524.8460000000,0.0001598994
5524.8460000000,0.0001600669
5524.8690000000,0.0001602438
5524.8960000000,0.0001602438
5524.8970000000,0.0001602438
5524.9210000000,0.0001604152
5524.9460000000,0.0001604152
5524.9460000000,0.0001604152
5524.9710000000,0.0001605865
5524.9970000000,0.0001605865
5524.9970000000,0.0001605865
5525.0200000000,0.0001607576
5525.0460000000,0.0001607576
5525.0460000000,0.0001607576
5525.0690000000,0.0001609285
5525.0970000000,0.0001609285
5525.0970000000,0.0001609285
5525.1200000000,0.0001610993
5525.1460000000,0.0001610993
5525.1460000000,0.0001610993
5525.1700000000,0.0001612699
5525.1960000000,0.0001612699
5525.1960000000,0.0001612699
5525.2190000000,0.0001614405
5525.2460000000,0.0001614405
5525.2460000000,0.0001614405
5525.2690000000,0.0001616109
5525.2960000000,0.0001616109
5525.2960000000,0.0001616109
5525.3190000000,0.0001617812
5525.3470000000,0.0001617812
5525.3470000000,0.0001617812
5525.3710000000,0.0001619514
5525.3960000000,0.0001619514
5525.3970000000,0.0001619514
5525.4190000000,0.0001621214
5525.4460000000,0.0001621214
5525.4470000000,0.0001621214
5525.4690000000,0.0001622914
5525.4960000000,0.0001622914
5525.4960000000,0.0001622914
5525.5190000000,0.0001624612
5525.5460000000,0.0001624612
5525.5460000000,0.0001624612
5525.5690000000,0.0001626309
5525.5960000000,0.0001626309
5525.5970000000,0.0001626309
5525.6190000000,0.0001628004
5525.6460000000,0.0001628004
5525.6470000000,0.0001628004
5525.6690000000,0.0001629698
5525.6960000000,0.0001629698
5525.6960000000,0.0001629698
5525.7190000000,0.0001631391
5525.7460000000,0.0001631391
5525.7460000000,0.0001631391
5525.7690000000,0.0001633081
5525.7960000000,0.0001633081
5525.7960000000,0.0001633081
5525.8190000000,0.0001634770
5525.8460000000,0.0001634770
5525.8470000000,0.0001634770
5525.8690000000,0.0001636458
5525.8970000000,0.0001636458
5525.8970000000,0.0001636458
5525.9190000000,0.0001638144
5525.9460000000,0.0001638144
5525.9460000000,0.0001638144
5525.9700000000,0.0001639829
5525.9960000000,0.0001639829
5525.9960000000,0.0001639829
5526.0190000000,0.0001641277
5526.0460000000,0.0001641512
5526.0460000000,0.0001641512
5526.0690000000,0.0001642725
5526.0970000000,0.0001642725
5526.0980000000,0.0001643195
5526.1190000000,0.0001644171
5526.1460000000,0.0001644171
5526.1470000000,0.0001644876
5526.1690000000,0.0001645615
5526.1960000000,0.0001646488
5526.1960000000,0.0001646556
5526.2200000000,0.0001647931
5526.2460000000,0.0001647931
5526.2470000000,0.0001648235
5526.2690000000,0.0001649373
5526.2960000000,0.0001649913
5526.2960000000,0.0001649913
5526.3190000000,0.0001651589
5526.3460000000,0.0001651589
5526.3460000000,0.0001651589
5526.3690000000,0.0001653037
5526.3970000000,0.0001653037
5526.3970000000,0.0001653264
5526.4190000000,0.0001654475
5526.4470000000,0.0001654938
5526.4480000000,0.0001654938
5526.4690000000,0.0001656610
5526.4970000000,0.0001656610
5526.4970000000,0.0001656610
5526.5190000000,0.0001658052
5526.5460000000,0.0001658052
5526.5460000000,0.0001658281
5526.5700000000,0.0001659486
5526.5970000000,0.0001659950
5526.5970000000,0.0001659950
5526.6190000000,0.0001660918
5526.6460000000,0.0001660918
5526.6460000000,0.0001661618
5526.6690000000,0.0001662348
5526.6970000000,0.0001663283
5526.6970000000,0.0001663283
5526.7200000000,0.0001663777
5526.7460000000,0.0001663777
5526.7470000000,0.0001664948
5526.7690000000,0.0001665205
5526.7970000000,0.0001666611
5526.7970000000,0.0001666611
5526.8190000000,0.0001667267
5526.8460000000,0.0001667267
5526.8460000000,0.0001668273
5526.8690000000,0.0001668691
5526.8970000000,0.0001669264
5526.8970000000,0.0001669934
5526.9190000000,0.0001670687
5526.9470000000,0.0001670687
5526.9470000000,0.0001671594
5526.9690000000,0.0001672108
5526.9970000000,0.0001673253
5526.9970000000,0.0001673253
5527.0210000000,0.0001674044
5527.0460000000,0.0001674911
5527.0460000000,0.0001674911
5527.0690000000,0.0001675463
5527.0970000000,0.0001675463
5527.0970000000,0.0001676567
5527.1190000000,0.0001676880
5527.1460000000,0.0001678222
5527.1470000000,0.0001678222
5527.1690000000,0.0001678296
5527.1980000000,0.0001678296
5527.1990000000,0.0001679710
5527.2190000000,0.0001679710
5527.2460000000,0.0001681123
5527.2460000000,0.0001681528
5527.2690000000,0.0001683006
5527.2960000000,0.0001683006
5527.2960000000,0.0001683179
5527.3190000000,0.0001684587
5527.3460000000,0.0001684589
5527.3470000000,0.0001684828
5527.3700000000,0.0001686169
5527.3960000000,0.0001686169
5527.3960000000,0.0001686475
5527.4190000000,0.0001687746
5527.4460000000,0.0001688121
5527.4460000000,0.0001688121
5527.4700000000,0.0001689323
5527.4960000000,0.0001689323
5527.4960000000,0.0001689765
5527.5190000000,0.0001690896
5527.5460000000,0.0001691408
5527.5460000000,0.0001691408
5527.5690000000,0.0001692467
5527.5980000000,0.0001693050
5527.5980000000,0.0001693050
5527.6190000000,0.0001694036
5527.6460000000,0.0001694036
5527.6460000000,0.0001694691
5527.6690000000,0.0001695602
5527.6960000000,0.0001695602
5527.6970000000,0.0001696330
5527.7190000000,0.0001697165
5527.7460000000,0.0001697968
5527.7470000000,0.0001697968
5527.7700000000,0.0001698727
5527.7960000000,0.0001699605
5527.7970000000,0.0001699605
5527.8190000000,0.0001700286
5527.8470000000,0.0001701241
5527.8480000000,0.0001701241
5527.8690000000,0.0001701843
5527.8970000000,0.0001702876
5527.8970000000,0.0001702876
5527.9200000000,0.0001703397
5527.9460000000,0.0001704509
5527.9460000000,0.0001704509
5527.9710000000,0.0001704950
5527.9960000000,0.0001706141
5527.9960000000,0.0001706141
5528.0220000000,0.0001706500
5528.0460000000,0.0001706500
5528.0460000000,0.0001707771
5528.0690000000,0.0001708048
5528.0960000000,0.0001708049
5528.0960000000,0.0001709400
5528.1190000000,0.0001709594
5528.1460000000,0.0001711028
5528.1460000000,0.0001711028
5528.1700000000,0.0001711137
5528.1970000000,0.0001711137
5528.1970000000,0.0001712654
5528.2190000000,0.0001712678
5528.2470000000,0.0001714217
5528.2470000000,0.0001714217
5528.2690000000,0.0001714217
5528.2960000000,0.0001714218
5528.2960000000,0.0001715755
5528.3190000000,0.0001717522
5528.3460000000,0.0001717522
5528.3460000000,0.0001717522
5528.3700000000,0.0001719142
5528.3960000000,0.0001719142
5528.3960000000,0.0001719142
5528.4190000000,0.0001720760
5528.4470000000,0.0001720760
5528.4470000000,0.0001720760
5528.4690000000,0.0001722378
5528.4960000000,0.0001722378
5528.4960000000,0.0001722378
5528.5190000000,0.0001723995
5528.5460000000,0.0001723995
5528.5460000000,0.0001723995
5528.5690000000,0.0001725610
5528.5960000000,0.0001725610
5528.5970000000,0.0001725610
5528.6200000000,0.0001727224
5528.6460000000,0.0001727224
5528.6470000000,0.0001727224
5528.6700000000,0.0001728837
5528.6970000000,0.0001728837
5528.6970000000,0.0001728837
5528.7200000000,0.0001730449
5528.7460000000,0.0001730449
5528.7460000000,0.0001730449
5528.7700000000,0.0001732059
5528.7960000000,0.0001732059
5528.7960000000,0.0001732059
5528.8200000000,0.0001733667
5528.8470000000,0.0001733667
5528.8470000000,0.0001733667
5528.8690000000,0.0001735275
5528.8960000000,0.0001735275
5528.8960000000,0.0001735275
5528.9190000000,0.0001736880
5528.9470000000,0.0001736880
5528.9490000000,0.0001736880
5528.9690000000,0.0001738484
5528.9960000000,0.0001738484
5528.9960000000,0.0001738484
5529.0190000000,0.0001740087
5529.0460000000,0.0001740087
5529.0460000000,0.0001740087
5529.0690000000,0.0001741688
5529.0960000000,0.0001741688
5529.0960000000,0.0001741688
5529.1190000000,0.0001743288
5529.1460000000,0.0001743288
5529.1460000000,0.0001743288
5529.1700000000,0.0001744887
5529.1960000000,0.0001744887
5529.1970000000,0.0001744887
5529.2190000000,0.0001746485
5529.2460000000,0.0001746485
5529.2470000000,0.0001746485
5529.2690000000,0.0001748082
5529.2960000000,0.0001748082
5529.2960000000,0.0001748082
5529.3200000000,0.0001749678
5529.3460000000,0.0001749678
5529.3460000000,0.0001749678
5529.3690000000,0.0001751220
5529.3960000000,0.0001751273
5529.3960000000,0.0001751273
5529.4190000000,0.0001752708
5529.4460000000,0.0001752866
5529.4460000000,0.0001752866
5529.4690000000,0.0001754194
5529.4960000000,0.0001754458
5529.4960000000,0.0001754458
5529.5190000000,0.0001755677
5529.5460000000,0.0001755677
5529.5460000000,0.0001756048
5529.5700000000,0.0001757159
5529.5960000000,0.0001757160
5529.5970000000,0.0001757638
5529.6190000000,0.0001758640
5529.6460000000,0.0001759225
5529.6470000000,0.0001759225
5529.6690000000,0.0001760118
5529.6960000000,0.0001760118
5529.6960000000,0.0001760811
5529.7190000000,0.0001761595
5529.7460000000,0.0001761595
5529.7470000000,0.0001762396
5529.7690000000,0.0001763070
5529.7970000000,0.0001763070
5529.7970000000,0.0001763979
5529.8190000000,0.0001764544
5529.8470000000,0.0001764544
5529.8470000000,0.0001765561
5529.8690000000,0.0001766016
5529.8970000000,0.0001767141
5529.8970000000,0.0001767141
5529.9190000000,0.0001767486
5529.9460000000,0.0001768721
5529.9460000000,0.0001768721
5529.9690000000,0.0001768955
5529.9960000000,0.0001768955
5529.9960000000,0.0001770299
5530.0190000000,0.0001770422
5530.0470000000,0.0001771876
5530.0470000000,0.0001771876
5530.0700000000,0.0001771888
5530.0970000000,0.0001771888
5530.0970000000,0.0001773352
5530.1190000000,0.0001773352
5530.1490000000,0.0001774814
5530.1490000000,0.0001774814
5530.1690000000,0.0001775186
5530.1970000000,0.0001775186
5530.1970000000,0.0001776509
5530.2190000000,0.0001776509
5530.2460000000,0.0001777830
5530.2460000000,0.0001778173
5530.2700000000,0.0001779744
5530.2980000000,0.0001779744
5530.2980000000,0.0001779744
5530.3190000000,0.0001781314
5530.3470000000,0.0001781314
5530.3470000000,0.0001781314
5530.3690000000,0.0001782883
5530.3960000000,0.0001782883
5530.3990000000,0.0001782883
5530.4190000000,0.0001784451
5530.4460000000,0.0001784451
5530.4470000000,0.0001784451
5530.4690000000,0.0001786017
5530.4960000000,0.0001786017
5530.4970000000,0.0001786017
5530.5190000000,0.0001787582
5530.5470000000,0.0001787582
5530.5470000000,0.0001787582
5530.5690000000,0.0001789145
5530.5960000000,0.0001789145
5530.5960000000,0.0001789145
5530.6200000000,0.0001790707
5530.6460000000,0.0001790707
5530.6460000000,0.0001790707
5530.6700000000,0.0001792269
5530.6960000000,0.0001792269
5530.6960000000,0.0001792269
5530.7190000000,0.0001793828
5530.7470000000,0.0001793828
5530.7480000000,0.0001793828
5530.7690000000,0.0001795387
5530.7960000000,0.0001795387
5530.7960000000,0.0001795387
5530.8200000000,0.0001796944
5530.8460000000,0.0001796944
5530.8470000000,0.0001796944
5530.8700000000,0.0001798420
5530.8960000000,0.0001798501
5530.8960000000,0.0001798501
5530.9200000000,0.0001799852
5530.9460000000,0.0001799852
5530.9470000000,0.0001800056
5530.9690000000,0.0001801281
5530.9960000000,0.0001801610
5530.9960000000,0.0001801610
5531.0190000000,0.0001802708
5531.0460000000,0.0001803163
5531.0460000000,0.0001803163
5531.0690000000,0.0001804132
5531.0970000000,0.0001804715
5531.0970000000,0.0001804715
5531.1200000000,0.0001805553
5531.1460000000,0.0001805553
5531.1470000000,0.0001806266
5531.1690000000,0.0001806973
5531.1970000000,0.0001807815
5531.1970000000,0.0001807815
5531.2190000000,0.0001808389
5531.2460000000,0.0001808389
5531.2460000000,0.0001809363
5531.2690000000,0.0001809803
5531.2960000000,0.0001809804
5531.2960000000,0.0001810910
5531.3200000000,0.0001811215
5531.3460000000,0.0001811215
5531.3470000000,0.0001812455
5531.3690000000,0.0001812625
5531.3960000000,0.0001812625
5531.3960000000,0.0001813999
5531.4200000000,0.0001814032
5531.4460000000,0.0001815437
5531.4470000000,0.0001815437
5531.4690000000,0.0001815437
5531.4950000000,0.0001816839
5531.4960000000,0.0001816840
5531.5200000000,0.0001818623
5531.5460000000,0.0001818623
5531.5460000000,0.0001818623
5531.5690000000,0.0001820163
5531.5960000000,0.0001820163
5531.5960000000,0.0001820163
5531.6190000000,0.0001821701
5531.6470000000,0.0001821701
5531.6470000000,0.0001821701
5531.6690000000,0.0001823238
5531.6960000000,0.0001823238
5531.6970000000,0.0001823238
5531.7200000000,0.0001824774
5531.7460000000,0.0001824774
5531.7460000000,0.0001824774
5531.7690000000,0.0001826308
5531.7960000000,0.0001826308
5531.7960000000,0.0001826308
5531.8190000000,0.0001827842
5531.8460000000,0.0001827842
5531.8460000000,0.0001827842
5531.8690000000,0.0001829374
5531.8970000000,0.0001829374
5531.8990000000,0.0001829374
5531.9190000000,0.0001830905
5531.9460000000,0.0001830905
5531.9470000000,0.0001830905
5531.9690000000,0.0001832384
5531.9960000000,0.0001832434
5531.9970000000,0.0001832434
5532.0190000000,0.0001833765
5532.0460000000,0.0001833765
5532.0460000000,0.0001833963
5532.0710000000,0.0001835144
5532.0960000000,0.0001835144
5532.0960000000,0.0001835490
5532.1200000000,0.0001836521
5532.1460000000,0.0001837016
5532.1470000000,0.0001837016
5532.1690000000,0.0001837897
5532.1960000000,0.0001838541
5532.1970000000,0.0001838541
5532.2200000000,0.0001839270
5532.2460000000,0.0001839270
5532.2460000000,0.0001840065
5532.2700000000,0.0001840643
5532.2960000000,0.0001841587
5532.2960000000,0.0001841587
5532.3200000000,0.0001842013
5532.3460000000,0.0001842013
5532.3460000000,0.0001843109
5532.3700000000,0.0001843382
5532.3960000000,0.0001844630
5532.3960000000,0.0001844630
5532.4190000000,0.0001844749
5532.4460000000,0.0001844749
5532.4470000000,0.0001846115
5532.4700000000,0.0001846115
5532.4960000000,0.0001846115
5532.4970000000,0.0001847479
5532.5190000000,0.0001848898
5532.5460000000,0.0001848898
5532.5460000000,0.0001849185
5532.5690000000,0.0001850145
5532.5960000000,0.0001850701
5532.5960000000,0.0001850701
5532.6190000000,0.0001852216
5532.6460000000,0.0001852216
5532.6460000000,0.0001852216
5532.6700000000,0.0001853730
5532.6970000000,0.0001853730
5532.6970000000,0.0001853730
5532.7190000000,0.0001855018
5532.7460000000,0.0001855242
5532.7460000000,0.0001855242
5532.7690000000,0.0001856260
5532.7970000000,0.0001856754
5532.7970000000,0.0001856754
5532.8200000000,0.0001857500
5532.8460000000,0.0001858264
5532.8460000000,0.0001858264
5532.8690000000,0.0001858739
5532.8960000000,0.0001859773
5532.8960000000,0.0001859773
5532.9190000000,0.0001859977
5532.9460000000,0.0001861214
5532.9460000000,0.0001861214
5532.9690000000,0.0001861214
5532.9960000000,0.0001862239
5532.9960000000,0.0001862788
5533.0190000000,0.0001863744
5533.0460000000,0.0001863744
5533.0460000000,0.0001864294
5533.0700000000,0.0001865092
5533.0960000000,0.0001865092
5533.0960000000,0.0001865799
5533.1190000000,0.0001866438
5533.1470000000,0.0001867302
5533.1470000000,0.0001867302
5533.1690000000,0.0001867784
5533.1970000000,0.0001868805
5533.1970000000,0.0001868805
5533.2190000000,0.0001869127
5533.2460000000,0.0001869127
5533.2460000000,0.0001870306
5533.2690000000,0.0001870469
5533.2960000000,0.0001870469
5533.2960000000,0.0001871806
5533.3190000000,0.0001871810
5533.3460000000,0.0001871810
5533.3460000000,0.0001873150
5533.3700000000,0.0001873150
5533.3960000000,0.0001874488
5533.3960000000,0.0001874488
5533.4190000000,0.0001876301
5533.4460000000,0.0001876301
5533.4470000000,0.0001876301
5533.4690000000,0.0001877797
5533.4970000000,0.0001877797
5533.4970000000,0.0001877797
5533.5190000000,0.0001879292
5533.5460000000,0.0001879292
5533.5460000000,0.0001879292
5533.5700000000,0.0001880787
5533.5960000000,0.0001880787
5533.5960000000,0.0001880787
5533.6190000000,0.0001882265
5533.6460000000,0.0001882280
5533.6460000000,0.0001882280
5533.6690000000,0.0001883595
5533.6980000000,0.0001883772
5533.6980000000,0.0001883772
5533.7190000000,0.0001884923
5533.7470000000,0.0001885263
5533.7470000000,0.0001885263
5533.7690000000,0.0001886250
5533.7970000000,0.0001886753
5533.7970000000,0.0001886753
5533.8190000000,0.0001887575
5533.8470000000,0.0001887575
5533.8470000000,0.0001888242
5533.8690000000,0.0001888898
5533.8970000000,0.0001888898
5533.8980000000,0.0001889730
5533.9190000000,0.0001890219
5533.9450000000,0.0001891217
5533.9450000000,0.0001891217
5533.9690000000,0.0001891540
5533.9960000000,0.0001891540
5533.9970000000,0.0001892703
5534.0200000000,0.0001892858
5534.0460000000,0.0001892859
5534.0460000000,0.0001894176
5534.0690000000,0.0001894176
5534.0960000000,0.0001894176
5534.0960000000,0.0001895492
5534.1190000000,0.0001897155
5534.1460000000,0.0001897155
5534.1460000000,0.0001897155
5534.1690000000,0.0001898638
5534.1980000000,0.0001898638
5534.1990000000,0.0001898638
5534.2190000000,0.0001900120
5534.2460000000,0.0001900120
5534.2460000000,0.0001900120
5534.2690000000,0.0001901601
5534.2960000000,0.0001901601
5534.2970000000,0.0001901601
5534.3190000000,0.0001902938
5534.3460000000,0.0001903081
5534.3460000000,0.0001903081
5534.3700000000,0.0001904248
5534.3960000000,0.0001904248
5534.3960000000,0.0001904560
5534.4190000000,0.0001905555
5534.4460000000,0.0001905555
5534.4460000000,0.0001906038
5534.4690000000,0.0001906861
5534.4970000000,0.0001906861
5534.4980000000,0.0001907515
5534.5190000000,0.0001908165
5534.5460000000,0.0001908165
5534.5460000000,0.0001908991
5534.5700000000,0.0001909468
5534.5960000000,0.0001910466
5534.5960000000,0.0001910466
5534.6210000000,0.0001910768
5534.6460000000,0.0001911939
5534.6480000000,0.0001911939
5534.6690000000,0.0001912067
5534.6960000000,0.0001912067
5534.6960000000,0.0001913364
5534.7190000000,0.0001913364
5534.7460000000,0.0001913364
5534.7460000000,0.0001914659
5534.7700000000,0.0001916355
5534.7970000000,0.0001916355
5534.7970000000,0.0001916355
5534.8200000000,0.0001917826
5534.8460000000,0.0001917826
5534.8460000000,0.0001917826
5534.8700000000,0.0001919220
5534.8960000000,0.0001919220
5534.8960000000,0.0001919296
5534.9190000000,0.0001920509
5534.9470000000,0.0001920509
5534.9470000000,0.0001920765
5534.9690000000,0.0001921797
5534.9960000000,0.0001922233
5534.9960000000,0.0001922233
5535.0190000000,0.0001923083
5535.0460000000,0.0001923700
5535.0460000000,0.0001923700
5535.0690000000,0.0001924367
5535.0960000000,0.0001924367
5535.0960000000,0.0001925166
5535.1200000000,0.0001925650
5535.1460000000,0.0001926631
5535.1460000000,0.0001926631
5535.1700000000,0.0001926931
5535.1960000000,0.0001926931
5535.1970000000,0.0001928094
5535.2200000000,0.0001928210
5535.2460000000,0.0001928210
5535.2470000000,0.0001929488
5535.2700000000,0.0001929488
5535.2980000000,0.0001930764
5535.2980000000,0.0001930764
5535.3190000000,0.0001932477
5535.3470000000,0.0001932477
5535.3470000000,0.0001932477
5535.3700000000,0.0001933818
5535.3960000000,0.0001933937
5535.3960000000,0.0001933937
5535.4190000000,0.0001935092
5535.4460000000,0.0001935396
5535.4480000000,0.0001935396
5535.4690000000,0.0001936364
5535.4960000000,0.0001936855
5535.4960000000,0.0001936855
5535.5190000000,0.0001937622
5535.5460000000,0.0001937622
5535.5460000000,0.0001938313
5535.5690000000,0.0001938787
5535.5960000000,0.0001939770
5535.5960000000,0.0001939770
5535.6200000000,0.0001939951
5535.6470000000,0.0001941115
5535.6490000000,0.0001941115
5535.6690000000,0.0001941115
5535.6960000000,0.0001942277
5535.6960000000,0.0001942683
5535.7190000000,0.0001942708
5535.7460000000,0.0001942708
5535.7460000000,0.0001943974
5535.7690000000,0.0001943974
5535.7960000000,0.0001943974
5535.7970000000,0.0001945239
5535.8200000000,0.0001946840
5535.8460000000,0.0001947047
5535.8470000000,0.0001947047
5535.8690000000,0.0001948104
5535.8960000000,0.0001948500
5535.8960000000,0.0001948500
5535.9190000000,0.0001949367
5535.9460000000,0.0001949952
5535.9460000000,0.0001949952
5535.9690000000,0.0001950629
5535.9970000000,0.0001950629
5535.9970000000,0.0001951404
5536.0200000000,0.0001951890
5536.0460000000,0.0001951890
5536.0460000000,0.0001952855
5536.0690000000,0.0001953150
5536.0960000000,0.0001953150
5536.0960000000,0.0001954304
5536.1190000000,0.0001954409
5536.1460000000,0.0001954409
5536.1470000000,0.0001955668
5536.1690000000,0.0001955668
5536.1960000000,0.0001955668
5536.1980000000,0.0001956925
5536.2190000000,0.0001958366
5536.2460000000,0.0001958645
5536.2460000000,0.0001958645
5536.2700000000,0.0001959623
5536.2960000000,0.0001959623
5536.2960000000,0.0001960089
5536.3210000000,0.0001960879
5536.3460000000,0.0001960879
5536.3470000000,0.0001961533
5536.3690000000,0.0001962135
5536.3960000000,0.0001962975
5536.3970000000,0.0001962975
5536.4190000000,0.0001963390
5536.4460000000,0.0001963390
5536.4460000000,0.0001964416
5536.4700000000,0.0001964644
5536.4960000000,0.0001965855
5536.4970000000,0.0001965855
5536.5180000000,0.0001965898
5536.5460000000,0.0001965898
5536.5460000000,0.0001967152
5536.5700000000,0.0001967152
5536.5960000000,0.0001968405
5536.5970000000,0.0001968405
5536.6190000000,0.0001969702
5536.6460000000,0.0001969702
5536.6460000000,0.0001970166
5536.6700000000,0.0001970954
5536.6970000000,0.0001971601
5536.6970000000,0.0001971601
5536.7190000000,0.0001972207
5536.7470000000,0.0001973035
5536.7480000000,0.0001973035
5536.7690000000,0.0001973459
5536.7970000000,0.0001974467
5536.7970000000,0.0001974467
5536.8200000000,0.0001974711
5536.8460000000,0.0001975898
5536.8460000000,0.0001975898
5536.8700000000,0.0001975963
5536.8960000000,0.0001977215
5536.8980000000,0.0001977215
5536.9190000000,0.0001977215
5536.9460000000,0.0001978466
5536.9470000000,0.0001978466
5536.9690000000,0.0001979633
5536.9960000000,0.0001979633
5536.9960000000,0.0001980184
5537.0200000000,0.0001980884
5537.0460000000,0.0001980884
5537.0460000000,0.0001981611
5537.0700000000,0.0001982134
5537.0960000000,0.0001983036
5537.0980000000,0.0001983036
5537.1200000000,0.0001983385
5537.1460000000,0.0001983385
5537.1460000000,0.0001984459
5537.1700000000,0.0001984636
5537.1960000000,0.0001984636
5537.1970000000,0.0001985882
5537.2200000000,0.0001985887
5537.2460000000,0.0001987138
5537.2460000000,0.0001987138
5537.2690000000,0.0001987138
5537.2960000000,0.0001987138
5537.2960000000,0.0001988389
5537.3190000000,0.0001989439
5537.3460000000,0.0001989439
5537.3460000000,0.0001990142
5537.3690000000,0.0001990691
5537.3970000000,0.0001990691
5537.3970000000,0.0001991559
5537.4190000000,0.0001991942
5537.4460000000,0.0001991942
5537.4460000000,0.0001992976
5537.4690000000,0.0001993193
5537.4960000000,0.0001993193
5537.4970000000,0.0001994391
5537.5200000000,0.0001994445
5537.5460000000,0.0001994445
5537.5460000000,0.0001995696
5537.5700000000,0.0001995696
5537.5960000000,0.0001996948
5537.5970000000,0.0001996948
5537.6190000000,0.0001997893
5537.6460000000,0.0001997893
5537.6470000000,0.0001998630
5537.6710000000,0.0001999145
5537.6960000000,0.0002000041
5537.6960000000,0.0002000041
5537.7200000000,0.0002000396
5537.7460000000,0.0002001450
5537.7470000000,0.0002001450
5537.7690000000,0.0002001648
5537.7960000000,0.0002002859
5537.7960000000,0.0002002859
5537.8190000000,0.0002002900
5537.8460000000,0.0002004152
5537.8460000000,0.0002004152
5537.8700000000,0.0002004152
5537.8970000000,0.0002004152
5537.8980000000,0.0002005403
5537.9190000000,0.0002006254
5537.9460000000,0.0002006254
5537.9460000000,0.0002007076
5537.9690000000,0.0002007506
5537.9960000000,0.0002007506
5537.9960000000,0.0002008479
5538.0190000000,0.0002008758
5538.0480000000,0.0002009881
5538.0490000000,0.0002009881
5538.0700000000,0.0002010009
5538.0960000000,0.0002011261
5538.0970000000,0.0002011261
5538.1180000000,0.0002011261
5538.1460000000,0.0002011261
5538.1460000000,0.0002012513
5538.1690000000,0.0002012699
5538.1960000000,0.0002013829
5538.1960000000,0.0002013829
5538.2190000000,0.0002013829
5538.2460000000,0.0002014530
5538.2460000000,0.0002015477
5538.2690000000,0.0002015782
5538.2970000000,0.0002016873
5538.2970000000,0.0002016873
5538.3190000000,0.0002017033
5538.3460000000,0.0002018268
5538.3460000000,0.0002018268
5538.3690000000,0.0002018285
5538.3960000000,0.0002018285
5538.3970000000,0.0002019536
5538.4190000000,0.0002019536
5538.4470000000,0.0002019536
5538.4470000000,0.0002020788
5538.4700000000,0.0002021477
5538.4960000000,0.0002021477
5538.4960000000,0.0002022446
5538.5190000000,0.0002022728
5538.5460000000,0.0002023836
5538.5460000000,0.0002023836
5538.5690000000,0.0002023979
5538.5960000000,0.0002023979
5538.5960000000,0.0002025225
5538.6190000000,0.0002025230
5538.6470000000,0.0002025230
5538.6470000000,0.0002026482
5538.6690000000,0.0002026482
5538.6970000000,0.0002027733
5538.6970000000,0.0002027733
5538.7200000000,0.0002028353
5538.7460000000,0.0002029385
5538.7470000000,0.0002029385
5538.7690000000,0.0002029604
5538.7970000000,0.0002029604
5538.7970000000,0.0002030769
5538.8200000000,0.0002030855
5538.8460000000,0.0002032106
5538.8460000000,0.0002032106
5538.8700000000,0.0002032106
5538.8960000000,0.0002033356
5538.8960000000,0.0002033356
5538.9190000000,0.0002033914
5538.9460000000,0.0002034914
5538.9460000000,0.0002034914
5538.9700000000,0.0002035164
5538.9960000000,0.0002036293
5538.9960000000,0.0002036293
5539.0190000000,0.0002036413
5539.0460000000,0.0002037661
5539.0460000000,0.0002037661
5539.0700000000,0.0002037661
5539.0960000000,0.0002038909
5539.0960000000,0.0002038909
5539.1190000000,0.0002039411
5539.1460000000,0.0002040424
5539.1470000000,0.0002040424
5539.1690000000,0.0002040657
5539.1960000000,0.0002040657
5539.1960000000,0.0002041799
5539.2210000000,0.0002041903
5539.2460000000,0.0002041903
5539.2470000000,0.0002043149
5539.2690000000,0.0002043149
5539.2970000000,0.0002043149
5539.2980000000,0.0002044394
5539.3190000000,0.0002044846
5539.3470000000,0.0002044846
5539.3470000000,0.0002045916
5539.3690000000,0.0002046091
5539.3970000000,0.0002047286
5539.3970000000,0.0002047286
5539.4200000000,0.0002047335
5539.4470000000,0.0002048579
5539.4480000000,0.0002048579
5539.4690000000,0.0002048579
5539.4960000000,0.0002048579
5539.4960000000,0.0002049822
5539.5190000000,0.0002050229
5539.5460000000,0.0002050229
5539.5470000000,0.0002051388
5539.5690000000,0.0002051472
5539.5960000000,0.0002052715
5539.5970000000,0.0002052715
5539.6190000000,0.0002052715
5539.6470000000,0.0002052715
5539.6470000000,0.0002053958
5539.6690000000,0.0002054324
5539.6950000000,0.0002055480
5539.6970000000,0.0002055480
5539.7190000000,0.0002055566
5539.7470000000,0.0002055566
5539.7470000000,0.0002056808
5539.7690000000,0.0002056808
5539.7960000000,0.0002058049
5539.7960000000,0.0002058049
5539.8190000000,0.0002058378
5539.8460000000,0.0002058378
5539.8460000000,0.0002059561
5539.8690000000,0.0002059619
5539.8960000000,0.0002060860
5539.8960000000,0.0002060860
5539.9190000000,0.0002060860
5539.9460000000,0.0002062099
5539.9470000000,0.0002062099
5539.9690000000,0.0002062396
5539.9960000000,0.0002062396
5539.9960000000,0.0002063631
5540.0190000000,0.0002063634
5540.0460000000,0.0002063634
5540.0470000000,0.0002064872
5540.0700000000,0.0002064872
5540.0960000000,0.0002064872
5540.0970000000,0.0002066108
5540.1190000000,0.0002066375
5540.1470000000,0.0002066375
5540.1480000000,0.0002067611
5540.1690000000,0.0002067611
5540.1960000000,0.0002067611
5540.1970000000,0.0002068845
5540.2200000000,0.0002069086
5540.2470000000,0.0002070319
5540.2470000000,0.0002070319
5540.2690000000,0.0002070319
5540.2960000000,0.0002071553
5540.2960000000,0.0002071553
5540.3200000000,0.0002071769
5540.3470000000,0.0002073001
5540.3470000000,0.0002073001
5540.3700000000,0.0002073001
5540.3960000000,0.0002073001
5540.3960000000,0.0002074233
5540.4190000000,0.0002074427
5540.4470000000,0.0002075658
5540.4480000000,0.0002075658
5540.4690000000,0.0002075658
5540.4960000000,0.0002075658
5540.4970000000,0.0002076889
5540.5190000000,0.0002077064
5540.5470000000,0.0002077064
5540.5480000000,0.0002078294
5540.5690000000,0.0002078294
5540.5970000000,0.0002079523
5540.5970000000,0.0002079523
5540.6190000000,0.0002079680
5540.6460000000,0.0002080908
5540.6460000000,0.0002080908
5540.6690000000,0.0002080908
5540.6960000000,0.0002080908
5540.6960000000,0.0002082136
5540.7200000000,0.0002082278
5540.7460000000,0.0002082278
5540.7460000000,0.0002083505
5540.7690000000,0.0002083505
5540.7960000000,0.0002084731
5540.7960000000,0.0002084731
5540.8200000000,0.0002084858
5540.8460000000,0.0002084858
5540.8460000000,0.0002086083
5540.8700000000,0.0002086083
5540.8960000000,0.0002087190
5540.8970000000,0.0002087190
5540.9200000000,0.0002087190
5540.9470000000,0.0002087422
5540.9470000000,0.0002088645
5540.9690000000,0.0002088645
5540.9960000000,0.0002089867
5540.9960000000,0.0002089867
5541.0190000000,0.0002089971
5541.0460000000,0.0002089971
5541.0460000000,0.0002091192
5541.0690000000,0.0002091192
5541.0970000000,0.0002091192
5541.0970000000,0.0002092412
5541.1190000000,0.0002092505
5541.1460000000,0.0002092505
5541.1460000000,0.0002093724
5541.1690000000,0.0002093724
5541.1960000000,0.0002094943
5541.1970000000,0.0002094943
5541.2190000000,0.0002095027
5541.2460000000,0.0002095027
5541.2470000000,0.0002096245
5541.2680000000,0.0002096245
5541.2960000000,0.0002096245
5541.2960000000,0.0002097461
5541.3190000000,0.0002097537
5541.3470000000,0.0002097537
5541.3490000000,0.0002098753
5541.3690000000,0.0002098753
5541.3960000000,0.0002099968
5541.3960000000,0.0002099968
5541.4190000000,0.0002100036
5541.4460000000,0.0002101250
5541.4460000000,0.0002101250
5541.4690000000,0.0002101250
5541.4960000000,0.0002102463
5541.4960000000,0.0002102463
5541.5190000000,0.0002102524
5541.5470000000,0.0002103736
5541.5470000000,0.0002103736
5541.5690000000,0.0002103736
5541.5960000000,0.0002103736
5541.5960000000,0.0002104947
5541.6190000000,0.0002105002
5541.6460000000,0.0002105002
5541.6470000000,0.0002106212
5541.6690000000,0.0002106212
5541.6970000000,0.0002107421
5541.6970000000,0.0002107421
5541.7200000000,0.0002107470
5541.7460000000,0.0002107470
5541.7460000000,0.0002108678
5541.7700000000,0.0002108678
5541.7960000000,0.0002109885
5541.7960000000,0.0002109885
5541.8190000000,0.0002109929
5541.8470000000,0.0002111135
5541.8480000000,0.0002111135
5541.8690000000,0.0002111135
5541.8960000000,0.0002111135
5541.8960000000,0.0002112339
5541.9190000000,0.0002112379
5541.9470000000,0.0002112379
5541.9480000000,0.0002113582
5541.9690000000,0.0002113582
5541.9960000000,0.0002113582
5541.9960000000,0.0002114784
5542.0190000000,0.0002114820
5542.0460000000,0.0002116021
5542.0460000000,0.0002116021
5542.0710000000,0.0002116021
5542.0960000000,0.0002117221
5542.0960000000,0.0002117221
5542.1200000000,0.0002117254
5542.1470000000,0.0002118453
5542.1470000000,0.0002118453
5542.1690000000,0.0002118453
5542.1960000000,0.0002119651
5542.1960000000,0.0002119651
5542.2190000000,0.0002119680
5542.2460000000,0.0002120877
5542.2470000000,0.0002120877
5542.2700000000,0.0002120877
5542.2970000000,0.0002120877
5542.2970000000,0.0002122072
5542.3190000000,0.0002122099
5542.3460000000,0.0002123293
5542.3470000000,0.0002123293
5542.3690000000,0.0002123293
5542.3970000000,0.0002123293
5542.3980000000,0.0002124487
5542.4190000000,0.0002124511
5542.4470000000,0.0002124511
5542.4470000000,0.0002125703
5542.4690000000,0.0002125703
5542.4960000000,0.0002126895
5542.4960000000,0.0002126895
5542.5200000000,0.0002126916
5542.5470000000,0.0002128106
5542.5480000000,0.0002128106
5542.5690000000,0.0002128106
5542.5960000000,0.0002128106
5542.5960000000,0.0002129296
5542.6190000000,0.0002129315
5542.6460000000,0.0002129315
5542.6460000000,0.0002130503
5542.6690000000,0.0002130503
5542.6960000000,0.0002130503
5542.6960000000,0.0002131690
5542.7190000000,0.0002131707
5542.7460000000,0.0002131707
5542.7460000000,0.0002132893
5542.7700000000,0.0002132893
5542.7960000000,0.0002134077
5542.7960000000,0.0002134077
5542.8190000000,0.0002134093
5542.8460000000,0.0002134093
5542.8470000000,0.0002135275
5542.8690000000,0.0002135275
5542.8960000000,0.0002136457
5542.8960000000,0.0002136457
5542.9190000000,0.0002136471
5542.9450000000,0.0002136471
5542.9460000000,0.0002137651
5542.9690000000,0.0002137651
5542.9960000000,0.0002138830
5542.9960000000,0.0002138830
5543.0190000000,0.0002138842
5543.0460000000,0.0002138842
5543.0460000000,0.0002140020
5543.0690000000,0.0002140020
5543.0960000000,0.0002141196
5543.0960000000,0.0002141196
5543.1210000000,0.0002141208
5543.1460000000,0.0002142383
5543.1460000000,0.0002142383
5543.1700000000,0.0002142383
5543.1970000000,0.0002143557
5543.1970000000,0.0002143557
5543.2190000000,0.0002143567
5543.2460000000,0.0002143567
5543.2460000000,0.0002144740
5543.2700000000,0.0002144740
5543.2960000000,0.0002144740
5543.2960000000,0.0002145911
5543.3200000000,0.0002145920
5543.3460000000,0.0002145920
5543.3470000000,0.0002147091
5543.3690000000,0.0002147091
5543.3960000000,0.0002148261
5543.3960000000,0.0002148261
5543.4210000000,0.0002148269
5543.4460000000,0.0002149438
5543.4460000000,0.0002149438
5543.4700000000,0.0002149438
5543.4950000000,0.0002150605
5543.4980000000,0.0002150605
5543.5190000000,0.0002150613
5543.5460000000,0.0002150613
5543.5460000000,0.0002151779
5543.5700000000,0.0002151779
5543.5960000000,0.0002151779
5543.5960000000,0.0002152944
5543.6210000000,0.0002152950
5543.6460000000,0.0002154114
5543.6460000000,0.0002154114
5543.6690000000,0.0002154114
5543.6960000000,0.0002155276
5543.6970000000,0.0002155276
5543.7190000000,0.0002155282
5543.7470000000,0.0002155282
5543.7470000000,0.0002156442
5543.7690000000,0.0002156442
5543.7970000000,0.0002156442
5543.7970000000,0.0002157601
5543.8190000000,0.0002157606
5543.8470000000,0.0002157606
5543.8470000000,0.0002158764
5543.8690000000,0.0002158764
5543.8960000000,0.0002158764
5543.8970000000,0.0002159920
5543.9200000000,0.0002159925
5543.9460000000,0.0002159925
5543.9470000000,0.0002161079
5543.9690000000,0.0002161079
5543.9950000000,0.0002162232
5543.9970000000,0.0002162232
5544.0190000000,0.0002162237
5544.0460000000,0.0002163389
5544.0460000000,0.0002163389
5544.0710000000,0.0002163389
5544.0960000000,0.0002164539
5544.0960000000,0.0002164539
5544.1190000000,0.0002164543
5544.1460000000,0.0002165692
5544.1490000000,0.0002165692
5544.1700000000,0.0002165692
5544.1960000000,0.0002166839
5544.1970000000,0.0002166839
5544.2210000000,0.0002166843
5544.2460000000,0.0002167989
5544.2460000000,0.0002167989
5544.2690000000,0.0002167989
5544.2960000000,0.0002167989
5544.2960000000,0.0002169134
5544.3190000000,0.0002169137
5544.3460000000,0.0002170280
5544.3470000000,0.0002170280
5544.3690000000,0.0002170280
5544.3960000000,0.0002171422
5544.3960000000,0.0002171422
5544.4190000000,0.0002171425
5544.4480000000,0.0002171425
5544.4490000000,0.0002172566
5544.4690000000,0.0002172566
5544.4960000000,0.0002173705
5544.4960000000,0.0002173705
5544.5190000000,0.0002173708
5544.5460000000,0.0002174846
5544.5460000000,0.0002174846
5544.5690000000,0.0002174846
5544.5960000000,0.0002175983
5544.5980000000,0.0002175983
5544.6190000000,0.0002175985
5544.6460000000,0.0002175985
5544.6460000000,0.0002177120
5544.6690000000,0.0002177120
5544.6960000000,0.0002177120
5544.6960000000,0.0002178255
5544.7200000000,0.0002178257
5544.7460000000,0.0002178257
5544.7460000000,0.0002179389
5544.7700000000,0.0002179389
5544.7960000000,0.0002180521
5544.7970000000,0.0002180521
5544.8200000000,0.0002180523
5544.8460000000,0.0002180523
5544.8470000000,0.0002181652
5544.8690000000,0.0002181652
5544.8970000000,0.0002182780
5544.8980000000,0.0002182780
5544.9190000000,0.0002182782
5544.9460000000,0.0002182782
5544.9470000000,0.0002183908
5544.9690000000,0.0002183908
5544.9960000000,0.0002185032
5544.9960000000,0.0002185032
5545.0190000000,0.0002185034
5545.0460000000,0.0002185034
5545.0460000000,0.0002186157
5545.0700000000,0.0002186157
5545.0960000000,0.0002187172
5545.0960000000,0.0002187172
5545.1200000000,0.0002187172
5545.1460000000,0.0002187172
5545.1460000000,0.0002188172
5545.1700000000,0.0002188172
5545.1970000000,0.0002189171
5545.1980000000,0.0002189517
5545.2190000000,0.0002189517
5545.2470000000,0.0002189517
5545.2480000000,0.0002190634
5545.2690000000,0.0002190636
5545.2960000000,0.0002190636
5545.2960000000,0.0002191752
5545.3200000000,0.0002191752
5545.3460000000,0.0002192866
5545.3460000000,0.0002192866
5545.3690000000,0.0002192867
5545.3960000000,0.0002192867
5545.3960000000,0.0002193981
5545.4190000000,0.0002193981
5545.4460000000,0.0002195093
5545.4460000000,0.0002195093
5545.4700000000,0.0002195094
5545.4960000000,0.0002196204
5545.4960000000,0.0002196204
5545.5190000000,0.0002196204
5545.5460000000,0.0002197314
5545.5460000000,0.0002197314
5545.5690000000,0.0002197315
5545.5960000000,0.0002198423
5545.5970000000,0.0002198423
5545.6190000000,0.0002198423
5545.6460000000,0.0002199529
5545.6460000000,0.0002199529
5545.6690000000,0.0002199530
5545.6960000000,0.0002200634
5545.6960000000,0.0002200634
5545.7200000000,0.0002200634
5545.7470000000,0.0002201737
5545.7480000000,0.0002201737
5545.7700000000,0.0002201738
5545.7960000000,0.0002202840
5545.7970000000,0.0002202840
5545.8190000000,0.0002202840
5545.8460000000,0.0002202840
5545.8470000000,0.0002203940
5545.8710000000,0.0002203941
5545.8960000000,0.0002205039
5545.8960000000,0.0002205039
5545.9190000000,0.0002205039
5545.9470000000,0.0002206137
5545.9470000000,0.0002206137
5545.9700000000,0.0002206137
5545.9970000000,0.0002206137
5545.9970000000,0.0002207233
5546.0210000000,0.0002207233
5546.0460000000,0.0002208328
5546.0460000000,0.0002208328
5546.0690000000,0.0002208328
5546.0960000000,0.0002209421
5546.0960000000,0.0002209421
5546.1190000000,0.0002209421
5546.1470000000,0.0002209421
5546.1470000000,0.0002210512
5546.1690000000,0.0002210513
5546.1960000000,0.0002210513
5546.1970000000,0.0002211602
5546.2200000000,0.0002211602
5546.2460000000,0.0002211602
5546.2460000000,0.0002212691
5546.2690000000,0.0002212691
5546.2970000000,0.0002212691
5546.2970000000,0.0002213778
5546.3190000000,0.0002213778
5546.3470000000,0.0002214863
5546.3470000000,0.0002214863
5546.3690000000,0.0002214863
5546.3970000000,0.0002214863
5546.3970000000,0.0002215947
5546.4190000000,0.0002215947
5546.4460000000,0.0002215947
5546.4470000000,0.0002217030
5546.4700000000,0.0002217031
5546.4960000000,0.0002218112
5546.4960000000,0.0002218112
5546.5210000000,0.0002218112
5546.5460000000,0.0002219192
5546.5460000000,0.0002219192
5546.5700000000,0.0002219192
5546.5960000000,0.0002219192
5546.5970000000,0.0002220271
5546.6190000000,0.0002220271
5546.6470000000,0.0002221348
5546.6480000000,0.0002221348
5546.6700000000,0.0002221349
5546.6960000000,0.0002222424
5546.6960000000,0.0002222424
5546.7190000000,0.0002222424
5546.7460000000,0.0002223499
5546.7460000000,0.0002223499
5546.7690000000,0.0002223499
5546.7960000000,0.0002224572
5546.7960000000,0.0002224572
5546.8190000000,0.0002224572
5546.8460000000,0.0002225644
5546.8460000000,0.0002225644
5546.8690000000,0.0002225644
5546.8970000000,0.0002225644
5546.8970000000,0.0002226715
5546.9190000000,0.0002226715
5546.9460000000,0.0002226715
5546.9470000000,0.0002227783
5546.9690000000,0.0002227783
5546.9970000000,0.0002227783
5546.9970000000,0.0002228850
5547.0190000000,0.0002228850
5547.0460000000,0.0002229915
5547.0460000000,0.0002229915
5547.0690000000,0.0002229915
5547.0970000000,0.0002229915
5547.0980000000,0.0002230979
5547.1190000000,0.0002230979
5547.1460000000,0.0002230979
5547.1470000000,0.0002232042
5547.1700000000,0.0002232042
5547.1960000000,0.0002232042
5547.1960000000,0.0002233104
5547.2200000000,0.0002233104
5547.2460000000,0.0002233104
5547.2460000000,0.0002234163
5547.2690000000,0.0002234163
5547.2960000000,0.0002234163
5547.2970000000,0.0002235220
5547.3190000000,0.0002235220
5547.3460000000,0.0002236276
5547.3460000000,0.0002236276
5547.3690000000,0.0002236276
5547.3960000000,0.0002237330
5547.3960000000,0.0002237330
5547.4190000000,0.0002237330
5547.4460000000,0.0002237330
5547.4460000000,0.0002238382
5547.4700000000,0.0002238382
5547.4970000000,0.0002239433
5547.4980000000,0.0002239433
5547.5200000000,0.0002239433
5547.5460000000,0.0002240481
5547.5470000000,0.0002240481
5547.5690000000,0.0002240481
5547.5960000000,0.0002240481
5547.5960000000,0.0002241528
5547.6200000000,0.0002241528
5547.6460000000,0.0002241528
5547.6470000000,0.0002242574
5547.6690000000,0.0002242574
5547.6960000000,0.0002243617
5547.6970000000,0.0002243617
5547.7190000000,0.0002243617
5547.7460000000,0.0002243617
5547.7460000000,0.0002244659
5547.7690000000,0.0002244659
5547.7960000000,0.0002244659
5547.7960000000,0.0002245699
5547.8190000000,0.0002245699
5547.8470000000,0.0002245699
5547.8480000000,0.0002246737
5547.8710000000,0.0002246737
5547.8960000000,0.0002247774
5547.8960000000,0.0002247774
5547.9190000000,0.0002247774
5547.9460000000,0.0002247774
5547.9460000000,0.0002248809
5547.9690000000,0.0002248809
5547.9960000000,0.0002248809
5547.9960000000,0.0002249843
5548.0190000000,0.0002249843
5548.0460000000,0.0002250874
5548.0470000000,0.0002250874
5548.0690000000,0.0002250874
5548.0970000000,0.0002250874
5548.0970000000,0.0002251904
5548.1200000000,0.0002251904
5548.1460000000,0.0002252932
5548.1470000000,0.0002252932
5548.1700000000,0.0002252932
5548.1970000000,0.0002252932
5548.1970000000,0.0002253957
5548.2190000000,0.0002253957
5548.2460000000,0.0002254981
5548.2460000000,0.0002254981
5548.2690000000,0.0002254981
5548.2960000000,0.0002254981
5548.2960000000,0.0002256003
5548.3200000000,0.0002256003
5548.3470000000,0.0002257023
5548.3480000000,0.0002257023
5548.3690000000,0.0002257023
5548.3970000000,0.0002258043
5548.3970000000,0.0002258043
5548.4190000000,0.0002258043
5548.4460000000,0.0002258043
5548.4460000000,0.0002259061
5548.4690000000,0.0002259061
5548.4960000000,0.0002260078
5548.4960000000,0.0002260078
5548.5190000000,0.0002260078
5548.5460000000,0.0002261093
5548.5460000000,0.0002261093
5548.5690000000,0.0002261093
5548.5970000000,0.0002262107
5548.5980000000,0.0002262107
5548.6190000000,0.0002262107
5548.6460000000,0.0002262107
5548.6460000000,0.0002263120
5548.6700000000,0.0002263120
5548.6960000000,0.0002264131
5548.6970000000,0.0002264131
5548.7190000000,0.0002264131
5548.7460000000,0.0002264131
5548.7460000000,0.0002265140
5548.7690000000,0.0002265140
5548.7960000000,0.0002265140
5548.7960000000,0.0002265140
5548.8190000000,0.0002265140
5548.8460000000,0.0002269743
5548.8460000000,0.0002269743
5548.8690000000,0.0002269743
5548.8960000000,0.0002270655
5548.8970000000,0.0002270655
5548.9190000000,0.0002270655
5548.9460000000,0.0002271566
5548.9460000000,0.0002272171
5548.9690000000,0.0002281277
5548.9960000000,0.0002282186
5548.9960000000,0.0002282186
5549.0190000000,0.0002282186
5549.0460000000,0.0002282732
5549.0480000000,0.0002283640
5549.0700000000,0.0002291835
5549.0960000000,0.0002291835
5549.0960000000,0.0002292743
5549.1190000000,0.0002292743
5549.1470000000,0.0002293650
5549.1470000000,0.0002294141
5549.1690000000,0.0002301516
5549.1960000000,0.0002302422
5549.1970000000,0.0002302422
5549.2190000000,0.0002302422
5549.2460000000,0.0002302864
5549.2460000000,0.0002303769
5549.2690000000,0.0002310406
5549.2960000000,0.0002311311
5549.2960000000,0.0002311311
5549.3190000000,0.0002311311
5549.3460000000,0.0002311708
5549.3470000000,0.0002312611
5549.3690000000,0.0002318585
5549.3960000000,0.0002319488
5549.3960000000,0.0002319488
5549.4200000000,0.0002319488
5549.4460000000,0.0002320388
5549.4470000000,0.0002320746
5549.4700000000,0.0002326123
5549.4960000000,0.0002326123
5549.4970000000,0.0002327022
5549.5190000000,0.0002327022
5549.5460000000,0.0002327344
5549.5470000000,0.0002328242
5549.5690000000,0.0002333081
5549.5960000000,0.0002333081
5549.5970000000,0.0002333978
5549.6190000000,0.0002333978
5549.6460000000,0.0002334268
5549.6470000000,0.0002335164
5549.6690000000,0.0002339519
5549.6960000000,0.0002339519
5549.6960000000,0.0002340414
5549.7190000000,0.0002340414
5549.7460000000,0.0002341309
5549.7480000000,0.0002341569
5549.7700000000,0.0002345489
5549.7970000000,0.0002346382
5549.7980000000,0.0002346382
5549.8190000000,0.0002346382
5549.8460000000,0.0002347274
5549.8460000000,0.0002347509
5549.8690000000,0.0002351037
5549.8960000000,0.0002351928
5549.8960000000,0.0002351928
5549.9200000000,0.0002351928
5549.9460000000,0.0002352139
5549.9460000000,0.0002353030
5549.9690000000,0.0002356204
5549.9970000000,0.0002356204
5549.9970000000,0.0002357094
5550.0190000000,0.0002357094
5550.0470000000,0.0002357284
5550.0480000000,0.0002358172
5550.0690000000,0.0002361030
5550.0960000000,0.0002361917
5550.0960000000,0.0002361917
5550.1200000000,0.0002361917
5550.1460000000,0.0002362089
5550.1470000000,0.0002362975
5550.1690000000,0.0002365547
5550.1960000000,0.0002365547
5550.1960000000,0.0002366433
5550.2200000000,0.0002366433
5550.2460000000,0.0002367318
5550.2480000000,0.0002367472
5550.2690000000,0.0002369786
5550.2960000000,0.0002369786
5550.2960000000,0.0002370670
5550.3200000000,0.0002370670
5550.3460000000,0.0002370808
5550.3460000000,0.0002371690
5550.3690000000,0.0002373773
5550.3960000000,0.0002373773
5550.3960000000,0.0002374654
5550.4200000000,0.0002374654
5550.4470000000,0.0002374779
5550.4470000000,0.0002375658
5550.4690000000,0.0002377533
5550.4960000000,0.0002378411
5550.4960000000,0.0002378411
5550.5190000000,0.0002378411
5550.5470000000,0.0002378524
5550.5480000000,0.0002379401
5550.5690000000,0.0002381088
5550.5960000000,0.0002381088
5550.5960000000,0.0002381964
5550.6200000000,0.0002381964
5550.6480000000,0.0002382839
5550.6480000000,0.0002382940
5550.6690000000,0.0002384459
5550.6960000000,0.0002385333
5550.6970000000,0.0002385333
5550.7190000000,0.0002385333
5550.7460000000,0.0002385424
5550.7470000000,0.0002386297
5550.7690000000,0.0002387664
5550.7960000000,0.0002387664
5550.7960000000,0.0002388536
5550.8200000000,0.0002388536
5550.8460000000,0.0002389408
5550.8470000000,0.0002389490
5550.8690000000,0.0002390720
5550.8980000000,0.0002391590
5550.8990000000,0.0002391590
5550.9190000000,0.0002391590
5550.9470000000,0.0002391664
5550.9470000000,0.0002392534
5550.9690000000,0.0002393641
5550.9960000000,0.0002394510
5550.9970000000,0.0002394510
5551.0190000000,0.0002394510
5551.0470000000,0.0002394576
5551.0470000000,0.0002395443
5551.0690000000,0.0002396440
5551.0960000000,0.0002396440
5551.0960000000,0.0002397306
5551.1200000000,0.0002397306
5551.1460000000,0.0002398171
5551.1460000000,0.0002398231
5551.1690000000,0.0002399127
5551.1960000000,0.0002399127
5551.1970000000,0.0002399991
5551.2190000000,0.0002399991
5551.2460000000,0.0002400045
5551.2470000000,0.0002400908
5551.2690000000,0.0002401715
5551.2960000000,0.0002402576
5551.2960000000,0.0002402576
5551.3200000000,0.0002402576
5551.3460000000,0.0002402625
5551.3460000000,0.0002403486
5551.3690000000,0.0002404212
5551.3960000000,0.0002404212
5551.3970000000,0.0002405072
5551.4190000000,0.0002405072
5551.4470000000,0.0002405931
5551.4470000000,0.0002405975
5551.4700000000,0.0002406628
5551.4960000000,0.0002406628
5551.4960000000,0.0002407486
5551.5190000000,0.0002407486
5551.5460000000,0.0002407525
5551.5460000000,0.0002408383
5551.5690000000,0.0002408971
5551.5960000000,0.0002408971
5551.5960000000,0.0002409827
5551.6190000000,0.0002409827
5551.6460000000,0.0002409862
5551.6470000000,0.0002410718
5551.6710000000,0.0002411247
5551.6960000000,0.0002412102
5551.6960000000,0.0002412102
5551.7190000000,0.0002412102
5551.7460000000,0.0002412133
5551.7470000000,0.0002412987
5551.7690000000,0.0002413464
5551.7960000000,0.0002413464
5551.7970000000,0.0002414316
5551.8190000000,0.0002414316
5551.8460000000,0.0002415168
5551.8460000000,0.0002415197
5551.8690000000,0.0002415625
5551.8960000000,0.0002415625
5551.8960000000,0.0002416476
5551.9200000000,0.0002416476
5551.9460000000,0.0002416502
5551.9460000000,0.0002417351
5551.9690000000,0.0002417737
5551.9960000000,0.0002417737
5551.9960000000,0.0002418586
5552.0190000000,0.0002418586
5552.0460000000,0.0002419434
5552.0460000000,0.0002419457
5552.0710000000,0.0002419804
5552.0960000000,0.0002419804
5552.0970000000,0.0002420651
5552.1190000000,0.0002420651
5552.1460000000,0.0002420672
5552.1470000000,0.0002421517
5552.1690000000,0.0002421830
5552.1960000000,0.0002422675
5552.1960000000,0.0002422675
5552.2220000000,0.0002422675
5552.2460000000,0.0002423518
5552.2460000000,0.0002423537
5552.2710000000,0.0002423819
5552.2960000000,0.0002424662
5552.2970000000,0.0002424662
5552.3200000000,0.0002424662
5552.3470000000,0.0002425503
5552.3480000000,0.0002425520
5552.3690000000,0.0002425774
5552.3970000000,0.0002426615
5552.3970000000,0.0002426615
5552.4190000000,0.0002426615
5552.4460000000,0.0002427455
5552.4460000000,0.0002427470
5552.4690000000,0.0002427698
5552.4970000000,0.0002427698
5552.4970000000,0.0002428537
5552.5200000000,0.0002428537
5552.5470000000,0.0002428551
5552.5470000000,0.0002429390
5552.5690000000,0.0002429595
5552.5970000000,0.0002430433
5552.5970000000,0.0002430433
5552.6190000000,0.0002430433
5552.6460000000,0.0002431270
5552.6470000000,0.0002431282
5552.6690000000,0.0002431467
5552.6960000000,0.0002432302
5552.6960000000,0.0002432302
5552.7190000000,0.0002432302
5552.7460000000,0.0002432313
5552.7470000000,0.0002433148
5552.7690000000,0.0002433314
5552.7970000000,0.0002434148
5552.7970000000,0.0002434148
5552.8200000000,0.0002434148
5552.8460000000,0.0002434158
5552.8470000000,0.0002434990
5552.8690000000,0.0002435140
5552.8960000000,0.0002435140
5552.8960000000,0.0002435972
5552.9190000000,0.0002435972
5552.9460000000,0.0002436802
5552.9460000000,0.0002436811
5552.9690000000,0.0002436946
5552.9960000000,0.0002436946
5552.9960000000,0.0002437776
5553.0190000000,0.0002437776
5553.0470000000,0.0002437784
5553.0480000000,0.0002438612
5553.0690000000,0.0002438733
5553.0960000000,0.0002438733
5553.0960000000,0.0002439561
5553.1190000000,0.0002439561
5553.1460000000,0.0002439568
5553.1480000000,0.0002440395
5553.1700000000,0.0002440504
5553.1970000000,0.0002440504
5553.1970000000,0.0002441330
5553.2190000000,0.0002441330
5553.2460000000,0.0002441336
5553.2460000000,0.0002442161
5553.2700000000,0.0002442259
5553.2960000000,0.0002442259
5553.2960000000,0.0002443084
5553.3190000000,0.0002443084
5553.3460000000,0.0002443907
5553.3470000000,0.0002443913
5553.3690000000,0.0002444001
5553.3960000000,0.0002444823
5553.3960000000,0.0002444823
5553.4190000000,0.0002444823
5553.4460000000,0.0002445645
5553.4460000000,0.0002445650
5553.4690000000,0.0002445729
5553.4960000000,0.0002446550
5553.4970000000,0.0002446550
5553.5190000000,0.0002446550
5553.5460000000,0.0002446554
5553.5460000000,0.0002447374
5553.5700000000,0.0002447446
5553.5960000000,0.0002447446
5553.5960000000,0.0002448264
5553.6200000000,0.0002448264
5553.6460000000,0.0002449082
5553.6460000000,0.0002449086
5553.6700000000,0.0002449151
5553.6960000000,0.0002449151
5553.6970000000,0.0002449968
5553.7190000000,0.0002449968
5553.7460000000,0.0002450784
5553.7480000000,0.0002450788
5553.7690000000,0.0002450845
5553.7970000000,0.0002450845
5553.7980000000,0.0002451660
5553.8190000000,0.0002451660
5553.8460000000,0.0002452474
5553.8460000000,0.0002452478
5553.8700000000,0.0002452530
5553.8960000000,0.0002453343
5553.8970000000,0.0002453343
5553.9200000000,0.0002453343
5553.9460000000,0.0002453346
5553.9460000000,0.0002454158
5553.9700000000,0.0002454205
5553.9970000000,0.0002455016
5553.9980000000,0.0002455016
5554.0190000000,0.0002455016
5554.0460000000,0.0002455826
5554.0460000000,0.0002455829
5554.0700000000,0.0002455871
5554.0960000000,0.0002456681
5554.0970000000,0.0002456681
5554.1200000000,0.0002456681
5554.1460000000,0.0002457490
5554.1470000000,0.0002457492
5554.1690000000,0.0002457530
5554.1960000000,0.0002457530
5554.1970000000,0.0002458339
5554.2190000000,0.0002458339
5554.2460000000,0.0002458341
5554.2460000000,0.0002459148
5554.2700000000,0.0002459182
5554.2960000000,0.0002459988
5554.2960000000,0.0002459988
5554.3190000000,0.0002459988
5554.3470000000,0.0002460793
5554.3470000000,0.0002460796
5554.3690000000,0.0002460826
5554.3960000000,0.0002460826
5554.3960000000,0.0002461631
5554.4210000000,0.0002461631
5554.4460000000,0.0002461632
5554.4460000000,0.0002462435
5554.4700000000,0.0002462463
5554.4960000000,0.0002462463
5554.4960000000,0.0002463265
5554.5190000000,0.0002463265
5554.5460000000,0.0002464067
5554.5470000000,0.0002464069
5554.5690000000,0.0002464094
5554.5960000000,0.0002464894
5554.5960000000,0.0002464894
5554.6200000000,0.0002464894
5554.6460000000,0.0002464896
5554.6460000000,0.0002465695
5554.6690000000,0.0002465718
5554.6970000000,0.0002465718
5554.6970000000,0.0002466516
5554.7190000000,0.0002466516
5554.7460000000,0.0002467314
5554.7470000000,0.0002467316
5554.7700000000,0.0002467336
5554.7960000000,0.0002468132
5554.7970000000,0.0002468132
5554.8190000000,0.0002468132
5554.8460000000,0.0002468928
5554.8460000000,0.0002468929
5554.8700000000,0.0002468947
5554.8960000000,0.0002468947
5554.8960000000,0.0002469742
5554.9200000000,0.0002469742
5554.9460000000,0.0002469743
5554.9470000000,0.0002470537
5554.9700000000,0.0002470553
5554.9970000000,0.0002470553
5554.9970000000,0.0002471347
5555.0190000000,0.0002471347
5555.0460000000,0.0002471347
5555.0460000000,0.0002472140
5555.0690000000,0.0002472155
5555.0960000000,0.0002472155
5555.0960000000,0.0002472946
5555.1200000000,0.0002472946
5555.1470000000,0.0002473737
5555.1490000000,0.0002473738
5555.1690000000,0.0002473752
5555.1960000000,0.0002473752
5555.1970000000,0.0002474542
5555.2190000000,0.0002474542
5555.2470000000,0.0002475331
5555.2470000000,0.0002475332
5555.2690000000,0.0002475344
5555.2960000000,0.0002476132
5555.2970000000,0.0002476132
5555.3200000000,0.0002476132
5555.3460000000,0.0002476133
5555.3460000000,0.0002476920
5555.3690000000,0.0002476931
5555.3960000000,0.0002476931
5555.3960000000,0.0002477717
5555.4200000000,0.0002477717
5555.4460000000,0.0002477718
5555.4480000000,0.0002478503
5555.4690000000,0.0002478513
5555.4960000000,0.0002478513
5555.4970000000,0.0002479298
5555.5200000000,0.0002479298
5555.5460000000,0.0002480082
5555.5460000000,0.0002480083
5555.5700000000,0.0002480091
5555.5960000000,0.0002480875
5555.5960000000,0.0002480875
5555.6190000000,0.0002480875
5555.6460000000,0.0002481657
5555.6460000000,0.0002481657
5555.6700000000,0.0002481665
5555.6970000000,0.0002481665
5555.6970000000,0.0002482446
5555.7190000000,0.0002482446
5555.7460000000,0.0002483227
5555.7460000000,0.0002483227
5555.7690000000,0.0002483234
5555.7960000000,0.0002484014
5555.7960000000,0.0002484014
5555.8190000000,0.0002484014
5555.8460000000,0.0002484792
5555.8460000000,0.0002484792
5555.8690000000,0.0002484799
5555.8960000000,0.0002485577
5555.8980000000,0.0002485577
5555.9190000000,0.0002485577
5555.9460000000,0.0002485577
5555.9460000000,0.0002486354
5555.9690000000,0.0002486360
5555.9960000000,0.0002487136
5555.9960000000,0.0002487136
5556.0190000000,0.0002487136
5556.0460000000,0.0002487912
5556.0460000000,0.0002487912
5556.0700000000,0.0002487917
5556.0960000000,0.0002488692
5556.0960000000,0.0002488692
5556.1190000000,0.0002488692
5556.1460000000,0.0002488692
5556.1460000000,0.0002489466
5556.1690000000,0.0002489471
5556.1970000000,0.0002489471
5556.1970000000,0.0002490244
5556.2190000000,0.0002490244
5556.2460000000,0.0002490245
5556.2470000000,0.0002491017
5556.2700000000,0.0002491021
5556.2960000000,0.0002491021
5556.2970000000,0.0002491793
5556.3190000000,0.0002491793
5556.3460000000,0.0002492563
5556.3470000000,0.0002492564
5556.3690000000,0.0002492567
5556.3960000000,0.0002492567
5556.3960000000,0.0002493337
5556.4230000000,0.0002493337
5556.4460000000,0.0002494107
5556.4460000000,0.0002494107
5556.4700000000,0.0002494110
5556.4960000000,0.0002494110
5556.4970000000,0.0002494879
5556.5200000000,0.0002494879
5556.5480000000,0.0002495646
5556.5480000000,0.0002495646
5556.5690000000,0.0002495649
5556.5960000000,0.0002495649
5556.5960000000,0.0002496416
5556.6200000000,0.0002496416
5556.6460000000,0.0002496416
5556.6460000000,0.0002497182
5556.6710000000,0.0002497184
5556.6960000000,0.0002497184
5556.6970000000,0.0002497949
5556.7190000000,0.0002497949
5556.7460000000,0.0002498713
5556.7480000000,0.0002498713
5556.7690000000,0.0002498715
5556.7970000000,0.0002498715
5556.7980000000,0.0002499478
5556.8200000000,0.0002499478
5556.8460000000,0.0002499478
5556.8460000000,0.0002500240
5556.8690000000,0.0002500243
5556.8960000000,0.0002500243
5556.8970000000,0.0002501004
5556.9190000000,0.0002501004
5556.9460000000,0.0002501004
5556.9460000000,0.0002501764
5556.9700000000,0.0002501766
5556.9960000000,0.0002501766
5556.9960000000,0.0002502526
5557.0190000000,0.0002502526
5557.0460000000,0.0002502526
5557.0460000000,0.0002503285
5557.0690000000,0.0002503287
5557.0970000000,0.0002504045
5557.0990000000,0.0002504045
5557.1190000000,0.0002504045
5557.1460000000,0.0002504045
5557.1460000000,0.0002504803
5557.1690000000,0.0002504804
5557.1960000000,0.0002505561
5557.1960000000,0.0002505561
5557.2190000000,0.0002505561
5557.2460000000,0.0002505561
5557.2460000000,0.0002506317
5557.2710000000,0.0002506318
5557.2960000000,0.0002506318
5557.2960000000,0.0002507074
5557.3190000000,0.0002507074
5557.3460000000,0.0002507828
5557.3460000000,0.0002507828
5557.3690000000,0.0002507829
5557.3960000000,0.0002507829
5557.3970000000,0.0002508583
5557.4190000000,0.0002508583
5557.4460000000,0.0002509335
5557.4470000000,0.0002509335
5557.4690000000,0.0002509336
5557.4960000000,0.0002510088
5557.4960000000,0.0002510088
5557.5190000000,0.0002510088
5557.5460000000,0.0002510839
5557.5460000000,0.0002510839
5557.5690000000,0.0002510840
5557.5970000000,0.0002511590
5557.5980000000,0.0002511590
5557.6200000000,0.0002511590
5557.6460000000,0.0002511590
5557.6460000000,0.0002512339
5557.6690000000,0.0002512340
5557.6960000000,0.0002513089
5557.6970000000,0.0002513089
5557.7190000000,0.0002513089
5557.7460000000,0.0002513837
5557.7460000000,0.0002513837
5557.7690000000,0.0002513838
5557.7960000000,0.0002513838
5557.7970000000,0.0002514585
5557.8190000000,0.0002514585
5557.8460000000,0.0002514585
5557.8470000000,0.0002515331
5557.8690000000,0.0002515332
5557.8960000000,0.0002516077
5557.8960000000,0.0002516077
5557.9190000000,0.0002516077
5557.9460000000,0.0002516077
5557.9480000000,0.0002516822
5557.9690000000,0.0002516822
5557.9960000000,0.0002516822
5557.9970000000,0.0002517566
5558.0200000000,0.0002517566
5558.0460000000,0.0002517566
5558.0470000000,0.0002518310
5558.0700000000,0.0002518310
5558.0960000000,0.0002519053
5558.0960000000,0.0002519053
5558.1190000000,0.0002519053
5558.1460000000,0.0002519053
5558.1460000000,0.0002519795
5558.1700000000,0.0002519795
5558.1960000000,0.0002519795
5558.1960000000,0.0002520536
5558.2190000000,0.0002520536
5558.2460000000,0.0002521276
5558.2460000000,0.0002521276
5558.2690000000,0.0002521276
5558.2960000000,0.0002522015
5558.2960000000,0.0002522015
5558.3190000000,0.0002522015
5558.3460000000,0.0002522753
5558.3470000000,0.0002522753
5558.3690000000,0.0002522753
5558.3960000000,0.0002523490
5558.3960000000,0.0002523490
5558.4190000000,0.0002523490
5558.4460000000,0.0002523490
5558.4470000000,0.0002524226
5558.4690000000,0.0002524226
5558.4960000000,0.0002524226
5558.4970000000,0.0002524962
5558.5200000000,0.0002524962
5558.5460000000,0.0002525696
5558.5470000000,0.0002525696
5558.5690000000,0.0002525697
5558.5960000000,0.0002525697
5558.5970000000,0.0002526431
5558.6200000000,0.0002526431
5558.6460000000,0.0002527164
5558.6480000000,0.0002527164
5558.6700000000,0.0002527164
5558.6970000000,0.0002527164
5558.6970000000,0.0002527896
5558.7190000000,0.0002527896
5558.7460000000,0.0002528628
5558.7460000000,0.0002528628
5558.7700000000,0.0002528628
5558.7960000000,0.0002528628
5558.7960000000,0.0002529359
5558.8190000000,0.0002529359
5558.8460000000,0.0002530089
5558.8460000000,0.0002530089
5558.8690000000,0.0002530089
5558.8960000000,0.0002530818
5558.8960000000,0.0002530818
5558.9190000000,0.0002530818
5558.9460000000,0.0002531547
5558.9460000000,0.0002531547
5558.9710000000,0.0002531547
5558.9970000000,0.0002532275
5558.9970000000,0.0002532275
5559.0200000000,0.0002532275
5559.0460000000,0.0002533002
5559.0460000000,0.0002533002
5559.0690000000,0.0002533002
5559.0960000000,0.0002533002
5559.0970000000,0.0002533727
5559.1190000000,0.0002533727
5559.1470000000,0.0002533727
5559.1480000000,0.0002534452
5559.1690000000,0.0002534453
5559.1970000000,0.0002535177
5559.1970000000,0.0002535177
5559.2190000000,0.0002535177
5559.2460000000,0.0002535177
5559.2460000000,0.0002535900
5559.2700000000,0.0002535900
5559.2980000000,0.0002535900
5559.2990000000,0.0002536623
5559.3200000000,0.0002536623
5559.3470000000,0.0002537345
5559.3470000000,0.0002537345
5559.3700000000,0.0002537345
5559.3960000000,0.0002538066
5559.3960000000,0.0002538066
5559.4190000000,0.0002538066
5559.4460000000,0.0002538066
5559.4460000000,0.0002538787
5559.4690000000,0.0002538787
5559.4960000000,0.0002538787
5559.4960000000,0.0002539506
5559.5190000000,0.0002539506
5559.5470000000,0.0002540225
5559.5480000000,0.0002540225
5559.5690000000,0.0002540225
5559.5960000000,0.0002540225
5559.5980000000,0.0002540943
5559.6190000000,0.0002540943
5559.6460000000,0.0002541660
5559.6480000000,0.0002541660
5559.6690000000,0.0002541660
5559.6960000000,0.0002541660
5559.6970000000,0.0002542376
5559.7190000000,0.0002542376
5559.7460000000,0.0002543092
5559.7460000000,0.0002543092
5559.7690000000,0.0002543092
5559.7960000000,0.0002543092
5559.7980000000,0.0002543806
5559.8190000000,0.0002543806
5559.8470000000,0.0002543806
5559.8480000000,0.0002544520
5559.8690000000,0.0002544520
5559.8960000000,0.0002545233
5559.8960000000,0.0002545233
5559.9190000000,0.0002545233
5559.9460000000,0.0002545233
5559.9460000000,0.0002545945
5559.9690000000,0.0002545945
5559.9960000000,0.0002546657
5559.9980000000,0.0002546657
5560.0190000000,0.0002546657
5560.0470000000,0.0002546657
5560.0480000000,0.0002547367
5560.0700000000,0.0002547367
5560.0960000000,0.0002548077
5560.0960000000,0.0002548077
5560.1200000000,0.0002548077
5560.1470000000,0.0002548786
5560.1470000000,0.0002548786
5560.1690000000,0.0002548786
5560.1960000000,0.0002548786
5560.1960000000,0.0002549494
5560.2200000000,0.0002549494
5560.2460000000,0.0002550201
5560.2460000000,0.0002550201
5560.2690000000,0.0002550201
5560.2960000000,0.0002550908
5560.2960000000,0.0002550908
5560.3190000000,0.0002550908
5560.3460000000,0.0002550908
5560.3460000000,0.0002551613
5560.3690000000,0.0002551613
5560.3960000000,0.0002552318
5560.3960000000,0.0002552318
5560.4210000000,0.0002552318
5560.4460000000,0.0002552318
5560.4470000000,0.0002553023
5560.4700000000,0.0002553023
5560.4960000000,0.0002553726
5560.4970000000,0.0002553726
5560.5190000000,0.0002553726
5560.5460000000,0.0002553726
5560.5460000000,0.0002554429
5560.5690000000,0.0002554429
5560.5960000000,0.0002554429
5560.5960000000,0.0002555130
5560.6210000000,0.0002555130
5560.6470000000,0.0002555130
5560.6470000000,0.0002555831
5560.6690000000,0.0002555831
5560.6970000000,0.0002555831
5560.6970000000,0.0002556531
5560.7190000000,0.0002556531
5560.7460000000,0.0002557230
5560.7460000000,0.0002557230
5560.7690000000,0.0002557230
5560.7960000000,0.0002557230
5560.7960000000,0.0002557929
5560.8200000000,0.0002557929
5560.8470000000,0.0002557929
5560.8470000000,0.0002558626
5560.8700000000,0.0002558626
5560.8960000000,0.0002558626
5560.8960000000,0.0002559323
5560.9190000000,0.0002559323
5560.9460000000,0.0002560019
5560.9460000000,0.0002560019
5560.9700000000,0.0002560019
5560.9970000000,0.0002560714
5560.9970000000,0.0002560714
5561.0190000000,0.0002560714
5561.0470000000,0.0002561408
5561.0470000000,0.0002561408
5561.0690000000,0.0002561408
5561.0960000000,0.0002562102
5561.0960000000,0.0002562102
5561.1200000000,0.0002562102
5561.1460000000,0.0002562795
5561.1470000000,0.0002562795
5561.1690000000,0.0002562795
5561.1960000000,0.0002562795
5561.1960000000,0.0002563486
5561.2200000000,0.0002563486
5561.2460000000,0.0002563486
5561.2460000000,0.0002564178
5561.2690000000,0.0002564178
5561.2970000000,0.0002564868
5561.2990000000,0.0002564868
5561.3200000000,0.0002564868
5561.3470000000,0.0002565558
5561.3480000000,0.0002565558
5561.3690000000,0.0002565558
5561.3960000000,0.0002566247
5561.3960000000,0.0002566247
5561.4200000000,0.0002566247
5561.4460000000,0.0002566247
5561.4460000000,0.0002566935
5561.4700000000,0.0002566935
5561.4960000000,0.0002567623
5561.4980000000,0.0002567623
5561.5200000000,0.0002567623
5561.5470000000,0.0002568310
5561.5470000000,0.0002568310
5561.5690000000,0.0002568310
5561.5960000000,0.0002568310
5561.5970000000,0.0002568997
5561.6200000000,0.0002568997
5561.6460000000,0.0002569682
5561.6460000000,0.0002569682
5561.6700000000,0.0002569682
5561.6960000000,0.0002570366
5561.6960000000,0.0002570366
5561.7190000000,0.0002570366
5561.7460000000,0.0002570366
5561.7460000000,0.0002571050
5561.7700000000,0.0002571050
5561.7960000000,0.0002571050
5561.7970000000,0.0002571734
5561.8190000000,0.0002571734
5561.8470000000,0.0002572416
5561.8470000000,0.0002572416
5561.8690000000,0.0002572416
5561.8960000000,0.0002572416
5561.8960000000,0.0002573098
5561.9190000000,0.0002573098
5561.9460000000,0.0002573098
5561.9460000000,0.0002573779
5561.9700000000,0.0002573779
5561.9960000000,0.0002573779
5561.9980000000,0.0002574460
5562.0190000000,0.0002574460
5562.0460000000,0.0002575140
5562.0470000000,0.0002575140
5562.0700000000,0.0002575140
5562.0960000000,0.0002575140
5562.0960000000,0.0002575820
5562.1200000000,0.0002575820
5562.1460000000,0.0002576499
5562.1470000000,0.0002576499
5562.1690000000,0.0002576499
5562.1960000000,0.0002577176
5562.1970000000,0.0002577176
5562.2190000000,0.0002577176
5562.2460000000,0.0002577853
5562.2460000000,0.0002577853
5562.2700000000,0.0002577853
5562.2960000000,0.0002577853
5562.2960000000,0.0002578530
5562.3190000000,0.0002578530
5562.3470000000,0.0002578530
5562.3470000000,0.0002579205
5562.3690000000,0.0002579205
5562.3960000000,0.0002579205
5562.3960000000,0.0002579880
5562.4200000000,0.0002579880
5562.4460000000,0.0002579880
5562.4470000000,0.0002580554
5562.4690000000,0.0002580554
5562.4960000000,0.0002580554
5562.4960000000,0.0002581228
5562.5190000000,0.0002581228
5562.5460000000,0.0002581901
5562.5470000000,0.0002581901
5562.5690000000,0.0002581901
5562.5960000000,0.0002581901
5562.5960000000,0.0002582573
5562.6190000000,0.0002582573
5562.6460000000,0.0002582573
5562.6470000000,0.0002583245
5562.6700000000,0.0002583245
5562.6960000000,0.0002583245
5562.6960000000,0.0002583916
5562.7200000000,0.0002583916
5562.7460000000,0.0002583916
5562.7470000000,0.0002584586
5562.7700000000,0.0002584586
5562.7970000000,0.0002585256
5562.7970000000,0.0002585256
5562.8200000000,0.0002585256
5562.8460000000,0.0002585256
5562.8460000000,0.0002585925
5562.8690000000,0.0002585925
5562.8960000000,0.0002585925
5562.8960000000,0.0002586594
5562.9190000000,0.0002586594
5562.9470000000,0.0002587261
5562.9490000000,0.0002587261
5562.9700000000,0.0002587261
5562.9960000000,0.0002587928
5562.9960000000,0.0002587928
5563.0200000000,0.0002587928
5563.0470000000,0.0002588594
5563.0470000000,0.0002588594
5563.0690000000,0.0002588594
5563.0970000000,0.0002589260
5563.0970000000,0.0002589260
5563.1190000000,0.0002589260
5563.1460000000,0.0002589260
5563.1470000000,0.0002589924
5563.1690000000,0.0002589924
5563.1960000000,0.0002590588
5563.1960000000,0.0002590588
5563.2190000000,0.0002590588
5563.2460000000,0.0002590588
5563.2460000000,0.0002591251
5563.2690000000,0.0002591251
5563.2960000000,0.0002591251
5563.2960000000,0.0002591914
5563.3200000000,0.0002591914
5563.3460000000,0.0002592576
5563.3460000000,0.0002592576
5563.3690000000,0.0002592576
5563.3960000000,0.0002593237
5563.3970000000,0.0002593237
5563.4190000000,0.0002593237
5563.4460000000,0.0002593237
5563.4460000000,0.0002593898
5563.4690000000,0.0002593898
5563.4960000000,0.0002593898
5563.4960000000,0.0002594559
5563.5190000000,0.0002594559
5563.5460000000,0.0002595218
5563.5470000000,0.0002595218
5563.5690000000,0.0002595218
5563.5960000000,0.0002595218
5563.5960000000,0.0002595877
5563.6200000000,0.0002595877
5563.6460000000,0.0002596535
5563.6460000000,0.0002596535
5563.6690000000,0.0002596535
5563.6960000000,0.0002596535
5563.6960000000,0.0002597192
5563.7200000000,0.0002597192
5563.7460000000,0.0002597192
5563.7470000000,0.0002597848
5563.7700000000,0.0002597848
5563.7970000000,0.0002598504
5563.7970000000,0.0002598504
5563.8190000000,0.0002598504
5563.8460000000,0.0002599159
5563.8470000000,0.0002599159
5563.8700000000,0.0002599159
5563.8960000000,0.0002599159
5563.8970000000,0.0002599814
5563.9190000000,0.0002599814
5563.9460000000,0.0002599814
5563.9470000000,0.0002600468
5563.9690000000,0.0002600468
5563.9960000000,0.0002601121
5563.9970000000,0.0002601121
5564.0190000000,0.0002601121
5564.0460000000,0.0002601774
5564.0470000000,0.0002601774
5564.0690000000,0.0002601774
5564.0960000000,0.0002602426
5564.0960000000,0.0002602426
5564.1190000000,0.0002602426
5564.1470000000,0.0002602426
5564.1480000000,0.0002603077
5564.1690000000,0.0002603077
5564.1960000000,0.0002603077
5564.1960000000,0.0002603728
5564.2190000000,0.0002603728
5564.2460000000,0.0002603728
5564.2460000000,0.0002604378
5564.2690000000,0.0002604378
5564.2960000000,0.0002605027
5564.2970000000,0.0002605027
5564.3190000000,0.0002605027
5564.3460000000,0.0002605027
5564.3460000000,0.0002605676
5564.3690000000,0.0002605676
5564.3960000000,0.0002605676
5564.3970000000,0.0002606323
5564.4190000000,0.0002606323
5564.4460000000,0.0002606971
5564.4470000000,0.0002606971
5564.4690000000,0.0002606971
5564.4960000000,0.0002606971
5564.4960000000,0.0002607617
5564.5190000000,0.0002607617
5564.5460000000,0.0002608263
5564.5470000000,0.0002608263
5564.5700000000,0.0002608263
5564.5960000000,0.0002608908
5564.5960000000,0.0002608908
5564.6190000000,0.0002608908
5564.6460000000,0.0002609552
5564.6460000000,0.0002609552
5564.6690000000,0.0002609552
5564.6960000000,0.0002609552
5564.6960000000,0.0002610196
5564.7190000000,0.0002610196
5564.7460000000,0.0002610839
5564.7460000000,0.0002610839
5564.7690000000,0.0002610839
5564.7960000000,0.0002610839
5564.7960000000,0.0002611481
5564.8190000000,0.0002611481
5564.8460000000,0.0002611481
5564.8460000000,0.0002612122
5564.8690000000,0.0002612122
5564.8960000000,0.0002612763
5564.8960000000,0.0002612763
5564.9190000000,0.0002612763
5564.9460000000,0.0002613403
5564.9470000000,0.0002613403
5564.9690000000,0.0002613403
5564.9970000000,0.0002614042
5564.9970000000,0.0002614042
5565.0190000000,0.0002614042
5565.0460000000,0.0002614042
5565.0460000000,0.0002614681
5565.0700000000,0.0002614681
5565.0970000000,0.0002615319
5565.0970000000,0.0002615319
5565.1190000000,0.0002615319
5565.1460000000,0.0002615956
5565.1470000000,0.0002615956
5565.1690000000,0.0002615956
5565.1960000000,0.0002616592
5565.1960000000,0.0002616592
5565.2190000000,0.0002616592
5565.2460000000,0.0002617227
5565.2460000000,0.0002617227
5565.2690000000,0.0002617227
5565.2960000000,0.0002617227
5565.2960000000,0.0002617862
5565.3190000000,0.0002617862
5565.3460000000,0.0002618496
5565.3460000000,0.0002618496
5565.3690000000,0.0002618496
5565.3960000000,0.0002619129
5565.3970000000,0.0002619129
5565.4190000000,0.0002619129
5565.4460000000,0.0002619129
5565.4460000000,0.0002619762
5565.4690000000,0.0002619762
5565.4960000000,0.0002620393
5565.4960000000,0.0002620393
5565.5200000000,0.0002620393
5565.5470000000,0.0002620393
5565.5470000000,0.0002621025
5565.5690000000,0.0002621025
5565.5960000000,0.0002621655
5565.5960000000,0.0002621655
5565.6190000000,0.0002621655
5565.6460000000,0.0002621655
5565.6470000000,0.0002622285
5565.6690000000,0.0002622285
5565.6960000000,0.0002622915
5565.6970000000,0.0002622915
5565.7190000000,0.0002622915
5565.7460000000,0.0002623544
5565.7460000000,0.0002623544
5565.7690000000,0.0002623544
5565.7960000000,0.0002623544
5565.7970000000,0.0002624172
5565.8190000000,0.0002624172
5565.8460000000,0.0002624172
5565.8480000000,0.0002624799
5565.8690000000,0.0002624799
5565.8960000000,0.0002625425
5565.8960000000,0.0002625425
5565.9200000000,0.0002625425
5565.9460000000,0.0002626051
5565.9460000000,0.0002626051
5565.9710000000,0.0002626051
5565.9970000000,0.0002626677
5565.9970000000,0.0002626677
5566.0190000000,0.0002626677
5566.0460000000,0.0002626677
5566.0460000000,0.0002627301
5566.0690000000,0.0002627301
5566.0960000000,0.0002627301
5566.0960000000,0.0002627925
5566.1200000000,0.0002627925
5566.1460000000,0.0002627925
5566.1460000000,0.0002628549
5566.1690000000,0.0002628549
5566.1960000000,0.0002628549
5566.1960000000,0.0002629171
5566.2200000000,0.0002629171
5566.2460000000,0.0002629171
5566.2460000000,0.0002629792
5566.2690000000,0.0002629792
5566.2960000000,0.0002630413
5566.2980000000,0.0002630413
5566.3200000000,0.0002630413
5566.3480000000,0.0002630413
5566.3500000000,0.0002631033
5566.3690000000,0.0002631033
5566.3960000000,0.0002631033
5566.3960000000,0.0002631653
5566.4190000000,0.0002631653
5566.4460000000,0.0002631653
5566.4470000000,0.0002632272
5566.4700000000,0.0002632272
5566.4970000000,0.0002632891
5566.4970000000,0.0002632891
5566.5190000000,0.0002632891
5566.5460000000,0.0002633508
5566.5460000000,0.0002633508
5566.5690000000,0.0002633508
5566.5960000000,0.0002633508
5566.5970000000,0.0002634126
5566.6190000000,0.0002634126
5566.6470000000,0.0002634126
5566.6470000000,0.0002634742
5566.6690000000,0.0002634742
5566.6970000000,0.0002634742
5566.6970000000,0.0002635359
5566.7190000000,0.0002635359
5566.7460000000,0.0002635359
5566.7460000000,0.0002635974
5566.7710000000,0.0002635974
5566.7970000000,0.0002636588
5566.7970000000,0.0002636588
5566.8190000000,0.0002636588
5566.8460000000,0.0002636588
5566.8470000000,0.0002637202
5566.8690000000,0.0002637202
5566.8960000000,0.0002637815
5566.8960000000,0.0002637815
5566.9190000000,0.0002637815
5566.9460000000,0.0002637815
5566.9460000000,0.0002638427
5566.9690000000,0.0002638427
5566.9960000000,0.0002639038
5566.9960000000,0.0002639038
5567.0190000000,0.0002639038
5567.0470000000,0.0002639649
5567.0470000000,0.0002639649
5567.0690000000,0.0002639649
5567.0970000000,0.0002639649
5567.0980000000,0.0002640259
5567.1190000000,0.0002640259
5567.1460000000,0.0002640869
5567.1460000000,0.0002640869
5567.1690000000,0.0002640869
5567.1970000000,0.0002641478
5567.1980000000,0.0002641478
5567.2190000000,0.0002641478
5567.2460000000,0.0002641478
5567.2460000000,0.0002642086
5567.2690000000,0.0002642086
5567.2960000000,0.0002642086
5567.2960000000,0.0002642694
5567.3190000000,0.0002642694
5567.3460000000,0.0002643300
5567.3460000000,0.0002643300
5567.3690000000,0.0002643300
5567.3970000000,0.0002643907
5567.3970000000,0.0002643907
5567.4190000000,0.0002643907
5567.4460000000,0.0002644512
5567.4460000000,0.0002644512
5567.4690000000,0.0002644512
5567.4980000000,0.0002645117
5567.4980000000,0.0002645117
5567.5200000000,0.0002645117
5567.5460000000,0.0002645722
5567.5460000000,0.0002645722
5567.5700000000,0.0002645722
5567.5960000000,0.0002645722
5567.5960000000,0.0002646326
5567.6200000000,0.0002646326
5567.6470000000,0.0002646929
5567.6470000000,0.0002646929
5567.6700000000,0.0002646929
5567.6970000000,0.0002647532
5567.6970000000,0.0002647532
5567.7190000000,0.0002647532
5567.7460000000,0.0002648134
5567.7470000000,0.0002648134
5567.7700000000,0.0002648134
5567.7960000000,0.0002648735
5567.7960000000,0.0002648735
5567.8190000000,0.0002648735
5567.8460000000,0.0002648735
5567.8470000000,0.0002649335
5567.8690000000,0.0002649335
5567.8970000000,0.0002649934
5567.8970000000,0.0002649934
5567.9210000000,0.0002649934
5567.9460000000,0.0002650533
5567.9460000000,0.0002650533
5567.9690000000,0.0002650533
5567.9960000000,0.0002651132
5567.9970000000,0.0002651132
5568.0190000000,0.0002651132
5568.0460000000,0.0002651132
5568.0460000000,0.0002651729
5568.0690000000,0.0002651729
5568.0960000000,0.0002652326
5568.0960000000,0.0002652326
5568.1190000000,0.0002652326
5568.1460000000,0.0002652326
5568.1460000000,0.0002652923
5568.1700000000,0.0002652923
5568.1960000000,0.0002652923
5568.1970000000,0.0002653518
5568.2190000000,0.0002653518
5568.2470000000,0.0002654113
5568.2470000000,0.0002654113
5568.2690000000,0.0002654113
5568.2960000000,0.0002654708
5568.2960000000,0.0002654708
5568.3200000000,0.0002654708
5568.3460000000,0.0002655301
5568.3460000000,0.0002655301
5568.3690000000,0.0002655301
5568.3970000000,0.0002655894
5568.3970000000,0.0002655894
5568.4200000000,0.0002655894
5568.4460000000,0.0002656487
5568.4480000000,0.0002656487
5568.4690000000,0.0002656487
5568.4960000000,0.0002656487
5568.4970000000,0.0002657079
5568.5190000000,0.0002657079
5568.5460000000,0.0002657671
5568.5460000000,0.0002657671
5568.5690000000,0.0002657671
5568.5960000000,0.0002658262
5568.5970000000,0.0002658262
5568.6190000000,0.0002658262
5568.6460000000,0.0002658262
5568.6480000000,0.0002658853
5568.6690000000,0.0002658853
5568.6960000000,0.0002658853
5568.6970000000,0.0002659442
5568.7190000000,0.0002659442
5568.7460000000,0.0002659442
5568.7460000000,0.0002660031
5568.7700000000,0.0002660031
5568.7960000000,0.0002660031
5568.7980000000,0.0002660618
5568.8190000000,0.0002660618
5568.8460000000,0.0002661205
5568.8460000000,0.0002661205
5568.8690000000,0.0002661205
5568.8970000000,0.0002661792
5568.8970000000,0.0002661792
5568.9190000000,0.0002661792
5568.9460000000,0.0002661792
5568.9470000000,0.0002662378
5568.9690000000,0.0002662378
5568.9960000000,0.0002662378
5568.9970000000,0.0002662963
5569.0190000000,0.0002662963
5569.0460000000,0.0002662963
5569.0460000000,0.0002663548
5569.0700000000,0.0002663548
5569.0960000000,0.0002664132
5569.0960000000,0.0002664132
5569.1200000000,0.0002664132
5569.1460000000,0.0002664132
5569.1460000000,0.0002664715
5569.1690000000,0.0002664715
5569.1970000000,0.0002664715
5569.1980000000,0.0002665298
5569.2190000000,0.0002665298
5569.2460000000,0.0002665298
5569.2470000000,0.0002665880
5569.2700000000,0.0002665880
5569.2960000000,0.0002666462
5569.2960000000,0.0002666462
5569.3200000000,0.0002666462
5569.3460000000,0.0002667043
5569.3470000000,0.0002667043
5569.3690000000,0.0002667043
5569.3960000000,0.0002667623
5569.3960000000,0.0002667623
5569.4190000000,0.0002667623
5569.4460000000,0.0002667623
5569.4460000000,0.0002668203
5569.4690000000,0.0002668203
5569.4960000000,0.0002668203
5569.4970000000,0.0002668782
5569.5190000000,0.0002668782
5569.5450000000,0.0002669361
5569.5470000000,0.0002669361
5569.5690000000,0.0002669361
5569.5970000000,0.0002669361
5569.5970000000,0.0002669939
5569.6190000000,0.0002669939
5569.6460000000,0.0002669939
5569.6470000000,0.0002670516
5569.6690000000,0.0002670516
5569.6960000000,0.0002670516
5569.6960000000,0.0002671093
5569.7210000000,0.0002671093
5569.7460000000,0.0002671093
5569.7470000000,0.0002671669
5569.7690000000,0.0002671669
5569.7960000000,0.0002671669
5569.7960000000,0.0002672245
5569.8190000000,0.0002672245
5569.8470000000,0.0002672245
5569.8470000000,0.0002672820
5569.8690000000,0.0002672820
5569.8960000000,0.0002673395
5569.8960000000,0.0002673395
5569.9190000000,0.0002673395
5569.9460000000,0.0002673395
5569.9460000000,0.0002673968
5569.9700000000,0.0002673968
5569.9970000000,0.0002673968
5569.9970000000,0.0002674541
5570.0190000000,0.0002674541
5570.0470000000,0.0002674541
5570.0470000000,0.0002674541
5570.0690000000,0.0002674541
5570.0960000000,0.0002674541
5570.0960000000,0.0003516777
5570.1200000000,0.0003517551
5570.1460000000,0.0003517551
5570.1460000000,0.0003519532
5570.1690000000,0.0003520305
5570.1970000000,0.0003533573
5570.1980000000,0.0003535553
5570.2190000000,0.0003536324
5570.2460000000,0.0003538302
5570.2470000000,0.0003538302
5570.2690000000,0.0003539074
5570.2970000000,0.0003551015
5570.2980000000,0.0003552992
5570.3190000000,0.0003553762
5570.3460000000,0.0003555737
5570.3460000000,0.0003555737
5570.3690000000,0.0003556507
5570.3970000000,0.0003558481
5570.4000000000,0.0003569228
5570.4190000000,0.0003569997
5570.4470000000,0.0003571970
5570.4470000000,0.0003571970
5570.4690000000,0.0003572738
5570.4960000000,0.0003574709
5570.4960000000,0.0003584382
5570.5200000000,0.0003585149
5570.5460000000,0.0003587119
5570.5460000000,0.0003587119
5570.5700000000,0.0003587886
5570.5960000000,0.0003596591
5570.5970000000,0.0003598559
5570.6190000000,0.0003599325
5570.6460000000,0.0003601292
5570.6460000000,0.0003601292
5570.6690000000,0.0003602057
5570.6960000000,0.0003604022
5570.6960000000,0.0003611857
5570.7190000000,0.0003612622
5570.7460000000,0.0003614585
5570.7460000000,0.0003614585
5570.7700000000,0.0003615349
5570.7960000000,0.0003622401
5570.7960000000,0.0003624363
5570.8190000000,0.0003625126
5570.8470000000,0.0003627087
5570.8480000000,0.0003627087
5570.8700000000,0.0003627849
5570.8960000000,0.0003629809
5570.8960000000,0.0003636155
5570.9190000000,0.0003636917
5570.9470000000,0.0003638875
5570.9470000000,0.0003638875
5570.9690000000,0.0003639635
5570.9960000000,0.0003645347
5570.9960000000,0.0003647304
5571.0190000000,0.0003648064
5571.0460000000,0.0003648064
5571.0460000000,0.0003650020
5571.0690000000,0.0003650779
5571.0960000000,0.0003655920
5571.0980000000,0.0003657874
5571.1200000000,0.0003658633
5571.1460000000,0.0003658633
5571.1480000000,0.0003660585
5571.1690000000,0.0003661343
5571.1960000000,0.0003665970
5571.1960000000,0.0003667921
5571.2200000000,0.0003668678
5571.2460000000,0.0003670628
5571.2460000000,0.0003670628
5571.2700000000,0.0003671384
5571.2960000000,0.0003675548
5571.2980000000,0.0003677497
5571.3190000000,0.0003678252
5571.3460000000,0.0003678252
5571.3480000000,0.0003680199
5571.3690000000,0.0003680954
5571.3960000000,0.0003684702
5571.3960000000,0.0003686647
5571.4200000000,0.0003687401
5571.4460000000,0.0003687401
5571.4480000000,0.0003689345
5571.4690000000,0.0003690099
5571.4970000000,0.0003693471
5571.4980000000,0.0003695413
5571.5190000000,0.0003696166
5571.5460000000,0.0003696166
5571.5460000000,0.0003698107
5571.5700000000,0.0003698859
5571.5970000000,0.0003700799
5571.5970000000,0.0003703834
5571.6190000000,0.0003704586
5571.6460000000,0.0003704586
5571.6460000000,0.0003706524
5571.6690000000,0.0003707275
5571.6960000000,0.0003710007
5571.6960000000,0.0003711945
5571.7190000000,0.0003712695
5571.7460000000,0.0003714631
5571.7460000000,0.0003714631
5571.7690000000,0.0003715380
5571.7960000000,0.0003717316
5571.7960000000,0.0003719775
5571.8200000000,0.0003720523
5571.8460000000,0.0003720523
5571.8470000000,0.0003722457
5571.8700000000,0.0003723205
5571.8960000000,0.0003725138
5571.8970000000,0.0003727350
5571.9200000000,0.0003728097
5571.9470000000,0.0003730028
5571.9470000000,0.0003730028
5571.9690000000,0.0003730774
5571.9960000000,0.0003732766
5571.9960000000,0.0003734695
5572.0180000000,0.0003735441
5572.0460000000,0.0003737368
5572.0460000000,0.0003737368
5572.0710000000,0.0003738113
5572.0960000000,0.0003739906
5572.0960000000,0.0003741832
5572.1190000000,0.0003742576
5572.1470000000,0.0003744501
5572.1470000000,0.0003744501
5572.1700000000,0.0003745244
5572.1960000000,0.0003746858
5572.1960000000,0.0003748781
5572.2200000000,0.0003749524
5572.2460000000,0.0003749524
5572.2460000000,0.0003751446
5572.2700000000,0.0003752188
5572.2960000000,0.0003754109
5572.2970000000,0.0003755560
5572.3190000000,0.0003756302
5572.3470000000,0.0003756302
5572.3470000000,0.0003758222
5572.3690000000,0.0003758963
5572.3970000000,0.0003760269
5572.3970000000,0.0003762188
5572.4190000000,0.0003762928
5572.4460000000,0.0003764845
5572.4460000000,0.0003764845
5572.4690000000,0.0003765584
5572.4960000000,0.0003766760
5572.4960000000,0.0003768676
5572.5210000000,0.0003769414
5572.5460000000,0.0003769414
5572.5460000000,0.0003771328
5572.5690000000,0.0003772066
5572.5990000000,0.0003773978
5572.5990000000,0.0003775036
5572.6190000000,0.0003775774
5572.6460000000,0.0003775774
5572.6460000000,0.0003777684
5572.6690000000,0.0003778421
5572.6960000000,0.0003779373
5572.6960000000,0.0003781282
5572.7190000000,0.0003782017
5572.7460000000,0.0003783925
5572.7470000000,0.0003783925
5572.7700000000,0.0003784660
5572.7960000000,0.0003786565
5572.7960000000,0.0003787423
5572.8190000000,0.0003788157
5572.8460000000,0.0003788157
5572.8460000000,0.0003790061
5572.8690000000,0.0003790795
5572.8960000000,0.0003792697
5572.8960000000,0.0003793469
5572.9200000000,0.0003794201
5572.9460000000,0.0003796103
5572.9470000000,0.0003796103
5572.9690000000,0.0003796835
5572.9960000000,0.0003797529
5572.9960000000,0.0003799430
5573.0200000000,0.0003800161
5573.0460000000,0.0003800161
5573.0460000000,0.0003802061
5573.0700000000,0.0003802791
5573.0970000000,0.0003803416
5573.0980000000,0.0003805314
5573.1200000000,0.0003806045
5573.1470000000,0.0003807941
5573.1470000000,0.0003807941
5573.1700000000,0.0003808671
5573.1980000000,0.0003810566
5573.1980000000,0.0003811129
5573.2190000000,0.0003811857
5573.2460000000,0.0003811857
5573.2460000000,0.0003813751
5573.2700000000,0.0003814479
5573.2960000000,0.0003816371
5573.2960000000,0.0003816877
5573.3200000000,0.0003817605
5573.3450000000,0.0003819495
5573.3460000000,0.0003819495
5573.3690000000,0.0003820222
5573.3970000000,0.0003822111
5573.3970000000,0.0003822566
5573.4190000000,0.0003823292
5573.4460000000,0.0003825180
5573.4470000000,0.0003825180
5573.4690000000,0.0003825905
5573.4960000000,0.0003825905
5573.4960000000,0.0003827790
5573.5190000000,0.0003828515
5573.5460000000,0.0003828925
5573.5460000000,0.0003830809
5573.5700000000,0.0003831533
5573.5970000000,0.0003831533
5573.5980000000,0.0003833416
5573.6190000000,0.0003834139
5573.6460000000,0.0003834508
5573.6480000000,0.0003836390
5573.6690000000,0.0003837112
5573.6960000000,0.0003838992
5573.6960000000,0.0003838992
5573.7190000000,0.0003839714
5573.7460000000,0.0003840046
5573.7460000000,0.0003841925
5573.7690000000,0.0003842646
5573.7960000000,0.0003842646
5573.7960000000,0.0003844523
5573.8190000000,0.0003845243
5573.8460000000,0.0003847119
5573.8470000000,0.0003847418
5573.8690000000,0.0003848138
5573.8960000000,0.0003850012
5573.8970000000,0.0003850012
5573.9190000000,0.0003850731
5573.9460000000,0.0003852604
5573.9470000000,0.0003852873
5573.9690000000,0.0003853591
5573.9960000000,0.0003855462
5573.9960000000,0.0003855462
5574.0190000000,0.0003856180
5574.0460000000,0.0003858050
5574.0460000000,0.0003858292
5574.0700000000,0.0003859009
5574.0960000000,0.0003860877
5574.0960000000,0.0003860877
5574.1190000000,0.0003861593
5574.1460000000,0.0003863459
5574.1470000000,0.0003863677
5574.1690000000,0.0003864393
5574.1960000000,0.0003864393
5574.1970000000,0.0003866258
5574.2190000000,0.0003866973
5574.2470000000,0.0003868836
5574.2470000000,0.0003869032
5574.2700000000,0.0003869746
5574.2960000000,0.0003871608
5574.2960000000,0.0003871608
5574.3200000000,0.0003872322
5574.3460000000,0.0003872498
5574.3460000000,0.0003874359
5574.3700000000,0.0003875071
5574.3970000000,0.0003876931
5574.3970000000,0.0003876931
5574.4190000000,0.0003877643
5574.4460000000,0.0003877802
5574.4470000000,0.0003879660
5574.4690000000,0.0003880372
5574.4960000000,0.0003882229
5574.4960000000,0.0003882229
5574.5190000000,0.0003882940
5574.5460000000,0.0003884795
5574.5460000000,0.0003884938
5574.5690000000,0.0003885648
5574.5960000000,0.0003885648
5574.5970000000,0.0003887503
5574.6190000000,0.0003888212
5574.6460000000,0.0003888341
5574.6470000000,0.0003890193
5574.6690000000,0.0003890902
5574.6960000000,0.0003890902
5574.6970000000,0.0003892753
5574.7190000000,0.0003893462
5574.7460000000,0.0003893577
5574.7470000000,0.0003895427
5574.7690000000,0.0003896134
5574.7960000000,0.0003896134
5574.7960000000,0.0003897982
5574.8190000000,0.0003898689
5574.8460000000,0.0003900535
5574.8460000000,0.0003900639
5574.8690000000,0.0003901345
5574.8960000000,0.0003901345
5574.8960000000,0.0003903189
5574.9190000000,0.0003903895
5574.9460000000,0.0003905738
5574.9470000000,0.0003905832
5574.9700000000,0.0003906536
5574.9970000000,0.0003908378
5574.9970000000,0.0003908378
5575.0190000000,0.0003909082
5575.0460000000,0.0003909166
5575.0460000000,0.0003911007
5575.0690000000,0.0003911710
5575.0970000000,0.0003911710
5575.0980000000,0.0003913549
5575.1190000000,0.0003914252
5575.1460000000,0.0003914328
5575.1470000000,0.0003916165
5575.1690000000,0.0003916867
5575.1960000000,0.0003918704
5575.1960000000,0.0003918704
5575.2190000000,0.0003919405
5575.2460000000,0.0003921241
5575.2470000000,0.0003921309
5575.2700000000,0.0003922009
5575.2970000000,0.0003922009
5575.2970000000,0.0003923843
5575.3200000000,0.0003924543
5575.3470000000,0.0003924605
5575.3480000000,0.0003926437
5575.3690000000,0.0003927136
5575.3960000000,0.0003928967
5575.3960000000,0.0003928967
5575.4190000000,0.0003929666
5575.4470000000,0.0003931495
5575.4470000000,0.0003931551
5575.4690000000,0.0003932249
5575.4970000000,0.0003934076
5575.4970000000,0.0003934076
5575.5190000000,0.0003934774
5575.5470000000,0.0003934823
5575.5470000000,0.0003936650
5575.5700000000,0.0003937346
5575.5970000000,0.0003939171
5575.5970000000,0.0003939171
5575.6190000000,0.0003939866
5575.6460000000,0.0003941690
5575.6470000000,0.0003941734
5575.6700000000,0.0003942430
5575.6970000000,0.0003944251
5575.6970000000,0.0003944251
5575.7190000000,0.0003944946
5575.7460000000,0.0003946766
5575.7460000000,0.0003946806
5575.7690000000,0.0003947500
5575.7970000000,0.0003949319
5575.7980000000,0.0003949319
5575.8190000000,0.0003950012
5575.8460000000,0.0003951830
5575.8470000000,0.0003951866
5575.8690000000,0.0003952559
5575.8970000000,0.0003954375
5575.8980000000,0.0003954375
5575.9190000000,0.0003955067
5575.9460000000,0.0003956882
5575.9460000000,0.0003956914
5575.9700000000,0.0003957606
5575.9960000000,0.0003959419
5575.9960000000,0.0003959419
5576.0190000000,0.0003960110
5576.0460000000,0.0003961922
5576.0460000000,0.0003961952
5576.0700000000,0.0003962642
5576.0960000000,0.0003962642
5576.0960000000,0.0003964453
5576.1190000000,0.0003965142
5576.1470000000,0.0003965168
5576.1470000000,0.0003966978
5576.1690000000,0.0003967667
5576.1970000000,0.0003967667
5576.1970000000,0.0003969476
5576.2200000000,0.0003970163
5576.2460000000,0.0003971970
5576.2460000000,0.0003971994
5576.2690000000,0.0003972681
5576.2960000000,0.0003972681
5576.2970000000,0.0003974487
5576.3190000000,0.0003975173
5576.3460000000,0.0003975195
5576.3460000000,0.0003976999
5576.3700000000,0.0003977685
5576.3960000000,0.0003979487
5576.3960000000,0.0003979487
5576.4190000000,0.0003980172
5576.4460000000,0.0003981972
5576.4460000000,0.0003981992
5576.4700000000,0.0003982676
5576.4960000000,0.0003982676
5576.4960000000,0.0003984476
5576.5190000000,0.0003985160
5576.5460000000,0.0003986958
5576.5460000000,0.0003986975
5576.5690000000,0.0003987658
5576.5960000000,0.0003989455
5576.5960000000,0.0003989455
5576.6190000000,0.0003990138
5576.6470000000,0.0003991934
5576.6470000000,0.0003991949
5576.6700000000,0.0003992631
5576.6960000000,0.0003994426
5576.6960000000,0.0003994426
5576.7190000000,0.0003995107
5576.7460000000,0.0003996900
5576.7460000000,0.0003996914
5576.7700000000,0.0003997594
5576.7960000000,0.0003997594
5576.7960000000,0.0003999386
5576.8190000000,0.0004000066
5576.8460000000,0.0004001856
5576.8460000000,0.0004001869
5576.8700000000,0.0004002548
5576.8960000000,0.0004004336
5576.8960000000,0.0004004336
5576.9200000000,0.0004005015
5576.9460000000,0.0004005026
5576.9480000000,0.0004006813
5576.9690000000,0.0004007491
5576.9970000000,0.0004009276
5576.9970000000,0.0004009276
5577.0190000000,0.0004009954
5577.0470000000,0.0004011737
5577.0470000000,0.0004011747
5577.0690000000,0.0004012424
5577.0960000000,0.0004014206
5577.0960000000,0.0004014206
5577.1210000000,0.0004014882
5577.1460000000,0.0004016662
5577.1460000000,0.0004016671
5577.1690000000,0.0004017347
5577.1970000000,0.0004017347
5577.1970000000,0.0004019126
5577.2200000000,0.0004019800
5577.2460000000,0.0004021578
5577.2460000000,0.0004021586
5577.2690000000,0.0004022260
5577.2960000000,0.0004022260
5577.2960000000,0.0004024036
5577.3200000000,0.0004024710
5577.3460000000,0.0004024717
5577.3460000000,0.0004026493
5577.3700000000,0.0004027165
5577.3960000000,0.0004028939
5577.3970000000,0.0004028939
5577.4190000000,0.0004029612
5577.4460000000,0.0004031384
5577.4470000000,0.0004031391
5577.4690000000,0.0004032062
5577.4960000000,0.0004032062
5577.4960000000,0.0004033834
5577.5180000000,0.0004034505
5577.5460000000,0.0004036274
5577.5460000000,0.0004036280
5577.5690000000,0.0004036951
5577.5960000000,0.0004036951
5577.5960000000,0.0004038719
5577.6190000000,0.0004039388
5577.6460000000,0.0004039394
5577.6460000000,0.0004041161
5577.6690000000,0.0004041830
5577.6960000000,0.0004043595
5577.6960000000,0.0004043595
5577.7190000000,0.0004044263
5577.7460000000,0.0004044268
5577.7460000000,0.0004046032
5577.7700000000,0.0004046700
5577.7960000000,0.0004048462
5577.7960000000,0.0004048462
5577.8200000000,0.0004049129
5577.8460000000,0.0004049133
5577.8460000000,0.0004050893
5577.8710000000,0.0004051560
5577.8960000000,0.0004053319
5577.8960000000,0.0004053319
5577.9190000000,0.0004053985
5577.9460000000,0.0004055742
5577.9460000000,0.0004055746
5577.9690000000,0.0004056411
5577.9960000000,0.0004058167
5577.9970000000,0.0004058167
5578.0200000000,0.0004058832
5578.0460000000,0.0004058835
5578.0460000000,0.0004060590
5578.0690000000,0.0004061254
5578.0960000000,0.0004063008
5578.0970000000,0.0004063008
5578.1190000000,0.0004063671
5578.1470000000,0.0004065423
5578.1470000000,0.0004065426
5578.1690000000,0.0004066089
5578.1970000000,0.0004067839
5578.1970000000,0.0004067839
5578.2200000000,0.0004068501
5578.2460000000,0.0004070251
5578.2460000000,0.0004070254
5578.2700000000,0.0004070915
5578.2960000000,0.0004070915
5578.2960000000,0.0004072663
5578.3190000000,0.0004073324
5578.3450000000,0.0004075070
5578.3470000000,0.0004075072
5578.3690000000,0.0004075732
5578.3960000000,0.0004077477
5578.3970000000,0.0004077477
5578.4190000000,0.0004078136
5578.4460000000,0.0004078138
5578.4460000000,0.0004079881
5578.4690000000,0.0004080540
5578.4960000000,0.0004080540
5578.4960000000,0.0004082281
5578.5200000000,0.0004082939
5578.5460000000,0.0004082941
5578.5460000000,0.0004084681
5578.5690000000,0.0004085338
5578.5960000000,0.0004087077
5578.5970000000,0.0004087077
5578.6190000000,0.0004087733
5578.6460000000,0.0004087735
5578.6460000000,0.0004089473
5578.6690000000,0.0004090129
5578.6960000000,0.0004090129
5578.6960000000,0.0004091865
5578.7200000000,0.0004092520
5578.7450000000,0.0004092522
5578.7460000000,0.0004094257
5578.7690000000,0.0004094912
5578.7960000000,0.0004094912
5578.7960000000,0.0004096645
5578.8200000000,0.0004097299
5578.8460000000,0.0004099031
5578.8460000000,0.0004099033
5578.8700000000,0.0004099686
5578.8960000000,0.0004101417
5578.8960000000,0.0004101417
5578.9200000000,0.0004102070
5578.9460000000,0.0004102071
5578.9470000000,0.0004103800
5578.9700000000,0.0004104453
5578.9960000000,0.0004106181
5578.9970000000,0.0004106181
5579.0200000000,0.0004106832
5579.0470000000,0.0004108559
5579.0470000000,0.0004108560
5579.0700000000,0.0004109211
5579.0960000000,0.0004109211
5579.0970000000,0.0004110936
5579.1200000000,0.0004111586
5579.1460000000,0.0004111587
5579.1460000000,0.0004113310
5579.1690000000,0.0004113960
5579.1960000000,0.0004113960
5579.1960000000,0.0004115682
5579.2190000000,0.0004116331
5579.2460000000,0.0004118051
5579.2500000000,0.0004118051
5579.2690000000,0.0004118700
5579.2960000000,0.0004118700
5579.2960000000,0.0004120418
5579.3190000000,0.0004121066
5579.3460000000,0.0004122784
5579.3460000000,0.0004122785
5579.3690000000,0.0004123432
5579.3960000000,0.0004125148
5579.3960000000,0.0004125148
5579.4200000000,0.0004125795
5579.4480000000,0.0004125796
5579.4480000000,0.0004127511
5579.4690000000,0.0004128157
5579.4960000000,0.0004129871
5579.4970000000,0.0004129871
5579.5190000000,0.0004130516
5579.5460000000,0.0004132229
5579.5460000000,0.0004132230
5579.5700000000,0.0004132874
5579.5960000000,0.0004132874
5579.5960000000,0.0004134586
5579.6210000000,0.0004135230
5579.6460000000,0.0004136940
5579.6460000000,0.0004136940
5579.6700000000,0.0004137584
5579.6960000000,0.0004137584
5579.6960000000,0.0004139292
5579.7190000000,0.0004139935
5579.7460000000,0.0004139935
5579.7480000000,0.0004141642
5579.7690000000,0.0004142285
5579.7970000000,0.0004143990
5579.7970000000,0.0004143990
5579.8190000000,0.0004144632
5579.8460000000,0.0004146335
5579.8460000000,0.0004146336
5579.8710000000,0.0004146977
5579.8960000000,0.0004148679
5579.8960000000,0.0004148679
5579.9200000000,0.0004149319
5579.9460000000,0.0004149320
5579.9460000000,0.0004151021
5579.9690000000,0.0004151660
5579.9960000000,0.0004153360
5579.9960000000,0.0004153360
5580.0190000000,0.0004153999
5580.0470000000,0.0004153999
5580.0470000000,0.0004155697
5580.0690000000,0.0004156335
5580.0960000000,0.0004158032
5580.0980000000,0.0004158032
5580.1190000000,0.0004158670
5580.1460000000,0.0004160365
5580.1470000000,0.0004160365
5580.1700000000,0.0004161003
5580.1960000000,0.0004161003
5580.1960000000,0.0004162697
5580.2210000000,0.0004163334
5580.2470000000,0.0004165027
5580.2470000000,0.0004165027
5580.2700000000,0.0004165663
5580.2960000000,0.0004165663
5580.2960000000,0.0004167355
5580.3190000000,0.0004167990
5580.3470000000,0.0004169681
5580.3480000000,0.0004169681
5580.3690000000,0.0004170316
5580.3960000000,0.0004172005
5580.3960000000,0.0004172005
5580.4200000000,0.0004172639
5580.4460000000,0.0004172639
5580.4470000000,0.0004174327
5580.4690000000,0.0004174961
5580.4970000000,0.0004174961
5580.4970000000,0.0004176647
5580.5200000000,0.0004177280
5580.5460000000,0.0004177280
5580.5460000000,0.0004178965
5580.5700000000,0.0004179598
5580.5970000000,0.0004181281
5580.5970000000,0.0004181281
5580.6190000000,0.0004181913
5580.6470000000,0.0004183594
5580.6480000000,0.0004183595
5580.6700000000,0.0004184226
5580.6960000000,0.0004185906
5580.6960000000,0.0004185906
5580.7200000000,0.0004186537
5580.7460000000,0.0004186537
5580.7470000000,0.0004188216
5580.7690000000,0.0004188846
5580.7960000000,0.0004190523
5580.7960000000,0.0004190523
5580.8200000000,0.0004191153
5580.8460000000,0.0004192830
5580.8460000000,0.0004192830
5580.8690000000,0.0004193459
5580.8970000000,0.0004193459
5580.8970000000,0.0004195134
5580.9190000000,0.0004195762
5580.9470000000,0.0004197437
5580.9470000000,0.0004197438
5580.9690000000,0.0004198065
5580.9960000000,0.0004199739
5580.9960000000,0.0004199739
5581.0200000000,0.0004200366
5581.0460000000,0.0004200366
5581.0470000000,0.0004202038
5581.0690000000,0.0004202665
5581.0970000000,0.0004202665
5581.0970000000,0.0004204336
5581.1200000000,0.0004204961
5581.1460000000,0.0004206631
5581.1460000000,0.0004206631
5581.1700000000,0.0004207256
5581.1960000000,0.0004207256
5581.1960000000,0.0004208923
5581.2190000000,0.0004209548
5581.2460000000,0.0004209548
5581.2470000000,0.0004211214
5581.2690000000,0.0004211838
5581.2970000000,0.0004211838
5581.2970000000,0.0004213502
5581.3190000000,0.0004214126
5581.3470000000,0.0004215789
5581.3470000000,0.0004215789
5581.3690000000,0.0004216411
5581.3970000000,0.0004218073
5581.3980000000,0.0004218073
5581.4200000000,0.0004218695
5581.4460000000,0.0004218695
5581.4460000000,0.0004220356
5581.4690000000,0.0004220977
5581.4960000000,0.0004220977
5581.4970000000,0.0004222636
5581.5190000000,0.0004223257
5581.5460000000,0.0004224915
5581.5460000000,0.0004224915
5581.5690000000,0.0004225535
5581.5960000000,0.0004225535
5581.5960000000,0.0004227192
5581.6190000000,0.0004227812
5581.6460000000,0.0004229467
5581.6460000000,0.0004229467
5581.6690000000,0.0004230086
5581.6960000000,0.0004231741
5581.6970000000,0.0004231741
5581.7190000000,0.0004232359
5581.7470000000,0.0004234013
5581.7470000000,0.0004234013
5581.7690000000,0.0004234631
5581.7970000000,0.0004236283
5581.7970000000,0.0004236283
5581.8190000000,0.0004236900
5581.8460000000,0.0004236900
5581.8460000000,0.0004238551
5581.8690000000,0.0004239168
5581.8960000000,0.0004239168
5581.8960000000,0.0004240818
5581.9190000000,0.0004241434
5581.9470000000,0.0004241434
5581.9470000000,0.0004243083
5581.9700000000,0.0004243698
5581.9960000000,0.0004243698
5581.9960000000,0.0004245345
5582.0200000000,0.0004245960
5582.0460000000,0.0004245960
5582.0460000000,0.0004247605
5582.0690000000,0.0004248219
5582.0960000000,0.0004248219
5582.0960000000,0.0004249863
5582.1190000000,0.0004250477
5582.1460000000,0.0004250477
5582.1480000000,0.0004252119
5582.1690000000,0.0004252732
5582.1960000000,0.0004254373
5582.1970000000,0.0004254373
5582.2190000000,0.0004254985
5582.2460000000,0.0004254985
5582.2460000000,0.0004256625
5582.2700000000,0.0004257236
5582.2960000000,0.0004257236
5582.2960000000,0.0004258875
5582.3200000000,0.0004259486
5582.3460000000,0.0004259486
5582.3470000000,0.0004261123
5582.3690000000,0.0004261734
5582.3960000000,0.0004261734
5582.3960000000,0.0004263369
5582.4200000000,0.0004263979
5582.4460000000,0.0004265614
5582.4460000000,0.0004265614
5582.4700000000,0.0004266223
5582.4970000000,0.0004266223
5582.4970000000,0.0004267856
5582.5190000000,0.0004268465
5582.5460000000,0.0004270097
5582.5480000000,0.0004270097
5582.5690000000,0.0004270705
5582.5970000000,0.0004270705
5582.5970000000,0.0004272335
5582.6190000000,0.0004272943
5582.6460000000,0.0004274572
5582.6460000000,0.0004274572
5582.6700000000,0.0004275179
5582.6960000000,0.0004276806
5582.6970000000,0.0004276806
5582.7190000000,0.0004277413
5582.7460000000,0.0004277413
5582.7470000000,0.0004279039
5582.7690000000,0.0004279645
5582.7960000000,0.0004279645
5582.7960000000,0.0004281269
5582.8190000000,0.0004281874
5582.8460000000,0.0004283497
5582.8460000000,0.0004283497
5582.8700000000,0.0004284102
5582.8970000000,0.0004285724
5582.8970000000,0.0004285724
5582.9190000000,0.0004286328
5582.9460000000,0.0004287949
5582.9460000000,0.0004287949
5582.9690000000,0.0004288552
5582.9960000000,0.0004290172
5582.9960000000,0.0004290172
5583.0190000000,0.0004290775
5583.0460000000,0.0004290775
5583.0470000000,0.0004292393
5583.0700000000,0.0004292996
5583.0960000000,0.0004292996
5583.0960000000,0.0004294613
5583.1190000000,0.0004295215
5583.1460000000,0.0004296830
5583.1470000000,0.0004296830
5583.1700000000,0.0004297432
5583.1970000000,0.0004299046
5583.1970000000,0.0004299046
5583.2190000000,0.0004299647
5583.2470000000,0.0004299647
5583.2480000000,0.0004301261
5583.2700000000,0.0004301861
5583.2960000000,0.0004301861
5583.2960000000,0.0004303473
5583.3190000000,0.0004304073
5583.3460000000,0.0004305684
5583.3460000000,0.0004305684
5583.3720000000,0.0004306283
5583.3960000000,0.0004306283
5583.3960000000,0.0004307894
5583.4190000000,0.0004308492
5583.4460000000,0.0004308492
5583.4460000000,0.0004310102
5583.4690000000,0.0004310700
5583.4960000000,0.0004312308
5583.4960000000,0.0004312308
5583.5200000000,0.0004312905
5583.5460000000,0.0004314512
5583.5460000000,0.0004314512
5583.5700000000,0.0004315109
5583.5960000000,0.0004315109
5583.5960000000,0.0004316714
5583.6200000000,0.0004317311
5583.6460000000,0.0004318915
5583.6460000000,0.0004318915
5583.6690000000,0.0004319510
5583.6960000000,0.0004319510
5583.6960000000,0.0004321113
5583.7190000000,0.0004321708
5583.7460000000,0.0004321708
5583.7460000000,0.0004323309
5583.7690000000,0.0004323903
5583.7960000000,0.0004323903
5583.7970000000,0.0004325503
5583.8190000000,0.0004326097
5583.8460000000,0.0004327696
5583.8470000000,0.0004327696
5583.8690000000,0.0004328289
5583.8960000000,0.0004328289
5583.8960000000,0.0004329886
5583.9190000000,0.0004330479
5583.9470000000,0.0004330479
5583.9480000000,0.0004332075
5583.9700000000,0.0004332667
5583.9960000000,0.0004332667
5583.9960000000,0.0004334262
5584.0190000000,0.0004334854
5584.0470000000,0.0004336448
5584.0480000000,0.0004336448
5584.0690000000,0.0004337039
5584.0960000000,0.0004337039
5584.0960000000,0.0004338632
5584.1190000000,0.0004339222
5584.1460000000,0.0004339222
5584.1460000000,0.0004340814
5584.1690000000,0.0004341403
5584.1960000000,0.0004341403
5584.1970000000,0.0004342993
5584.2190000000,0.0004343583
5584.2460000000,0.0004343583
5584.2470000000,0.0004345172
5584.2690000000,0.0004345760
5584.2960000000,0.0004345760
5584.2960000000,0.0004347348
5584.3200000000,0.0004347936
5584.3470000000,0.0004347936
5584.3470000000,0.0004349521
5584.3700000000,0.0004350109
5584.3960000000,0.0004351693
5584.3970000000,0.0004351693
5584.4210000000,0.0004352280
5584.4460000000,0.0004352280
5584.4460000000,0.0004353864
5584.4690000000,0.0004354450
5584.4960000000,0.0004356032
5584.4960000000,0.0004356032
5584.5190000000,0.0004356618
5584.5470000000,0.0004356618
5584.5470000000,0.0004358198
5584.5690000000,0.0004358783
5584.5960000000,0.0004360363
5584.5960000000,0.0004360363
5584.6200000000,0.0004360948
5584.6460000000,0.0004360948
5584.6470000000,0.0004362527
5584.6690000000,0.0004363110
5584.6970000000,0.0004363110
5584.6970000000,0.0004364688
5584.7190000000,0.0004365271
5584.7460000000,0.0004365271
5584.7470000000,0.0004366848
5584.7690000000,0.0004367431
5584.7970000000,0.0004367431
5584.7980000000,0.0004369006
5584.8190000000,0.0004369588
5584.8470000000,0.0004371162
5584.8480000000,0.0004371162
5584.8700000000,0.0004371744
5584.8960000000,0.0004371744
5584.8960000000,0.0004373316
5584.9190000000,0.0004373898
5584.9460000000,0.0004375469
5584.9460000000,0.0004375469
5584.9690000000,0.0004376049
5584.9970000000,0.0004376049
5584.9970000000,0.0004377619
5585.0190000000,0.0004378199
5585.0460000000,0.0004379767
5585.0460000000,0.0004379767
5585.0690000000,0.0004380347
5585.0960000000,0.0004380347
5585.0960000000,0.0004381914
5585.1190000000,0.0004382493
5585.1460000000,0.0004384060
5585.1470000000,0.0004384060
5585.1690000000,0.0004384638
5585.1970000000,0.0004386203
5585.1970000000,0.0004386203
5585.2200000000,0.0004386781
5585.2460000000,0.0004386781
5585.2460000000,0.0004388345
5585.2690000000,0.0004388922
5585.2960000000,0.0004390485
5585.2960000000,0.0004390485
5585.3190000000,0.0004391062
5585.3460000000,0.0004392624
5585.3470000000,0.0004392624
5585.3690000000,0.0004393200
5585.3960000000,0.0004394761
5585.3960000000,0.0004394761
5585.4200000000,0.0004395336
5585.4460000000,0.0004396896
5585.4460000000,0.0004396896
5585.4700000000,0.0004397471
5585.4960000000,0.0004399030
5585.4960000000,0.0004399030
5585.5190000000,0.0004399604
5585.5460000000,0.0004399604
5585.5460000000,0.0004401162
5585.5700000000,0.0004401735
5585.5980000000,0.0004403292
5585.5980000000,0.0004403292
5585.6190000000,0.0004403865
5585.6460000000,0.0004405420
5585.6460000000,0.0004405420
5585.6690000000,0.0004405993
5585.6960000000,0.0004407547
5585.6970000000,0.0004407547
5585.7200000000,0.0004408119
5585.7470000000,0.0004408119
5585.7480000000,0.0004409672
5585.7690000000,0.0004410244
5585.7960000000,0.0004411796
5585.7960000000,0.0004411796
5585.8190000000,0.0004412367
5585.8460000000,0.0004412367
5585.8460000000,0.0004413918
5585.8690000000,0.0004414489
5585.8960000000,0.0004414489
5585.8960000000,0.0004416039
5585.9190000000,0.0004416609
5585.9460000000,0.0004418158
5585.9460000000,0.0004418158
5585.9690000000,0.0004418728
5585.9960000000,0.0004420276
5585.9960000000,0.0004420276
5586.0210000000,0.0004420845
5586.0460000000,0.0004420845
5586.0460000000,0.0004422393
5586.0690000000,0.0004422961
5586.0960000000,0.0004422961
5586.0960000000,0.0004424507
5586.1190000000,0.0004425074
5586.1460000000,0.0004426620
5586.1460000000,0.0004426620
5586.1690000000,0.0004427187
5586.1960000000,0.0004428732
5586.1960000000,0.0004428732
5586.2190000000,0.0004429297
5586.2460000000,0.0004429297
5586.2460000000,0.0004430841
5586.2700000000,0.0004431406
5586.2970000000,0.0004432949
5586.2970000000,0.0004432949
5586.3190000000,0.0004433513
5586.3460000000,0.0004433513
5586.3480000000,0.0004435056
5586.3690000000,0.0004435619
5586.3960000000,0.0004435619
5586.3960000000,0.0004437161
5586.4190000000,0.0004437723
5586.4480000000,0.0004439264
5586.4480000000,0.0004439264
5586.4700000000,0.0004439826
5586.4960000000,0.0004441366
5586.4970000000,0.0004441366
5586.5200000000,0.0004441928
5586.5460000000,0.0004443467
5586.5460000000,0.0004443467
5586.5690000000,0.0004444028
5586.5960000000,0.0004445567
5586.5960000000,0.0004445567
5586.6190000000,0.0004446126
5586.6470000000,0.0004446126
5586.6480000000,0.0004447665
5586.6690000000,0.0004448224
5586.6960000000,0.0004449762
5586.6960000000,0.0004449762
5586.7190000000,0.0004450320
5586.7460000000,0.0004450320
5586.7470000000,0.0004451857
5586.7690000000,0.0004452414
5586.7960000000,0.0004453950
5586.7960000000,0.0004453950
5586.8190000000,0.0004454506
5586.8460000000,0.0004456040
5586.8470000000,0.0004456040
5586.8690000000,0.0004456596
5586.8960000000,0.0004458129
5586.8960000000,0.0004458129
5586.9190000000,0.0004458684
5586.9460000000,0.0004458684
5586.9460000000,0.0004460216
5586.9690000000,0.0004460770
5586.9960000000,0.0004460770
5586.9960000000,0.0004462301
5587.0190000000,0.0004462854
5587.0470000000,0.0004462854
5587.0470000000,0.0004464384
5587.0690000000,0.0004464937
5587.0970000000,0.0004464937
5587.0970000000,0.0004466466
5587.1190000000,0.0004467018
5587.1460000000,0.0004468547
5587.1460000000,0.0004468547
5587.1710000000,0.0004469098
5587.1960000000,0.0004469098
5587.1960000000,0.0004470627
5587.2200000000,0.0004471177
5587.2460000000,0.0004471177
5587.2460000000,0.0004472705
5587.2690000000,0.0004473254
5587.2960000000,0.0004473254
5587.2960000000,0.0004474781
5587.3190000000,0.0004475330
5587.3460000000,0.0004476856
5587.3470000000,0.0004476856
5587.3690000000,0.0004477404
5587.3970000000,0.0004477404
5587.3970000000,0.0004478929
5587.4190000000,0.0004479477
5587.4460000000,0.0004481000
5587.4470000000,0.0004481000
5587.4690000000,0.0004481548
5587.4960000000,0.0004481548
5587.4960000000,0.0004483070
5587.5200000000,0.0004483616
5587.5460000000,0.0004485137
5587.5460000000,0.0004485137
5587.5690000000,0.0004485683
5587.5960000000,0.0004485683
5587.5970000000,0.0004487203
5587.6190000000,0.0004487749
5587.6460000000,0.0004489268
5587.6470000000,0.0004489268
5587.6700000000,0.0004489813
5587.6960000000,0.0004491331
5587.6970000000,0.0004491331
5587.7190000000,0.0004491876
5587.7460000000,0.0004491876
5587.7460000000,0.0004493393
5587.7700000000,0.0004493937
5587.7970000000,0.0004493937
5587.7970000000,0.0004495452
5587.8190000000,0.0004495996
5587.8460000000,0.0004497510
5587.8460000000,0.0004497510
5587.8700000000,0.0004498053
5587.8960000000,0.0004499567
5587.8960000000,0.0004499567
5587.9200000000,0.0004500109
5587.9460000000,0.0004501621
5587.9470000000,0.0004501621
5587.9690000000,0.0004502163
5587.9960000000,0.0004503674
5587.9980000000,0.0004503674
5588.0200000000,0.0004504215
5588.0470000000,0.0004505724
5588.0470000000,0.0004505724
5588.0690000000,0.0004506265
5588.0960000000,0.0004507773
5588.0960000000,0.0004507773
5588.1190000000,0.0004508314
5588.1470000000,0.0004508314
5588.1470000000,0.0004509820
5588.1690000000,0.0004510360
5588.1960000000,0.0004511866
5588.1960000000,0.0004511866
5588.2190000000,0.0004512405
5588.2470000000,0.0004512405
5588.2480000000,0.0004513909
5588.2690000000,0.0004514448
5588.2960000000,0.0004515951
5588.2960000000,0.0004515951
5588.3190000000,0.0004516489
5588.3460000000,0.0004516489
5588.3460000000,0.0004517991
5588.3690000000,0.0004518529
5588.3960000000,0.0004518529
5588.3960000000,0.0004520029
5588.4190000000,0.0004520567
5588.4460000000,0.0004522066
5588.4460000000,0.0004522066
5588.4690000000,0.0004522603
5588.4960000000,0.0004524101
5588.4970000000,0.0004524101
5588.5190000000,0.0004524637
5588.5460000000,0.0004526134
5588.5460000000,0.0004526134
5588.5690000000,0.0004526670
5588.5960000000,0.0004526670
5588.5970000000,0.0004528165
5588.6190000000,0.0004528700
5588.6460000000,0.0004530194
5588.6460000000,0.0004530194
5588.6690000000,0.0004530729
5588.6960000000,0.0004530729
5588.6960000000,0.0004532221
5588.7200000000,0.0004532756
5588.7460000000,0.0004532756
5588.7470000000,0.0004534247
5588.7690000000,0.0004534781
5588.7970000000,0.0004534781
5588.7970000000,0.0004536271
5588.8190000000,0.0004536805
5588.8460000000,0.0004538294
5588.8460000000,0.0004538294
5588.8690000000,0.0004538827
5588.8960000000,0.0004540315
5588.8960000000,0.0004540315
5588.9200000000,0.0004540847
5588.9460000000,0.0004540847
5588.9470000000,0.0004542334
5588.9690000000,0.0004542865
5588.9960000000,0.0004544351
5588.9960000000,0.0004544351
5589.0200000000,0.0004544882
5589.0460000000,0.0004544882
5589.0470000000,0.0004546366
5589.0690000000,0.0004546897
5589.0960000000,0.0004546897
5589.0970000000,0.0004548380
5589.1190000000,0.0004548910
5589.1460000000,0.0004548910
5589.1460000000,0.0004550392
5589.1690000000,0.0004550922
5589.1960000000,0.0004550922
5589.1960000000,0.0004552402
5589.2190000000,0.0004552931
5589.2470000000,0.0004552931
5589.2480000000,0.0004554410
5589.2690000000,0.0004554939
5589.2960000000,0.0004554939
5589.2960000000,0.0004556416
5589.3190000000,0.0004556944
5589.3460000000,0.0004556944
5589.3460000000,0.0004558421
5589.3690000000,0.0004558949
5589.3960000000,0.0004560424
5589.3980000000,0.0004560424
5589.4190000000,0.0004560951
5589.4470000000,0.0004562425
5589.4470000000,0.0004562425
5589.4690000000,0.0004562952
5589.4960000000,0.0004562952
5589.4960000000,0.0004564425
5589.5190000000,0.0004564951
5589.5460000000,0.0004566423
5589.5460000000,0.0004566423
5589.5720000000,0.0004566948
5589.5960000000,0.0004566948
5589.5960000000,0.0004568419
5589.6210000000,0.0004568944
5589.6460000000,0.0004570413
5589.6460000000,0.0004570413
5589.6690000000,0.0004570938
5589.6960000000,0.0004572406
5589.6970000000,0.0004572406
5589.7180000000,0.0004572930
5589.7460000000,0.0004572930
5589.7460000000,0.0004574397
5589.7700000000,0.0004574921
5589.7960000000,0.0004574921
5589.7970000000,0.0004576386
5589.8190000000,0.0004576910
5589.8460000000,0.0004576910
5589.8470000000,0.0004578374
5589.8690000000,0.0004578897
5589.8960000000,0.0004580360
5589.8960000000,0.0004580360
5589.9200000000,0.0004580882
5589.9460000000,0.0004582344
5589.9470000000,0.0004582344
5589.9700000000,0.0004582866
5589.9970000000,0.0004582866
5589.9970000000,0.0004584327
5590.0200000000,0.0004584848
5590.0460000000,0.0004586307
5590.0460000000,0.0004586307
5590.0690000000,0.0004586828
5590.0960000000,0.0004588286
5590.0960000000,0.0004588286
5590.1200000000,0.0004588806
5590.1460000000,0.0004590263
5590.1470000000,0.0004590263
5590.1700000000,0.0004590783
5590.1960000000,0.0004592238
5590.1960000000,0.0004592238
5590.2200000000,0.0004592758
5590.2460000000,0.0004594212
5590.2460000000,0.0004594212
5590.2700000000,0.0004594731
5590.2960000000,0.0004594731
5590.2960000000,0.0004596184
5590.3200000000,0.0004596703
5590.3470000000,0.0004596703
5590.3470000000,0.0004598155
5590.3690000000,0.0004598673
5590.3960000000,0.0004598673
5590.3960000000,0.0004600124
5590.4200000000,0.0004600641
5590.4460000000,0.0004600641
5590.4460000000,0.0004602091
5590.4700000000,0.0004602608
5590.4970000000,0.0004602608
5590.4970000000,0.0004604057
5590.5190000000,0.0004604573
5590.5460000000,0.0004606020
5590.5470000000,0.0004606020
5590.5690000000,0.0004606536
5590.5960000000,0.0004606536
5590.5960000000,0.0004607982
5590.6200000000,0.0004608498
5590.6460000000,0.0004608498
5590.6460000000,0.0004609943
5590.6700000000,0.0004610457
5590.6960000000,0.0004610457
5590.6970000000,0.0004611901
5590.7190000000,0.0004612416
5590.7460000000,0.0004613858
5590.7460000000,0.0004613858
5590.7700000000,0.0004614372
5590.7960000000,0.0004615813
5590.7960000000,0.0004615813
5590.8190000000,0.0004616326
5590.8460000000,0.0004616326
5590.8470000000,0.0004617766
5590.8700000000,0.0004618279
5590.8960000000,0.0004618279
5590.8970000000,0.0004619717
5590.9190000000,0.0004620230
5590.9460000000,0.0004620230
5590.9460000000,0.0004621667
5590.9700000000,0.0004622179
5590.9960000000,0.0004623615
5590.9960000000,0.0004623615
5591.0190000000,0.0004624127
5591.0470000000,0.0004624127
5591.0480000000,0.0004625562
5591.0690000000,0.0004626072
5591.0960000000,0.0004627506
5591.0960000000,0.0004627506
5591.1210000000,0.0004628017
5591.1460000000,0.0004628017
5591.1460000000,0.0004629450
5591.1690000000,0.0004629960
5591.1960000000,0.0004629960
5591.1960000000,0.0004631391
5591.2200000000,0.0004631901
5591.2460000000,0.0004633331
5591.2460000000,0.0004633331
5591.2690000000,0.0004633840
5591.2970000000,0.0004635269
5591.2970000000,0.0004635269
5591.3200000000,0.0004635778
5591.3460000000,0.0004637206
5591.3460000000,0.0004637206
5591.3690000000,0.0004637714
5591.3960000000,0.0004637714
5591.3980000000,0.0004639141
5591.4190000000,0.0004639648
5591.4460000000,0.0004641074
5591.4460000000,0.0004641074
5591.4700000000,0.0004641581
5591.4960000000,0.0004641581
5591.4970000000,0.0004643005
5591.5190000000,0.0004643511
5591.5460000000,0.0004643511
5591.5460000000,0.0004644934
5591.5690000000,0.0004645440
5591.5970000000,0.0004646862
5591.5980000000,0.0004646862
5591.6190000000,0.0004647368
5591.6460000000,0.0004647368
5591.6470000000,0.0004648788
5591.6690000000,0.0004649293
5591.6960000000,0.0004649293
5591.6960000000,0.0004650712
5591.7200000000,0.0004651217
5591.7460000000,0.0004651217
5591.7470000000,0.0004652635
5591.7690000000,0.0004653139
5591.7960000000,0.0004653139
5591.7970000000,0.0004654556
5591.8190000000,0.0004655060
5591.8470000000,0.0004655060
5591.8480000000,0.0004656476
5591.8690000000,0.0004656979
5591.8960000000,0.0004658394
5591.8970000000,0.0004658394
5591.9190000000,0.0004658897
5591.9470000000,0.0004658897
5591.9470000000,0.0004660310
5591.9690000000,0.0004660813
5591.9960000000,0.0004662225
5591.9960000000,0.0004662225
5592.0190000000,0.0004662727
5592.0460000000,0.0004662727
5592.0460000000,0.0004664138
5592.0690000000,0.0004664639
5592.0960000000,0.0004664639
5592.0960000000,0.0004666049
5592.1190000000,0.0004666550
5592.1460000000,0.0004666550
5592.1480000000,0.0004667959
5592.1690000000,0.0004668459
5592.1960000000,0.0004668459
5592.1960000000,0.0004669867
5592.2190000000,0.0004670367
5592.2460000000,0.0004671773
5592.2460000000,0.0004671773
5592.2700000000,0.0004672273
5592.2960000000,0.0004672273
5592.2960000000,0.0004673678
5592.3190000000,0.0004674177
5592.3460000000,0.0004674177
5592.3460000000,0.0004675581
5592.3690000000,0.0004676079
5592.3950000000,0.0004676079
5592.3960000000,0.0004677482
5592.4190000000,0.0004677980
5592.4470000000,0.0004677980
5592.4470000000,0.0004679382
5592.4690000000,0.0004679879
5592.4960000000,0.0004679879
5592.4960000000,0.0004681280
5592.5200000000,0.0004681776
5592.5460000000,0.0004681776
5592.5460000000,0.0004683175
5592.5690000000,0.0004683672
5592.5960000000,0.0004685070
5592.5970000000,0.0004685070
5592.6190000000,0.0004685566
5592.6470000000,0.0004686963
5592.6470000000,0.0004686963
5592.6690000000,0.0004687458
5592.6960000000,0.0004687458
5592.6960000000,0.0004688854
5592.7200000000,0.0004689349
5592.7470000000,0.0004689349
5592.7480000000,0.0004690744
5592.7690000000,0.0004691238
5592.7960000000,0.0004692632
5592.7960000000,0.0004692632
5592.8190000000,0.0004693126
5592.8460000000,0.0004694518
5592.8470000000,0.0004694518
5592.8700000000,0.0004695012
5592.8960000000,0.0004695012
5592.8960000000,0.0004696403
5592.9190000000,0.0004696896
5592.9460000000,0.0004696896
5592.9470000000,0.0004698286
5592.9690000000,0.0004698779
5592.9960000000,0.0004700168
5592.9960000000,0.0004700168
5593.0190000000,0.0004700660
5593.0460000000,0.0004700660
5593.0470000000,0.0004702047
5593.0690000000,0.0004702539
5593.0960000000,0.0004703926
5593.0960000000,0.0004703926
5593.1190000000,0.0004704417
5593.1460000000,0.0004704417
5593.1470000000,0.0004705802
5593.1690000000,0.0004706293
5593.1960000000,0.0004707677
5593.1960000000,0.0004707677
5593.2190000000,0.0004708167
5593.2460000000,0.0004709550
5593.2460000000,0.0004709550
5593.2690000000,0.0004710040
5593.2960000000,0.0004710040
5593.2960000000,0.0004711421
5593.3190000000,0.0004711911
5593.3460000000,0.0004713291
5593.3460000000,0.0004713291
5593.3710000000,0.0004713780
5593.3960000000,0.0004715160
5593.3970000000,0.0004715160
5593.4190000000,0.0004715648
5593.4460000000,0.0004717026
5593.4460000000,0.0004717026
5593.4690000000,0.0004717514
5593.4960000000,0.0004717514
5593.4960000000,0.0004718892
5593.5190000000,0.0004719379
5593.5460000000,0.0004720755
5593.5460000000,0.0004720755
5593.5690000000,0.0004721242
5593.5960000000,0.0004722617
5593.5980000000,0.0004722617
5593.6190000000,0.0004723103
5593.6460000000,0.0004723103
5593.6460000000,0.0004724477
5593.6690000000,0.0004724963
5593.6960000000,0.0004726336
5593.6960000000,0.0004726336
5593.7200000000,0.0004726821
5593.7470000000,0.0004726821
5593.7470000000,0.0004728193
5593.7690000000,0.0004728678
5593.7960000000,0.0004730048
5593.7970000000,0.0004730048
5593.8200000000,0.0004730533
5593.8480000000,0.0004730533
5593.8480000000,0.0004731902
5593.8690000000,0.0004732386
5593.8960000000,0.0004732386
5593.8970000000,0.0004733754
5593.9190000000,0.0004734238
5593.9460000000,0.0004735604
5593.9470000000,0.0004735604
5593.9700000000,0.0004736088
5593.9960000000,0.0004736088
5593.9970000000,0.0004737453
5594.0190000000,0.0004737936
5594.0460000000,0.0004739300
5594.0460000000,0.0004739300
5594.0690000000,0.0004739783
5594.0960000000,0.0004739783
5594.0960000000,0.0004741146
5594.1200000000,0.0004741628
5594.1460000000,0.0004742990
5594.1460000000,0.0004742990
5594.1690000000,0.0004743471
5594.1970000000,0.0004744832
5594.1970000000,0.0004744832
5594.2190000000,0.0004745313
5594.2460000000,0.0004746673
5594.2470000000,0.0004746673
5594.2690000000,0.0004747154
5594.2960000000,0.0004747154
5594.2970000000,0.0004748513
5594.3210000000,0.0004748993
5594.3460000000,0.0004750350
5594.3460000000,0.0004750350
5594.3690000000,0.0004750830
5594.3960000000,0.0004752186
5594.3960000000,0.0004752186
5594.4200000000,0.0004752665
5594.4470000000,0.0004752665
5594.4470000000,0.0004754021
5594.4690000000,0.0004754499
5594.4970000000,0.0004754499
5594.4970000000,0.0004755853
5594.5190000000,0.0004756332
5594.5460000000,0.0004757685
5594.5460000000,0.0004757685
5594.5700000000,0.0004758162
5594.5970000000,0.0004758162
5594.5980000000,0.0004759514
5594.6200000000,0.0004759991
5594.6470000000,0.0004761342
5594.6470000000,0.0004761342
5594.6690000000,0.0004761819
5594.6960000000,0.0004763169
5594.6960000000,0.0004763169
5594.7190000000,0.0004763645
5594.7460000000,0.0004764994
5594.7460000000,0.0004764994
5594.7700000000,0.0004765470
5594.7960000000,0.0004765470
5594.7970000000,0.0004766817
5594.8190000000,0.0004767293
5594.8460000000,0.0004767293
5594.8470000000,0.0004768639
5594.8700000000,0.0004769114
5594.8960000000,0.0004770459
5594.8960000000,0.0004770459
5594.9200000000,0.0004770934
5594.9460000000,0.0004772278
5594.9460000000,0.0004772278
5594.9690000000,0.0004772752
5594.9960000000,0.0004772752
5594.9960000000,0.0004774095
5595.0200000000,0.0004774568
5595.0460000000,0.0004775909
5595.0460000000,0.0004775909
5595.0690000000,0.0004776382
5595.0960000000,0.0004777723
5595.0960000000,0.0004777723
5595.1190000000,0.0004778195
5595.1460000000,0.0004778195
5595.1460000000,0.0004779534
5595.1700000000,0.0004780006
5595.1980000000,0.0004780006
5595.1980000000,0.0004781344
5595.2180000000,0.0004781816
5595.2460000000,0.0004781816
5595.2460000000,0.0004783153
5595.2690000000,0.0004783624
5595.2960000000,0.0004783624
5595.2960000000,0.0004784959
5595.3190000000,0.0004785430
5595.3470000000,0.0004786764
5595.3470000000,0.0004786764
5595.3690000000,0.0004787234
5595.3960000000,0.0004788567
5595.3960000000,0.0004788567
5595.4190000000,0.0004789037
5595.4460000000,0.0004789037
5595.4460000000,0.0004790369
5595.4690000000,0.0004790838
5595.4960000000,0.0004792168
5595.4960000000,0.0004792168
5595.5200000000,0.0004792637
5595.5460000000,0.0004792637
5595.5460000000,0.0004793967
5595.5700000000,0.0004794435
5595.5970000000,0.0004794435
5595.5970000000,0.0004795764
5595.6190000000,0.0004796232
5595.6460000000,0.0004796232
5595.6460000000,0.0004797559
5595.6690000000,0.0004798026
5595.6960000000,0.0004798026
5595.6960000000,0.0004799352
5595.7190000000,0.0004799819
5595.7460000000,0.0004801145
5595.7460000000,0.0004801145
5595.7700000000,0.0004801611
5595.7960000000,0.0004802935
5595.7970000000,0.0004802935
5595.8190000000,0.0004803402
5595.8470000000,0.0004804725
5595.8470000000,0.0004804725
5595.8690000000,0.0004805191
5595.8960000000,0.0004806512
5595.8960000000,0.0004806512
5595.9200000000,0.0004806978
5595.9460000000,0.0004806978
5595.9460000000,0.0004808299
5595.9690000000,0.0004808763
5595.9970000000,0.0004808763
5595.9970000000,0.0004810083
5596.0200000000,0.0004810547
5596.0470000000,0.0004811866
5596.0470000000,0.0004811866
5596.0690000000,0.0004812329
5596.0970000000,0.0004813646
5596.0970000000,0.0004813646
5596.1190000000,0.0004814110
5596.1460000000,0.0004815425
5596.1470000000,0.0004815425
5596.1700000000,0.0004815889
5596.1960000000,0.0004815889
5596.1970000000,0.0004817203
5596.2190000000,0.0004817666
5596.2460000000,0.0004817666
5596.2470000000,0.0004818068
5596.2690000000,0.0004818068
5596.2960000000,0.0004818068
5596.2960000000,0.0004818068
5596.3200000000,0.0004821215
5596.3460000000,0.0004821215
5596.3470000000,0.0004822527
5596.3690000000,0.0004822988
5596.3960000000,0.0004824298
5596.3980000000,0.0004824298
5596.4200000000,0.0004824759
5596.4470000000,0.0004826068
5596.4470000000,0.0004826068
5596.4690000000,0.0004826528
5596.4960000000,0.0004826528
5596.4960000000,0.0004827836
5596.5200000000,0.0004828296
5596.5460000000,0.0004828296
5596.5460000000,0.0004829603
5596.5690000000,0.0004830062
5596.5960000000,0.0004831368
5596.5960000000,0.0004831368
5596.6190000000,0.0004831827
5596.6460000000,0.0004833131
5596.6470000000,0.0004833131
5596.6690000000,0.0004833590
5596.6960000000,0.0004834893
5596.6960000000,0.0004834893
5596.7200000000,0.0004835352
5596.7460000000,0.0004835352
5596.7460000000,0.0004836654
5596.7690000000,0.0004837111
5596.7960000000,0.0004838412
5596.7960000000,0.0004838412
5596.8190000000,0.0004838869
5596.8460000000,0.0004838869
5596.8470000000,0.0004840169
5596.8700000000,0.0004840626
5596.8960000000,0.0004841924
5596.8960000000,0.0004841924
5596.9190000000,0.0004842381
5596.9460000000,0.0004843678
5596.9460000000,0.0004843678
5596.9700000000,0.0004844134
5596.9960000000,0.0004844134
5596.9960000000,0.0004845430
5597.0190000000,0.0004845885
5597.0470000000,0.0004847180
5597.0470000000,0.0004847180
5597.0690000000,0.0004847635
5597.0950000000,0.0004847635
5597.0960000000,0.0004848929
5597.1190000000,0.0004849384
5597.1460000000,0.0004850676
5597.1460000000,0.0004850676
5597.1690000000,0.0004851130
5597.1960000000,0.0004852422
5597.1960000000,0.0004852422
5597.2200000000,0.0004852876
5597.2460000000,0.0004854166
5597.2460000000,0.0004854166
5597.2710000000,0.0004854620
5597.2970000000,0.0004854620
5597.2970000000,0.0004855909
5597.3190000000,0.0004856362
5597.3460000000,0.0004857650
5597.3460000000,0.0004857650
5597.3690000000,0.0004858103
5597.3960000000,0.0004859390
5597.3960000000,0.0004859390
5597.4190000000,0.0004859842
5597.4460000000,0.0004859842
5597.4460000000,0.0004861128
5597.4700000000,0.0004861580
5597.4960000000,0.0004862865
5597.4960000000,0.0004862865
5597.5190000000,0.0004863316
5597.5460000000,0.0004864599
5597.5460000000,0.0004864599
5597.5700000000,0.0004865050
5597.5960000000,0.0004866332
5597.5960000000,0.0004866332
5597.6190000000,0.0004866783
5597.6460000000,0.0004868064
5597.6460000000,0.0004868064
5597.6690000000,0.0004868514
5597.6970000000,0.0004869794
5597.6970000000,0.0004869794
5597.7200000000,0.0004870244
5597.7460000000,0.0004871523
5597.7470000000,0.0004871523
5597.7690000000,0.0004871972
5597.7960000000,0.0004871972
5597.7960000000,0.0004873250
5597.8190000000,0.0004873699
5597.8460000000,0.0004874975
5597.8470000000,0.0004874975
5597.8690000000,0.0004875424
5597.8960000000,0.0004875424
5597.8960000000,0.0004876700
5597.9190000000,0.0004877147
5597.9470000000,0.0004878422
5597.9470000000,0.0004878422
5597.9700000000,0.0004878870
5597.9970000000,0.0004878870
5597.9980000000,0.0004880143
5598.0190000000,0.0004880590
5598.0470000000,0.0004880590
5598.0470000000,0.0004881862
5598.0690000000,0.0004882309
5598.0960000000,0.0004882309
5598.0960000000,0.0004883580
5598.1190000000,0.0004884026
5598.1460000000,0.0004884026
5598.1460000000,0.0004885296
5598.1700000000,0.0004885742
5598.1960000000,0.0004887011
5598.1960000000,0.0004887011
5598.2190000000,0.0004887456
5598.2450000000,0.0004887456
5598.2450000000,0.0004888724
5598.2690000000,0.0004889169
5598.2960000000,0.0004889169
5598.2960000000,0.0004890435
5598.3190000000,0.0004890879
5598.3470000000,0.0004892145
5598.3470000000,0.0004892145
5598.3690000000,0.0004892589
5598.3960000000,0.0004892589
5598.3960000000,0.0004893853
5598.4190000000,0.0004894297
5598.4460000000,0.0004895560
5598.4460000000,0.0004895560
5598.4690000000,0.0004896003
5598.4970000000,0.0004897265
5598.4970000000,0.0004897265
5598.5200000000,0.0004897708
5598.5470000000,0.0004898969
5598.5490000000,0.0004898969
5598.5690000000,0.0004899412
5598.5960000000,0.0004900672
5598.5960000000,0.0004900672
5598.6190000000,0.0004901114
5598.6460000000,0.0004902243
5598.6470000000,0.0004902243
5598.6690000000,0.0004902243
5598.6970000000,0.0004902243
5598.6970000000,0.0004902243
5598.7190000000,0.0004904513
5598.7460000000,0.0004905770
5598.7460000000,0.0004905770
5598.7690000000,0.0004906210
5598.7960000000,0.0004906210
5598.7960000000,0.0004907466
5598.8190000000,0.0004907906
5598.8460000000,0.0004907906
5598.8460000000,0.0004909160
5598.8690000000,0.0004909600
5598.8960000000,0.0004910853
5598.8960000000,0.0004910853
5598.9200000000,0.0004911292
5598.9470000000,0.0004911292
5598.9470000000,0.0004912544
5598.9690000000,0.0004912983
5598.9970000000,0.0004912983
5598.9980000000,0.0004914234
5599.0190000000,0.0004914672
5599.0460000000,0.0004915922
5599.0460000000,0.0004915922
5599.0710000000,0.0004916360
5599.0960000000,0.0004916360
5599.0960000000,0.0004917609
5599.1190000000,0.0004918047
5599.1460000000,0.0004918047
5599.1470000000,0.0004919295
5599.1690000000,0.0004919732
5599.1970000000,0.0004920979
5599.1970000000,0.0004920979
5599.2190000000,0.0004921415
5599.2470000000,0.0004921415
5599.2470000000,0.0004922661
5599.2690000000,0.0004923097
5599.2950000000,0.0004923097
5599.2980000000,0.0004924341
5599.3190000000,0.0004924777
5599.3470000000,0.0004924777
5599.3480000000,0.0004926021
5599.3690000000,0.0004926456
5599.3960000000,0.0004927699
5599.3960000000,0.0004927699
5599.4190000000,0.0004928134
5599.4460000000,0.0004928134
5599.4480000000,0.0004929375
5599.4700000000,0.0004929810
5599.4970000000,0.0004931050
5599.4970000000,0.0004931050
5599.5190000000,0.0004931485
5599.5460000000,0.0004932724
5599.5460000000,0.0004932724
5599.5690000000,0.0004933157
5599.5960000000,0.0004933157
5599.5960000000,0.0004934396
5599.6190000000,0.0004934829
5599.6460000000,0.0004936066
5599.6460000000,0.0004936066
5599.6690000000,0.0004936499
5599.6960000000,0.0004937734
5599.6960000000,0.0004937734
5599.7190000000,0.0004938167
5599.7460000000,0.0004938167
5599.7460000000,0.0004939401
5599.7700000000,0.0004939833
5599.7960000000,0.0004939833
5599.7960000000,0.0004941067
5599.8190000000,0.0004941499
5599.8460000000,0.0004941499
5599.8460000000,0.0004942731
5599.8690000000,0.0004943163
5599.8970000000,0.0004944394
5599.8970000000,0.0004944394
5599.9190000000,0.0004944825
5599.9460000000,0.0004944825
5599.9470000000,0.0004946056
5599.9690000000,0.0004946486
5599.9960000000,0.0004947715
5599.9960000000,0.0004947715
5600.0200000000,0.0004948145
5600.0460000000,0.0004949374
5600.0470000000,0.0004949374
5600.0690000000,0.0004949803
5600.0970000000,0.0004949803
5600.0970000000,0.0004951031
5600.1190000000,0.0004951460
5600.1460000000,0.0004952686
5600.1470000000,0.0004952686
5600.1690000000,0.0004953115
5600.1960000000,0.0004954340
5600.1970000000,0.0004954340
5600.2190000000,0.0004954769
5600.2460000000,0.0004954769
5600.2470000000,0.0004955993
5600.2690000000,0.0004956421
5600.2960000000,0.0004956421
5600.2970000000,0.0004957644
5600.3200000000,0.0004958072
5600.3460000000,0.0004958072
5600.3460000000,0.0004959293
5600.3690000000,0.0004959721
5600.3960000000,0.0004959721
5600.3960000000,0.0004960941
5600.4190000000,0.0004961368
5600.4460000000,0.0004961368
5600.4470000000,0.0004962587
5600.4690000000,0.0004963013
5600.4970000000,0.0004964232
5600.4970000000,0.0004964232
5600.5190000000,0.0004964658
5600.5470000000,0.0004964658
5600.5470000000,0.0004965876
5600.5690000000,0.0004966301
5600.5970000000,0.0004966301
5600.5980000000,0.0004967518
5600.6190000000,0.0004967943
5600.6460000000,0.0004969158
5600.6460000000,0.0004969158
5600.6690000000,0.0004969583
5600.6960000000,0.0004970797
5600.6970000000,0.0004970797
5600.7190000000,0.0004971222
5600.7470000000,0.0004972435
5600.7470000000,0.0004972435
5600.7690000000,0.0004972859
5600.7960000000,0.0004974072
5600.7960000000,0.0004974072
5600.8190000000,0.0004974495
5600.8460000000,0.0004974495
5600.8460000000,0.0004975707
5600.8690000000,0.0004976130
5600.8970000000,0.0004977340
5600.8970000000,0.0004977340
5600.9190000000,0.0004977763
5600.9470000000,0.0004978972
5600.9470000000,0.0004978972
5600.9690000000,0.0004979394
5600.9960000000,0.0004979394
5600.9960000000,0.0004980601
5601.0190000000,0.0004981023
5601.0460000000,0.0004982230
5601.0470000000,0.0004982230
5601.0690000000,0.0004982651
5601.0970000000,0.0004983857
5601.0970000000,0.0004983857
5601.1190000000,0.0004984278
5601.1460000000,0.0004984278
5601.1460000000,0.0004985483
5601.1700000000,0.0004985904
5601.1960000000,0.0004987107
5601.1960000000,0.0004987107
5601.2190000000,0.0004987527
5601.2460000000,0.0004988730
5601.2470000000,0.0004988730
5601.2700000000,0.0004989150
5601.2960000000,0.0004990351
5601.2970000000,0.0004990351
5601.3200000000,0.0004990771
5601.3460000000,0.0004991971
5601.3460000000,0.0004991971
5601.3700000000,0.0004992390
5601.3970000000,0.0004993590
5601.3970000000,0.0004993590
5601.4190000000,0.0004994008
5601.4470000000,0.0004995207
5601.4480000000,0.0004995207
5601.4690000000,0.0004995625
5601.4960000000,0.0004996823
5601.4960000000,0.0004996823
5601.5190000000,0.0004997241
5601.5460000000,0.0004997241
5601.5460000000,0.0004998437
5601.5700000000,0.0004998854
5601.5960000000,0.0005000049
5601.5960000000,0.0005000049
5601.6190000000,0.0005000466
5601.6460000000,0.0005000466
5601.6460000000,0.0005001661
5601.6700000000,0.0005002078
5601.6960000000,0.0005002078
5601.6960000000,0.0005003271
5601.7190000000,0.0005003687
5601.7470000000,0.0005003687
5601.7470000000,0.0005004879
5601.7690000000,0.0005005295
5601.7960000000,0.0005006486
5601.7960000000,0.0005006486
5601.8190000000,0.0005006902
5601.8460000000,0.0005008092
5601.8460000000,0.0005008092
5601.8690000000,0.0005008507
5601.8960000000,0.0005008507
5601.8960000000,0.0005009696
5601.9190000000,0.0005010111
5601.9460000000,0.0005011299
5601.9460000000,0.0005011299
5601.9690000000,0.0005011713
5601.9960000000,0.0005011713
5601.9960000000,0.0005012900
5602.0190000000,0.0005013314
5602.0460000000,0.0005013314
5602.0460000000,0.0005014500
5602.0700000000,0.0005014914
5602.0970000000,0.0005016098
5602.0970000000,0.0005016098
5602.1190000000,0.0005016511
5602.1460000000,0.0005017695
5602.1470000000,0.0005017695
5602.1690000000,0.0005018107
5602.1960000000,0.0005019290
5602.1960000000,0.0005019290
5602.2200000000,0.0005019702
5602.2460000000,0.0005019702
5602.2470000000,0.0005020883
5602.2690000000,0.0005021296
5602.2960000000,0.0005021296
5602.2960000000,0.0005022476
5602.3190000000,0.0005022887
5602.3470000000,0.0005022887
5602.3480000000,0.0005024067
5602.3690000000,0.0005024478
5602.3970000000,0.0005024478
5602.3970000000,0.0005025656
5602.4190000000,0.0005026067
5602.4460000000,0.0005026067
5602.4460000000,0.0005027244
5602.4700000000,0.0005027655
5602.4960000000,0.0005028830
5602.4960000000,0.0005028830
5602.5200000000,0.0005029240
5602.5460000000,0.0005029240
5602.5460000000,0.0005030415
5602.5690000000,0.0005030825
5602.5960000000,0.0005031999
5602.5980000000,0.0005031999
5602.6190000000,0.0005032409
5602.6460000000,0.0005032409
5602.6470000000,0.0005033581
5602.6690000000,0.0005033990
5602.6970000000,0.0005033990
5602.6970000000,0.0005035162
5602.7190000000,0.0005035570
5602.7460000000,0.0005036741
5602.7460000000,0.0005036741
5602.7690000000,0.0005037149
5602.7960000000,0.0005038319
5602.7960000000,0.0005038319
5602.8190000000,0.0005038726
5602.8460000000,0.0005038726
5602.8460000000,0.0005039895
5602.8690000000,0.0005040303
5602.8960000000,0.0005040303
5602.8960000000,0.0005041470
5602.9190000000,0.0005041877
5602.9470000000,0.0005043044
5602.9470000000,0.0005043044
5602.9690000000,0.0005043450
5602.9960000000,0.0005044615
5602.9970000000,0.0005044615
5603.0190000000,0.0005045022
5603.0460000000,0.0005045022
5603.0470000000,0.0005046186
5603.0700000000,0.0005046591
5603.0960000000,0.0005046591
5603.0960000000,0.0005047755
5603.1190000000,0.0005048160
5603.1460000000,0.0005049322
5603.1480000000,0.0005049322
5603.1700000000,0.0005049728
5603.1960000000,0.0005050889
5603.1960000000,0.0005050889
5603.2200000000,0.0005051293
5603.2460000000,0.0005051293
5603.2460000000,0.0005052453
5603.2690000000,0.0005052857
5603.2990000000,0.0005054016
5603.3000000000,0.0005054016
5603.3200000000,0.0005054420
5603.3460000000,0.0005054420
5603.3460000000,0.0005055579
5603.3690000000,0.0005055982
5603.3960000000,0.0005055982
5603.3960000000,0.0005057139
5603.4190000000,0.0005057542
5603.4460000000,0.0005058698
5603.4470000000,0.0005058698
5603.4690000000,0.0005059101
5603.4960000000,0.0005059101
5603.4960000000,0.0005060256
5603.5190000000,0.0005060658
5603.5460000000,0.0005061812
5603.5460000000,0.0005061812
5603.5690000000,0.0005062214
5603.5960000000,0.0005062214
5603.5960000000,0.0005063367
5603.6190000000,0.0005063768
5603.6470000000,0.0005063768
5603.6470000000,0.0005064920
5603.6690000000,0.0005065321
5603.6970000000,0.0005065321
5603.6970000000,0.0005066472
5603.7190000000,0.0005066873
5603.7460000000,0.0005066873
5603.7460000000,0.0005068022
5603.7690000000,0.0005068423
5603.7970000000,0.0005068423
5603.7970000000,0.0005069571
5603.8190000000,0.0005069971
5603.8460000000,0.0005071119
5603.8470000000,0.0005071119
5603.8690000000,0.0005071518
5603.8960000000,0.0005071518
5603.8970000000,0.0005072665
5603.9200000000,0.0005073064
5603.9460000000,0.0005073064
5603.9460000000,0.0005074210
5603.9700000000,0.0005074608
5603.9960000000,0.0005074608
5603.9960000000,0.0005075753
5604.0200000000,0.0005076151
5604.0460000000,0.0005077294
5604.0460000000,0.0005077294
5604.0700000000,0.0005077692
5604.0970000000,0.0005077692
5604.0970000000,0.0005078834
5604.1190000000,0.0005079232
5604.1470000000,0.0005079232
5604.1470000000,0.0005080373
5604.1690000000,0.0005080771
5604.1960000000,0.0005081911
5604.1960000000,0.0005081911
5604.2190000000,0.0005082308
5604.2460000000,0.0005083447
5604.2460000000,0.0005083447
5604.2690000000,0.0005083844
5604.2960000000,0.0005083844
5604.2960000000,0.0005084982
5604.3200000000,0.0005085378
5604.3460000000,0.0005085378
5604.3460000000,0.0005086515
5604.3690000000,0.0005086911
5604.3960000000,0.0005088047
5604.3960000000,0.0005088047
5604.4200000000,0.0005088442
5604.4460000000,0.0005089577
5604.4460000000,0.0005089577
5604.4690000000,0.0005089972
5604.4960000000,0.0005091106
5604.4960000000,0.0005091106
5604.5190000000,0.0005091501
5604.5460000000,0.0005091501
5604.5460000000,0.0005092634
5604.5690000000,0.0005093028
5604.5970000000,0.0005094159
5604.5980000000,0.0005094159
5604.6190000000,0.0005094553
5604.6460000000,0.0005094553
5604.6460000000,0.0005095684
5604.6690000000,0.0005096077
5604.6960000000,0.0005096077
5604.6960000000,0.0005097207
5604.7200000000,0.0005097601
5604.7460000000,0.0005097601
5604.7460000000,0.0005098729
5604.7700000000,0.0005099122
5604.7970000000,0.0005099122
5604.7970000000,0.0005100250
5604.8190000000,0.0005100642
5604.8470000000,0.0005100642
5604.8470000000,0.0005101768
5604.8690000000,0.0005102161
5604.8960000000,0.0005102161
5604.8960000000,0.0005103286
5604.9190000000,0.0005103677
5604.9460000000,0.0005104802
5604.9460000000,0.0005104802
5604.9690000000,0.0005105193
5604.9970000000,0.0005106317
5604.9970000000,0.0005106317
5605.0190000000,0.0005106708
5605.0460000000,0.0005107830
5605.0470000000,0.0005107830
5605.0690000000,0.0005108221
5605.0960000000,0.0005109342
5605.0960000000,0.0005109342
5605.1190000000,0.0005109732
5605.1460000000,0.0005110851
5605.1460000000,0.0005110851
5605.1690000000,0.0005111241
5605.1960000000,0.0005112360
5605.1960000000,0.0005112360
5605.2190000000,0.0005112750
5605.2460000000,0.0005113868
5605.2470000000,0.0005113868
5605.2700000000,0.0005114257
5605.2960000000,0.0005115374
5605.2960000000,0.0005115374
5605.3190000000,0.0005115762
5605.3460000000,0.0005116878
5605.3470000000,0.0005116878
5605.3690000000,0.0005117267
5605.3960000000,0.0005118381
5605.3960000000,0.0005118381
5605.4190000000,0.0005118769
5605.4460000000,0.0005119882
5605.4460000000,0.0005119882
5605.4690000000,0.0005120270
5605.4960000000,0.0005120270
5605.4980000000,0.0005121383
5605.5190000000,0.0005121770
5605.5460000000,0.0005122882
5605.5460000000,0.0005122882
5605.5710000000,0.0005123269
5605.5960000000,0.0005123269
5605.5960000000,0.0005124380
5605.6200000000,0.0005124766
5605.6460000000,0.0005125875
5605.6470000000,0.0005125875
5605.6700000000,0.0005126261
5605.6960000000,0.0005126261
5605.6960000000,0.0005127370
5605.7190000000,0.0005127756
5605.7460000000,0.0005128863
5605.7460000000,0.0005128863
5605.7690000000,0.0005129249
5605.7960000000,0.0005129249
5605.7960000000,0.0005130355
5605.8200000000,0.0005130740
5605.8470000000,0.0005130740
5605.8480000000,0.0005131845
5605.8690000000,0.0005132230
5605.8960000000,0.0005133334
5605.8960000000,0.0005133334
5605.9190000000,0.0005133718
5605.9460000000,0.0005134822
5605.9460000000,0.0005134822
5605.9700000000,0.0005135206
5605.9960000000,0.0005135206
5605.9960000000,0.0005136309
5606.0190000000,0.0005136692
5606.0460000000,0.0005136692
5606.0460000000,0.0005137793
5606.0690000000,0.0005138176
5606.0960000000,0.0005139277
5606.0970000000,0.0005139277
5606.1190000000,0.0005139660
5606.1460000000,0.0005140759
5606.1460000000,0.0005140759
5606.1690000000,0.0005141141
5606.1960000000,0.0005142239
5606.1960000000,0.0005142239
5606.2200000000,0.0005142621
5606.2460000000,0.0005142621
5606.2460000000,0.0005143718
5606.2690000000,0.0005144100
5606.2960000000,0.0005144100
5606.2970000000,0.0005145196
5606.3190000000,0.0005145578
5606.3460000000,0.0005145578
5606.3470000000,0.0005146672
5606.3700000000,0.0005147054
5606.3970000000,0.0005148147
5606.3970000000,0.0005148147
5606.4200000000,0.0005148528
5606.4460000000,0.0005149621
5606.4460000000,0.0005149621
5606.4700000000,0.0005150001
5606.4960000000,0.0005151093
5606.4960000000,0.0005151093
5606.5190000000,0.0005151473
5606.5470000000,0.0005151473
5606.5470000000,0.0005152564
5606.5690000000,0.0005152944
5606.5980000000,0.0005152944
5606.5990000000,0.0005154033
5606.6190000000,0.0005154412
5606.6470000000,0.0005154412
5606.6480000000,0.0005155501
5606.6700000000,0.0005155880
5606.6960000000,0.0005155880
5606.6960000000,0.0005156968
5606.7190000000,0.0005157347
5606.7470000000,0.0005157347
5606.7470000000,0.0005158433
5606.7690000000,0.0005158812
5606.7960000000,0.0005159897
5606.7960000000,0.0005159897
5606.8190000000,0.0005160275
5606.8460000000,0.0005160275
5606.8460000000,0.0005161360
5606.8720000000,0.0005161737
5606.8960000000,0.0005161737
5606.8960000000,0.0005162821
5606.9200000000,0.0005163198
5606.9460000000,0.0005164281
5606.9460000000,0.0005164281
5606.9690000000,0.0005164657
5606.9960000000,0.0005164657
5606.9960000000,0.0005165739
5607.0190000000,0.0005166116
5607.0460000000,0.0005166116
5607.0460000000,0.0005167196
5607.0690000000,0.0005167572
5607.0960000000,0.0005167572
5607.0960000000,0.0005168651
5607.1190000000,0.0005169027
5607.1460000000,0.0005170105
5607.1470000000,0.0005170105
5607.1690000000,0.0005170481
5607.1960000000,0.0005170481
5607.1970000000,0.0005171557
5607.2200000000,0.0005171932
5607.2460000000,0.0005173008
5607.2460000000,0.0005173008
5607.2690000000,0.0005173383
5607.2960000000,0.0005174457
5607.2970000000,0.0005174457
5607.3200000000,0.0005174832
5607.3460000000,0.0005174832
5607.3470000000,0.0005175906
5607.3690000000,0.0005176279
5607.3960000000,0.0005177352
5607.3960000000,0.0005177352
5607.4200000000,0.0005177726
5607.4460000000,0.0005177726
5607.4460000000,0.0005178797
5607.4700000000,0.0005179170
5607.4960000000,0.0005180241
5607.4960000000,0.0005180241
5607.5190000000,0.0005180614
5607.5460000000,0.0005181683
5607.5460000000,0.0005181683
5607.5690000000,0.0005182056
5607.5960000000,0.0005182056
5607.5960000000,0.0005183124
5607.6210000000,0.0005183496
5607.6460000000,0.0005183496
5607.6460000000,0.0005184564
5607.6690000000,0.0005184936
5607.6960000000,0.0005184936
5607.6970000000,0.0005186002
5607.7190000000,0.0005186374
5607.7460000000,0.0005186374
5607.7460000000,0.0005187439
5607.7690000000,0.0005187810
5607.7960000000,0.0005187810
5607.7960000000,0.0005188874
5607.8180000000,0.0005189245
5607.8460000000,0.0005189245
5607.8460000000,0.0005190308
5607.8690000000,0.0005190679
5607.8960000000,0.0005190679
5607.8960000000,0.0005191741
5607.9190000000,0.0005192111
5607.9460000000,0.0005192111
5607.9460000000,0.0005193172
5607.9700000000,0.0005193542
5607.9960000000,0.0005193542
5607.9960000000,0.0005194602
5608.0200000000,0.0005194971
5608.0460000000,0.0005194971
5608.0460000000,0.0005196030
5608.0690000000,0.0005196399
5608.0960000000,0.0005196399
5608.0970000000,0.0005197456
5608.1190000000,0.0005197825
5608.1460000000,0.0005197825
5608.1460000000,0.0005198882
5608.1690000000,0.0005199250
5608.1970000000,0.0005200306
5608.1970000000,0.0005200306
5608.2190000000,0.0005200674
5608.2460000000,0.0005200674
5608.2460000000,0.0005201729
5608.2690000000,0.0005202096
5608.2960000000,0.0005202096
5608.2960000000,0.0005203150
5608.3190000000,0.0005203517
5608.3460000000,0.0005204569
5608.3470000000,0.0005204569
5608.3700000000,0.0005204936
5608.3970000000,0.0005205987
5608.3980000000,0.0005205987
5608.4190000000,0.0005206354
5608.4470000000,0.0005206354
5608.4470000000,0.0005207405
5608.4690000000,0.0005207771
5608.4960000000,0.0005208820
5608.4960000000,0.0005208820
5608.5200000000,0.0005209186
5608.5460000000,0.0005209186
5608.5460000000,0.0005210234
5608.5690000000,0.0005210600
5608.5960000000,0.0005210600
5608.5970000000,0.0005211647
5608.6210000000,0.0005212012
5608.6460000000,0.0005213058
5608.6460000000,0.0005213058
5608.6700000000,0.0005213423
5608.6960000000,0.0005214468
5608.6960000000,0.0005214468
5608.7210000000,0.0005214832
5608.7470000000,0.0005215877
5608.7480000000,0.0005215877
5608.7690000000,0.0005216241
5608.7950000000,0.0005216241
5608.7970000000,0.0005217284
5608.8190000000,0.0005217647
5608.8460000000,0.0005218689
5608.8460000000,0.0005218689
5608.8700000000,0.0005219053
5608.8960000000,0.0005220094
5608.8960000000,0.0005220094
5608.9200000000,0.0005220457
5608.9460000000,0.0005220457
5608.9460000000,0.0005221497
5608.9690000000,0.0005221860
5608.9960000000,0.0005221860
5608.9960000000,0.0005222899
5609.0190000000,0.0005223261
5609.0460000000,0.0005223261
5609.0460000000,0.0005224299
5609.0690000000,0.0005224661
5609.0970000000,0.0005225698
5609.0980000000,0.0005225698
5609.1190000000,0.0005226060
5609.1460000000,0.0005227096
5609.1460000000,0.0005227096
5609.1690000000,0.0005227457
5609.1960000000,0.0005228492
5609.1960000000,0.0005228492
5609.2200000000,0.0005228853
5609.2460000000,0.0005229887
5609.2460000000,0.0005229887
5609.2690000000,0.0005230248
5609.2960000000,0.0005230248
5609.2970000000,0.0005231281
5609.3190000000,0.0005231641
5609.3460000000,0.0005231641
5609.3460000000,0.0005232673
5609.3700000000,0.0005233033
5609.3970000000,0.0005233033
5609.3970000000,0.0005234064
5609.4190000000,0.0005234423
5609.4460000000,0.0005235453
5609.4470000000,0.0005235453
5609.4690000000,0.0005235812
5609.4960000000,0.0005236841
5609.4960000000,0.0005236841
5609.5200000000,0.0005237199
5609.5460000000,0.0005237199
5609.5460000000,0.0005238227
5609.5690000000,0.0005238586
5609.5960000000,0.0005239613
5609.5960000000,0.0005239613
5609.6200000000,0.0005239971
5609.6460000000,0.0005240996
5609.6460000000,0.0005240996
5609.6690000000,0.0005241354
5609.6960000000,0.0005242379
5609.6980000000,0.0005242379
5609.7190000000,0.0005242736
5609.7460000000,0.0005242736
5609.7470000000,0.0005243760
5609.7690000000,0.0005244117
5609.7960000000,0.0005244117
5609.7960000000,0.0005245139
5609.8190000000,0.0005245496
5609.8460000000,0.0005245496
5609.8460000000,0.0005246518
5609.8700000000,0.0005246874
5609.8960000000,0.0005247895
5609.8960000000,0.0005247895
5609.9190000000,0.0005248251
5609.9470000000,0.0005248251
5609.9470000000,0.0005249270
5609.9690000000,0.0005249626
5609.9960000000,0.0005250645
5609.9960000000,0.0005250645
5610.0190000000,0.0005251000
5610.0460000000,0.0005251000
5610.0460000000,0.0005252017
5610.0700000000,0.0005252372
5610.0970000000,0.0005252372
5610.0970000000,0.0005253389
5610.1190000000,0.0005253744
5610.1460000000,0.0005253744
5610.1470000000,0.0005254759
5610.1690000000,0.0005255113
5610.1960000000,0.0005256128
5610.1960000000,0.0005256128
5610.2190000000,0.0005256482
5610.2460000000,0.0005257495
5610.2470000000,0.0005257495
5610.2690000000,0.0005257849
5610.2960000000,0.0005258861
5610.2960000000,0.0005258861
5610.3190000000,0.0005259214
5610.3470000000,0.0005260226
5610.3470000000,0.0005260226
5610.3690000000,0.0005260578
5610.3970000000,0.0005260578
5610.3970000000,0.0005261589
5610.4190000000,0.0005261942
5610.4460000000,0.0005261942
5610.4460000000,0.0005262951
5610.4690000000,0.0005263303
5610.4960000000,0.0005264312
5610.4960000000,0.0005264312
5610.5190000000,0.0005264663
5610.5470000000,0.0005265671
5610.5470000000,0.0005265671
5610.5690000000,0.0005266023
5610.5960000000,0.0005266023
5610.5960000000,0.0005267029
5610.6190000000,0.0005267380
5610.6460000000,0.0005267380
5610.6460000000,0.0005268385
5610.6690000000,0.0005268736
5610.6960000000,0.0005269741
5610.6970000000,0.0005269741
5610.7190000000,0.0005270091
5610.7460000000,0.0005271095
5610.7460000000,0.0005271095
5610.7710000000,0.0005271445
5610.7960000000,0.0005272447
5610.7960000000,0.0005272447
5610.8190000000,0.0005272797
5610.8460000000,0.0005272797
5610.8460000000,0.0005273798
5610.8690000000,0.0005274147
5610.8960000000,0.0005274147
5610.8960000000,0.0005275148
5610.9220000000,0.0005275497
5610.9460000000,0.0005276497
5610.9460000000,0.0005276497
5610.9690000000,0.0005276845
5610.9960000000,0.0005276845
5610.9960000000,0.0005277843
5611.0190000000,0.0005278192
5611.0470000000,0.0005278192
5611.0480000000,0.0005279190
5611.0690000000,0.0005279538
5611.0970000000,0.0005279538
5611.0970000000,0.0005280534
5611.1200000000,0.0005280882
5611.1460000000,0.0005281877
5611.1460000000,0.0005281877
5611.1700000000,0.0005282225
5611.1960000000,0.0005283219
5611.1960000000,0.0005283219
5611.2190000000,0.0005283566
5611.2460000000,0.0005284559
5611.2470000000,0.0005284559
5611.2690000000,0.0005284906
5611.2960000000,0.0005285899
5611.2960000000,0.0005285899
5611.3190000000,0.0005286245
5611.3470000000,0.0005286245
5611.3470000000,0.0005287236
5611.3690000000,0.0005287583
5611.3970000000,0.0005287583
5611.3980000000,0.0005288573
5611.4200000000,0.0005288919
5611.4460000000,0.0005289908
5611.4470000000,0.0005289908
5611.4690000000,0.0005290253
5611.4960000000,0.0005291241
5611.4960000000,0.0005291241
5611.5190000000,0.0005291586
5611.5470000000,0.0005292573
5611.5470000000,0.0005292573
5611.5690000000,0.0005292918
5611.5960000000,0.0005292918
5611.5960000000,0.0005293904
5611.6200000000,0.0005294249
5611.6460000000,0.0005294249
5611.6480000000,0.0005295234
5611.6690000000,0.0005295578
5611.6960000000,0.0005295578
5611.6960000000,0.0005296562
5611.7200000000,0.0005296906
5611.7470000000,0.0005296906
5611.7470000000,0.0005297890
5611.7690000000,0.0005298233
5611.7960000000,0.0005299216
5611.7960000000,0.0005299216
5611.8200000000,0.0005299559
5611.8460000000,0.0005299559
5611.8460000000,0.0005300540
5611.8700000000,0.0005300883
5611.8960000000,0.0005300883
5611.8960000000,0.0005301863
5611.9210000000,0.0005302206
5611.9460000000,0.0005303185
5611.9460000000,0.0005303185
5611.9690000000,0.0005303527
5611.9960000000,0.0005303527
5611.9970000000,0.0005304505
5612.0190000000,0.0005304847
5612.0460000000,0.0005305823
5612.0460000000,0.0005305823
5612.0690000000,0.0005306165
5612.0960000000,0.0005306165
5612.0970000000,0.0005307141
5612.1190000000,0.0005307482
5612.1460000000,0.0005307482
5612.1460000000,0.0005308457
5612.1690000000,0.0005308798
5612.1970000000,0.0005308798
5612.1970000000,0.0005309772
5612.2190000000,0.0005310113
5612.2470000000,0.0005310113
5612.2480000000,0.0005311086
5612.2700000000,0.0005311426
5612.2970000000,0.0005311426
5612.2970000000,0.0005312398
5612.3190000000,0.0005312738
5612.3460000000,0.0005312738
5612.3470000000,0.0005313709
5612.3690000000,0.0005314048
5612.3960000000,0.0005314048
5612.3960000000,0.0005315018
5612.4200000000,0.0005315358
5612.4460000000,0.0005316327
5612.4480000000,0.0005316327
5612.4700000000,0.0005316666
5612.4960000000,0.0005316666
5612.4960000000,0.0005317634
5612.5190000000,0.0005317972
5612.5460000000,0.0005318939
5612.5460000000,0.0005318939
5612.5700000000,0.0005319277
5612.5960000000,0.0005320244
5612.5970000000,0.0005320244
5612.6200000000,0.0005320581
5612.6470000000,0.0005320581
5612.6480000000,0.0005321546
5612.6690000000,0.0005321884
5612.6960000000,0.0005322848
5612.6970000000,0.0005322848
5612.7190000000,0.0005323185
5612.7460000000,0.0005324148
5612.7460000000,0.0005324148
5612.7690000000,0.0005324485
5612.7960000000,0.0005325447
5612.7970000000,0.0005325447
5612.8190000000,0.0005325783
5612.8460000000,0.0005325783
5612.8460000000,0.0005326744
5612.8690000000,0.0005327081
5612.8960000000,0.0005327081
5612.8960000000,0.0005328041
5612.9190000000,0.0005328377
5612.9460000000,0.0005328377
5612.9460000000,0.0005329336
5612.9700000000,0.0005329672
5612.9960000000,0.0005329672
5612.9960000000,0.0005330630
5613.0190000000,0.0005330965
5613.0470000000,0.0005330965
5613.0480000000,0.0005331922
5613.0700000000,0.0005332257
5613.0960000000,0.0005333213
5613.0960000000,0.0005333213
5613.1190000000,0.0005333548
5613.1460000000,0.0005334503
5613.1460000000,0.0005334503
5613.1700000000,0.0005334837
5613.1970000000,0.0005334837
5613.1970000000,0.0005335792
5613.2210000000,0.0005336126
5613.2460000000,0.0005337079
5613.2460000000,0.0005337079
5613.2690000000,0.0005337413
5613.2960000000,0.0005338365
5613.2970000000,0.0005338365
5613.3200000000,0.0005338698
5613.3460000000,0.0005338698
5613.3460000000,0.0005339650
5613.3690000000,0.0005339982
5613.3960000000,0.0005340933
5613.3960000000,0.0005340933
5613.4190000000,0.0005341265
5613.4460000000,0.0005341265
5613.4460000000,0.0005342215
5613.4690000000,0.0005342547
5613.4970000000,0.0005342547
5613.4970000000,0.0005343496
5613.5190000000,0.0005343828
5613.5470000000,0.0005343828
5613.5470000000,0.0005344775
5613.5690000000,0.0005345106
5613.5960000000,0.0005345106
5613.5970000000,0.0005346054
5613.6190000000,0.0005346385
5613.6470000000,0.0005346385
5613.6470000000,0.0005347331
5613.6700000000,0.0005347661
5613.6970000000,0.0005347661
5613.6970000000,0.0005348606
5613.7190000000,0.0005348937
5613.7460000000,0.0005348937
5613.7460000000,0.0005349881
5613.7700000000,0.0005350211
5613.7960000000,0.0005351154
5613.7960000000,0.0005351154
5613.8190000000,0.0005351484
5613.8470000000,0.0005352426
5613.8510000000,0.0005352426
5613.8700000000,0.0005352756
5613.8960000000,0.0005352756
5613.8960000000,0.0005353697
5613.9190000000,0.0005354026
5613.9460000000,0.0005354026
5613.9460000000,0.0005354967
5613.9690000000,0.0005355296
5613.9960000000,0.0005355296
5613.9980000000,0.0005356235
5614.0190000000,0.0005356563
5614.0460000000,0.0005356563
5614.0460000000,0.0005357502
5614.0690000000,0.0005357830
5614.0960000000,0.0005357830
5614.0960000000,0.0005358768
5614.1200000000,0.0005359096
5614.1470000000,0.0005359096
5614.1470000000,0.0005360032
5614.1690000000,0.0005360360
5614.1960000000,0.0005360360
5614.1960000000,0.0005361295
5614.2190000000,0.0005361622
5614.2470000000,0.0005361622
5614.2470000000,0.0005362557
5614.2690000000,0.0005362884
5614.2960000000,0.0005362884
5614.2970000000,0.0005363817
5614.3190000000,0.0005364144
5614.3460000000,0.0005365077
5614.3460000000,0.0005365077
5614.3710000000,0.0005365403
5614.3960000000,0.0005366335
5614.3960000000,0.0005366335
5614.4190000000,0.0005366661
5614.4460000000,0.0005366661
5614.4470000000,0.0005367592
5614.4690000000,0.0005367917
5614.4960000000,0.0005367917
5614.4960000000,0.0005368848
5614.5190000000,0.0005369173
5614.5490000000,0.0005370102
5614.5490000000,0.0005370102
5614.5690000000,0.0005370427
5614.5960000000,0.0005371355
5614.5970000000,0.0005371355
5614.6190000000,0.0005371680
5614.6460000000,0.0005372607
5614.6460000000,0.0005372607
5614.6690000000,0.0005372931
5614.6960000000,0.0005372931
5614.6970000000,0.0005373858
5614.7200000000,0.0005374182
5614.7470000000,0.0005374182
5614.7470000000,0.0005375107
5614.7690000000,0.0005375431
5614.7960000000,0.0005375431
5614.7960000000,0.0005376355
5614.8190000000,0.0005376679
5614.8480000000,0.0005376679
5614.8480000000,0.0005377603
5614.8690000000,0.0005377926
5614.8960000000,0.0005378848
5614.8970000000,0.0005378848
5614.9190000000,0.0005379171
5614.9460000000,0.0005379171
5614.9460000000,0.0005380093
5614.9700000000,0.0005380415
5614.9950000000,0.0005380415
5614.9970000000,0.0005381336
5615.0210000000,0.0005381658
5615.0460000000,0.0005381658
5615.0460000000,0.0005382578
5615.0690000000,0.0005382900
5615.0970000000,0.0005383819
5615.0980000000,0.0005383819
5615.1190000000,0.0005384141
5615.1460000000,0.0005385059
5615.1460000000,0.0005385059
5615.1700000000,0.0005385380
5615.1960000000,0.0005385380
5615.1960000000,0.0005386298
5615.2200000000,0.0005386618
5615.2470000000,0.0005387535
5615.2470000000,0.0005387535
5615.2690000000,0.0005387855
5615.2970000000,0.0005388771
5615.2980000000,0.0005388771
5615.3190000000,0.0005389091
5615.3470000000,0.0005389091
5615.3470000000,0.0005390006
5615.3690000000,0.0005390326
5615.3960000000,0.0005390326
5615.3970000000,0.0005391239
5615.4200000000,0.0005391559
5615.4460000000,0.0005391559
5615.4480000000,0.0005392471
5615.4700000000,0.0005392790
5615.4960000000,0.0005392790
5615.4960000000,0.0005393702
5615.5190000000,0.0005394021
5615.5470000000,0.0005394021
5615.5480000000,0.0005394932
5615.5690000000,0.0005395250
5615.5960000000,0.0005395250
5615.5970000000,0.0005396160
5615.6190000000,0.0005396479
5615.6470000000,0.0005396479
5615.6470000000,0.0005397388
5615.6700000000,0.0005397706
5615.6980000000,0.0005398614
5615.6980000000,0.0005398614
5615.7190000000,0.0005398932
5615.7480000000,0.0005398932
5615.7480000000,0.0005399840
5615.7690000000,0.0005400157
5615.7960000000,0.0005401063
5615.7970000000,0.0005401063
5615.8200000000,0.0005401380
5615.8460000000,0.0005402286
5615.8470000000,0.0005402286
5615.8690000000,0.0005402602
5615.8960000000,0.0005402602
5615.8960000000,0.0005403507
5615.9200000000,0.0005403823
5615.9460000000,0.0005403823
5615.9470000000,0.0005404727
5615.9690000000,0.0005405043
5615.9960000000,0.0005405043
5615.9960000000,0.0005405946
5616.0200000000,0.0005406261
5616.0470000000,0.0005407163
5616.0470000000,0.0005407163
5616.0690000000,0.0005407479
5616.0960000000,0.0005408380
5616.0980000000,0.0005408380
5616.1190000000,0.0005408695
5616.1470000000,0.0005409595
5616.1470000000,0.0005409595
5616.1700000000,0.0005409910
5616.1970000000,0.0005410810
5616.1970000000,0.0005410810
5616.2190000000,0.0005411124
5616.2460000000,0.0005411124
5616.2470000000,0.0005412023
5616.2700000000,0.0005412337
5616.2960000000,0.0005412337
5616.2960000000,0.0005413234
5616.3190000000,0.0005413548
5616.3460000000,0.0005414445
5616.3460000000,0.0005414445
5616.3700000000,0.0005414758
5616.3960000000,0.0005414758
5616.3980000000,0.0005415654
5616.4200000000,0.0005415967
5616.4470000000,0.0005416862
5616.4470000000,0.0005416862
5616.4690000000,0.0005417175
5616.4970000000,0.0005417175
5616.4970000000,0.0005418069
5616.5190000000,0.0005418381
5616.5460000000,0.0005418381
5616.5460000000,0.0005419274
5616.5690000000,0.0005419586
5616.5960000000,0.0005419586
5616.5960000000,0.0005420478
5616.6190000000,0.0005420790
5616.6460000000,0.0005420790
5616.6460000000,0.0005421682
5616.6690000000,0.0005421993
5616.6970000000,0.0005421993
5616.6970000000,0.0005422884
5616.7190000000,0.0005423195
5616.7460000000,0.0005423195
5616.7470000000,0.0005424085
5616.7710000000,0.0005424396
5616.7960000000,0.0005424396
5616.7960000000,0.0005425285
5616.8190000000,0.0005425595
5616.8470000000,0.0005425595
5616.8470000000,0.0005426483
5616.8690000000,0.0005426793
5616.8960000000,0.0005427680
5616.8960000000,0.0005427680
5616.9190000000,0.0005427991
5616.9460000000,0.0005427991
5616.9460000000,0.0005428877
5616.9700000000,0.0005429186
5616.9990000000,0.0005429186
5616.9990000000,0.0005430071
5617.0190000000,0.0005430381
5617.0460000000,0.0005430381
5617.0460000000,0.0005431265
5617.0690000000,0.0005431574
5617.0960000000,0.0005431574
5617.0960000000,0.0005432457
5617.1190000000,0.0005432766
5617.1460000000,0.0005432766
5617.1470000000,0.0005433648
5617.1690000000,0.0005433956
5617.1960000000,0.0005433956
5617.1970000000,0.0005434838
5617.2190000000,0.0005435146
5617.2460000000,0.0005435146
5617.2460000000,0.0005436026
5617.2700000000,0.0005436334
5617.2970000000,0.0005436334
5617.2970000000,0.0005437213
5617.3200000000,0.0005437520
5617.3470000000,0.0005437520
5617.3480000000,0.0005438399
5617.3690000000,0.0005438707
5617.3960000000,0.0005438707
5617.3970000000,0.0005439584
5617.4200000000,0.0005439891
5617.4460000000,0.0005439891
5617.4460000000,0.0005440768
5617.4700000000,0.0005441075
5617.4960000000,0.0005441951
5617.4960000000,0.0005441951
5617.5190000000,0.0005442257
5617.5470000000,0.0005443133
5617.5480000000,0.0005443133
5617.5690000000,0.0005443439
5617.5960000000,0.0005443439
5617.5960000000,0.0005444313
5617.6190000000,0.0005444619
5617.6460000000,0.0005445493
5617.6460000000,0.0005445493
5617.6690000000,0.0005445798
5617.6960000000,0.0005446671
5617.6960000000,0.0005446671
5617.7200000000,0.0005446976
5617.7460000000,0.0005447847
5617.7460000000,0.0005447847
5617.7690000000,0.0005448152
5617.7950000000,0.0005448152
5617.7970000000,0.0005449023
5617.8190000000,0.0005449327
5617.8460000000,0.0005449327
5617.8460000000,0.0005450197
5617.8690000000,0.0005450501
5617.8970000000,0.0005451370
5617.8980000000,0.0005451370
5617.9200000000,0.0005451674
5617.9460000000,0.0005451674
5617.9460000000,0.0005452542
5617.9700000000,0.0005452846
5617.9960000000,0.0005453713
5617.9970000000,0.0005453713
5618.0200000000,0.0005454017
5618.0460000000,0.0005454883
5618.0470000000,0.0005454883
5618.0690000000,0.0005455186
5618.0960000000,0.0005455186
5618.0970000000,0.0005456052
5618.1190000000,0.0005456355
5618.1470000000,0.0005456355
5618.1470000000,0.0005457220
5618.1690000000,0.0005457522
5618.1960000000,0.0005458386
5618.1980000000,0.0005458386
5618.2200000000,0.0005458688
5618.2460000000,0.0005458688
5618.2470000000,0.0005459551
5618.2700000000,0.0005459854
5618.2960000000,0.0005459854
5618.2970000000,0.0005460716
5618.3200000000,0.0005461018
5618.3470000000,0.0005461879
5618.3480000000,0.0005461879
5618.3700000000,0.0005462181
5618.3960000000,0.0005463042
5618.3970000000,0.0005463042
5618.4200000000,0.0005463343
5618.4460000000,0.0005464202
5618.4460000000,0.0005464202
5618.4690000000,0.0005464503
5618.4960000000,0.0005465362
5618.4960000000,0.0005465362
5618.5200000000,0.0005465662
5618.5470000000,0.0005465662
5618.5480000000,0.0005466520
5618.5690000000,0.0005466534
5618.5960000000,0.0005466534
5618.5960000000,0.0005466534
5618.6200000000,0.0005466534
5618.6460000000,0.0005467977
5618.6460000000,0.0005468833
5618.6690000000,0.0005469133
5618.6960000000,0.0005469133
5618.6970000000,0.0005469988
5618.7200000000,0.0005470287
5618.7460000000,0.0005471142
5618.7480000000,0.0005471142
5618.7690000000,0.0005471440
5618.7960000000,0.0005471440
5618.7960000000,0.0005472294
5618.8190000000,0.0005472592
5618.8460000000,0.0005473445
5618.8460000000,0.0005473445
5618.8690000000,0.0005473743
5618.8960000000,0.0005474595
5618.8970000000,0.0005474595
5618.9190000000,0.0005474893
5618.9460000000,0.0005475744
5618.9460000000,0.0005475744
5618.9690000000,0.0005476041
5618.9970000000,0.0005476041
5618.9970000000,0.0005476892
5619.0190000000,0.0005477189
5619.0460000000,0.0005478038
5619.0460000000,0.0005478038
5619.0690000000,0.0005478335
5619.0960000000,0.0005479184
5619.0970000000,0.0005479184
5619.1190000000,0.0005479481
5619.1460000000,0.0005480328
5619.1460000000,0.0005480328
5619.1690000000,0.0005480624
5619.1960000000,0.0005481471
5619.1960000000,0.0005481471
5619.2210000000,0.0005481767
5619.2460000000,0.0005481767
5619.2470000000,0.0005482613
5619.2690000000,0.0005482908
5619.2960000000,0.0005483754
5619.2960000000,0.0005483754
5619.3190000000,0.0005484049
5619.3460000000,0.0005484049
5619.3460000000,0.0005484893
5619.3690000000,0.0005485188
5619.3960000000,0.0005486031
5619.3980000000,0.0005486031
5619.4190000000,0.0005486326
5619.4460000000,0.0005487169
5619.4460000000,0.0005487169
5619.4690000000,0.0005487463
5619.4960000000,0.0005487463
5619.4960000000,0.0005488304
5619.5190000000,0.0005488599
5619.5470000000,0.0005488599
5619.5470000000,0.0005489439
5619.5690000000,0.0005489733
5619.5970000000,0.0005490573
5619.5970000000,0.0005490573
5619.6190000000,0.0005490867
5619.6460000000,0.0005491705
5619.6460000000,0.0005491705
5619.6690000000,0.0005491998
5619.6960000000,0.0005492836
5619.6960000000,0.0005492836
5619.7210000000,0.0005493129
5619.7460000000,0.0005493966
5619.7460000000,0.0005493966
5619.7690000000,0.0005494258
5619.7960000000,0.0005494258
5619.7960000000,0.0005495094
5619.8200000000,0.0005495387
5619.8470000000,0.0005495387
5619.8470000000,0.0005496222
5619.8690000000,0.0005496514
5619.8960000000,0.0005496514
5619.8960000000,0.0005497348
5619.9200000000,0.0005497640
5619.9460000000,0.0005497640
5619.9470000000,0.0005498473
5619.9690000000,0.0005498765
5619.9960000000,0.0005498765
5619.9970000000,0.0005499597
5620.0190000000,0.0005499889
5620.0470000000,0.0005500720
5620.0480000000,0.0005500720
5620.0690000000,0.0005501011
5620.0970000000,0.0005501842
5620.0970000000,0.0005501842
5620.1200000000,0.0005502133
5620.1460000000,0.0005502133
5620.1470000000,0.0005502962
5620.1690000000,0.0005503253
5620.1970000000,0.0005504081
5620.1980000000,0.0005504081
5620.2190000000,0.0005504372
5620.2460000000,0.0005504372
5620.2460000000,0.0005505200
5620.2700000000,0.0005505490
5620.2970000000,0.0005505490
5620.2970000000,0.0005506317
5620.3190000000,0.0005506607
5620.3460000000,0.0005507433
5620.3460000000,0.0005507433
5620.3690000000,0.0005507722
5620.3970000000,0.0005507722
5620.3970000000,0.0005508548
5620.4180000000,0.0005508837
5620.4460000000,0.0005508837
5620.4460000000,0.0005509662
5620.4700000000,0.0005509951
5620.4960000000,0.0005510775
5620.4960000000,0.0005510775
5620.5200000000,0.0005511064
5620.5460000000,0.0005511064
5620.5460000000,0.0005511887
5620.5690000000,0.0005512175
5620.5960000000,0.0005512175
5620.5970000000,0.0005512997
5620.6190000000,0.0005513285
5620.6460000000,0.0005514106
5620.6460000000,0.0005514106
5620.6690000000,0.0005514394
5620.6960000000,0.0005514394
5620.6960000000,0.0005515214
5620.7190000000,0.0005515502
5620.7460000000,0.0005516321
5620.7470000000,0.0005516321
5620.7700000000,0.0005516609
5620.7960000000,0.0005517427
5620.7970000000,0.0005525796
5620.8190000000,0.0005526083
5620.8470000000,0.0005528969
5620.8470000000,0.0005529787
5620.8700000000,0.0005530074
5620.8960000000,0.0005532959
5620.8960000000,0.0005533776
5620.9210000000,0.0005534063
5620.9470000000,0.0005536947
5620.9480000000,0.0005537763
5620.9700000000,0.0005538050
5620.9960000000,0.0005540935
5620.9970000000,0.0005541750
5621.0190000000,0.0005542036
5621.0470000000,0.0005542850
5621.0470000000,0.0005545734
5621.0700000000,0.0005546020
5621.0960000000,0.0005548904
5621.0960000000,0.0005549717
5621.1190000000,0.0005550002
5621.1470000000,0.0005550815
5621.1470000000,0.0005553698
5621.1690000000,0.0005553983
5621.1960000000,0.0005556865
5621.1960000000,0.0005557677
5621.2200000000,0.0005557961
5621.2460000000,0.0005560844
5621.2460000000,0.0005561655
5621.2690000000,0.0005561939
5621.2960000000,0.0005564821
5621.2960000000,0.0005565631
5621.3200000000,0.0005565915
5621.3460000000,0.0005568796
5621.3460000000,0.0005569605
5621.3700000000,0.0005569889
5621.3970000000,0.0005572770
5621.3970000000,0.0005573578
5621.4200000000,0.0005573861
5621.4460000000,0.0005576742
5621.4460000000,0.0005577549
5621.4690000000,0.0005577832
5621.4960000000,0.0005578639
5621.4970000000,0.0005581519
5621.5190000000,0.0005581802
5621.5460000000,0.0005584681
5621.5470000000,0.0005585487
5621.5690000000,0.0005585770
5621.5960000000,0.0005586574
5621.5960000000,0.0005589453
5621.6190000000,0.0005589735
5621.6470000000,0.0005590539
5621.6470000000,0.0005593417
5621.6690000000,0.0005593700
5621.6960000000,0.0005596578
5621.6970000000,0.0005597380
5621.7190000000,0.0005597662
5621.7460000000,0.0005600539
5621.7460000000,0.0005601341
5621.7690000000,0.0005601622
5621.7960000000,0.0005602423
5621.7960000000,0.0005605300
5621.8200000000,0.0005605581
5621.8460000000,0.0005608457
5621.8470000000,0.0005609257
5621.8690000000,0.0005609539
5621.8960000000,0.0005610338
5621.8960000000,0.0005613213
5621.9190000000,0.0005613494
5621.9460000000,0.0005614293
5621.9470000000,0.0005617168
5621.9700000000,0.0005617448
5621.9960000000,0.0005618246
5621.9960000000,0.0005621120
5622.0190000000,0.0005621401
5622.0480000000,0.0005624274
5622.0480000000,0.0005625071
5622.0690000000,0.0005625351
5622.0960000000,0.0005626147
5622.0960000000,0.0005629020
5622.1200000000,0.0005629300
5622.1470000000,0.0005632173
5622.1480000000,0.0005632968
5622.1690000000,0.0005633247
5622.1970000000,0.0005634041
5622.1970000000,0.0005636913
5622.2200000000,0.0005637193
5622.2460000000,0.0005640064
5622.2470000000,0.0005640857
5622.2700000000,0.0005641136
5622.2960000000,0.0005644007
5622.2960000000,0.0005644799
5622.3190000000,0.0005645078
5622.3460000000,0.0005645870
5622.3460000000,0.0005648740
5622.3690000000,0.0005649018
5622.3960000000,0.0005651888
5622.3960000000,0.0005652678
5622.4190000000,0.0005652956
5622.4470000000,0.0005653746
5622.4470000000,0.0005656615
5622.4690000000,0.0005656893
5622.4960000000,0.0005657682
5622.4970000000,0.0005660550
5622.5190000000,0.0005660828
5622.5460000000,0.0005661616
5622.5460000000,0.0005664483
5622.5690000000,0.0005664761
5622.5960000000,0.0005665548
5622.5960000000,0.0005668415
5622.6190000000,0.0005668692
5622.6470000000,0.0005671558
5622.6480000000,0.0005672345
5622.6690000000,0.0005672622
5622.6960000000,0.0005673408
5622.6960000000,0.0005676273
5622.7190000000,0.0005676550
5622.7460000000,0.0005679415
5622.7470000000,0.0005680199
5622.7710000000,0.0005680476
5622.7960000000,0.0005683340
5622.7960000000,0.0005684124
5622.8190000000,0.0005684400
5622.8460000000,0.0005685184
5622.8470000000,0.0005688047
5622.8690000000,0.0005688323
5622.8960000000,0.0005691187
5622.8970000000,0.0005691969
5622.9190000000,0.0005692245
5622.9460000000,0.0005695107
5622.9460000000,0.0005695889
5622.9700000000,0.0005696164
5622.9960000000,0.0005696945
5622.9960000000,0.0005699806
5623.0190000000,0.0005700081
5623.0460000000,0.0005702942
5623.0460000000,0.0005703723
5623.0690000000,0.0005703997
5623.0960000000,0.0005706858
5623.0960000000,0.0005707637
5623.1190000000,0.0005707911
5623.1460000000,0.0005710771
5623.1470000000,0.0005711550
5623.1690000000,0.0005711824
5623.1960000000,0.0005714683
5623.1960000000,0.0005715461
5623.2200000000,0.0005715736
5623.2460000000,0.0005718594
5623.2470000000,0.0005719371
5623.2690000000,0.0005719645
5623.2960000000,0.0005722503
5623.2960000000,0.0005723279
5623.3190000000,0.0005723553
5623.3460000000,0.0005726410
5623.3470000000,0.0005727186
5623.3690000000,0.0005727459
5623.3960000000,0.0005728234
5623.3970000000,0.0005731091
5623.4200000000,0.0005731364
5623.4460000000,0.0005732138
5623.4460000000,0.0005734994
5623.4690000000,0.0005735266
5623.4960000000,0.0005738121
5623.4960000000,0.0005738895
5623.5200000000,0.0005739167
5623.5460000000,0.0005739940
5623.5460000000,0.0005742794
5623.5700000000,0.0005743066
5623.5960000000,0.0005743838
5623.5960000000,0.0005746692
5623.6190000000,0.0005746963
5623.6460000000,0.0005749817
5623.6470000000,0.0005750588
5623.6690000000,0.0005750859
5623.6960000000,0.0005751629
5623.6960000000,0.0005754482
5623.7210000000,0.0005754753
5623.7460000000,0.0005755523
5623.7460000000,0.0005758375
5623.7700000000,0.0005758646
5623.7960000000,0.0005759415
5623.7960000000,0.0005762267
5623.8190000000,0.0005762537
5623.8450000000,0.0005763305
5623.8450000000,0.0005766156
5623.8690000000,0.0005766427
5623.8960000000,0.0005769277
5623.8980000000,0.0005770045
5623.9190000000,0.0005770315
5623.9460000000,0.0005773164
5623.9470000000,0.0005773931
5623.9690000000,0.0005774201
5623.9960000000,0.0005777050
5623.9960000000,0.0005777816
5624.0190000000,0.0005778085
5624.0460000000,0.0005778850
5624.0480000000,0.0005781699
5624.0690000000,0.0005781968
5624.0980000000,0.0005782733
5624.0980000000,0.0005785581
5624.1200000000,0.0005785850
5624.1470000000,0.0005788697
5624.1470000000,0.0005789460
5624.1690000000,0.0005789729
5624.1960000000,0.0005790492
5624.1960000000,0.0005793339
5624.2190000000,0.0005793608
5624.2460000000,0.0005796454
5624.2460000000,0.0005797216
5624.2700000000,0.0005797485
5624.2960000000,0.0005798246
5624.2980000000,0.0005801092
5624.3190000000,0.0005801360
5624.3470000000,0.0005802120
5624.3480000000,0.0005804966
5624.3690000000,0.0005805234
5624.3970000000,0.0005808079
5624.3970000000,0.0005808839
5624.4200000000,0.0005809107
5624.4460000000,0.0005809866
5624.4460000000,0.0005812710
5624.4690000000,0.0005812977
5624.4960000000,0.0005815822
5624.4960000000,0.0005816580
5624.5190000000,0.0005816847
5624.5460000000,0.0005819691
5624.5460000000,0.0005820448
5624.5700000000,0.0005820715
5624.5960000000,0.0005821472
5624.5970000000,0.0005824315
5624.6200000000,0.0005824582
5624.6460000000,0.0005827424
5624.6460000000,0.0005828180
5624.6700000000,0.0005828446
5624.6960000000,0.0005831288
5624.6960000000,0.0005832043
5624.7190000000,0.0005832309
5624.7460000000,0.0005833064
5624.7460000000,0.0005835906
5624.7710000000,0.0005836172
5624.7970000000,0.0005839014
5624.7970000000,0.0005839767
5624.8190000000,0.0005840032
5624.8460000000,0.0005842873
5624.8460000000,0.0005843626
5624.8690000000,0.0005843891
5624.8960000000,0.0005844643
5624.8960000000,0.0005847485
5624.9190000000,0.0005847749
5624.9460000000,0.0005848501
5624.9470000000,0.0005851341
5624.9690000000,0.0005851606
5624.9960000000,0.0005854447
5624.9970000000,0.0005855197
5625.0190000000,0.0005855461
5625.0460000000,0.0005858301
5625.0460000000,0.0005859051
5625.0690000000,0.0005859315
5625.0960000000,0.0005862155
5625.0970000000,0.0005862903
5625.1190000000,0.0005863167
5625.1460000000,0.0005866006
5625.1460000000,0.0005866754
5625.1690000000,0.0005867018
5625.1950000000,0.0005867765
5625.1950000000,0.0005870604
5625.2190000000,0.0005870867
5625.2470000000,0.0005873705
5625.2470000000,0.0005874452
5625.2690000000,0.0005874715
5625.2960000000,0.0005877553
5625.2960000000,0.0005878299
5625.3210000000,0.0005878562
5625.3470000000,0.0005879307
5625.3480000000,0.0005882145
5625.3690000000,0.0005882407
5625.3960000000,0.0005885245
5625.3960000000,0.0005885990
5625.4190000000,0.0005886252
5625.4460000000,0.0005889089
5625.4460000000,0.0005889833
5625.4690000000,0.0005890095
5625.4960000000,0.0005892931
5625.4960000000,0.0005893674
5625.5190000000,0.0005893936
5625.5470000000,0.0005894678
5625.5470000000,0.0005897515
5625.5690000000,0.0005897776
5625.5960000000,0.0005898517
5625.5970000000,0.0005901353
5625.6190000000,0.0005901614
5625.6460000000,0.0005902355
5625.6460000000,0.0005905190
5625.6690000000,0.0005905451
5625.6970000000,0.0005906191
5625.6970000000,0.0005909026
5625.7210000000,0.0005909287
5625.7460000000,0.0005912122
5625.7460000000,0.0005912861
5625.7690000000,0.0005913122
5625.7960000000,0.0005915957
5625.7960000000,0.0005916695
5625.8190000000,0.0005916955
5625.8470000000,0.0005917693
5625.8480000000,0.0005920527
5625.8690000000,0.0005920787
5625.8960000000,0.0005921524
5625.8960000000,0.0005924358
5625.9190000000,0.0005924617
5625.9460000000,0.0005927451
5625.9460000000,0.0005928187
5625.9690000000,0.0005928447
5625.9960000000,0.0005931280
5625.9960000000,0.0005932015
5626.0190000000,0.0005932274
5626.0460000000,0.0005935106
5626.0460000000,0.0005935841
5626.0690000000,0.0005936100
5626.0960000000,0.0005936834
5626.0960000000,0.0005939666
5626.1190000000,0.0005939924
5626.1470000000,0.0005940658
5626.1480000000,0.0005943489
5626.1690000000,0.0005943748
5626.1960000000,0.0005946579
5626.1970000000,0.0005947311
5626.2190000000,0.0005947570
5626.2490000000,0.0005950400
5626.2490000000,0.0005951132
5626.2690000000,0.0005951390
5626.2960000000,0.0005952121
5626.2960000000,0.0005954951
5626.3190000000,0.0005955209
5626.3470000000,0.0005958039
5626.3470000000,0.0005958769
5626.3690000000,0.0005959027
5626.3970000000,0.0005961856
5626.3980000000,0.0005962586
5626.4190000000,0.0005962843
5626.4460000000,0.0005965672
5626.4470000000,0.0005966400
5626.4710000000,0.0005966658
5626.4960000000,0.0005967386
5626.4970000000,0.0005970214
5626.5200000000,0.0005970471
5626.5470000000,0.0005973299
5626.5470000000,0.0005974026
5626.5690000000,0.0005974282
5626.5960000000,0.0005975009
5626.5970000000,0.0005977836
5626.6190000000,0.0005978092
5626.6460000000,0.0005980919
5626.6460000000,0.0005981645
5626.6690000000,0.0005981901
5626.6980000000,0.0005982626
5626.6980000000,0.0005985453
5626.7190000000,0.0005985709
5626.7460000000,0.0005988535
5626.7470000000,0.0005989259
5626.7690000000,0.0005989515
5626.7960000000,0.0005990238
5626.7960000000,0.0005993064
5626.8200000000,0.0005993319
5626.8460000000,0.0005996143
5626.8460000000,0.0005996866
5626.8690000000,0.0005997121
5626.8960000000,0.0005999946
5626.8960000000,0.0006000668
5626.9190000000,0.0006000923
5626.9460000000,0.0006001644
5626.9460000000,0.0006004468
5626.9690000000,0.0006004722
5626.9960000000,0.0006005443
5626.9970000000,0.0006008266
5627.0190000000,0.0006008520
5627.0460000000,0.0006009240
5627.0460000000,0.0006012063
5627.0690000000,0.0006012316
5627.0970000000,0.0006013036
5627.0970000000,0.0006015858
5627.1190000000,0.0006016112
5627.1460000000,0.0006016830
5627.1460000000,0.0006019652
5627.1690000000,0.0006019905
5627.1960000000,0.0006022726
5627.1960000000,0.0006023443
5627.2190000000,0.0006023697
5627.2460000000,0.0006026517
5627.2460000000,0.0006027234
5627.2690000000,0.0006027487
5627.2960000000,0.0006028204
5627.2970000000,0.0006031023
5627.3190000000,0.0006031276
5627.3460000000,0.0006031991
5627.3460000000,0.0006034810
5627.3690000000,0.0006035063
5627.3960000000,0.0006035778
5627.3960000000,0.0006038596
5627.4200000000,0.0006038848
5627.4470000000,0.0006039562
5627.4480000000,0.0006042380
5627.4690000000,0.0006042632
5627.4960000000,0.0006045449
5627.4960000000,0.0006046162
5627.5190000000,0.0006046414
5627.5460000000,0.0006047126
5627.5470000000,0.0006049942
5627.5690000000,0.0006050194
5627.5960000000,0.0006053009
5627.5970000000,0.0006053721
5627.6190000000,0.0006053973
5627.6460000000,0.0006054684
5627.6460000000,0.0006057499
5627.6690000000,0.0006057750
5627.6960000000,0.0006058461
5627.6960000000,0.0006061275
5627.7190000000,0.0006061526
5627.7460000000,0.0006064340
5627.7470000000,0.0006065049
5627.7690000000,0.0006065299
5627.7960000000,0.0006066008
5627.7960000000,0.0006068821
5627.8200000000,0.0006069071
5627.8460000000,0.0006071883
5627.8460000000,0.0006072592
5627.8700000000,0.0006072842
5627.8960000000,0.0006075653
5627.8970000000,0.0006076361
5627.9190000000,0.0006076610
5627.9460000000,0.0006079421
5627.9470000000,0.0006080127
5627.9690000000,0.0006080377
5627.9960000000,0.0006081083
5627.9960000000,0.0006083893
5628.0190000000,0.0006084142
5628.0460000000,0.0006084847
5628.0460000000,0.0006087656
5628.0690000000,0.0006087905
5628.0960000000,0.0006090713
5628.0960000000,0.0006091418
5628.1190000000,0.0006091667
5628.1460000000,0.0006092371
5628.1460000000,0.0006095179
5628.1690000000,0.0006095427
5628.1960000000,0.0006098234
5628.1970000000,0.0006098937
5628.2200000000,0.0006099185
5628.2460000000,0.0006101991
5628.2460000000,0.0006102693
5628.2690000000,0.0006102941
5628.2970000000,0.0006103643
5628.2980000000,0.0006106448
5628.3190000000,0.0006106696
5628.3460000000,0.0006107397
5628.3470000000,0.0006110201
5628.3710000000,0.0006110449
5628.3960000000,0.0006113252
5628.3960000000,0.0006113952
5628.4200000000,0.0006114200
5628.4460000000,0.0006117002
5628.4460000000,0.0006117701
5628.4700000000,0.0006117948
5628.4960000000,0.0006120750
5628.4960000000,0.0006121449
5628.5200000000,0.0006121696
5628.5470000000,0.0006124496
5628.5470000000,0.0006125194
5628.5690000000,0.0006125441
5628.5960000000,0.0006126139
5628.5960000000,0.0006128939
5628.6190000000,0.0006129185
5628.6460000000,0.0006131984
5628.6460000000,0.0006132681
5628.6700000000,0.0006132927
5628.6960000000,0.0006135725
5628.6970000000,0.0006136421
5628.7200000000,0.0006136667
5628.7470000000,0.0006137362
5628.7470000000,0.0006140159
5628.7690000000,0.0006140405
5628.7960000000,0.0006143200
5628.7970000000,0.0006143895
5628.8190000000,0.0006144140
5628.8460000000,0.0006146936
5628.8460000000,0.0006147629
5628.8700000000,0.0006147875
5628.8960000000,0.0006148568
5628.8970000000,0.0006151362
5628.9190000000,0.0006151607
5628.9460000000,0.0006154400
5628.9460000000,0.0006155092
5628.9690000000,0.0006155337
5628.9960000000,0.0006158128
5628.9960000000,0.0006158820
5629.0190000000,0.0006159065
5629.0460000000,0.0006161856
5629.0460000000,0.0006162548
5629.0700000000,0.0006162791
5629.0960000000,0.0006163482
5629.0980000000,0.0006166272
5629.1190000000,0.0006166516
5629.1460000000,0.0006167205
5629.1460000000,0.0006169994
5629.1690000000,0.0006170238
5629.1960000000,0.0006170927
5629.1970000000,0.0006173715
5629.2190000000,0.0006173958
5629.2460000000,0.0006176745
5629.2460000000,0.0006177433
5629.2690000000,0.0006177676
5629.2960000000,0.0006180462
5629.2960000000,0.0006181150
5629.3210000000,0.0006181392
5629.3470000000,0.0006182079
5629.3470000000,0.0006184864
5629.3690000000,0.0006185106
5629.3960000000,0.0006185793
5629.3960000000,0.0006188576
5629.4190000000,0.0006188819
5629.4460000000,0.0006191601
5629.4460000000,0.0006192287
5629.4690000000,0.0006192529
5629.4960000000,0.0006193214
5629.4960000000,0.0006195995
5629.5190000000,0.0006196238
5629.5470000000,0.0006199018
5629.5470000000,0.0006199702
5629.5690000000,0.0006199944
5629.5960000000,0.0006202722
5629.5970000000,0.0006203406
5629.6190000000,0.0006203647
5629.6470000000,0.0006204330
5629.6470000000,0.0006207108
5629.6690000000,0.0006207349
5629.6960000000,0.0006208031
5629.6960000000,0.0006210807
5629.7190000000,0.0006211048
5629.7470000000,0.0006213824
5629.7470000000,0.0006214505
5629.7700000000,0.0006214746
5629.7960000000,0.0006215427
5629.7970000000,0.0006218202
5629.8190000000,0.0006218442
5629.8460000000,0.0006221215
5629.8470000000,0.0006221895
5629.8700000000,0.0006222136
5629.8970000000,0.0006222816
5629.8970000000,0.0006225588
5629.9190000000,0.0006225828
5629.9460000000,0.0006226507
5629.9460000000,0.0006229277
5629.9690000000,0.0006229517
5629.9960000000,0.0006230195
5629.9960000000,0.0006232965
5630.0190000000,0.0006233205
5630.0460000000,0.0006235973
5630.0460000000,0.0006236651
5630.0690000000,0.0006236890
5630.0960000000,0.0006239657
5630.0960000000,0.0006240333
5630.1190000000,0.0006240573
5630.1460000000,0.0006241248
5630.1460000000,0.0006244014
5630.1690000000,0.0006244253
5630.1970000000,0.0006244928
5630.1970000000,0.0006247693
5630.2190000000,0.0006247932
5630.2460000000,0.0006248606
5630.2460000000,0.0006251370
5630.2690000000,0.0006251609
5630.2960000000,0.0006254371
5630.2960000000,0.0006255045
5630.3190000000,0.0006255283
5630.3470000000,0.0006258045
5630.3470000000,0.0006258718
5630.3690000000,0.0006258956
5630.3960000000,0.0006259629
5630.3970000000,0.0006262389
5630.4190000000,0.0006262626
5630.4460000000,0.0006263299
5630.4470000000,0.0006266057
5630.4690000000,0.0006266295
5630.4960000000,0.0006269052
5630.4960000000,0.0006269723
5630.5200000000,0.0006269960
5630.5460000000,0.0006270631
5630.5460000000,0.0006273387
5630.5700000000,0.0006273624
5630.5970000000,0.0006276378
5630.5970000000,0.0006277048
5630.6190000000,0.0006277285
5630.6460000000,0.0006280039
5630.6460000000,0.0006280708
5630.6700000000,0.0006280944
5630.6960000000,0.0006283696
5630.6980000000,0.0006284365
5630.7190000000,0.0006284601
5630.7460000000,0.0006287352
5630.7470000000,0.0006288021
5630.7690000000,0.0006288257
5630.7960000000,0.0006291006
5630.7960000000,0.0006291674
5630.8200000000,0.0006291909
5630.8460000000,0.0006292576
5630.8460000000,0.0006295324
5630.8700000000,0.0006295560
5630.8960000000,0.0006298306
5630.8980000000,0.0006298972
5630.9190000000,0.0006299207
5630.9460000000,0.0006299873
5630.9460000000,0.0006302618
5630.9690000000,0.0006302853
5630.9960000000,0.0006303518
5630.9960000000,0.0006306262
5631.0190000000,0.0006306497
5631.0460000000,0.0006309239
5631.0460000000,0.0006309903
5631.0690000000,0.0006310138
5631.0970000000,0.0006310801
5631.0970000000,0.0006313542
5631.1200000000,0.0006313776
5631.1460000000,0.0006314439
5631.1460000000,0.0006317178
5631.1700000000,0.0006317412
5631.1960000000,0.0006318074
5631.1960000000,0.0006320812
5631.2190000000,0.0006321046
5631.2460000000,0.0006323782
5631.2460000000,0.0006324443
5631.2700000000,0.0006324677
5631.2960000000,0.0006327413
5631.2970000000,0.0006328073
5631.3190000000,0.0006328307
5631.3460000000,0.0006328967
5631.3460000000,0.0006331700
5631.3700000000,0.0006331934
5631.3960000000,0.0006334665
5631.3960000000,0.0006335325
5631.4190000000,0.0006335558
5631.4450000000,0.0006336216
5631.4460000000,0.0006338947
5631.4690000000,0.0006339180
5631.4960000000,0.0006339838
5631.4970000000,0.0006342566
5631.5200000000,0.0006342799
5631.5460000000,0.0006343456
5631.5460000000,0.0006346183
5631.5690000000,0.0006346416
5631.5960000000,0.0006349141
5631.5960000000,0.0006349798
5631.6200000000,0.0006350030
5631.6460000000,0.0006352754
5631.6470000000,0.0006353410
5631.6690000000,0.0006353642
5631.6960000000,0.0006356364
5631.6960000000,0.0006357020
5631.7200000000,0.0006357252
5631.7470000000,0.0006359973
5631.7480000000,0.0006360628
5631.7690000000,0.0006360859
5631.7960000000,0.0006363579
5631.7970000000,0.0006364233
5631.8200000000,0.0006364464
5631.8460000000,0.0006367182
5631.8460000000,0.0006367835
5631.8700000000,0.0006368067
5631.8960000000,0.0006368720
5631.8970000000,0.0006371436
5631.9200000000,0.0006371666
5631.9460000000,0.0006374380
5631.9460000000,0.0006375033
5631.9700000000,0.0006375263
5631.9970000000,0.0006377976
5631.9970000000,0.0006378627
5632.0190000000,0.0006378858
5632.0460000000,0.0006381569
5632.0460000000,0.0006382220
5632.0690000000,0.0006382450
5632.0960000000,0.0006383100
5632.0960000000,0.0006385809
5632.1190000000,0.0006386039
5632.1460000000,0.0006388747
5632.1460000000,0.0006389397
5632.1690000000,0.0006389626
5632.1960000000,0.0006390275
5632.1960000000,0.0006392981
5632.2200000000,0.0006393210
5632.2460000000,0.0006395915
5632.2470000000,0.0006396563
5632.2690000000,0.0006396793
5632.2960000000,0.0006397440
5632.2960000000,0.0006400143
5632.3190000000,0.0006400372
5632.3460000000,0.0006401019
5632.3460000000,0.0006403720
5632.3690000000,0.0006403949
5632.3960000000,0.0006404595
5632.3970000000,0.0006407294
5632.4190000000,0.0006407523
5632.4460000000,0.0006408169
5632.4460000000,0.0006410866
5632.4690000000,0.0006411094
5632.4960000000,0.0006413789
5632.4960000000,0.0006414434
5632.5190000000,0.0006414662
5632.5470000000,0.0006417356
5632.5480000000,0.0006418000
5632.5690000000,0.0006418228
5632.5960000000,0.0006418871
5632.5970000000,0.0006421563
5632.6190000000,0.0006421790
5632.6460000000,0.0006422434
5632.6460000000,0.0006425123
5632.6700000000,0.0006425351
5632.6960000000,0.0006425994
5632.6960000000,0.0006428682
5632.7190000000,0.0006428909
5632.7470000000,0.0006431595
5632.7470000000,0.0006432237
5632.7690000000,0.0006432464
5632.7960000000,0.0006435148
5632.7960000000,0.0006435789
5632.8200000000,0.0006436016
5632.8480000000,0.0006436657
5632.8490000000,0.0006439339
5632.8690000000,0.0006439565
5632.8960000000,0.0006440206
5632.8960000000,0.0006442886
5632.9190000000,0.0006443113
5632.9460000000,0.0006445791
5632.9460000000,0.0006446431
5632.9700000000,0.0006446657
5632.9960000000,0.0006447295
5632.9960000000,0.0006449972
5633.0180000000,0.0006450198
5633.0460000000,0.0006450835
5633.0460000000,0.0006453510
5633.0690000000,0.0006453736
5633.0960000000,0.0006456409
5633.0970000000,0.0006457046
5633.1190000000,0.0006457272
5633.1460000000,0.0006459942
5633.1460000000,0.0006460579
5633.1690000000,0.0006460804
5633.1960000000,0.0006463473
5633.1960000000,0.0006464109
5633.2200000000,0.0006464334
5633.2460000000,0.0006464969
5633.2480000000,0.0006467636
5633.2690000000,0.0006467861
5633.2960000000,0.0006470525
5633.2970000000,0.0006471160
5633.3190000000,0.0006471385
5633.3470000000,0.0006474048
5633.3470000000,0.0006474682
5633.3690000000,0.0006474906
5633.3960000000,0.0006477567
5633.3960000000,0.0006478201
5633.4210000000,0.0006478425
5633.4460000000,0.0006481083
5633.4470000000,0.0006481716
5633.4700000000,0.0006481940
5633.4970000000,0.0006482573
5633.5190000000,0.0006482796
5633.5470000000,0.0006483428
5633.5690000000,0.0006483651
5633.5970000000,0.0006484282
5633.6200000000,0.0006484505
5633.6460000000,0.0006485136
5633.6690000000,0.0006485358
5633.6970000000,0.0006485988
5633.7190000000,0.0006486211
5633.7460000000,0.0006486840
5633.7690000000,0.0006487063
5633.7960000000,0.0006487691
5633.8200000000,0.0006487914
5633.8470000000,0.0006488542
5633.8690000000,0.0006488764
5633.8970000000,0.0006489391
5633.9200000000,0.0006489613
5633.9470000000,0.0006490240
5633.9690000000,0.0006490462
5633.9970000000,0.0006491088
5634.0190000000,0.0006491309
5634.0470000000,0.0006491935
5634.0690000000,0.0006492156
5634.0960000000,0.0006492781
5634.1190000000,0.0006493002
5634.1460000000,0.0006493626
5634.1700000000,0.0006493847
5634.1970000000,0.0006494471
5634.2190000000,0.0006494691
5634.2460000000,0.0006495315
5634.2690000000,0.0006495535
5634.2960000000,0.0006496158
5634.3190000000,0.0006496378
5634.3460000000,0.0006496999
5634.3710000000,0.0006497219
5634.3960000000,0.0006497841
5634.4190000000,0.0006498060
5634.4460000000,0.0006498680
5634.4690000000,0.0006498900
5634.4960000000,0.0006499520
5634.5200000000,0.0006499739
5634.5460000000,0.0006500359
5634.5690000000,0.0006500577
5634.5970000000,0.0006501196
5634.6190000000,0.0006501415
5634.6450000000,0.0006502033
5634.6700000000,0.0006502251
5634.6960000000,0.0006502869
5634.7190000000,0.0006503087
5634.7460000000,0.0006503704
5634.7690000000,0.0006503923
5634.7960000000,0.0006504539
5634.8200000000,0.0006504757
5634.8460000000,0.0006505373
5634.8690000000,0.0006505590
5634.8970000000,0.0006506206
5634.9190000000,0.0006506423
5634.9460000000,0.0006507037
5634.9690000000,0.0006507254
5634.9960000000,0.0006507869
5635.0190000000,0.0006508086
5635.0460000000,0.0006508699
5635.0690000000,0.0006508916
5635.0960000000,0.0006509529
5635.1200000000,0.0006509745
5635.1460000000,0.0006510357
5635.1700000000,0.0006510574
5635.1960000000,0.0006511186
5635.2190000000,0.0006511402
5635.2470000000,0.0006512013
5635.2690000000,0.0006512229
5635.2970000000,0.0006512839
5635.3190000000,0.0006513054
5635.3460000000,0.0006513664
5635.3700000000,0.0006513879
5635.3960000000,0.0006514488
5635.4190000000,0.0006514703
5635.4470000000,0.0006515312
5635.4690000000,0.0006515526
5635.4970000000,0.0006516134
5635.5190000000,0.0006516349
5635.5460000000,0.0006516956
5635.5700000000,0.0006517171
5635.5960000000,0.0006517777
5635.6190000000,0.0006517991
5635.6460000000,0.0006518597
5635.6690000000,0.0006518812
5635.6970000000,0.0006519417
5635.7200000000,0.0006519631
5635.7460000000,0.0006520236
5635.7700000000,0.0006520450
5635.7960000000,0.0006521054
5635.8190000000,0.0006521267
5635.8460000000,0.0006521871
5635.8690000000,0.0006522084
5635.8960000000,0.0006522687
5635.9210000000,0.0006522900
5635.9460000000,0.0006523503
5635.9700000000,0.0006523716
5635.9970000000,0.0006524317
5636.0190000000,0.0006524530
5636.0470000000,0.0006525131
5636.0690000000,0.0006525344
5636.0960000000,0.0006525944
5636.1190000000,0.0006526157
5636.1460000000,0.0006526757
5636.1690000000,0.0006526969
5636.1970000000,0.0006527568
5636.2190000000,0.0006527780
5636.2470000000,0.0006528379
5636.2690000000,0.0006528590
5636.2960000000,0.0006529189
5636.3190000000,0.0006529400
5636.3460000000,0.0006529998
5636.3690000000,0.0006530209
5636.3970000000,0.0006530806
5636.4190000000,0.0006531017
5636.4460000000,0.0006531614
5636.4690000000,0.0006531824
5636.4960000000,0.0006532421
5636.5190000000,0.0006532631
5636.5460000000,0.0006533226
5636.5690000000,0.0006533436
5636.5960000000,0.0006534031
5636.6210000000,0.0006534241
5636.6460000000,0.0006534836
5636.6690000000,0.0006535045
5636.6960000000,0.0006535639
5636.7200000000,0.0006535848
5636.7460000000,0.0006536442
5636.7690000000,0.0006536651
5636.7970000000,0.0006537244
5636.8190000000,0.0006537453
5636.8460000000,0.0006538044
5636.8700000000,0.0006538253
5636.8960000000,0.0006538844
5636.9200000000,0.0006539053
5636.9460000000,0.0006539643
5636.9690000000,0.0006539851
5636.9960000000,0.0006540441
5637.0190000000,0.0006540649
5637.0460000000,0.0006541238
5637.0690000000,0.0006541446
5637.0960000000,0.0006542035
5637.1180000000,0.0006542242
5637.1460000000,0.0006542830
5637.1690000000,0.0006543038
5637.1960000000,0.0006543625
5637.2200000000,0.0006543833
5637.2470000000,0.0006544419
5637.2700000000,0.0006544627
5637.2960000000,0.0006545213
5637.3190000000,0.0006545420
5637.3470000000,0.0006546006
5637.3700000000,0.0006546212
5637.3960000000,0.0006546797
5637.4190000000,0.0006547004
5637.4480000000,0.0006547588
5637.4690000000,0.0006547795
5637.4960000000,0.0006548379
5637.5190000000,0.0006548585
5637.5460000000,0.0006549168
5637.5690000000,0.0006549374
5637.5960000000,0.0006549957
5637.6200000000,0.0006550163
5637.6460000000,0.0006550745
5637.6700000000,0.0006550950
5637.6960000000,0.0006551532
5637.7190000000,0.0006551737
5637.7460000000,0.0006552318
5637.7690000000,0.0006552523
5637.7960000000,0.0006553103
5637.8190000000,0.0006553308
5637.8460000000,0.0006553888
5637.8700000000,0.0006554093
5637.8970000000,0.0006554672
5637.9190000000,0.0006554876
5637.9470000000,0.0006555455
5637.9690000000,0.0006555659
5637.9970000000,0.0006556237
5638.0190000000,0.0006556442
5638.0460000000,0.0006557019
5638.0690000000,0.0006557223
5638.0990000000,0.0006557800
5638.1200000000,0.0006558003
5638.1460000000,0.0006558580
5638.1690000000,0.0006558783
5638.1970000000,0.0006559358
5638.2200000000,0.0006559562
5638.2460000000,0.0006560137
5638.2700000000,0.0006560340
5638.2960000000,0.0006560914
5638.3190000000,0.0006561117
5638.3460000000,0.0006561691
5638.3700000000,0.0006561893
5638.3960000000,0.0006562467
5638.4190000000,0.0006562669
5638.4470000000,0.0006563242
5638.4690000000,0.0006563444
5638.4960000000,0.0006564016
5638.5190000000,0.0006564218
5638.5460000000,0.0006564790
5638.5680000000,0.0006564992
5638.5960000000,0.0006565563
5638.6190000000,0.0006565764
5638.6460000000,0.0006566335
5638.6690000000,0.0006566536
5638.6960000000,0.0006567106
5638.7190000000,0.0006567307
5638.7460000000,0.0006567877
5638.7690000000,0.0006568077
5638.7960000000,0.0006568646
5638.8190000000,0.0006568847
5638.8470000000,0.0006569415
5638.8690000000,0.0006569616
5638.8960000000,0.0006570183
5638.9200000000,0.0006570384
5638.9460000000,0.0006570950
5638.9690000000,0.0006571151
5638.9970000000,0.0006571717
5639.0190000000,0.0006571917
5639.0460000000,0.0006572483
5639.0690000000,0.0006572683
5639.0970000000,0.0006573249
5639.1190000000,0.0006573448
5639.1470000000,0.0006574013
5639.1690000000,0.0006574212
5639.1960000000,0.0006574777
5639.2190000000,0.0006574976
5639.2460000000,0.0006575540
5639.2690000000,0.0006575739
5639.2970000000,0.0006576303
5639.3190000000,0.0006576501
5639.3470000000,0.0006577064
5639.3690000000,0.0006577263
5639.3970000000,0.0006577825
5639.4190000000,0.0006578023
5639.4460000000,0.0006578585
5639.4700000000,0.0006578783
5639.4970000000,0.0006579344
5639.5190000000,0.0006579542
5639.5460000000,0.0006580102
5639.5690000000,0.0006580300
5639.5960000000,0.0006580860
5639.6200000000,0.0006581058
5639.6470000000,0.0006581617
5639.6700000000,0.0006581814
5639.6960000000,0.0006582373
5639.7190000000,0.0006582570
5639.7480000000,0.0006583128
5639.7690000000,0.0006583325
5639.7960000000,0.0006583882
5639.8190000000,0.0006584079
5639.8460000000,0.0006584636
5639.8700000000,0.0006584832
5639.8960000000,0.0006585389
5639.9190000000,0.0006585585
5639.9460000000,0.0006586141
5639.9700000000,0.0006586337
5639.9970000000,0.0006586892
5640.0190000000,0.0006587089
5640.0460000000,0.0006587643
5640.0690000000,0.0006587839
5640.0950000000,0.0006588393
5640.1190000000,0.0006588589
5640.1470000000,0.0006589142
5640.1700000000,0.0006589338
5640.1960000000,0.0006589891
5640.2190000000,0.0006590086
5640.2460000000,0.0006590639
5640.2690000000,0.0006590834
5640.2970000000,0.0006591387
5640.3190000000,0.0006591581
5640.3460000000,0.0006592133
5640.3690000000,0.0006592327
5640.3970000000,0.0006592878
5640.4190000000,0.0006593073
5640.4470000000,0.0006593624
5640.4690000000,0.0006593817
5640.4960000000,0.0006594367
5640.5200000000,0.0006594561
5640.5460000000,0.0006595111
5640.5690000000,0.0006595305
5640.5960000000,0.0006595853
5640.6190000000,0.0006596047
5640.6460000000,0.0006596595
5640.6690000000,0.0006596788
5640.6960000000,0.0006597336
5640.7190000000,0.0006597529
5640.7460000000,0.0006598076
5640.7670000000,0.0006598269
5640.7970000000,0.0006598816
5640.8190000000,0.0006599008
5640.8460000000,0.0006599554
5640.8700000000,0.0006599747
5640.8960000000,0.0006600292
5640.9190000000,0.0006600484
5640.9460000000,0.0006601029
5640.9700000000,0.0006601221
5640.9960000000,0.0006601766
5641.0200000000,0.0006601958
5641.0460000000,0.0006602501
5641.0690000000,0.0006602693
5641.0960000000,0.0006603237
5641.1190000000,0.0006603428
5641.1460000000,0.0006603971
5641.1690000000,0.0006604163
5641.1960000000,0.0006604705
5641.2200000000,0.0006604896
5641.2460000000,0.0006605438
5641.2700000000,0.0006605629
5641.2960000000,0.0006606170
5641.3190000000,0.0006606361
5641.3470000000,0.0006606902
5641.3690000000,0.0006607092
5641.3960000000,0.0006607632
5641.4200000000,0.0006607823
5641.4460000000,0.0006608362
5641.4690000000,0.0006608553
5641.4960000000,0.0006609092
5641.5200000000,0.0006609281
5641.5460000000,0.0006609820
5641.5690000000,0.0006610010
5641.5960000000,0.0006610547
5641.6200000000,0.0006610737
5641.6460000000,0.0006611274
5641.6700000000,0.0006611464
5641.6960000000,0.0006612001
5641.7200000000,0.0006612190
5641.7460000000,0.0006612727
5641.7690000000,0.0006612916
5641.7960000000,0.0006613452
5641.8190000000,0.0006613641
5641.8460000000,0.0006614176
5641.8690000000,0.0006614365
5641.8960000000,0.0006614900
5641.9190000000,0.0006615088
5641.9460000000,0.0006615623
5641.9690000000,0.0006615811
5641.9970000000,0.0006616344
5642.0200000000,0.0006616532
5642.0460000000,0.0006617066
5642.0690000000,0.0006617254
5642.0960000000,0.0006617787
5642.1200000000,0.0006617974
5642.1460000000,0.0006618507
5642.1690000000,0.0006618694
5642.1960000000,0.0006619226
5642.2200000000,0.0006619414
5642.2460000000,0.0006619945
5642.2700000000,0.0006620132
5642.2970000000,0.0006620663
5642.3190000000,0.0006620850
5642.3460000000,0.0006621380
5642.3700000000,0.0006621567
5642.3960000000,0.0006622096
5642.4190000000,0.0006622283
5642.4460000000,0.0006622812
5642.4690000000,0.0006622998
5642.4980000000,0.0006623527
5642.5200000000,0.0006623713
5642.5460000000,0.0006624241
5642.5700000000,0.0006624426
5642.5960000000,0.0006624954
5642.6190000000,0.0006625140
5642.6460000000,0.0006625667
5642.6690000000,0.0006625853
5642.6970000000,0.0006626380
5642.7200000000,0.0006626565
5642.7460000000,0.0006627091
5642.7690000000,0.0006627276
5642.7960000000,0.0006627802
5642.8210000000,0.0006627987
5642.8460000000,0.0006628512
5642.8690000000,0.0006628697
5642.8960000000,0.0006629221
5642.9190000000,0.0006629406
5642.9460000000,0.0006629929
5642.9690000000,0.0006630114
5642.9970000000,0.0006630637
5643.0200000000,0.0006630821
5643.0460000000,0.0006631344
5643.0690000000,0.0006631528
5643.0960000000,0.0006632050
5643.1200000000,0.0006632234
5643.1460000000,0.0006632757
5643.1690000000,0.0006632940
5643.1970000000,0.0006633461
5643.2190000000,0.0006633645
5643.2490000000,0.0006634166
5643.2690000000,0.0006634349
5643.2960000000,0.0006634869
5643.3190000000,0.0006635053
5643.3460000000,0.0006635573
5643.3690000000,0.0006635755
5643.3970000000,0.0006636275
5643.4190000000,0.0006636457
5643.4470000000,0.0006636976
5643.4690000000,0.0006637158
5643.4960000000,0.0006637677
5643.5190000000,0.0006637859
5643.5470000000,0.0006638377
5643.5690000000,0.0006638559
5643.5960000000,0.0006639077
5643.6200000000,0.0006639258
5643.6460000000,0.0006639775
5643.6700000000,0.0006639957
5643.6970000000,0.0006640473
5643.7190000000,0.0006640655
5643.7460000000,0.0006641170
5643.7690000000,0.0006641352
5643.7960000000,0.0006641867
5643.8190000000,0.0006642048
5643.8480000000,0.0006642563
5643.8690000000,0.0006642744
5643.8960000000,0.0006643258
5643.9190000000,0.0006643439
5643.9460000000,0.0006643952
5643.9690000000,0.0006644133
5643.9980000000,0.0006644645
5644.0190000000,0.0006644826
5644.0460000000,0.0006645339
5644.0690000000,0.0006645519
5644.0960000000,0.0006646031
5644.1200000000,0.0006646211
5644.1470000000,0.0006646723
5644.1690000000,0.0006646903
5644.1960000000,0.0006647414
5644.2190000000,0.0006647594
5644.2470000000,0.0006648104
5644.2700000000,0.0006648283
5644.2960000000,0.0006648794
5644.3190000000,0.0006648973
5644.3460000000,0.0006649483
5644.3690000000,0.0006649662
5644.3970000000,0.0006650172
5644.4190000000,0.0006650350
5644.4460000000,0.0006650859
5644.4700000000,0.0006651038
5644.4970000000,0.0006651546
5644.5190000000,0.0006651725
5644.5460000000,0.0006652232
5644.5700000000,0.0006652411
5644.5970000000,0.0006652918
5644.6200000000,0.0006653096
5644.6470000000,0.0006653602
5644.6700000000,0.0006653781
5644.6960000000,0.0006654286
5644.7190000000,0.0006654465
5644.7460000000,0.0006654970
5644.7690000000,0.0006655148
5644.7960000000,0.0006655653
5644.8200000000,0.0006655831
5644.8460000000,0.0006656335
5644.8690000000,0.0006656513
5644.8960000000,0.0006657017
5644.9190000000,0.0006657194
5644.9470000000,0.0006657697
5644.9690000000,0.0006657874
5644.9960000000,0.0006658377
5645.0200000000,0.0006658554
5645.0460000000,0.0006659057
5645.0690000000,0.0006659233
5645.0970000000,0.0006659735
5645.1190000000,0.0006659911
5645.1470000000,0.0006660413
5645.1690000000,0.0006660589
5645.1960000000,0.0006661090
5645.2190000000,0.0006661267
5645.2460000000,0.0006661767
5645.2700000000,0.0006661943
5645.2970000000,0.0006662443
5645.3190000000,0.0006662619
5645.3470000000,0.0006663118
5645.3690000000,0.0006663294
5645.3960000000,0.0006663793
5645.4190000000,0.0006663968
5645.4460000000,0.0006664466
5645.4690000000,0.0006664642
5645.4960000000,0.0006665139
5645.5200000000,0.0006665314
5645.5470000000,0.0006665812
5645.5720000000,0.0006665987
5645.5960000000,0.0006666484
5645.6180000000,0.0006666658
5645.6460000000,0.0006667155
5645.6690000000,0.0006667330
5645.6960000000,0.0006667826
5645.7200000000,0.0006668000
5645.7470000000,0.0006668495
5645.7690000000,0.0006668670
5645.7960000000,0.0006669164
5645.8200000000,0.0006669338
5645.8460000000,0.0006669833
5645.8720000000,0.0006670007
5645.8970000000,0.0006670501
5645.9200000000,0.0006670674
5645.9460000000,0.0006671168
5645.9700000000,0.0006671341
5645.9960000000,0.0006671834
5646.0210000000,0.0006672008
5646.0460000000,0.0006672500
5646.0690000000,0.0006672674
5646.0970000000,0.0006673165
5646.1190000000,0.0006673338
5646.1480000000,0.0006673830
5646.1700000000,0.0006674003
5646.1960000000,0.0006674493
5646.2190000000,0.0006674666
5646.2460000000,0.0006675157
5646.2690000000,0.0006675329
5646.2970000000,0.0006675819
5646.3190000000,0.0006675991
5646.3460000000,0.0006676481
5646.3690000000,0.0006676653
5646.3960000000,0.0006677142
5646.4200000000,0.0006677315
5646.4460000000,0.0006677803
5646.4690000000,0.0006677975
5646.4960000000,0.0006678462
5646.5190000000,0.0006678634
5646.5460000000,0.0006679121
5646.5700000000,0.0006679293
5646.5970000000,0.0006679780
5646.6190000000,0.0006679951
5646.6470000000,0.0006680438
5646.6690000000,0.0006680609
5646.6970000000,0.0006681095
5646.7190000000,0.0006681266
5646.7460000000,0.0006681752
5646.7700000000,0.0006681922
5646.7960000000,0.0006682407
5646.8190000000,0.0006682578
5646.8460000000,0.0006683063
5646.8690000000,0.0006683233
5646.8960000000,0.0006683717
5646.9200000000,0.0006683888
5646.9460000000,0.0006684372
5646.9690000000,0.0006684542
5646.9960000000,0.0006685025
5647.0190000000,0.0006685195
5647.0460000000,0.0006685677
5647.0690000000,0.0006685847
5647.0960000000,0.0006686329
5647.1190000000,0.0006686499
5647.1460000000,0.0006686980
5647.1690000000,0.0006687149
5647.1960000000,0.0006687631
5647.2200000000,0.0006687800
5647.2460000000,0.0006688281
5647.2690000000,0.0006688450
5647.2970000000,0.0006688930
5647.3200000000,0.0006689099
5647.3470000000,0.0006689578
5647.3700000000,0.0006689747
5647.3970000000,0.0006690226
5647.4190000000,0.0006690395
5647.4460000000,0.0006690874
5647.4700000000,0.0006691042
5647.4980000000,0.0006691521
5647.5190000000,0.0006691689
5647.5470000000,0.0006692167
5647.5690000000,0.0006692335
5647.5990000000,0.0006692812
5647.6190000000,0.0006692981
5647.6460000000,0.0006693457
5647.6690000000,0.0006693625
5647.6960000000,0.0006694101
5647.7200000000,0.0006694269
5647.7460000000,0.0006694745
5647.7690000000,0.0006694912
5647.7980000000,0.0006695388
5647.8200000000,0.0006695555
5647.8460000000,0.0006696030
5647.8690000000,0.0006696197
5647.8960000000,0.0006696671
5647.9200000000,0.0006696839
5647.9460000000,0.0006697312
5647.9690000000,0.0006697479
5647.9960000000,0.0006697953
5648.0200000000,0.0006698120
5648.0460000000,0.0006698593
5648.0690000000,0.0006698759
5648.0960000000,0.0006699232
5648.1190000000,0.0006699399
5648.1460000000,0.0006699871
5648.1690000000,0.0006700037
5648.1960000000,0.0006700509
5648.2190000000,0.0006700674
5648.2460000000,0.0006701146
5648.2700000000,0.0006701312
5648.2970000000,0.0006701783
5648.3190000000,0.0006701949
5648.3460000000,0.0006702419
5648.3700000000,0.0006702584
5648.3960000000,0.0006703054
5648.4190000000,0.0006703219
5648.4460000000,0.0006703688
5648.4690000000,0.0006703854
5648.4960000000,0.0006704322
5648.5190000000,0.0006704487
5648.5460000000,0.0006704956
5648.5690000000,0.0006705120
5648.5960000000,0.0006705588
5648.6200000000,0.0006705753
5648.6470000000,0.0006706220
5648.6690000000,0.0006706385
5648.6960000000,0.0006706852
5648.7190000000,0.0006707016
5648.7460000000,0.0006707482
5648.7700000000,0.0006707647
5648.7960000000,0.0006708113
5648.8190000000,0.0006708277
5648.8460000000,0.0006708743
5648.8690000000,0.0006708906
5648.8960000000,0.0006709371
5648.9190000000,0.0006709535
5648.9460000000,0.0006709999
5648.9690000000,0.0006710163
5648.9970000000,0.0006710627
5649.0190000000,0.0006710790
5649.0470000000,0.0006711254
5649.0690000000,0.0006711417
5649.0970000000,0.0006711880
5649.1200000000,0.0006712043
5649.1460000000,0.0006712506
5649.1700000000,0.0006712669
5649.1960000000,0.0006713131
5649.2210000000,0.0006713294
5649.2460000000,0.0006713756
5649.2690000000,0.0006713919
5649.2970000000,0.0006714381
5649.3190000000,0.0006714543
5649.3470000000,0.0006715004
5649.3690000000,0.0006715166
5649.3960000000,0.0006715627
5649.4220000000,0.0006715789
5649.4480000000,0.0006716249
5649.4690000000,0.0006716411
5649.4960000000,0.0006716870
5649.5200000000,0.0006717032
5649.5460000000,0.0006717491
5649.5690000000,0.0006717653
5649.5960000000,0.0006718112
5649.6190000000,0.0006718273
5649.6470000000,0.0006718731
5649.6690000000,0.0006718892
5649.6960000000,0.0006719350
5649.7200000000,0.0006719511
5649.7470000000,0.0006719969
5649.7690000000,0.0006720130
5649.7970000000,0.0006720587
5649.8200000000,0.0006720747
5649.8460000000,0.0006721204
5649.8690000000,0.0006721364
5649.8960000000,0.0006721820
5649.9190000000,0.0006721981
5649.9480000000,0.0006722436
5649.9690000000,0.0006722597
5649.9950000000,0.0006723052
5650.0200000000,0.0006723212
5650.0460000000,0.0006723666
5650.0690000000,0.0006723827
5650.0970000000,0.0006724281
5650.1200000000,0.0006724441
5650.1470000000,0.0006724894
5650.1690000000,0.0006725054
5650.1960000000,0.0006725507
5650.2200000000,0.0006725666
5650.2460000000,0.0006726119
5650.2690000000,0.0006726279
5650.2960000000,0.0006726731
5650.3190000000,0.0006726891
5650.3460000000,0.0006727342
5650.3690000000,0.0006727501
5650.3970000000,0.0006727952
5650.4210000000,0.0006728111
5650.4460000000,0.0006728562
5650.4690000000,0.0006728721
5650.4960000000,0.0006729172
5650.5200000000,0.0006729331
5650.5470000000,0.0006729781
5650.5690000000,0.0006729939
5650.5970000000,0.0006730388
5650.6190000000,0.0006730547
5650.6460000000,0.0006730996
5650.6700000000,0.0006731154
5650.6960000000,0.0006731603
5650.7200000000,0.0006731761
5650.7460000000,0.0006732209
5650.7690000000,0.0006732367
5650.7980000000,0.0006732814
5650.8190000000,0.0006732972
5650.8460000000,0.0006733419
5650.8700000000,0.0006733577
5650.8960000000,0.0006734024
5650.9190000000,0.0006734181
5650.9460000000,0.0006734628
5650.9700000000,0.0006734785
5650.9960000000,0.0006735231
5651.0200000000,0.0006735388
5651.0470000000,0.0006735833
5651.0690000000,0.0006735990
5651.0980000000,0.0006736435
5651.1190000000,0.0006736591
5651.1460000000,0.0006737036
5651.1690000000,0.0006737193
5651.1960000000,0.0006737637
5651.2200000000,0.0006737793
5651.2460000000,0.0006738237
5651.2690000000,0.0006738393
5651.2960000000,0.0006738837
5651.3210000000,0.0006738993
5651.3490000000,0.0006739435
5651.3700000000,0.0006739591
5651.3960000000,0.0006740034
5651.4190000000,0.0006740190
5651.4460000000,0.0006740632
5651.4700000000,0.0006740787
5651.4960000000,0.0006741228
5651.5200000000,0.0006741384
5651.5470000000,0.0006741825
5651.5700000000,0.0006741980
5651.5960000000,0.0006742421
5651.6190000000,0.0006742576
5651.6470000000,0.0006743016
5651.6690000000,0.0006743171
5651.6960000000,0.0006743611
5651.7190000000,0.0006743766
5651.7470000000,0.0006744206
5651.7690000000,0.0006744206
5651.7960000000,0.0006744644
5651.8190000000,0.0007374862
5651.8460000000,0.0007374862
5651.8680000000,0.0007374862
5651.8960000000,0.0007441362
5651.9190000000,0.0007463718
5651.9470000000,0.0007463718
5651.9710000000,0.0007463718
5651.9970000000,0.0007523568
5652.0190000000,0.0007543690
5652.0460000000,0.0007543690
5652.0690000000,0.0007543690
5652.0960000000,0.0007597555
5652.1200000000,0.0007615664
5652.1460000000,0.0007615664
5652.1690000000,0.0007615664
5652.1950000000,0.0007664143
5652.2200000000,0.0007680441
5652.2460000000,0.0007680441
5652.2700000000,0.0007680441
5652.2980000000,0.0007680441
5652.3190000000,0.0007695109
5652.3460000000,0.0007738741
5652.3690000000,0.0007738741
5652.3960000000,0.0007738741
5652.4190000000,0.0007738741
5652.4470000000,0.0007778009
5652.4700000000,0.0007791211
5652.4960000000,0.0007791211
5652.5210000000,0.0007791211
5652.5460000000,0.0007791211
5652.5690000000,0.0007803092
5652.5970000000,0.0007838434
5652.6190000000,0.0007838434
5652.6470000000,0.0007838434
5652.6690000000,0.0007853149
5652.6960000000,0.0007884957
5652.7200000000,0.0007884957
5652.7460000000,0.0007884957
5652.7690000000,0.0007898200
5652.7960000000,0.0007926828
5652.8210000000,0.0007926828
5652.8460000000,0.0007926828
5652.8690000000,0.0007926828
5652.8970000000,0.0007952593
5652.9190000000,0.0007964512
5652.9460000000,0.0007964512
5652.9690000000,0.0007964512
5652.9970000000,0.0007964512
5653.0200000000,0.0007975239
5653.0460000000,0.0007998429
5653.0700000000,0.0007998429
5653.0980000000,0.0007998429
5653.1200000000,0.0008008083
5653.1470000000,0.0008028953
5653.1690000000,0.0008028953
5653.1970000000,0.0008028953
5653.2200000000,0.0008037642
5653.2460000000,0.0008056426
5653.2700000000,0.0008056426
5653.2960000000,0.0008056426
5653.3200000000,0.0008064246
5653.3460000000,0.0008081152
5653.3690000000,0.0008081152
5653.3960000000,0.0008081152
5653.4200000000,0.0008081152
5653.4470000000,0.0008096367
5653.4700000000,0.0008103405
5653.4960000000,0.0008103405
5653.5200000000,0.0008103405
5653.5460000000,0.0008103405
5653.5690000000,0.0008109739
5653.5970000000,0.0008123568
5653.6190000000,0.0008123568
5653.6460000000,0.0008123568
5653.6690000000,0.0008129269
5653.6960000000,0.0008141714
5653.7210000000,0.0008141714
5653.7460000000,0.0008141714
5653.7690000000,0.0008146845
5653.7960000000,0.0008158046
5653.8190000000,0.0008158046
5653.8460000000,0.0008158046
5653.8690000000,0.0008162663
5653.8960000000,0.0008172744
5653.9190000000,0.0008172744
5653.9460000000,0.0008172744
5653.9690000000,0.0008176900
5653.9960000000,0.0008185973
5654.0200000000,0.0008185973
5654.0460000000,0.0008185973
5654.0690000000,0.0008189714
5654.0960000000,0.0008197879
5654.1190000000,0.0008197879
5654.1470000000,0.0008197879
5654.1690000000,0.0008201245
5654.1970000000,0.0008208594
5654.2190000000,0.0008208594
5654.2460000000,0.0008208594
5654.2700000000,0.0008211624
5654.2960000000,0.0008218238
5654.3190000000,0.0008218238
5654.3460000000,0.0008218238
5654.3690000000,0.0008220964
5654.3970000000,0.0008226917
5654.4190000000,0.0008226917
5654.4460000000,0.0008226917
5654.4690000000,0.0008229371
5654.4960000000,0.0008234728
5654.5190000000,0.0008234728
5654.5460000000,0.0008234728
5654.5690000000,0.0008236936
5654.5960000000,0.0008241758
5654.6190000000,0.0008241758
5654.6460000000,0.0008241758
5654.6690000000,0.0008243746
5654.6970000000,0.0008248085
5654.7190000000,0.0008248085
5654.7460000000,0.0008248085
5654.7700000000,0.0008249874
5654.7970000000,0.0008253779
5654.8200000000,0.0008253779
5654.8460000000,0.0008253779
5654.8690000000,0.0008255389
5654.8970000000,0.0008258905
5654.9190000000,0.0008258905
5654.9460000000,0.0008258905
5654.9690000000,0.0008260353
5654.9960000000,0.0008263517
5655.0190000000,0.0008263517
5655.0480000000,0.0008263517
5655.0690000000,0.0008264821
5655.0970000000,0.0008267668
5655.1190000000,0.0008267668
5655.1470000000,0.0008267668
5655.1690000000,0.0008268842
5655.1960000000,0.0008271404
5655.2190000000,0.0008271404
5655.2460000000,0.0008271404
5655.2700000000,0.0008272461
5655.2970000000,0.0008274767
5655.3190000000,0.0008274767
5655.3460000000,0.0008274767
5655.3700000000,0.0008275717
5655.3970000000,0.0008277793
5655.4190000000,0.0008277793
5655.4470000000,0.0008277793
5655.4690000000,0.0008278649
5655.4960000000,0.0008280516
5655.5200000000,0.0008280516
5655.5460000000,0.0008280516
5655.5690000000,0.0008281287
5655.5970000000,0.0008282968
5655.6190000000,0.0008282968
5655.6460000000,0.0008282968
5655.6690000000,0.0008283661
5655.6970000000,0.0008285174
5655.7190000000,0.0008285174
5655.7460000000,0.0008285174
5655.7690000000,0.0008285798
5655.7960000000,0.0008287159
5655.8190000000,0.0008287159
5655.8470000000,0.0008287159
5655.8690000000,0.0008287720
5655.8960000000,0.0008288946
5655.9190000000,0.0008288946
5655.9460000000,0.0008288946
5655.9690000000,0.0008289451
5655.9970000000,0.0008290554
5656.0200000000,0.0008290554
5656.0460000000,0.0008290554
5656.0700000000,0.0008291009
5656.0960000000,0.0008292001
5656.1190000000,0.0008292001
5656.1460000000,0.0008292001
5656.1710000000,0.0008292411
5656.1980000000,0.0008293304
5656.2190000000,0.0008293304
5656.2470000000,0.0008293304
5656.2690000000,0.0008293673
5656.2960000000,0.0008294476
5656.3200000000,0.0008294476
5656.3460000000,0.0008294476
5656.3700000000,0.0008294808
5656.3970000000,0.0008295532
5656.4190000000,0.0008295532
5656.4460000000,0.0008295532
5656.4690000000,0.0008295830
5656.4960000000,0.0008296482
5656.5200000000,0.0008296482
5656.5460000000,0.0008296482
5656.5690000000,0.0008296750
5656.5950000000,0.0008297336
5656.6190000000,0.0008297336
5656.6470000000,0.0008297336
5656.6700000000,0.0008297578
5656.6960000000,0.0008298105
5656.7190000000,0.0008298105
5656.7460000000,0.0008298105
5656.7690000000,0.0008298323
5656.7990000000,0.0008298798
5656.8190000000,0.0008298798
5656.8460000000,0.0008298798
5656.8690000000,0.0008298993
5656.8970000000,0.0008299421
5656.9190000000,0.0008299421
5656.9470000000,0.0008299421
5656.9690000000,0.0008299597
5656.9960000000,0.0008299982
5657.0190000000,0.0008299982
5657.0460000000,0.0008299982
5657.0700000000,0.0008300140
5657.0960000000,0.0008300486
5657.1190000000,0.0008300486
5657.1460000000,0.0008300486
5657.1710000000,0.0008300629
5657.1970000000,0.0008300940
5657.2200000000,0.0008300940
5657.2470000000,0.0008300940
5657.2690000000,0.0008301069
5657.2970000000,0.0008301350
5657.3190000000,0.0008301350
5657.3470000000,0.0008301350
5657.3690000000,0.0008301465
5657.3960000000,0.0008301718
5657.4200000000,0.0008301718
5657.4460000000,0.0008301718
5657.4690000000,0.0008301822
5657.4970000000,0.0008302049
5657.5190000000,0.0008302049
5657.5460000000,0.0008302049
5657.5690000000,0.0008302143
5657.5970000000,0.0008302347
5657.6200000000,0.0008302347
5657.6460000000,0.0008302347
5657.6690000000,0.0008302432
5657.6960000000,0.0008302616
5657.7190000000,0.0008302616
5657.7460000000,0.0008302616
5657.7710000000,0.0008302691
5657.7960000000,0.0008302857
5657.8200000000,0.0008302857
5657.8460000000,0.0008302857
5657.8690000000,0.0008302925
5657.8960000000,0.0008303074
5657.9190000000,0.0008303074
5657.9460000000,0.0008303074
5657.9710000000,0.0008303135
5657.9960000000,0.0008303269
5658.0190000000,0.0008303269
5658.0480000000,0.0008303269
5658.0700000000,0.0008303325
5658.0960000000,0.0008303445
5658.1200000000,0.0008303445
5658.1460000000,0.0008303445
5658.1710000000,0.0008303495
5658.1970000000,0.0008303603
5658.2190000000,0.0008303603
5658.2460000000,0.0008303603
5658.2690000000,0.0008303648
5658.2960000000,0.0008303746
5658.3190000000,0.0008303746
5658.3470000000,0.0008303746
5658.3690000000,0.0008303786
5658.3980000000,0.0008303874
5658.4190000000,0.0008303874
5658.4460000000,0.0008303874
5658.4690000000,0.0008303910
5658.4970000000,0.0008303989
5658.5200000000,0.0008303989
5658.5470000000,0.0008303989
5658.5690000000,0.0008304022
5658.5960000000,0.0008304093
5658.6200000000,0.0008304093
5658.6460000000,0.0008304093
5658.6700000000,0.0008304122
5658.6960000000,0.0008304186
5658.7190000000,0.0008304186
5658.7460000000,0.0008304186
5658.7690000000,0.0008304212
5658.7980000000,0.0008304270
5658.8190000000,0.0008304270
5658.8460000000,0.0008304270
5658.8710000000,0.0008304294
5658.8960000000,0.0008304346
5658.9190000000,0.0008304346
5658.9460000000,0.0008304346
5658.9700000000,0.0008304367
5658.9960000000,0.0008304414
5659.0190000000,0.0008304414
5659.0470000000,0.0008304414
5659.0690000000,0.0008304433
5659.0960000000,0.0008304475
5659.1190000000,0.0008304475
5659.1470000000,0.0008304475
5659.1700000000,0.0008304492
5659.1960000000,0.0008304530
5659.2190000000,0.0008304530
5659.2460000000,0.0008304530
5659.2690000000,0.0008304546
5659.2970000000,0.0008304580
5659.3190000000,0.0008304580
5659.3460000000,0.0008304580
5659.3690000000,0.0008304594
5659.3960000000,0.0008304625
5659.4190000000,0.0008304625
5659.4480000000,0.0008304625
5659.4690000000,0.0008304638
5659.4960000000,0.0008304665
5659.5190000000,0.0008304665
5659.5460000000,0.0008304665
5659.5690000000,0.0008304677
5659.5970000000,0.0008304702
5659.6190000000,0.0008304702
5659.6480000000,0.0008304702
5659.6690000000,0.0008304712
5659.6970000000,0.0008304734
5659.7190000000,0.0008304734
5659.7470000000,0.0008304734
5659.7700000000,0.0008304744
5659.7960000000,0.0008304764
5659.8200000000,0.0008304764
5659.8470000000,0.0008304764
5659.8690000000,0.0008304772
5659.8960000000,0.0008304790
5659.9190000000,0.0008304790
5659.9460000000,0.0008304790
5659.9700000000,0.0008304798
5659.9970000000,0.0008304814
5660.0190000000,0.0008304814
5660.0460000000,0.0008304814
5660.0690000000,0.0008304821
5660.0970000000,0.0008304836
5660.1200000000,0.0008304836
5660.1460000000,0.0008304836
5660.1690000000,0.0008304841
5660.1960000000,0.0008304855
5660.2190000000,0.0008304855
5660.2460000000,0.0008304855
5660.2690000000,0.0008304860
5660.2960000000,0.0008304872
5660.3190000000,0.0008304872
5660.3470000000,0.0008304872
5660.3690000000,0.0008304876
5660.3960000000,0.0008304887
5660.4190000000,0.0008304887
5660.4460000000,0.0008304887
5660.4710000000,0.0008304892
5660.4970000000,0.0008304901
5660.5200000000,0.0008304901
5660.5470000000,0.0008304901
5660.5710000000,0.0008304905
5660.5960000000,0.0008304914
5660.6200000000,0.0008304914
5660.6460000000,0.0008304914
5660.6690000000,0.0008304918
5660.6960000000,0.0008304925
5660.7190000000,0.0008304925
5660.7470000000,0.0008304925
5660.7700000000,0.0008304929
5660.7970000000,0.0008304936
5660.8190000000,0.0008304936
5660.8460000000,0.0008304936
5660.8690000000,0.0008304939
5660.8960000000,0.0008304945
5660.9190000000,0.0008304945
5660.9460000000,0.0008304945
5660.9690000000,0.0008304947
5660.9970000000,0.0008304953
5661.0190000000,0.0008304953
5661.0460000000,0.0008304953
5661.0690000000,0.0008304956
5661.0960000000,0.0008304961
5661.1190000000,0.0008304961
5661.1480000000,0.0008304961
5661.1690000000,0.0008304963
5661.1960000000,0.0008304968
5661.2190000000,0.0008304968
5661.2460000000,0.0008304968
5661.2710000000,0.0008304970
5661.2960000000,0.0008304974
5661.3190000000,0.0008304974
5661.3460000000,0.0008304974
5661.3690000000,0.0008304975
5661.3960000000,0.0008304979
5661.4200000000,0.0008304979
5661.4460000000,0.0008304979
5661.4700000000,0.0008304981
5661.4960000000,0.0008304984
5661.5200000000,0.0008304984
5661.5470000000,0.0008304984
5661.5690000000,0.0008304985
5661.5950000000,0.0008304988
5661.6190000000,0.0008304988
5661.6460000000,0.0008304988
5661.6690000000,0.0008304989
5661.6960000000,0.0008304992
5661.7190000000,0.0008304992
5661.7460000000,0.0008304992
5661.7690000000,0.0008304993
5661.7960000000,0.0008304996
5661.8190000000,0.0008304996
5661.8460000000,0.0008304996
5661.8690000000,0.0008304997
5661.8960000000,0.0008304999
5661.9190000000,0.0008304999
5661.9470000000,0.0008304999
5661.9700000000,0.0008305000
5661.9970000000,0.0008305002
5662.0200000000,0.0008305002
5662.0460000000,0.0008305002
5662.0690000000,0.0008305003
5662.0960000000,0.0008305004
5662.1190000000,0.0008305004
5662.1470000000,0.0008305004
5662.1690000000,0.0008305005
5662.1960000000,0.0008305007
5662.2190000000,0.0008305007
5662.2460000000,0.0008305007
5662.2690000000,0.0008305007
5662.2970000000,0.0008305009
5662.3190000000,0.0008305009
5662.3470000000,0.0008305009
5662.3690000000,0.0008305009
5662.3970000000,0.0008305010
5662.4190000000,0.0008305010
5662.4460000000,0.0008305010
5662.4690000000,0.0008305011
5662.4960000000,0.0008305012
5662.5200000000,0.0008305012
5662.5460000000,0.0008305012
5662.5700000000,0.0008305013
5662.5960000000,0.0008305014
5662.6190000000,0.0008305014
5662.6470000000,0.0008305014
5662.6690000000,0.0008305014
5662.6960000000,0.0008305016
5662.7190000000,0.0008305016
5662.7460000000,0.0008305016
5662.7690000000,0.0008305016
5662.7960000000,0.0008305017
5662.8190000000,0.0008305017
5662.8460000000,0.0008305017
5662.8690000000,0.0008305017
5662.8960000000,0.0008305018
5662.9200000000,0.0008305018
5662.9460000000,0.0008305018
5662.9700000000,0.0008305018
5662.9960000000,0.0008305019
5663.0200000000,0.0008305019
5663.0470000000,0.0008305019
5663.0690000000,0.0008305019
5663.0960000000,0.0008305020
5663.1190000000,0.0008305020
5663.1460000000,0.0008305020
5663.1690000000,0.0008305020
5663.1960000000,0.0008305020
5663.2190000000,0.0008305020
5663.2460000000,0.0008305020
5663.2690000000,0.0008305020
5663.2960000000,0.0008305021
5663.3200000000,0.0008305021
5663.3460000000,0.0008305021
5663.3690000000,0.0008305021
5663.3990000000,0.0008305021
5663.4190000000,0.0008305021
5663.4460000000,0.0008305021
5663.4690000000,0.0008305021
5663.4960000000,0.0008305022
5663.5190000000,0.0008305022
5663.5460000000,0.0008305022
5663.5690000000,0.0008305022
5663.5960000000,0.0008305022
5663.6200000000,0.0008305022
5663.6460000000,0.0008305022
5663.6700000000,0.0008305022
5663.6960000000,0.0008305023
5663.7190000000,0.0008305023
5663.7460000000,0.0008305023
5663.7690000000,0.0008305023
5663.7960000000,0.0008305024
5663.8200000000,0.0008305024
5663.8460000000,0.0008305024
5663.8690000000,0.0008305024
5663.8960000000,0.0008305024
5663.9190000000,0.0008305024
5663.9470000000,0.0008305024
5663.9700000000,0.0008305024
5663.9960000000,0.0008305024
5664.0190000000,0.0008305024
5664.0460000000,0.0008305024
5664.0690000000,0.0008305024
5664.0970000000,0.0008305024
5664.1200000000,0.0008305024
5664.1470000000,0.0008305024
5664.1690000000,0.0008305024
5664.1960000000,0.0008305024
5664.2190000000,0.0008305024
5664.2460000000,0.0008305024
5664.2690000000,0.0008305024
5664.2960000000,0.0008305024
5664.3190000000,0.0008305024
5664.3460000000,0.0008305024
5664.3690000000,0.0008305024
5664.3960000000,0.0008305024
5664.4190000000,0.0008305024
5664.4480000000,0.0008305024
5664.4700000000,0.0008305024
5664.4960000000,0.0008305024
5664.5190000000,0.0008305024
5664.5460000000,0.0008305024
5664.5690000000,0.0008305024
5664.5970000000,0.0008305024
5664.6190000000,0.0008305024
5664.6470000000,0.0008305024
5664.6690000000,0.0008305024
5664.6960000000,0.0008305024
5664.7190000000,0.0008305024
5664.7460000000,0.0008305024
5664.7700000000,0.0008305024
5664.7980000000,0.0008305024
5664.8200000000,0.0008305024
5664.8470000000,0.0008305024
5664.8690000000,0.0008305024
5664.8970000000,0.0008305024
5664.9210000000,0.0008305024
5664.9460000000,0.0008305024
5664.9690000000,0.0008305024
5664.9960000000,0.0008305024
5665.0200000000,0.0008305024
5665.0470000000,0.0008305024
5665.0690000000,0.0008305024
5665.0960000000,0.0008305024
5665.1190000000,0.0008305024
5665.1470000000,0.0008305024
5665.1690000000,0.0008305024
5665.1960000000,0.0008305024
5665.2200000000,0.0008305024
5665.2460000000,0.0008305024
5665.2690000000,0.0008305024
5665.2960000000,0.0008305024
5665.3190000000,0.0008305024
5665.3470000000,0.0008305024
5665.3690000000,0.0008305024
5665.3970000000,0.0008305024
5665.4190000000,0.0008305024
5665.4460000000,0.0008305024
5665.4690000000,0.0008305024
5665.4970000000,0.0008305024
5665.5190000000,0.0008305024
5665.5480000000,0.0008305024
5665.5690000000,0.0008305024
5665.5990000000,0.0008305024
5665.6190000000,0.0008305024
5665.6460000000,0.0008305024
5665.6690000000,0.0008305024
5665.6960000000,0.0008305024
5665.7200000000,0.0008305024
5665.7470000000,0.0008305024
5665.7700000000,0.0008305024
5665.7970000000,0.0008305024
5665.8190000000,0.0008305024
5665.8460000000,0.0008305024
5665.8690000000,0.0008305024
5665.8970000000,0.0008305024
5665.9190000000,0.0008305024
5665.9470000000,0.0008305024
5665.9690000000,0.0008305024
5665.9970000000,0.0008305024
5666.0190000000,0.0008305024
5666.0470000000,0.0008305024
5666.0700000000,0.0008305024
5666.0960000000,0.0008305024
5666.1190000000,0.0008305024
5666.1470000000,0.0008305024
5666.1690000000,0.0008305024
5666.1970000000,0.0008305024
5666.2190000000,0.0008305024
5666.2460000000,0.0008305024
5666.2700000000,0.0008305024
5666.2960000000,0.0008305024
5666.3200000000,0.0008305024
5666.3460000000,0.0008305024
5666.3700000000,0.0008305024
5666.3970000000,0.0008305024
5666.4200000000,0.0008305024
5666.4460000000,0.0008305024
5666.4690000000,0.0008305024
5666.4960000000,0.0008305024
5666.5210000000,0.0008305024
5666.5460000000,0.0008305024
5666.5690000000,0.0008305024
5666.5980000000,0.0008305024
5666.6190000000,0.0008305024
5666.6460000000,0.0008305024
5666.6690000000,0.0008305024
5666.6960000000,0.0008305024
5666.7200000000,0.0008305024
5666.7470000000,0.0008305024
5666.7690000000,0.0008305024
5666.7960000000,0.0008305024
5666.8200000000,0.0008305024
5666.8460000000,0.0008305024
5666.8700000000,0.0008305024
5666.8960000000,0.0008305024
5666.9190000000,0.0008305024
5666.9460000000,0.0008305024
5666.9700000000,0.0008305024
5666.9960000000,0.0008305024
5667.0190000000,0.0008305024
5667.0460000000,0.0008305024
5667.0690000000,0.0008305024
5667.0960000000,0.0008305024
5667.1210000000,0.0008305024
5667.1460000000,0.0008305024
5667.1700000000,0.0008305024
5667.1970000000,0.0008305024
5667.2190000000,0.0008305024
5667.2470000000,0.0008305024
5667.2690000000,0.0008305024
5667.2970000000,0.0008305024
5667.3190000000,0.0008305024
5667.3470000000,0.0008305024
5667.3690000000,0.0008305024
5667.3960000000,0.0008305024
5667.4190000000,0.0008305024
5667.4460000000,0.0008305024
5667.4700000000,0.0008305024
5667.4970000000,0.0008305024
5667.5190000000,0.0008305024
5667.5460000000,0.0008305024
5667.5700000000,0.0008305024
5667.5960000000,0.0008305024
5667.6190000000,0.0008305024
5667.6470000000,0.0008305024
5667.6690000000,0.0008305024
5667.6970000000,0.0008305024
5667.7210000000,0.0008305024
5667.7470000000,0.0008305024
5667.7700000000,0.0008305024
5667.7970000000,0.0008305024
5667.8200000000,0.0008305024
5667.8460000000,0.0008305024
5667.8700000000,0.0008305024
5667.8970000000,0.0008305024
5667.9190000000,0.0008305024
5667.9460000000,0.0008305024
5667.9690000000,0.0008305024
5667.9960000000,0.0008305024
5668.0210000000,0.0008305024
5668.0460000000,0.0008305024
5668.0700000000,0.0008305024
5668.0960000000,0.0008305024
5668.1200000000,0.0008305024
5668.1470000000,0.0008305024
5668.1690000000,0.0008305024
5668.1980000000,0.0008305024
5668.2190000000,0.0008305024
5668.2480000000,0.0008305024
5668.2690000000,0.0008305024
5668.2960000000,0.0008305024
5668.3190000000,0.0008305024
5668.3460000000,0.0008305024
5668.3690000000,0.0008305024
5668.3980000000,0.0008305024
5668.4190000000,0.0008305024
5668.4460000000,0.0008305024
5668.4690000000,0.0008305024
5668.4960000000,0.0008305024
5668.5190000000,0.0008305024
5668.5460000000,0.0008305024
5668.5700000000,0.0008305024
5668.5970000000,0.0008305024
5668.6190000000,0.0008305024
5668.6470000000,0.0008305024
5668.6690000000,0.0008305024
5668.6960000000,0.0008305024
5668.7190000000,0.0008305024
5668.7470000000,0.0008305024
5668.7700000000,0.0008305024
5668.7960000000,0.0008305024
5668.8200000000,0.0008305024
5668.8460000000,0.0008305024
5668.8690000000,0.0008305024
5668.8970000000,0.0008305024
5668.9190000000,0.0008305024
5668.9470000000,0.0008305024
5668.9690000000,0.0008305024
5668.9960000000,0.0008305024
5669.0190000000,0.0008305024
5669.0460000000,0.0008305024
5669.0690000000,0.0008305024
5669.0960000000,0.0008305024
5669.1190000000,0.0008305024
5669.1460000000,0.0008305024
5669.1690000000,0.0008305024
5669.1970000000,0.0008305024
5669.2190000000,0.0008305024
5669.2460000000,0.0008305024
5669.2690000000,0.0008305024
5669.2960000000,0.0008305024
5669.3190000000,0.0008305024
5669.3460000000,0.0008305024
5669.3690000000,0.0008305024
5669.3970000000,0.0008305024
5669.4190000000,0.0008305024
5669.4460000000,0.0008305024
5669.4710000000,0.0008305024
5669.4960000000,0.0008305024
5669.5200000000,0.0008305024
5669.5460000000,0.0008305024
5669.5690000000,0.0008305024
5669.5970000000,0.0008305024
5669.6190000000,0.0008305024
5669.6460000000,0.0008305024
5669.6700000000,0.0008305024
5669.6960000000,0.0008305024
5669.7190000000,0.0008305024
5669.7460000000,0.0008305024
5669.7690000000,0.0008305024
5669.7980000000,0.0008305024
5669.8190000000,0.0008305024
5669.8460000000,0.0008305024
5669.8690000000,0.0008305024
5669.8960000000,0.0008305024
5669.9210000000,0.0008305024
5669.9470000000,0.0008305024
5669.9690000000,0.0008305024
5669.9960000000,0.0008305024
5670.0200000000,0.0008305024
5670.0460000000,0.0008305024
5670.0690000000,0.0008305024
5670.0970000000,0.0008305024
5670.1190000000,0.0008305024
5670.1460000000,0.0008305024
5670.1690000000,0.0008305024
5670.1960000000,0.0008305024
5670.2200000000,0.0008305024
5670.2470000000,0.0008305024
5670.2690000000,0.0008305024
5670.2960000000,0.0008305024
5670.3190000000,0.0008305024
5670.3460000000,0.0008305024
5670.3690000000,0.0008305024
5670.3960000000,0.0008305024
5670.4210000000,0.0008305024
5670.4460000000,0.0008305024
5670.4690000000,0.0008305024
5670.4960000000,0.0008305024
5670.5210000000,0.0008305024
5670.5460000000,0.0008305024
5670.5700000000,0.0008305024
5670.5960000000,0.0008305024
5670.6190000000,0.0008305024
5670.6470000000,0.0008305024
5670.6690000000,0.0008305024
5670.6970000000,0.0008305024
5670.7190000000,0.0008305024
5670.7470000000,0.0008305024
5670.7690000000,0.0008305024
5670.7960000000,0.0008305024
5670.8210000000,0.0008305024
5670.8470000000,0.0008305024
5670.8690000000,0.0008305024
5670.8970000000,0.0008305024
5670.9190000000,0.0008305024
5670.9460000000,0.0008305024
5670.9700000000,0.0008305024
5670.9960000000,0.0008305024
5671.0200000000,0.0008305024
5671.0480000000,0.0008305024
5671.0690000000,0.0008305024
5671.0960000000,0.0008305024
5671.1190000000,0.0008305024
5671.1460000000,0.0008305024
5671.1690000000,0.0008305024
5671.1960000000,0.0008305024
5671.2200000000,0.0008305024
5671.2470000000,0.0008305024
5671.2690000000,0.0008305024
5671.2960000000,0.0008305024
5671.3190000000,0.0008305024
5671.3460000000,0.0008305024
5671.3700000000,0.0008305024
5671.3960000000,0.0008305024
5671.4190000000,0.0008305024
5671.4470000000,0.0008305024
5671.4690000000,0.0008305024
5671.4970000000,0.0008305024
5671.5190000000,0.0008305024
5671.5460000000,0.0008305024
5671.5710000000,0.0008305024
5671.5960000000,0.0008305024
5671.6200000000,0.0008305024
5671.6460000000,0.0008305024
5671.6700000000,0.0008305024
5671.6980000000,0.0008305024
5671.7190000000,0.0008305024
5671.7460000000,0.0008305024
5671.7690000000,0.0008305024
5671.7970000000,0.0008305024
5671.8190000000,0.0008305024
5671.8460000000,0.0008305024
5671.8690000000,0.0008305024
5671.8960000000,0.0008305024
5671.9190000000,0.0008305024
5671.9460000000,0.0008305024
5671.9690000000,0.0008305024
5671.9960000000,0.0008305024
5672.0190000000,0.0008305024
5672.0470000000,0.0008305024
5672.0690000000,0.0008305024
5672.0960000000,0.0008305024
5672.1190000000,0.0008305024
5672.1460000000,0.0008305024
5672.1700000000,0.0008305024
5672.1960000000,0.0008305024
5672.2190000000,0.0008305024
5672.2470000000,0.0008305024
5672.2690000000,0.0008305024
5672.2960000000,0.0008305024
5672.3200000000,0.0008305024
5672.3460000000,0.0008305024
5672.3690000000,0.0008305024
5672.3960000000,0.0008305024
5672.4190000000,0.0008305024
5672.4480000000,0.0008305024
5672.4690000000,0.0008305024
5672.4960000000,0.0008305024
5672.5190000000,0.0008305024
5672.5470000000,0.0008305024
5672.5710000000,0.0008305024
5672.5960000000,0.0008305024
5672.6190000000,0.0008305024
5672.6470000000,0.0008305024
5672.6690000000,0.0008305024
5672.6960000000,0.0008305024
5672.7200000000,0.0008305024
5672.7460000000,0.0008305024
5672.7700000000,0.0008305024
5672.7970000000,0.0008305024
5672.8190000000,0.0008305024
5672.8480000000,0.0008305024
5672.8690000000,0.0008305024
5672.8960000000,0.0008305024
5672.9190000000,0.0008305024
5672.9460000000,0.0008305024
5672.9700000000,0.0008305024
5672.9960000000,0.0008305024
5673.0200000000,0.0008305024
5673.0460000000,0.0008305024
5673.0700000000,0.0008305024
5673.0960000000,0.0008305024
5673.1190000000,0.0008305024
5673.1460000000,0.0008305024
5673.1700000000,0.0008305024
5673.1960000000,0.0008305024
5673.2190000000,0.0008305024
5673.2470000000,0.0008305024
5673.2690000000,0.0008305024
5673.2960000000,0.0008305024
5673.3200000000,0.0008305024
5673.3460000000,0.0008305024
5673.3710000000,0.0008305024
5673.3960000000,0.0008305024
5673.4190000000,0.0008305024
5673.4460000000,0.0008305024
5673.4690000000,0.0008305024
5673.4960000000,0.0008305024
5673.5200000000,0.0008305024
5673.5460000000,0.0008305024
5673.5690000000,0.0008305024
5673.5960000000,0.0008305024
5673.6200000000,0.0008305024
5673.6460000000,0.0008305024
5673.6690000000,0.0008305024
5673.6960000000,0.0008305024
5673.7190000000,0.0008305024
5673.7470000000,0.0008305024
5673.7700000000,0.0008305024
5673.7960000000,0.0008305024
5673.8190000000,0.0008305024
5673.8460000000,0.0008305024
5673.8690000000,0.0008305024
5673.8960000000,0.0008305024
5673.9190000000,0.0008305024
5673.9460000000,0.0008305024
5673.9690000000,0.0008305024
5673.9960000000,0.0008305024
5674.0190000000,0.0008305024
5674.0460000000,0.0008305024
5674.0690000000,0.0008305024
5674.0960000000,0.0008305024
5674.1200000000,0.0008305024
5674.1460000000,0.0008305024
5674.1690000000,0.0008305024
5674.1970000000,0.0008305024
5674.2190000000,0.0008305024
5674.2460000000,0.0008305024
5674.2690000000,0.0008305024
5674.2970000000,0.0008305024
5674.3200000000,0.0008305024
5674.3460000000,0.0008305024
5674.3690000000,0.0008305024
5674.3950000000,0.0008305024
5674.4190000000,0.0008305024
5674.4470000000,0.0008305024
5674.4690000000,0.0008305024
5674.4960000000,0.0008305024
5674.5200000000,0.0008305024
5674.5460000000,0.0008305024
5674.5690000000,0.0008305024
5674.5970000000,0.0008305024
5674.6190000000,0.0008305024
5674.6460000000,0.0008305024
5674.6690000000,0.0008305024
5674.6960000000,0.0008305024
5674.7190000000,0.0008305024
5674.7460000000,0.0008305024
5674.7700000000,0.0008305024
5674.7960000000,0.0008305024
5674.8190000000,0.0008305024
5674.8470000000,0.0008305024
5674.8690000000,0.0008305024
5674.8960000000,0.0008305024
5674.9200000000,0.0008305024
5674.9460000000,0.0008305024
5674.9690000000,0.0008305024
5674.9960000000,0.0008305024
5675.0190000000,0.0008305024
5675.0460000000,0.0008305024
5675.0690000000,0.0008305024
5675.0960000000,0.0008305024
5675.1200000000,0.0008305024
5675.1460000000,0.0008305024
5675.1690000000,0.0008305024
5675.1960000000,0.0008305024
5675.2190000000,0.0008305024
5675.2470000000,0.0008305024
5675.2690000000,0.0008305024
5675.2960000000,0.0008305024
5675.3190000000,0.0008305024
5675.3460000000,0.0008305024
5675.3690000000,0.0008305024
5675.3960000000,0.0008305024
5675.4190000000,0.0008305024
5675.4460000000,0.0008305024
5675.4690000000,0.0008305024
5675.4960000000,0.0008305024
5675.5190000000,0.0008305024
5675.5460000000,0.0008305024
5675.5690000000,0.0008305024
5675.5960000000,0.0008305024
5675.6190000000,0.0008305024
5675.6470000000,0.0008305024
5675.6690000000,0.0008305024
5675.6960000000,0.0008305024
5675.7200000000,0.0008305024
5675.7470000000,0.0008305024
5675.7700000000,0.0008305024
5675.7960000000,0.0008305024
5675.8190000000,0.0008305024
5675.8470000000,0.0008305024
5675.8690000000,0.0008305024
5675.8960000000,0.0008305024
5675.9190000000,0.0008305024
5675.9460000000,0.0008305024
5675.9700000000,0.0008305024
5675.9960000000,0.0008305024
5676.0190000000,0.0008305024
5676.0460000000,0.0008305024
5676.0690000000,0.0008305024
5676.0960000000,0.0008305024
5676.1190000000,0.0008305024
5676.1480000000,0.0008305024
5676.1690000000,0.0008305024
5676.1970000000,0.0008305024
5676.2190000000,0.0008305024
5676.2460000000,0.0008305024
5676.2700000000,0.0008305024
5676.2960000000,0.0008305024
5676.3190000000,0.0008305024
5676.3460000000,0.0008305024
5676.3690000000,0.0008305024
5676.3960000000,0.0008305024
5676.4200000000,0.0008305024
5676.4460000000,0.0008305024
5676.4690000000,0.0008305024
5676.4970000000,0.0008305024
5676.5190000000,0.0008305024
5676.5460000000,0.0008305024
5676.5710000000,0.0008305024
5676.5970000000,0.0008305024
5676.6190000000,0.0008305024
5676.6460000000,0.0008305024
5676.6690000000,0.0008305024
5676.6960000000,0.0008305024
5676.7190000000,0.0008305024
5676.7470000000,0.0008305024
5676.7690000000,0.0008305024
5676.7960000000,0.0008305024
5676.8200000000,0.0008305024
5676.8470000000,0.0008305024
5676.8700000000,0.0008305024
5676.8960000000,0.0008305024
5676.9190000000,0.0008305024
5676.9460000000,0.0008305024
5676.9690000000,0.0008305024
5676.9960000000,0.0008305024
5677.0190000000,0.0008305024
5677.0460000000,0.0008305024
5677.0690000000,0.0008305024
5677.0960000000,0.0008305024
5677.1200000000,0.0008305024
5677.1460000000,0.0008305024
5677.1690000000,0.0008305024
5677.1970000000,0.0008305024
5677.2200000000,0.0008305024
5677.2470000000,0.0008305024
5677.2700000000,0.0008305024
5677.2960000000,0.0008305024
5677.3190000000,0.0008305024
5677.3460000000,0.0008305024
5677.3690000000,0.0008305024
5677.3960000000,0.0008305024
5677.4200000000,0.0008305024
5677.4470000000,0.0008305024
5677.4690000000,0.0008305024
5677.4960000000,0.0008305024
5677.5190000000,0.0008305024
5677.5450000000,0.0008305024
5677.5690000000,0.0008305024
5677.5970000000,0.0008305024
5677.6200000000,0.0008305024
5677.6460000000,0.0008305024
5677.6700000000,0.0008305024
5677.6960000000,0.0008305024
5677.7190000000,0.0008305024
5677.7460000000,0.0008305024
5677.7700000000,0.0008305024
5677.7970000000,0.0008305024
5677.8190000000,0.0008305024
5677.8460000000,0.0008305024
5677.8690000000,0.0008305024
5677.8960000000,0.0008305024
5677.9200000000,0.0008305024
5677.9470000000,0.0008305024
5677.9690000000,0.0008305024
5677.9970000000,0.0008305024
5678.0190000000,0.0008305024
5678.0460000000,0.0008305024
5678.0700000000,0.0008305024
5678.0960000000,0.0008305024
5678.1210000000,0.0008305024
5678.1460000000,0.0008305024
5678.1690000000,0.0008305024
5678.1960000000,0.0008305024
5678.2190000000,0.0008305024
5678.2480000000,0.0008305024
5678.2690000000,0.0008305024
5678.2960000000,0.0008305024
5678.3190000000,0.0008305024
5678.3460000000,0.0008305024
5678.3690000000,0.0008305024
5678.3960000000,0.0008305024
5678.4190000000,0.0008305024
5678.4480000000,0.0008305024
5678.4700000000,0.0008305024
5678.4970000000,0.0008305024
5678.5190000000,0.0008305024
5678.5460000000,0.0008305024
5678.5700000000,0.0008305024
5678.5960000000,0.0008305024
5678.6200000000,0.0008305024
5678.6470000000,0.0008305024
5678.6690000000,0.0008305024
5678.6960000000,0.0008305024
5678.7200000000,0.0008305024
5678.7460000000,0.0008305024
5678.7700000000,0.0008305024
5678.7960000000,0.0008305024
5678.8200000000,0.0008305024
5678.8460000000,0.0008305024
5678.8690000000,0.0008305024
5678.8960000000,0.0008305024
5678.9190000000,0.0008305024
5678.9460000000,0.0008305024
5678.9690000000,0.0008305024
5678.9960000000,0.0008305024
5679.0190000000,0.0008305024
5679.0470000000,0.0008305024
5679.0690000000,0.0008305024
5679.0970000000,0.0008305024
5679.1190000000,0.0008305024
5679.1460000000,0.0008305024
5679.1700000000,0.0008305024
5679.1960000000,0.0008305024
5679.2190000000,0.0008305024
5679.2460000000,0.0008305024
5679.2690000000,0.0008305024
5679.2960000000,0.0008305024
5679.3190000000,0.0008305024
5679.3460000000,0.0008305024
5679.3690000000,0.0008305024
5679.3960000000,0.0008305024
5679.4190000000,0.0008305024
5679.4470000000,0.0008305024
5679.4690000000,0.0008305024
5679.4960000000,0.0008305024
5679.5200000000,0.0008305024
5679.5460000000,0.0008305024
5679.5690000000,0.0008305024
5679.5960000000,0.0008305024
5679.6190000000,0.0008305024
5679.6460000000,0.0008305024
5679.6690000000,0.0008305024
5679.6960000000,0.0008305024
5679.7190000000,0.0008305024
5679.7460000000,0.0008305024
5679.7690000000,0.0008305024
5679.7970000000,0.0008305024
5679.8190000000,0.0008305024
5679.8470000000,0.0008305024
5679.8700000000,0.0008305024
5679.8960000000,0.0008305024
5679.9190000000,0.0008305024
5679.9470000000,0.0008305024
5679.9690000000,0.0008305024
5679.9970000000,0.0008305024
5680.0190000000,0.0008305024
5680.0460000000,0.0008305024
5680.0700000000,0.0008305024
5680.0960000000,0.0008305024
5680.1210000000,0.0008305024
5680.1460000000,0.0008305024
5680.1690000000,0.0008305024
5680.1960000000,0.0008305024
5680.2200000000,0.0008305024
5680.2470000000,0.0008305024
5680.2690000000,0.0008305024
5680.2960000000,0.0008305024
5680.3200000000,0.0008305024
5680.3470000000,0.0008305024
5680.3690000000,0.0008305024
5680.3970000000,0.0008305024
5680.4190000000,0.0008305024
5680.4460000000,0.0008305024
5680.4690000000,0.0008305024
5680.4960000000,0.0008305024
5680.5190000000,0.0008305024
5680.5470000000,0.0008305024
5680.5690000000,0.0008305024
5680.5980000000,0.0008305024
5680.6190000000,0.0008305024
5680.6460000000,0.0008305024
5680.6700000000,0.0008305024
5680.6960000000,0.0008305024
5680.7200000000,0.0008305024
5680.7460000000,0.0008305024
5680.7700000000,0.0008305024
5680.7970000000,0.0008305024
5680.8190000000,0.0008305024
5680.8470000000,0.0008305024
5680.8700000000,0.0008305024
5680.9000000000,0.0008305024
5680.9190000000,0.0008305024
5680.9460000000,0.0008305024
5680.9700000000,0.0008305024
5680.9960000000,0.0008305024
5681.0190000000,0.0008305024
5681.0470000000,0.0008305024
5681.0690000000,0.0008305024
5681.0960000000,0.0008305024
5681.1200000000,0.0008305024
5681.1460000000,0.0008305024
5681.1710000000,0.0008305024
5681.1990000000,0.0008305024
5681.2200000000,0.0008305024
5681.2470000000,0.0008305024
5681.2690000000,0.0008305024
5681.2960000000,0.0008305024
5681.3190000000,0.0008305024
5681.3460000000,0.0008305024
5681.3690000000,0.0008305024
5681.3960000000,0.0008305024
5681.4190000000,0.0008305024
5681.4460000000,0.0008305024
5681.4700000000,0.0008305024
5681.4950000000,0.0008305024
5681.5190000000,0.0008305024
5681.5470000000,0.0008305024
5681.5690000000,0.0008305024
5681.5970000000,0.0008305024
5681.6190000000,0.0008305024
5681.6460000000,0.0008305024
5681.6700000000,0.0008305024
5681.6970000000,0.0008305024
5681.7190000000,0.0008305024
5681.7460000000,0.0008305024
5681.7690000000,0.0008305024
5681.7960000000,0.0008305024
5681.8200000000,0.0008305024
5681.8460000000,0.0008305024
5681.8690000000,0.0008305024
5681.8960000000,0.0008305024
5681.9200000000,0.0008305024
5681.9470000000,0.0008305024
5681.9690000000,0.0008305024
5681.9970000000,0.0008305024
5682.0190000000,0.0008305024
5682.0460000000,0.0008305024
5682.0700000000,0.0008305024
5682.0960000000,0.0008305024
5682.1210000000,0.0008305024
5682.1460000000,0.0008305024
5682.1700000000,0.0008305024
5682.1960000000,0.0008305024
5682.2200000000,0.0008305024
5682.2460000000,0.0008305024
5682.2690000000,0.0008305024
5682.2980000000,0.0008305024
5682.3190000000,0.0008305024
5682.3460000000,0.0008305024
5682.3690000000,0.0008305024
5682.3970000000,0.0008305024
5682.4190000000,0.0008305024
5682.4460000000,0.0008305024
5682.4690000000,0.0008305024
5682.4960000000,0.0008305024
5682.5190000000,0.0008305024
5682.5460000000,0.0008305024
5682.5690000000,0.0008305024
5682.5960000000,0.0008305024
5682.6190000000,0.0008305024
5682.6460000000,0.0008305024
5682.6690000000,0.0008305024
5682.6970000000,0.0008305024
5682.7200000000,0.0008305024
5682.7460000000,0.0008305024
5682.7700000000,0.0008305024
5682.7970000000,0.0008305024
5682.8190000000,0.0008305024
5682.8470000000,0.0008305024
5682.8700000000,0.0008305024
5682.8960000000,0.0008305024
5682.9190000000,0.0008305024
5682.9460000000,0.0008305024
5682.9690000000,0.0008305024
5682.9960000000,0.0008305024
5683.0190000000,0.0008305024
5683.0460000000,0.0008305024
5683.0690000000,0.0008305024
5683.0960000000,0.0008305024
5683.1200000000,0.0008305024
5683.1460000000,0.0008305024
5683.1700000000,0.0008305024
5683.1970000000,0.0008305024
5683.2190000000,0.0008305024
5683.2460000000,0.0008305024
5683.2690000000,0.0008305024
5683.2960000000,0.0008305024
5683.3200000000,0.0008305024
5683.3470000000,0.0008305024
5683.3690000000,0.0008305024
5683.3970000000,0.0008305024
5683.4190000000,0.0008305024
5683.4470000000,0.0008305024
5683.4690000000,0.0008305024
5683.4970000000,0.0008305024
5683.5190000000,0.0008305024
5683.5460000000,0.0008305024
5683.5690000000,0.0008305024
5683.5960000000,0.0008305024
5683.6200000000,0.0008305024
5683.6460000000,0.0008305024
5683.6700000000,0.0008305024
5683.6960000000,0.0008305024
5683.7190000000,0.0008305024
5683.7470000000,0.0008305024
5683.7690000000,0.0008305024
5683.7960000000,0.0008305024
5683.8190000000,0.0008305024
5683.8460000000,0.0008305024
5683.8690000000,0.0008305024
5683.8960000000,0.0008305024
5683.9190000000,0.0008305024
5683.9460000000,0.0008305024
5683.9690000000,0.0008305024
5683.9960000000,0.0008305024
5684.0190000000,0.0008305024
5684.0460000000,0.0008305024
5684.0690000000,0.0008305024
5684.0960000000,0.0008305024
5684.1200000000,0.0008305024
5684.1460000000,0.0008305024
5684.1690000000,0.0008305024
5684.1970000000,0.0008305024
5684.2190000000,0.0008305024
5684.2470000000,0.0008305024
5684.2690000000,0.0008305024
5684.2960000000,0.0008305024
5684.3190000000,0.0008305024
5684.3460000000,0.0008305024
5684.3690000000,0.0008305024
5684.3960000000,0.0008305024
5684.4190000000,0.0008305024
5684.4470000000,0.0008305024
5684.4690000000,0.0008305024
5684.4960000000,0.0008305024
5684.5210000000,0.0008305024
5684.5470000000,0.0008305024
5684.5690000000,0.0008305024
5684.5960000000,0.0008305024
5684.6190000000,0.0008305024
5684.6460000000,0.0008305024
5684.6690000000,0.0008305024
5684.6960000000,0.0008305024
5684.7200000000,0.0008305024
5684.7460000000,0.0008305024
5684.7690000000,0.0008305024
5684.7960000000,0.0008305024
5684.8190000000,0.0008305024
5684.8460000000,0.0008305024
5684.8690000000,0.0008305024
5684.8960000000,0.0008305024
5684.9200000000,0.0008305024
5684.9460000000,0.0008305024
5684.9690000000,0.0008305024
5684.9960000000,0.0008305024
5685.0190000000,0.0008305024
5685.0460000000,0.0008305024
5685.0700000000,0.0008305024
5685.0960000000,0.0008305024
5685.1190000000,0.0008305024
5685.1470000000,0.0008305024
5685.1690000000,0.0008305024
5685.1960000000,0.0008305024
5685.2190000000,0.0008305024
5685.2460000000,0.0008305024
5685.2700000000,0.0008305024
5685.2960000000,0.0008305024
5685.3200000000,0.0008305024
5685.3470000000,0.0008305024
5685.3690000000,0.0008305024
5685.3960000000,0.0008305024
5685.4190000000,0.0008305024
5685.4460000000,0.0008305024
5685.4690000000,0.0008305024
5685.4980000000,0.0008305024
5685.5190000000,0.0008305024
5685.5470000000,0.0008305024
5685.5690000000,0.0008305024
5685.5960000000,0.0008305024
5685.6190000000,0.0008305024
5685.6460000000,0.0008305024
5685.6690000000,0.0008305024
5685.6960000000,0.0008305024
5685.7190000000,0.0008305024
5685.7460000000,0.0008305024
5685.7690000000,0.0008305024
5685.7960000000,0.0008305024
5685.8190000000,0.0008305024
5685.8460000000,0.0008305024
5685.8700000000,0.0008305024
5685.8960000000,0.0008305024
5685.9200000000,0.0008305024
5685.9470000000,0.0008305024
5685.9690000000,0.0008305024
5685.9960000000,0.0008305024
5686.0190000000,0.0008305024
5686.0470000000,0.0008305024
5686.0690000000,0.0008305024
5686.0960000000,0.0008305024
5686.1200000000,0.0008305024
5686.1460000000,0.0008305024
5686.1690000000,0.0008305024
5686.1960000000,0.0008305024
5686.2190000000,0.0008305024
5686.2460000000,0.0008305024
5686.2700000000,0.0008305024
5686.2960000000,0.0008305024
5686.3200000000,0.0008305024
5686.3460000000,0.0008305024
5686.3700000000,0.0008305024
5686.3960000000,0.0008305024
5686.4190000000,0.0008305024
5686.4460000000,0.0008305024
5686.4690000000,0.0008305024
5686.4960000000,0.0008305024
5686.5200000000,0.0008305024
5686.5460000000,0.0008305024
5686.5700000000,0.0008305024
5686.5980000000,0.0008305024
5686.6190000000,0.0008305024
5686.6470000000,0.0008305024
5686.6690000000,0.0008305024
5686.6960000000,0.0008305024
5686.7190000000,0.0008305024
5686.7460000000,0.0008305024
5686.7690000000,0.0008305024
5686.7970000000,0.0008305024
5686.8200000000,0.0008305024
5686.8480000000,0.0008305024
5686.8690000000,0.0008305024
5686.8960000000,0.0008305024
5686.9190000000,0.0008305024
5686.9460000000,0.0008305024
5686.9700000000,0.0008305024
5686.9960000000,0.0008305024
5687.0190000000,0.0008305024
5687.0460000000,0.0008305024
5687.0690000000,0.0008305024
5687.0960000000,0.0008305024
5687.1200000000,0.0008305024
5687.1460000000,0.0008305024
5687.1690000000,0.0008305024
5687.1970000000,0.0008305024
5687.2190000000,0.0008305024
5687.2470000000,0.0008305024
5687.2690000000,0.0008305024
5687.2970000000,0.0008305024
5687.3190000000,0.0008305024
5687.3460000000,0.0008305024
5687.3700000000,0.0008305024
5687.3960000000,0.0008305024
5687.4190000000,0.0008305024
5687.4470000000,0.0008305024
5687.4690000000,0.0008305024
5687.4970000000,0.0008305024
5687.5190000000,0.0008305024
5687.5460000000,0.0008305024
5687.5700000000,0.0008305024
5687.5970000000,0.0008305024
5687.6200000000,0.0008305024
5687.6470000000,0.0008305024
5687.6690000000,0.0008305024
5687.6970000000,0.0008305024
5687.7200000000,0.0008305024
5687.7460000000,0.0008305024
5687.7690000000,0.0008305024
5687.7960000000,0.0008305024
5687.8190000000,0.0008305024
5687.8460000000,0.0008305024
5687.8690000000,0.0008305024
5687.8960000000,0.0008305024
5687.9210000000,0.0008305024
5687.9460000000,0.0008305024
5687.9690000000,0.0008305024
5687.9970000000,0.0008305024
5688.0190000000,0.0008305024
5688.0470000000,0.0008305024
5688.0690000000,0.0008305024
5688.0960000000,0.0008305024
5688.1190000000,0.0008305024
5688.1460000000,0.0008305024
5688.1700000000,0.0008305024
5688.1970000000,0.0008305024
5688.2190000000,0.0008305024
5688.2460000000,0.0008305024
5688.2690000000,0.0008305024
5688.2960000000,0.0008305024
5688.3190000000,0.0008305024
5688.3500000000,0.0008305024
5688.3690000000,0.0008305024
5688.3970000000,0.0008305024
5688.4190000000,0.0008305024
5688.4460000000,0.0008305024
5688.4690000000,0.0008305024
5688.4960000000,0.0008305024
5688.5190000000,0.0008305024
5688.5460000000,0.0008305024
5688.5690000000,0.0008305024
5688.5960000000,0.0008305024
5688.6190000000,0.0008305024
5688.6470000000,0.0008305024
5688.6690000000,0.0008305024
5688.6960000000,0.0008305024
5688.7200000000,0.0008305024
5688.7470000000,0.0008305024
5688.7690000000,0.0008305024
5688.7970000000,0.0008305024
5688.8200000000,0.0008305024
5688.8460000000,0.0008305024
5688.8710000000,0.0008305024
5688.8960000000,0.0008305024
5688.9190000000,0.0008305024
5688.9470000000,0.0008305024
5688.9690000000,0.0008305024
5688.9970000000,0.0008305024
5689.0200000000,0.0008305024
5689.0460000000,0.0008305024
5689.0690000000,0.0008305024
5689.0960000000,0.0008305024
5689.1200000000,0.0008305024
5689.1460000000,0.0008305024
5689.1690000000,0.0008305024
5689.1980000000,0.0008305024
5689.2190000000,0.0008305024
5689.2460000000,0.0008305024
5689.2690000000,0.0008305024
5689.2960000000,0.0008305024
5689.3200000000,0.0008305024
5689.3460000000,0.0008305024
5689.3690000000,0.0008305024
5689.3960000000,0.0008305024
5689.4200000000,0.0008305024
5689.4470000000,0.0008305024
5689.4700000000,0.0008305024
5689.4960000000,0.0008305024
5689.5190000000,0.0008305024
5689.5470000000,0.0008305024
5689.5690000000,0.0008305024
5689.5960000000,0.0008305024
5689.6190000000,0.0008305024
5689.6460000000,0.0008305024
5689.6700000000,0.0008305024
5689.6960000000,0.0008305024
5689.7200000000,0.0008305024
5689.7460000000,0.0008305024
5689.7700000000,0.0008305024
5689.7960000000,0.0008305024
5689.8190000000,0.0008305024
5689.8470000000,0.0008305024
5689.8700000000,0.0008305024
5689.8960000000,0.0008305024
5689.9190000000,0.0008305024
5689.9460000000,0.0008305024
5689.9700000000,0.0008305024
5689.9990000000,0.0008305024
5690.0190000000,0.0008305024
5690.0470000000,0.0008305024
5690.0690000000,0.0008305024
5690.0960000000,0.0008305024
5690.1200000000,0.0008305024
5690.1460000000,0.0008305024
5690.1690000000,0.0008305024
5690.1980000000,0.0008305024
5690.2190000000,0.0008305024
5690.2460000000,0.0008305024
5690.2690000000,0.0008305024
5690.2960000000,0.0008305024
5690.3190000000,0.0008305024
5690.3460000000,0.0008305024
5690.3690000000,0.0008305024
5690.3960000000,0.0008305024
5690.4190000000,0.0008305024
5690.4480000000,0.0008305024
5690.4690000000,0.0008305024
5690.4980000000,0.0008305024
5690.5190000000,0.0008305024
5690.5470000000,0.0008305024
5690.5690000000,0.0008305024
5690.5970000000,0.0008305024
5690.6190000000,0.0008305024
5690.6460000000,0.0008305024
5690.6700000000,0.0008305024
5690.6960000000,0.0008305024
5690.7190000000,0.0008305024
5690.7470000000,0.0008305024
5690.7690000000,0.0008305024
5690.7960000000,0.0008305024
5690.8190000000,0.0008305024
5690.8470000000,0.0008305024
5690.8690000000,0.0008305024
5690.8960000000,0.0008305024
5690.9190000000,0.0008305024
5690.9460000000,0.0008305024
5690.9690000000,0.0008305024
5690.9970000000,0.0008305024
5691.0200000000,0.0008305024
5691.0480000000,0.0008305024
5691.0690000000,0.0008305024
5691.0960000000,0.0008305024
5691.1190000000,0.0008305024
5691.1460000000,0.0008305024
5691.1690000000,0.0008305024
5691.1960000000,0.0008305024
5691.2200000000,0.0008305024
5691.2480000000,0.0008305024
5691.2690000000,0.0008305024
5691.2960000000,0.0008305024
5691.3190000000,0.0008305024
5691.3460000000,0.0008305024
5691.3700000000,0.0008305024
5691.3970000000,0.0008305024
5691.4190000000,0.0008305024
5691.4460000000,0.0008305024
5691.4690000000,0.0008305024
5691.4960000000,0.0008305024
5691.5200000000,0.0008305024
5691.5470000000,0.0008305024
5691.5700000000,0.0008305024
5691.5960000000,0.0008305024
5691.6190000000,0.0008305024
5691.6470000000,0.0008305024
5691.6690000000,0.0008305024
5691.6970000000,0.0008305024
5691.7200000000,0.0008305024
5691.7470000000,0.0008305024
5691.7690000000,0.0008305024
5691.7970000000,0.0008305024
5691.8190000000,0.0008305024
5691.8470000000,0.0008305024
5691.8690000000,0.0008305024
5691.8970000000,0.0008305024
5691.9190000000,0.0008305024
5691.9460000000,0.0008305024
5691.9700000000,0.0008305024
5691.9960000000,0.0008305024
5692.0190000000,0.0008305024
5692.0460000000,0.0008305024
5692.0690000000,0.0008305024
5692.0960000000,0.0008305024
5692.1200000000,0.0008305024
5692.1460000000,0.0008305024
5692.1690000000,0.0008305024
5692.1970000000,0.0008305024
5692.2200000000,0.0008305024
5692.2470000000,0.0008305024
5692.2690000000,0.0008305024
5692.2960000000,0.0008305024
5692.3190000000,0.0008305024
5692.3470000000,0.0008305024
5692.3690000000,0.0008305024
5692.3970000000,0.0008305024
5692.4190000000,0.0008305024
5692.4460000000,0.0008305024
5692.4700000000,0.0008305024
5692.4960000000,0.0008305024
5692.5190000000,0.0008305024
5692.5460000000,0.0008305024
5692.5690000000,0.0008305024
5692.5960000000,0.0008305024
5692.6190000000,0.0008305024
5692.6460000000,0.0008305024
5692.6690000000,0.0008305024
5692.6980000000,0.0008305024
5692.7190000000,0.0008305024
5692.7460000000,0.0008305024
5692.7700000000,0.0008305024
5692.7960000000,0.0008305024
5692.8200000000,0.0008305024
5692.8460000000,0.0008305024
5692.8690000000,0.0008305024
5692.8960000000,0.0008305024
5692.9200000000,0.0008305024
5692.9460000000,0.0008305024
5692.9690000000,0.0008305024
5692.9960000000,0.0008305024
5693.0190000000,0.0008305024
5693.0460000000,0.0008305024
5693.0690000000,0.0008305024
5693.0970000000,0.0008305024
5693.1190000000,0.0008305024
5693.1470000000,0.0008305024
5693.1690000000,0.0008305024
5693.1960000000,0.0008305024
5693.2200000000,0.0008305024
5693.2460000000,0.0008305024
5693.2700000000,0.0008305024
5693.2970000000,0.0008305024
5693.3190000000,0.0008305024
5693.3460000000,0.0008305024
5693.3700000000,0.0008305024
5693.3960000000,0.0008305024
5693.4200000000,0.0008305024
5693.4460000000,0.0008305024
5693.4690000000,0.0008305024
5693.4960000000,0.0008305024
5693.5190000000,0.0008305024
5693.5470000000,0.0008305024
5693.5690000000,0.0008305024
5693.5970000000,0.0008305024
5693.6190000000,0.0008305024
5693.6460000000,0.0008305024
5693.6690000000,0.0008305024
5693.6970000000,0.0008305024
5693.7190000000,0.0008305024
5693.7460000000,0.0008305024
5693.7690000000,0.0008305024
5693.7960000000,0.0008305024
5693.8190000000,0.0008305024
5693.8460000000,0.0008305024
5693.8700000000,0.0008305024
5693.8970000000,0.0008305024
5693.9190000000,0.0008305024
5693.9480000000,0.0008305024
5693.9690000000,0.0008305024
5693.9960000000,0.0008305024
5694.0200000000,0.0008305024
5694.0470000000,0.0008305024
5694.0700000000,0.0008305024
5694.0960000000,0.0008305024
5694.1200000000,0.0008305024
5694.1470000000,0.0008305024
5694.1690000000,0.0008305024
5694.1960000000,0.0008305024
5694.2190000000,0.0008305024
5694.2460000000,0.0008305024
5694.2690000000,0.0008305024
5694.2960000000,0.0008305024
5694.3200000000,0.0008305024
5694.3460000000,0.0008305024
5694.3690000000,0.0008305024
5694.3960000000,0.0008305024
5694.4200000000,0.0008305024
5694.4460000000,0.0008305024
5694.4690000000,0.0008305024
5694.4960000000,0.0008305024
5694.5200000000,0.0008305024
5694.5480000000,0.0008305024
5694.5690000000,0.0008305024
5694.5970000000,0.0008305024
5694.6200000000,0.0008305024
5694.6490000000,0.0008305024
5694.6700000000,0.0008305024
5694.6960000000,0.0008305024
5694.7190000000,0.0008305024
5694.7470000000,0.0008305024
5694.7690000000,0.0008305024
5694.7960000000,0.0008305024
5694.8200000000,0.0008305024
5694.8460000000,0.0008305024
5694.8700000000,0.0008305024
5694.8960000000,0.0008305024
5694.9190000000,0.0008305024
5694.9470000000,0.0008305024
5694.9690000000,0.0008305024
5694.9960000000,0.0008305024
5695.0190000000,0.0008305024
5695.0470000000,0.0008305024
5695.0690000000,0.0008305024
5695.0960000000,0.0008305024
5695.1200000000,0.0008305024
5695.1460000000,0.0008305024
5695.1700000000,0.0008305024
5695.1960000000,0.0008305024
5695.2200000000,0.0008305024
5695.2450000000,0.0008305024
5695.2690000000,0.0008305024
5695.2960000000,0.0008305024
5695.3190000000,0.0008305024
5695.3470000000,0.0008305024
5695.3690000000,0.0008305024
5695.3960000000,0.0008305024
5695.4190000000,0.0008305024
5695.4470000000,0.0008305024
5695.4700000000,0.0008305024
5695.4960000000,0.0008305024
5695.5190000000,0.0008305024
5695.5460000000,0.0008305024
5695.5690000000,0.0008305024
5695.5960000000,0.0008305024
5695.6200000000,0.0008305024
5695.6470000000,0.0008305024
5695.6690000000,0.0008305024
5695.6970000000,0.0008305024
5695.7190000000,0.0008305024
5695.7460000000,0.0008305024
5695.7710000000,0.0008305024
5695.7960000000,0.0008305024
5695.8190000000,0.0008305024
5695.8470000000,0.0008305024
5695.8690000000,0.0008305024
5695.8970000000,0.0008305024
5695.9210000000,0.0008305024
5695.9460000000,0.0008305024
5695.9680000000,0.0008305024
5695.9960000000,0.0008305024
5696.0200000000,0.0008305024
5696.0470000000,0.0008305024
5696.0690000000,0.0008305024
5696.0960000000,0.0008305024
5696.1200000000,0.0008305024
5696.1460000000,0.0008305024
5696.1690000000,0.0008305024
5696.1970000000,0.0008305024
5696.2190000000,0.0008305024
5696.2470000000,0.0008305024
5696.2690000000,0.0008305024
5696.2960000000,0.0008305024
5696.3190000000,0.0008305024
5696.3480000000,0.0008305024
5696.3690000000,0.0008305024
5696.3960000000,0.0008305024
5696.4190000000,0.0008305024
5696.4480000000,0.0008305024
5696.4690000000,0.0008305024
5696.4960000000,0.0008305024
5696.5190000000,0.0008305024
5696.5460000000,0.0008305024
5696.5700000000,0.0008305024
5696.5960000000,0.0008305024
5696.6190000000,0.0008305024
5696.6470000000,0.0008305024
5696.6690000000,0.0008305024
5696.6960000000,0.0008305024
5696.7190000000,0.0008305024
5696.7460000000,0.0008305024
5696.7690000000,0.0008305024
5696.7960000000,0.0008305024
5696.8200000000,0.0008305024
5696.8480000000,0.0008305024
5696.8690000000,0.0008305024
5696.8960000000,0.0008305024
5696.9200000000,0.0008305024
5696.9470000000,0.0008305024
5696.9690000000,0.0008305024
5696.9960000000,0.0008305024
5697.0190000000,0.0008305024
5697.0470000000,0.0008305024
5697.0690000000,0.0008305024
5697.0970000000,0.0008305024
5697.1190000000,0.0008305024
5697.1460000000,0.0008305024
5697.1700000000,0.0008305024
5697.1960000000,0.0008305024
5697.2190000000,0.0008305024
5697.2460000000,0.0008305024
5697.2690000000,0.0008305024
5697.2970000000,0.0008305024
5697.3190000000,0.0008305024
5697.3470000000,0.0008305024
5697.3710000000,0.0008305024
5697.3960000000,0.0008305024
5697.4190000000,0.0008305024
5697.4460000000,0.0008305024
5697.4690000000,0.0008305024
5697.4960000000,0.0008305024
5697.5190000000,0.0008305024
5697.5460000000,0.0008305024
5697.5690000000,0.0008305024
5697.5960000000,0.0008305024
5697.6210000000,0.0008305024
5697.6460000000,0.0008305024
5697.6700000000,0.0008305024
5697.6980000000,0.0008305024
5697.7190000000,0.0008305024
5697.7460000000,0.0008305024
5697.7690000000,0.0008305024
5697.7960000000,0.0008305024
5697.8190000000,0.0008305024
5697.8460000000,0.0008305024
5697.8710000000,0.0008305024
5697.8970000000,0.0008305024
5697.9190000000,0.0008305024
5697.9460000000,0.0008305024
5697.9690000000,0.0008305024
5697.9960000000,0.0008305024
5698.0190000000,0.0008305024
5698.0460000000,0.0008305024
5698.0690000000,0.0008305024
5698.0960000000,0.0008305024
5698.1190000000,0.0008305024
5698.1460000000,0.0008305024
5698.1700000000,0.0008305024
5698.1960000000,0.0008305024
5698.2190000000,0.0008305024
5698.2460000000,0.0008305024
5698.2700000000,0.0008305024
5698.2960000000,0.0008305024
5698.3190000000,0.0008305024
5698.3470000000,0.0008305024
5698.3700000000,0.0008305024
5698.3960000000,0.0008305024
5698.4200000000,0.0008305024
5698.4460000000,0.0008305024
5698.4690000000,0.0008305024
5698.4960000000,0.0008305024
5698.5190000000,0.0008305024
5698.5460000000,0.0008305024
5698.5690000000,0.0008305024
5698.5960000000,0.0008305024
5698.6190000000,0.0008305024
5698.6460000000,0.0008305024
5698.6690000000,0.0008305024
5698.6960000000,0.0008305024
5698.7190000000,0.0008305024
5698.7460000000,0.0008305024
5698.7690000000,0.0008305024
5698.7960000000,0.0008305024
5698.8200000000,0.0008305024
5698.8480000000,0.0008305024
5698.8690000000,0.0008305024
5698.8960000000,0.0008305024
5698.9200000000,0.0008305024
5698.9460000000,0.0008305024
5698.9700000000,0.0008305024
5698.9970000000,0.0008305024
5699.0190000000,0.0008305024
5699.0470000000,0.0008305024
5699.0690000000,0.0008305024
5699.0960000000,0.0008305024
5699.1190000000,0.0008305024
5699.1460000000,0.0008305024
5699.1700000000,0.0008305024
5699.1970000000,0.0008305024
5699.2190000000,0.0008305024
5699.2460000000,0.0008305024
5699.2690000000,0.0008305024
5699.2960000000,0.0008305024
5699.3200000000,0.0008305024
5699.3460000000,0.0008305024
5699.3700000000,0.0008305024
5699.3960000000,0.0008305024
5699.4190000000,0.0008305024
5699.4460000000,0.0008305024
5699.4690000000,0.0008305024
5699.4960000000,0.0008305024
5699.5190000000,0.0008305024
5699.5460000000,0.0008305024
5699.5700000000,0.0008305024
5699.5960000000,0.0008305024
5699.6190000000,0.0008305024
5699.6460000000,0.0008305024
5699.6690000000,0.0008305024
5699.6960000000,0.0008305024
5699.7190000000,0.0008305024
5699.7460000000,0.0008305024
5699.7690000000,0.0008305024
5699.7960000000,0.0008305024
5699.8190000000,0.0008305024
5699.8470000000,0.0008305024
5699.8690000000,0.0008305024
5699.8960000000,0.0008305024
5699.9190000000,0.0008305024
5699.9480000000,0.0008305024
5699.9690000000,0.0008305024
5699.9960000000,0.0008305024
5700.0190000000,0.0008305024
5700.0460000000,0.0008305024
5700.0700000000,0.0008305024
5700.0970000000,0.0008305024
5700.1190000000,0.0008305024
5700.1460000000,0.0008305024
5700.1690000000,0.0008305024
5700.1960000000,0.0008305024
5700.2200000000,0.0008305024
5700.2460000000,0.0008305024
5700.2690000000,0.0008305024
5700.2960000000,0.0008305024
5700.3190000000,0.0008305024
5700.3460000000,0.0008305024
5700.3700000000,0.0008305024
5700.3960000000,0.0008305024
5700.4190000000,0.0008305024
5700.4470000000,0.0008305024
5700.4690000000,0.0008305024
5700.4960000000,0.0008305024
5700.5190000000,0.0008305024
5700.5460000000,0.0008305024
5700.5690000000,0.0008305024
5700.5960000000,0.0008305024
5700.6190000000,0.0008305024
5700.6460000000,0.0008305024
5700.6690000000,0.0008305024
5700.6960000000,0.0008305024
5700.7190000000,0.0008305024
5700.7470000000,0.0008305024
5700.7690000000,0.0008305024
5700.7960000000,0.0008305024
5700.8190000000,0.0008305024
5700.8470000000,0.0008305024
5700.8690000000,0.0008305024
5700.8960000000,0.0008305024
5700.9190000000,0.0008305024
5700.9470000000,0.0008305024
5700.9690000000,0.0008305024
5700.9960000000,0.0008305024
5701.0200000000,0.0008305024
5701.0460000000,0.0008305024
5701.0690000000,0.0008305024
5701.0970000000,0.0008305024
5701.1200000000,0.0008305024
5701.1460000000,0.0008305024
5701.1700000000,0.0008305024
5701.1960000000,0.0008305024
5701.2190000000,0.0008305024
5701.2470000000,0.0008305024
5701.2690000000,0.0008305024
5701.2960000000,0.0008305024
5701.3190000000,0.0008305024
5701.3460000000,0.0008305024
5701.3690000000,0.0008305024
5701.3970000000,0.0008305024
5701.4190000000,0.0008305024
5701.4470000000,0.0008307912
5701.4690000000,0.0008307912
5701.4960000000,0.0008310801
5701.5200000000,0.0008310801
5701.5470000000,0.0008313691
5701.5700000000,0.0008313691
5701.5960000000,0.0008316583
5701.6190000000,0.0008316583
5701.6460000000,0.0008319475
5701.6690000000,0.0008319475
5701.6960000000,0.0008322368
5701.7190000000,0.0008322368
5701.7470000000,0.0008325262
5701.7690000000,0.0008325262
5701.7960000000,0.0008328157
5701.8200000000,0.0008328157
5701.8450000000,0.0008331052
5701.8690000000,0.0008331052
5701.8960000000,0.0008333949
5701.9190000000,0.0008333949
5701.9460000000,0.0008336846
5701.9690000000,0.0008336846
5701.9970000000,0.0008339745
5702.0190000000,0.0008339745
5702.0460000000,0.0008342643
5702.0690000000,0.0008342643
5702.0960000000,0.0008345543
5702.1200000000,0.0008345543
5702.1460000000,0.0008348444
5702.1690000000,0.0008348444
5702.1970000000,0.0008351345
5702.2200000000,0.0008351345
5702.2470000000,0.0008354246
5702.2690000000,0.0008354246
5702.2960000000,0.0008357149
5702.3210000000,0.0008357149
5702.3460000000,0.0008360053
5702.3690000000,0.0008360053
5702.3960000000,0.0008362957
5702.4190000000,0.0008362957
5702.4470000000,0.0008365861
5702.4690000000,0.0008365861
5702.4960000000,0.0008368766
5702.5190000000,0.0008368766
5702.5460000000,0.0008371672
5702.5690000000,0.0008371672
5702.5970000000,0.0008374578
5702.6180000000,0.0008374578
5702.6460000000,0.0008377485
5702.6700000000,0.0008377485
5702.6960000000,0.0008380393
5702.7190000000,0.0008380393
5702.7460000000,0.0008383301
5702.7690000000,0.0008383301
5702.7970000000,0.0008386209
5702.8190000000,0.0008386209
5702.8460000000,0.0008389119
5702.8690000000,0.0008389119
5702.8970000000,0.0008392028
5702.9200000000,0.0008392028
5702.9490000000,0.0008394939
5702.9690000000,0.0008394939
5702.9970000000,0.0008397850
5703.0190000000,0.0008397850
5703.0470000000,0.0008400761
5703.0700000000,0.0008400761
5703.0970000000,0.0008403672
5703.1190000000,0.0008403672
5703.1460000000,0.0008406584
5703.1690000000,0.0008406584
5703.1970000000,0.0008409313
5703.2190000000,0.0008409313
5703.2470000000,0.0008409313
5703.2700000000,0.0008412410
5703.2960000000,0.0008415323
5703.3190000000,0.0008415323
5703.3460000000,0.0008418237
5703.3700000000,0.0008418237
5703.3960000000,0.0008421151
5703.4190000000,0.0008421151
5703.4460000000,0.0008424065
5703.4690000000,0.0008424065
5703.4960000000,0.0008426980
5703.5190000000,0.0008426980
5703.5470000000,0.0008429895
5703.5690000000,0.0008429895
5703.5960000000,0.0008432810
5703.6200000000,0.0008432810
5703.6460000000,0.0008435725
5703.6700000000,0.0008435725
5703.6960000000,0.0008438641
5703.7190000000,0.0008438641
5703.7460000000,0.0008441556
5703.7700000000,0.0008441556
5703.7960000000,0.0008444472
5703.8190000000,0.0008444472
5703.8460000000,0.0008447388
5703.8690000000,0.0008447388
5703.8960000000,0.0008450304
5703.9190000000,0.0008450304
5703.9470000000,0.0008453220
5703.9690000000,0.0008453220
5703.9970000000,0.0008456137
5704.0190000000,0.0008456137
5704.0460000000,0.0008459054
5704.0690000000,0.0008459054
5704.0960000000,0.0008461971
5704.1190000000,0.0008461971
5704.1470000000,0.0008464888
5704.1690000000,0.0008464888
5704.1970000000,0.0008467804
5704.2190000000,0.0008467804
5704.2460000000,0.0008470721
5704.2700000000,0.0008470721
5704.2960000000,0.0008473638
5704.3200000000,0.0008473638
5704.3460000000,0.0008476555
5704.3690000000,0.0008476555
5704.3970000000,0.0008479471
5704.4190000000,0.0008479471
5704.4460000000,0.0008482388
5704.4690000000,0.0008482388
5704.4960000000,0.0008485305
5704.5200000000,0.0008485305
5704.5470000000,0.0008488222
5704.5690000000,0.0008488222
5704.5960000000,0.0008491139
5704.6200000000,0.0008491139
5704.6470000000,0.0008494055
5704.6690000000,0.0008494055
5704.6960000000,0.0008496972
5704.7200000000,0.0008496972
5704.7470000000,0.0008499889
5704.7690000000,0.0008499889
5704.7960000000,0.0008502805
5704.8190000000,0.0008502805
5704.8460000000,0.0008505721
5704.8690000000,0.0008505721
5704.8960000000,0.0008508638
5704.9190000000,0.0008508638
5704.9460000000,0.0008511553
5704.9690000000,0.0008511553
5704.9960000000,0.0008514469
5705.0200000000,0.0008514469
5705.0460000000,0.0008517384
5705.0700000000,0.0008517384
5705.0960000000,0.0008520299
5705.1190000000,0.0008520299
5705.1460000000,0.0008523214
5705.1700000000,0.0008523214
5705.1960000000,0.0008526130
5705.2200000000,0.0008526130
5705.2460000000,0.0008529044
5705.2700000000,0.0008529044
5705.2960000000,0.0008531958
5705.3190000000,0.0008531958
5705.3470000000,0.0008534872
5705.3700000000,0.0008534872
5705.3970000000,0.0008537786
5705.4190000000,0.0008537786
5705.4460000000,0.0008540699
5705.4690000000,0.0008540699
5705.4960000000,0.0008543612
5705.5190000000,0.0008543612
5705.5460000000,0.0008546524
5705.5690000000,0.0008546524
5705.5970000000,0.0008549436
5705.6190000000,0.0008549436
5705.6470000000,0.0008552348
5705.6700000000,0.0008552348
5705.6960000000,0.0008555260
5705.7200000000,0.0008555260
5705.7460000000,0.0008558171
5705.7710000000,0.0008558171
5705.7960000000,0.0008561081
5705.8190000000,0.0008561081
5705.8470000000,0.0008563991
5705.8690000000,0.0008563991
5705.8960000000,0.0008566900
5705.9190000000,0.0008566900
5705.9460000000,0.0008569809
5705.9690000000,0.0008569809
5705.9970000000,0.0008572718
5706.0190000000,0.0008572718
5706.0460000000,0.0008575626
5706.0700000000,0.0008575626
5706.0960000000,0.0008578533
5706.1200000000,0.0008578533
5706.1460000000,0.0008581440
5706.1690000000,0.0008581440
5706.1960000000,0.0008584347
5706.2190000000,0.0008584347
5706.2460000000,0.0008587252
5706.2700000000,0.0008587252
5706.2960000000,0.0008590157
5706.3190000000,0.0008590157
5706.3460000000,0.0008593062
5706.3710000000,0.0008593062
5706.3960000000,0.0008595966
5706.4190000000,0.0008595966
5706.4460000000,0.0008598869
5706.4710000000,0.0008598869
5706.4960000000,0.0008601772
5706.5190000000,0.0008601772
5706.5460000000,0.0008604674
5706.5690000000,0.0008604674
5706.5960000000,0.0008607575
5706.6190000000,0.0008607575
5706.6460000000,0.0008610476
5706.6690000000,0.0008610476
5706.6970000000,0.0008613376
5706.7190000000,0.0008613376
5706.7470000000,0.0008616275
5706.7690000000,0.0008616275
5706.7960000000,0.0008619173
5706.8200000000,0.0008619173
5706.8470000000,0.0008622071
5706.8690000000,0.0008622071
5706.8960000000,0.0008624968
5706.9190000000,0.0008624968
5706.9460000000,0.0008627864
5706.9690000000,0.0008627864
5706.9960000000,0.0008630759
5707.0190000000,0.0008630759
5707.0460000000,0.0008633654
5707.0690000000,0.0008633654
5707.0960000000,0.0008636547
5707.1200000000,0.0008636547
5707.1460000000,0.0008639440
5707.1690000000,0.0008639440
5707.1960000000,0.0008642332
5707.2190000000,0.0008642332
5707.2470000000,0.0008645223
5707.2690000000,0.0008645223
5707.2960000000,0.0008648113
5707.3200000000,0.0008648113
5707.3460000000,0.0008651002
5707.3690000000,0.0008651002
5707.3970000000,0.0008653891
5707.4190000000,0.0008653891
5707.4470000000,0.0008656778
5707.4690000000,0.0008656778
5707.4960000000,0.0008659665
5707.5190000000,0.0008659665
5707.5450000000,0.0008662550
5707.5690000000,0.0008662550
5707.5970000000,0.0008665435
5707.6190000000,0.0008665435
5707.6470000000,0.0008668319
5707.6690000000,0.0008668319
5707.6960000000,0.0008671201
5707.7190000000,0.0008671201
5707.7460000000,0.0008674082
5707.7700000000,0.0008674082
5707.7970000000,0.0008676963
5707.8190000000,0.0008676963
5707.8470000000,0.0008679843
5707.8690000000,0.0008679843
5707.8960000000,0.0008682721
5707.9200000000,0.0008682721
5707.9480000000,0.0008685598
5707.9690000000,0.0008685598
5707.9960000000,0.0008688474
5708.0190000000,0.0008688474
5708.0470000000,0.0008691349
5708.0690000000,0.0008691349
5708.0970000000,0.0008694223
5708.1190000000,0.0008694223
5708.1460000000,0.0008697096
5708.1690000000,0.0008697096
5708.1980000000,0.0008699968
5708.2190000000,0.0008699968
5708.2470000000,0.0008702839
5708.2690000000,0.0008702839
5708.2970000000,0.0008705709
5708.3200000000,0.0008705709
5708.3470000000,0.0008708577
5708.3690000000,0.0008708577
5708.3960000000,0.0008711445
5708.4190000000,0.0008711445
5708.4460000000,0.0008714311
5708.4690000000,0.0008714311
5708.4960000000,0.0008717175
5708.5200000000,0.0008717175
5708.5460000000,0.0008720038
5708.5690000000,0.0008720038
5708.5970000000,0.0008722901
5708.6190000000,0.0008722901
5708.6470000000,0.0008725761
5708.6690000000,0.0008725761
5708.6960000000,0.0008728621
5708.7190000000,0.0008728621
5708.7460000000,0.0008731480
5708.7690000000,0.0008731480
5708.7960000000,0.0008734337
5708.8200000000,0.0008734337
5708.8460000000,0.0008737192
5708.8690000000,0.0008737192
5708.8980000000,0.0008740047
5708.9190000000,0.0008740047
5708.9460000000,0.0008742900
5708.9690000000,0.0008742900
5708.9960000000,0.0008745752
5709.0200000000,0.0008745752
5709.0470000000,0.0008748602
5709.0690000000,0.0008748602
5709.0970000000,0.0008751451
5709.1190000000,0.0008751451
5709.1460000000,0.0008754298
5709.1700000000,0.0008754298
5709.1960000000,0.0008757145
5709.2190000000,0.0008757145
5709.2470000000,0.0008759989
5709.2700000000,0.0008759989
5709.2970000000,0.0008762833
5709.3190000000,0.0008762833
5709.3460000000,0.0008765674
5709.3690000000,0.0008765674
5709.3970000000,0.0008768515
5709.4190000000,0.0008768515
5709.4460000000,0.0008771354
5709.4700000000,0.0008771354
5709.4960000000,0.0008774191
5709.5190000000,0.0008774191
5709.5460000000,0.0008777027
5709.5690000000,0.0008777027
5709.5960000000,0.0008779861
5709.6190000000,0.0008779861
5709.6470000000,0.0008782694
5709.6690000000,0.0008782694
5709.6970000000,0.0008785526
5709.7200000000,0.0008785526
5709.7460000000,0.0008788355
5709.7690000000,0.0008788355
5709.7970000000,0.0008791183
5709.8190000000,0.0008791183
5709.8460000000,0.0008794010
5709.8690000000,0.0008794010
5709.8960000000,0.0008796835
5709.9190000000,0.0008796835
5709.9470000000,0.0008799658
5709.9700000000,0.0008799658
5709.9960000000,0.0008802480
5710.0190000000,0.0008802480
5710.0460000000,0.0008805300
5710.0700000000,0.0008805300
5710.0960000000,0.0008808119
5710.1200000000,0.0008808119
5710.1460000000,0.0008810936
5710.1700000000,0.0008810936
5710.1960000000,0.0008813686
5710.2200000000,0.0008813686
5710.2460000000,0.0008816405
5710.2690000000,0.0008816405
5710.2970000000,0.0008819121
5710.3200000000,0.0008819376
5710.3460000000,0.0008822186
5710.3690000000,0.0008822186
5710.3960000000,0.0008824994
5710.4190000000,0.0008824994
5710.4460000000,0.0008827801
5710.4700000000,0.0008827801
5710.4970000000,0.0008830606
5710.5200000000,0.0008830606
5710.5480000000,0.0008833410
5710.5700000000,0.0008833410
5710.5960000000,0.0008836211
5710.6190000000,0.0008836211
5710.6470000000,0.0008839011
5710.6690000000,0.0008839011
5710.6960000000,0.0008841809
5710.7200000000,0.0008841809
5710.7460000000,0.0008844605
5710.7690000000,0.0008844605
5710.7970000000,0.0008847399
5710.8190000000,0.0008847399
5710.8460000000,0.0008850191
5710.8690000000,0.0008850191
5710.8960000000,0.0008852981
5710.9190000000,0.0008852981
5710.9460000000,0.0008855770
5710.9690000000,0.0008855770
5710.9970000000,0.0008858557
5711.0190000000,0.0008858557
5711.0470000000,0.0008861342
5711.0690000000,0.0008861342
5711.0960000000,0.0008864125
5711.1190000000,0.0008864125
5711.1460000000,0.0008866906
5711.1690000000,0.0008866906
5711.1960000000,0.0008869685
5711.2200000000,0.0008869685
5711.2470000000,0.0008872462
5711.2690000000,0.0008872462
5711.2960000000,0.0008875238
5711.3190000000,0.0008875238
5711.3460000000,0.0008878011
5711.3690000000,0.0008878011
5711.3960000000,0.0008880782
5711.4200000000,0.0008880782
5711.4460000000,0.0008883552
5711.4690000000,0.0008883552
5711.4960000000,0.0008886319
5711.5190000000,0.0008886319
5711.5470000000,0.0008889085
5711.5700000000,0.0008889085
5711.5970000000,0.0008891848
5711.6190000000,0.0008891848
5711.6460000000,0.0008894609
5711.6690000000,0.0008894609
5711.6960000000,0.0008897369
5711.7190000000,0.0008897369
5711.7460000000,0.0008900126
5711.7700000000,0.0008900126
5711.7970000000,0.0008902881
5711.8200000000,0.0008902881
5711.8460000000,0.0008905634
5711.8700000000,0.0008905634
5711.8960000000,0.0008908385
5711.9200000000,0.0008908385
5711.9470000000,0.0008911134
5711.9690000000,0.0008911134
5711.9960000000,0.0008913881
5712.0190000000,0.0008913881
5712.0480000000,0.0008916626
5712.0700000000,0.0008916626
5712.0960000000,0.0008919368
5712.1190000000,0.0008919368
5712.1470000000,0.0008922109
5712.1690000000,0.0008922109
5712.1970000000,0.0008924847
5712.2190000000,0.0008924847
5712.2460000000,0.0008927583
5712.2690000000,0.0008927583
5712.2960000000,0.0008930317
5712.3200000000,0.0008930317
5712.3480000000,0.0008933049
5712.3690000000,0.0008933049
5712.3970000000,0.0008935778
5712.4190000000,0.0008935778
5712.4460000000,0.0008938506
5712.4690000000,0.0008938506
5712.4960000000,0.0008941231
5712.5200000000,0.0008941231
5712.5470000000,0.0008943954
5712.5690000000,0.0008943954
5712.5970000000,0.0008946675
5712.6190000000,0.0008946675
5712.6460000000,0.0008949393
5712.6690000000,0.0008949393
5712.6960000000,0.0008952109
5712.7200000000,0.0008952109
5712.7460000000,0.0008954823
5712.7690000000,0.0008954823
5712.7960000000,0.0008957534
5712.8190000000,0.0008957534
5712.8460000000,0.0008960243
5712.8690000000,0.0008960243
5712.8960000000,0.0008962950
5712.9210000000,0.0008962950
5712.9460000000,0.0008965654
5712.9710000000,0.0008965654
5712.9960000000,0.0008968356
5713.0190000000,0.0008968356
5713.0470000000,0.0008971056
5713.0690000000,0.0008971056
5713.0970000000,0.0008973753
5713.1190000000,0.0008973753
5713.1460000000,0.0008976448
5713.1690000000,0.0008976448
5713.1960000000,0.0008979141
5713.2190000000,0.0008979141
5713.2460000000,0.0008981831
5713.2700000000,0.0008981831
5713.2960000000,0.0008984519
5713.3210000000,0.0008984519
5713.3460000000,0.0008987205
5713.3690000000,0.0008987205
5713.3970000000,0.0008989888
5713.4190000000,0.0008989888
5713.4460000000,0.0008992568
5713.4690000000,0.0008992568
5713.4960000000,0.0008995247
5713.5220000000,0.0008995247
5713.5460000000,0.0008997922
5713.5700000000,0.0008997922
5713.5960000000,0.0009000596
5713.6190000000,0.0009000596
5713.6460000000,0.0009003266
5713.6690000000,0.0009003266
5713.6960000000,0.0009005935
5713.7200000000,0.0009005935
5713.7470000000,0.0009008601
5713.7690000000,0.0009008601
5713.7960000000,0.0009011264
5713.8190000000,0.0009011264
5713.8460000000,0.0009013924
5713.8690000000,0.0009013924
5713.8960000000,0.0009016583
5713.9200000000,0.0009016583
5713.9700000000,0.0009016583
5714.0190000000,0.0009016583
5714.0690000000,0.0009016583
5714.1190000000,0.0009016583
5714.1690000000,0.0009016583
5714.2200000000,0.0009016583
5714.2690000000,0.0009016583
5714.3190000000,0.0009016583
5714.3690000000,0.0009016583
5714.4200000000,0.0009016583
5714.4690000000,0.0009016583
5714.5190000000,0.0009016583
5714.5690000000,0.0009016583
5714.6190000000,0.0009016583
5714.6690000000,0.0009016583
5714.7190000000,0.0009016583
5714.7700000000,0.0009016583
5714.8190000000,0.0009016583
5714.8690000000,0.0009016583
5714.9190000000,0.0009016583
5714.9700000000,0.0009016583
5715.0200000000,0.0009016583
5715.0690000000,0.0009016583
5715.1190000000,0.0009016583
5715.1690000000,0.0009016583
5715.2190000000,0.0009016583
5715.2690000000,0.0009016583
5715.3190000000,0.0009016583
5715.3690000000,0.0009016583
5715.4190000000,0.0009016583
5715.4690000000,0.0009016583
5715.5190000000,0.0009016583
5715.5690000000,0.0009016583
5715.6210000000,0.0009016583
5715.6690000000,0.0009016583
5715.7190000000,0.0009016583
5715.7690000000,0.0009016583
5715.8200000000,0.0009016583
5715.8700000000,0.0009016583
5715.9190000000,0.0009016583
5715.9690000000,0.0009016583
5716.0190000000,0.0009016583
5716.0700000000,0.0009016583
5716.1190000000,0.0009016583
5716.1690000000,0.0009016583
5716.2190000000,0.0009016583
5716.2690000000,0.0009016583
5716.3190000000,0.0009016583
5716.3690000000,0.0009016583
5716.4200000000,0.0009016583
5716.4690000000,0.0009016583
5716.5200000000,0.0009016583
5716.5700000000,0.0009016583
5716.6200000000,0.0009016583
5716.6690000000,0.0009016583
5716.7200000000,0.0009016583
5716.7690000000,0.0009016583
5716.8190000000,0.0009016583
5716.8690000000,0.0009016583
5716.9190000000,0.0009016583
5716.9690000000,0.0009016583
5717.0190000000,0.0009016583
5717.0690000000,0.0009016583
5717.1200000000,0.0009016583
5717.1700000000,0.0009016583
5717.2200000000,0.0009016583
5717.2690000000,0.0009016583
5717.3190000000,0.0009016583
5717.3700000000,0.0009016583
5717.4200000000,0.0009016583
5717.4690000000,0.0009016583
5717.5190000000,0.0009016583
5717.5700000000,0.0009016583
5717.6200000000,0.0009016583
5717.6690000000,0.0009016583
5717.7200000000,0.0009016583
5717.7700000000,0.0009016583
5717.8190000000,0.0009016583
5717.8690000000,0.0009016583
5717.9200000000,0.0009016583
5717.9690000000,0.0009016583
5718.0190000000,0.0009016583
5718.0690000000,0.0009016583
5718.1190000000,0.0009016583
5718.1690000000,0.0009016583
5718.2190000000,0.0009016583
5718.2700000000,0.0009016583
5718.3190000000,0.0009016583
5718.3700000000,0.0009016583
5718.4200000000,0.0009016583
5718.4690000000,0.0009016583
5718.5200000000,0.0009016583
5718.5690000000,0.0009016583
5718.6190000000,0.0009016583
5718.6690000000,0.0009016583
5718.7200000000,0.0009016583
5718.7710000000,0.0009016583
5718.8190000000,0.0009016583
5718.8690000000,0.0009016583
5718.9190000000,0.0009016583
5718.9690000000,0.0009016583
5719.0200000000,0.0009016583
5719.0690000000,0.0009016583
5719.1190000000,0.0009016583
5719.1700000000,0.0009016583
5719.2190000000,0.0009016583
5719.2700000000,0.0009016583
5719.3190000000,0.0009016583
5719.3690000000,0.0009016583
5719.4190000000,0.0009016583
5719.4690000000,0.0009016583
5719.5190000000,0.0009016583
5719.5700000000,0.0009016583
5719.6190000000,0.0009016583
5719.6690000000,0.0009016583
5719.7190000000,0.0009016583
5719.7690000000,0.0009016583
5719.8190000000,0.0009016583
5719.8690000000,0.0009016583
5719.9190000000,0.0009016583
5719.9690000000,0.0009016583
5720.0190000000,0.0009016583
5720.0690000000,0.0009016583
5720.1190000000,0.0009016583
5720.1690000000,0.0009016583
5720.2190000000,0.0009016583
5720.2690000000,0.0009016583
5720.3190000000,0.0009016583
5720.3690000000,0.0009016583
5720.4190000000,0.0009016583
5720.4710000000,0.0009016583
5720.5190000000,0.0009016583
5720.5690000000,0.0009016583
5720.6200000000,0.0009016583
5720.6690000000,0.0009016583
5720.7210000000,0.0009016583
5720.7690000000,0.0009016583
5720.8190000000,0.0009016583
5720.8690000000,0.0009016583
5720.9190000000,0.0009016583
5720.9690000000,0.0009016583
5721.0190000000,0.0009016583
5721.0690000000,0.0009016583
5721.1190000000,0.0009016583
5721.1700000000,0.0009016583
5721.2190000000,0.0009016583
5721.2700000000,0.0009016583
5721.3200000000,0.0009016583
5721.3690000000,0.0009016583
5721.4190000000,0.0009016583
5721.4700000000,0.0009016583
5721.5200000000,0.0009016583
5721.5690000000,0.0009016583
5721.6190000000,0.0009016583
5721.6690000000,0.0009016583
5721.7190000000,0.0009016583
5721.7690000000,0.0009016583
5721.8190000000,0.0009016583
5721.8700000000,0.0009016583
5721.9190000000,0.0009016583
5721.9700000000,0.0009016583
5722.0200000000,0.0009016583
5722.0690000000,0.0009016583
5722.1190000000,0.0009016583
5722.1690000000,0.0009016583
5722.2200000000,0.0009016583
5722.2700000000,0.0009016583
5722.3190000000,0.0009016583
5722.3690000000,0.0009016583
5722.4210000000,0.0009016583
5722.4690000000,0.0009016583
5722.5190000000,0.0009016583
5722.5700000000,0.0009016583
5722.6200000000,0.0009016583
5722.6690000000,0.0009016583
5722.7190000000,0.0009016583
5722.7690000000,0.0009016583
5722.8200000000,0.0009016583
5722.8690000000,0.0009016583
5722.9200000000,0.0009016583
5722.9690000000,0.0009016583
5723.0200000000,0.0009016583
5723.0710000000,0.0009016583
5723.1190000000,0.0009016583
5723.1700000000,0.0009016583
5723.2200000000,0.0009016583
5723.2690000000,0.0009016583
5723.3210000000,0.0009016583
5723.3690000000,0.0009016583
5723.4190000000,0.0009016583
5723.4700000000,0.0009016583
5723.5190000000,0.0009016583
5723.5690000000,0.0009016583
5723.6200000000,0.0009016583
5723.6690000000,0.0009016583
5723.7190000000,0.0009016583
5723.7690000000,0.0009016583
5723.8190000000,0.0009016583
5723.8700000000,0.0009016583
5723.9200000000,0.0009016583
5723.9690000000,0.0009016583
5724.0190000000,0.0009016583
5724.0690000000,0.0009016583
5724.1190000000,0.0009016583
5724.1690000000,0.0009016583
5724.2190000000,0.0009016583
5724.2690000000,0.0009016583
5724.3200000000,0.0009016583
5724.3690000000,0.0009016583
5724.4200000000,0.0009016583
5724.4690000000,0.0009016583
5724.5190000000,0.0009016583
5724.5690000000,0.0009016583
5724.6190000000,0.0009016583
5724.6690000000,0.0009016583
5724.7190000000,0.0009016583
5724.7690000000,0.0009016583
5724.8210000000,0.0009016583
5724.8690000000,0.0009016583
5724.9190000000,0.0009016583
5724.9720000000,0.0009016583
5725.0190000000,0.0009016583
5725.0690000000,0.0009016583
5725.1190000000,0.0009016583
5725.1690000000,0.0009016583
5725.2200000000,0.0009016583
5725.2690000000,0.0009016583
5725.3190000000,0.0009016583
5725.3690000000,0.0009016583
5725.4200000000,0.0009016583
5725.4700000000,0.0009016583
5725.5190000000,0.0009016583
5725.5700000000,0.0009016583
5725.6190000000,0.0009016583
5725.6690000000,0.0009016583
5725.7200000000,0.0009016583
5725.7700000000,0.0009016583
5725.8190000000,0.0009016583
5725.8690000000,0.0009016583
5725.9190000000,0.0009016583
5725.9700000000,0.0009016583
5726.0190000000,0.0009016583
5726.0690000000,0.0009016583
5726.1200000000,0.0009016583
5726.1690000000,0.0009016583
5726.2190000000,0.0009016583
5726.2690000000,0.0009016583
5726.3190000000,0.0009016583
5726.3690000000,0.0009016583
5726.4190000000,0.0009016583
5726.4690000000,0.0009016583
5726.5200000000,0.0009016583
5726.5690000000,0.0009016583
5726.6200000000,0.0009016583
5726.6690000000,0.0009016583
5726.7200000000,0.0009016583
5726.7690000000,0.0009016583
5726.8200000000,0.0009016583
5726.8690000000,0.0009016583
5726.9190000000,0.0009016583
5726.9690000000,0.0009016583
5727.0190000000,0.0009016583
5727.0690000000,0.0009016583
5727.1200000000,0.0009016583
5727.1700000000,0.0009016583
5727.2200000000,0.0009016583
5727.2700000000,0.0009016583
5727.3200000000,0.0009016583
5727.3690000000,0.0009016583
5727.4190000000,0.0009016583
5727.4710000000,0.0009016583
5727.5190000000,0.0009016583
5727.5690000000,0.0009016583
5727.6190000000,0.0009016583
5727.6690000000,0.0009016583
5727.7190000000,0.0009016583
5727.7690000000,0.0009016583
5727.8190000000,0.0009016583
5727.8700000000,0.0009016583
5727.9190000000,0.0009019470
5727.9690000000,0.0009022359
5728.0190000000,0.0009025249
5728.0690000000,0.0009028139
5728.1190000000,0.0009031031
5728.1690000000,0.0009033923
5728.2190000000,0.0009036817
5728.2690000000,0.0009039711
5728.3210000000,0.0009042606
5728.3700000000,0.0009045502
5728.4200000000,0.0009048399
5728.4700000000,0.0009051297
5728.5200000000,0.0009054195
5728.5700000000,0.0009057095
5728.6190000000,0.0009059994
5728.6700000000,0.0009062896
5728.7200000000,0.0009065797
5728.7690000000,0.0009068699
5728.8200000000,0.0009071603
5728.8700000000,0.0009074507
5728.9190000000,0.0009077411
5728.9690000000,0.0009080317
5729.0190000000,0.0009083223
5729.0690000000,0.0009086130
5729.1200000000,0.0009089037
5729.1690000000,0.0009091945
5729.2200000000,0.0009094854
5729.2690000000,0.0009097763
5729.3190000000,0.0009100673
5729.3690000000,0.0009103583
5729.4200000000,0.0009106494
5729.4690000000,0.0009109406
5729.5190000000,0.0009112318
5729.5690000000,0.0009115231
5729.6190000000,0.0009118143
5729.6690000000,0.0009121057
5729.7210000000,0.0009123971
5729.7690000000,0.0009126885
5729.8200000000,0.0009129799
5729.8700000000,0.0009132714
5729.9190000000,0.0009135630
5729.9690000000,0.0009135897
5730.0190000000,0.0009135897
5730.0690000000,0.0009144378
5730.1200000000,0.0009147295
5730.1690000000,0.0009150212
5730.2190000000,0.0009153129
5730.2690000000,0.0009156046
5730.3210000000,0.0009158964
5730.3700000000,0.0009161882
5730.4190000000,0.0009164800
5730.4690000000,0.0009167719
5730.5190000000,0.0009170637
5730.5700000000,0.0009173556
5730.6190000000,0.0009176475
5730.6690000000,0.0009179394
5730.7190000000,0.0009182313
5730.7690000000,0.0009185232
5730.8190000000,0.0009188151
5730.8690000000,0.0009191071
5730.9190000000,0.0009193990
5730.9690000000,0.0009196910
5731.0190000000,0.0009199830
5731.0690000000,0.0009202749
5731.1190000000,0.0009205669
5731.1690000000,0.0009208589
5731.2190000000,0.0009211508
5731.2690000000,0.0009214428
5731.3190000000,0.0009217347
5731.3690000000,0.0009220266
5731.4200000000,0.0009223185
5731.4690000000,0.0009226105
5731.5190000000,0.0009229024
5731.5700000000,0.0009231943
5731.6190000000,0.0009234861
5731.6700000000,0.0009237780
5731.7190000000,0.0009240698
5731.7690000000,0.0009243616
5731.8200000000,0.0009246534
5731.8690000000,0.0009249452
5731.9190000000,0.0009252369
5731.9690000000,0.0009255286
5732.0190000000,0.0009258203
5732.0700000000,0.0009261120
5732.1190000000,0.0009264036
5732.1690000000,0.0009266952
5732.2190000000,0.0009269867
5732.2710000000,0.0009272782
5732.3190000000,0.0009275698
5732.3700000000,0.0009278612
5732.4200000000,0.0009281526
5732.4690000000,0.0009284439
5732.5190000000,0.0009287352
5732.5690000000,0.0009290265
5732.6200000000,0.0009293177
5732.6690000000,0.0009296089
5732.7190000000,0.0009299000
5732.7690000000,0.0009301910
5732.8190000000,0.0009304820
5732.8690000000,0.0009307729
5732.9190000000,0.0009310638
5732.9690000000,0.0009313546
5733.0190000000,0.0009316454
5733.0690000000,0.0009319361
5733.1190000000,0.0009322267
5733.1690000000,0.0009325173
5733.2190000000,0.0009328078
5733.2730000000,0.0009330983
5733.3190000000,0.0009333887
5733.3700000000,0.0009336789
5733.4190000000,0.0009339692
5733.4690000000,0.0009342593
5733.5190000000,0.0009345494
5733.5700000000,0.0009348394
5733.6190000000,0.0009351294
5733.6690000000,0.0009354192
5733.7190000000,0.0009357090
5733.7710000000,0.0009359987
5733.8190000000,0.0009362883
5733.8690000000,0.0009365778
5733.9210000000,0.0009368672
5733.9710000000,0.0009371566
5734.0200000000,0.0009374458
5734.0690000000,0.0009377350
5734.1190000000,0.0009380240
5734.1690000000,0.0009383130
5734.2190000000,0.0009386019
5734.2690000000,0.0009388906
5734.3210000000,0.0009391793
5734.3700000000,0.0009394679
5734.4190000000,0.0009397563
5734.4690000000,0.0009400447
5734.5190000000,0.0009403329
5734.5690000000,0.0009406211
5734.6190000000,0.0009409091
5734.6700000000,0.0009411970
5734.7210000000,0.0009414849
5734.7700000000,0.0009417726
5734.8190000000,0.0009420602
5734.8690000000,0.0009423477
5734.9190000000,0.0009426351
5734.9690000000,0.0009429223
5735.0190000000,0.0009432095
5735.0690000000,0.0009434964
5735.1190000000,0.0009437833
5735.1690000000,0.0009440700
5735.2190000000,0.0009443566
5735.2700000000,0.0009446431
5735.3190000000,0.0009449295
5735.3700000000,0.0009452157
5735.4190000000,0.0009455018
5735.4690000000,0.0009457878
5735.5190000000,0.0009460736
5735.5700000000,0.0009463592
5735.6190000000,0.0009466448
5735.6690000000,0.0009469302
5735.7190000000,0.0009472155
5735.7690000000,0.0009475006
5735.8200000000,0.0009477856
5735.8690000000,0.0009480704
5735.9190000000,0.0009483551
5735.9690000000,0.0009486396
5736.0210000000,0.0009489240
5736.0690000000,0.0009492082
5736.1190000000,0.0009494923
5736.1690000000,0.0009497763
5736.2190000000,0.0009500600
5736.2690000000,0.0009503437
5736.3190000000,0.0009506271
5736.3690000000,0.0009509104
5736.4190000000,0.0009511936
5736.4690000000,0.0009514766
5736.5190000000,0.0009517594
5736.5690000000,0.0009520421
5736.6200000000,0.0009523245
5736.6700000000,0.0009526068
5736.7190000000,0.0009528890
5736.7690000000,0.0009531710
5736.8190000000,0.0009534528
5736.8690000000,0.0009537345
5736.9190000000,0.0009540160
5736.9700000000,0.0009542973
5737.0190000000,0.0009545785
5737.0690000000,0.0009548594
5737.1200000000,0.0009551402
5737.1700000000,0.0009554208
5737.2190000000,0.0009557012
5737.2700000000,0.0009559814
5737.3190000000,0.0009562614
5737.3700000000,0.0009565413
5737.4190000000,0.0009568210
5737.4700000000,0.0009571004
5737.5190000000,0.0009573797
5737.5690000000,0.0009576588
5737.6190000000,0.0009579377
5737.6690000000,0.0009582164
5737.7200000000,0.0009584950
5737.7690000000,0.0009587733
5737.8200000000,0.0009590514
5737.8690000000,0.0009593294
5737.9210000000,0.0009596071
5737.9690000000,0.0009598846
5738.0210000000,0.0009601619
5738.0690000000,0.0009604390
5738.1200000000,0.0009607159
5738.1700000000,0.0009609926
5738.2190000000,0.0009612691
5738.2690000000,0.0009615454
5738.3190000000,0.0009618215
5738.3700000000,0.0009620974
5738.4200000000,0.0009623731
5738.4690000000,0.0009626485
5738.5190000000,0.0009629238
5738.5690000000,0.0009631988
5738.6190000000,0.0009634736
5738.6700000000,0.0009637482
5738.7190000000,0.0009640226
5738.7690000000,0.0009642967
5738.8200000000,0.0009645707
5738.8690000000,0.0009648444
5738.9220000000,0.0009651178
5738.9700000000,0.0009653911
5739.0190000000,0.0009656641
5739.0700000000,0.0009659369
5739.1200000000,0.0009662095
5739.1700000000,0.0009664819
5739.2190000000,0.0009667540
5739.2690000000,0.0009670258
5739.3200000000,0.0009672974
5739.3690000000,0.0009675688
5739.4210000000,0.0009678398
5739.4700000000,0.0009681107
5739.5190000000,0.0009683812
5739.5690000000,0.0009686516
5739.6220000000,0.0009689216
5739.6690000000,0.0009691914
5739.7190000000,0.0009694609
5739.7700000000,0.0009697302
5739.8200000000,0.0009699992
5739.8690000000,0.0009702680
5739.9190000000,0.0009705365
5739.9690000000,0.0009708048
5740.0190000000,0.0009710728
5740.0690000000,0.0009713405
5740.1200000000,0.0009716080
5740.1710000000,0.0009718753
5740.2190000000,0.0009721423
5740.2690000000,0.0009724090
5740.3200000000,0.0009726755
